date,open,high,low,close,volume,adj_close
2000-01-03,91.77999877929688,93.18000030517578,88.19999694824219,88.80000305175781,615855,54.01515197753906
2000-01-04,90.80000305175781,90.80000305175781,80.4000015258789,80.4000015258789,1691700,48.905601501464844
2000-01-05,79.0,79.80000305175781,76.0,77.68000030517578,1563735,47.25108337402344
2000-01-06,77.5999984741211,77.5999984741211,74.45999908447266,76.80000305175781,1641215,46.71581268310547
2000-01-07,76.4000015258789,76.80000305175781,74.0199966430664,76.80000305175781,1360530,46.71581268310547
2000-01-10,77.5999984741211,82.68000030517578,77.58000183105469,80.04000091552734,2381515,48.68662643432617
2000-01-11,81.5999984741211,83.0,80.4000015258789,81.5999984741211,1157955,49.63555908203125
2000-01-12,81.31999969482422,86.4000015258789,81.0,85.19999694824219,1444595,51.82535171508789
2000-01-13,85.5999984741211,90.94000244140625,85.0,90.4000015258789,1356875,54.988399505615234
2000-01-14,91.19999694824219,94.55999755859375,87.83999633789062,94.0,1059010,57.17821502685547
2000-01-17,93.80000305175781,94.80000305175781,91.63999938964844,93.0,834585,56.5699348449707
2000-01-18,93.58000183105469,93.58000183105469,86.26000213623047,89.19999694824219,927620,54.258460998535156
2000-01-19,86.9000015258789,88.13999938964844,86.19999694824219,88.0,747945,53.528526306152344
2000-01-20,90.4000015258789,90.4000015258789,85.0,88.5999984741211,1666055,53.893516540527344
2000-01-21,87.4000015258789,87.80000305175781,82.73999786376953,86.5999984741211,1833120,52.67695617675781
2000-01-24,85.62000274658203,86.95999908447266,84.5,85.80000305175781,824065,52.19033432006836
2000-01-25,84.04000091552734,85.0,83.0999984741211,84.0,592380,51.095420837402344
2000-01-26,83.69999694824219,85.27999877929688,83.63999938964844,84.0,534475,51.095420837402344
2000-01-27,83.81999969482422,85.36000061035156,83.5999984741211,84.19999694824219,1080090,51.21706771850586
2000-01-28,84.19999694824219,85.19999694824219,81.94000244140625,84.4000015258789,629910,51.33873748779297
2000-01-31,82.9800033569336,83.08000183105469,81.19999694824219,82.19999694824219,773295,50.00053405761719
2000-02-01,83.19999694824219,83.19999694824219,80.4000015258789,82.19999694824219,743770,50.00053405761719
2000-02-02,83.18000030517578,85.80000305175781,81.69999694824219,85.80000305175781,1266095,52.19033432006836
2000-02-03,86.0,89.4000015258789,85.30000305175781,88.18000030517578,940870,53.638023376464844
2000-02-04,88.27999877929688,90.0,86.5,88.19999694824219,718850,53.65018081665039
2000-02-07,88.19999694824219,88.4000015258789,86.44000244140625,87.5,541500,53.224388122558594
2000-02-08,87.0,90.5,86.80000305175781,89.5999984741211,661910,54.50177001953125
2000-02-09,88.5999984741211,88.81999969482422,83.0,85.9800033569336,1074740,52.2998046875
2000-02-10,84.5999984741211,84.5999984741211,78.18000030517578,78.44000244140625,2134190,47.71339416503906
2000-02-11,80.0,81.86000061035156,78.73999786376953,81.86000061035156,1972905,49.7936897277832
2000-02-14,80.5999984741211,81.86000061035156,80.0,81.69999694824219,645765,49.696372985839844
2000-02-15,81.5999984741211,81.69999694824219,79.0,79.54000091552734,738530,48.382476806640625
2000-02-16,81.30000305175781,81.4000015258789,77.80000305175781,80.19999694824219,995870,48.78396224975586
2000-02-17,80.4000015258789,80.80000305175781,78.0199966430664,79.0,1110390,48.054039001464844
2000-02-18,79.5999984741211,79.86000061035156,72.4000015258789,75.23999786376953,1922805,45.766883850097656
2000-02-21,73.5999984741211,73.5999984741211,70.19999694824219,73.19999694824219,905375,44.52599334716797
2000-02-22,74.0,74.83999633789062,72.27999877929688,72.5,1208000,44.1002197265625
2000-02-23,72.83999633789062,73.5999984741211,72.19999694824219,72.80000305175781,1003730,44.282691955566406
2000-02-24,74.19999694824219,77.58000183105469,73.80000305175781,74.76000213623047,1268805,45.474918365478516
2000-02-25,76.4000015258789,79.19999694824219,76.0,78.73999786376953,842805,47.89585876464844
2000-02-28,77.4000015258789,78.0,74.9000015258789,77.0199966430664,1549300,46.84962463378906
2000-02-29,77.9800033569336,78.0,75.9800033569336,77.0999984741211,901905,46.898277282714844
2000-03-01,76.72000122070312,76.9000015258789,74.5999984741211,76.73999786376953,730665,46.67931365966797
2000-03-02,76.0,76.55999755859375,74.19999694824219,75.80000305175781,801500,46.10752487182617
2000-03-03,73.62000274658203,74.80000305175781,72.0,73.0,1242345,44.40434646606445
2000-03-06,72.9800033569336,73.18000030517578,70.19999694824219,71.30000305175781,1451610,43.37027359008789
2000-03-07,70.80000305175781,76.80000305175781,70.62000274658203,75.0,2170085,45.62089920043945
2000-03-08,74.16000366210938,76.80000305175781,73.16000366210938,74.33999633789062,772800,45.21943664550781
2000-03-09,78.0,78.5999984741211,75.44000244140625,76.58000183105469,2363795,46.58198928833008
2000-03-10,79.4000015258789,84.0,79.4000015258789,83.4000015258789,2945760,50.73044204711914
2000-03-13,16.68000030517578,16.68000030517578,16.68000030517578,83.4000015258789,0,50.73044204711914
2000-03-14,88.19999694824219,90.66000366210938,86.0999984741211,88.83999633789062,1332160,54.03948974609375
2000-03-15,88.0,89.19999694824219,87.0,87.0,1421165,52.920265197753906
2000-03-16,88.69999694824219,88.80000305175781,86.0,87.0999984741211,699600,52.98109436035156
2000-03-17,88.0,88.19999694824219,83.62000274658203,86.19999694824219,1152325,52.43364334106445
2000-03-20,84.0,84.94000244140625,82.5999984741211,83.18000030517578,751515,50.59662628173828
2000-03-21,82.0,82.37999725341797,80.5199966430664,81.19999694824219,845610,49.39223098754883
2000-03-22,80.22000122070312,83.73999786376953,80.04000091552734,81.80000305175781,1231170,49.757205963134766
2000-03-23,82.5999984741211,83.0,79.9000015258789,81.5,956260,49.57473373413086
2000-03-24,82.0,87.95999908447266,80.26000213623047,85.5999984741211,2506280,52.068660736083984
2000-03-27,86.80000305175781,86.86000061035156,85.04000091552734,86.19999694824219,379550,52.43364334106445
2000-03-28,85.0,88.0,84.4000015258789,86.27999877929688,742485,52.48231887817383
2000-03-29,85.37999725341797,87.58000183105469,84.4000015258789,86.44000244140625,571225,52.57963562011719
2000-03-30,84.80000305175781,85.9000015258789,83.95999908447266,84.0,613890,51.095420837402344
2000-03-31,84.0,87.44000244140625,83.19999694824219,87.44000244140625,1054950,53.18788528442383
2000-04-03,87.36000061035156,87.36000061035156,84.26000213623047,86.19999694824219,551460,52.43364334106445
2000-04-04,86.19999694824219,89.19999694824219,85.0,88.0,863865,53.528526306152344
2000-04-05,88.0,88.0,83.04000091552734,86.19999694824219,1200080,52.43364334106445
2000-04-06,87.69999694824219,87.69999694824219,84.0,86.23999786376953,659470,52.45795822143555
2000-04-07,86.0,86.54000091552734,84.0199966430664,86.4000015258789,657590,52.555274963378906
2000-04-10,86.4000015258789,87.0,85.0,85.5999984741211,578585,52.068660736083984
2000-04-11,86.41999816894531,86.77999877929688,84.19999694824219,85.76000213623047,470270,52.16598892211914
2000-04-12,87.0,87.80000305175781,84.4000015258789,86.80000305175781,404905,52.79860305786133
2000-04-13,85.4000015258789,87.19999694824219,84.44000244140625,86.5,399260,52.61613082885742
2000-04-14,17.299999237060547,17.299999237060547,17.299999237060547,86.5,0,52.61613082885742
2000-04-17,80.0,86.5999984741211,79.30000305175781,85.95999908447266,1474040,52.28763198852539
2000-04-18,85.95999908447266,86.5999984741211,83.19999694824219,86.04000091552734,1510210,52.336307525634766
2000-04-19,86.19999694824219,86.5999984741211,83.69999694824219,85.30000305175781,1046600,51.88618087768555
2000-04-20,85.76000213623047,87.80000305175781,85.0,87.80000305175781,765615,53.40686798095703
2000-04-21,17.559999465942383,17.559999465942383,17.559999465942383,87.80000305175781,0,53.40686798095703
2000-04-24,17.559999465942383,17.559999465942383,17.559999465942383,87.80000305175781,0,53.40686798095703
2000-04-25,87.0,90.87999725341797,86.5999984741211,89.69999694824219,778545,54.56260299682617
2000-04-26,89.5999984741211,96.9800033569336,89.5999984741211,95.19999694824219,1326360,57.908145904541016
2000-04-27,95.4000015258789,95.4000015258789,89.4000015258789,90.80000305175781,1381685,55.231719970703125
2000-04-28,92.80000305175781,93.80000305175781,91.0,92.31999969482422,1157110,56.15629959106445
2000-05-01,18.464000701904297,18.464000701904297,18.464000701904297,92.31999969482422,0,56.15629959106445
2000-05-02,92.9800033569336,94.80000305175781,92.4000015258789,94.16000366210938,671000,57.275535583496094
2000-05-03,94.0,94.37999725341797,90.80000305175781,91.5999984741211,753565,55.71834182739258
2000-05-04,92.80000305175781,92.80000305175781,90.0199966430664,91.91999816894531,378965,55.912967681884766
2000-05-05,92.0,92.36000061035156,88.87999725341797,91.5199966430664,751130,55.66966247558594
2000-05-08,91.91999816894531,91.9800033569336,88.58000183105469,90.4000015258789,513465,54.988399505615234
2000-05-09,18.079999923706055,18.079999923706055,18.079999923706055,90.4000015258789,0,54.988399505615234
2000-05-10,91.0,91.63999938964844,90.16000366210938,90.68000030517578,556810,55.15872573852539
2000-05-11,90.0,90.69999694824219,87.04000091552734,90.19999694824219,648610,54.86674118041992
2000-05-12,90.9800033569336,95.30000305175781,90.4000015258789,92.23999786376953,1173165,56.107635498046875
2000-05-15,92.4000015258789,94.0,91.0,91.44000244140625,604595,55.62099838256836
2000-05-16,92.4000015258789,94.94000244140625,91.5,94.58000183105469,795785,57.531002044677734
2000-05-17,94.4000015258789,95.95999908447266,93.4000015258789,94.62000274658203,822935,57.555335998535156
2000-05-18,95.4000015258789,95.4000015258789,93.0199966430664,93.86000061035156,838150,57.09303283691406
2000-05-19,93.91999816894531,93.91999816894531,89.77999877929688,90.4000015258789,1034305,54.988399505615234
2000-05-22,91.0,91.5999984741211,88.83999633789062,89.19999694824219,601975,54.258460998535156
2000-05-23,90.80000305175781,92.9800033569336,89.19999694824219,89.81999969482422,969080,54.63558578491211
2000-05-24,88.9000015258789,91.19999694824219,88.66000366210938,89.4000015258789,2354745,54.380123138427734
2000-05-25,89.0,89.55999755859375,87.19999694824219,89.4000015258789,603790,54.380123138427734
2000-05-26,89.19999694824219,89.77999877929688,88.19999694824219,89.5199966430664,519140,54.453125
2000-05-29,89.19999694824219,89.4000015258789,86.5,89.05999755859375,1412205,54.173309326171875
2000-05-30,88.5,89.58000183105469,86.80000305175781,87.95999908447266,1763665,53.504180908203125
2000-05-31,87.23999786376953,87.62000274658203,85.0999984741211,87.44000244140625,1705530,53.18788528442383
2000-06-01,86.0,88.5,86.0,87.9000015258789,471170,53.46770477294922
2000-06-02,88.5,91.19999694824219,88.08000183105469,90.5999984741211,775880,55.11005783081055
2000-06-05,90.5999984741211,91.80000305175781,89.12000274658203,90.4000015258789,660700,55.28128433227539
2000-06-06,90.19999694824219,92.4000015258789,89.41999816894531,90.0,614155,55.03668212890625
2000-06-07,90.76000213623047,91.76000213623047,89.41999816894531,90.58000183105469,406985,55.391361236572266
2000-06-08,91.0,91.0,85.72000122070312,88.0,1049450,53.81364059448242
2000-06-09,88.76000213623047,88.76000213623047,86.0,87.94000244140625,635270,53.77695083618164
2000-06-12,17.58799934387207,17.58799934387207,17.58799934387207,87.94000244140625,0,53.77695083618164
2000-06-13,87.94000244140625,89.4000015258789,86.12000274658203,87.0999984741211,784420,53.263275146484375
2000-06-14,87.5999984741211,87.5999984741211,85.76000213623047,87.12000274658203,583445,53.2755126953125
2000-06-15,87.5199966430664,88.5199966430664,86.87999725341797,86.87999725341797,471855,53.12873458862305
2000-06-16,89.80000305175781,89.80000305175781,84.0,85.9000015258789,768810,52.52944564819336
2000-06-19,17.18000030517578,17.18000030517578,17.18000030517578,85.9000015258789,0,52.52944564819336
2000-06-20,85.62000274658203,86.63999938964844,83.62000274658203,85.16000366210938,757265,52.07692337036133
2000-06-21,85.5,86.12000274658203,84.0999984741211,85.0,771355,51.979103088378906
2000-06-22,85.0,89.12000274658203,84.4000015258789,86.9800033569336,1105195,53.18988800048828
2000-06-23,87.19999694824219,89.80000305175781,86.4000015258789,89.5,1064645,54.73090744018555
2000-06-26,88.9800033569336,91.45999908447266,88.0,90.95999908447266,847065,55.62373733520508
2000-06-27,91.5999984741211,91.5999984741211,88.12000274658203,90.36000061035156,597650,55.256832122802734
2000-06-28,90.4000015258789,91.0,89.73999786376953,90.87999725341797,1127035,55.57481002807617
2000-06-29,89.19999694824219,90.5999984741211,88.91999816894531,89.19999694824219,792535,54.547454833984375
2000-06-30,89.4000015258789,89.54000091552734,85.0,86.37999725341797,1352710,52.822975158691406
2000-07-03,87.9000015258789,87.9000015258789,84.4000015258789,87.1500015258789,437375,53.29385757446289
2000-07-04,87.44999694824219,87.44999694824219,84.19999694824219,85.94999694824219,546682,52.560020446777344
2000-07-05,87.0999984741211,89.3499984741211,86.25,86.80000305175781,637997,53.0798225402832
2000-07-06,87.80000305175781,88.30000305175781,85.5,86.4000015258789,537686,52.835205078125
2000-07-07,87.0,89.80000305175781,85.05000305175781,88.19999694824219,514000,53.93593978881836
2000-07-10,86.75,91.5,86.75,87.9000015258789,477883,53.752479553222656
2000-07-11,90.94999694824219,92.0999984741211,84.05000305175781,89.69999694824219,1144134,54.85321044921875
2000-07-12,89.9000015258789,92.0,88.8499984741211,89.8499984741211,1227720,54.9449348449707
2000-07-13,90.4000015258789,90.4000015258789,87.0,89.80000305175781,809408,54.91436004638672
2000-07-14,89.80000305175781,89.80000305175781,89.80000305175781,89.80000305175781,0,54.91436004638672
2000-07-17,91.0,92.25,90.19999694824219,91.0,696073,55.6482048034668
2000-07-18,91.5,91.5,88.9000015258789,89.69999694824219,542775,54.85321044921875
2000-07-19,91.0,91.0,86.8499984741211,88.75,469413,54.27227020263672
2000-07-20,88.75,91.75,88.0,91.5999984741211,699355,56.01510238647461
2000-07-21,91.5999984741211,91.5999984741211,89.25,91.0,705813,55.6482048034668
2000-07-24,90.4000015258789,91.5,89.55000305175781,91.5,1078754,55.953948974609375
2000-07-25,91.5,93.0,89.55000305175781,92.0,520900,56.25971603393555
2000-07-26,92.9000015258789,94.6500015258789,91.6500015258789,91.80000305175781,829236,56.13742446899414
2000-07-27,93.9000015258789,94.8499984741211,92.6500015258789,94.8499984741211,1399329,58.00251770019531
2000-07-28,94.0,94.80000305175781,91.9000015258789,92.3499984741211,377483,56.47373580932617
2000-07-31,92.25,95.0,90.0,93.8499984741211,699926,57.39103317260742
2000-08-01,93.0999984741211,95.75,93.0999984741211,94.80000305175781,731861,57.971946716308594
2000-08-02,94.80000305175781,98.5999984741211,93.05000305175781,96.0,749075,58.70577621459961
2000-08-03,95.4000015258789,98.69999694824219,93.0999984741211,93.5999984741211,713741,57.2381591796875
2000-08-04,94.80000305175781,95.0,92.0,92.94999694824219,521352,56.84064483642578
2000-08-07,92.6500015258789,95.80000305175781,92.5,94.5999984741211,458233,57.84966278076172
2000-08-08,94.05000305175781,96.5,94.0,96.5,406949,59.01153564453125
2000-08-09,96.75,97.0,94.5,96.19999694824219,470812,58.82809066772461
2000-08-10,96.0,96.44999694824219,94.19999694824219,96.44999694824219,481714,58.98097229003906
2000-08-11,96.19999694824219,97.9000015258789,94.5999984741211,95.55000305175781,530194,58.43058776855469
2000-08-14,97.0,97.0,94.19999694824219,95.69999694824219,379466,58.522342681884766
2000-08-15,95.94999694824219,96.4000015258789,94.19999694824219,95.19999694824219,198688,58.21657180786133
2000-08-16,96.19999694824219,97.80000305175781,95.5,96.0999984741211,394449,58.76694107055664
2000-08-17,95.19999694824219,96.0,91.0,94.5,1469671,57.78849411010742
2000-08-18,93.75,94.5,90.19999694824219,92.5999984741211,966279,56.626617431640625
2000-08-21,91.5,92.3499984741211,88.30000305175781,89.75,745363,54.8837890625
2000-08-22,90.75,90.75,89.1500015258789,89.5999984741211,745949,54.792057037353516
2000-08-23,90.0999984741211,90.25,87.5999984741211,90.0,817382,55.03668212890625
2000-08-24,90.0,90.3499984741211,88.0999984741211,89.5,919766,54.73090744018555
2000-08-25,88.9000015258789,91.9000015258789,88.5,91.44999694824219,677500,55.923370361328125
2000-08-28,91.5,92.0,89.6500015258789,90.6500015258789,596654,55.43417739868164
2000-08-29,90.5,90.8499984741211,88.3499984741211,90.19999694824219,810791,55.15896224975586
2000-08-30,89.5,90.5,86.80000305175781,88.4000015258789,1707288,54.0582275390625
2000-08-31,87.4000015258789,88.6500015258789,85.5999984741211,87.4000015258789,1208678,53.446712493896484
2000-09-01,87.4000015258789,90.4000015258789,87.4000015258789,90.19999694824219,767519,55.15896224975586
2000-09-04,89.80000305175781,92.30000305175781,88.25,89.30000305175781,672664,54.608612060546875
2000-09-05,89.19999694824219,90.9000015258789,87.19999694824219,90.75,652760,55.49528884887695
2000-09-06,90.80000305175781,91.4000015258789,88.05000305175781,88.05000305175781,488289,53.844207763671875
2000-09-07,88.05000305175781,89.5,87.55000305175781,89.1500015258789,615100,54.516868591308594
2000-09-08,88.25,90.0,86.0999984741211,87.0,721029,53.20213317871094
2000-09-11,88.5,88.5,85.5999984741211,86.0,649302,52.590599060058594
2000-09-12,86.9000015258789,89.69999694824219,85.19999694824219,89.4000015258789,787780,54.66975021362305
2000-09-13,89.5,89.9000015258789,87.30000305175781,88.0,671524,53.81364059448242
2000-09-14,89.0,90.5,88.0,89.0,1437777,54.42515563964844
2000-09-15,89.0,89.25,86.05000305175781,86.05000305175781,2993663,52.621185302734375
2000-09-18,86.0999984741211,86.30000305175781,82.6500015258789,84.0,1404461,51.36757278442383
2000-09-19,84.0,86.19999694824219,83.5,85.4000015258789,714706,52.223690032958984
2000-09-20,86.4000015258789,86.4000015258789,84.5,86.0,525061,52.590599060058594
2000-09-21,85.94999694824219,87.1500015258789,83.5,84.0,1044300,51.36757278442383
2000-09-22,83.0999984741211,84.80000305175781,81.19999694824219,84.55000305175781,1200714,51.70391082763672
2000-09-25,86.0,86.0,82.05000305175781,83.4000015258789,731074,51.00063705444336
2000-09-26,82.9000015258789,84.0,81.80000305175781,83.1500015258789,753768,50.84777069091797
2000-09-27,83.0,85.4000015258789,82.19999694824219,85.0999984741211,713262,52.040245056152344
2000-09-28,87.19999694824219,87.19999694824219,83.44999694824219,85.30000305175781,639421,52.16254425048828
2000-09-29,84.30000305175781,88.19999694824219,84.30000305175781,85.55000305175781,1126092,52.31542205810547
2000-10-02,83.5999984741211,87.80000305175781,83.55000305175781,85.55000305175781,601445,52.31542205810547
2000-10-03,84.5999984741211,87.9000015258789,84.5999984741211,86.30000305175781,604142,52.7740592956543
2000-10-04,85.5999984741211,87.5,84.69999694824219,85.0999984741211,901531,52.040245056152344
2000-10-05,84.6500015258789,86.5,84.1500015258789,85.1500015258789,570193,52.07082748413086
2000-10-06,85.19999694824219,85.9000015258789,82.5999984741211,84.1500015258789,535085,51.45930862426758
2000-10-09,84.4000015258789,84.44999694824219,80.0,81.0999984741211,898027,49.594154357910156
2000-10-10,81.0999984741211,83.5999984741211,80.69999694824219,83.4000015258789,520290,51.00063705444336
2000-10-11,82.0999984741211,83.0,81.0,82.19999694824219,728206,50.266845703125
2000-10-12,83.8499984741211,85.0999984741211,81.55000305175781,83.30000305175781,925886,50.93947219848633
2000-10-13,81.0,81.9000015258789,78.25,81.5,1844510,49.83877944946289
2000-10-16,83.5,83.5,79.0999984741211,81.5999984741211,743761,49.89992141723633
2000-10-17,82.4000015258789,83.9000015258789,80.05000305175781,80.3499984741211,1592899,49.13552474975586
2000-10-18,79.80000305175781,80.0999984741211,78.0,79.0,1082149,48.309993743896484
2000-10-19,80.0,80.9000015258789,78.5999984741211,80.4000015258789,649455,49.166080474853516
2000-10-20,81.5,81.75,79.5,81.4000015258789,1448139,49.77762222290039
2000-10-23,81.69999694824219,81.9000015258789,80.5,81.19999694824219,270105,49.65530014038086
2000-10-24,81.19999694824219,85.0,81.0,83.80000305175781,978928,51.24525451660156
2000-10-25,84.5,85.25,80.5,83.05000305175781,506017,50.78662872314453
2000-10-26,81.5,84.0999984741211,81.5,83.25,396233,50.90894317626953
2000-10-27,84.0,87.5,83.0999984741211,84.44999694824219,1124909,51.642723083496094
2000-10-30,83.05000305175781,86.05000305175781,83.05000305175781,84.9000015258789,262075,51.91791915893555
2000-10-31,85.80000305175781,86.9000015258789,85.30000305175781,86.0,737428,52.590599060058594
2000-11-01,87.0,87.5999984741211,85.44999694824219,86.5999984741211,278046,52.95751953125
2000-11-02,87.5999984741211,88.0,85.05000305175781,85.3499984741211,546557,52.193115234375
2000-11-03,87.0,87.0,85.1500015258789,86.5,776987,52.8963737487793
2000-11-06,88.0,88.0,86.5999984741211,87.05000305175781,439290,53.23270797729492
2000-11-07,87.9000015258789,88.0,85.0,85.80000305175781,464330,52.46831512451172
2000-11-08,86.80000305175781,86.9000015258789,85.0,86.0,464975,52.590599060058594
2000-11-09,86.0,86.30000305175781,84.19999694824219,85.19999694824219,490941,52.10138702392578
2000-11-10,84.8499984741211,85.94999694824219,83.30000305175781,83.5999984741211,961412,51.12295150756836
2000-11-13,84.4000015258789,84.4000015258789,79.19999694824219,80.5,1096628,49.227237701416016
2000-11-14,80.80000305175781,82.0999984741211,79.0999984741211,81.3499984741211,1061892,49.74705123901367
2000-11-15,80.3499984741211,82.5,80.25,82.0,905296,50.144527435302734
2000-11-16,83.0,83.9000015258789,81.5,81.5,697629,49.83877944946289
2000-11-17,82.0,82.9000015258789,80.25,80.5,540267,49.227237701416016
2000-11-20,80.75,81.9000015258789,79.1500015258789,79.1500015258789,501208,48.401695251464844
2000-11-21,80.69999694824219,82.19999694824219,79.5,81.0,695039,49.532997131347656
2000-11-22,80.0999984741211,82.3499984741211,79.5,80.5,1534069,49.227237701416016
2000-11-23,80.5,81.0999984741211,76.69999694824219,78.1500015258789,914173,47.79016876220703
2000-11-24,79.0,80.80000305175781,77.9000015258789,79.0,805472,48.309993743896484
2000-11-27,80.80000305175781,81.75,79.5999984741211,81.0,856474,49.532997131347656
2000-11-28,81.6500015258789,82.44999694824219,78.9000015258789,80.0999984741211,672665,48.9826545715332
2000-11-29,80.19999694824219,80.80000305175781,78.69999694824219,79.5,697760,48.61573028564453
2000-11-30,79.5,79.5,74.55000305175781,76.0,2378376,46.47542190551758
2000-12-01,76.0,76.69999694824219,72.6500015258789,73.0,1132796,44.770450592041016
2000-12-04,72.94999694824219,73.0,69.1500015258789,70.8499984741211,1193111,43.451866149902344
2000-12-05,71.9000015258789,72.4000015258789,68.8499984741211,72.0,1652098,44.15715026855469
2000-12-06,72.05000305175781,75.5999984741211,72.05000305175781,72.5999984741211,1325721,44.52513885498047
2000-12-07,73.5999984741211,74.30000305175781,70.9000015258789,72.19999694824219,891765,44.279808044433594
2000-12-08,71.5,75.94999694824219,71.5,73.5,951167,45.077110290527344
2000-12-11,75.25,77.19999694824219,74.75,76.5999984741211,882450,46.978302001953125
2000-12-12,76.69999694824219,77.1500015258789,75.30000305175781,77.0,759855,47.223636627197266
2000-12-13,76.9000015258789,77.75,73.9000015258789,74.0999984741211,686304,45.44508361816406
2000-12-14,74.9000015258789,74.9000015258789,71.8499984741211,72.55000305175781,1288066,44.49449157714844
2000-12-15,72.5,74.05000305175781,69.8499984741211,69.8499984741211,997826,42.83857727050781
2000-12-18,70.05000305175781,73.8499984741211,70.05000305175781,73.25,1048281,44.923789978027344
2000-12-19,72.3499984741211,74.94999694824219,71.80000305175781,74.0,949390,45.38374328613281
2000-12-20,73.69999694824219,73.69999694824219,69.0999984741211,69.0999984741211,1274013,42.37861633300781
2000-12-21,69.80000305175781,70.30000305175781,66.5,67.30000305175781,1272386,41.27467727661133
2000-12-22,68.80000305175781,69.80000305175781,67.5,67.5,1014776,41.3973388671875
2000-12-25,67.5,67.5,67.5,67.5,0,41.3973388671875
2000-12-26,67.5,67.5,67.5,67.5,0,41.3973388671875
2000-12-27,68.19999694824219,71.44999694824219,68.0999984741211,71.44999694824219,523963,43.819862365722656
2000-12-28,72.0,72.44999694824219,70.5,71.0999984741211,445741,43.60519027709961
2000-12-29,72.80000305175781,72.80000305175781,68.9000015258789,70.5,512733,43.237213134765625
2001-01-01,70.5,70.5,70.5,70.5,0,43.237213134765625
2001-01-02,72.30000305175781,72.30000305175781,69.19999694824219,69.5999984741211,472099,42.68524932861328
2001-01-03,69.0,69.0,65.19999694824219,68.5,1019383,42.01063537597656
2001-01-04,70.0999984741211,71.4000015258789,68.19999694824219,68.5,1362660,42.01063537597656
2001-01-05,69.80000305175781,70.5,66.05000305175781,66.05000305175781,838893,40.50807189941406
2001-01-08,67.19999694824219,67.30000305175781,63.25,65.0,913528,39.86410903930664
2001-01-09,65.5,65.8499984741211,63.20000076293945,64.6500015258789,1526156,39.649452209472656
2001-01-10,65.0,65.0,62.29999923706055,62.75,1084706,38.48419952392578
2001-01-11,63.54999923706055,64.4000015258789,61.70000076293945,64.0999984741211,1420915,39.3121337890625
2001-01-12,64.94999694824219,68.0,64.80000305175781,67.5,1724805,41.3973388671875
2001-01-15,67.94999694824219,69.0,66.19999694824219,67.6500015258789,754977,41.48934555053711
2001-01-16,68.4000015258789,69.0,66.0999984741211,68.25,1143811,41.85731506347656
2001-01-17,69.0,72.80000305175781,68.5,71.8499984741211,1801321,44.06517028808594
2001-01-18,72.9000015258789,73.9000015258789,71.69999694824219,72.30000305175781,1532778,44.34115219116211
2001-01-19,72.30000305175781,75.5,72.30000305175781,72.5,1688338,44.463809967041016
2001-01-22,74.0,74.19999694824219,71.0,71.69999694824219,829830,43.97315979003906
2001-01-23,72.19999694824219,72.9000015258789,70.9000015258789,72.9000015258789,937929,44.70912551879883
2001-01-24,72.9000015258789,72.9000015258789,72.9000015258789,72.9000015258789,0,44.70912551879883
2001-01-25,70.0,71.5,69.0,71.5,2326467,43.85050582885742
2001-01-26,71.5,71.5,71.5,71.5,0,43.85050582885742
2001-01-29,70.5,71.5999984741211,69.19999694824219,71.5999984741211,1303961,43.9118537902832
2001-01-30,70.5,72.30000305175781,70.19999694824219,71.44999694824219,742292,43.819862365722656
2001-01-31,71.55000305175781,71.80000305175781,69.5999984741211,70.30000305175781,705245,43.11454772949219
2001-02-01,71.0,71.30000305175781,68.0,70.0,1401731,42.93058395385742
2001-02-02,70.9000015258789,70.9000015258789,68.0999984741211,68.30000305175781,750583,41.88798904418945
2001-02-05,68.55000305175781,69.4000015258789,67.25,68.30000305175781,746872,41.88798904418945
2001-02-06,68.0,68.6500015258789,67.0999984741211,68.19999694824219,863774,41.8266487121582
2001-02-07,68.19999694824219,68.94999694824219,67.5999984741211,68.25,853239,41.85731506347656
2001-02-08,69.0,69.0,66.80000305175781,67.69999694824219,628239,41.519996643066406
2001-02-09,67.69999694824219,68.0,66.5999984741211,66.8499984741211,438895,40.998695373535156
2001-02-12,66.80000305175781,67.94999694824219,66.30000305175781,67.75,678765,41.550662994384766
2001-02-13,67.0999984741211,68.5999984741211,67.05000305175781,67.30000305175781,779892,41.27467727661133
2001-02-14,67.9000015258789,68.1500015258789,66.25,66.30000305175781,483903,40.66139221191406
2001-02-15,67.4000015258789,69.8499984741211,66.6500015258789,69.8499984741211,752696,42.83857727050781
2001-02-16,69.55000305175781,70.0,67.0,67.0,853885,41.0906867980957
2001-02-19,67.30000305175781,68.80000305175781,67.30000305175781,68.0,405359,41.7039909362793
2001-02-20,68.3499984741211,69.30000305175781,66.30000305175781,67.19999694824219,618890,41.213356018066406
2001-02-21,66.69999694824219,67.80000305175781,66.0,66.3499984741211,635561,40.69206619262695
2001-02-22,66.3499984741211,67.69999694824219,66.0,66.3499984741211,706954,40.69206619262695
2001-02-23,66.5,67.69999694824219,65.55000305175781,65.55000305175781,904946,40.201412200927734
2001-02-26,66.5,67.3499984741211,65.5,67.3499984741211,3244667,41.305355072021484
2001-02-27,67.9000015258789,69.5,67.0,68.0,1142887,41.7039909362793
2001-02-28,67.6500015258789,68.75,66.3499984741211,66.75,872252,40.937374114990234
2001-03-01,66.05000305175781,66.6500015258789,64.0999984741211,65.0999984741211,1075920,39.9254264831543
2001-03-02,65.69999694824219,65.69999694824219,63.150001525878906,64.05000305175781,640382,39.28148651123047
2001-03-05,64.5999984741211,64.69999694824219,62.75,63.5,772767,38.94416046142578
2001-03-06,63.400001525878906,64.30000305175781,62.54999923706055,64.19999694824219,1503094,39.37346649169922
2001-03-07,61.900001525878906,64.4000015258789,60.75,63.20000076293945,2363582,38.76018142700195
2001-03-08,63.400001525878906,64.69999694824219,62.900001525878906,64.0999984741211,1772157,39.3121337890625
2001-03-09,63.599998474121094,64.55000305175781,61.849998474121094,61.849998474121094,791266,37.932220458984375
2001-03-12,61.5,61.849998474121094,57.900001525878906,58.5,1406505,35.87769317626953
2001-03-13,57.54999923706055,57.900001525878906,56.0,57.5,1254974,35.264404296875
2001-03-14,57.5,57.5,57.5,57.5,0,35.264404296875
2001-03-15,56.5,57.400001525878906,54.20000076293945,55.70000076293945,1620622,34.16047668457031
2001-03-16,56.5,56.900001525878906,55.54999923706055,55.54999923706055,1230823,34.068477630615234
2001-03-19,55.849998474121094,56.849998474121094,53.599998474121094,53.599998474121094,1077556,32.872554779052734
2001-03-20,54.25,57.0,54.25,56.650001525878906,1667219,34.74311065673828
2001-03-21,55.70000076293945,56.900001525878906,54.75,55.5,1385194,34.037811279296875
2001-03-22,55.0,55.5,52.0,52.70000076293945,1361445,32.32059097290039
2001-03-23,53.70000076293945,54.400001525878906,52.79999923706055,53.75,1811070,32.96454620361328
2001-03-26,54.0,57.29999923706055,53.04999923706055,56.29999923706055,2223292,34.528438568115234
2001-03-27,57.0,59.599998474121094,56.20000076293945,59.400001525878906,1596730,36.429656982421875
2001-03-28,59.599998474121094,60.900001525878906,57.75,57.900001525878906,1244694,35.50971984863281
2001-03-29,57.45000076293945,58.79999923706055,55.29999923706055,58.0,1108833,35.57103729248047
2001-03-30,57.900001525878906,59.20000076293945,56.54999923706055,57.0,1271838,34.9577522277832
2001-04-02,57.900001525878906,58.0,55.75,57.75,613906,35.41773223876953
2001-04-03,57.79999923706055,57.79999923706055,54.54999923706055,55.04999923706055,873339,33.761837005615234
2001-04-04,54.0,56.400001525878906,52.29999923706055,56.0,1249023,34.34446716308594
2001-04-05,56.79999923706055,58.099998474121094,56.0,56.900001525878906,1132171,34.89643096923828
2001-04-06,58.849998474121094,58.900001525878906,57.099998474121094,57.400001525878906,783756,35.20307540893555
2001-04-09,57.900001525878906,59.75,57.5,59.0,735933,36.1843376159668
2001-04-10,59.79999923706055,61.0,58.79999923706055,60.849998474121094,797745,37.318939208984375
2001-04-11,61.099998474121094,61.150001525878906,59.099998474121094,60.650001525878906,1101337,37.1962776184082
2001-04-12,60.5,61.150001525878906,58.900001525878906,59.349998474121094,824345,36.39900207519531
2001-04-13,59.349998474121094,59.349998474121094,59.349998474121094,59.349998474121094,0,36.39900207519531
2001-04-16,59.349998474121094,59.349998474121094,59.349998474121094,59.349998474121094,0,36.39900207519531
2001-04-17,58.25,59.349998474121094,56.54999923706055,59.20000076293945,684410,36.3069953918457
2001-04-18,59.75,63.150001525878906,59.45000076293945,63.0,1480578,38.63751983642578
2001-04-19,63.0,63.45000076293945,62.0,62.0,1341309,38.02421951293945
2001-04-20,62.79999923706055,63.5,60.5,60.95000076293945,686903,37.38026809692383
2001-04-23,61.79999923706055,62.29999923706055,60.45000076293945,60.5,733877,37.104286193847656
2001-04-24,60.599998474121094,62.400001525878906,60.54999923706055,61.5,1352041,37.71757888793945
2001-04-25,62.5,62.79999923706055,61.5,62.150001525878906,1259380,38.1162109375
2001-04-26,63.0,65.4000015258789,62.75,65.0,1771932,39.86410903930664
2001-04-27,64.8499984741211,68.1500015258789,64.30000305175781,68.1500015258789,2179669,41.795982360839844
2001-04-30,68.4000015258789,69.9000015258789,68.1500015258789,69.5999984741211,1766594,42.68524932861328
2001-05-01,69.5999984741211,69.5999984741211,69.5999984741211,69.5999984741211,0,42.68524932861328
2001-05-02,70.0,70.5,67.9000015258789,68.55000305175781,1354846,42.04129409790039
2001-05-03,69.0,69.19999694824219,66.0999984741211,66.4000015258789,1426197,40.72271728515625
2001-05-04,66.8499984741211,67.55000305175781,65.5999984741211,67.55000305175781,1444514,41.428001403808594
2001-05-07,67.55000305175781,67.55000305175781,67.55000305175781,67.55000305175781,0,41.428001403808594
2001-05-08,68.75,69.5,68.0999984741211,68.44999694824219,1105556,41.979957580566406
2001-05-09,68.0,68.5,66.19999694824219,68.19999694824219,956300,41.8266487121582
2001-05-10,66.8499984741211,70.5999984741211,66.8499984741211,70.5999984741211,1792777,43.298545837402344
2001-05-11,70.5999984741211,70.5999984741211,70.5999984741211,70.5999984741211,0,43.298545837402344
2001-05-14,68.5,69.4000015258789,64.44999694824219,64.9000015258789,1809040,39.80278015136719
2001-05-15,64.5999984741211,65.5,63.45000076293945,64.5,2101884,39.557464599609375
2001-05-16,64.30000305175781,64.5,61.95000076293945,63.900001525878906,2054887,39.18948745727539
2001-05-17,65.94999694824219,67.0,65.25,65.9000015258789,1333526,40.416072845458984
2001-05-18,65.5999984741211,67.75,65.5999984741211,67.0,1237904,41.0906867980957
2001-05-21,67.75,67.75,66.3499984741211,67.05000305175781,848109,41.12135696411133
2001-05-22,67.9000015258789,69.9000015258789,67.30000305175781,69.9000015258789,1861975,42.86924743652344
2001-05-23,69.69999694824219,70.25,68.55000305175781,68.55000305175781,916408,42.04129409790039
2001-05-24,68.6500015258789,69.9000015258789,68.19999694824219,68.55000305175781,387135,42.04129409790039
2001-05-25,68.69999694824219,69.0,67.0999984741211,67.80000305175781,641186,41.581336975097656
2001-05-28,68.0,69.0,67.0,68.25,642321,41.85731506347656
2001-05-29,68.0999984741211,69.30000305175781,66.80000305175781,67.25,1474932,41.2440185546875
2001-05-30,67.25,68.1500015258789,67.1500015258789,67.30000305175781,3187327,41.27467727661133
2001-05-31,66.5999984741211,67.25,66.0,67.0,1677844,41.0906867980957
2001-06-01,67.30000305175781,67.30000305175781,65.5999984741211,65.94999694824219,1023947,40.44673538208008
2001-06-04,65.94999694824219,65.94999694824219,65.94999694824219,65.94999694824219,0,40.44673538208008
2001-06-05,65.19999694824219,67.6500015258789,65.19999694824219,66.69999694824219,872358,41.23810577392578
2001-06-06,67.0,67.5,66.4000015258789,66.5,2101330,41.114463806152344
2001-06-07,66.0,66.19999694824219,64.5999984741211,65.55000305175781,1125438,40.52710723876953
2001-06-08,65.5999984741211,67.5999984741211,65.55000305175781,65.5999984741211,747944,40.55802536010742
2001-06-11,65.9000015258789,66.44999694824219,65.25,65.8499984741211,1023542,40.712581634521484
2001-06-12,65.30000305175781,65.75,63.79999923706055,64.1500015258789,848294,39.66154479980469
2001-06-13,64.5999984741211,65.5999984741211,63.95000076293945,65.05000305175781,1303917,40.21798324584961
2001-06-14,65.0,66.0,63.599998474121094,63.599998474121094,1058677,39.321502685546875
2001-06-15,63.79999923706055,64.30000305175781,61.900001525878906,61.900001525878906,1462119,38.27046585083008
2001-06-18,62.29999923706055,63.20000076293945,61.0,61.0,652147,37.714012145996094
2001-06-19,59.5,62.599998474121094,58.29999923706055,61.349998474121094,2017040,37.93041229248047
2001-06-20,61.349998474121094,61.900001525878906,59.650001525878906,59.95000076293945,1162969,37.064842224121094
2001-06-21,61.20000076293945,61.54999923706055,59.099998474121094,59.20000076293945,1110132,36.60113525390625
2001-06-22,59.900001525878906,59.900001525878906,58.099998474121094,59.900001525878906,957549,37.03391647338867
2001-06-25,60.150001525878906,60.75,59.150001525878906,59.95000076293945,995129,37.064842224121094
2001-06-26,60.400001525878906,60.400001525878906,58.150001525878906,58.95000076293945,1399159,36.446571350097656
2001-06-27,59.650001525878906,60.79999923706055,58.75,59.70000076293945,1028209,36.91026306152344
2001-06-28,60.25,60.25,57.900001525878906,60.0,1472834,37.09575271606445
2001-06-29,60.04999923706055,60.20000076293945,58.5,59.5,1285865,36.78662109375
2001-07-02,59.25,59.45000076293945,58.0,59.0,1260246,36.47748947143555
2001-07-03,59.0,59.900001525878906,58.5,59.0,975638,36.47748947143555
2001-07-04,59.20000076293945,59.599998474121094,55.349998474121094,56.0,1849288,34.62270736694336
2001-07-05,56.0,56.79999923706055,54.900001525878906,56.45000076293945,1517652,34.90092849731445
2001-07-06,55.099998474121094,55.79999923706055,53.0,53.0,1858215,32.76791763305664
2001-07-09,55.0,57.099998474121094,53.25,57.0,2155574,35.240970611572266
2001-07-10,57.900001525878906,57.900001525878906,55.349998474121094,55.599998474121094,1820801,34.375396728515625
2001-07-11,54.79999923706055,56.400001525878906,54.79999923706055,55.70000076293945,1153445,34.437232971191406
2001-07-12,56.75,57.79999923706055,56.0,57.099998474121094,1380254,35.30280303955078
2001-07-13,58.0,58.45000076293945,55.900001525878906,57.79999923706055,915498,35.735565185546875
2001-07-16,57.849998474121094,58.45000076293945,56.79999923706055,58.150001525878906,655499,35.951969146728516
2001-07-17,57.20000076293945,57.79999923706055,56.5,57.400001525878906,880531,35.48827362060547
2001-07-18,57.25,57.5,55.5,56.45000076293945,1256971,34.90092849731445
2001-07-19,56.0,57.79999923706055,55.54999923706055,57.599998474121094,890913,35.611915588378906
2001-07-20,57.5,57.599998474121094,56.099998474121094,57.20000076293945,601416,35.36461639404297
2001-07-23,56.400001525878906,58.150001525878906,56.099998474121094,57.099998474121094,723139,35.30280303955078
2001-07-24,56.900001525878906,57.900001525878906,56.20000076293945,56.20000076293945,589302,34.74634552001953
2001-07-25,56.900001525878906,57.45000076293945,55.5,55.79999923706055,599574,34.499046325683594
2001-07-26,56.70000076293945,56.79999923706055,55.5,56.5,1575979,34.93183898925781
2001-07-27,56.79999923706055,57.79999923706055,56.150001525878906,57.29999923706055,1653480,35.42644500732422
2001-07-30,58.0,60.400001525878906,57.599998474121094,60.150001525878906,1435560,37.18849563598633
2001-07-31,59.900001525878906,61.0,58.900001525878906,60.5,1008213,37.404884338378906
2001-08-01,59.79999923706055,60.04999923706055,58.150001525878906,58.400001525878906,882381,36.106536865234375
2001-08-02,58.45000076293945,60.29999923706055,58.150001525878906,59.099998474121094,1324753,36.539310455322266
2001-08-03,59.099998474121094,59.650001525878906,58.099998474121094,58.099998474121094,802935,35.92104721069336
2001-08-06,58.0,59.5,58.0,58.5,733299,36.168357849121094
2001-08-07,58.70000076293945,59.150001525878906,57.5,58.95000076293945,491556,36.446571350097656
2001-08-08,59.0,59.0,57.5,57.5,436637,35.55010223388672
2001-08-09,57.150001525878906,57.150001525878906,55.849998474121094,56.099998474121094,1018636,34.68452453613281
2001-08-10,56.20000076293945,57.0,55.150001525878906,55.650001525878906,611247,34.406314849853516
2001-08-13,56.0,56.70000076293945,55.349998474121094,56.04999923706055,633881,34.65361404418945
2001-08-14,56.5,57.95000076293945,56.5,57.25,550718,35.395538330078125
2001-08-15,56.849998474121094,57.70000076293945,56.650001525878906,56.79999923706055,311118,35.1173095703125
2001-08-16,56.45000076293945,56.79999923706055,55.29999923706055,55.650001525878906,578625,34.406314849853516
2001-08-17,56.04999923706055,56.400001525878906,54.5,55.0,685333,34.00442886352539
2001-08-20,54.900001525878906,55.54999923706055,53.79999923706055,55.150001525878906,677011,34.0971794128418
2001-08-21,55.45000076293945,55.900001525878906,54.75,55.099998474121094,583268,34.06626510620117
2001-08-22,54.349998474121094,56.95000076293945,54.0,55.75,964167,34.468135833740234
2001-08-23,55.900001525878906,56.45000076293945,55.20000076293945,55.70000076293945,536864,34.437232971191406
2001-08-24,56.150001525878906,58.25,56.099998474121094,57.54999923706055,1061330,35.58101272583008
2001-08-27,57.099998474121094,58.95000076293945,57.099998474121094,57.20000076293945,481599,35.36461639404297
2001-08-28,57.04999923706055,58.900001525878906,56.04999923706055,56.04999923706055,1378267,34.65361404418945
2001-08-29,56.04999923706055,57.0,55.150001525878906,56.70000076293945,4794715,35.055484771728516
2001-08-30,56.29999923706055,56.849998474121094,54.20000076293945,54.20000076293945,1234141,33.50983428955078
2001-08-31,54.20000076293945,54.900001525878906,53.25,53.45000076293945,943191,33.04613494873047
2001-09-03,53.349998474121094,53.400001525878906,52.349998474121094,52.599998474121094,1113105,32.520599365234375
2001-09-04,53.04999923706055,54.29999923706055,52.70000076293945,54.0,985983,33.38618850708008
2001-09-05,54.0,54.599998474121094,52.5,52.650001525878906,1295646,32.551517486572266
2001-09-06,53.0,53.25,49.29999923706055,50.849998474121094,1635445,31.438640594482422
2001-09-07,50.75,51.5,47.29999923706055,49.150001525878906,2301348,30.387596130371094
2001-09-10,48.56999969482422,49.869998931884766,46.79999923706055,49.189998626708984,2061230,30.412342071533203
2001-09-11,50.20000076293945,51.599998474121094,44.29999923706055,45.34000015258789,3074930,28.03203582763672
2001-09-12,41.5,44.599998474121094,38.72999954223633,43.08000183105469,3988783,26.63475227355957
2001-09-13,41.79999923706055,43.08000183105469,38.400001525878906,40.810001373291016,3970229,25.231292724609375
2001-09-14,40.75,41.95000076293945,36.70000076293945,37.959999084472656,3932969,23.46924591064453
2001-09-17,36.5,39.93000030517578,35.29999923706055,37.220001220703125,2333157,23.011735916137695
2001-09-18,36.13999938964844,37.59000015258789,34.630001068115234,36.22999954223633,3464668,22.399648666381836
2001-09-19,36.54999923706055,36.650001525878906,34.849998474121094,35.470001220703125,1426955,21.92976951599121
2001-09-20,35.04999923706055,35.790000915527344,32.369998931884766,32.369998931884766,2548277,20.013153076171875
2001-09-21,31.600000381469727,32.0,28.399999618530273,28.399999618530273,4688057,17.55865478515625
2001-09-24,30.0,33.20000076293945,29.5,33.20000076293945,3168667,20.52631187438965
2001-09-25,31.350000381469727,35.79999923706055,31.110000610351562,35.0099983215332,3812744,21.645370483398438
2001-09-26,35.349998474121094,35.7400016784668,33.150001525878906,35.25,2554234,21.793752670288086
2001-09-27,34.599998474121094,35.38999938964844,33.79999923706055,34.279998779296875,1891755,21.194042205810547
2001-09-28,34.95000076293945,36.38999938964844,34.599998474121094,34.900001525878906,2108110,21.57735252380371
2001-10-01,35.75,35.75,33.630001068115234,34.0,1205418,21.02092170715332
2001-10-02,34.0,34.400001525878906,32.27000045776367,33.27000045776367,1315315,20.569597244262695
2001-10-03,33.150001525878906,33.75,31.020000457763672,33.54999923706055,1681253,20.742708206176758
2001-10-04,35.25,37.45000076293945,35.099998474121094,37.45000076293945,1889241,23.153932571411133
2001-10-05,36.400001525878906,36.58000183105469,35.599998474121094,36.27000045776367,2466500,22.42439079284668
2001-10-08,35.95000076293945,35.95000076293945,34.5,35.29999923706055,1560674,21.824663162231445
2001-10-09,34.5,35.33000183105469,33.400001525878906,34.970001220703125,2061520,21.62063980102539
2001-10-10,34.0,37.16999816894531,33.5,36.630001068115234,2156735,22.646949768066406
2001-10-11,37.20000076293945,38.38999938964844,36.75,37.349998474121094,2125037,23.092100143432617
2001-10-12,38.099998474121094,39.599998474121094,36.959999084472656,38.83000183105469,2722630,24.00712776184082
2001-10-15,37.900001525878906,37.900001525878906,35.5,36.5,1868312,22.566577911376953
2001-10-16,35.689998626708984,38.95000076293945,34.849998474121094,38.95000076293945,4134864,24.081321716308594
2001-10-17,39.5,41.25,39.150001525878906,40.0,2793779,24.73049545288086
2001-10-18,38.38999938964844,41.150001525878906,38.0,40.95000076293945,2438560,25.31785011291504
2001-10-19,40.11000061035156,41.0,38.79999923706055,39.0,882226,24.11223793029785
2001-10-22,39.4900016784668,40.25,39.0099983215332,40.0,553464,24.73049545288086
2001-10-23,40.70000076293945,41.79999923706055,40.220001220703125,41.599998474121094,1388128,25.719717025756836
2001-10-24,41.9900016784668,44.599998474121094,41.310001373291016,44.400001525878906,2374469,27.450864791870117
2001-10-25,44.70000076293945,45.29999923706055,41.95000076293945,42.790000915527344,2494793,26.455446243286133
2001-10-26,44.0,44.0,42.0099983215332,42.599998474121094,1788997,26.337993621826172
2001-10-29,42.099998474121094,42.34000015258789,39.5,39.5,1251095,24.421371459960938
2001-10-30,38.0,38.880001068115234,37.630001068115234,38.220001220703125,2928805,23.62999725341797
2001-10-31,38.33000183105469,41.5,37.5,39.16999816894531,1970829,24.217342376708984
2001-11-01,38.75,39.81999969482422,38.439998626708984,39.38999938964844,544837,24.35335922241211
2001-11-02,40.25,40.25,39.119998931884766,39.54999923706055,1387470,24.45228385925293
2001-11-05,39.0,41.45000076293945,39.0,41.369998931884766,1369573,25.577516555786133
2001-11-06,41.13999938964844,41.70000076293945,41.02000045776367,41.189998626708984,1137720,25.46622657775879
2001-11-07,41.599998474121094,41.939998626708984,40.83000183105469,41.900001525878906,1183724,25.90519905090332
2001-11-08,41.95000076293945,43.27000045776367,41.5099983215332,43.22999954223633,2469358,26.72749137878418
2001-11-09,41.7599983215332,43.099998474121094,41.7599983215332,42.09000015258789,1792262,26.022672653198242
2001-11-12,40.0,40.779998779296875,38.29999923706055,40.779998779296875,5328961,25.21274757385254
2001-11-13,40.5099983215332,44.099998474121094,40.5099983215332,43.59000015258789,3601735,26.950061798095703
2001-11-14,43.59000015258789,46.20000076293945,43.59000015258789,46.20000076293945,3139349,28.563730239868164
2001-11-15,45.849998474121094,47.7400016784668,45.849998474121094,46.79999923706055,1948069,28.934688568115234
2001-11-16,46.95000076293945,47.0,44.810001373291016,45.79999923706055,1800616,28.31642723083496
2001-11-19,46.20000076293945,50.0,45.810001373291016,49.29999923706055,1862291,30.480350494384766
2001-11-20,49.75,49.75,46.34000015258789,47.29999923706055,1979332,29.243816375732422
2001-11-21,46.83000183105469,47.939998626708984,46.040000915527344,46.04999923706055,4467896,28.470985412597656
2001-11-22,46.0,47.599998474121094,45.93000030517578,47.09000015258789,773485,29.113977432250977
2001-11-23,47.310001373291016,47.61000061035156,45.849998474121094,46.400001525878906,1333368,28.6873836517334
2001-11-26,46.900001525878906,47.470001220703125,46.849998474121094,47.41999816894531,1610910,29.318002700805664
2001-11-27,47.650001525878906,47.689998626708984,45.79999923706055,46.09000015258789,1274530,28.495716094970703
2001-11-28,45.25,46.099998474121094,43.70000076293945,44.099998474121094,1743453,27.26537322998047
2001-11-29,43.95000076293945,44.79999923706055,43.25,43.560001373291016,1875770,26.931522369384766
2001-11-30,43.70000076293945,45.689998626708984,43.70000076293945,45.33000183105469,2648541,28.025846481323242
2001-12-03,45.0,45.099998474121094,43.0099983215332,44.099998474121094,1400496,27.26537322998047
2001-12-04,43.63999938964844,44.68000030517578,43.619998931884766,44.68000030517578,803145,27.762468338012695
2001-12-05,45.54999923706055,49.45000076293945,45.220001220703125,48.400001525878906,1961831,30.073938369750977
2001-12-06,49.25,49.5,48.310001373291016,49.16999816894531,1815377,30.552379608154297
2001-12-07,48.709999084472656,50.150001525878906,48.709999084472656,49.650001525878906,1178718,30.85063934326172
2001-12-10,48.5099983215332,48.9900016784668,47.20000076293945,47.5,1240649,29.514705657958984
2001-12-11,47.97999954223633,48.25,46.5,47.900001525878906,1278068,29.763248443603516
2001-12-12,48.689998626708984,48.970001220703125,47.150001525878906,47.150001525878906,841797,29.297239303588867
2001-12-13,47.5,47.75,44.79999923706055,45.689998626708984,2279570,28.390052795410156
2001-12-14,44.650001525878906,44.79999923706055,43.33000183105469,43.70000076293945,1417596,27.153526306152344
2001-12-17,43.79999923706055,45.83000183105469,43.11000061035156,45.83000183105469,976724,28.47703742980957
2001-12-18,45.099998474121094,46.400001525878906,44.619998931884766,44.849998474121094,1664394,27.86810302734375
2001-12-19,45.0,45.54999923706055,44.0099983215332,44.849998474121094,750936,27.86810302734375
2001-12-20,43.7599983215332,44.59000015258789,43.5,44.25,1001180,27.495277404785156
2001-12-21,43.20000076293945,44.099998474121094,42.75,43.619998931884766,1415835,27.10382080078125
2001-12-24,43.619998931884766,44.95000076293945,43.5099983215332,44.27000045776367,169824,27.50771141052246
2001-12-25,44.27000045776367,44.27000045776367,44.27000045776367,44.27000045776367,0,27.50771141052246
2001-12-26,44.27000045776367,44.27000045776367,44.27000045776367,44.27000045776367,0,27.50771141052246
2001-12-27,44.29999923706055,45.400001525878906,44.25,44.91999816894531,1202154,27.911598205566406
2001-12-28,45.5,46.20000076293945,45.15999984741211,45.70000076293945,900401,28.396270751953125
2001-12-31,45.70000076293945,45.70000076293945,45.70000076293945,45.70000076293945,0,28.396270751953125
2002-01-01,45.70000076293945,45.70000076293945,45.70000076293945,45.70000076293945,0,28.396270751953125
2002-01-02,45.68000030517578,47.22999954223633,45.369998931884766,46.599998474121094,888078,28.955488204956055
2002-01-03,47.5,48.75,47.220001220703125,48.15999984741211,1440331,29.92481231689453
2002-01-04,48.18000030517578,49.880001068115234,48.18000030517578,49.27000045776367,2541547,30.61451530456543
2002-01-07,49.29999923706055,49.65999984741211,48.34000015258789,48.650001525878906,1240074,30.229278564453125
2002-01-08,47.70000076293945,48.099998474121094,46.45000076293945,47.25,2491970,29.359357833862305
2002-01-09,47.060001373291016,47.599998474121094,46.439998626708984,47.58000183105469,1133714,29.564414978027344
2002-01-10,46.0,46.79999923706055,45.31999969482422,45.900001525878906,2016224,28.52054214477539
2002-01-11,45.720001220703125,46.279998779296875,45.0,45.349998474121094,1435879,28.17877769470215
2002-01-14,45.38999938964844,45.47999954223633,44.709999084472656,45.0,961608,27.961294174194336
2002-01-15,44.900001525878906,46.189998626708984,44.029998779296875,45.209999084472656,1551187,28.091787338256836
2002-01-16,44.709999084472656,45.20000076293945,43.599998474121094,44.560001373291016,1373014,27.687911987304688
2002-01-17,44.560001373291016,44.900001525878906,43.400001525878906,44.0,1419330,27.339942932128906
2002-01-18,43.4900016784668,43.88999938964844,42.22999954223633,43.15999984741211,1294249,26.817995071411133
2002-01-21,42.900001525878906,44.0,42.15999984741211,43.119998931884766,1098765,26.793149948120117
2002-01-22,43.11000061035156,44.529998779296875,42.58000183105469,43.86000061035156,1475449,27.252967834472656
2002-01-23,42.70000076293945,45.400001525878906,42.150001525878906,45.0,2161133,27.961294174194336
2002-01-24,45.619998931884766,47.75,45.349998474121094,47.13999938964844,4117519,29.291019439697266
2002-01-25,47.0,47.54999923706055,46.220001220703125,47.0099983215332,1438267,29.210233688354492
2002-01-28,47.25,47.959999084472656,47.130001068115234,47.220001220703125,1142685,29.340728759765625
2002-01-29,46.79999923706055,47.900001525878906,45.630001068115234,46.099998474121094,1346446,28.644807815551758
2002-01-30,45.20000076293945,45.880001068115234,44.90999984741211,45.790000915527344,1311798,28.452173233032227
2002-01-31,46.0,46.86000061035156,45.15999984741211,46.70000076293945,1394203,29.017614364624023
2002-02-01,46.400001525878906,47.77000045776367,46.400001525878906,47.20000076293945,932743,29.328296661376953
2002-02-04,47.09000015258789,47.20000076293945,46.220001220703125,46.900001525878906,892228,29.141895294189453
2002-02-05,46.0,46.5,44.90999984741211,45.849998474121094,1182172,28.489465713500977
2002-02-06,45.529998779296875,45.529998779296875,43.79999923706055,44.0,1974253,27.339942932128906
2002-02-07,44.0,44.599998474121094,42.9900016784668,44.599998474121094,2186914,27.71276092529297
2002-02-08,44.5,45.099998474121094,43.560001373291016,45.099998474121094,1266155,28.023433685302734
2002-02-11,45.20000076293945,46.88999938964844,45.08000183105469,46.83000183105469,1163538,29.098400115966797
2002-02-12,46.5,47.189998626708984,46.06999969482422,46.59000015258789,1340158,28.94927215576172
2002-02-13,46.349998474121094,48.27000045776367,46.2400016784668,47.25,1481461,29.359357833862305
2002-02-14,47.599998474121094,49.439998626708984,47.0099983215332,48.9900016784668,2111295,30.44054412841797
2002-02-15,48.599998474121094,48.88999938964844,48.02000045776367,48.06999969482422,1506440,29.868892669677734
2002-02-18,47.41999816894531,48.47999954223633,47.41999816894531,48.0,480969,29.82539176940918
2002-02-19,47.77000045776367,47.77000045776367,45.810001373291016,46.29999923706055,2748449,28.769075393676758
2002-02-20,47.0,48.08000183105469,46.959999084472656,47.849998474121094,2584015,29.732175827026367
2002-02-21,48.5,48.599998474121094,48.0,48.25,1471402,29.980724334716797
2002-02-22,47.849998474121094,48.95000076293945,47.75,48.5,1111582,30.13606834411621
2002-02-25,48.880001068115234,51.5,48.79999923706055,51.5,2735446,32.000160217285156
2002-02-26,52.29999923706055,54.150001525878906,51.849998474121094,52.5,3898001,32.621517181396484
2002-02-27,52.5,53.900001525878906,52.349998474121094,53.5,1462804,33.24287796020508
2002-02-28,53.599998474121094,54.900001525878906,52.70000076293945,54.0,2116380,33.55357360839844
2002-03-01,53.45000076293945,54.70000076293945,53.400001525878906,54.25,1012117,33.708900451660156
2002-03-04,54.349998474121094,58.20000076293945,54.29999923706055,57.79999923706055,2804381,35.914737701416016
2002-03-05,58.349998474121094,58.75,56.650001525878906,58.400001525878906,2885656,36.287567138671875
2002-03-06,58.0,58.099998474121094,56.099998474121094,57.25,2536672,35.572994232177734
2002-03-07,57.599998474121094,60.5,57.0,59.79999923706055,3341351,37.157466888427734
2002-03-08,58.45000076293945,60.0,56.70000076293945,59.849998474121094,4964585,37.18853759765625
2002-03-11,59.0,59.70000076293945,58.5,59.25,2187862,36.81571960449219
2002-03-12,59.0,59.04999923706055,57.400001525878906,58.099998474121094,1847844,36.10114669799805
2002-03-13,57.79999923706055,58.5,56.849998474121094,57.79999923706055,1431950,35.914737701416016
2002-03-14,57.349998474121094,58.650001525878906,57.349998474121094,58.29999923706055,1160774,36.22542190551758
2002-03-15,58.099998474121094,60.099998474121094,58.0,60.099998474121094,1535234,37.3438720703125
2002-03-18,59.900001525878906,61.599998474121094,59.900001525878906,60.95000076293945,2086700,37.87203598022461
2002-03-19,60.599998474121094,60.95000076293945,60.150001525878906,60.95000076293945,1348217,37.87203598022461
2002-03-20,60.400001525878906,61.0,59.650001525878906,59.79999923706055,1442539,37.157466888427734
2002-03-21,59.25,59.79999923706055,58.5,59.349998474121094,1896259,36.87785720825195
2002-03-22,59.29999923706055,59.849998474121094,58.599998474121094,59.45000076293945,1223056,36.93998718261719
2002-03-25,59.70000076293945,60.400001525878906,59.0,59.5,960069,36.9710578918457
2002-03-26,58.849998474121094,59.849998474121094,58.20000076293945,58.5,1465634,36.34968948364258
2002-03-27,58.5,58.54999923706055,57.20000076293945,57.95000076293945,1571753,36.00795364379883
2002-03-28,58.400001525878906,58.5,57.79999923706055,58.400001525878906,2960064,36.287567138671875
2002-03-29,57.95000076293945,57.95000076293945,57.95000076293945,57.95000076293945,0,36.00795364379883
2002-04-01,57.95000076293945,57.95000076293945,57.95000076293945,57.95000076293945,0,36.00795364379883
2002-04-02,57.900001525878906,58.599998474121094,57.20000076293945,57.95000076293945,1141325,36.00795364379883
2002-04-03,57.95000076293945,59.0,56.45000076293945,58.599998474121094,1792554,36.41183853149414
2002-04-04,58.0,58.5,56.599998474121094,57.04999923706055,1138305,35.4487190246582
2002-04-05,56.5,57.349998474121094,56.0,56.599998474121094,963337,35.16911697387695
2002-04-08,55.849998474121094,56.599998474121094,54.70000076293945,54.79999923706055,1034718,34.0506591796875
2002-04-09,53.79999923706055,55.45000076293945,53.29999923706055,55.04999923706055,5568330,34.205997467041016
2002-04-10,55.0,56.099998474121094,54.20000076293945,56.0,1754954,34.796295166015625
2002-04-11,56.25,56.25,54.900001525878906,54.900001525878906,1125825,34.11279296875
2002-04-12,55.0,56.54999923706055,54.70000076293945,55.599998474121094,1142459,34.54773712158203
2002-04-15,56.29999923706055,56.75,55.900001525878906,56.349998474121094,782050,35.01377868652344
2002-04-16,56.29999923706055,57.20000076293945,56.25,57.20000076293945,1652377,35.54191589355469
2002-04-17,57.25,58.0,57.04999923706055,57.099998474121094,1224778,35.479793548583984
2002-04-18,57.0,57.75,56.29999923706055,56.79999923706055,996538,35.29338455200195
2002-04-19,56.29999923706055,56.5,55.54999923706055,56.5,799785,35.10697555541992
2002-04-22,56.599998474121094,57.0,55.79999923706055,56.54999923706055,761142,35.138023376464844
2002-04-23,57.0,58.20000076293945,56.599998474121094,57.5,1918883,35.728336334228516
2002-04-24,57.70000076293945,58.150001525878906,56.29999923706055,56.75,1361870,35.26231384277344
2002-04-25,56.900001525878906,57.599998474121094,55.900001525878906,57.5,1553546,35.728336334228516
2002-04-26,57.599998474121094,58.0,57.150001525878906,57.25,2154423,35.572994232177734
2002-04-29,57.5,57.54999923706055,56.849998474121094,57.20000076293945,1328463,35.54191589355469
2002-04-30,57.20000076293945,58.20000076293945,56.75,58.04999923706055,3709069,36.070091247558594
2002-05-01,58.04999923706055,58.04999923706055,58.04999923706055,58.04999923706055,0,36.070091247558594
2002-05-02,58.25,59.29999923706055,58.099998474121094,58.70000076293945,1396724,36.473968505859375
2002-05-03,58.75,60.099998474121094,58.099998474121094,58.25,1900298,36.19435119628906
2002-05-06,58.650001525878906,58.650001525878906,57.599998474121094,57.900001525878906,930942,35.97688293457031
2002-05-07,57.5,57.79999923706055,56.099998474121094,57.20000076293945,1820164,35.54191589355469
2002-05-08,57.900001525878906,58.349998474121094,57.650001525878906,58.04999923706055,1150117,36.070091247558594
2002-05-09,58.150001525878906,58.29999923706055,57.95000076293945,58.29999923706055,570310,36.22542190551758
2002-05-10,58.04999923706055,58.54999923706055,58.0,58.29999923706055,904781,36.22542190551758
2002-05-13,57.79999923706055,59.29999923706055,57.79999923706055,59.29999923706055,1396927,36.84677505493164
2002-05-14,59.29999923706055,60.0,58.900001525878906,59.75,1297983,37.12640380859375
2002-05-15,60.0,60.599998474121094,57.04999923706055,59.150001525878906,2824779,36.75358963012695
2002-05-16,59.099998474121094,59.70000076293945,58.849998474121094,59.70000076293945,956752,37.0953254699707
2002-05-17,59.70000076293945,61.54999923706055,59.5,60.5,1829108,37.5924186706543
2002-05-20,60.95000076293945,60.95000076293945,59.150001525878906,59.349998474121094,664350,36.87785720825195
2002-05-21,59.45000076293945,60.70000076293945,59.150001525878906,60.70000076293945,1299548,37.71669006347656
2002-05-22,60.29999923706055,60.95000076293945,58.79999923706055,58.79999923706055,1491112,36.53609848022461
2002-05-23,59.25,59.25,58.099998474121094,58.349998474121094,1769253,36.25648880004883
2002-05-24,59.5,61.099998474121094,59.29999923706055,60.79999923706055,3884691,37.77881622314453
2002-05-27,60.29999923706055,61.45000076293945,60.25,60.5,986840,37.5924186706543
2002-05-28,60.45000076293945,61.29999923706055,59.79999923706055,59.900001525878906,1992534,37.2195930480957
2002-05-29,59.599998474121094,60.29999923706055,59.150001525878906,59.79999923706055,3495431,37.157466888427734
2002-05-30,59.95000076293945,59.95000076293945,57.5,57.5,1899410,35.728336334228516
2002-05-31,57.5,57.75,56.54999923706055,56.75,2933266,35.26231384277344
2002-06-03,56.29999923706055,57.849998474121094,56.29999923706055,57.04999923706055,962214,35.4487190246582
2002-06-04,56.0,56.0,54.150001525878906,54.150001525878906,2123801,33.96228790283203
2002-06-05,54.75,55.400001525878906,54.150001525878906,54.20000076293945,2724174,33.9936408996582
2002-06-06,54.29999923706055,56.0,54.20000076293945,54.599998474121094,2368491,34.2445068359375
2002-06-07,53.54999923706055,53.599998474121094,52.29999923706055,52.5,2225140,32.92742156982422
2002-06-10,53.099998474121094,53.849998474121094,52.599998474121094,53.0,891662,33.24101638793945
2002-06-11,53.0,54.70000076293945,52.79999923706055,54.45000076293945,1811884,34.150428771972656
2002-06-12,53.95000076293945,54.0,52.75,53.150001525878906,1235996,33.33510208129883
2002-06-13,53.75,53.75,50.20000076293945,50.5,1892806,31.673044204711914
2002-06-14,50.20000076293945,50.599998474121094,47.900001525878906,48.63999938964844,3355335,30.506471633911133
2002-06-17,49.099998474121094,51.29999923706055,48.79999923706055,50.29999923706055,1368519,31.54759407043457
2002-06-18,51.5,51.900001525878906,50.5,51.70000076293945,1601504,32.425682067871094
2002-06-19,50.45000076293945,51.400001525878906,49.75,51.400001525878906,2029315,32.23752212524414
2002-06-20,50.70000076293945,51.400001525878906,49.150001525878906,49.650001525878906,2127865,31.139928817749023
2002-06-21,48.86000061035156,49.849998474121094,47.900001525878906,48.630001068115234,2670226,30.500202178955078
2002-06-24,48.81999969482422,48.81999969482422,46.5,47.2400016784668,2363076,29.628402709960938
2002-06-25,47.63999938964844,48.5,47.11000061035156,48.36000061035156,1776089,30.330867767333984
2002-06-26,47.0,48.4900016784668,45.54999923706055,48.060001373291016,2944790,30.142698287963867
2002-06-27,48.900001525878906,50.099998474121094,47.790000915527344,49.0,2227536,30.732261657714844
2002-06-28,50.20000076293945,51.0,49.099998474121094,51.0,2095754,31.986648559570312
2002-07-01,50.04999923706055,51.70000076293945,50.04999923706055,50.45000076293945,1172762,31.64168357849121
2002-07-02,49.5,50.70000076293945,48.72999954223633,49.38999938964844,1292576,30.976863861083984
2002-07-03,48.79999923706055,48.900001525878906,46.5,47.29999923706055,2408024,29.666034698486328
2002-07-04,48.099998474121094,48.5,45.52000045776367,46.25,1996451,29.007490158081055
2002-07-05,46.9900016784668,47.34000015258789,45.79999923706055,47.33000183105469,2211389,29.684843063354492
2002-07-08,47.33000183105469,47.33000183105469,45.5,46.880001068115234,2026711,29.402612686157227
2002-07-09,46.5099983215332,47.970001220703125,45.70000076293945,46.52000045776367,1277790,29.176828384399414
2002-07-10,45.0,45.400001525878906,43.54999923706055,43.849998474121094,2520521,27.502235412597656
2002-07-11,42.79999923706055,44.77000045776367,42.02000045776367,43.52000045776367,2387424,27.29526710510254
2002-07-12,45.20000076293945,45.349998474121094,41.5,42.09000015258789,2108358,26.39838218688965
2002-07-15,42.09000015258789,42.90999984741211,39.54999923706055,39.810001373291016,1898886,24.9683895111084
2002-07-16,40.68000030517578,41.97999954223633,38.5,41.25,3333619,25.871532440185547
2002-07-17,40.540000915527344,44.880001068115234,40.540000915527344,43.400001525878906,4192072,27.219999313354492
2002-07-18,44.099998474121094,47.11000061035156,43.83000183105469,46.31999969482422,3436084,29.0513973236084
2002-07-19,46.5,46.5,44.20000076293945,44.95000076293945,2315195,28.192142486572266
2002-07-22,44.0,44.380001068115234,42.31999969482422,42.31999969482422,2116531,26.54263687133789
2002-07-23,42.31999969482422,43.41999816894531,40.279998779296875,40.959999084472656,2253563,25.68965721130371
2002-07-24,40.029998779296875,41.79999923706055,38.86000061035156,41.599998474121094,3892369,26.091054916381836
2002-07-25,43.7599983215332,44.400001525878906,41.79999923706055,42.7400016784668,2810394,26.80605697631836
2002-07-26,42.68000030517578,43.29999923706055,40.70000076293945,42.5,1491301,26.65553092956543
2002-07-29,43.150001525878906,45.7599983215332,42.54999923706055,45.7599983215332,2446115,28.700159072875977
2002-07-30,46.59000015258789,46.900001525878906,44.400001525878906,45.150001525878906,2114179,28.317575454711914
2002-07-31,46.209999084472656,47.400001525878906,44.11000061035156,45.099998474121094,2233021,28.286218643188477
2002-08-01,45.099998474121094,45.599998474121094,42.22999954223633,42.349998474121094,2112409,26.56145668029785
2002-08-02,42.88999938964844,43.599998474121094,41.70000076293945,42.439998626708984,1870403,26.61789321899414
2002-08-05,42.75,42.75,39.54999923706055,39.54999923706055,2238417,24.805322647094727
2002-08-06,38.75,42.0,38.150001525878906,41.54999923706055,3531718,26.05970573425293
2002-08-07,41.5,43.290000915527344,41.290000915527344,42.22999954223633,2024817,26.486186981201172
2002-08-08,42.529998779296875,44.099998474121094,41.11000061035156,42.0,2200292,26.341941833496094
2002-08-09,42.880001068115234,43.68000030517578,42.349998474121094,43.5099983215332,1268019,27.288991928100586
2002-08-12,43.470001220703125,43.4900016784668,42.0,42.22999954223633,736845,26.486186981201172
2002-08-13,42.88999938964844,43.20000076293945,41.20000076293945,42.72999954223633,732937,26.799781799316406
2002-08-14,41.470001220703125,42.0,40.84000015258789,41.33000183105469,1039092,25.921728134155273
2002-08-15,42.599998474121094,43.86000061035156,42.5,43.150001525878906,1053091,27.063201904296875
2002-08-16,43.400001525878906,43.75,41.810001373291016,42.849998474121094,934495,26.875036239624023
2002-08-19,43.099998474121094,44.220001220703125,41.93000030517578,43.9900016784668,1193019,27.590044021606445
2002-08-20,43.59000015258789,44.349998474121094,42.5,42.650001525878906,908557,26.749603271484375
2002-08-21,42.689998626708984,44.83000183105469,42.689998626708984,44.349998474121094,1316062,27.815826416015625
2002-08-22,43.619998931884766,47.189998626708984,43.619998931884766,46.47999954223633,2307508,29.15174102783203
2002-08-23,47.099998474121094,47.400001525878906,45.02000045776367,45.650001525878906,913242,28.63117027282715
2002-08-26,45.0,45.880001068115234,44.70000076293945,44.75,634568,28.06669807434082
2002-08-27,44.849998474121094,46.29999923706055,44.650001525878906,45.5,1056279,28.53709602355957
2002-08-28,44.599998474121094,44.79999923706055,43.5,43.93000030517578,3970198,27.552410125732422
2002-08-29,43.06999969482422,43.900001525878906,42.16999816894531,42.54999923706055,1515717,26.686893463134766
2002-08-30,43.400001525878906,43.439998626708984,41.79999923706055,42.470001220703125,1336750,26.63670539855957
2002-09-02,42.400001525878906,42.5,41.5099983215332,41.79999923706055,871321,26.21649932861328
2002-09-03,41.38999938964844,41.75,40.06999969482422,40.06999969482422,1949413,25.131465911865234
2002-09-04,40.56999969482422,41.15999984741211,39.349998474121094,40.849998474121094,1897482,25.62066650390625
2002-09-05,41.279998779296875,41.61000061035156,39.130001068115234,39.5,1917552,24.773971557617188
2002-09-06,40.290000915527344,41.04999923706055,38.70000076293945,40.900001525878906,1668357,25.65203094482422
2002-09-09,40.599998474121094,40.88999938964844,40.099998474121094,40.36000061035156,896429,25.3133487701416
2002-09-10,40.95000076293945,42.470001220703125,40.61000061035156,42.150001525878906,1348221,26.436006546020508
2002-09-11,42.599998474121094,44.15999984741211,42.02000045776367,43.75,1553085,27.439517974853516
2002-09-12,44.04999923706055,44.70000076293945,42.75,43.5,2594526,27.282716751098633
2002-09-13,43.439998626708984,43.63999938964844,41.619998931884766,41.779998779296875,1661124,26.203948974609375
2002-09-16,42.099998474121094,42.900001525878906,41.0,41.18000030517578,1225584,25.827640533447266
2002-09-17,43.20000076293945,43.29999923706055,41.25,41.56999969482422,1535372,26.072242736816406
2002-09-18,40.97999954223633,41.790000915527344,40.0,40.36000061035156,1924569,25.3133487701416
2002-09-19,40.529998779296875,41.099998474121094,38.59000015258789,38.599998474121094,2267374,24.209487915039062
2002-09-20,38.45000076293945,39.900001525878906,38.0,38.540000915527344,1851349,24.17186164855957
2002-09-23,39.0,39.459999084472656,37.75,38.099998474121094,1950163,23.895898818969727
2002-09-24,38.11000061035156,39.08000183105469,36.25,36.56999969482422,3326057,22.936298370361328
2002-09-25,36.0099983215332,38.04999923706055,35.5099983215332,36.099998474121094,2517964,22.64151954650879
2002-09-26,36.0,38.22999954223633,35.959999084472656,38.22999954223633,2450369,23.977432250976562
2002-09-27,37.810001373291016,38.97999954223633,37.54999923706055,38.400001525878906,1705186,24.084056854248047
2002-09-30,37.59000015258789,38.20000076293945,36.310001373291016,36.900001525878906,2172356,23.14327621459961
2002-10-01,36.900001525878906,37.59000015258789,35.099998474121094,35.75,1547115,22.421998977661133
2002-10-02,37.45000076293945,37.45000076293945,35.709999084472656,36.65999984741211,1989515,22.992752075195312
2002-10-03,36.25,37.189998626708984,35.2599983215332,35.77000045776367,1947609,22.434547424316406
2002-10-04,35.56999969482422,36.18000030517578,34.150001525878906,34.75,1766910,21.794818878173828
2002-10-07,34.20000076293945,34.83000183105469,33.52000045776367,34.25,1578132,21.481218338012695
2002-10-08,34.20000076293945,35.400001525878906,33.119998931884766,33.540000915527344,2069343,21.035913467407227
2002-10-09,33.630001068115234,33.630001068115234,31.700000762939453,32.47999954223633,2366748,20.371091842651367
2002-10-10,31.610000610351562,33.959999084472656,31.610000610351562,33.63999938964844,2205818,21.0986270904541
2002-10-11,34.099998474121094,37.4900016784668,33.79999923706055,37.099998474121094,3918339,23.268707275390625
2002-10-14,36.5,38.099998474121094,36.209999084472656,36.93000030517578,2275329,23.162084579467773
2002-10-15,37.20000076293945,41.29999923706055,37.13999938964844,41.27000045776367,3319315,25.884084701538086
2002-10-16,40.79999923706055,42.95000076293945,40.400001525878906,40.9900016784668,2298884,25.708478927612305
2002-10-17,41.5,44.09000015258789,41.5,43.400001525878906,2187230,27.219999313354492
2002-10-18,44.279998779296875,44.29999923706055,41.54999923706055,42.369998931884766,2135986,26.573991775512695
2002-10-21,42.099998474121094,43.79999923706055,41.400001525878906,43.630001068115234,1376300,27.3642578125
2002-10-22,44.0,45.20000076293945,43.5,43.75,1653856,27.439517974853516
2002-10-23,44.38999938964844,44.5,42.220001220703125,42.290000915527344,1738720,26.523826599121094
2002-10-24,42.650001525878906,43.869998931884766,42.650001525878906,43.15999984741211,1670787,27.06947898864746
2002-10-25,42.0099983215332,43.45000076293945,42.0099983215332,43.029998779296875,1168001,26.987939834594727
2002-10-28,43.9900016784668,44.400001525878906,43.5,43.95000076293945,1796209,27.564958572387695
2002-10-29,43.5099983215332,44.77000045776367,41.650001525878906,41.9900016784668,2083088,26.335657119750977
2002-10-30,42.5,44.619998931884766,41.400001525878906,44.29999923706055,1703162,27.784473419189453
2002-10-31,44.45000076293945,46.04999923706055,43.70000076293945,45.33000183105469,2691531,28.430484771728516
2002-11-01,44.79999923706055,46.16999816894531,43.72999954223633,45.790000915527344,937959,28.71897315979004
2002-11-04,46.0,47.20000076293945,45.880001068115234,47.060001373291016,1795734,29.515520095825195
2002-11-05,46.25,47.0,45.95000076293945,46.20000076293945,1241724,28.976131439208984
2002-11-06,46.900001525878906,47.25,44.84000015258789,45.63999938964844,1593295,28.624906539916992
2002-11-07,45.5,45.75,42.61000061035156,43.04999923706055,2773318,27.00048065185547
2002-11-08,43.0,43.65999984741211,42.0,42.20000076293945,1428451,26.467384338378906
2002-11-11,42.099998474121094,42.72999954223633,41.599998474121094,41.97999954223633,782600,26.32938575744629
2002-11-12,41.40999984741211,42.75,40.79999923706055,41.75,1871142,26.185138702392578
2002-11-13,41.16999816894531,41.939998626708984,40.08000183105469,41.25,1249063,25.871532440185547
2002-11-14,41.5,43.630001068115234,41.02000045776367,43.5099983215332,2065121,27.288991928100586
2002-11-15,43.77000045776367,45.0,43.70000076293945,44.099998474121094,1313426,27.659032821655273
2002-11-18,44.15999984741211,45.20000076293945,43.400001525878906,44.13999938964844,800045,27.684110641479492
2002-11-19,43.45000076293945,44.34000015258789,42.709999084472656,43.400001525878906,1018000,27.219999313354492
2002-11-20,43.220001220703125,44.369998931884766,42.5,43.68000030517578,957262,27.39561653137207
2002-11-21,44.900001525878906,46.2599983215332,44.79999923706055,46.209999084472656,1800129,28.98240089416504
2002-11-22,46.34000015258789,46.75,44.84000015258789,46.290000915527344,1456202,29.03257942199707
2002-11-25,46.70000076293945,46.939998626708984,45.5,46.45000076293945,789016,29.132932662963867
2002-11-26,46.5,46.650001525878906,44.400001525878906,44.779998779296875,1991027,28.085519790649414
2002-11-27,45.75,46.849998474121094,44.099998474121094,46.599998474121094,4891442,29.227008819580078
2002-11-28,47.0,48.5,46.529998779296875,47.75,1702803,29.94827651977539
2002-11-29,48.150001525878906,48.38999938964844,46.849998474121094,47.400001525878906,1190265,29.728750228881836
2002-12-02,47.7400016784668,49.459999084472656,46.65999984741211,46.70000076293945,1927500,29.289718627929688
2002-12-03,46.040000915527344,46.95000076293945,45.20000076293945,45.380001068115234,1858567,28.5965518951416
2002-12-04,45.0,45.38999938964844,44.189998626708984,44.97999954223633,1711642,28.344478607177734
2002-12-05,45.439998626708984,45.439998626708984,43.04999923706055,43.209999084472656,1542315,27.229101181030273
2002-12-06,43.20000076293945,43.5,41.630001068115234,43.25,1741587,27.254318237304688
2002-12-09,42.75,42.75,41.2599983215332,42.0,2394554,26.466623306274414
2002-12-10,41.810001373291016,42.45000076293945,41.18000030517578,42.130001068115234,1506411,26.548538208007812
2002-12-11,43.02000045776367,43.45000076293945,41.900001525878906,43.380001068115234,1340981,27.336233139038086
2002-12-12,43.599998474121094,43.75,42.13999938964844,42.650001525878906,1728808,26.8762149810791
2002-12-13,42.900001525878906,42.900001525878906,40.779998779296875,41.25,1427566,25.993988037109375
2002-12-16,41.04999923706055,42.5,40.70000076293945,41.72999954223633,1388343,26.29648208618164
2002-12-17,41.650001525878906,42.40999984741211,40.58000183105469,40.91999816894531,1632584,25.786048889160156
2002-12-18,40.900001525878906,40.900001525878906,39.599998474121094,39.790000915527344,1714380,25.0739688873291
2002-12-19,39.5,40.970001220703125,38.68000030517578,39.54999923706055,1466666,24.922731399536133
2002-12-20,39.79999923706055,40.369998931884766,38.70000076293945,39.880001068115234,1045001,25.130687713623047
2002-12-23,40.16999816894531,40.880001068115234,39.880001068115234,40.40999984741211,790043,25.464670181274414
2002-12-24,41.0,41.0,39.4900016784668,39.810001373291016,245503,25.08656883239746
2002-12-25,39.810001373291016,39.810001373291016,39.810001373291016,39.810001373291016,0,25.08656883239746
2002-12-26,39.810001373291016,39.810001373291016,39.810001373291016,39.810001373291016,0,25.08656883239746
2002-12-27,39.470001220703125,40.189998626708984,38.650001525878906,38.720001220703125,587940,24.39970588684082
2002-12-30,38.689998626708984,39.790000915527344,38.599998474121094,39.40999984741211,1124395,24.834508895874023
2002-12-31,39.849998474121094,39.849998474121094,38.7400016784668,39.150001525878906,711554,24.670671463012695
2003-01-01,39.13999938964844,39.13999938964844,39.13999938964844,39.13999938964844,0,24.664369583129883
2003-01-02,38.939998626708984,41.13999938964844,38.849998474121094,41.13999938964844,876896,25.924684524536133
2003-01-03,41.369998931884766,41.779998779296875,40.5099983215332,41.02000045776367,1554833,25.849063873291016
2003-01-06,41.040000915527344,41.900001525878906,39.720001220703125,40.70000076293945,1076475,25.647409439086914
2003-01-07,41.04999923706055,41.08000183105469,39.58000183105469,39.66999816894531,1140113,24.99834442138672
2003-01-08,39.400001525878906,39.90999984741211,37.75,38.25,1612740,24.103525161743164
2003-01-09,37.95000076293945,38.0,36.54999923706055,37.65999984741211,3276440,23.731735229492188
2003-01-10,37.869998931884766,39.029998779296875,37.79999923706055,38.369998931884766,1601894,24.17914390563965
2003-01-13,38.83000183105469,39.5,37.93000030517578,38.04999923706055,938623,23.977497100830078
2003-01-14,38.099998474121094,39.47999954223633,38.099998474121094,38.84000015258789,1368558,24.475311279296875
2003-01-15,39.5,40.20000076293945,37.66999816894531,38.22999954223633,2065846,24.09092140197754
2003-01-16,38.20000076293945,39.369998931884766,37.93000030517578,38.310001373291016,1462217,24.141332626342773
2003-01-17,38.11000061035156,38.4900016784668,36.91999816894531,37.33000183105469,1535078,23.52378273010254
2003-01-20,37.279998779296875,37.5,36.849998474121094,37.209999084472656,904607,23.448158264160156
2003-01-21,37.25,37.529998779296875,36.310001373291016,36.66999816894531,2391273,23.107873916625977
2003-01-22,36.83000183105469,37.43000030517578,35.689998626708984,35.7400016784668,1872279,22.52183723449707
2003-01-23,37.470001220703125,38.18000030517578,36.439998626708984,36.70000076293945,3495050,23.12678337097168
2003-01-24,37.06999969482422,38.20000076293945,36.349998474121094,37.869998931884766,3003836,23.86406898498535
2003-01-27,37.58000183105469,37.61000061035156,35.95000076293945,36.220001220703125,3744022,22.824308395385742
2003-01-28,36.4900016784668,36.939998626708984,35.650001525878906,35.81999969482422,2174965,22.572246551513672
2003-01-29,35.540000915527344,37.040000915527344,35.25,36.43000030517578,2321406,22.956640243530273
2003-01-30,36.70000076293945,39.09000015258789,36.70000076293945,38.70000076293945,2647612,24.387102127075195
2003-01-31,38.27000045776367,39.83000183105469,37.63999938964844,39.380001068115234,1882316,24.815608978271484
2003-02-03,39.9900016784668,40.310001373291016,39.529998779296875,39.75,1375518,25.048765182495117
2003-02-04,39.400001525878906,39.70000076293945,38.54999923706055,38.689998626708984,1502294,24.38079261779785
2003-02-05,38.79999923706055,39.7400016784668,38.150001525878906,39.540000915527344,990353,24.916431427001953
2003-02-06,39.20000076293945,40.939998626708984,38.349998474121094,38.599998474121094,1925776,24.324077606201172
2003-02-07,39.0,39.5,38.2599983215332,39.25,1895792,24.733680725097656
2003-02-10,39.38999938964844,39.38999938964844,37.54999923706055,38.0,1452622,23.94599151611328
2003-02-11,38.709999084472656,39.06999969482422,38.290000915527344,38.88999938964844,1008946,24.506824493408203
2003-02-12,38.29999923706055,39.040000915527344,37.900001525878906,38.11000061035156,1063507,24.015302658081055
2003-02-13,37.540000915527344,38.25,37.220001220703125,37.66999816894531,1225346,23.7380313873291
2003-02-14,37.2599983215332,39.880001068115234,37.2599983215332,39.150001525878906,1909185,24.670671463012695
2003-02-17,39.91999816894531,40.0,39.0099983215332,39.70000076293945,610562,25.017253875732422
2003-02-18,40.0,40.38999938964844,39.099998474121094,40.18000030517578,1119420,25.319734573364258
2003-02-19,39.86000061035156,40.45000076293945,39.20000076293945,39.290000915527344,1017228,24.75889778137207
2003-02-20,39.290000915527344,39.97999954223633,38.65999984741211,38.900001525878906,872354,24.51313018798828
2003-02-21,38.61000061035156,39.38999938964844,38.31999969482422,39.11000061035156,1062087,24.64546012878418
2003-02-24,39.0,39.2599983215332,38.29999923706055,38.29999923706055,584509,24.135028839111328
2003-02-25,37.90999984741211,38.29999923706055,36.56999969482422,36.90999984741211,1872990,23.259109497070312
2003-02-26,37.400001525878906,37.400001525878906,36.70000076293945,36.70000076293945,4141990,23.12678337097168
2003-02-27,36.369998931884766,37.869998931884766,36.290000915527344,37.65999984741211,1477683,23.731735229492188
2003-02-28,37.81999969482422,38.5,37.08000183105469,38.31999969482422,1354172,24.147642135620117
2003-03-03,38.5099983215332,39.779998779296875,38.5099983215332,39.47999954223633,2258165,24.87862205505371
2003-03-04,39.0,39.20000076293945,38.29999923706055,38.779998779296875,1740102,24.437515258789062
2003-03-05,38.20000076293945,38.41999816894531,37.40999984741211,38.08000183105469,1620619,23.99640464782715
2003-03-06,38.79999923706055,38.970001220703125,37.970001220703125,38.20000076293945,2803805,24.072011947631836
2003-03-07,38.20000076293945,38.290000915527344,37.2400016784668,37.45000076293945,1403679,23.599395751953125
2003-03-10,37.16999816894531,38.029998779296875,36.86000061035156,37.599998474121094,1244770,23.693925857543945
2003-03-11,37.81999969482422,37.91999816894531,36.70000076293945,37.20000076293945,1679069,23.441864013671875
2003-03-12,37.0099983215332,37.45000076293945,35.630001068115234,35.849998474121094,2250278,22.59113883972168
2003-03-13,36.029998779296875,37.93000030517578,35.900001525878906,37.93000030517578,2183781,23.901880264282227
2003-03-14,38.779998779296875,40.68000030517578,38.20000076293945,40.61000061035156,3723567,25.5906925201416
2003-03-17,39.150001525878906,42.4900016784668,39.13999938964844,42.06999969482422,2725707,26.51072120666504
2003-03-18,42.0099983215332,43.45000076293945,41.150001525878906,41.45000076293945,2814491,26.120033264160156
2003-03-19,42.38999938964844,42.9900016784668,41.369998931884766,42.2400016784668,1703451,26.617855072021484
2003-03-20,41.04999923706055,42.400001525878906,40.650001525878906,40.70000076293945,2522516,25.647409439086914
2003-03-21,41.20000076293945,42.0,41.0,41.5,2054978,26.15154266357422
2003-03-24,40.900001525878906,41.599998474121094,39.630001068115234,39.79999923706055,2192679,25.080263137817383
2003-03-25,39.599998474121094,40.2400016784668,39.04999923706055,40.0,1618678,25.206296920776367
2003-03-26,40.400001525878906,40.79999923706055,39.599998474121094,40.400001525878906,1718385,25.4583683013916
2003-03-27,40.04999923706055,40.150001525878906,38.79999923706055,39.04999923706055,2201501,24.607656478881836
2003-03-28,38.79999923706055,39.20000076293945,37.709999084472656,38.0099983215332,3021657,23.952281951904297
2003-03-31,37.400001525878906,37.400001525878906,35.91999816894531,36.15999984741211,2845115,22.786495208740234
2003-04-01,36.599998474121094,36.599998474121094,33.970001220703125,34.79999923706055,3935097,21.929475784301758
2003-04-02,35.400001525878906,36.36000061035156,34.04999923706055,35.04999923706055,4022132,22.087026596069336
2003-04-03,35.25,37.43000030517578,35.099998474121094,36.75,4031477,23.158292770385742
2003-04-04,36.939998626708984,37.470001220703125,36.0,36.810001373291016,2113938,23.196096420288086
2003-04-07,37.709999084472656,39.18000030517578,37.709999084472656,39.0,3209021,24.57614517211914
2003-04-08,37.900001525878906,38.880001068115234,37.41999816894531,38.099998474121094,4031021,24.009002685546875
2003-04-09,37.70000076293945,40.439998626708984,37.68000030517578,39.560001373291016,4632142,24.929027557373047
2003-04-10,39.33000183105469,39.95000076293945,38.720001220703125,38.86000061035156,2767904,24.487926483154297
2003-04-11,38.86000061035156,40.38999938964844,38.86000061035156,39.36000061035156,2522010,24.802995681762695
2003-04-14,39.16999816894531,39.790000915527344,38.65999984741211,39.400001525878906,1383711,24.828210830688477
2003-04-15,39.900001525878906,40.599998474121094,39.560001373291016,39.75,1891493,25.048765182495117
2003-04-16,40.689998626708984,41.0,40.0099983215332,40.27000045776367,2908082,25.376447677612305
2003-04-17,39.43000030517578,40.779998779296875,39.43000030517578,40.400001525878906,1054197,25.4583683013916
2003-04-18,40.400001525878906,40.400001525878906,40.400001525878906,40.400001525878906,0,25.4583683013916
2003-04-21,40.400001525878906,40.400001525878906,40.400001525878906,40.400001525878906,0,25.4583683013916
2003-04-22,40.08000183105469,40.36000061035156,38.70000076293945,39.540000915527344,1702443,24.916431427001953
2003-04-23,40.130001068115234,40.540000915527344,38.79999923706055,39.400001525878906,2243858,24.828210830688477
2003-04-24,38.7599983215332,38.939998626708984,37.54999923706055,37.79999923706055,2999687,23.819961547851562
2003-04-25,37.7599983215332,37.97999954223633,36.36000061035156,37.38999938964844,2617540,23.561588287353516
2003-04-28,36.7400016784668,38.529998779296875,36.7400016784668,38.25,2495753,24.103525161743164
2003-04-29,38.95000076293945,39.349998474121094,38.369998931884766,38.599998474121094,2994991,24.324077606201172
2003-04-30,38.79999923706055,39.33000183105469,37.79999923706055,39.099998474121094,2116842,24.63916015625
2003-05-01,39.099998474121094,39.099998474121094,39.099998474121094,39.099998474121094,0,24.63916015625
2003-05-02,38.7599983215332,39.29999923706055,38.04999923706055,38.900001525878906,1436464,24.51313018798828
2003-05-05,39.31999969482422,39.900001525878906,38.83000183105469,38.95000076293945,1017417,24.544635772705078
2003-05-06,38.400001525878906,39.63999938964844,38.400001525878906,39.599998474121094,1447677,24.954246520996094
2003-05-07,39.25,39.9900016784668,39.130001068115234,39.349998474121094,3242767,24.796689987182617
2003-05-08,39.150001525878906,39.79999923706055,38.16999816894531,38.560001373291016,1513594,24.298877716064453
2003-05-09,38.40999984741211,39.43000030517578,38.25,39.380001068115234,1245432,24.815608978271484
2003-05-12,39.40999984741211,39.88999938964844,38.630001068115234,39.34000015258789,1355016,24.79039764404297
2003-05-13,39.5,40.099998474121094,39.119998931884766,39.79999923706055,1555406,25.080263137817383
2003-05-14,39.689998626708984,40.54999923706055,39.220001220703125,40.0099983215332,1880666,25.21259307861328
2003-05-15,39.79999923706055,42.56999969482422,39.41999816894531,42.45000076293945,5023766,26.75019073486328
2003-05-16,42.790000915527344,44.11000061035156,42.70000076293945,43.0,5795809,27.09676742553711
2003-05-19,42.279998779296875,42.470001220703125,41.720001220703125,41.900001525878906,1960941,26.403608322143555
2003-05-20,41.81999969482422,42.13999938964844,41.36000061035156,41.75,1619526,26.309078216552734
2003-05-21,41.9900016784668,42.220001220703125,40.97999954223633,42.220001220703125,4126005,26.605255126953125
2003-05-22,42.18000030517578,42.72999954223633,41.72999954223633,42.25,2433345,26.624155044555664
2003-05-23,42.7400016784668,42.88999938964844,42.0,42.400001525878906,1492226,26.71868324279785
2003-05-26,42.04999923706055,42.880001068115234,42.02000045776367,42.099998474121094,2096722,26.529634475708008
2003-05-27,42.150001525878906,42.7400016784668,41.11000061035156,42.22999954223633,2379645,26.61155128479004
2003-05-28,42.29999923706055,43.0099983215332,42.119998931884766,42.58000183105469,2665031,27.205766677856445
2003-05-29,42.790000915527344,43.66999816894531,42.279998779296875,43.119998931884766,853321,27.550792694091797
2003-05-30,42.77000045776367,43.86000061035156,42.349998474121094,43.619998931884766,1558879,27.8702449798584
2003-06-02,43.63999938964844,44.790000915527344,43.63999938964844,44.470001220703125,2678756,28.413345336914062
2003-06-03,44.029998779296875,44.400001525878906,43.5099983215332,44.400001525878906,1317701,28.368616104125977
2003-06-04,44.5,44.869998931884766,43.900001525878906,44.310001373291016,1623322,28.311124801635742
2003-06-05,44.02000045776367,44.380001068115234,43.61000061035156,43.93000030517578,2182399,28.068326950073242
2003-06-06,44.0,45.2400016784668,44.0,44.72999954223633,1754208,28.579471588134766
2003-06-09,44.75,45.02000045776367,44.369998931884766,44.849998474121094,1789594,28.65614128112793
2003-06-10,44.849998474121094,44.95000076293945,44.599998474121094,44.93000030517578,2260188,28.707258224487305
2003-06-11,45.47999954223633,45.5,44.5,44.95000076293945,2030003,28.720041275024414
2003-06-12,44.95000076293945,45.75,44.689998626708984,45.2400016784668,1708382,28.905324935913086
2003-06-13,45.209999084472656,45.47999954223633,44.599998474121094,44.970001220703125,1284283,28.73280906677246
2003-06-16,44.630001068115234,45.45000076293945,44.2400016784668,45.45000076293945,2031532,29.03950309753418
2003-06-17,45.619998931884766,45.790000915527344,45.2599983215332,45.68000030517578,1779780,29.186447143554688
2003-06-18,45.95000076293945,46.0,45.5099983215332,45.900001525878906,1588793,29.327024459838867
2003-06-19,46.0,46.25,45.720001220703125,46.0099983215332,2322231,29.397310256958008
2003-06-20,45.70000076293945,46.099998474121094,45.29999923706055,45.900001525878906,2592004,29.327024459838867
2003-06-23,45.560001373291016,45.900001525878906,44.56999969482422,45.0,1334682,28.75197410583496
2003-06-24,45.0,45.15999984741211,43.9900016784668,44.310001373291016,2748611,28.311124801635742
2003-06-25,44.630001068115234,44.93000030517578,43.75,43.95000076293945,2063174,28.08112144470215
2003-06-26,43.31999969482422,44.880001068115234,43.31999969482422,43.91999816894531,992504,28.06192970275879
2003-06-27,44.2400016784668,44.70000076293945,43.95000076293945,44.40999984741211,1761529,28.37500762939453
2003-06-30,44.439998626708984,44.83000183105469,42.970001220703125,43.189998626708984,2424339,27.59551429748535
2003-07-01,43.59000015258789,43.849998474121094,42.45000076293945,42.79999923706055,1534919,27.34632682800293
2003-07-02,42.79999923706055,44.0,42.79999923706055,43.88999938964844,2462106,28.04275894165039
2003-07-03,44.20000076293945,44.540000915527344,43.08000183105469,43.61000061035156,1827959,27.86385154724121
2003-07-04,43.90999984741211,44.380001068115234,43.52000045776367,44.09000015258789,770397,28.170551300048828
2003-07-07,44.400001525878906,46.29999923706055,44.29999923706055,46.20000076293945,1773214,29.51869773864746
2003-07-08,46.20000076293945,46.86000061035156,45.709999084472656,45.84000015258789,1753221,29.28867530822754
2003-07-09,45.79999923706055,45.97999954223633,45.11000061035156,45.5,1193518,29.071443557739258
2003-07-10,45.189998626708984,45.47999954223633,44.54999923706055,44.900001525878906,1463858,28.68808937072754
2003-07-11,44.59000015258789,46.880001068115234,44.54999923706055,46.70000076293945,2023036,29.838167190551758
2003-07-14,46.72999954223633,47.5,46.29999923706055,47.40999984741211,1278160,30.29180145263672
2003-07-15,47.400001525878906,49.02000045776367,47.099998474121094,48.54999923706055,2169223,31.020191192626953
2003-07-16,48.619998931884766,49.349998474121094,47.810001373291016,48.13999938964844,2140496,30.758237838745117
2003-07-17,47.5,47.900001525878906,46.560001373291016,47.18000030517578,2082515,30.144855499267578
2003-07-18,46.880001068115234,47.79999923706055,46.880001068115234,47.25,1252908,30.189579010009766
2003-07-21,47.5,47.61000061035156,46.29999923706055,46.5,1123323,29.71038246154785
2003-07-22,46.77000045776367,46.97999954223633,46.400001525878906,46.79999923706055,1047882,29.902067184448242
2003-07-23,46.61000061035156,47.25,46.2599983215332,46.5,917595,29.71038246154785
2003-07-24,45.75,48.0,45.52000045776367,47.689998626708984,2486917,30.4707088470459
2003-07-25,47.02000045776367,48.189998626708984,47.02000045776367,47.38999938964844,1465799,30.27902603149414
2003-07-28,47.68000030517578,48.79999923706055,47.5,48.61000061035156,1464654,31.058530807495117
2003-07-29,48.56999969482422,49.380001068115234,47.81999969482422,48.220001220703125,2319503,30.80934715270996
2003-07-30,48.150001525878906,48.93000030517578,48.02000045776367,48.58000183105469,1290821,31.039356231689453
2003-07-31,48.349998474121094,49.41999816894531,48.130001068115234,48.779998779296875,1970454,31.167146682739258
2003-08-01,48.45000076293945,49.459999084472656,48.40999984741211,49.13999938964844,1435291,31.397167205810547
2003-08-04,49.08000183105469,49.88999938964844,48.43000030517578,48.68000030517578,1020219,31.103252410888672
2003-08-05,49.0,49.2400016784668,48.36000061035156,48.630001068115234,1012623,31.07131576538086
2003-08-06,47.88999938964844,48.47999954223633,47.5,47.709999084472656,1375953,30.483484268188477
2003-08-07,48.369998931884766,48.369998931884766,47.099998474121094,47.4900016784668,1242731,30.34292221069336
2003-08-08,47.70000076293945,48.099998474121094,47.25,47.5,1175291,30.349300384521484
2003-08-11,47.38999938964844,48.209999084472656,47.2400016784668,47.790000915527344,729385,30.534605026245117
2003-08-12,48.040000915527344,48.38999938964844,47.849998474121094,48.119998931884766,768228,30.745450973510742
2003-08-13,48.4900016784668,48.4900016784668,47.7400016784668,48.029998779296875,684034,30.687950134277344
2003-08-14,48.150001525878906,48.70000076293945,47.63999938964844,48.599998474121094,735988,31.052135467529297
2003-08-15,48.79999923706055,49.369998931884766,48.310001373291016,48.709999084472656,616474,31.12241554260254
2003-08-18,49.029998779296875,49.099998474121094,48.25,49.0,552255,31.307710647583008
2003-08-19,49.0099983215332,50.5,48.72999954223633,50.29999923706055,1630503,32.13832473754883
2003-08-20,50.349998474121094,51.29999923706055,50.0,51.0,1386593,32.58557891845703
2003-08-21,51.25,53.79999923706055,51.150001525878906,53.04999923706055,2937660,33.8953742980957
2003-08-22,53.150001525878906,54.650001525878906,53.099998474121094,53.54999923706055,2100916,34.21485900878906
2003-08-25,52.75,53.29999923706055,52.29999923706055,52.849998474121094,866573,33.767608642578125
2003-08-26,52.70000076293945,53.79999923706055,52.70000076293945,53.20000076293945,1633030,33.99122619628906
2003-08-27,53.45000076293945,54.599998474121094,53.45000076293945,54.29999923706055,1542643,34.69404983520508
2003-08-28,54.20000076293945,55.70000076293945,54.150001525878906,55.0,2197200,35.141319274902344
2003-08-29,55.5,55.70000076293945,54.150001525878906,54.75,1641301,34.9815788269043
2003-09-01,55.0,56.0,54.849998474121094,54.849998474121094,1092965,35.045475006103516
2003-09-02,55.45000076293945,55.849998474121094,54.849998474121094,55.75,1610654,35.62051010131836
2003-09-03,55.95000076293945,56.95000076293945,55.599998474121094,56.54999923706055,1510787,36.13165283203125
2003-09-04,56.45000076293945,56.900001525878906,54.70000076293945,55.25,1680772,35.30104064941406
2003-09-05,55.349998474121094,55.5,54.349998474121094,55.0,1367523,35.141319274902344
2003-09-08,55.0,55.849998474121094,54.650001525878906,55.29999923706055,1233534,35.33299255371094
2003-09-09,56.099998474121094,56.79999923706055,54.900001525878906,55.599998474121094,2106660,35.52467346191406
2003-09-10,55.5,55.5,53.70000076293945,53.79999923706055,1933024,34.374595642089844
2003-09-11,53.5,54.849998474121094,53.349998474121094,54.29999923706055,1295595,34.69404983520508
2003-09-12,54.29999923706055,54.5,52.400001525878906,53.70000076293945,3927827,34.31069564819336
2003-09-15,53.75,54.349998474121094,52.95000076293945,53.95000076293945,946797,34.470428466796875
2003-09-16,54.29999923706055,54.849998474121094,53.650001525878906,54.650001525878906,1023128,34.917694091796875
2003-09-17,54.70000076293945,55.0,54.45000076293945,54.5,976084,34.82184600830078
2003-09-18,54.79999923706055,54.900001525878906,53.79999923706055,54.79999923706055,932251,35.0135383605957
2003-09-19,55.0,55.400001525878906,54.20000076293945,54.75,1594152,34.9815788269043
2003-09-22,54.25,54.599998474121094,53.150001525878906,53.29999923706055,1245553,34.055118560791016
2003-09-23,53.70000076293945,54.150001525878906,52.79999923706055,53.75,2190580,34.342647552490234
2003-09-24,54.349998474121094,54.599998474121094,53.95000076293945,54.45000076293945,1320637,34.789894104003906
2003-09-25,53.45000076293945,54.20000076293945,52.900001525878906,53.5,1932666,34.182918548583984
2003-09-26,53.04999923706055,53.400001525878906,51.849998474121094,52.599998474121094,1786271,33.607872009277344
2003-09-29,52.900001525878906,53.900001525878906,52.29999923706055,53.400001525878906,1411195,34.119014739990234
2003-09-30,53.0,54.25,52.79999923706055,53.349998474121094,3062665,34.087066650390625
2003-10-01,53.0,53.400001525878906,52.70000076293945,53.20000076293945,1688583,33.99122619628906
2003-10-02,53.54999923706055,54.54999923706055,53.29999923706055,53.5,1916776,34.182918548583984
2003-10-03,53.400001525878906,55.5,53.349998474121094,55.400001525878906,1590188,35.396873474121094
2003-10-06,55.599998474121094,56.650001525878906,54.849998474121094,56.45000076293945,1415999,36.06776428222656
2003-10-07,56.5,56.5,54.75,55.400001525878906,1145271,35.396873474121094
2003-10-08,54.79999923706055,56.400001525878906,54.75,55.849998474121094,1145149,35.68440246582031
2003-10-09,56.0,57.349998474121094,55.650001525878906,57.29999923706055,1335947,36.61085510253906
2003-10-10,56.900001525878906,57.400001525878906,56.650001525878906,57.25,888515,36.57891082763672
2003-10-13,57.0,58.599998474121094,57.0,58.150001525878906,1348126,37.15394592285156
2003-10-14,59.0,59.04999923706055,57.349998474121094,57.900001525878906,1865120,36.99421691894531
2003-10-15,58.29999923706055,59.900001525878906,58.20000076293945,59.349998474121094,2276356,37.920658111572266
2003-10-16,58.75,59.79999923706055,58.599998474121094,59.0,1079717,37.69703674316406
2003-10-17,59.599998474121094,59.79999923706055,58.25,58.349998474121094,1072907,37.281734466552734
2003-10-20,58.20000076293945,58.95000076293945,57.099998474121094,57.5,1714575,36.73863983154297
2003-10-21,58.099998474121094,58.849998474121094,57.650001525878906,58.599998474121094,1325548,37.44145965576172
2003-10-22,58.54999923706055,58.75,57.29999923706055,57.70000076293945,1609909,36.866432189941406
2003-10-23,57.0,57.29999923706055,56.349998474121094,56.849998474121094,1671185,36.323333740234375
2003-10-24,57.20000076293945,57.349998474121094,56.599998474121094,57.099998474121094,791580,36.483062744140625
2003-10-27,57.849998474121094,58.04999923706055,57.20000076293945,57.75,934183,36.898372650146484
2003-10-28,57.900001525878906,59.0,57.900001525878906,58.349998474121094,1417286,37.281734466552734
2003-10-29,59.0,59.45000076293945,58.349998474121094,59.400001525878906,1358597,37.95261001586914
2003-10-30,59.45000076293945,60.70000076293945,58.849998474121094,60.25,1723588,38.4957160949707
2003-10-31,60.25,60.5,59.25,59.45000076293945,1064068,37.98455047607422
2003-11-03,59.599998474121094,61.25,59.349998474121094,60.95000076293945,1582483,38.94294738769531
2003-11-04,60.95000076293945,61.400001525878906,59.79999923706055,60.349998474121094,1160349,38.55959701538086
2003-11-05,59.900001525878906,60.29999923706055,59.29999923706055,59.650001525878906,1093459,38.11233901977539
2003-11-06,60.0,60.75,59.25,60.099998474121094,1137574,38.39986038208008
2003-11-07,60.75,61.54999923706055,60.25,60.849998474121094,1467862,38.879058837890625
2003-11-10,60.099998474121094,61.45000076293945,60.099998474121094,60.349998474121094,840767,38.55959701538086
2003-11-11,59.849998474121094,60.25,59.349998474121094,59.900001525878906,789546,38.2720832824707
2003-11-12,59.900001525878906,60.599998474121094,59.54999923706055,60.400001525878906,977831,38.591552734375
2003-11-13,60.599998474121094,61.0,59.349998474121094,59.75,1732659,38.17623519897461
2003-11-14,59.29999923706055,60.45000076293945,59.29999923706055,60.150001525878906,1945092,38.43181610107422
2003-11-17,59.20000076293945,59.75,57.900001525878906,58.0,1572339,37.05811309814453
2003-11-18,58.150001525878906,58.599998474121094,57.29999923706055,57.599998474121094,974134,36.802528381347656
2003-11-19,57.0,57.0,56.20000076293945,56.79999923706055,2005301,36.291385650634766
2003-11-20,57.25,57.25,55.29999923706055,56.349998474121094,1868686,36.00387191772461
2003-11-21,56.099998474121094,56.5,55.54999923706055,56.349998474121094,1268269,36.00387191772461
2003-11-24,56.400001525878906,57.599998474121094,56.0,57.349998474121094,1336310,36.64279556274414
2003-11-25,57.29999923706055,58.349998474121094,57.29999923706055,57.599998474121094,1452833,36.802528381347656
2003-11-26,57.70000076293945,58.25,57.04999923706055,57.150001525878906,5909831,36.515010833740234
2003-11-27,57.099998474121094,57.95000076293945,57.099998474121094,57.75,963448,36.898372650146484
2003-11-28,57.04999923706055,57.599998474121094,56.5,57.45000076293945,7183691,36.706687927246094
2003-12-01,57.95000076293945,59.20000076293945,57.75,59.0,1679555,37.69703674316406
2003-12-02,58.70000076293945,59.29999923706055,58.5,59.04999923706055,1665018,37.72898483276367
2003-12-03,59.099998474121094,59.54999923706055,58.45000076293945,59.400001525878906,1416580,37.95261001586914
2003-12-04,59.099998474121094,59.29999923706055,58.099998474121094,59.25,1286454,37.99750518798828
2003-12-05,58.70000076293945,58.900001525878906,57.75,58.0,1068288,37.19587326049805
2003-12-08,57.599998474121094,57.70000076293945,56.849998474121094,57.20000076293945,1065244,36.68281936645508
2003-12-09,57.650001525878906,58.0,56.650001525878906,56.849998474121094,1778443,36.4583625793457
2003-12-10,56.650001525878906,56.900001525878906,55.599998474121094,56.5,1475281,36.233909606933594
2003-12-11,56.70000076293945,56.79999923706055,55.650001525878906,56.5,1190168,36.233909606933594
2003-12-12,56.599998474121094,57.150001525878906,55.95000076293945,56.400001525878906,860036,36.16977310180664
2003-12-15,57.650001525878906,58.20000076293945,56.849998474121094,57.04999923706055,2011087,36.58662796020508
2003-12-16,56.849998474121094,57.400001525878906,56.599998474121094,56.599998474121094,1068016,36.29804611206055
2003-12-17,56.599998474121094,57.0,56.0,56.20000076293945,1428306,36.04151916503906
2003-12-18,55.75,56.849998474121094,55.75,56.349998474121094,1030832,36.13771438598633
2003-12-19,56.79999923706055,57.20000076293945,56.599998474121094,56.95000076293945,2031124,36.52249526977539
2003-12-22,56.79999923706055,57.099998474121094,55.75,55.900001525878906,1356598,35.849124908447266
2003-12-23,56.150001525878906,56.900001525878906,56.0,56.650001525878906,827262,36.330101013183594
2003-12-24,56.29999923706055,56.849998474121094,56.29999923706055,56.5,263828,36.233909606933594
2003-12-25,56.5,56.5,56.5,56.5,0,36.233909606933594
2003-12-26,56.5,56.5,56.5,56.5,0,36.233909606933594
2003-12-29,56.5,57.0,56.099998474121094,56.70000076293945,608948,36.3621711730957
2003-12-30,57.25,57.5,56.900001525878906,57.45000076293945,847413,36.84314727783203
2003-12-31,56.849998474121094,57.79999923706055,56.849998474121094,57.70000076293945,535358,37.003482818603516
2004-01-01,57.70000076293945,57.70000076293945,57.70000076293945,57.70000076293945,0,37.003482818603516
2004-01-02,57.849998474121094,58.349998474121094,57.349998474121094,58.04999923706055,508953,37.22793197631836
2004-01-05,58.0,58.650001525878906,57.70000076293945,58.45000076293945,947139,37.48446273803711
2004-01-06,58.25,58.849998474121094,57.70000076293945,58.29999923706055,795686,37.38825988769531
2004-01-07,58.849998474121094,58.849998474121094,57.70000076293945,58.20000076293945,1439634,37.32412338256836
2004-01-08,58.099998474121094,59.79999923706055,58.099998474121094,59.75,1720002,38.31815719604492
2004-01-09,60.0,60.650001525878906,58.79999923706055,59.04999923706055,1585540,37.86924743652344
2004-01-12,59.0,59.45000076293945,58.29999923706055,58.349998474121094,1410581,37.42033004760742
2004-01-13,58.79999923706055,59.400001525878906,58.54999923706055,59.25,1055117,37.99750518798828
2004-01-14,58.900001525878906,60.5,58.900001525878906,60.04999923706055,1831092,38.51054763793945
2004-01-15,59.75,60.29999923706055,59.650001525878906,60.099998474121094,1033254,38.54261779785156
2004-01-16,60.75,61.25,60.400001525878906,61.099998474121094,1628650,39.18391799926758
2004-01-19,61.0,61.5,61.0,61.29999923706055,868285,39.31218338012695
2004-01-20,61.54999923706055,63.45000076293945,61.25,62.29999923706055,2645545,39.9534912109375
2004-01-21,62.650001525878906,62.95000076293945,62.0,62.75,1719198,40.24208450317383
2004-01-22,63.099998474121094,63.20000076293945,60.900001525878906,62.0,3443389,39.7611083984375
2004-01-23,61.70000076293945,62.0,60.650001525878906,61.20000076293945,2206235,39.24805450439453
2004-01-26,61.150001525878906,61.349998474121094,60.400001525878906,60.95000076293945,653717,39.08772277832031
2004-01-27,61.70000076293945,61.70000076293945,60.45000076293945,60.54999923706055,1544874,38.83120346069336
2004-01-28,59.79999923706055,60.29999923706055,59.599998474121094,60.150001525878906,1634384,38.574684143066406
2004-01-29,60.650001525878906,60.650001525878906,58.900001525878906,59.20000076293945,1774070,37.96543884277344
2004-01-30,59.099998474121094,59.29999923706055,57.900001525878906,57.900001525878906,2009245,37.131744384765625
2004-02-02,58.04999923706055,58.25,57.5,57.900001525878906,1458771,37.131744384765625
2004-02-03,57.45000076293945,57.849998474121094,56.599998474121094,56.95000076293945,2018053,36.52249526977539
2004-02-04,56.5,57.25,56.45000076293945,57.0,1299712,36.554561614990234
2004-02-05,56.900001525878906,58.20000076293945,56.79999923706055,57.54999923706055,1423906,36.90727996826172
2004-02-06,58.099998474121094,58.400001525878906,56.75,57.0,1538512,36.554561614990234
2004-02-09,57.45000076293945,59.150001525878906,57.0,58.79999923706055,1516424,37.70891189575195
2004-02-10,59.5,59.75,58.75,59.599998474121094,1501580,38.22196578979492
2004-02-11,59.79999923706055,60.349998474121094,59.0,59.95000076293945,1385035,38.446434020996094
2004-02-12,60.20000076293945,60.400001525878906,59.20000076293945,59.75,1534613,38.31815719604492
2004-02-13,59.5,60.04999923706055,58.79999923706055,59.29999923706055,959467,38.0295524597168
2004-02-16,59.099998474121094,59.650001525878906,58.900001525878906,59.599998474121094,493064,38.22196578979492
2004-02-17,59.75,59.900001525878906,59.25,59.54999923706055,1201509,38.18989562988281
2004-02-18,59.70000076293945,61.150001525878906,59.349998474121094,60.599998474121094,1729808,38.86326599121094
2004-02-19,60.25,61.54999923706055,60.25,61.5,1544277,39.44043731689453
2004-02-20,61.29999923706055,61.54999923706055,61.04999923706055,61.25,1505644,39.280128479003906
2004-02-23,61.5,62.25,61.29999923706055,61.849998474121094,870940,39.66490936279297
2004-02-24,61.5,62.5,60.400001525878906,60.75,2033732,38.959468841552734
2004-02-25,60.75,61.099998474121094,59.900001525878906,60.349998474121094,1053029,38.70294189453125
2004-02-26,60.150001525878906,61.0,60.150001525878906,60.5,792917,38.79914474487305
2004-02-27,61.0,62.099998474121094,61.0,61.5,1280713,39.44043731689453
2004-03-01,61.45000076293945,62.25,61.45000076293945,61.849998474121094,953370,39.66490936279297
2004-03-02,62.099998474121094,62.5,61.599998474121094,62.5,1026743,40.081748962402344
2004-03-03,61.75,62.5,60.349998474121094,61.95000076293945,2640128,39.729042053222656
2004-03-04,61.54999923706055,62.0,61.45000076293945,61.95000076293945,787764,39.729042053222656
2004-03-05,61.95000076293945,62.25,61.04999923706055,61.54999923706055,1321548,39.472503662109375
2004-03-08,61.599998474121094,62.0,61.349998474121094,61.849998474121094,532629,39.66490936279297
2004-03-09,61.349998474121094,61.900001525878906,61.0,61.150001525878906,714152,39.215980529785156
2004-03-10,60.599998474121094,61.599998474121094,60.150001525878906,60.849998474121094,1075137,39.023590087890625
2004-03-11,60.29999923706055,60.5,57.75,59.0,2940153,37.83717346191406
2004-03-12,58.04999923706055,58.79999923706055,57.29999923706055,58.70000076293945,2384321,37.644798278808594
2004-03-15,58.650001525878906,58.70000076293945,56.70000076293945,57.099998474121094,1473109,36.61868667602539
2004-03-16,56.900001525878906,58.099998474121094,56.75,57.75,1599498,37.03554153442383
2004-03-17,58.20000076293945,59.29999923706055,58.0,58.95000076293945,1827237,37.80511474609375
2004-03-18,58.79999923706055,59.0,57.900001525878906,58.0,1207162,37.19587326049805
2004-03-19,58.54999923706055,58.54999923706055,57.5,57.70000076293945,1132428,37.003482818603516
2004-03-22,57.099998474121094,57.79999923706055,55.650001525878906,56.5,2098077,36.233909606933594
2004-03-23,56.20000076293945,56.95000076293945,55.900001525878906,56.25,1339505,36.07358169555664
2004-03-24,56.25,56.70000076293945,55.20000076293945,55.75,1604624,35.752925872802734
2004-03-25,56.099998474121094,57.29999923706055,56.0,57.20000076293945,1627263,36.68281936645508
2004-03-26,58.150001525878906,58.150001525878906,57.25,57.849998474121094,1692070,37.09967803955078
2004-03-29,57.95000076293945,58.75,57.599998474121094,58.349998474121094,1199590,37.42033004760742
2004-03-30,58.349998474121094,59.29999923706055,58.0,59.20000076293945,1769884,37.96543884277344
2004-03-31,59.5,60.45000076293945,58.70000076293945,59.79999923706055,2358581,38.3502197265625
2004-04-01,60.099998474121094,60.29999923706055,59.150001525878906,60.0,1698346,38.47849655151367
2004-04-02,60.25,60.95000076293945,59.5,60.349998474121094,1377214,38.70294189453125
2004-04-05,60.75,61.650001525878906,60.400001525878906,61.5,1527572,39.44043731689453
2004-04-06,61.599998474121094,61.599998474121094,60.650001525878906,61.20000076293945,1477413,39.24805450439453
2004-04-07,61.150001525878906,61.54999923706055,60.849998474121094,61.25,1287116,39.280128479003906
2004-04-08,61.599998474121094,61.849998474121094,59.900001525878906,60.400001525878906,2317227,38.73501205444336
2004-04-09,60.400001525878906,60.400001525878906,60.400001525878906,60.400001525878906,0,38.73501205444336
2004-04-12,60.400001525878906,60.400001525878906,60.400001525878906,60.400001525878906,0,38.73501205444336
2004-04-13,61.20000076293945,61.900001525878906,60.900001525878906,61.54999923706055,1720002,39.472503662109375
2004-04-14,61.45000076293945,61.45000076293945,60.349998474121094,60.95000076293945,2047366,39.08772277832031
2004-04-15,60.75,60.849998474121094,59.900001525878906,60.0,1707777,38.47849655151367
2004-04-16,60.599998474121094,61.04999923706055,60.20000076293945,60.599998474121094,1799580,38.86326599121094
2004-04-19,60.70000076293945,60.900001525878906,60.349998474121094,60.900001525878906,726625,39.055667877197266
2004-04-20,61.29999923706055,61.900001525878906,60.900001525878906,61.349998474121094,1407974,39.34424591064453
2004-04-21,60.70000076293945,60.900001525878906,60.150001525878906,60.25,3007187,38.638816833496094
2004-04-22,60.400001525878906,60.599998474121094,59.54999923706055,60.150001525878906,1900087,38.574684143066406
2004-04-23,60.650001525878906,61.150001525878906,60.400001525878906,60.79999923706055,1399305,38.99152374267578
2004-04-26,60.79999923706055,61.29999923706055,60.45000076293945,60.75,1046327,38.959468841552734
2004-04-27,60.75,61.25,60.349998474121094,60.849998474121094,1056301,39.023590087890625
2004-04-28,60.20000076293945,60.650001525878906,59.650001525878906,59.95000076293945,1248232,38.446434020996094
2004-04-29,60.099998474121094,60.099998474121094,59.25,59.5,1489214,38.1578254699707
2004-04-30,59.5,59.54999923706055,58.599998474121094,58.79999923706055,1463090,37.70891189575195
2004-05-03,58.400001525878906,59.0,58.29999923706055,58.849998474121094,649214,37.74098587036133
2004-05-04,58.70000076293945,59.54999923706055,58.5,59.0,1501169,37.83717346191406
2004-05-05,58.70000076293945,59.900001525878906,58.70000076293945,59.70000076293945,700065,38.28609085083008
2004-05-06,59.25,59.79999923706055,58.29999923706055,58.29999923706055,980582,37.38825988769531
2004-05-07,58.599998474121094,58.70000076293945,57.45000076293945,57.900001525878906,1271221,37.131744384765625
2004-05-10,57.0,57.20000076293945,56.099998474121094,56.400001525878906,1720843,36.16977310180664
2004-05-11,56.849998474121094,57.75,56.650001525878906,57.5,3564479,36.875213623046875
2004-05-12,57.650001525878906,58.29999923706055,56.79999923706055,56.79999923706055,2261865,36.426292419433594
2004-05-13,57.599998474121094,57.849998474121094,56.75,57.25,2338186,36.71489715576172
2004-05-14,56.900001525878906,57.20000076293945,56.0,56.349998474121094,2223736,36.13771438598633
2004-05-17,55.400001525878906,55.900001525878906,54.70000076293945,55.45000076293945,1747823,35.56052780151367
2004-05-18,55.95000076293945,56.849998474121094,55.75,56.75,1972082,36.39424133300781
2004-05-19,56.650001525878906,58.25,56.599998474121094,57.900001525878906,2442221,37.5485725402832
2004-05-20,57.5,57.70000076293945,57.04999923706055,57.45000076293945,999712,37.25674819946289
2004-05-21,57.95000076293945,58.04999923706055,57.099998474121094,57.599998474121094,835690,37.3540153503418
2004-05-24,58.099998474121094,58.599998474121094,57.75,58.349998474121094,1482232,37.84040832519531
2004-05-25,57.75,57.95000076293945,57.150001525878906,57.70000076293945,1025225,37.41888427734375
2004-05-26,58.5,58.849998474121094,57.79999923706055,58.04999923706055,2080621,37.64584732055664
2004-05-27,58.400001525878906,58.900001525878906,58.25,58.75,983574,38.09981155395508
2004-05-28,58.95000076293945,59.25,58.349998474121094,58.5,951993,37.937679290771484
2004-05-31,58.45000076293945,58.79999923706055,58.20000076293945,58.70000076293945,170234,38.067386627197266
2004-06-01,58.70000076293945,58.79999923706055,57.349998474121094,57.599998474121094,1236589,37.3540153503418
2004-06-02,57.849998474121094,58.45000076293945,57.599998474121094,58.099998474121094,1713561,37.67827224731445
2004-06-03,57.900001525878906,58.20000076293945,57.54999923706055,57.900001525878906,1070653,37.5485725402832
2004-06-04,57.79999923706055,58.599998474121094,57.5,58.400001525878906,1364221,37.87282943725586
2004-06-07,59.04999923706055,59.25,58.79999923706055,58.79999923706055,937661,38.13223648071289
2004-06-08,59.099998474121094,59.5,58.54999923706055,58.79999923706055,1010831,38.13223648071289
2004-06-09,58.79999923706055,59.0,58.25,58.349998474121094,624187,37.84040832519531
2004-06-10,58.04999923706055,58.5,58.0,58.349998474121094,441576,37.84040832519531
2004-06-11,58.599998474121094,58.70000076293945,58.150001525878906,58.45000076293945,1185549,37.9052619934082
2004-06-14,58.349998474121094,58.349998474121094,57.150001525878906,57.5,829076,37.2891731262207
2004-06-15,57.5,58.650001525878906,56.95000076293945,58.54999923706055,1635555,37.97010040283203
2004-06-16,58.650001525878906,59.04999923706055,58.20000076293945,58.95000076293945,879749,38.22951889038086
2004-06-17,58.75,59.04999923706055,58.45000076293945,58.70000076293945,1020730,38.067386627197266
2004-06-18,58.900001525878906,58.95000076293945,58.25,58.650001525878906,2809081,38.03496170043945
2004-06-21,58.95000076293945,59.04999923706055,58.20000076293945,58.349998474121094,930664,37.84040832519531
2004-06-22,58.45000076293945,58.5,57.599998474121094,57.75,980039,37.45130157470703
2004-06-23,58.04999923706055,58.5,58.0,58.04999923706055,3058728,37.64584732055664
2004-06-24,58.650001525878906,60.04999923706055,58.599998474121094,59.79999923706055,2042251,38.780738830566406
2004-06-25,59.849998474121094,59.849998474121094,59.04999923706055,59.349998474121094,794892,38.48891830444336
2004-06-28,59.29999923706055,60.29999923706055,59.150001525878906,60.0,1002008,38.91043472290039
2004-06-29,59.54999923706055,60.099998474121094,59.5,59.79999923706055,1736514,38.780738830566406
2004-06-30,59.900001525878906,60.04999923706055,59.150001525878906,59.45000076293945,1211448,38.55377197265625
2004-07-01,59.650001525878906,60.400001525878906,59.349998474121094,59.45000076293945,1150669,38.55377197265625
2004-07-02,59.20000076293945,59.400001525878906,58.45000076293945,58.70000076293945,1149669,38.067386627197266
2004-07-05,58.95000076293945,58.95000076293945,58.400001525878906,58.650001525878906,454294,38.03496170043945
2004-07-06,58.599998474121094,58.70000076293945,57.95000076293945,58.5,858499,37.937679290771484
2004-07-07,58.5,59.0,58.29999923706055,58.5,949348,37.937679290771484
2004-07-08,58.150001525878906,59.099998474121094,58.0,58.900001525878906,812712,38.197078704833984
2004-07-09,58.54999923706055,58.95000076293945,58.04999923706055,58.650001525878906,673649,38.03496170043945
2004-07-12,58.599998474121094,58.79999923706055,57.54999923706055,58.099998474121094,705165,37.67827224731445
2004-07-13,58.45000076293945,58.650001525878906,57.75,58.099998474121094,607561,37.67827224731445
2004-07-14,57.849998474121094,58.29999923706055,57.150001525878906,58.150001525878906,759130,37.71070861816406
2004-07-15,58.099998474121094,58.29999923706055,57.349998474121094,57.400001525878906,705985,37.224327087402344
2004-07-16,57.20000076293945,58.20000076293945,57.20000076293945,57.79999923706055,702659,37.48373794555664
2004-07-19,57.5,57.70000076293945,57.29999923706055,57.29999923706055,551839,37.15947341918945
2004-07-20,57.150001525878906,58.650001525878906,57.150001525878906,58.400001525878906,1186032,37.87282943725586
2004-07-21,58.849998474121094,59.349998474121094,58.599998474121094,58.900001525878906,1027735,38.197078704833984
2004-07-22,58.650001525878906,58.650001525878906,57.04999923706055,57.25,2090576,37.12704849243164
2004-07-23,57.04999923706055,57.5,56.400001525878906,56.70000076293945,1270907,36.77036666870117
2004-07-26,56.650001525878906,56.70000076293945,55.349998474121094,55.650001525878906,1787661,36.089439392089844
2004-07-27,55.599998474121094,56.54999923706055,55.599998474121094,56.29999923706055,1616478,36.51096725463867
2004-07-28,56.349998474121094,57.04999923706055,55.849998474121094,56.0,1389766,36.3164176940918
2004-07-29,56.099998474121094,57.54999923706055,56.04999923706055,57.25,1580285,37.12704849243164
2004-07-30,57.0,57.25,56.20000076293945,56.70000076293945,1360366,36.77036666870117
2004-08-02,56.150001525878906,56.400001525878906,55.599998474121094,56.04999923706055,822182,36.34884262084961
2004-08-03,56.25,56.79999923706055,56.04999923706055,56.20000076293945,1275080,36.44611740112305
2004-08-04,55.79999923706055,55.95000076293945,54.150001525878906,54.25,3362413,35.18152618408203
2004-08-05,54.5,55.04999923706055,53.849998474121094,53.849998474121094,1567349,34.922119140625
2004-08-06,53.150001525878906,53.5,52.29999923706055,52.599998474121094,2540823,34.111488342285156
2004-08-09,52.599998474121094,52.849998474121094,51.5,51.79999923706055,1538724,33.592681884765625
2004-08-10,51.75,52.900001525878906,51.75,52.75,1376252,34.20876693725586
2004-08-11,53.0,53.0,51.849998474121094,52.349998474121094,1188594,33.949363708496094
2004-08-12,52.70000076293945,52.79999923706055,50.849998474121094,51.5,2064280,33.39812469482422
2004-08-13,50.79999923706055,51.20000076293945,49.900001525878906,50.95000076293945,3666289,33.04145431518555
2004-08-16,50.599998474121094,51.79999923706055,50.29999923706055,51.599998474121094,1564197,33.462982177734375
2004-08-17,51.70000076293945,53.20000076293945,51.650001525878906,52.54999923706055,2624309,34.079063415527344
2004-08-18,52.54999923706055,52.650001525878906,51.75,52.20000076293945,1148134,33.85207748413086
2004-08-19,52.75,52.849998474121094,52.25,52.54999923706055,970692,34.079063415527344
2004-08-20,52.54999923706055,52.54999923706055,51.650001525878906,51.70000076293945,1131693,33.527828216552734
2004-08-23,52.25,53.400001525878906,52.099998474121094,52.95000076293945,1620026,34.33845901489258
2004-08-24,52.849998474121094,53.79999923706055,52.849998474121094,53.45000076293945,1254230,34.662715911865234
2004-08-25,53.79999923706055,53.849998474121094,52.900001525878906,53.099998474121094,744826,34.43574142456055
2004-08-26,53.70000076293945,53.900001525878906,53.5,53.75,709051,34.85726547241211
2004-08-27,53.95000076293945,53.95000076293945,53.25,53.650001525878906,701508,34.79242706298828
2004-08-30,53.650001525878906,53.849998474121094,53.25,53.45000076293945,450680,34.662715911865234
2004-08-31,53.29999923706055,53.650001525878906,52.349998474121094,52.599998474121094,1910201,34.111488342285156
2004-09-01,53.29999923706055,53.70000076293945,52.900001525878906,53.29999923706055,849528,34.56543731689453
2004-09-02,53.150001525878906,53.849998474121094,52.900001525878906,53.54999923706055,930154,34.727569580078125
2004-09-03,53.75,54.0,53.0,53.650001525878906,1285916,34.79242706298828
2004-09-06,53.95000076293945,54.70000076293945,53.650001525878906,54.599998474121094,769705,35.408504486083984
2004-09-07,54.70000076293945,55.099998474121094,54.25,54.599998474121094,920646,35.408504486083984
2004-09-08,54.79999923706055,55.5,54.79999923706055,55.45000076293945,1667745,35.95972442626953
2004-09-09,55.20000076293945,55.20000076293945,54.400001525878906,54.79999923706055,1023520,35.53821563720703
2004-09-10,54.5,54.75,54.04999923706055,54.54999923706055,934206,35.376075744628906
2004-09-13,54.95000076293945,55.849998474121094,54.95000076293945,55.849998474121094,1349647,36.21914291381836
2004-09-14,55.70000076293945,55.849998474121094,54.95000076293945,55.25,1297456,35.83003234863281
2004-09-15,55.0,55.70000076293945,53.849998474121094,55.29999923706055,2577728,35.862464904785156
2004-09-16,55.400001525878906,55.849998474121094,55.04999923706055,55.75,959723,36.15428924560547
2004-09-17,55.79999923706055,56.75,55.400001525878906,56.599998474121094,1542565,36.70552444458008
2004-09-20,56.20000076293945,56.5,55.400001525878906,55.650001525878906,946512,36.089439392089844
2004-09-21,55.45000076293945,55.900001525878906,55.400001525878906,55.70000076293945,924443,36.121864318847656
2004-09-22,55.5,56.0,54.900001525878906,55.0,1222628,35.667903900146484
2004-09-23,54.650001525878906,54.70000076293945,53.79999923706055,53.95000076293945,2008819,34.986976623535156
2004-09-24,53.900001525878906,54.54999923706055,53.599998474121094,54.29999923706055,947173,35.21393966674805
2004-09-27,54.599998474121094,54.599998474121094,53.29999923706055,53.79999923706055,936658,34.88969802856445
2004-09-28,53.400001525878906,54.29999923706055,53.400001525878906,53.95000076293945,891274,34.986976623535156
2004-09-29,54.25,54.79999923706055,54.20000076293945,54.400001525878906,1202964,35.2787971496582
2004-09-30,54.650001525878906,54.95000076293945,53.650001525878906,53.75,1803122,34.85726547241211
2004-10-01,54.04999923706055,55.150001525878906,53.79999923706055,55.04999923706055,1531941,35.700321197509766
2004-10-04,55.20000076293945,55.900001525878906,55.20000076293945,55.650001525878906,1292251,36.089439392089844
2004-10-05,55.5,56.099998474121094,55.150001525878906,55.900001525878906,1174029,36.25156021118164
2004-10-06,55.95000076293945,56.29999923706055,55.5,55.79999923706055,1171114,36.186702728271484
2004-10-07,55.79999923706055,56.45000076293945,55.5,56.400001525878906,1206111,36.575801849365234
2004-10-08,56.25,57.70000076293945,56.150001525878906,56.79999923706055,2470178,36.8352165222168
2004-10-11,56.54999923706055,57.0,56.150001525878906,56.70000076293945,818328,36.77036666870117
2004-10-12,56.79999923706055,57.04999923706055,55.95000076293945,56.349998474121094,1365215,36.543392181396484
2004-10-13,56.849998474121094,57.150001525878906,55.75,55.900001525878906,1219590,36.25156021118164
2004-10-14,55.25,55.400001525878906,54.54999923706055,55.0,2170950,35.667903900146484
2004-10-15,54.75,55.099998474121094,54.54999923706055,55.04999923706055,1120974,35.700321197509766
2004-10-18,55.349998474121094,55.349998474121094,54.45000076293945,54.650001525878906,1086872,35.44093322753906
2004-10-19,55.25,55.849998474121094,55.150001525878906,55.349998474121094,1086288,35.8948860168457
2004-10-20,54.70000076293945,55.25,54.54999923706055,55.099998474121094,753166,35.732757568359375
2004-10-21,55.75,55.75,53.95000076293945,54.45000076293945,1748267,35.311222076416016
2004-10-22,54.400001525878906,54.54999923706055,53.400001525878906,53.650001525878906,1591752,34.79242706298828
2004-10-25,52.900001525878906,53.0,52.29999923706055,52.5,1330932,34.04663848876953
2004-10-26,52.400001525878906,53.400001525878906,52.29999923706055,53.099998474121094,1255889,34.43574142456055
2004-10-27,53.400001525878906,54.150001525878906,53.20000076293945,53.95000076293945,1477956,34.986976623535156
2004-10-28,54.04999923706055,54.849998474121094,54.04999923706055,54.29999923706055,1403112,35.21393966674805
2004-10-29,54.04999923706055,54.54999923706055,53.45000076293945,53.70000076293945,1060374,34.82484817504883
2004-11-01,53.599998474121094,54.45000076293945,53.54999923706055,54.25,629276,35.18152618408203
2004-11-02,54.25,54.900001525878906,53.95000076293945,54.75,1068858,35.505767822265625
2004-11-03,54.900001525878906,55.599998474121094,54.900001525878906,55.29999923706055,1127223,35.862464904785156
2004-11-04,54.900001525878906,55.5,54.650001525878906,55.25,708989,35.83003234863281
2004-11-05,55.849998474121094,56.20000076293945,55.400001525878906,55.75,1637693,36.15428924560547
2004-11-08,55.70000076293945,55.70000076293945,55.099998474121094,55.599998474121094,842176,36.057010650634766
2004-11-09,55.70000076293945,55.95000076293945,55.29999923706055,55.70000076293945,708071,36.121864318847656
2004-11-10,55.599998474121094,56.099998474121094,55.599998474121094,56.04999923706055,963443,36.34884262084961
2004-11-11,55.95000076293945,56.54999923706055,55.650001525878906,56.29999923706055,1198578,36.51096725463867
2004-11-12,56.54999923706055,56.95000076293945,56.29999923706055,56.70000076293945,1168392,36.77036666870117
2004-11-15,56.79999923706055,57.29999923706055,56.29999923706055,56.400001525878906,955683,36.575801849365234
2004-11-16,56.70000076293945,56.70000076293945,55.75,56.0,768810,36.3164176940918
2004-11-17,56.099998474121094,56.650001525878906,55.70000076293945,56.650001525878906,1151343,36.73794174194336
2004-11-18,56.29999923706055,56.95000076293945,56.0,56.70000076293945,1233309,36.77036666870117
2004-11-19,56.79999923706055,57.20000076293945,56.29999923706055,56.29999923706055,1372075,36.51096725463867
2004-11-22,56.0,56.29999923706055,55.29999923706055,55.45000076293945,3088399,35.95972442626953
2004-11-23,55.45000076293945,55.54999923706055,54.75,54.900001525878906,1336598,35.60305404663086
2004-11-24,55.04999923706055,55.099998474121094,53.95000076293945,54.25,1215409,35.18152618408203
2004-11-25,54.45000076293945,54.79999923706055,53.79999923706055,54.29999923706055,1442545,35.21393966674805
2004-11-26,54.0,54.29999923706055,53.75,53.849998474121094,788621,34.922119140625
2004-11-29,54.20000076293945,55.0,53.900001525878906,54.0,977074,35.019405364990234
2004-11-30,54.400001525878906,54.400001525878906,53.29999923706055,53.5,1349739,34.69515609741211
2004-12-01,53.599998474121094,54.45000076293945,53.25,54.29999923706055,3904411,35.21393966674805
2004-12-02,54.400001525878906,54.650001525878906,53.599998474121094,54.29999923706055,1509605,35.45882797241211
2004-12-03,54.45000076293945,54.79999923706055,53.04999923706055,53.5,1609869,34.936424255371094
2004-12-06,53.099998474121094,53.29999923706055,52.20000076293945,53.0,1069050,34.60991287231445
2004-12-07,53.0,54.20000076293945,52.75,54.099998474121094,1796705,35.32822036743164
2004-12-08,53.79999923706055,54.79999923706055,53.599998474121094,54.25,1511213,35.42618942260742
2004-12-09,54.0,54.29999923706055,52.75,53.400001525878906,1538889,34.87111282348633
2004-12-10,53.599998474121094,54.400001525878906,53.25,53.54999923706055,1842234,34.96906280517578
2004-12-13,53.599998474121094,54.349998474121094,53.45000076293945,54.20000076293945,1097856,35.39352798461914
2004-12-14,54.5,54.70000076293945,54.0,54.599998474121094,1629999,35.654727935791016
2004-12-15,55.0,55.150001525878906,54.0,54.099998474121094,2603656,35.32822036743164
2004-12-16,54.150001525878906,54.5,53.79999923706055,54.29999923706055,1316424,35.45882797241211
2004-12-17,54.400001525878906,54.45000076293945,53.45000076293945,53.70000076293945,2077336,35.0670280456543
2004-12-20,53.5,53.849998474121094,53.150001525878906,53.25,1027656,34.773162841796875
2004-12-21,53.54999923706055,55.150001525878906,53.45000076293945,55.0,2337546,35.91593933105469
2004-12-22,55.349998474121094,56.20000076293945,55.150001525878906,56.099998474121094,2111398,36.63425064086914
2004-12-23,56.0,56.25,55.599998474121094,56.099998474121094,664130,36.63425064086914
2004-12-24,55.95000076293945,56.099998474121094,55.650001525878906,56.04999923706055,156513,36.60161590576172
2004-12-27,56.0,56.099998474121094,55.70000076293945,55.75,517656,36.405696868896484
2004-12-28,55.75,56.04999923706055,55.599998474121094,55.95000076293945,267735,36.53632354736328
2004-12-29,56.0,56.400001525878906,55.75,56.400001525878906,662014,36.83016586303711
2004-12-30,56.349998474121094,56.54999923706055,56.04999923706055,56.150001525878906,434573,36.66693878173828
2004-12-31,55.849998474121094,56.349998474121094,55.70000076293945,56.349998474121094,274046,36.797515869140625
2005-01-03,56.29999923706055,57.25,56.150001525878906,56.599998474121094,667503,36.96078109741211
2005-01-04,56.599998474121094,56.599998474121094,56.150001525878906,56.29999923706055,715871,36.76486587524414
2005-01-05,55.599998474121094,56.0,55.29999923706055,55.45000076293945,1362790,36.209800720214844
2005-01-06,55.599998474121094,56.20000076293945,55.349998474121094,55.650001525878906,885310,36.34041976928711
2005-01-07,55.5,56.5,55.400001525878906,56.04999923706055,1165939,36.60161590576172
2005-01-10,56.20000076293945,56.20000076293945,55.349998474121094,55.70000076293945,1035103,36.37306213378906
2005-01-11,55.70000076293945,55.75,54.849998474121094,55.0,1297237,35.91593933105469
2005-01-12,55.29999923706055,55.29999923706055,53.70000076293945,54.0,1623205,35.262943267822266
2005-01-13,54.29999923706055,54.70000076293945,54.20000076293945,54.5,1015257,35.58943176269531
2005-01-14,54.150001525878906,54.849998474121094,54.099998474121094,54.79999923706055,931945,35.78535079956055
2005-01-17,55.04999923706055,55.599998474121094,54.79999923706055,55.400001525878906,844273,36.17715072631836
2005-01-18,55.400001525878906,55.45000076293945,54.29999923706055,54.849998474121094,1681410,35.817996978759766
2005-01-19,55.099998474121094,55.349998474121094,54.54999923706055,55.25,1640820,36.079193115234375
2005-01-20,53.75,54.349998474121094,53.349998474121094,54.29999923706055,3355661,35.45882797241211
2005-01-21,53.79999923706055,54.400001525878906,53.599998474121094,54.099998474121094,1205397,35.32822036743164
2005-01-24,53.599998474121094,53.79999923706055,53.099998474121094,53.54999923706055,1229521,34.96906280517578
2005-01-25,53.349998474121094,54.25,53.29999923706055,54.04999923706055,1677405,35.29558181762695
2005-01-26,53.95000076293945,54.150001525878906,53.599998474121094,53.900001525878906,1307272,35.1976318359375
2005-01-27,53.849998474121094,54.099998474121094,53.70000076293945,53.75,2009240,35.09967803955078
2005-01-28,53.900001525878906,53.95000076293945,53.25,53.349998474121094,1397589,34.83845901489258
2005-01-31,53.650001525878906,53.79999923706055,53.150001525878906,53.29999923706055,2057948,34.80582046508789
2005-02-01,53.099998474121094,54.70000076293945,52.95000076293945,54.45000076293945,2543231,35.55677795410156
2005-02-02,54.599998474121094,55.150001525878906,54.54999923706055,55.0,2058307,35.91593933105469
2005-02-03,55.099998474121094,55.25,54.25,54.599998474121094,1131080,35.654727935791016
2005-02-04,54.900001525878906,54.900001525878906,54.150001525878906,54.400001525878906,1084251,35.52413558959961
2005-02-07,54.54999923706055,54.95000076293945,54.5,54.75,974911,35.7526741027832
2005-02-08,54.849998474121094,55.54999923706055,54.79999923706055,55.5,1575167,36.242454528808594
2005-02-09,55.599998474121094,55.599998474121094,54.849998474121094,55.0,1201164,35.91593933105469
2005-02-10,55.20000076293945,55.54999923706055,54.900001525878906,55.29999923706055,1255251,36.111846923828125
2005-02-11,55.45000076293945,56.45000076293945,55.400001525878906,56.150001525878906,1985768,36.66693878173828
2005-02-14,56.20000076293945,56.54999923706055,55.95000076293945,56.150001525878906,1125815,36.66693878173828
2005-02-15,56.25,56.45000076293945,55.75,56.45000076293945,973849,36.86281967163086
2005-02-16,56.29999923706055,56.29999923706055,55.45000076293945,56.20000076293945,1665858,36.69956970214844
2005-02-17,56.20000076293945,56.349998474121094,55.849998474121094,55.849998474121094,981505,36.471004486083984
2005-02-18,55.70000076293945,57.29999923706055,55.70000076293945,57.20000076293945,2834477,37.352577209472656
2005-02-21,56.900001525878906,57.75,56.54999923706055,56.79999923706055,1344400,37.09137725830078
2005-02-22,57.0,57.0,56.20000076293945,56.400001525878906,1438234,36.83016586303711
2005-02-23,56.099998474121094,56.20000076293945,55.20000076293945,55.70000076293945,1366670,36.37306213378906
2005-02-24,55.75,55.75,55.0,55.650001525878906,976391,36.34041976928711
2005-02-25,55.849998474121094,56.0,55.5,55.900001525878906,705521,36.503662109375
2005-02-28,56.25,56.75,55.900001525878906,55.95000076293945,857578,36.53632354736328
2005-03-01,55.95000076293945,56.45000076293945,55.70000076293945,56.29999923706055,972911,36.76486587524414
2005-03-02,56.5,56.5,55.79999923706055,56.45000076293945,961878,36.86281967163086
2005-03-03,56.20000076293945,56.599998474121094,55.900001525878906,56.20000076293945,906780,36.69956970214844
2005-03-04,56.45000076293945,57.75,56.099998474121094,57.599998474121094,2239628,37.6137809753418
2005-03-07,57.599998474121094,58.29999923706055,57.5,57.900001525878906,1281348,37.809696197509766
2005-03-08,57.650001525878906,57.95000076293945,57.349998474121094,57.900001525878906,1247781,37.809696197509766
2005-03-09,58.04999923706055,58.150001525878906,57.20000076293945,57.20000076293945,1355492,37.352577209472656
2005-03-10,57.150001525878906,57.349998474121094,56.79999923706055,57.0,1221005,37.221981048583984
2005-03-11,57.29999923706055,57.900001525878906,57.0,57.099998474121094,821563,37.28727722167969
2005-03-14,57.0,57.95000076293945,57.0,57.5,922881,37.548492431640625
2005-03-15,57.79999923706055,58.0,57.400001525878906,57.400001525878906,784787,37.48319625854492
2005-03-16,57.349998474121094,57.650001525878906,56.599998474121094,56.599998474121094,1299620,36.96078109741211
2005-03-17,56.849998474121094,57.0,56.5,56.849998474121094,925595,37.124027252197266
2005-03-18,57.0,57.5,56.79999923706055,57.25,1203636,37.38523483276367
2005-03-21,57.25,57.45000076293945,56.599998474121094,56.849998474121094,804691,37.124027252197266
2005-03-22,56.95000076293945,57.150001525878906,56.25,56.70000076293945,963443,37.02607727050781
2005-03-23,56.29999923706055,56.849998474121094,56.150001525878906,56.400001525878906,874170,36.83016586303711
2005-03-24,56.70000076293945,57.099998474121094,56.20000076293945,56.849998474121094,865055,37.124027252197266
2005-03-25,56.849998474121094,56.849998474121094,56.849998474121094,56.849998474121094,0,37.124027252197266
2005-03-28,56.849998474121094,56.849998474121094,56.849998474121094,56.849998474121094,0,37.124027252197266
2005-03-29,56.5,57.349998474121094,56.25,57.20000076293945,906381,37.352577209472656
2005-03-30,56.900001525878906,57.400001525878906,56.54999923706055,57.0,944272,37.221981048583984
2005-03-31,57.5,58.099998474121094,57.349998474121094,57.70000076293945,1309232,37.67909622192383
2005-04-01,57.599998474121094,57.900001525878906,57.349998474121094,57.45000076293945,1080479,37.51584243774414
2005-04-04,57.0,57.29999923706055,56.29999923706055,56.599998474121094,1058732,36.96078109741211
2005-04-05,56.900001525878906,57.04999923706055,56.599998474121094,57.0,1533533,37.221981048583984
2005-04-06,57.099998474121094,57.900001525878906,56.900001525878906,57.79999923706055,1984397,37.744388580322266
2005-04-07,57.95000076293945,58.25,57.349998474121094,58.0,1974760,37.874996185302734
2005-04-08,58.25,58.75,58.20000076293945,58.45000076293945,1634234,38.168853759765625
2005-04-11,58.04999923706055,58.599998474121094,57.95000076293945,58.45000076293945,1022695,38.168853759765625
2005-04-12,58.45000076293945,58.45000076293945,58.04999923706055,58.04999923706055,809292,37.907649993896484
2005-04-13,58.599998474121094,58.650001525878906,58.150001525878906,58.45000076293945,991647,38.168853759765625
2005-04-14,57.900001525878906,58.349998474121094,57.849998474121094,57.849998474121094,885577,37.77704620361328
2005-04-15,57.29999923706055,57.54999923706055,56.29999923706055,56.400001525878906,2009493,36.83016586303711
2005-04-18,55.849998474121094,55.900001525878906,54.75,54.849998474121094,2797896,35.817996978759766
2005-04-19,55.29999923706055,55.400001525878906,54.79999923706055,55.25,1483962,36.079193115234375
2005-04-20,55.400001525878906,55.95000076293945,54.95000076293945,55.0,1547399,35.91593933105469
2005-04-21,55.0,56.400001525878906,55.0,55.70000076293945,2056147,36.37306213378906
2005-04-22,56.25,56.349998474121094,55.70000076293945,55.75,1030479,36.405696868896484
2005-04-25,55.75,56.0,55.349998474121094,55.95000076293945,805784,36.53632354736328
2005-04-26,56.099998474121094,56.099998474121094,55.349998474121094,55.75,1016410,36.405696868896484
2005-04-27,55.25,55.599998474121094,54.650001525878906,54.900001525878906,1352105,35.85064697265625
2005-04-28,54.95000076293945,55.25,53.849998474121094,54.349998474121094,1175047,35.49147415161133
2005-04-29,53.900001525878906,54.5,53.70000076293945,54.5,1170914,35.58943176269531
2005-05-02,55.0,55.25,54.599998474121094,55.0,514641,35.91593933105469
2005-05-03,55.400001525878906,55.400001525878906,54.95000076293945,55.04999923706055,843006,35.948604583740234
2005-05-04,55.25,55.5,54.75,55.150001525878906,803646,36.01389694213867
2005-05-05,55.099998474121094,55.849998474121094,55.099998474121094,55.79999923706055,876144,36.438358306884766
2005-05-06,55.70000076293945,55.849998474121094,55.20000076293945,55.75,776151,36.405696868896484
2005-05-09,56.0,56.099998474121094,55.650001525878906,55.95000076293945,1272184,36.53632354736328
2005-05-10,56.0,56.150001525878906,55.400001525878906,55.599998474121094,929436,36.3077507019043
2005-05-11,55.25,56.95000076293945,55.099998474121094,55.95000076293945,1752299,36.53632354736328
2005-05-12,56.5,57.29999923706055,56.04999923706055,57.04999923706055,2285985,37.2546272277832
2005-05-13,56.849998474121094,57.599998474121094,56.75,57.400001525878906,2112419,37.48319625854492
2005-05-16,57.099998474121094,57.900001525878906,57.099998474121094,57.70000076293945,812530,37.67909622192383
2005-05-17,57.95000076293945,57.95000076293945,57.04999923706055,57.349998474121094,1375322,37.45052719116211
2005-05-18,56.900001525878906,57.79999923706055,56.900001525878906,57.650001525878906,1510803,38.11162567138672
2005-05-19,57.75,58.150001525878906,57.75,58.099998474121094,918235,38.40909957885742
2005-05-20,58.099998474121094,58.25,57.70000076293945,58.099998474121094,982630,38.40909957885742
2005-05-23,58.29999923706055,58.349998474121094,57.95000076293945,58.0,859266,38.34299850463867
2005-05-24,58.150001525878906,58.5,57.95000076293945,58.349998474121094,718493,38.57437515258789
2005-05-25,58.04999923706055,58.099998474121094,57.650001525878906,57.95000076293945,1171049,38.30995559692383
2005-05-26,57.900001525878906,58.45000076293945,57.75,58.400001525878906,1205575,38.60744094848633
2005-05-27,58.54999923706055,58.54999923706055,57.900001525878906,58.20000076293945,1109744,38.475215911865234
2005-05-30,58.04999923706055,58.20000076293945,57.650001525878906,58.099998474121094,501896,38.40909957885742
2005-05-31,58.25,58.29999923706055,57.79999923706055,58.0,1086502,38.34299850463867
2005-06-01,58.20000076293945,60.75,58.04999923706055,60.599998474121094,3277140,40.06183624267578
2005-06-02,60.29999923706055,62.5,60.099998474121094,61.0,3112865,40.326263427734375
2005-06-03,61.25,61.650001525878906,60.95000076293945,61.20000076293945,1510608,40.45847702026367
2005-06-06,60.900001525878906,61.400001525878906,60.79999923706055,61.150001525878906,1051202,40.42542266845703
2005-06-07,61.400001525878906,61.900001525878906,61.20000076293945,61.79999923706055,1497302,40.85513687133789
2005-06-08,61.5,61.54999923706055,61.20000076293945,61.29999923706055,1059076,40.524593353271484
2005-06-09,61.29999923706055,61.70000076293945,60.95000076293945,61.599998474121094,1155689,40.72290802001953
2005-06-10,61.650001525878906,62.25,61.45000076293945,62.150001525878906,1210412,41.086517333984375
2005-06-13,62.0,62.70000076293945,61.849998474121094,62.70000076293945,992375,41.45010757446289
2005-06-14,62.400001525878906,63.0,62.150001525878906,63.0,993543,41.6484375
2005-06-15,62.900001525878906,63.349998474121094,62.04999923706055,62.25,1498563,41.15261459350586
2005-06-16,62.5,62.849998474121094,62.150001525878906,62.849998474121094,944410,41.54927444458008
2005-06-17,62.75,63.349998474121094,62.599998474121094,63.0,1603025,41.6484375
2005-06-20,62.70000076293945,63.04999923706055,62.5,63.0,1425075,41.6484375
2005-06-21,63.25,63.849998474121094,62.75,63.70000076293945,1300250,42.11119079589844
2005-06-22,63.599998474121094,64.3499984741211,63.45000076293945,63.95000076293945,1401134,42.276466369628906
2005-06-23,63.900001525878906,64.80000305175781,63.849998474121094,64.44999694824219,1496261,42.606998443603516
2005-06-24,63.70000076293945,64.05000305175781,63.29999923706055,63.5,1270398,41.978973388671875
2005-06-27,63.25,63.349998474121094,62.599998474121094,62.75,1548313,41.48316955566406
2005-06-28,62.650001525878906,63.5,62.599998474121094,63.349998474121094,891924,41.87981033325195
2005-06-29,63.599998474121094,64.3499984741211,63.599998474121094,64.0999984741211,1195625,42.37563705444336
2005-06-30,64.55000305175781,64.55000305175781,63.54999923706055,63.900001525878906,1237887,42.243404388427734
2005-07-01,63.900001525878906,65.19999694824219,63.79999923706055,64.9000015258789,1082440,42.904502868652344
2005-07-04,64.94999694824219,65.30000305175781,64.4000015258789,65.0,682341,42.970603942871094
2005-07-05,65.0,65.25,64.80000305175781,64.94999694824219,1593666,42.937557220458984
2005-07-06,65.19999694824219,65.6500015258789,64.94999694824219,65.1500015258789,949342,43.069766998291016
2005-07-07,64.75,64.8499984741211,60.79999923706055,63.5,4655163,41.978973388671875
2005-07-08,63.900001525878906,64.5,63.70000076293945,64.25,1227348,42.474788665771484
2005-07-11,64.5,65.30000305175781,64.44999694824219,64.94999694824219,1221874,42.937557220458984
2005-07-12,64.94999694824219,65.3499984741211,64.44999694824219,64.6500015258789,1103227,42.739227294921875
2005-07-13,64.69999694824219,65.4000015258789,64.69999694824219,65.19999694824219,1334239,43.10281753540039
2005-07-14,65.5,66.5,65.19999694824219,65.8499984741211,1262479,43.532535552978516
2005-07-15,66.0999984741211,66.69999694824219,65.9000015258789,66.30000305175781,1041267,43.83001708984375
2005-07-18,66.3499984741211,66.69999694824219,65.6500015258789,65.94999694824219,709907,43.5986328125
2005-07-19,66.25,67.30000305175781,65.8499984741211,67.30000305175781,1904543,44.491111755371094
2005-07-20,68.0,68.0,66.8499984741211,67.19999694824219,1037537,44.42499923706055
2005-07-21,67.5999984741211,68.69999694824219,67.1500015258789,68.05000305175781,1783573,44.98692321777344
2005-07-22,68.25,68.6500015258789,67.80000305175781,68.19999694824219,969828,45.08607864379883
2005-07-25,68.5,68.8499984741211,67.94999694824219,68.69999694824219,1069752,45.41663360595703
2005-07-26,69.5,69.8499984741211,68.55000305175781,69.0,2238928,45.61494064331055
2005-07-27,68.80000305175781,69.4000015258789,68.69999694824219,69.19999694824219,906431,45.74716567993164
2005-07-28,69.25,69.44999694824219,68.5999984741211,69.0999984741211,1037831,45.68105697631836
2005-07-29,69.44999694824219,69.5,68.1500015258789,68.55000305175781,981894,45.31745910644531
2005-08-01,68.69999694824219,69.0999984741211,67.80000305175781,68.4000015258789,821791,45.21830368041992
2005-08-02,68.4000015258789,68.69999694824219,68.1500015258789,68.44999694824219,658755,45.25135803222656
2005-08-03,68.25,68.5,67.80000305175781,68.1500015258789,1156460,45.05303192138672
2005-08-04,67.80000305175781,68.1500015258789,67.0,67.19999694824219,1312472,44.42499923706055
2005-08-05,67.0,67.0,66.05000305175781,66.05000305175781,1611861,43.66475296020508
2005-08-08,66.3499984741211,67.0999984741211,66.25,66.5999984741211,825285,44.02833557128906
2005-08-09,66.0,67.0,65.80000305175781,66.75,1232269,44.12751770019531
2005-08-10,67.0999984741211,67.94999694824219,66.80000305175781,67.80000305175781,1235545,44.8216552734375
2005-08-11,67.19999694824219,67.44999694824219,66.5,66.8499984741211,1211017,44.1936149597168
2005-08-12,66.5,66.75,65.8499984741211,66.0,894258,43.631690979003906
2005-08-15,65.80000305175781,65.9000015258789,65.5,65.5,631791,43.301143646240234
2005-08-16,66.0,66.69999694824219,65.75,65.75,1049335,43.46642303466797
2005-08-17,65.5999984741211,65.75,64.6500015258789,65.19999694824219,1251899,43.10281753540039
2005-08-18,65.4000015258789,65.4000015258789,64.5999984741211,65.25,940422,43.13587951660156
2005-08-19,65.19999694824219,65.9000015258789,65.19999694824219,65.69999694824219,949381,43.4333610534668
2005-08-22,66.0,66.44999694824219,65.8499984741211,66.3499984741211,868792,43.86308670043945
2005-08-23,66.05000305175781,66.30000305175781,65.5999984741211,66.05000305175781,1094851,43.66475296020508
2005-08-24,65.8499984741211,66.0999984741211,65.5,65.94999694824219,923050,43.5986328125
2005-08-25,65.30000305175781,65.55000305175781,64.80000305175781,64.94999694824219,1016124,42.937557220458984
2005-08-26,65.05000305175781,65.5,64.5999984741211,64.6500015258789,771879,42.739227294921875
2005-08-29,64.4000015258789,64.8499984741211,64.0999984741211,64.6500015258789,425127,42.739227294921875
2005-08-30,65.05000305175781,65.19999694824219,64.44999694824219,64.5999984741211,618033,42.706153869628906
2005-08-31,64.30000305175781,65.75,64.30000305175781,65.5,1089919,43.301143646240234
2005-09-01,65.80000305175781,66.4000015258789,65.55000305175781,65.75,879250,43.46642303466797
2005-09-02,65.55000305175781,66.1500015258789,65.05000305175781,65.5,1000577,43.301143646240234
2005-09-05,65.25,65.69999694824219,65.0,65.6500015258789,595425,43.400306701660156
2005-09-06,65.5,66.5999984741211,65.5,66.4000015258789,924334,43.896121978759766
2005-09-07,66.94999694824219,67.19999694824219,66.55000305175781,67.0999984741211,1165605,44.358882904052734
2005-09-08,66.75,67.4000015258789,66.1500015258789,67.0999984741211,1241116,44.358882904052734
2005-09-09,66.9000015258789,67.44999694824219,66.9000015258789,67.4000015258789,568073,44.55721664428711
2005-09-12,67.55000305175781,67.80000305175781,67.25,67.75,705143,44.7885856628418
2005-09-13,67.6500015258789,67.75,67.25,67.3499984741211,866480,44.524166107177734
2005-09-14,67.5999984741211,67.75,67.25,67.44999694824219,582061,44.590267181396484
2005-09-15,67.55000305175781,68.80000305175781,67.5,68.5,1550974,45.28439712524414
2005-09-16,68.5999984741211,69.0,68.30000305175781,68.69999694824219,1253146,45.41663360595703
2005-09-19,68.4000015258789,68.75,67.6500015258789,68.5999984741211,778916,45.35051727294922
2005-09-20,68.8499984741211,68.8499984741211,68.0,68.30000305175781,982584,45.1522102355957
2005-09-21,67.69999694824219,68.05000305175781,67.0999984741211,67.19999694824219,985389,44.42499923706055
2005-09-22,67.0,67.0999984741211,65.9000015258789,66.44999694824219,1120689,43.92917251586914
2005-09-23,66.5999984741211,67.25,66.0999984741211,67.0999984741211,780952,44.358882904052734
2005-09-26,67.1500015258789,68.6500015258789,67.1500015258789,68.5999984741211,1269381,45.35051727294922
2005-09-27,68.1500015258789,68.55000305175781,67.75,68.19999694824219,803755,45.08607864379883
2005-09-28,68.5999984741211,69.25,68.5999984741211,68.94999694824219,780358,45.5818977355957
2005-09-29,69.05000305175781,69.05000305175781,68.0999984741211,68.19999694824219,750201,45.08607864379883
2005-09-30,69.0,69.0,68.3499984741211,68.5999984741211,977151,45.35051727294922
2005-10-03,69.0,69.0999984741211,68.6500015258789,68.80000305175781,499384,45.48272705078125
2005-10-04,68.75,69.5,68.3499984741211,69.4000015258789,902700,45.87939453125
2005-10-05,68.94999694824219,69.30000305175781,68.5,68.5,966443,45.28439712524414
2005-10-06,68.0999984741211,68.25,66.8499984741211,67.4000015258789,1489112,44.55721664428711
2005-10-07,67.5,67.75,66.4000015258789,66.4000015258789,1400360,43.896121978759766
2005-10-10,66.80000305175781,68.0999984741211,66.80000305175781,68.05000305175781,1173065,44.98692321777344
2005-10-11,67.69999694824219,68.9000015258789,67.69999694824219,68.69999694824219,1217080,45.41663360595703
2005-10-12,68.19999694824219,69.0999984741211,68.0,68.44999694824219,1185669,45.25135803222656
2005-10-13,67.80000305175781,68.25,66.94999694824219,67.30000305175781,1896915,44.491111755371094
2005-10-14,67.05000305175781,68.5,66.80000305175781,68.3499984741211,1532805,45.18523406982422
2005-10-17,68.80000305175781,68.9000015258789,67.80000305175781,68.75,841043,45.449676513671875
2005-10-18,68.75,68.94999694824219,68.0,68.25,1284891,45.119136810302734
2005-10-19,67.5,68.9000015258789,66.5,66.80000305175781,2613346,44.16055679321289
2005-10-20,67.75,67.94999694824219,66.5999984741211,66.5999984741211,1535321,44.02833557128906
2005-10-21,66.3499984741211,67.4000015258789,66.05000305175781,66.1500015258789,1307141,43.7308464050293
2005-10-24,66.19999694824219,67.19999694824219,65.8499984741211,67.05000305175781,865322,44.32582473754883
2005-10-25,67.25,67.80000305175781,66.94999694824219,67.1500015258789,981571,44.39194869995117
2005-10-26,66.94999694824219,67.3499984741211,66.80000305175781,67.0,847277,44.292789459228516
2005-10-27,66.75,67.0,66.19999694824219,66.25,836813,43.796958923339844
2005-10-28,66.0,66.0999984741211,65.30000305175781,65.6500015258789,1370139,43.400306701660156
2005-10-31,66.1500015258789,67.55000305175781,66.1500015258789,67.55000305175781,1016284,44.6563606262207
2005-11-01,67.3499984741211,67.5,66.4000015258789,66.55000305175781,837251,43.99528503417969
2005-11-02,66.5,66.69999694824219,65.8499984741211,66.25,1011596,43.796958923339844
2005-11-03,66.3499984741211,67.4000015258789,66.19999694824219,67.19999694824219,1036848,44.42499923706055
2005-11-04,67.0,67.55000305175781,66.80000305175781,66.8499984741211,934027,44.1936149597168
2005-11-07,67.0,68.3499984741211,66.9000015258789,67.69999694824219,1076912,44.755531311035156
2005-11-08,68.0999984741211,69.4000015258789,68.0,68.3499984741211,2262880,45.18523406982422
2005-11-09,68.5999984741211,68.69999694824219,68.0999984741211,68.25,1056149,45.119136810302734
2005-11-10,68.5999984741211,69.19999694824219,68.44999694824219,68.69999694824219,888771,45.41663360595703
2005-11-11,69.55000305175781,69.94999694824219,69.30000305175781,69.69999694824219,1051986,46.07770538330078
2005-11-14,69.80000305175781,71.0999984741211,69.19999694824219,70.6500015258789,1404481,46.70573806762695
2005-11-15,70.69999694824219,71.25,70.19999694824219,71.0,1067763,46.93711853027344
2005-11-16,70.6500015258789,70.8499984741211,70.19999694824219,70.5999984741211,1064210,46.67268753051758
2005-11-17,71.0999984741211,71.75,71.0999984741211,71.19999694824219,958061,47.0693473815918
2005-11-18,72.1500015258789,72.75,71.44999694824219,71.80000305175781,1534468,47.465999603271484
2005-11-21,72.25,72.25,71.44999694824219,71.94999694824219,924005,47.565162658691406
2005-11-22,71.94999694824219,71.94999694824219,71.3499984741211,71.8499984741211,758297,47.49904251098633
2005-11-23,72.44999694824219,72.75,71.9000015258789,72.44999694824219,901736,47.89569091796875
2005-11-24,72.3499984741211,72.69999694824219,71.75,72.0999984741211,796603,47.66431427001953
2005-11-25,72.30000305175781,73.0,71.94999694824219,72.6500015258789,746862,48.02791213989258
2005-11-28,73.0,73.75,72.69999694824219,72.69999694824219,1508005,48.06096267700195
2005-11-29,72.69999694824219,73.1500015258789,72.19999694824219,72.9000015258789,832480,48.19320297241211
2005-11-30,72.94999694824219,73.19999694824219,72.4000015258789,72.80000305175781,1827654,48.127079010009766
2005-12-01,73.0999984741211,74.75,72.9000015258789,74.19999694824219,2097697,49.05259704589844
2005-12-02,74.19999694824219,74.25,73.4000015258789,73.75,874371,48.9199333190918
2005-12-05,73.75,74.44999694824219,73.3499984741211,73.94999694824219,1073122,49.052589416503906
2005-12-06,74.19999694824219,75.69999694824219,74.19999694824219,75.5,2092058,50.080753326416016
2005-12-07,75.6500015258789,75.6500015258789,74.5,74.5999984741211,1143754,49.48374938964844
2005-12-08,74.44999694824219,75.1500015258789,73.8499984741211,75.1500015258789,1132224,49.84858322143555
2005-12-09,74.75,75.05000305175781,74.5,74.69999694824219,633485,49.55009078979492
2005-12-12,75.0,75.44999694824219,74.4000015258789,75.0,970838,49.74909210205078
2005-12-13,75.05000305175781,75.55000305175781,74.9000015258789,75.0,995970,49.74909210205078
2005-12-14,75.0,75.55000305175781,74.0999984741211,74.30000305175781,1384498,49.284767150878906
2005-12-15,74.1500015258789,74.8499984741211,73.69999694824219,74.75,837121,49.583251953125
2005-12-16,74.69999694824219,76.0,74.5999984741211,75.05000305175781,1492431,49.782257080078125
2005-12-19,74.9000015258789,75.05000305175781,74.55000305175781,74.9000015258789,819751,49.68275833129883
2005-12-20,74.55000305175781,74.94999694824219,74.3499984741211,74.5,792406,49.417423248291016
2005-12-21,74.80000305175781,75.69999694824219,74.6500015258789,75.5999984741211,903062,50.14708709716797
2005-12-22,75.6500015258789,75.9000015258789,75.30000305175781,75.6500015258789,626005,50.18025588989258
2005-12-23,75.8499984741211,75.8499984741211,75.19999694824219,75.25,438481,49.9149169921875
2005-12-26,75.25,75.25,75.25,75.25,0,49.9149169921875
2005-12-27,75.75,76.19999694824219,75.5999984741211,75.94999694824219,405943,50.37923812866211
2005-12-28,76.05000305175781,76.8499984741211,75.8499984741211,76.3499984741211,585406,50.644569396972656
2005-12-29,76.5,76.8499984741211,75.94999694824219,76.3499984741211,490598,50.644569396972656
2005-12-30,76.0999984741211,76.25,74.80000305175781,75.05000305175781,632045,49.782257080078125
2006-01-02,75.5999984741211,76.3499984741211,75.25,76.0,438092,50.412418365478516
2006-01-03,76.0,76.94999694824219,75.8499984741211,76.19999694824219,1240139,50.545074462890625
2006-01-04,76.9000015258789,77.44999694824219,76.5999984741211,77.25,1199752,51.241573333740234
2006-01-05,77.4000015258789,77.44999694824219,76.80000305175781,77.0999984741211,1191026,51.14205551147461
2006-01-06,77.30000305175781,77.44999694824219,76.75,77.0999984741211,782294,51.14205551147461
2006-01-09,77.0999984741211,77.4000015258789,76.80000305175781,77.1500015258789,1186282,51.175228118896484
2006-01-10,77.44999694824219,77.5999984741211,76.19999694824219,76.69999694824219,1404002,50.87672805786133
2006-01-11,77.44999694824219,77.80000305175781,77.05000305175781,77.30000305175781,1085785,51.27473068237305
2006-01-12,77.5,77.94999694824219,77.3499984741211,77.94999694824219,847913,51.70588302612305
2006-01-13,77.69999694824219,77.80000305175781,76.55000305175781,77.05000305175781,1217038,51.10890197753906
2006-01-16,77.0999984741211,77.75,77.0,77.44999694824219,649348,51.37422180175781
2006-01-17,77.0,77.0,75.6500015258789,75.9000015258789,1593735,50.34608459472656
2006-01-18,75.05000305175781,75.9000015258789,74.6500015258789,75.5,1918701,50.080753326416016
2006-01-19,75.80000305175781,76.8499984741211,75.75,76.69999694824219,1513628,50.87672805786133
2006-01-20,76.3499984741211,76.3499984741211,74.5999984741211,74.75,3162028,49.583251953125
2006-01-23,74.3499984741211,74.6500015258789,73.0999984741211,74.05000305175781,2018319,49.11894607543945
2006-01-24,74.0,74.0999984741211,72.8499984741211,73.19999694824219,1638399,48.555091857910156
2006-01-25,73.9000015258789,73.9000015258789,72.55000305175781,73.0999984741211,1721446,48.48877716064453
2006-01-26,73.25,74.5,73.0999984741211,74.44999694824219,2602260,49.38425827026367
2006-01-27,75.25,76.30000305175781,74.55000305175781,75.25,2170538,49.9149169921875
2006-01-30,75.25,75.4000015258789,73.5999984741211,74.0999984741211,1911907,49.152103424072266
2006-01-31,73.80000305175781,75.0999984741211,73.80000305175781,74.25,1194411,49.2515983581543
2006-02-01,74.25,75.69999694824219,74.19999694824219,75.5,1839761,50.080753326416016
2006-02-02,75.0,76.30000305175781,74.94999694824219,75.19999694824219,1318447,49.88175582885742
2006-02-03,75.3499984741211,75.9000015258789,75.0,75.3499984741211,1270456,49.98125076293945
2006-02-06,75.75,76.0999984741211,75.1500015258789,75.25,887966,49.9149169921875
2006-02-07,75.5,75.75,74.25,74.5,1172630,49.417423248291016
2006-02-08,74.25,74.80000305175781,73.69999694824219,74.4000015258789,920303,49.35108947753906
2006-02-09,74.8499984741211,76.0,74.6500015258789,75.5,1383376,50.080753326416016
2006-02-10,75.6500015258789,75.80000305175781,75.0999984741211,75.30000305175781,885673,49.94808578491211
2006-02-13,75.1500015258789,75.4000015258789,74.55000305175781,75.4000015258789,977228,50.014427185058594
2006-02-14,75.4000015258789,75.69999694824219,74.55000305175781,75.05000305175781,930624,49.782257080078125
2006-02-15,75.55000305175781,75.5999984741211,74.8499984741211,75.1500015258789,1480980,49.84858322143555
2006-02-16,75.4000015258789,75.55000305175781,74.5999984741211,75.1500015258789,714580,49.84858322143555
2006-02-17,74.5999984741211,75.1500015258789,74.5999984741211,74.9000015258789,1177629,49.68275833129883
2006-02-20,74.8499984741211,75.0999984741211,73.8499984741211,74.0999984741211,1316651,49.152103424072266
2006-02-21,74.25,75.6500015258789,74.25,75.05000305175781,1470156,49.782257080078125
2006-02-22,75.1500015258789,76.80000305175781,75.0,76.69999694824219,1601405,50.87672805786133
2006-02-23,76.69999694824219,77.44999694824219,76.5,77.19999694824219,1925980,51.20840835571289
2006-02-24,76.8499984741211,77.19999694824219,76.0999984741211,76.8499984741211,1366656,50.976234436035156
2006-02-27,77.0,77.30000305175781,76.3499984741211,77.19999694824219,1054028,51.20840835571289
2006-02-28,77.55000305175781,78.1500015258789,76.25,76.25,1973372,50.5782356262207
2006-03-01,76.30000305175781,76.9000015258789,75.5999984741211,76.55000305175781,1530198,50.777244567871094
2006-03-02,78.19999694824219,80.94999694824219,78.0,79.3499984741211,5900005,52.63454055786133
2006-03-03,79.69999694824219,81.19999694824219,79.4000015258789,80.5999984741211,2587007,53.463687896728516
2006-03-06,81.3499984741211,81.3499984741211,79.9000015258789,80.19999694824219,1409322,53.19834899902344
2006-03-07,79.5999984741211,79.8499984741211,79.0999984741211,79.55000305175781,994003,52.76718521118164
2006-03-08,79.55000305175781,79.75,78.0999984741211,78.3499984741211,1630742,51.97121810913086
2006-03-09,79.0,79.4000015258789,78.5,79.25,1328961,52.56820297241211
2006-03-10,79.0999984741211,80.75,78.69999694824219,80.4000015258789,1512210,53.331016540527344
2006-03-13,80.94999694824219,81.5999984741211,80.3499984741211,81.1500015258789,1235375,53.828514099121094
2006-03-14,80.9000015258789,81.0999984741211,80.30000305175781,81.0,857271,53.72901153564453
2006-03-15,81.44999694824219,81.44999694824219,80.3499984741211,80.80000305175781,775872,53.59635543823242
2006-03-16,80.80000305175781,81.6500015258789,80.6500015258789,81.1500015258789,1239697,53.828514099121094
2006-03-17,81.44999694824219,81.94999694824219,80.80000305175781,81.30000305175781,1570731,53.92802047729492
2006-03-20,81.94999694824219,81.94999694824219,81.30000305175781,81.44999694824219,801210,54.027503967285156
2006-03-21,81.5999984741211,81.5999984741211,80.30000305175781,81.05000305175781,1238729,53.7621955871582
2006-03-22,80.5999984741211,81.0999984741211,80.25,81.05000305175781,1138925,53.7621955871582
2006-03-23,81.19999694824219,81.30000305175781,80.55000305175781,80.9000015258789,849499,53.66268539428711
2006-03-24,81.05000305175781,81.25,80.5,81.0999984741211,803163,53.79534149169922
2006-03-27,81.1500015258789,81.25,80.5,80.5999984741211,736083,53.463687896728516
2006-03-28,80.80000305175781,81.0,80.0999984741211,80.55000305175781,1156620,53.43053436279297
2006-03-29,80.5,80.9000015258789,80.25,80.8499984741211,688895,53.62950897216797
2006-03-30,81.0,81.30000305175781,80.75,81.30000305175781,1030108,53.92802047729492
2006-03-31,80.9000015258789,81.25,79.8499984741211,80.9000015258789,1262672,53.66268539428711
2006-04-03,80.5,81.55000305175781,80.5,81.55000305175781,1069698,54.09385299682617
2006-04-04,81.25,81.5999984741211,80.75,81.25,1379741,53.89485549926758
2006-04-05,81.69999694824219,81.8499984741211,81.19999694824219,81.5,1149390,54.06068420410156
2006-04-06,81.5,81.75,80.5999984741211,80.69999694824219,1020049,53.530006408691406
2006-04-07,80.75,80.9000015258789,79.8499984741211,79.9000015258789,1042738,52.999366760253906
2006-04-10,79.80000305175781,80.1500015258789,79.55000305175781,80.05000305175781,771046,53.098854064941406
2006-04-11,79.80000305175781,79.9000015258789,78.69999694824219,78.80000305175781,1347800,52.269710540771484
2006-04-12,78.44999694824219,79.3499984741211,78.44999694824219,79.05000305175781,1599738,52.43553161621094
2006-04-13,79.4000015258789,79.69999694824219,78.19999694824219,78.94999694824219,1326941,52.36920928955078
2006-04-18,78.94999694824219,79.6500015258789,78.3499984741211,79.5,1321988,52.734039306640625
2006-04-19,80.30000305175781,81.8499984741211,80.30000305175781,81.8499984741211,3236925,54.292842864990234
2006-04-20,83.0,84.30000305175781,82.75,83.5999984741211,2962695,55.45364761352539
2006-04-21,83.9000015258789,84.75,83.55000305175781,84.4000015258789,1977733,55.984310150146484
2006-04-24,84.0,84.55000305175781,83.69999694824219,84.4000015258789,1284046,55.984310150146484
2006-04-25,84.75,85.25,84.4000015258789,84.9000015258789,1545493,56.31595230102539
2006-04-26,85.3499984741211,85.75,84.5999984741211,85.30000305175781,880284,56.58129119873047
2006-04-27,85.1500015258789,85.25,83.8499984741211,84.75,1282175,56.21645736694336
2006-04-28,84.75,84.75,82.94999694824219,83.44999694824219,1835933,55.354148864746094
2006-05-02,83.1500015258789,84.5999984741211,83.0999984741211,84.3499984741211,793697,55.95114517211914
2006-05-03,84.5999984741211,84.9000015258789,83.30000305175781,83.55000305175781,1193697,55.42048645019531
2006-05-04,83.55000305175781,84.1500015258789,83.25,83.8499984741211,944141,55.61947250366211
2006-05-05,83.8499984741211,84.9000015258789,83.5999984741211,84.9000015258789,1065250,56.31595230102539
2006-05-08,84.9000015258789,85.94999694824219,84.5999984741211,85.55000305175781,878691,56.74712371826172
2006-05-09,85.5,85.69999694824219,84.30000305175781,84.8499984741211,1052493,56.28280258178711
2006-05-10,84.55000305175781,85.4000015258789,83.69999694824219,83.69999694824219,1141915,55.519981384277344
2006-05-11,84.05000305175781,85.6500015258789,83.9000015258789,84.05000305175781,2299917,55.75213623046875
2006-05-12,83.25,83.9000015258789,81.69999694824219,82.05000305175781,3076944,54.425514221191406
2006-05-15,81.69999694824219,81.75,79.6500015258789,79.8499984741211,2288598,52.96620178222656
2006-05-16,79.80000305175781,80.44999694824219,78.80000305175781,78.94999694824219,3215356,52.36920928955078
2006-05-17,78.80000305175781,79.69999694824219,75.6500015258789,75.6500015258789,2407026,50.18025588989258
2006-05-18,74.8499984741211,77.69999694824219,74.3499984741211,77.1500015258789,3154186,51.7913818359375
2006-05-19,77.19999694824219,79.0,77.0999984741211,78.4000015258789,2560098,52.63048553466797
2006-05-22,78.4000015258789,78.5,73.9000015258789,74.80000305175781,2734074,50.21382141113281
2006-05-23,75.1500015258789,78.05000305175781,75.1500015258789,77.44999694824219,2184881,51.992767333984375
2006-05-24,76.9000015258789,76.9000015258789,74.0,74.5999984741211,2809141,50.07954406738281
2006-05-25,74.5999984741211,76.69999694824219,73.94999694824219,76.4000015258789,1554430,51.28790283203125
2006-05-26,77.9000015258789,78.5999984741211,76.94999694824219,78.5999984741211,1522215,52.76479721069336
2006-05-29,78.25,78.8499984741211,77.6500015258789,78.19999694824219,652584,52.49626541137695
2006-05-30,78.30000305175781,78.5,75.75,76.25,2080074,51.18718719482422
2006-05-31,75.69999694824219,77.19999694824219,74.69999694824219,76.69999694824219,1486946,51.48927688598633
2006-06-01,76.5,76.94999694824219,75.25,76.5,1187102,51.35503005981445
2006-06-02,77.5,79.05000305175781,77.0,77.5,1672999,52.026344299316406
2006-06-05,77.5,77.75,75.94999694824219,76.19999694824219,984011,51.15364456176758
2006-06-06,75.0,75.75,73.69999694824219,73.9000015258789,1831923,49.60963439941406
2006-06-07,74.30000305175781,74.8499984741211,73.25,74.19999694824219,1297628,49.811031341552734
2006-06-08,72.0999984741211,72.6500015258789,71.19999694824219,71.3499984741211,3344393,47.89780807495117
2006-06-09,72.5,73.8499984741211,72.0999984741211,73.4000015258789,1864747,49.27397918701172
2006-06-12,73.4000015258789,73.5999984741211,71.5,71.75,1168852,48.16631317138672
2006-06-13,70.30000305175781,70.4000015258789,68.75,69.5999984741211,2412751,46.722999572753906
2006-06-14,70.0,71.25,69.1500015258789,70.5,2059282,47.32719039916992
2006-06-15,71.0999984741211,74.5,71.0999984741211,74.1500015258789,2407175,49.777462005615234
2006-06-16,75.5,76.0,72.25,72.5,2869314,48.66980743408203
2006-06-19,72.69999694824219,74.9000015258789,72.19999694824219,73.3499984741211,1253158,49.24042510986328
2006-06-20,73.0,74.3499984741211,72.6500015258789,74.1500015258789,1037543,49.777462005615234
2006-06-21,74.80000305175781,74.80000305175781,72.75,74.3499984741211,1257391,49.911720275878906
2006-06-22,75.05000305175781,75.69999694824219,73.25,73.8499984741211,1178618,49.576080322265625
2006-06-23,73.94999694824219,74.5,73.5999984741211,74.0999984741211,774797,49.743892669677734
2006-06-26,74.3499984741211,74.69999694824219,73.5999984741211,74.19999694824219,805782,49.811031341552734
2006-06-27,74.5,75.1500015258789,73.75,74.0999984741211,920383,49.743892669677734
2006-06-28,73.5999984741211,74.5,73.30000305175781,74.05000305175781,605158,49.710330963134766
2006-06-29,74.75,75.30000305175781,74.05000305175781,75.30000305175781,1076946,50.54945373535156
2006-06-30,76.69999694824219,78.19999694824219,76.1500015258789,77.5999984741211,1660701,52.093475341796875
2006-07-03,77.6500015258789,78.0999984741211,76.80000305175781,77.8499984741211,781172,52.26129150390625
2006-07-04,77.9000015258789,78.05000305175781,77.19999694824219,77.55000305175781,579981,52.059906005859375
2006-07-05,76.80000305175781,77.4000015258789,75.69999694824219,76.0999984741211,902941,51.086517333984375
2006-07-06,76.25,77.0,75.8499984741211,76.80000305175781,849581,51.556427001953125
2006-07-07,76.3499984741211,76.5999984741211,75.55000305175781,76.30000305175781,829586,51.22077560424805
2006-07-10,75.94999694824219,77.6500015258789,75.25,77.4000015258789,1617732,51.95920181274414
2006-07-11,76.9000015258789,76.94999694824219,75.44999694824219,75.9000015258789,1158026,50.95226287841797
2006-07-12,76.30000305175781,77.25,75.9000015258789,76.25,893401,51.18718719482422
2006-07-13,75.6500015258789,75.69999694824219,74.1500015258789,74.75,1328133,50.18025588989258
2006-07-14,73.55000305175781,73.9000015258789,71.75,72.0999984741211,2076586,48.40129852294922
2006-07-17,72.0,72.25,70.25,71.3499984741211,1643189,47.89780807495117
2006-07-18,71.05000305175781,72.55000305175781,70.69999694824219,71.5999984741211,1613999,48.06561279296875
2006-07-19,71.69999694824219,74.05000305175781,71.69999694824219,74.05000305175781,1385273,49.710330963134766
2006-07-20,74.5999984741211,74.80000305175781,73.94999694824219,74.1500015258789,757382,49.777462005615234
2006-07-21,73.94999694824219,74.05000305175781,72.8499984741211,73.44999694824219,976389,49.30753707885742
2006-07-24,73.4000015258789,75.9000015258789,73.30000305175781,75.3499984741211,1184716,50.58303451538086
2006-07-25,77.0,77.44999694824219,76.0999984741211,76.69999694824219,1588052,51.48927688598633
2006-07-26,77.05000305175781,78.30000305175781,76.6500015258789,77.55000305175781,998614,52.059906005859375
2006-07-27,78.30000305175781,78.8499984741211,77.0,78.75,1139907,52.865474700927734
2006-07-28,78.30000305175781,79.19999694824219,77.25,78.94999694824219,930968,52.9997444152832
2006-07-31,78.6500015258789,79.0,78.1500015258789,78.6500015258789,564852,52.79834747314453
2006-08-01,79.30000305175781,79.80000305175781,77.30000305175781,77.55000305175781,1240913,52.059906005859375
2006-08-02,77.9000015258789,78.94999694824219,77.5,78.8499984741211,913978,52.932594299316406
2006-08-03,79.25,79.3499984741211,77.5,78.25,972779,52.52983474731445
2006-08-04,78.8499984741211,79.25,77.9000015258789,79.05000305175781,688481,53.0668830871582
2006-08-07,78.05000305175781,78.19999694824219,76.69999694824219,76.94999694824219,1078028,51.65712356567383
2006-08-08,77.44999694824219,77.5,76.80000305175781,77.0,621782,51.69069290161133
2006-08-09,77.4000015258789,77.75,76.75,77.0,1061151,51.69069290161133
2006-08-10,76.3499984741211,76.4000015258789,74.5999984741211,75.19999694824219,1960602,50.48233413696289
2006-08-11,75.9000015258789,75.94999694824219,74.5,74.75,884227,50.18025588989258
2006-08-14,75.69999694824219,75.69999694824219,74.0999984741211,74.75,1488724,50.18025588989258
2006-08-15,74.5,76.0,74.5,75.9000015258789,1075301,50.95226287841797
2006-08-16,76.05000305175781,76.80000305175781,75.5999984741211,76.5999984741211,1184160,51.42215347290039
2006-08-17,76.80000305175781,78.19999694824219,76.30000305175781,77.80000305175781,1417686,52.22774887084961
2006-08-18,77.8499984741211,78.94999694824219,77.6500015258789,78.30000305175781,1279700,52.563385009765625
2006-08-21,78.25,78.5,77.1500015258789,77.55000305175781,547946,52.059906005859375
2006-08-22,78.0,78.25,77.3499984741211,78.25,753933,52.52983474731445
2006-08-23,78.19999694824219,78.3499984741211,77.1500015258789,77.44999694824219,697979,51.992767333984375
2006-08-24,77.75,78.0,76.80000305175781,77.3499984741211,976225,51.925636291503906
2006-08-25,77.4000015258789,78.25,77.25,77.94999694824219,580177,52.32841110229492
2006-08-28,77.9000015258789,78.55000305175781,77.5,78.3499984741211,482306,52.596961975097656
2006-08-29,78.3499984741211,80.19999694824219,78.05000305175781,79.19999694824219,1691587,53.16756820678711
2006-08-30,79.69999694824219,81.19999694824219,79.6500015258789,80.69999694824219,1362287,54.17451095581055
2006-08-31,81.0999984741211,81.30000305175781,79.94999694824219,80.3499984741211,1220194,53.939571380615234
2006-09-01,80.30000305175781,80.80000305175781,79.8499984741211,80.1500015258789,848480,53.80530548095703
2006-09-04,80.80000305175781,81.6500015258789,80.55000305175781,81.30000305175781,791209,54.57731246948242
2006-09-05,81.5999984741211,81.5999984741211,80.4000015258789,80.9000015258789,1079872,54.30878829956055
2006-09-06,80.94999694824219,81.30000305175781,80.30000305175781,80.4000015258789,703024,53.97312927246094
2006-09-07,79.0,79.0,76.94999694824219,77.75,3480442,52.19416427612305
2006-09-08,77.8499984741211,78.4000015258789,77.4000015258789,77.9000015258789,914737,52.294883728027344
2006-09-11,77.5,77.8499984741211,76.94999694824219,77.80000305175781,625915,52.22774887084961
2006-09-12,77.8499984741211,78.75,77.5,78.55000305175781,1200997,52.73122787475586
2006-09-13,79.1500015258789,79.19999694824219,78.44999694824219,78.94999694824219,850947,52.9997444152832
2006-09-14,79.1500015258789,79.75,78.0999984741211,78.69999694824219,1143087,52.831886291503906
2006-09-15,79.0,79.1500015258789,78.25,78.6500015258789,2209503,52.79834747314453
2006-09-18,78.94999694824219,79.30000305175781,78.55000305175781,78.94999694824219,714463,52.9997444152832
2006-09-19,78.94999694824219,79.25,77.9000015258789,78.4000015258789,844097,52.63048553466797
2006-09-20,78.3499984741211,80.0,78.25,79.44999694824219,1117557,53.33539962768555
2006-09-21,79.5,80.94999694824219,79.44999694824219,80.25,1292627,53.87244415283203
2006-09-22,79.75,79.94999694824219,79.05000305175781,79.55000305175781,1026926,53.40251159667969
2006-09-25,79.94999694824219,80.19999694824219,78.55000305175781,78.80000305175781,1191302,52.8990478515625
2006-09-26,79.44999694824219,80.44999694824219,79.25,80.1500015258789,1227883,53.80530548095703
2006-09-27,80.5,81.0,79.9000015258789,81.0,1209997,54.37592315673828
2006-09-28,81.0,81.3499984741211,80.5999984741211,80.80000305175781,926450,54.24165344238281
2006-09-29,80.94999694824219,81.6500015258789,80.9000015258789,81.25,879302,54.54375457763672
2006-10-02,81.75,82.1500015258789,80.30000305175781,80.6500015258789,883071,54.140960693359375
2006-10-03,80.69999694824219,80.9000015258789,80.0,80.75,691080,54.20809555053711
2006-10-04,81.0,81.05000305175781,79.8499984741211,80.30000305175781,1209386,53.906009674072266
2006-10-05,81.0,81.80000305175781,80.9000015258789,81.75,1115609,54.87940216064453
2006-10-06,81.5,81.8499984741211,81.0999984741211,81.80000305175781,579729,54.9129638671875
2006-10-09,81.5,81.69999694824219,80.6500015258789,80.8499984741211,876293,54.27522659301758
2006-10-10,81.25,81.25,80.5999984741211,81.25,1075365,54.54375457763672
2006-10-11,80.6500015258789,82.0999984741211,80.19999694824219,82.0,1186550,55.0472297668457
2006-10-12,82.1500015258789,82.5,82.0,82.30000305175781,856789,55.24861145019531
2006-10-13,82.5,83.19999694824219,82.19999694824219,82.9000015258789,995177,55.65139389038086
2006-10-16,83.0,83.19999694824219,82.30000305175781,82.6500015258789,667542,55.48357391357422
2006-10-17,81.5,81.5,79.80000305175781,80.6500015258789,2574746,54.140960693359375
2006-10-18,81.05000305175781,81.94999694824219,80.9000015258789,81.55000305175781,1239278,54.7451286315918
2006-10-19,81.0,82.1500015258789,80.9000015258789,81.8499984741211,844392,54.9465217590332
2006-10-20,82.0999984741211,82.3499984741211,81.30000305175781,81.6500015258789,831122,54.81226348876953
2006-10-23,82.0,82.55000305175781,81.6500015258789,82.25,761684,55.21506118774414
2006-10-24,81.94999694824219,82.3499984741211,81.5,81.94999694824219,1087862,55.01365661621094
2006-10-25,81.9000015258789,83.44999694824219,81.80000305175781,83.0,1296394,55.718528747558594
2006-10-26,83.6500015258789,83.9000015258789,82.6500015258789,82.8499984741211,1346309,55.61783981323242
2006-10-27,83.19999694824219,83.30000305175781,81.69999694824219,82.25,744229,55.21506118774414
2006-10-30,81.19999694824219,81.55000305175781,81.05000305175781,81.5,677576,54.71157455444336
2006-10-31,81.5,82.19999694824219,81.0999984741211,81.6500015258789,738000,54.81226348876953
2006-11-01,81.30000305175781,81.69999694824219,81.19999694824219,81.5,887016,54.71157455444336
2006-11-02,81.1500015258789,81.25,79.5,79.69999694824219,1910147,53.503211975097656
2006-11-03,79.80000305175781,80.75,79.5999984741211,80.1500015258789,1030372,53.80530548095703
2006-11-06,80.44999694824219,81.1500015258789,80.19999694824219,81.0,796974,54.37592315673828
2006-11-07,81.44999694824219,83.4000015258789,81.25,82.9000015258789,1676959,55.65139389038086
2006-11-08,82.6500015258789,82.80000305175781,81.6500015258789,82.0,983444,55.0472297668457
2006-11-09,82.3499984741211,82.4000015258789,81.5,81.8499984741211,1200207,54.9465217590332
2006-11-10,81.44999694824219,81.80000305175781,80.9000015258789,81.30000305175781,900095,54.57731246948242
2006-11-13,81.30000305175781,83.1500015258789,81.0999984741211,82.94999694824219,1393874,55.684967041015625
2006-11-14,83.3499984741211,83.80000305175781,82.8499984741211,83.0999984741211,1460264,55.78565979003906
2006-11-15,83.80000305175781,84.30000305175781,83.4000015258789,83.6500015258789,973596,56.15486526489258
2006-11-16,83.94999694824219,84.0,83.44999694824219,83.75,885177,56.22201156616211
2006-11-17,83.9000015258789,84.4000015258789,83.44999694824219,83.9000015258789,1251232,56.32270812988281
2006-11-20,83.75,84.30000305175781,83.05000305175781,84.05000305175781,881695,56.423404693603516
2006-11-21,83.75,84.44999694824219,83.75,84.3499984741211,754736,56.624813079833984
2006-11-22,84.5,84.9000015258789,83.69999694824219,83.8499984741211,1275665,56.28913879394531
2006-11-23,84.25,84.4000015258789,83.05000305175781,83.0999984741211,860469,55.78565979003906
2006-11-24,83.05000305175781,83.44999694824219,81.5,81.9000015258789,1756464,54.980098724365234
2006-11-27,81.55000305175781,81.80000305175781,79.44999694824219,79.55000305175781,4208770,53.40251159667969
2006-11-28,79.1500015258789,80.0,79.05000305175781,79.5,1720882,53.36894989013672
2006-11-29,79.8499984741211,80.4000015258789,79.55000305175781,80.25,1396588,53.87244415283203
2006-11-30,80.5,80.6500015258789,77.75,78.30000305175781,2060090,52.563385009765625
2006-12-01,78.5,78.69999694824219,76.1500015258789,76.1500015258789,3056869,51.316688537597656
2006-12-04,76.44999694824219,77.0,75.75,76.69999694824219,1468610,51.687313079833984
2006-12-05,76.94999694824219,78.0,76.5999984741211,77.55000305175781,1876288,52.26014709472656
2006-12-06,78.0999984741211,78.19999694824219,76.4000015258789,77.19999694824219,1458733,52.024288177490234
2006-12-07,76.8499984741211,77.80000305175781,76.55000305175781,77.30000305175781,1296205,52.09166717529297
2006-12-08,77.0,77.30000305175781,76.0999984741211,77.25,1195832,52.057979583740234
2006-12-11,78.25,78.9000015258789,77.9000015258789,78.4000015258789,2173319,52.83293914794922
2006-12-12,78.75,78.75,78.0,78.25,1300064,52.73188400268555
2006-12-13,78.44999694824219,79.4000015258789,78.1500015258789,79.19999694824219,1390830,53.372066497802734
2006-12-14,79.5,79.8499984741211,78.69999694824219,79.55000305175781,1774442,53.60790252685547
2006-12-15,79.94999694824219,80.3499984741211,79.0999984741211,80.19999694824219,1945096,54.04595184326172
2006-12-18,80.25,80.4000015258789,79.5,79.80000305175781,1674746,53.776405334472656
2006-12-19,79.4000015258789,79.80000305175781,78.69999694824219,79.19999694824219,1205004,53.372066497802734
2006-12-20,79.5999984741211,80.19999694824219,79.5,80.0999984741211,2107680,53.97855758666992
2006-12-21,79.8499984741211,80.4000015258789,79.1500015258789,79.25,1241778,53.4057502746582
2006-12-22,79.5,79.5,78.0999984741211,78.1500015258789,769037,52.66445541381836
2006-12-27,78.8499984741211,80.3499984741211,78.19999694824219,80.3499984741211,987605,54.14701843261719
2006-12-28,80.3499984741211,80.69999694824219,79.6500015258789,80.0,643639,53.91115951538086
2006-12-29,79.9000015258789,80.30000305175781,79.5999984741211,79.94999694824219,476129,53.877471923828125
2007-01-02,80.3499984741211,80.94999694824219,80.1500015258789,80.6500015258789,1102865,54.349185943603516
2007-01-03,80.5999984741211,80.75,79.19999694824219,79.4000015258789,1578910,53.5068244934082
2007-01-04,79.0999984741211,79.5,78.55000305175781,79.44999694824219,1432143,53.54051971435547
2007-01-05,79.0999984741211,79.3499984741211,78.5999984741211,78.5999984741211,1119231,52.967735290527344
2007-01-08,78.5,78.80000305175781,77.75,78.44999694824219,1365151,52.866641998291016
2007-01-09,78.5999984741211,78.8499984741211,77.80000305175781,77.80000305175781,1414880,52.428627014160156
2007-01-10,77.44999694824219,79.05000305175781,77.0999984741211,78.55000305175781,1579958,52.93403244018555
2007-01-11,78.80000305175781,79.80000305175781,77.80000305175781,79.5999984741211,1473186,53.6416015625
2007-01-12,79.80000305175781,79.80000305175781,78.30000305175781,78.80000305175781,1478927,53.102500915527344
2007-01-15,79.5,79.6500015258789,78.9000015258789,78.94999694824219,908425,53.203582763671875
2007-01-16,79.3499984741211,79.69999694824219,77.55000305175781,77.6500015258789,2377077,52.32752227783203
2007-01-17,77.69999694824219,78.80000305175781,77.69999694824219,78.55000305175781,1857350,52.93403244018555
2007-01-18,78.55000305175781,79.4000015258789,78.5,78.8499984741211,1743864,53.13618850708008
2007-01-19,78.55000305175781,79.30000305175781,78.19999694824219,79.0999984741211,1083242,53.30467224121094
2007-01-22,79.4000015258789,79.5999984741211,78.3499984741211,78.55000305175781,1013191,52.93403244018555
2007-01-23,79.05000305175781,79.25,77.44999694824219,77.9000015258789,1903063,52.49600601196289
2007-01-24,78.3499984741211,78.75,77.80000305175781,78.0999984741211,1509950,52.63078308105469
2007-01-25,78.05000305175781,79.5999984741211,78.0,78.55000305175781,1795444,52.93403244018555
2007-01-26,78.1500015258789,78.75,77.55000305175781,77.9000015258789,1344980,52.49600601196289
2007-01-29,79.5999984741211,79.5999984741211,79.0999984741211,79.0999984741211,1613423,53.30467224121094
2007-01-30,79.55000305175781,81.9000015258789,79.0999984741211,81.5,3688992,54.922000885009766
2007-01-31,81.94999694824219,81.94999694824219,80.69999694824219,80.9000015258789,1664014,54.51767349243164
2007-02-01,82.0,82.55000305175781,80.94999694824219,81.1500015258789,1939607,54.6861457824707
2007-02-02,81.55000305175781,81.69999694824219,80.69999694824219,81.1500015258789,1277793,54.6861457824707
2007-02-05,81.05000305175781,81.5,80.30000305175781,80.6500015258789,988146,54.349185943603516
2007-02-06,80.8499984741211,81.5,80.5999984741211,80.75,1145739,54.416595458984375
2007-02-07,80.69999694824219,81.8499984741211,80.5999984741211,81.30000305175781,1112093,54.787227630615234
2007-02-08,81.75,82.9000015258789,81.5,81.69999694824219,1878717,55.05678176879883
2007-02-09,82.94999694824219,83.25,82.55000305175781,82.80000305175781,2022679,55.798065185546875
2007-02-12,82.4000015258789,82.4000015258789,81.3499984741211,81.80000305175781,1415758,55.12417984008789
2007-02-13,82.0,82.44999694824219,81.5999984741211,82.0,1250256,55.25895690917969
2007-02-14,82.6500015258789,82.9000015258789,81.94999694824219,82.8499984741211,1163686,55.831748962402344
2007-02-15,86.05000305175781,88.0,85.19999694824219,87.69999694824219,5648262,59.10011672973633
2007-02-16,87.9000015258789,88.5999984741211,87.1500015258789,87.25,2760519,58.796871185302734
2007-02-19,87.69000244140625,88.55000305175781,87.41999816894531,87.8499984741211,1263648,59.20122528076172
2007-02-20,88.29000091552734,88.30000305175781,86.1500015258789,86.95999908447266,1492320,58.60143280029297
2007-02-21,87.52999877929688,87.69999694824219,86.29000091552734,86.94999694824219,1464635,58.59470748901367
2007-02-22,87.4000015258789,88.5,87.30999755859375,87.75,1625562,59.13382339477539
2007-02-23,88.25,88.4000015258789,87.5999984741211,88.19999694824219,1137382,59.43706130981445
2007-02-26,88.30000305175781,89.19999694824219,87.66999816894531,88.0,1600622,59.30230712890625
2007-02-27,87.23999786376953,87.44999694824219,83.7300033569336,84.62000274658203,4051743,57.024532318115234
2007-02-28,83.4000015258789,84.48999786376953,82.06999969482422,83.7300033569336,3761726,56.424781799316406
2007-03-01,83.25,84.27999877929688,81.30000305175781,83.25,3235829,56.10131072998047
2007-03-02,84.0,84.5999984741211,82.08000183105469,82.80999755859375,2221990,55.8048210144043
2007-03-05,81.9000015258789,82.87999725341797,80.94999694824219,82.36000061035156,2094229,55.501529693603516
2007-03-06,83.70999908447266,83.70999908447266,81.5999984741211,82.72000122070312,1982244,55.744144439697266
2007-03-07,83.05999755859375,83.33999633789062,82.05000305175781,83.0,1115781,55.932838439941406
2007-03-08,83.4000015258789,83.80000305175781,82.9000015258789,83.41000366210938,1551897,56.209136962890625
2007-03-09,82.94999694824219,84.48999786376953,82.62999725341797,83.95999908447266,1711049,56.57978057861328
2007-03-12,84.0999984741211,84.86000061035156,82.97000122070312,83.26000213623047,1174458,56.10803985595703
2007-03-13,82.62999725341797,83.58000183105469,82.01000213623047,82.25,1423605,55.42742156982422
2007-03-14,81.25,81.4000015258789,80.12000274658203,80.12000274658203,2862911,53.99203872680664
2007-03-15,81.58999633789062,81.75,80.12999725341797,80.77999877929688,2754800,54.436798095703125
2007-03-16,80.51000213623047,81.87999725341797,80.12999725341797,80.80999755859375,2049433,54.457008361816406
2007-03-19,82.38999938964844,82.4000015258789,81.55999755859375,82.02999877929688,1324555,55.2791633605957
2007-03-20,82.0,82.44999694824219,81.33000183105469,82.4000015258789,1238459,55.528499603271484
2007-03-21,82.58999633789062,82.83999633789062,82.08999633789062,82.5999984741211,1207665,55.66327667236328
2007-03-22,83.98999786376953,84.08999633789062,83.13999938964844,83.76000213623047,1299909,56.44499969482422
2007-03-23,83.7300033569336,83.88999938964844,83.20999908447266,83.27999877929688,1091375,56.12152099609375
2007-03-26,83.31999969482422,83.61000061035156,81.80000305175781,82.52999877929688,1417070,55.6161003112793
2007-03-27,83.19999694824219,83.61000061035156,82.80999755859375,83.05999755859375,893386,55.9732780456543
2007-03-28,82.61000061035156,82.77999877929688,81.37000274658203,82.12999725341797,1334025,55.3465461730957
2007-03-29,82.20999908447266,83.66999816894531,82.20999908447266,83.05999755859375,1135577,55.9732780456543
2007-03-30,83.22000122070312,83.8499984741211,82.80000305175781,83.05000305175781,1290055,55.96653747558594
2007-04-02,82.94999694824219,83.2699966430664,82.36000061035156,83.12000274658203,1113935,56.013702392578125
2007-04-03,83.80000305175781,84.58000183105469,83.31999969482422,84.27999877929688,1963844,56.795406341552734
2007-04-04,84.70999908447266,84.72000122070312,84.02999877929688,84.31999969482422,1387963,56.82238006591797
2007-04-05,84.33000183105469,85.22000122070312,84.0,85.0,1096229,57.280616760253906
2007-04-10,85.25,85.5,84.62999725341797,85.13999938964844,1288910,57.37496566772461
2007-04-11,85.13999938964844,85.75,84.94000244140625,85.05000305175781,1322734,57.3143196105957
2007-04-12,85.1500015258789,85.36000061035156,84.16999816894531,85.19999694824219,1576606,57.415401458740234
2007-04-13,85.54000091552734,85.95999908447266,84.69999694824219,85.76000213623047,1210899,57.79277801513672
2007-04-16,86.0,86.5,85.63999938964844,86.36000061035156,1366450,58.19710159301758
2007-04-17,86.05000305175781,86.36000061035156,85.26000213623047,86.01000213623047,1107548,57.96125411987305
2007-04-18,86.19000244140625,86.30999755859375,84.36000061035156,85.0,1571063,57.280616760253906
2007-04-19,84.30999755859375,84.80000305175781,83.41000366210938,84.80000305175781,2122912,57.14584732055664
2007-04-20,85.1500015258789,86.4000015258789,85.05000305175781,85.7699966430664,2035436,57.79951095581055
2007-04-23,86.0999984741211,86.4000015258789,85.25,85.69000244140625,1366905,57.74560546875
2007-04-24,85.20999908447266,86.0,84.80000305175781,85.12999725341797,1621097,57.36821365356445
2007-04-25,86.30000305175781,87.33999633789062,86.30000305175781,86.70999908447266,2522160,58.43297576904297
2007-04-26,87.76000213623047,88.0,86.4000015258789,86.66999816894531,1524955,58.406009674072266
2007-04-27,86.4000015258789,86.66000366210938,85.30999755859375,85.72000122070312,1406596,57.76582336425781
2007-04-30,85.69000244140625,86.30000305175781,85.45999908447266,85.97000122070312,1152741,57.934295654296875
2007-05-02,86.30000305175781,87.19999694824219,85.5999984741211,86.95999908447266,1379827,58.60143280029297
2007-05-03,87.48999786376953,87.5,86.23999786376953,86.68000030517578,1005911,58.41276550292969
2007-05-04,86.81999969482422,87.88999938964844,86.44999694824219,87.75,1274289,59.13382339477539
2007-05-07,87.94000244140625,88.47000122070312,87.5,87.91999816894531,872687,59.24837112426758
2007-05-08,87.63999938964844,87.87999725341797,86.54000091552734,86.75,1238019,58.459922790527344
2007-05-09,87.5199966430664,87.5199966430664,86.41000366210938,86.66999816894531,1251492,58.406009674072266
2007-05-10,86.8499984741211,86.93000030517578,85.41000366210938,85.62000274658203,1469644,57.698421478271484
2007-05-11,85.0999984741211,86.22000122070312,83.72000122070312,86.05999755859375,1671181,57.99492645263672
2007-05-14,86.48999786376953,86.48999786376953,85.20999908447266,85.69000244140625,1138063,57.74560546875
2007-05-15,84.5999984741211,85.4800033569336,84.16999816894531,85.19000244140625,1826235,58.15520095825195
2007-05-16,84.51000213623047,86.33999633789062,84.44000244140625,85.83000183105469,1857824,58.59208679199219
2007-05-17,86.2300033569336,86.2300033569336,85.2300033569336,85.43000030517578,615449,58.31903076171875
2007-05-18,85.30000305175781,87.05000305175781,85.30000305175781,86.3499984741211,1784245,58.94706726074219
2007-05-21,86.73999786376953,86.76000213623047,86.01000213623047,86.52999877929688,842287,59.069942474365234
2007-05-22,86.52999877929688,86.81999969482422,86.0999984741211,86.44999694824219,828694,59.01533508300781
2007-05-23,86.98999786376953,87.44000244140625,86.7300033569336,87.0199966430664,1164088,59.40443801879883
2007-05-24,86.8499984741211,87.48999786376953,86.1500015258789,86.4000015258789,1285951,58.9812126159668
2007-05-25,86.41000366210938,86.94999694824219,86.16000366210938,86.61000061035156,1110408,59.12456512451172
2007-05-28,86.91999816894531,87.3499984741211,86.80000305175781,87.13999938964844,186563,59.486385345458984
2007-05-29,87.1500015258789,87.9000015258789,86.9000015258789,87.5,1050715,59.732120513916016
2007-05-30,86.75,87.12999725341797,85.37999725341797,86.30000305175781,1743847,58.91293716430664
2007-05-31,86.80000305175781,87.9000015258789,86.6500015258789,87.72000122070312,1712159,59.88230514526367
2007-06-01,87.4000015258789,87.52999877929688,86.55000305175781,86.8499984741211,1763669,59.28840255737305
2007-06-04,86.9000015258789,86.93000030517578,85.83999633789062,86.48999786376953,1194664,59.04265594482422
2007-06-05,86.88999938964844,86.88999938964844,85.08999633789062,85.08999633789062,1667100,58.086944580078125
2007-06-06,85.3499984741211,85.9000015258789,84.5999984741211,85.0,2019716,58.02548599243164
2007-06-07,85.0,85.44999694824219,83.9000015258789,84.08000183105469,1815042,57.39744186401367
2007-06-08,83.55000305175781,84.87999725341797,83.25,84.05000305175781,1818046,57.3769645690918
2007-06-11,84.91000366210938,84.9800033569336,84.06999969482422,84.62999725341797,1343168,57.77289962768555
2007-06-12,84.79000091552734,85.0999984741211,84.08999633789062,84.38999938964844,1155820,57.60906219482422
2007-06-13,83.97000122070312,84.8499984741211,83.5199966430664,84.25,1313965,57.513492584228516
2007-06-14,85.18000030517578,86.37000274658203,84.41999816894531,86.30000305175781,1717465,58.91293716430664
2007-06-15,86.6500015258789,87.37999725341797,85.80000305175781,86.9800033569336,2607085,59.37714385986328
2007-06-18,87.19999694824219,87.19999694824219,85.80000305175781,86.04000091552734,1204144,58.73546600341797
2007-06-19,85.66000366210938,86.25,84.70999908447266,85.01000213623047,1422246,58.032325744628906
2007-06-20,85.11000061035156,85.98999786376953,85.11000061035156,85.37999725341797,1252011,58.28489685058594
2007-06-21,84.5999984741211,85.79000091552734,84.5999984741211,85.4800033569336,1706924,58.353172302246094
2007-06-22,85.19999694824219,85.5999984741211,84.5999984741211,84.83999633789062,1152328,57.91625213623047
2007-06-25,84.5,84.98999786376953,83.80000305175781,84.79000091552734,1057578,57.88214111328125
2007-06-26,84.0199966430664,84.3499984741211,83.51000213623047,83.73999786376953,1644277,57.16535568237305
2007-06-27,83.5,84.0999984741211,82.31999969482422,83.52999877929688,1853493,57.02200698852539
2007-06-28,84.16999816894531,84.76000213623047,83.80000305175781,84.58000183105469,1215292,57.73877716064453
2007-06-29,84.58000183105469,85.69999694824219,83.75,85.54000091552734,1488453,58.39411163330078
2007-07-02,85.25,85.25,84.30999755859375,84.58999633789062,997590,57.74560546875
2007-07-03,85.25,85.62000274658203,84.75,84.88999938964844,1172591,57.950408935546875
2007-07-04,85.0,85.63999938964844,84.30000305175781,85.0199966430664,1027806,58.03915786743164
2007-07-05,85.08999633789062,85.4000015258789,84.47000122070312,84.73999786376953,1014545,57.84800720214844
2007-07-06,84.80000305175781,84.95999908447266,84.30999755859375,84.87000274658203,1146814,57.936737060546875
2007-07-09,85.0,85.23999786376953,84.52999877929688,85.0,935718,58.02548599243164
2007-07-10,85.19999694824219,85.37999725341797,83.7699966430664,83.80000305175781,1350095,57.206295013427734
2007-07-11,83.19999694824219,83.56999969482422,82.62000274658203,83.25,1832847,56.83084487915039
2007-07-12,83.16999816894531,84.08000183105469,82.69000244140625,84.0,1505281,57.34284591674805
2007-07-13,84.69999694824219,84.91000366210938,83.9000015258789,84.37000274658203,1279849,57.595428466796875
2007-07-16,84.5,84.69999694824219,84.01000213623047,84.41000366210938,1273601,57.62270736694336
2007-07-17,84.16000366210938,84.41000366210938,83.33000183105469,83.98999786376953,1514922,57.335994720458984
2007-07-18,83.19000244140625,83.58999633789062,82.69999694824219,82.69999694824219,1335669,56.455379486083984
2007-07-19,83.0199966430664,83.66999816894531,82.80999755859375,83.43000030517578,1296416,56.95370101928711
2007-07-20,83.19999694824219,83.5199966430664,82.0199966430664,82.12000274658203,1571659,56.05943298339844
2007-07-23,82.05999755859375,82.98999786376953,81.4000015258789,82.9000015258789,1121270,56.5919189453125
2007-07-24,82.94999694824219,84.0999984741211,82.20999908447266,82.54000091552734,1886610,56.34615707397461
2007-07-25,82.5,82.7300033569336,81.4000015258789,82.08000183105469,1574554,56.03214645385742
2007-07-26,82.48999786376953,82.48999786376953,80.0999984741211,80.25,2022831,54.78288650512695
2007-07-27,80.25,82.9000015258789,79.0199966430664,81.01000213623047,3773476,55.30169677734375
2007-07-30,80.83000183105469,82.0,80.30999755859375,80.70999908447266,2437335,55.096900939941406
2007-07-31,81.61000061035156,82.79000091552734,81.5199966430664,82.76000213623047,2175124,56.4963493347168
2007-08-01,81.0999984741211,81.83999633789062,79.87999725341797,81.31999969482422,2331634,55.513336181640625
2007-08-02,82.0999984741211,82.6500015258789,80.55999755859375,81.11000061035156,1617625,55.36997985839844
2007-08-03,81.5,81.5,79.9000015258789,80.20999908447266,1282326,54.75558853149414
2007-08-06,79.5,79.80000305175781,78.81999969482422,79.3499984741211,1645716,54.16849899291992
2007-08-07,80.0999984741211,81.2300033569336,80.0,81.2300033569336,1592695,55.45188903808594
2007-08-08,82.0,83.91999816894531,82.0,83.5,2505317,57.00150680541992
2007-08-09,83.58000183105469,84.4000015258789,81.93000030517578,82.83000183105469,3020898,56.544132232666016
2007-08-10,81.12000274658203,83.4000015258789,81.12000274658203,81.19999694824219,2705506,55.43140411376953
2007-08-13,81.54000091552734,82.47000122070312,81.25,82.19999694824219,1617967,56.11404800415039
2007-08-14,81.5,82.06999969482422,80.5,80.80000305175781,1474681,55.15834045410156
2007-08-15,80.19999694824219,80.55000305175781,79.23999786376953,79.98999786376953,1825472,54.60539627075195
2007-08-16,78.80000305175781,79.1500015258789,77.38999938964844,77.48999786376953,2811803,52.89875411987305
2007-08-17,77.63999938964844,81.0,77.05999755859375,78.9000015258789,3284174,53.86131286621094
2007-08-20,79.69999694824219,80.2300033569336,79.20999908447266,79.52999877929688,1182283,54.2913932800293
2007-08-21,79.8499984741211,80.37999725341797,78.61000061035156,79.8499984741211,1787111,54.509822845458984
2007-08-22,80.19999694824219,81.19999694824219,80.0999984741211,80.62000274658203,1591169,55.03546905517578
2007-08-23,81.44999694824219,82.0,80.41000366210938,80.41000366210938,1096380,54.89213180541992
2007-08-24,79.79000091552734,81.12000274658203,79.79000091552734,80.70999908447266,891397,55.096900939941406
2007-08-27,81.12000274658203,81.55999755859375,81.01000213623047,81.2300033569336,533928,55.45188903808594
2007-08-28,80.9000015258789,81.02999877929688,79.41000366210938,79.5999984741211,1323458,54.33917236328125
2007-08-29,79.0,79.69999694824219,78.5,78.98999786376953,1692295,53.922767639160156
2007-08-30,79.87000274658203,81.0,79.26000213623047,80.7699966430664,1921376,55.13787078857422
2007-08-31,81.36000061035156,82.44999694824219,81.0999984741211,81.98999786376953,1760619,55.97069549560547
2007-09-03,82.29000091552734,82.33000183105469,81.31999969482422,81.33000183105469,831802,55.520172119140625
2007-09-04,80.97000122070312,81.86000061035156,80.5999984741211,81.62999725341797,954399,55.72494888305664
2007-09-05,81.27999877929688,81.37999725341797,79.61000061035156,79.75,1568447,54.44156265258789
2007-09-06,80.12999725341797,80.94999694824219,79.27999877929688,80.87000274658203,1398502,55.20613479614258
2007-09-07,80.4800033569336,81.22000122070312,78.63999938964844,78.98999786376953,1761343,53.922767639160156
2007-09-10,79.27999877929688,79.44999694824219,78.0,78.33000183105469,1362951,53.47218704223633
2007-09-11,79.0,79.41000366210938,78.05000305175781,79.18000030517578,1339509,54.05244827270508
2007-09-12,79.19000244140625,80.19999694824219,78.8499984741211,79.88999938964844,1336249,54.537139892578125
2007-09-13,79.83999633789062,80.4800033569336,79.18000030517578,80.19999694824219,1430843,54.7487678527832
2007-09-14,79.72000122070312,80.58999633789062,79.11000061035156,80.19000244140625,1246691,54.74193572998047
2007-09-17,80.25,80.25,78.88999938964844,78.91999816894531,1389287,53.87495803833008
2007-09-18,78.86000061035156,80.68000030517578,78.38999938964844,80.5,1514215,54.95355224609375
2007-09-19,82.0,82.6500015258789,81.55000305175781,82.29000091552734,2031615,56.175514221191406
2007-09-20,81.91999816894531,81.91999816894531,81.16999816894531,81.66000366210938,1028591,55.74543380737305
2007-09-21,80.9000015258789,83.19000244140625,80.9000015258789,82.81999969482422,2457014,56.53730773925781
2007-09-24,83.19999694824219,83.55999755859375,82.62000274658203,82.69000244140625,1278002,56.44855880737305
2007-09-25,82.62999725341797,83.0,81.5999984741211,82.55000305175781,1414319,56.352996826171875
2007-09-26,82.30000305175781,83.4000015258789,82.30000305175781,83.0,1127899,56.660194396972656
2007-09-27,83.91999816894531,84.05000305175781,82.94999694824219,83.37000274658203,1357349,56.91276168823242
2007-09-28,83.5,84.1500015258789,82.58999633789062,84.06999969482422,1426551,57.390625
2007-10-01,83.76000213623047,85.5999984741211,83.30000305175781,85.12000274658203,1916074,58.1074104309082
2007-10-02,85.87999725341797,86.0,85.25,85.55000305175781,1117723,58.400943756103516
2007-10-03,85.31999969482422,85.55000305175781,84.7699966430664,85.48999786376953,703891,58.360008239746094
2007-10-04,85.0999984741211,86.0,85.0999984741211,85.91999816894531,917919,58.653526306152344
2007-10-05,85.88999938964844,86.12999725341797,84.73999786376953,85.98999786376953,1632850,58.70133590698242
2007-10-08,86.0,86.37000274658203,85.73999786376953,86.0999984741211,948717,58.776405334472656
2007-10-09,85.7699966430664,86.6500015258789,85.51000213623047,86.20999908447266,977898,58.85151672363281
2007-10-10,85.80000305175781,86.19000244140625,85.20999908447266,85.6500015258789,871117,58.46922302246094
2007-10-11,85.37000274658203,86.6500015258789,85.33999633789062,85.97000122070312,857359,58.687660217285156
2007-10-12,85.30000305175781,85.5999984741211,84.70999908447266,85.5,1361717,58.366825103759766
2007-10-15,87.19999694824219,89.18000030517578,87.19999694824219,87.68000030517578,3330687,59.8549919128418
2007-10-16,87.68000030517578,88.19999694824219,86.1500015258789,86.4800033569336,1885346,59.03582000732422
2007-10-17,86.63999938964844,88.41000366210938,86.30000305175781,88.1500015258789,1739608,60.17585372924805
2007-10-18,88.0,89.16000366210938,86.95999908447266,87.06999969482422,1779677,59.43858337402344
2007-10-19,87.25,88.45999908447266,87.0999984741211,87.81999969482422,1523574,59.95057678222656
2007-10-22,85.77999877929688,86.86000061035156,85.77999877929688,86.62999725341797,1562736,59.138206481933594
2007-10-23,86.62999725341797,87.4800033569336,85.8499984741211,86.06999969482422,1638126,58.75592041015625
2007-10-24,85.72000122070312,87.0,84.9000015258789,86.02999877929688,1709474,58.72864532470703
2007-10-25,86.27999877929688,87.80999755859375,86.0199966430664,87.80999755859375,1335943,59.943748474121094
2007-10-26,87.5999984741211,88.48999786376953,87.0999984741211,88.2300033569336,1516554,60.23046875
2007-10-29,88.47000122070312,89.36000061035156,88.30999755859375,88.93000030517578,1245118,60.70831298828125
2007-10-30,88.62000274658203,88.66999816894531,87.87000274658203,88.12000274658203,1092359,60.155364990234375
2007-10-31,88.12000274658203,89.0,87.94999694824219,88.87999725341797,977723,60.674171447753906
2007-11-01,89.18000030517578,89.19999694824219,86.9000015258789,87.72000122070312,1387399,59.88230514526367
2007-11-02,86.75,87.66999816894531,85.19999694824219,86.12999725341797,2872044,58.796878814697266
2007-11-05,85.4800033569336,86.37999725341797,85.30999755859375,85.9000015258789,1255366,58.63987731933594
2007-11-06,85.91000366210938,86.30000305175781,85.30999755859375,86.06999969482422,1001564,58.75592041015625
2007-11-07,85.6500015258789,86.0,83.88999938964844,84.4000015258789,2133911,57.615909576416016
2007-11-08,83.0,84.4800033569336,83.0,83.45999908447266,1969204,56.974212646484375
2007-11-09,83.31999969482422,84.0999984741211,81.06999969482422,81.7699966430664,2675540,55.820518493652344
2007-11-12,81.4000015258789,81.6500015258789,79.77999877929688,80.81999969482422,3259480,55.1719970703125
2007-11-13,80.4800033569336,81.79000091552734,80.08000183105469,81.5,1595993,55.636207580566406
2007-11-14,82.05999755859375,83.52999877929688,81.7699966430664,82.81999969482422,1714250,56.53730773925781
2007-11-15,83.01000213623047,83.2300033569336,81.12999725341797,81.94999694824219,1655864,55.943389892578125
2007-11-16,81.41999816894531,81.5,80.38999938964844,80.7699966430664,2172704,55.13787078857422
2007-11-19,81.0,81.5199966430664,79.02999877929688,79.33000183105469,2271354,54.154850006103516
2007-11-20,79.5199966430664,80.19000244140625,78.31999969482422,79.69000244140625,1875375,54.40061569213867
2007-11-21,78.94999694824219,79.19999694824219,77.62999725341797,78.0,2092306,53.246917724609375
2007-11-22,78.43000030517578,80.0,78.08000183105469,78.97000122070312,1548057,53.90909194946289
2007-11-23,79.5,80.58000183105469,79.02999877929688,80.27999877929688,1610644,54.8033561706543
2007-11-26,81.12999725341797,81.68000030517578,80.18000030517578,80.44999694824219,1514384,54.91941833496094
2007-11-27,79.6500015258789,79.87999725341797,78.1500015258789,79.73999786376953,2465550,54.43474197387695
2007-11-28,80.23999786376953,82.45999908447266,79.06999969482422,82.4000015258789,2536332,56.49858474731445
2007-11-29,82.87999725341797,83.16999816894531,81.66999816894531,82.61000061035156,1527430,56.64257049560547
2007-11-30,82.62000274658203,83.5,82.33999633789062,82.94000244140625,1299419,56.86884689331055
2007-12-03,83.04000091552734,83.6500015258789,82.0999984741211,82.37999725341797,1315080,56.4848518371582
2007-12-04,82.62999725341797,83.22000122070312,80.83000183105469,81.70999908447266,1379112,56.025489807128906
2007-12-05,82.38999938964844,82.87000274658203,81.6500015258789,82.5999984741211,1092359,56.6357307434082
2007-12-06,82.9800033569336,84.37999725341797,82.76000213623047,83.38999938964844,1789472,57.17737579345703
2007-12-07,83.55999755859375,85.0,83.55999755859375,84.33999633789062,1630745,57.828773498535156
2007-12-10,83.5,85.30000305175781,83.5,84.55000305175781,1175435,57.97275161743164
2007-12-11,84.69999694824219,85.08000183105469,84.0,84.37000274658203,1288194,57.84933090209961
2007-12-12,83.5,85.9000015258789,83.37999725341797,84.69999694824219,1186800,58.075584411621094
2007-12-13,83.9000015258789,84.02999877929688,82.19000244140625,82.4000015258789,1963265,56.49858474731445
2007-12-14,82.83999633789062,83.5,82.19999694824219,82.88999938964844,988916,56.83455276489258
2007-12-17,82.0,82.58999633789062,81.55000305175781,81.80000305175781,1572115,56.087188720703125
2007-12-18,81.3499984741211,82.72000122070312,80.73999786376953,80.95999908447266,1846046,55.51122283935547
2007-12-19,81.0,81.5,80.25,81.0999984741211,1409033,55.607208251953125
2007-12-20,81.4800033569336,82.13999938964844,80.80999755859375,81.1500015258789,1257562,55.641510009765625
2007-12-21,82.0,82.8499984741211,81.36000061035156,82.0,3116507,56.22431945800781
2007-12-24,82.75,82.75,81.80999755859375,82.37999725341797,151683,56.4848518371582
2007-12-27,83.0,83.5999984741211,82.33000183105469,82.58999633789062,885061,56.62886047363281
2007-12-28,82.1500015258789,83.1500015258789,81.88999938964844,82.87000274658203,778659,56.82084655761719
2007-12-31,83.11000061035156,83.33000183105469,82.11000061035156,82.68000030517578,142231,56.69057846069336
2008-01-02,82.9800033569336,83.93000030517578,81.76000213623047,82.0999984741211,977565,56.292884826660156
2008-01-03,81.98999786376953,82.51000213623047,80.93000030517578,81.54000091552734,1259516,55.90891647338867
2008-01-04,81.79000091552734,81.94000244140625,78.70999908447266,79.11000061035156,2465950,54.24275207519531
2008-01-07,78.98999786376953,79.62999725341797,78.56999969482422,79.08999633789062,1722923,54.229034423828125
2008-01-08,79.2699966430664,80.20999908447266,79.13999938964844,79.13999938964844,1278936,54.26332473754883
2008-01-09,79.0,79.0,75.47000122070312,76.16000366210938,4408419,52.220054626464844
2008-01-10,76.81999969482422,76.98999786376953,74.81999969482422,75.16999816894531,2015329,51.541259765625
2008-01-11,75.11000061035156,75.80000305175781,72.19999694824219,73.16999816894531,4474793,50.1699104309082
2008-01-14,72.6500015258789,74.25,72.6500015258789,73.56999969482422,1794116,50.44417190551758
2008-01-15,73.75,73.79000091552734,70.4000015258789,70.80000305175781,3465512,48.544898986816406
2008-01-16,70.4000015258789,71.54000091552734,69.12000274658203,70.98999786376953,3793294,48.67517852783203
2008-01-17,71.98999786376953,73.19999694824219,69.72000122070312,69.93000030517578,3719615,47.94837951660156
2008-01-18,70.0,71.69999694824219,69.5,70.11000061035156,2858872,48.07179641723633
2008-01-21,68.98999786376953,69.4000015258789,64.77999877929688,65.41000366210938,5813597,44.84918212890625
2008-01-22,62.29999923706055,68.27999877929688,61.95000076293945,67.48999786376953,5344139,46.275360107421875
2008-01-23,68.55000305175781,68.69999694824219,62.779998779296875,64.5199966430664,4276146,44.23894119262695
2008-01-24,67.5,70.38999938964844,66.5,70.30999755859375,4395439,48.20893096923828
2008-01-25,71.38999938964844,71.9000015258789,69.5999984741211,69.77999877929688,3165025,47.84550857543945
2008-01-28,68.66000366210938,69.4800033569336,67.93000030517578,68.7699966430664,1818288,47.15300369262695
2008-01-29,69.16000366210938,70.29000091552734,68.80000305175781,70.11000061035156,1900122,48.07179641723633
2008-01-30,70.0,70.12000274658203,68.55000305175781,69.41999816894531,1881391,47.598690032958984
2008-01-31,69.0,69.6500015258789,67.13999938964844,68.52999877929688,2577606,46.98844528198242
2008-02-01,69.16000366210938,71.5,69.16000366210938,71.16999816894531,3204357,48.79859161376953
2008-02-04,72.58999633789062,72.95999908447266,71.04000091552734,71.25,2018285,48.85344696044922
2008-02-05,71.43000030517578,71.4800033569336,68.5999984741211,68.9800033569336,2270845,47.29700469970703
2008-02-06,67.80000305175781,70.0,66.5,69.70999908447266,4102648,47.797523498535156
2008-02-07,69.36000061035156,69.9000015258789,68.4000015258789,68.94999694824219,3839822,47.276432037353516
2008-02-08,69.30000305175781,69.9800033569336,68.37999725341797,68.91000366210938,2224658,47.249000549316406
2008-02-11,68.01000213623047,69.26000213623047,67.5199966430664,68.0,1907427,46.62504959106445
2008-02-12,68.08000183105469,70.75,68.0,70.55000305175781,1710676,48.37348175048828
2008-02-13,69.69000244140625,70.80000305175781,69.0999984741211,70.33000183105469,1535242,48.22264099121094
2008-02-14,71.45999908447266,71.75,70.1500015258789,70.5,1620385,48.339195251464844
2008-02-15,70.69999694824219,71.30999755859375,68.08000183105469,69.0,1822419,47.310699462890625
2008-02-18,69.9000015258789,70.38999938964844,69.4800033569336,70.12000274658203,1011635,48.078651428222656
2008-02-19,71.23999786376953,71.23999786376953,68.94000244140625,70.47000122070312,1296305,48.31863784790039
2008-02-20,69.5,70.0,68.80000305175781,69.51000213623047,1424876,47.6603889465332
2008-02-21,70.3499984741211,71.13999938964844,69.80000305175781,70.76000213623047,1705424,48.51747131347656
2008-02-22,70.30999755859375,71.13999938964844,69.70999908447266,70.3499984741211,1287368,48.23636245727539
2008-02-25,71.01000213623047,72.1500015258789,71.01000213623047,71.86000061035156,1726927,49.27170181274414
2008-02-26,72.41000366210938,73.31999969482422,71.72000122070312,72.88999938964844,1671053,49.9779167175293
2008-02-27,72.01000213623047,72.77999877929688,70.9000015258789,71.7699966430664,2322822,49.20999526977539
2008-02-28,71.55000305175781,72.23999786376953,69.5999984741211,69.87000274658203,1747464,47.90724182128906
2008-02-29,69.80999755859375,69.8499984741211,67.69999694824219,68.2300033569336,2327993,46.782737731933594
2008-03-03,66.5,68.5999984741211,66.5,67.87000274658203,1632502,46.53591537475586
2008-03-04,67.86000061035156,68.47000122070312,66.62000274658203,67.37999725341797,1489058,46.19993591308594
2008-03-05,68.0199966430664,68.19999694824219,67.1500015258789,67.95999908447266,1550467,46.59760665893555
2008-03-06,67.79000091552734,68.2300033569336,66.75,67.04000091552734,1368493,45.96681213378906
2008-03-07,66.20999908447266,67.0,65.48999786376953,66.12000274658203,2181456,45.335994720458984
2008-03-10,65.97000122070312,66.77999877929688,65.48999786376953,66.08999633789062,1868939,45.315433502197266
2008-03-11,66.44000244140625,67.5999984741211,65.6500015258789,66.11000061035156,2188230,45.329139709472656
2008-03-12,67.33000183105469,68.4000015258789,66.6500015258789,68.25,2405989,46.79646301269531
2008-03-13,66.8499984741211,67.19999694824219,65.19999694824219,66.4000015258789,2736899,45.52798843383789
2008-03-14,66.25,67.80999755859375,65.1500015258789,66.20999908447266,2007124,45.39769744873047
2008-03-17,64.4800033569336,65.77999877929688,64.1500015258789,64.1500015258789,3795218,43.98524856567383
2008-03-18,65.30000305175781,65.47000122070312,64.41999816894531,65.04000091552734,2160409,44.595481872558594
2008-03-19,66.0,66.0,63.560001373291016,64.66999816894531,2769498,44.34178924560547
2008-03-20,63.52000045776367,65.2300033569336,63.52000045776367,65.12000274658203,2690622,44.65034484863281
2008-03-25,67.68000030517578,69.38999938964844,67.19999694824219,69.33999633789062,2879627,47.5438232421875
2008-03-26,68.45999908447266,69.80000305175781,68.45999908447266,69.69999694824219,2033479,47.79067611694336
2008-03-27,69.30999755859375,70.91000366210938,69.12000274658203,69.87999725341797,1418004,47.914093017578125
2008-03-28,69.9000015258789,70.3499984741211,68.69999694824219,69.48999786376953,1417873,47.64667892456055
2008-03-31,69.13999938964844,70.68000030517578,68.23999786376953,70.5,1524944,48.339195251464844
2008-04-01,70.08000183105469,73.48999786376953,70.08000183105469,73.2300033569336,2184020,50.211055755615234
2008-04-02,73.95999908447266,74.0,72.86000061035156,73.58999633789062,1481860,50.4578857421875
2008-04-03,73.58999633789062,73.58999633789062,71.2699966430664,71.70999908447266,2199217,49.16886520385742
2008-04-04,71.5,71.98999786376953,70.11000061035156,71.44999694824219,1852127,48.990577697753906
2008-04-07,72.29000091552734,72.30000305175781,70.81999969482422,71.1500015258789,1454190,48.78488540649414
2008-04-08,70.9000015258789,71.0,70.02999877929688,70.75,1088992,48.510616302490234
2008-04-09,70.4000015258789,70.75,69.5,69.6500015258789,1225952,47.75638198852539
2008-04-10,69.5999984741211,69.5999984741211,67.11000061035156,68.16000366210938,2609886,46.7347412109375
2008-04-11,68.44000244140625,68.73999786376953,66.13999938964844,66.62999725341797,2307168,45.68568801879883
2008-04-14,66.01000213623047,66.4000015258789,65.37000274658203,65.86000061035156,1816395,45.15772247314453
2008-04-15,66.48999786376953,67.75,66.27999877929688,66.6500015258789,1587329,45.69940185546875
2008-04-16,69.5,70.19000244140625,68.69000244140625,69.33000183105469,3010632,47.53696823120117
2008-04-17,69.8499984741211,70.0,68.52999877929688,68.80999755859375,1264247,47.18043899536133
2008-04-18,69.44999694824219,70.91999816894531,69.01000213623047,70.61000061035156,1950557,48.41461944580078
2008-04-21,70.86000061035156,71.08999633789062,69.5,70.2699966430664,1276346,48.18149948120117
2008-04-22,69.73999786376953,70.37999725341797,69.08999633789062,69.52999877929688,1214704,47.674110412597656
2008-04-23,69.70999908447266,70.68000030517578,69.08000183105469,70.52999877929688,1474153,48.359764099121094
2008-04-24,70.5,71.19999694824219,69.33999633789062,70.79000091552734,1374321,48.53804016113281
2008-04-25,71.47000122070312,73.11000061035156,71.20999908447266,72.44000244140625,2136088,49.669376373291016
2008-04-28,72.4000015258789,72.93000030517578,71.76000213623047,72.08000183105469,809075,49.42253875732422
2008-04-29,71.5999984741211,72.80000305175781,71.54000091552734,71.94999694824219,1260885,49.333404541015625
2008-04-30,72.01000213623047,73.69999694824219,71.98999786376953,73.41999816894531,1587963,50.341339111328125
2008-05-02,74.5999984741211,75.76000213623047,74.04000091552734,74.83000183105469,1818382,51.30810546875
2008-05-05,74.81999969482422,75.19999694824219,74.20999908447266,74.80999755859375,569485,51.29439926147461
2008-05-06,75.05999755859375,75.6500015258789,74.0999984741211,74.9000015258789,1064972,51.35610580444336
2008-05-07,75.01000213623047,75.5,74.7699966430664,74.94999694824219,1271928,51.39039993286133
2008-05-08,74.19999694824219,74.48999786376953,73.62000274658203,74.30000305175781,1291101,50.94471740722656
2008-05-09,73.91999816894531,73.94999694824219,72.0999984741211,73.5,1512434,50.39617919921875
2008-05-12,73.51000213623047,74.9000015258789,73.5,73.8499984741211,740560,50.636173248291016
2008-05-13,73.77999877929688,74.87999725341797,73.5199966430664,73.98999786376953,1044971,50.73216247558594
2008-05-14,74.54000091552734,75.16000366210938,74.08999633789062,75.01000213623047,1140222,51.4315185546875
2008-05-15,74.98999786376953,77.29000091552734,74.19999694824219,76.8499984741211,2776730,52.69315719604492
2008-05-16,77.0999984741211,77.3499984741211,76.06999969482422,76.41999816894531,1750296,52.3983154296875
2008-05-19,76.23999786376953,77.0,75.94999694824219,76.95999908447266,947076,52.768577575683594
2008-05-20,75.69999694824219,75.69999694824219,73.9000015258789,74.30000305175781,1261639,51.78583908081055
2008-05-21,74.62999725341797,74.66999816894531,73.13999938964844,73.52999877929688,1267990,51.24916458129883
2008-05-22,72.55000305175781,74.08999633789062,72.4000015258789,73.5999984741211,946394,51.29793930053711
2008-05-23,73.37000274658203,73.95999908447266,72.06999969482422,72.19999694824219,1107983,50.32216262817383
2008-05-26,72.11000061035156,72.7300033569336,72.11000061035156,72.5,414869,50.53126525878906
2008-05-27,72.88999938964844,73.19999694824219,72.18000030517578,72.51000213623047,955944,50.53822708129883
2008-05-28,72.5999984741211,74.44000244140625,72.26000213623047,74.04000091552734,1391365,51.604618072509766
2008-05-29,74.30999755859375,74.62999725341797,73.44999694824219,74.4800033569336,1088212,51.911285400390625
2008-05-30,74.9000015258789,75.44000244140625,74.73999786376953,75.20999908447266,1219045,52.42008972167969
2008-06-02,75.33999633789062,75.33999633789062,73.72000122070312,74.37000274658203,962223,51.834632873535156
2008-06-03,74.27999877929688,75.02999877929688,73.86000061035156,74.75,1126572,52.09946823120117
2008-06-04,74.25,74.8499984741211,73.86000061035156,74.52999877929688,1267621,51.94614791870117
2008-06-05,74.75,75.18000030517578,74.08000183105469,74.66000366210938,1073203,52.036746978759766
2008-06-06,75.0,75.3499984741211,72.33000183105469,72.79000091552734,2126312,50.73337173461914
2008-06-09,72.43000030517578,72.69999694824219,71.63999938964844,72.12000274658203,942592,50.26641845703125
2008-06-10,71.6500015258789,72.04000091552734,70.94000244140625,71.58999633789062,1635302,49.89700698852539
2008-06-11,71.8499984741211,72.30000305175781,70.0999984741211,70.47000122070312,1359396,49.116390228271484
2008-06-12,70.79000091552734,72.08000183105469,70.56999969482422,71.58000183105469,1166899,49.890045166015625
2008-06-13,71.5,72.45999908447266,70.66000366210938,72.30000305175781,911245,50.391868591308594
2008-06-16,71.55000305175781,72.13999938964844,70.9000015258789,71.66000366210938,1171272,49.94579315185547
2008-06-17,72.1500015258789,72.88999938964844,71.68000030517578,72.37000274658203,1161921,50.44065856933594
2008-06-18,72.37000274658203,72.88999938964844,70.93000030517578,71.56999969482422,1395572,49.883079528808594
2008-06-19,70.9000015258789,71.4000015258789,70.33000183105469,70.36000061035156,1336593,49.03971481323242
2008-06-20,70.20999908447266,70.63999938964844,67.69000244140625,68.4000015258789,2603087,47.67363739013672
2008-06-23,68.01000213623047,68.94000244140625,67.81999969482422,68.12000274658203,1514632,47.478485107421875
2008-06-24,68.0,68.11000061035156,65.87000274658203,66.79000091552734,2009053,46.551490783691406
2008-06-25,66.8499984741211,68.01000213623047,66.69999694824219,67.94999694824219,1306674,47.359989166259766
2008-06-26,67.30000305175781,67.54000091552734,66.12999725341797,66.12999725341797,1366356,46.09147262573242
2008-06-27,65.94000244140625,66.63999938964844,65.01000213623047,66.05000305175781,1828235,46.035728454589844
2008-06-30,65.77999877929688,66.63999938964844,64.80000305175781,66.58000183105469,1519664,46.40513229370117
2008-07-01,66.43000030517578,66.80000305175781,65.0999984741211,66.13999938964844,1963894,46.098453521728516
2008-07-02,66.13999938964844,67.2300033569336,65.61000061035156,65.7699966430664,1255475,45.840572357177734
2008-07-03,65.0999984741211,66.97000122070312,64.45999908447266,66.81999969482422,2116247,46.572391510009766
2008-07-04,66.58000183105469,66.5999984741211,62.77000045776367,63.29999923706055,3177152,44.11902618408203
2008-07-07,63.54999923706055,64.6500015258789,63.310001373291016,64.2300033569336,1279176,44.76721954345703
2008-07-08,62.900001525878906,64.0,62.099998474121094,63.869998931884766,2099582,44.51630401611328
2008-07-09,64.44000244140625,64.55999755859375,63.650001525878906,64.44999694824219,1292943,44.92053985595703
2008-07-10,63.75,63.900001525878906,61.40999984741211,62.27000045776367,2666147,43.4011344909668
2008-07-11,62.25,62.97999954223633,60.79999923706055,60.79999923706055,1915865,42.376556396484375
2008-07-14,61.79999923706055,62.709999084472656,61.47999954223633,61.900001525878906,1289114,43.143245697021484
2008-07-15,60.86000061035156,61.2400016784668,59.4900016784668,60.349998474121094,2425969,42.06291580200195
2008-07-16,60.880001068115234,63.33000183105469,60.189998626708984,62.90999984741211,2561890,43.847198486328125
2008-07-17,63.5099983215332,66.05999755859375,63.5,64.69000244140625,3195043,45.08782958984375
2008-07-18,64.05000305175781,67.0,63.29999923706055,66.75,2475073,46.52361297607422
2008-07-21,67.08999633789062,67.70999908447266,65.98999786376953,67.56999969482422,1478350,47.09513473510742
2008-07-22,66.69999694824219,67.31999969482422,65.44999694824219,67.11000061035156,1191435,46.77452850341797
2008-07-23,68.06999969482422,68.98999786376953,67.83999633789062,68.25,1248224,47.569087982177734
2008-07-24,69.27999877929688,70.5999984741211,68.66000366210938,70.05000305175781,2231866,48.82365036010742
2008-07-25,69.0,70.38999938964844,68.47000122070312,69.9000015258789,1488173,48.71910858154297
2008-07-28,69.41000366210938,69.87000274658203,68.25,68.30999755859375,1394841,47.61089324951172
2008-07-29,67.16999816894531,68.62000274658203,66.63999938964844,68.02999877929688,1362700,47.415748596191406
2008-07-30,71.5,71.80000305175781,70.06999969482422,71.44000244140625,2580100,49.7924690246582
2008-07-31,71.9000015258789,71.9000015258789,70.1500015258789,70.94999694824219,1293900,49.450927734375
2008-08-01,70.48999786376953,71.02999877929688,69.25,69.63999938964844,1286600,48.53788757324219
2008-08-04,69.26000213623047,70.12000274658203,68.55000305175781,69.29000091552734,1169900,48.29396057128906
2008-08-05,69.48999786376953,71.45999908447266,69.33000183105469,71.30000305175781,1200900,49.69488525390625
2008-08-06,71.5,72.0999984741211,70.61000061035156,71.91999816894531,1161200,50.12701416015625
2008-08-07,71.3499984741211,72.08999633789062,70.9000015258789,71.22000122070312,891100,49.63913345336914
2008-08-08,70.70999908447266,72.6500015258789,70.70999908447266,72.6500015258789,1194300,50.63579177856445
2008-08-11,72.80000305175781,74.5199966430664,72.30000305175781,74.5199966430664,1290200,51.93915939331055
2008-08-12,74.48999786376953,74.6500015258789,73.33000183105469,73.97000122070312,1270800,51.55583190917969
2008-08-13,73.77999877929688,73.77999877929688,71.91000366210938,72.13999938964844,1485100,50.280338287353516
2008-08-14,71.76000213623047,72.69999694824219,70.19999694824219,70.97000122070312,1778600,49.464874267578125
2008-08-15,71.68000030517578,73.04000091552734,71.30999755859375,72.38999938964844,1310900,50.454593658447266
2008-08-18,71.80999755859375,73.5999984741211,71.7300033569336,72.91999816894531,780995,50.82398223876953
2008-08-19,73.26000213623047,73.26000213623047,70.16000366210938,70.18000030517578,1713671,48.91426086425781
2008-08-20,70.12000274658203,71.06999969482422,69.8499984741211,70.55000305175781,944281,49.17214584350586
2008-08-21,70.26000213623047,70.26000213623047,69.0,69.05000305175781,1007155,48.126670837402344
2008-08-22,69.58999633789062,71.0999984741211,69.2699966430664,71.08000183105469,901689,49.54154968261719
2008-08-25,70.95999908447266,70.95999908447266,69.77999877929688,69.98999786376953,470112,48.781829833984375
2008-08-26,69.98999786376953,70.88999938964844,69.0199966430664,70.66999816894531,797299,49.25577926635742
2008-08-27,70.81999969482422,70.93000030517578,69.61000061035156,70.75,866737,49.311546325683594
2008-08-28,70.75,73.37999725341797,69.86000061035156,72.95999908447266,1673919,50.85187911987305
2008-08-29,72.91000366210938,73.75,72.4800033569336,72.72000122070312,966484,50.684600830078125
2008-09-01,72.29000091552734,73.38500213623047,71.73500061035156,73.07499694824219,493960,50.932044982910156
2008-09-02,73.19999694824219,75.51000213623047,72.56500244140625,75.51000213623047,1898842,52.62919235229492
2008-09-03,74.98999786376953,75.0,73.19000244140625,73.20999908447266,1479424,51.026119232177734
2008-09-04,73.47000122070312,73.47000122070312,71.125,71.30000305175781,1420432,49.69488525390625
2008-09-05,70.82499694824219,71.0,69.0,69.44000244140625,2255463,48.398494720458984
2008-09-08,70.80000305175781,71.54000091552734,70.55000305175781,71.0,1901522,49.48579025268555
2008-09-09,71.1050033569336,72.56999969482422,70.83000183105469,71.71499633789062,1694489,49.984134674072266
2008-09-10,71.69999694824219,71.69999694824219,69.12999725341797,69.52999877929688,1990339,48.46122741699219
2008-09-11,69.23999786376953,69.29499816894531,66.72000122070312,67.33499908447266,2512680,46.931339263916016
2008-09-12,68.21499633789062,68.68000030517578,67.55500030517578,68.44000244140625,1232259,47.70150375366211
2008-09-15,66.88999938964844,67.29499816894531,65.31999969482422,66.52999877929688,2501857,46.370269775390625
2008-09-16,65.5,68.00499725341797,65.49500274658203,66.6050033569336,3478393,46.42255783081055
2008-09-17,67.93499755859375,68.1500015258789,64.98999786376953,65.23999786376953,2296708,45.47116470336914
2008-09-18,65.88999938964844,66.48500061035156,63.900001525878906,64.4000015258789,3205421,44.88570022583008
2008-09-19,66.25,68.73999786376953,66.01000213623047,68.13999938964844,4181298,47.49241638183594
2008-09-22,67.94999694824219,69.5,67.67500305175781,68.0999984741211,1848116,47.464534759521484
2008-09-23,67.45999908447266,68.0,64.9000015258789,65.19499969482422,2504169,45.439796447753906
2008-09-24,65.26499938964844,65.56999969482422,63.20500183105469,63.80500030517578,2326081,44.47099685668945
2008-09-25,64.125,65.30000305175781,63.689998626708984,65.0,2540748,45.30389404296875
2008-09-26,63.78499984741211,64.37999725341797,62.90999984741211,63.5099983215332,1585378,44.265380859375
2008-09-29,63.709999084472656,64.13500213623047,61.255001068115234,61.3650016784668,2551433,42.77035140991211
2008-09-30,60.53499984741211,62.099998474121094,60.13999938964844,61.75,2853695,43.03871154785156
2008-10-01,62.349998474121094,62.5,61.2400016784668,62.5,1487520,43.56142807006836
2008-10-02,62.51499938964844,62.7599983215332,60.0,60.3650016784668,2229390,42.07338333129883
2008-10-03,60.599998474121094,61.16999816894531,58.5,60.415000915527344,2350969,42.10823059082031
2008-10-06,57.89500045776367,58.525001525878906,53.7400016784668,54.349998474121094,4045592,37.88103103637695
2008-10-07,55.755001068115234,56.77000045776367,54.5099983215332,55.334999084472656,3022611,38.567543029785156
2008-10-08,52.88999938964844,56.380001068115234,50.33000183105469,52.0099983215332,5611122,36.25008773803711
2008-10-09,53.099998474121094,54.70000076293945,50.400001525878906,51.28499984741211,3156301,35.74476623535156
2008-10-10,46.70000076293945,53.5099983215332,45.099998474121094,51.529998779296875,6849738,35.91552734375
2008-10-13,53.79499816894531,58.18000030517578,52.2400016784668,58.18000030517578,4303597,40.550479888916016
2008-10-14,59.5,59.81999969482422,56.400001525878906,57.42499923706055,3736905,40.02424240112305
2008-10-15,56.75,57.0,52.0099983215332,53.13999938964844,3183577,37.03767013549805
2008-10-16,50.63999938964844,54.0,50.0,51.59000015258789,4279836,35.95733642578125
2008-10-17,53.525001525878906,55.06999969482422,51.52000045776367,54.6349983215332,3730356,38.07966232299805
2008-10-20,56.26499938964844,57.0,55.20000076293945,56.83000183105469,2155306,39.60953903198242
2008-10-21,57.29999923706055,58.45500183105469,55.255001068115234,55.564998626708984,2119707,38.72785949707031
2008-10-22,53.89500045776367,54.369998931884766,51.5,51.845001220703125,2756854,36.13507843017578
2008-10-23,50.88999938964844,52.54499816894531,49.5099983215332,50.459999084472656,3024764,35.16976547241211
2008-10-24,47.935001373291016,48.7400016784668,45.814998626708984,48.380001068115234,3894477,33.720035552978516
2008-10-27,45.95500183105469,48.03499984741211,45.0,46.79999923706055,2680282,32.61879348754883
2008-10-28,47.68000030517578,48.96500015258789,43.60499954223633,48.375,3797493,33.71656036376953
2008-10-29,50.689998626708984,51.0,49.125,50.099998474121094,3375159,34.91884231567383
2008-10-30,52.0,53.56999969482422,50.15999984741211,51.689998626708984,1949182,36.027042388916016
2008-10-31,51.70000076293945,52.064998626708984,49.65999984741211,51.8650016784668,1919192,36.14902114868164
2008-11-03,52.220001220703125,53.095001220703125,51.35499954223633,53.095001220703125,1266683,37.00630569458008
2008-11-04,53.92499923706055,56.8650016784668,53.51499938964844,56.8650016784668,2231481,39.633934020996094
2008-11-05,56.89500045776367,56.90999984741211,54.099998474121094,54.32500076293945,2166582,38.077877044677734
2008-11-06,52.400001525878906,53.5,49.0099983215332,49.63999938964844,2939907,34.79402542114258
2008-11-07,50.209999084472656,51.54999923706055,49.02000045776367,49.79499816894531,2684259,34.90266418457031
2008-11-10,51.0,51.599998474121094,49.130001068115234,49.30500030517578,1744438,34.5592155456543
2008-11-11,48.97999954223633,48.97999954223633,43.73500061035156,43.7599983215332,4252532,30.67258071899414
2008-11-12,45.38999938964844,46.25,42.900001525878906,43.7400016784668,3383703,30.658565521240234
2008-11-13,43.01499938964844,43.70000076293945,41.79999923706055,42.72999954223633,2138710,29.950634002685547
2008-11-14,44.584999084472656,44.654998779296875,41.005001068115234,41.334999084472656,2541702,28.972827911376953
2008-11-17,41.15999984741211,42.55500030517578,40.0,40.88999938964844,2775109,28.66091537475586
2008-11-18,41.40999984741211,41.40999984741211,39.08000183105469,40.8650016784668,2303571,28.643402099609375
2008-11-19,41.20000076293945,41.54999923706055,39.3849983215332,39.3849983215332,2663479,27.60602569580078
2008-11-20,38.4900016784668,40.0,38.099998474121094,39.4900016784668,3085868,27.679616928100586
2008-11-21,40.029998779296875,41.31999969482422,38.54999923706055,39.19499969482422,2470154,27.472837448120117
2008-11-24,40.20000076293945,44.060001373291016,39.650001525878906,44.060001373291016,3109818,30.88285255432129
2008-11-25,43.790000915527344,45.959999084472656,42.06999969482422,45.70500183105469,2954550,32.0358772277832
2008-11-26,45.0,45.0,41.61000061035156,43.095001220703125,2234028,30.20646095275879
2008-11-27,43.619998931884766,44.88999938964844,43.310001373291016,44.82500076293945,1332841,31.67632293701172
2008-11-28,44.650001525878906,44.744998931884766,43.29999923706055,44.58000183105469,1683262,31.503192901611328
2008-12-01,44.91999816894531,44.94499969482422,43.05500030517578,43.314998626708984,1846654,30.609264373779297
2008-12-02,42.02000045776367,43.459999084472656,41.7400016784668,42.619998931884766,1690094,30.118125915527344
2008-12-03,42.904998779296875,44.529998779296875,42.150001525878906,44.220001220703125,1390654,31.24880027770996
2008-12-04,44.18000030517578,45.56999969482422,42.75,43.56999969482422,1940111,30.789464950561523
2008-12-05,43.15999984741211,43.41999816894531,40.70000076293945,41.459999084472656,1821883,29.298397064208984
2008-12-08,44.439998626708984,45.95000076293945,43.880001068115234,45.79999923706055,2324344,32.36532974243164
2008-12-09,45.58000183105469,49.599998474121094,45.15999984741211,48.810001373291016,3410066,34.49239730834961
2008-12-10,48.69499969482422,48.900001525878906,46.81999969482422,48.2400016784668,2001684,34.08958435058594
2008-12-11,48.220001220703125,49.040000915527344,47.20000076293945,48.79999923706055,1370223,34.48533630371094
2008-12-12,46.849998474121094,47.79999923706055,46.40999984741211,46.65999984741211,1796561,32.97307586669922
2008-12-15,47.29999923706055,48.09000015258789,46.45000076293945,46.86000061035156,1245059,33.114402770996094
2008-12-16,46.9900016784668,47.654998779296875,46.27000045776367,47.654998779296875,1095410,33.67620086669922
2008-12-17,47.994998931884766,48.47999954223633,46.28499984741211,46.900001525878906,1913780,33.142662048339844
2008-12-18,47.44499969482422,47.709999084472656,46.32500076293945,47.41999816894531,1351001,33.5101203918457
2008-12-19,46.20500183105469,48.0,45.619998931884766,47.02000045776367,2235959,33.22746276855469
2008-12-22,46.939998626708984,47.459999084472656,45.19499969482422,45.31999969482422,1274516,32.026126861572266
2008-12-23,45.29499816894531,46.25,44.71500015258789,44.71500015258789,996849,31.598594665527344
2008-12-24,44.66999816894531,46.0,44.209999084472656,46.0,366580,32.506656646728516
2008-12-29,46.19499969482422,46.45000076293945,45.560001373291016,45.970001220703125,916545,32.4854621887207
2008-12-30,46.30500030517578,46.900001525878906,45.77000045776367,46.78499984741211,841204,33.061405181884766
2008-12-31,47.29999923706055,47.97999954223633,46.22999954223633,47.77000045776367,375501,33.75746536254883
2009-01-02,47.79499816894531,48.400001525878906,47.099998474121094,48.400001525878906,861742,34.202659606933594
2009-01-05,49.02000045776367,49.16999816894531,48.130001068115234,48.86000061035156,1199558,34.5277214050293
2009-01-06,48.875,49.89500045776367,48.3849983215332,49.45000076293945,1055701,34.944664001464844
2009-01-07,49.005001068115234,49.400001525878906,48.099998474121094,48.834999084472656,1043717,34.51006317138672
2009-01-08,48.60499954223633,48.60499954223633,46.5,47.119998931884766,1348096,33.298126220703125
2009-01-09,47.20000076293945,47.529998779296875,45.68000030517578,45.994998931884766,1601299,32.50312423706055
2009-01-12,45.95500183105469,46.150001525878906,45.04999923706055,45.45500183105469,969116,32.121524810791016
2009-01-13,45.029998779296875,45.72999954223633,43.869998931884766,45.72999954223633,1410823,32.315860748291016
2009-01-14,45.810001373291016,45.849998474121094,40.525001525878906,40.915000915527344,3806998,28.913257598876953
2009-01-15,41.22999954223633,42.20000076293945,39.8650016784668,41.0,3430982,28.97332763671875
2009-01-16,41.630001068115234,42.43000030517578,40.61000061035156,40.755001068115234,2853262,28.80019187927246
2009-01-19,39.75,40.939998626708984,39.08000183105469,40.0,1992134,28.266672134399414
2009-01-20,40.04499816894531,42.095001220703125,40.04499816894531,40.7400016784668,2332326,28.789602279663086
2009-01-21,40.04999923706055,42.45500183105469,39.90999984741211,41.5099983215332,2081149,29.333728790283203
2009-01-22,41.95000076293945,42.6150016784668,40.70000076293945,41.91999816894531,1765720,29.62346076965332
2009-01-23,41.915000915527344,42.54999923706055,39.95500183105469,41.064998626708984,1901138,29.019264221191406
2009-01-26,40.68000030517578,43.994998931884766,40.68000030517578,43.935001373291016,2173224,31.047388076782227
2009-01-27,43.95000076293945,43.9900016784668,42.94499969482422,43.349998474121094,1281744,30.63399887084961
2009-01-28,44.0,45.82500076293945,43.349998474121094,45.60499954223633,1474660,32.22752380371094
2009-01-29,45.44499969482422,45.84000015258789,42.845001220703125,42.880001068115234,1751202,30.301860809326172
2009-01-30,42.880001068115234,43.59000015258789,41.79999923706055,42.80500030517578,1641679,30.24886703491211
2009-02-02,42.0,42.5,41.2599983215332,42.0,1209185,29.679996490478516
2009-02-03,42.119998931884766,42.75,41.5,42.33000183105469,1535076,29.913209915161133
2009-02-04,42.939998626708984,45.79999923706055,42.75,45.06999969482422,2064922,31.84946632385254
2009-02-05,44.04999923706055,44.900001525878906,43.494998931884766,44.400001525878906,1330548,31.375999450683594
2009-02-06,45.90999984741211,50.6150016784668,45.875,50.02000045776367,5774239,35.34745788574219
2009-02-09,49.5,50.599998474121094,48.54499816894531,49.97999954223633,2211214,35.31918716430664
2009-02-10,49.06999969482422,49.83000183105469,47.20000076293945,47.38999938964844,1975820,33.488922119140625
2009-02-11,46.959999084472656,49.21500015258789,46.959999084472656,48.81999969482422,1559817,34.499454498291016
2009-02-12,48.189998626708984,48.470001220703125,47.6150016784668,48.14500045776367,1810125,34.022457122802734
2009-02-13,48.974998474121094,49.334999084472656,48.3650016784668,48.584999084472656,1193914,34.33339309692383
2009-02-16,47.89500045776367,48.400001525878906,47.83000183105469,47.83000183105469,727630,33.799869537353516
2009-02-17,47.34000015258789,47.814998626708984,45.904998779296875,47.38999938964844,1738105,33.488922119140625
2009-02-18,47.369998931884766,47.630001068115234,46.20500183105469,46.849998474121094,1299091,33.107330322265625
2009-02-19,46.92499923706055,47.93000030517578,46.904998779296875,47.29499816894531,1377273,33.42178726196289
2009-02-20,46.529998779296875,46.959999084472656,45.349998474121094,45.7599983215332,1571076,32.337059020996094
2009-02-23,46.5,46.97999954223633,45.154998779296875,45.244998931884766,887863,31.97312355041504
2009-02-24,45.01499938964844,46.400001525878906,44.34000015258789,45.900001525878906,1316890,32.43598556518555
2009-02-25,46.79499816894531,46.97999954223633,45.58000183105469,46.25,1233904,32.68333053588867
2009-02-26,46.77000045776367,47.400001525878906,46.04999923706055,46.45500183105469,1321183,32.828189849853516
2009-02-27,45.810001373291016,45.97999954223633,44.31999969482422,45.380001068115234,1645130,32.06853103637695
2009-03-02,44.084999084472656,44.46500015258789,43.404998779296875,43.404998779296875,1469859,30.67286491394043
2009-03-03,43.939998626708984,44.45000076293945,43.2400016784668,44.0,1324029,31.09332275390625
2009-03-04,44.94499969482422,47.2400016784668,44.0,47.2400016784668,2726343,33.3829345703125
2009-03-05,47.0,47.2599983215332,45.755001068115234,45.755001068115234,1758840,32.33353042602539
2009-03-06,46.0,46.209999084472656,44.29999923706055,44.720001220703125,2263789,31.602123260498047
2009-03-09,44.939998626708984,44.939998626708984,42.75,43.20500183105469,2269050,30.531539916992188
2009-03-10,43.5,46.224998474121094,43.15999984741211,46.08000183105469,1881820,32.56320571899414
2009-03-11,46.029998779296875,49.029998779296875,45.65999984741211,48.220001220703125,2550622,34.075469970703125
2009-03-12,48.20000076293945,49.439998626708984,46.974998474121094,49.29999923706055,2177447,34.838661193847656
2009-03-13,49.88999938964844,49.900001525878906,47.98500061035156,48.38999938964844,1811223,34.19559097290039
2009-03-16,49.095001220703125,49.88999938964844,48.19499969482422,48.95000076293945,1389825,34.59133529663086
2009-03-17,48.279998779296875,48.439998626708984,47.0,47.689998626708984,1660943,33.700923919677734
2009-03-18,48.599998474121094,49.36000061035156,48.14500045776367,49.345001220703125,1833719,34.870460510253906
2009-03-19,49.599998474121094,50.39500045776367,48.72999954223633,48.970001220703125,1808862,34.605464935302734
2009-03-20,48.23500061035156,49.869998931884766,47.5,49.01499938964844,1826191,34.63726806640625
2009-03-23,49.79999923706055,49.869998931884766,47.70000076293945,48.80500030517578,1450687,34.488861083984375
2009-03-24,49.5,49.59000015258789,48.56999969482422,49.060001373291016,1184232,34.6690673828125
2009-03-25,48.88999938964844,49.415000915527344,47.5,48.8650016784668,1277215,34.53126525878906
2009-03-26,49.26499938964844,49.31999969482422,46.79999923706055,47.880001068115234,1337373,33.83519744873047
2009-03-27,47.80500030517578,48.150001525878906,46.46500015258789,46.810001373291016,1182046,33.07905578613281
2009-03-30,45.68000030517578,46.45500183105469,44.849998474121094,45.34000015258789,1422933,32.04026794433594
2009-03-31,45.94499969482422,47.290000915527344,45.79499816894531,47.290000915527344,1268973,33.41825866699219
2009-04-01,47.220001220703125,48.47999954223633,46.18000030517578,48.30500030517578,1041448,34.13552474975586
2009-04-02,49.0099983215332,51.540000915527344,49.0099983215332,51.290000915527344,2212326,36.24492263793945
2009-04-03,51.03499984741211,52.8650016784668,50.775001525878906,51.849998474121094,2033020,36.64065933227539
2009-04-06,52.45000076293945,53.81999969482422,50.599998474121094,51.3849983215332,1231853,36.31206512451172
2009-04-07,51.5,51.78499984741211,50.08000183105469,50.47999954223633,1013596,35.67253875732422
2009-04-08,49.89500045776367,50.56999969482422,48.88999938964844,50.380001068115234,1426218,35.601863861083984
2009-04-09,50.43000030517578,52.439998626708984,50.380001068115234,51.95000076293945,1294300,36.711326599121094
2009-04-14,52.0,54.849998474121094,51.23500061035156,52.7599983215332,1834656,37.28373336791992
2009-04-15,52.0,53.029998779296875,51.77000045776367,52.369998931884766,1016702,37.00812530517578
2009-04-16,52.939998626708984,53.599998474121094,51.53499984741211,53.064998626708984,1070866,37.499267578125
2009-04-17,53.07500076293945,53.79999923706055,52.61000061035156,53.349998474121094,1406519,37.70065689086914
2009-04-20,53.619998931884766,53.79999923706055,51.099998474121094,52.45000076293945,1645035,37.06465530395508
2009-04-21,52.9900016784668,55.790000915527344,52.599998474121094,55.0,4015996,38.86665725708008
2009-04-22,53.5,54.33000183105469,52.02000045776367,53.0,4454567,37.45333480834961
2009-04-23,52.5,55.08000183105469,51.790000915527344,54.349998474121094,2908016,38.407325744628906
2009-04-24,54.224998474121094,58.03499984741211,54.09000015258789,57.904998779296875,2397728,40.919525146484375
2009-04-27,55.5099983215332,57.279998779296875,55.209999084472656,57.18000030517578,1722792,40.40719985961914
2009-04-28,56.70500183105469,56.92499923706055,54.75,55.5099983215332,1378828,39.22706985473633
2009-04-29,56.099998474121094,57.29999923706055,55.540000915527344,57.26499938964844,1282424,40.46725845336914
2009-04-30,57.400001525878906,57.93000030517578,56.51499938964844,57.38999938964844,1209044,40.555599212646484
2009-05-04,57.68000030517578,58.95500183105469,57.40999984741211,58.95500183105469,900753,41.66152572631836
2009-05-05,58.95000076293945,59.45000076293945,58.0,58.275001525878906,1115933,41.18099594116211
2009-05-06,57.79999923706055,59.724998474121094,57.70000076293945,59.16999816894531,1534969,41.813453674316406
2009-05-07,59.78499984741211,60.560001373291016,58.14500045776367,58.53499984741211,1396508,41.36473083496094
2009-05-08,59.04999923706055,60.9900016784668,58.83000183105469,60.3650016784668,1576074,42.657928466796875
2009-05-11,60.900001525878906,60.900001525878906,58.79999923706055,59.0,1419364,41.69331359863281
2009-05-12,58.505001068115234,59.70000076293945,58.25,59.02000045776367,840810,41.70745086669922
2009-05-13,58.814998626708984,59.20000076293945,56.75,57.279998779296875,1488539,40.47785949707031
2009-05-14,56.9900016784668,57.9900016784668,56.099998474121094,57.380001068115234,1098068,40.54853057861328
2009-05-15,57.665000915527344,58.400001525878906,57.40999984741211,58.02000045776367,1080301,41.000789642333984
2009-05-18,58.470001220703125,60.03499984741211,57.76499938964844,60.03499984741211,1293656,42.424739837646484
2009-05-19,60.28499984741211,61.61000061035156,59.45500183105469,61.130001068115234,1368185,43.19853210449219
2009-05-20,60.46500015258789,60.9900016784668,59.55500030517578,60.06999969482422,1045164,43.33559799194336
2009-05-21,59.375,60.0,58.05500030517578,58.369998931884766,978988,42.10919189453125
2009-05-22,58.94499969482422,59.4900016784668,58.21500015258789,58.650001525878906,892096,42.311187744140625
2009-05-25,58.650001525878906,59.06999969482422,57.23500061035156,58.29999923706055,536581,42.05868911743164
2009-05-26,58.25,59.11000061035156,57.0,58.95500183105469,898419,42.53121566772461
2009-05-27,59.13999938964844,59.900001525878906,58.55500030517578,59.5,745086,42.92439651489258
2009-05-28,58.70000076293945,59.255001068115234,57.92499923706055,58.57500076293945,824279,42.25706481933594
2009-05-29,59.47999954223633,59.650001525878906,58.40999984741211,58.529998779296875,990601,42.224605560302734
2009-06-01,59.790000915527344,60.494998931884766,59.334999084472656,60.029998779296875,1247870,43.30674362182617
2009-06-02,59.459999084472656,61.80500030517578,59.404998779296875,61.345001220703125,1369911,44.255401611328125
2009-06-03,61.790000915527344,61.790000915527344,60.255001068115234,61.04499816894531,1528384,44.03898620605469
2009-06-04,61.005001068115234,61.70000076293945,59.630001068115234,59.630001068115234,1718554,43.01817321777344
2009-06-05,59.744998931884766,60.35499954223633,58.72999954223633,59.0,1511941,42.563663482666016
2009-06-08,58.70000076293945,59.45500183105469,58.0,58.209999084472656,1192647,41.99375534057617
2009-06-09,58.185001373291016,58.849998474121094,57.59000015258789,58.41999816894531,1218397,42.14524841308594
2009-06-10,59.19499969482422,59.875,58.82500076293945,59.22999954223633,866100,42.72959899902344
2009-06-11,59.290000915527344,59.92499923706055,58.9900016784668,59.70000076293945,705818,43.06866455078125
2009-06-12,59.494998931884766,59.84000015258789,58.93000030517578,59.439998626708984,587028,42.8810920715332
2009-06-15,59.13999938964844,59.33000183105469,57.20000076293945,57.54999923706055,1223184,41.51762008666992
2009-06-16,57.79999923706055,58.2400016784668,56.61000061035156,57.630001068115234,828784,41.575340270996094
2009-06-17,57.279998779296875,57.84000015258789,55.90999984741211,56.30500030517578,1388672,40.619441986083984
2009-06-18,56.02000045776367,56.505001068115234,54.8849983215332,55.82500076293945,1256516,40.27317428588867
2009-06-19,56.880001068115234,57.92499923706055,55.61000061035156,56.59000015258789,2201049,40.8250617980957
2009-06-22,56.83000183105469,57.14500045776367,54.70000076293945,54.724998474121094,1290560,39.4796142578125
2009-06-23,54.349998474121094,55.93000030517578,53.900001525878906,55.07500076293945,1097973,39.732112884521484
2009-06-24,55.400001525878906,56.26499938964844,54.625,55.86000061035156,1372699,40.29843521118164
2009-06-25,55.68000030517578,56.095001220703125,54.400001525878906,55.064998626708984,1169332,39.72490692138672
2009-06-26,55.26499938964844,56.0,53.8650016784668,54.154998779296875,949659,39.06840515136719
2009-06-29,54.0,56.0,53.849998474121094,55.599998474121094,1176753,40.110843658447266
2009-06-30,55.880001068115234,56.029998779296875,54.029998779296875,54.400001525878906,1272033,39.24516296386719
2009-07-01,54.33000183105469,56.4900016784668,54.150001525878906,56.02000045776367,1016236,40.413856506347656
2009-07-02,55.7400016784668,56.220001220703125,54.53499984741211,54.61000061035156,980146,39.39665222167969
2009-07-03,55.0,55.33000183105469,54.20000076293945,54.900001525878906,543183,39.605857849121094
2009-07-06,54.29999923706055,55.255001068115234,53.75,55.125,1019495,39.7681884765625
2009-07-07,55.17499923706055,55.91999816894531,54.220001220703125,54.220001220703125,899845,39.11529541015625
2009-07-08,54.0,54.494998931884766,52.75,52.970001220703125,931548,38.213523864746094
2009-07-09,53.005001068115234,54.20000076293945,52.900001525878906,53.505001068115234,656443,38.5994758605957
2009-07-10,53.01499938964844,54.1150016784668,53.0099983215332,53.47999954223633,694489,38.58144760131836
2009-07-13,53.209999084472656,54.72999954223633,53.060001373291016,54.66999816894531,641397,39.43994140625
2009-07-14,54.79999923706055,55.20000076293945,54.209999084472656,54.79999923706055,577883,39.533721923828125
2009-07-15,55.30500030517578,56.94499969482422,54.834999084472656,56.94499969482422,1181057,41.0811767578125
2009-07-16,56.65999984741211,58.5,56.61000061035156,57.400001525878906,987400,41.4094123840332
2009-07-17,57.849998474121094,58.099998474121094,57.33000183105469,57.72999954223633,801137,41.6474723815918
2009-07-20,58.130001068115234,58.900001525878906,57.880001068115234,58.849998474121094,1029274,42.45547103881836
2009-07-21,59.0,60.0,59.0,59.7599983215332,1086173,43.11195755004883
2009-07-22,59.77000045776367,60.36000061035156,58.880001068115234,60.22999954223633,846246,43.451026916503906
2009-07-23,60.70000076293945,62.099998474121094,59.599998474121094,61.849998474121094,1159703,44.61971664428711
2009-07-24,61.95000076293945,63.0,61.31999969482422,62.540000915527344,1098571,45.11750411987305
2009-07-27,63.369998931884766,64.0,60.83000183105469,61.29999923706055,2003403,44.222938537597656
2009-07-28,61.0,63.0,60.599998474121094,61.11000061035156,1668130,44.08586883544922
2009-07-29,60.52000045776367,62.650001525878906,60.52000045776367,62.2400016784668,1116882,44.90107345581055
2009-07-30,62.88999938964844,64.3499984741211,61.59000015258789,64.0,1186339,46.170772552490234
2009-07-31,64.19000244140625,64.68000030517578,62.63999938964844,63.290000915527344,1246987,45.6585578918457
2009-08-03,63.400001525878906,65.44999694824219,63.349998474121094,64.08999633789062,1644780,46.23569869995117
2009-08-04,63.619998931884766,63.83000183105469,62.630001068115234,63.11000061035156,1137247,45.52870559692383
2009-08-05,62.790000915527344,63.56999969482422,62.04999923706055,62.29999923706055,1022231,44.944366455078125
2009-08-06,62.40999984741211,63.880001068115234,62.29999923706055,63.63999938964844,1070578,45.91106033325195
2009-08-07,63.18000030517578,64.06999969482422,62.22999954223633,63.70000076293945,1127533,45.95433807373047
2009-08-10,63.380001068115234,63.599998474121094,62.34000015258789,62.790000915527344,735054,45.297847747802734
2009-08-11,63.099998474121094,63.77000045776367,61.7599983215332,62.20000076293945,980351,44.87221908569336
2009-08-12,62.31999969482422,63.33000183105469,61.84000015258789,63.02000045776367,715982,45.463775634765625
2009-08-13,62.5099983215332,64.25,62.5,63.5,707201,45.810062408447266
2009-08-14,64.1500015258789,69.41999816894531,63.79999923706055,65.62000274658203,3039977,47.3394660949707
2009-08-17,65.44999694824219,65.86000061035156,63.11000061035156,63.22999954223633,1413576,45.615272521972656
2009-08-18,63.95000076293945,64.1500015258789,62.43000030517578,63.65999984741211,783768,45.925479888916016
2009-08-19,62.88999938964844,63.619998931884766,62.029998779296875,63.189998626708984,1013947,45.58641815185547
2009-08-20,63.880001068115234,64.4800033569336,63.45000076293945,64.30999755859375,741984,46.3944091796875
2009-08-21,63.880001068115234,65.83000183105469,63.619998931884766,65.47000122070312,1267486,47.23126220703125
2009-08-24,65.48999786376953,66.63999938964844,64.1500015258789,65.3499984741211,1122908,47.144683837890625
2009-08-25,64.61000061035156,66.5,64.5999984741211,66.25,933255,47.793968200683594
2009-08-26,65.80999755859375,69.16999816894531,65.6500015258789,68.05999755859375,2027339,49.0997200012207
2009-08-27,67.5,67.9000015258789,65.9800033569336,66.75,1003869,48.15467834472656
2009-08-28,66.9000015258789,68.12000274658203,66.9000015258789,67.37999725341797,1024271,48.609161376953125
2009-08-31,66.55000305175781,67.69999694824219,66.33000183105469,66.69000244140625,531720,48.11138916015625
2009-09-01,67.05000305175781,68.80000305175781,65.66000366210938,65.66000366210938,1285876,47.36832046508789
2009-09-02,65.81999969482422,65.81999969482422,64.11000061035156,65.16000366210938,1217925,47.00762176513672
2009-09-03,65.18000030517578,65.80999755859375,64.11000061035156,64.43000030517578,822293,46.48097229003906
2009-09-04,64.48999786376953,66.16999816894531,64.33000183105469,65.05999755859375,1189771,46.93547058105469
2009-09-07,65.48999786376953,67.18000030517578,65.3499984741211,66.66999816894531,677582,48.096954345703125
2009-09-08,67.37999725341797,68.23999786376953,67.16000366210938,67.5999984741211,1302330,48.76787185668945
2009-09-09,67.58999633789062,69.77999877929688,67.30000305175781,69.56999969482422,1271399,50.18906784057617
2009-09-10,69.87000274658203,69.87000274658203,68.2699966430664,69.16999816894531,784958,49.90050506591797
2009-09-11,69.29000091552734,69.97000122070312,69.02999877929688,69.4000015258789,1001879,50.066436767578125
2009-09-14,68.5,69.37999725341797,68.23999786376953,69.0999984741211,654207,49.849998474121094
2009-09-15,69.01000213623047,69.25,68.0999984741211,68.5999984741211,949535,49.48928451538086
2009-09-16,68.27999877929688,69.52999877929688,68.20999908447266,69.19999694824219,996974,49.922142028808594
2009-09-17,69.29000091552734,69.97000122070312,68.86000061035156,69.73999786376953,840821,50.311702728271484
2009-09-18,69.5999984741211,69.97000122070312,68.5,68.5,2282159,49.41715621948242
2009-09-21,67.94000244140625,69.06999969482422,67.81999969482422,68.87000274658203,860903,49.68408203125
2009-09-22,69.0999984741211,69.91000366210938,68.62999725341797,68.88999938964844,962079,49.69850158691406
2009-09-23,68.80000305175781,69.9000015258789,67.66999816894531,67.77999877929688,1414346,48.89772415161133
2009-09-24,67.77999877929688,68.87999725341797,66.61000061035156,67.79000091552734,1421252,48.904945373535156
2009-09-25,67.58000183105469,68.75,67.20999908447266,68.0999984741211,1094127,49.12858200073242
2009-09-28,67.98999786376953,69.26000213623047,67.30000305175781,69.26000213623047,846347,49.965431213378906
2009-09-29,69.1500015258789,69.47000122070312,68.75,69.11000061035156,804417,49.857215881347656
2009-09-30,69.47000122070312,69.94999694824219,68.08999633789062,68.7300033569336,1213323,49.58308410644531
2009-10-01,69.05999755859375,69.62999725341797,67.81999969482422,68.01000213623047,1043808,49.06365203857422
2009-10-02,67.69999694824219,67.88999938964844,65.54000091552734,66.0999984741211,1263298,47.685752868652344
2009-10-05,65.51000213623047,66.79000091552734,65.4000015258789,66.63999938964844,825705,48.07530212402344
2009-10-06,66.55999755859375,68.70999908447266,66.30999755859375,68.51000213623047,1068598,49.42437744140625
2009-10-07,68.80999755859375,70.25,68.44999694824219,69.58999633789062,1397628,50.2035026550293
2009-10-08,70.0,72.70999908447266,69.79000091552734,72.33000183105469,1938007,52.18019104003906
2009-10-09,72.1500015258789,72.75,71.66000366210938,72.44999694824219,877855,52.266754150390625
2009-10-12,72.62000274658203,74.33000183105469,72.48999786376953,72.94000244140625,1246762,52.62025833129883
2009-10-13,72.36000061035156,72.7699966430664,71.0999984741211,71.5199966430664,1173012,51.595829010009766
2009-10-14,71.70999908447266,73.23999786376953,71.70999908447266,72.69999694824219,1192695,52.44709777832031
2009-10-15,73.12999725341797,74.36000061035156,72.51000213623047,73.36000061035156,1004851,52.92323684692383
2009-10-16,73.94999694824219,74.41999816894531,72.01000213623047,72.44999694824219,1590060,52.266754150390625
2009-10-19,72.80999755859375,75.0999984741211,72.52999877929688,74.9000015258789,1380307,54.03422927856445
2009-10-20,75.5,75.88999938964844,73.12000274658203,73.48999786376953,2168604,53.01704025268555
2009-10-21,73.30000305175781,73.80000305175781,72.0,73.44000244140625,1533400,52.98094940185547
2009-10-22,73.05999755859375,73.23999786376953,72.05000305175781,72.75,1159423,52.48318862915039
2009-10-23,73.0,73.5,71.91999816894531,72.0,1072684,51.94211196899414
2009-10-26,72.47000122070312,72.86000061035156,70.75,71.04000091552734,902925,51.24955749511719
2009-10-27,70.9000015258789,71.81999969482422,70.54000091552734,70.94999694824219,976388,51.18461990356445
2009-10-28,71.22000122070312,71.22000122070312,69.47000122070312,69.5,1295731,50.138572692871094
2009-10-29,69.55999755859375,71.3499984741211,69.23999786376953,71.0,1141326,51.22069549560547
2009-10-30,71.3499984741211,72.19999694824219,70.48999786376953,70.6500015258789,1607953,50.96820068359375
2009-11-02,70.12000274658203,70.5999984741211,69.13999938964844,70.1500015258789,991770,50.60750198364258
2009-11-03,69.23999786376953,69.66000366210938,68.12999725341797,69.0,1109616,49.777870178222656
2009-11-04,69.0,70.66000366210938,68.91000366210938,70.16999816894531,1073771,50.621925354003906
2009-11-05,69.5999984741211,71.73999786376953,69.0999984741211,71.31999969482422,975347,51.45155715942383
2009-11-06,71.20999908447266,73.20999908447266,71.20999908447266,73.02999877929688,1398111,52.6851921081543
2009-11-09,73.4000015258789,75.44000244140625,73.13999938964844,74.9000015258789,1687494,54.03422927856445
2009-11-10,74.9000015258789,75.30000305175781,74.76000213623047,75.12999725341797,900651,54.200157165527344
2009-11-11,75.4800033569336,76.44000244140625,74.87000274658203,75.22000122070312,848976,54.26509094238281
2009-11-12,75.0,75.41999816894531,74.45999908447266,74.75,863572,53.9260139465332
2009-11-13,74.5999984741211,75.9000015258789,74.2300033569336,75.19999694824219,872431,54.25063705444336
2009-11-16,76.0,76.80000305175781,75.61000061035156,76.19999694824219,1002173,54.972068786621094
2009-11-17,76.11000061035156,76.13999938964844,74.0999984741211,74.29000091552734,1235478,53.59416961669922
2009-11-18,74.56999969482422,74.81999969482422,73.5999984741211,73.73999786376953,1000446,53.1973762512207
2009-11-19,73.6500015258789,74.12000274658203,72.55999755859375,72.76000213623047,1242474,52.49039077758789
2009-11-20,72.63999938964844,73.2300033569336,71.52999877929688,71.66000366210938,1489394,51.69683837890625
2009-11-23,72.69999694824219,74.19999694824219,72.45999908447266,73.83999633789062,1033031,53.26952362060547
2009-11-24,74.55000305175781,74.69999694824219,73.0199966430664,73.33999633789062,1011484,52.90879821777344
2009-11-25,73.72000122070312,74.29000091552734,73.20999908447266,73.80000305175781,735683,53.24066925048828
2009-11-26,73.94999694824219,74.0,70.4800033569336,70.4800033569336,1336453,50.845577239990234
2009-11-27,69.0,71.6500015258789,68.94999694824219,70.91999816894531,1416913,51.418331146240234
2009-11-30,70.93000030517578,71.4000015258789,69.36000061035156,69.36000061035156,1426468,50.28728485107422
2009-12-01,70.05000305175781,71.4000015258789,70.05000305175781,71.2699966430664,1006419,51.67206954956055
2009-12-02,71.5,73.80000305175781,71.37999725341797,73.30000305175781,2832004,53.14387512207031
2009-12-03,74.20999908447266,74.5999984741211,71.80999755859375,72.31999969482422,1323345,52.433353424072266
2009-12-04,72.0999984741211,74.6500015258789,71.9000015258789,74.30000305175781,1222537,53.868896484375
2009-12-07,74.0999984741211,74.8499984741211,73.30000305175781,74.54000091552734,1510538,54.04289627075195
2009-12-08,74.01000213623047,74.98999786376953,72.41000366210938,73.2300033569336,1167205,53.09311294555664
2009-12-09,73.19999694824219,73.69000244140625,71.73999786376953,72.25,889548,52.38259506225586
2009-12-10,71.9800033569336,72.97000122070312,71.75,72.2699966430664,727978,52.39708709716797
2009-12-11,72.05000305175781,74.0,71.97000122070312,73.62000274658203,1020757,53.375877380371094
2009-12-14,74.63999938964844,74.63999938964844,73.5999984741211,74.45999908447266,1685008,53.984893798828125
2009-12-15,74.88999938964844,75.9800033569336,74.56999969482422,75.8499984741211,1258716,54.99267578125
2009-12-16,75.75,77.0,75.7300033569336,77.0,1124037,55.82643508911133
2009-12-17,76.6500015258789,76.9000015258789,75.22000122070312,75.7300033569336,1121506,54.90566635131836
2009-12-18,76.11000061035156,76.88999938964844,75.16000366210938,75.16000366210938,2268552,54.492408752441406
2009-12-21,75.20999908447266,77.44999694824219,75.20999908447266,77.4000015258789,964248,56.116455078125
2009-12-22,77.44999694824219,78.7699966430664,77.30000305175781,78.3499984741211,874077,56.805213928222656
2009-12-23,78.9000015258789,79.2699966430664,77.13999938964844,77.45999908447266,763453,56.159950256347656
2009-12-24,77.0999984741211,77.9000015258789,77.0999984741211,77.9000015258789,117823,56.47896194458008
2009-12-28,78.0,78.0,77.63999938964844,77.91000366210938,443670,56.4862174987793
2009-12-29,78.0,79.05999755859375,77.83000183105469,79.05999755859375,1258564,57.319969177246094
2009-12-30,78.7300033569336,79.0,78.19000244140625,78.27999877929688,469258,56.754451751708984
2009-12-31,78.30999755859375,78.68000030517578,78.05999755859375,78.37999725341797,485424,56.82696533203125
2010-01-04,78.61000061035156,79.08999633789062,78.0199966430664,78.69999694824219,2388176,57.058963775634766
2010-01-05,78.56999969482422,78.69999694824219,77.94999694824219,78.33000183105469,863565,56.79072189331055
2010-01-06,78.63999938964844,79.08999633789062,77.7699966430664,79.08999633789062,867681,57.34172439575195
2010-01-07,79.08000183105469,80.0,78.44999694824219,79.98999786376953,1704200,57.99424362182617
2010-01-08,80.0,81.5,79.5999984741211,81.06999969482422,1277014,58.77726745605469
2010-01-11,81.5,82.0,81.16999816894531,81.69999694824219,942575,59.23400115966797
2010-01-12,81.76000213623047,81.94999694824219,79.11000061035156,79.3499984741211,1348479,57.530235290527344
2010-01-13,79.16000366210938,80.29000091552734,79.1500015258789,79.94999694824219,918412,57.96523666381836
2010-01-14,80.5,80.5999984741211,79.62000274658203,80.05999755859375,665656,58.04499816894531
2010-01-15,80.30999755859375,80.98999786376953,79.41000366210938,79.41000366210938,1592869,57.573734283447266
2010-01-18,79.66000366210938,81.0,79.66000366210938,80.80999755859375,795435,58.5887451171875
2010-01-19,80.5999984741211,82.30000305175781,80.36000061035156,82.0999984741211,1201610,59.52402877807617
2010-01-20,81.55999755859375,81.91000366210938,79.72000122070312,79.88999938964844,881974,57.92173767089844
2010-01-21,80.61000061035156,80.9800033569336,78.25,78.44000244140625,1213851,56.8704719543457
2010-01-22,78.48999786376953,79.30000305175781,76.5999984741211,77.7699966430664,1456421,56.384700775146484
2010-01-25,77.16999816894531,78.83999633789062,77.08000183105469,77.80000305175781,1143009,56.40646743774414
2010-01-26,77.05000305175781,79.4800033569336,76.69999694824219,79.44000244140625,1398814,57.59547805786133
2010-01-27,78.5999984741211,79.41999816894531,77.58000183105469,79.05999755859375,1239611,57.319969177246094
2010-01-28,80.0,80.83999633789062,78.11000061035156,78.11000061035156,1318923,56.631221771240234
2010-01-29,78.52999877929688,79.98999786376953,77.70999908447266,79.06999969482422,1027263,57.327232360839844
2010-02-01,78.02999877929688,79.58000183105469,78.01000213623047,79.33000183105469,803999,57.515743255615234
2010-02-02,79.11000061035156,81.19999694824219,78.5,81.0999984741211,1081405,58.79900360107422
2010-02-03,81.19999694824219,82.23999786376953,80.94999694824219,81.44999694824219,1148420,59.05274963378906
2010-02-04,81.3499984741211,81.69999694824219,77.83000183105469,77.95999908447266,1636761,56.5224609375
2010-02-05,77.4000015258789,77.4000015258789,74.19000244140625,74.87000274658203,2625236,54.28215026855469
2010-02-08,75.69000244140625,76.2300033569336,74.94999694824219,76.2300033569336,1355098,55.26817321777344
2010-02-09,75.7699966430664,77.76000213623047,75.69999694824219,77.05000305175781,1392001,55.86268997192383
2010-02-10,77.94999694824219,78.70999908447266,77.2300033569336,77.81999969482422,1098841,56.42095184326172
2010-02-11,77.95999908447266,78.9800033569336,76.58000183105469,77.58000183105469,1229958,56.24693298339844
2010-02-12,78.6500015258789,78.77999877929688,75.91999816894531,76.41999816894531,1367327,55.405914306640625
2010-02-15,77.19999694824219,77.86000061035156,77.01000213623047,77.27999877929688,744264,56.02943801879883
2010-02-16,78.08000183105469,78.30000305175781,76.20999908447266,77.5,1067938,56.18894958496094
2010-02-17,78.5,78.87000274658203,78.2300033569336,78.69000244140625,1283196,57.051727294921875
2010-02-18,78.9800033569336,79.75,78.69000244140625,79.5999984741211,1386158,57.71147537231445
2010-02-19,79.1500015258789,79.77999877929688,78.76000213623047,79.55000305175781,1212197,57.67525100708008
2010-02-22,80.0,80.69999694824219,79.13999938964844,80.08000183105469,953215,58.059478759765625
2010-02-23,80.25,80.63999938964844,78.62999725341797,79.0,885065,57.27647018432617
2010-02-24,78.98999786376953,79.38999938964844,77.87999725341797,78.69999694824219,661167,57.058963775634766
2010-02-25,78.38999938964844,78.9000015258789,76.44000244140625,76.76000213623047,985516,55.652427673339844
2010-02-26,77.41999816894531,79.5999984741211,76.79000091552734,79.5999984741211,1489975,57.71147537231445
2010-03-01,80.0,81.77999877929688,79.81999969482422,81.73999786376953,1299507,59.263004302978516
2010-03-02,81.79000091552734,83.44999694824219,81.5999984741211,83.12000274658203,1126981,60.2635498046875
2010-03-03,82.80000305175781,84.48999786376953,81.75,84.43000030517578,1216536,61.21331024169922
2010-03-04,84.02999877929688,84.69000244140625,83.61000061035156,84.01000213623047,1158492,60.90882873535156
2010-03-05,84.5,86.98999786376953,84.18000030517578,86.97000122070312,1607864,63.054874420166016
2010-03-08,86.62999725341797,86.9000015258789,85.68000030517578,85.9000015258789,1041605,62.27911376953125
2010-03-09,85.77999877929688,86.1500015258789,84.55000305175781,85.69000244140625,1113821,62.126861572265625
2010-03-10,85.77999877929688,86.62000274658203,85.77999877929688,86.41999816894531,1225499,62.656105041503906
2010-03-11,85.5999984741211,86.1500015258789,85.26000213623047,85.76000213623047,1142369,62.177608489990234
2010-03-12,86.23999786376953,86.86000061035156,85.76000213623047,86.41000366210938,821159,62.648887634277344
2010-03-15,86.38999938964844,86.45999908447266,85.56999969482422,85.68000030517578,681675,62.1196174621582
2010-03-16,86.0,86.94999694824219,85.63999938964844,86.73999786376953,831666,62.88810729980469
2010-03-17,86.77999877929688,87.0999984741211,85.69999694824219,86.0,1021737,62.35161590576172
2010-03-18,85.79000091552734,87.68000030517578,85.70999908447266,87.18000030517578,987629,63.2071533203125
2010-03-19,87.19999694824219,87.98999786376953,86.18000030517578,86.62000274658203,1380933,62.80110549926758
2010-03-22,86.19000244140625,86.80999755859375,84.9800033569336,86.80999755859375,719625,62.93886184692383
2010-03-23,86.5999984741211,87.9800033569336,86.5999984741211,87.54000091552734,890320,63.46812438964844
2010-03-24,87.5,87.66999816894531,86.06999969482422,87.11000061035156,898053,63.15639114379883
2010-03-25,86.8499984741211,87.80000305175781,86.47000122070312,87.51000213623047,702733,63.446372985839844
2010-03-26,87.04000091552734,87.83000183105469,86.97000122070312,87.19999694824219,875646,63.22163391113281
2010-03-29,87.55000305175781,87.9000015258789,86.69999694824219,87.5999984741211,616853,63.51165008544922
2010-03-30,87.80000305175781,87.94000244140625,86.69000244140625,86.88999938964844,765595,62.99687957763672
2010-03-31,86.94000244140625,87.61000061035156,86.01000213623047,86.54000091552734,1300855,62.74311828613281
2010-04-01,87.0999984741211,88.6500015258789,86.7300033569336,88.5999984741211,1553142,64.23665618896484
2010-04-06,89.0,89.4000015258789,87.9000015258789,88.33999633789062,1139493,64.04814910888672
2010-04-07,87.5999984741211,87.5999984741211,86.33999633789062,86.4800033569336,1205324,62.699615478515625
2010-04-08,86.45999908447266,86.66000366210938,84.41000366210938,84.94999694824219,1291107,61.59032440185547
2010-04-09,85.5199966430664,88.38999938964844,85.51000213623047,88.38999938964844,1312614,64.08441162109375
2010-04-12,89.0999984741211,89.1500015258789,88.27999877929688,88.75,1084838,64.34540557861328
2010-04-13,91.5,92.36000061035156,89.91000366210938,90.05000305175781,3009161,65.28791809082031
2010-04-14,90.75,91.41999816894531,89.48999786376953,90.38999938964844,1326562,65.53445434570312
2010-04-15,90.98999786376953,91.44999694824219,89.77999877929688,90.5199966430664,1398191,65.62869262695312
2010-04-16,89.91000366210938,90.55999755859375,87.2699966430664,87.52999877929688,2221693,63.460872650146484
2010-04-19,86.91999816894531,87.1500015258789,86.12000274658203,86.72000122070312,1608313,62.873619079589844
2010-04-20,86.98999786376953,88.16999816894531,86.80999755859375,88.16999816894531,888686,63.92488098144531
2010-04-21,88.4000015258789,88.72000122070312,86.94999694824219,87.5999984741211,1059204,63.51165008544922
2010-04-22,87.80999755859375,88.93000030517578,86.56999969482422,87.16999816894531,1376164,63.19988250732422
2010-04-23,87.25,89.0,87.13999938964844,88.97000122070312,1154024,64.50489807128906
2010-04-26,89.62000274658203,90.5,89.61000061035156,90.37000274658203,1283544,65.51995849609375
2010-04-27,90.31999969482422,90.48999786376953,86.30000305175781,86.30000305175781,1348870,62.569114685058594
2010-04-28,86.0,86.77999877929688,84.12000274658203,85.08000183105469,2015775,61.684600830078125
2010-04-29,85.0999984741211,87.4000015258789,84.70999908447266,86.93000030517578,1382892,63.02587127685547
2010-04-30,86.94999694824219,87.36000061035156,85.5199966430664,86.83999633789062,1331358,62.96062469482422
2010-05-03,86.16999816894531,87.58000183105469,85.44999694824219,87.27999877929688,605217,63.27963638305664
2010-05-04,87.7699966430664,87.87999725341797,84.0199966430664,84.20999908447266,1748908,61.053836822509766
2010-05-05,84.5,85.9000015258789,83.55000305175781,84.01000213623047,1985451,60.90882873535156
2010-05-06,83.30000305175781,86.16999816894531,83.19999694824219,83.66000366210938,1990207,60.65505599975586
2010-05-07,81.98999786376953,82.7699966430664,78.26000213623047,79.51000213623047,3506438,57.64623260498047
2010-05-10,83.91000366210938,87.52999877929688,82.13999938964844,87.52999877929688,3370428,63.460872650146484
2010-05-11,86.75,88.29000091552734,85.52999877929688,88.2300033569336,2245727,63.968406677246094
2010-05-12,87.55000305175781,91.5999984741211,87.30000305175781,91.16999816894531,2361892,66.09996795654297
2010-05-13,91.58999633789062,92.5,90.87000274658203,91.6500015258789,1293574,66.44795227050781
2010-05-14,91.2699966430664,91.44000244140625,87.4000015258789,88.05999755859375,2076069,63.84514617919922
2010-05-17,86.73999786376953,88.52999877929688,86.44000244140625,87.08999633789062,1252339,63.14186477661133
2010-05-18,87.97000122070312,89.19999694824219,87.45999908447266,88.88999938964844,1186782,64.44692993164062
2010-05-19,87.66999816894531,88.05000305175781,85.62999725341797,86.16000366210938,1675038,62.467620849609375
2010-05-20,85.83999633789062,86.05000305175781,81.0,83.41000366210938,2340921,61.400230407714844
2010-05-21,84.16999816894531,84.33000183105469,80.27999877929688,83.73999786376953,2987553,61.64314651489258
2010-05-24,84.0,85.08999633789062,82.0,82.8499984741211,981104,60.988006591796875
2010-05-25,80.51000213623047,81.88999938964844,80.04000091552734,81.23999786376953,1998469,59.8028450012207
2010-05-26,83.0,85.31999969482422,82.68000030517578,84.08000183105469,1815078,61.893436431884766
2010-05-27,84.76000213623047,87.0,83.87000274658203,86.87000274658203,1486242,63.947227478027344
2010-05-28,87.12999725341797,87.87999725341797,85.37999725341797,85.91999816894531,1258091,63.24789047241211
2010-05-31,85.87000274658203,87.19999694824219,85.7300033569336,86.22000122070312,517249,63.46874237060547
2010-06-01,85.58999633789062,87.30999755859375,83.66000366210938,86.72000122070312,1266297,63.83679962158203
2010-06-02,86.37000274658203,87.73999786376953,85.08000183105469,87.37999725341797,1137341,64.32264709472656
2010-06-03,89.31999969482422,90.25,88.62000274658203,89.08999633789062,1382969,65.58142852783203
2010-06-04,89.11000061035156,90.4000015258789,86.25,87.2699966430664,1757282,64.24168395996094
2010-06-07,85.37999725341797,87.98999786376953,85.22000122070312,86.73999786376953,1510396,63.85150909423828
2010-06-08,87.66999816894531,87.66999816894531,85.61000061035156,86.9000015258789,1514798,63.96931076049805
2010-06-09,88.02999877929688,90.19999694824219,86.68000030517578,90.19999694824219,1743893,66.39850616455078
2010-06-10,90.0,91.91999816894531,89.48999786376953,91.31999969482422,1762299,67.2229995727539
2010-06-11,92.0,92.9800033569336,90.76000213623047,91.91000366210938,1645567,67.65730285644531
2010-06-14,92.01000213623047,92.37999725341797,90.83000183105469,92.08000183105469,1410573,67.78243255615234
2010-06-15,91.62000274658203,92.73999786376953,90.88999938964844,91.41999816894531,1628089,67.29658508300781
2010-06-16,91.69999694824219,92.1500015258789,91.18000030517578,92.12000274658203,1775791,67.81188201904297
2010-06-17,92.12000274658203,93.41999816894531,92.12000274658203,93.25,1350134,68.64369201660156
2010-06-18,93.22000122070312,94.0,92.91000366210938,93.38999938964844,1493348,68.74676513671875
2010-06-21,95.0,96.95999908447266,94.86000061035156,96.58000183105469,1593285,71.09501647949219
2010-06-22,95.66000366210938,96.12999725341797,94.45999908447266,95.30000305175781,1273762,70.15277862548828
2010-06-23,94.45999908447266,95.75,93.83000183105469,94.27999877929688,1112478,69.40191650390625
2010-06-24,94.95999908447266,94.9800033569336,91.55999755859375,92.04000091552734,1402317,67.75299072265625
2010-06-25,91.62000274658203,92.4000015258789,90.11000061035156,90.79000091552734,1329852,66.83283233642578
2010-06-28,91.52999877929688,93.47000122070312,90.5,93.2699966430664,1026351,68.65843200683594
2010-06-29,92.37000274658203,92.37000274658203,88.70999908447266,89.23999786376953,1585795,65.69183349609375
2010-06-30,89.45999908447266,90.75,88.91999816894531,89.80999755859375,1186096,66.11144256591797
2010-07-01,88.7300033569336,89.08999633789062,84.91000366210938,85.19999694824219,2504299,62.71787643432617
2010-07-02,85.87000274658203,86.9000015258789,84.8499984741211,84.91999816894531,1656938,62.511783599853516
2010-07-05,85.08000183105469,85.9000015258789,84.86000061035156,85.04000091552734,672775,62.60011291503906
2010-07-06,85.80000305175781,88.83000183105469,85.26000213623047,87.72000122070312,1301189,64.57292938232422
2010-07-07,86.86000061035156,87.33000183105469,85.76000213623047,87.20999908447266,1191265,64.19749450683594
2010-07-08,87.97000122070312,89.48999786376953,87.2300033569336,89.06999969482422,1186369,65.56670379638672
2010-07-09,89.87000274658203,90.43000030517578,88.87000274658203,89.9000015258789,778262,66.17765808105469
2010-07-12,89.76000213623047,90.41999816894531,88.19999694824219,89.37999725341797,822033,65.79489135742188
2010-07-13,89.72000122070312,92.12000274658203,89.36000061035156,91.5199966430664,996512,67.37022399902344
2010-07-14,92.16999816894531,92.16999816894531,89.79000091552734,91.30000305175781,777309,67.20825958251953
2010-07-15,91.0,92.79000091552734,90.30000305175781,90.94999694824219,1152671,66.95059204101562
2010-07-16,91.48999786376953,92.22000122070312,89.43000030517578,89.4800033569336,1395650,65.86852264404297
2010-07-19,88.91999816894531,89.63999938964844,87.88999938964844,88.30000305175781,778142,64.99988555908203
2010-07-20,89.1500015258789,90.3499984741211,87.52999877929688,88.86000061035156,1205537,65.41212463378906
2010-07-21,89.51000213623047,92.16999816894531,89.51000213623047,90.05999755859375,1307795,66.29545593261719
2010-07-22,89.77999877929688,93.3499984741211,89.19000244140625,93.25,1227593,68.64369201660156
2010-07-23,93.19000244140625,94.62000274658203,92.5199966430664,94.0999984741211,924123,69.2693862915039
2010-07-26,95.08999633789062,95.4000015258789,94.16000366210938,95.02999877929688,1052600,69.95399475097656
2010-07-27,94.5,95.1500015258789,91.6500015258789,92.26000213623047,1637781,67.9149169921875
2010-07-28,95.0999984741211,95.30000305175781,91.97000122070312,92.6500015258789,1683912,68.20204162597656
2010-07-29,92.79000091552734,93.88999938964844,92.01000213623047,92.05000305175781,1199537,67.7603530883789
2010-07-30,91.83000183105469,94.76000213623047,91.7699966430664,93.62000274658203,1460688,68.91607666015625
2010-08-02,93.91999816894531,95.5999984741211,93.80000305175781,95.30999755859375,1363989,70.16011810302734
2010-08-03,95.16000366210938,95.3499984741211,93.80999755859375,94.86000061035156,665273,69.82886505126953
2010-08-04,94.33999633789062,95.7699966430664,93.80999755859375,95.16999816894531,1012649,70.05707550048828
2010-08-05,94.8499984741211,97.12000274658203,94.80000305175781,96.51000213623047,997489,71.04345703125
2010-08-06,97.0,97.72000122070312,95.0199966430664,95.62999725341797,1058100,70.39568328857422
2010-08-09,96.98999786376953,97.4000015258789,96.30000305175781,97.4000015258789,622588,71.6986312866211
2010-08-10,96.88999938964844,97.0,95.0199966430664,96.27999877929688,820085,70.8741683959961
2010-08-11,95.77999877929688,95.83999633789062,93.0,93.18000030517578,1010342,68.59217834472656
2010-08-12,92.73999786376953,93.87999725341797,92.0,92.93000030517578,892037,68.40815734863281
2010-08-13,94.0,94.0,91.9800033569336,93.63999938964844,827457,68.9307861328125
2010-08-16,93.95999908447266,94.87999725341797,92.45999908447266,93.55999755859375,656315,68.87190246582031
2010-08-17,94.18000030517578,94.66999816894531,93.62000274658203,94.66999816894531,633608,69.68900299072266
2010-08-18,94.19999694824219,95.30000305175781,93.55000305175781,95.08999633789062,640761,69.99817657470703
2010-08-19,95.7300033569336,96.23999786376953,93.31999969482422,93.5999984741211,988841,68.9013671875
2010-08-20,93.55000305175781,93.72000122070312,91.8499984741211,92.2699966430664,1075152,67.92228698730469
2010-08-23,92.37999725341797,93.83999633789062,91.97000122070312,93.04000091552734,654146,68.48912048339844
2010-08-24,92.11000061035156,93.0,91.05000305175781,91.72000122070312,1110661,67.51744079589844
2010-08-25,91.3499984741211,92.01000213623047,89.12000274658203,90.29000091552734,1251596,66.46479034423828
2010-08-26,91.08000183105469,92.5,90.72000122070312,91.98999786376953,1001781,67.7161865234375
2010-08-27,91.6500015258789,92.0999984741211,89.72000122070312,91.66999816894531,852255,67.48060607910156
2010-08-30,92.0,92.25,90.9800033569336,91.5999984741211,333463,67.4291000366211
2010-08-31,90.19999694824219,91.93000030517578,89.76000213623047,91.7699966430664,998462,67.55423736572266
2010-09-01,92.0,95.80000305175781,91.5199966430664,95.80000305175781,1166801,70.52081298828125
2010-09-02,95.30000305175781,96.94000244140625,95.16999816894531,96.47000122070312,853602,71.01402282714844
2010-09-03,96.75,98.47000122070312,96.30000305175781,98.30999755859375,1132279,72.36847686767578
2010-09-06,98.4000015258789,98.4000015258789,97.05000305175781,97.47000122070312,651691,71.75013732910156
2010-09-07,97.2300033569336,97.3499984741211,96.18000030517578,97.05000305175781,851137,71.44097137451172
2010-09-08,96.9800033569336,98.91000366210938,96.05999755859375,98.41999816894531,943892,72.44947052001953
2010-09-09,98.29000091552734,98.83999633789062,97.54000091552734,98.27999877929688,832155,72.3464126586914
2010-09-10,98.01000213623047,99.36000061035156,97.86000061035156,98.88999938964844,950966,72.79544830322266
2010-09-13,99.4800033569336,100.80000305175781,99.30000305175781,99.91000366210938,895145,73.54631805419922
2010-09-14,99.91999816894531,101.5999984741211,99.51000213623047,101.30000305175781,1115070,74.56950378417969
2010-09-15,101.0,101.80000305175781,100.4000015258789,101.1500015258789,799259,74.4590835571289
2010-09-16,100.94999694824219,101.75,100.55000305175781,101.0999984741211,510771,74.42227935791016
2010-09-17,101.8499984741211,102.0,99.9800033569336,100.8499984741211,1604887,74.23825073242188
2010-09-20,101.30000305175781,104.30000305175781,101.0,104.30000305175781,999220,76.77790069580078
2010-09-21,104.1500015258789,105.44999694824219,104.0,104.94999694824219,1166214,77.25637817382812
2010-09-22,104.5999984741211,105.0,102.4000015258789,102.55000305175781,1128669,75.48967742919922
2010-09-23,103.3499984741211,103.75,101.0,102.0999984741211,1049386,75.15840148925781
2010-09-24,101.55000305175781,106.0,101.55000305175781,105.80000305175781,1047925,77.88208770751953
2010-09-27,106.05000305175781,106.55000305175781,103.94999694824219,104.0999984741211,721715,76.63066101074219
2010-09-28,103.55000305175781,106.80000305175781,102.80000305175781,106.5,1261754,78.3973617553711
2010-09-29,106.6500015258789,107.5,106.30000305175781,106.80000305175781,871204,78.61821746826172
2010-09-30,106.05000305175781,109.5,105.69999694824219,107.5999984741211,1202583,79.20709228515625
2010-10-01,107.5,108.55000305175781,104.75,105.1500015258789,1099792,77.4035873413086
2010-10-04,105.0,106.44999694824219,104.1500015258789,105.80000305175781,862025,77.88208770751953
2010-10-05,105.9000015258789,108.30000305175781,105.25,107.9000015258789,827819,79.42793273925781
2010-10-06,108.19999694824219,109.80000305175781,107.94999694824219,109.75,1081166,80.7897720336914
2010-10-07,109.4000015258789,111.44999694824219,108.69999694824219,110.0,946328,80.97378540039062
2010-10-08,110.05000305175781,110.5,108.9000015258789,109.69999694824219,681605,80.75296020507812
2010-10-11,109.94999694824219,111.3499984741211,109.55000305175781,110.4000015258789,768474,81.26825714111328
2010-10-12,109.30000305175781,110.1500015258789,108.30000305175781,109.75,878898,80.7897720336914
2010-10-13,110.5,111.44999694824219,110.30000305175781,110.8499984741211,875647,81.59949493408203
2010-10-14,112.0,112.0,109.8499984741211,111.44999694824219,1242652,82.04116821289062
2010-10-15,111.94999694824219,112.4000015258789,110.69999694824219,111.9000015258789,952002,82.37242889404297
2010-10-18,111.05000305175781,111.8499984741211,109.75,111.5,760034,82.0779800415039
2010-10-19,111.25,111.80000305175781,108.19999694824219,108.8499984741211,1191784,80.12726593017578
2010-10-20,108.5,109.5999984741211,107.75,108.9000015258789,743077,80.1640625
2010-10-21,108.8499984741211,114.25,108.3499984741211,114.25,1480039,84.10234069824219
2010-10-22,113.55000305175781,113.80000305175781,112.5999984741211,113.30000305175781,920511,83.40300750732422
2010-10-25,115.0,119.4000015258789,114.5,116.0,1735966,85.39057159423828
2010-10-26,115.55000305175781,116.44999694824219,110.9000015258789,112.3499984741211,1630740,82.70370483398438
2010-10-27,112.0,114.0,111.0,111.94999694824219,851513,82.40924835205078
2010-10-28,112.6500015258789,114.0999984741211,111.8499984741211,112.3499984741211,667886,82.70370483398438
2010-10-29,112.44999694824219,113.5,112.0,112.5999984741211,669997,82.88772583007812
2010-11-01,113.4000015258789,114.0,112.0,113.3499984741211,529752,83.4398193359375
2010-11-02,113.30000305175781,115.0999984741211,113.0,114.69999694824219,624729,84.43357849121094
2010-11-03,115.25,117.30000305175781,114.9000015258789,116.0,851954,85.39057159423828
2010-11-04,117.4000015258789,119.80000305175781,116.55000305175781,119.19999694824219,1146174,87.74616241455078
2010-11-05,119.6500015258789,120.5,118.5999984741211,119.0999984741211,897594,87.67252349853516
2010-11-08,118.94999694824219,119.05000305175781,117.8499984741211,118.75,504632,87.4148941040039
2010-11-09,118.19999694824219,119.5,117.5,117.69999694824219,741361,86.64198303222656
2010-11-10,117.3499984741211,118.3499984741211,116.4000015258789,116.80000305175781,823751,85.97945404052734
2010-11-11,116.9000015258789,117.9000015258789,115.75,117.8499984741211,710301,86.75241088867188
2010-11-12,116.0999984741211,118.0999984741211,114.69999694824219,116.0999984741211,1024821,85.46416473388672
2010-11-15,115.1500015258789,117.0999984741211,115.1500015258789,116.8499984741211,691682,86.0162582397461
2010-11-16,116.55000305175781,117.8499984741211,115.0,115.0,1030669,84.6544189453125
2010-11-17,114.80000305175781,115.94999694824219,114.6500015258789,115.1500015258789,672519,84.76483917236328
2010-11-18,116.0999984741211,118.0,116.0,118.0,688018,86.8628158569336
2010-11-19,117.8499984741211,119.4000015258789,117.69999694824219,119.4000015258789,688630,87.89336395263672
2010-11-22,119.4000015258789,121.5,119.3499984741211,119.80000305175781,875018,88.18783569335938
2010-11-23,119.0,120.8499984741211,116.80000305175781,116.80000305175781,1355855,85.97945404052734
2010-11-24,117.19999694824219,119.0999984741211,116.30000305175781,118.94999694824219,1023068,87.56211853027344
2010-11-25,119.05000305175781,121.5999984741211,118.5,120.8499984741211,797418,88.96075439453125
2010-11-26,119.94999694824219,120.8499984741211,118.9000015258789,119.8499984741211,792512,88.22464752197266
2010-11-29,119.80000305175781,122.19999694824219,117.05000305175781,117.05000305175781,1272921,86.66968536376953
2010-11-30,117.05000305175781,118.1500015258789,116.30000305175781,116.8499984741211,1199270,86.52159881591797
2010-12-01,117.44999694824219,119.1500015258789,117.4000015258789,118.5,1070551,87.74333190917969
2010-12-02,119.0,122.30000305175781,118.5,122.19999694824219,1124484,90.48299407958984
2010-12-03,122.30000305175781,123.94999694824219,120.75,121.69999694824219,781109,90.1127700805664
2010-12-06,121.19999694824219,121.94999694824219,120.19999694824219,121.44999694824219,629781,89.92766571044922
2010-12-07,121.6500015258789,125.94999694824219,121.55000305175781,124.0999984741211,1128501,91.88985443115234
2010-12-08,123.55000305175781,123.9000015258789,121.69999694824219,122.0,844807,90.33491516113281
2010-12-09,123.3499984741211,123.94999694824219,119.8499984741211,120.69999694824219,1086591,89.37232971191406
2010-12-10,120.69999694824219,122.55000305175781,120.6500015258789,121.5,685168,89.96470642089844
2010-12-13,121.80000305175781,123.4000015258789,121.69999694824219,123.19999694824219,773793,91.22348022460938
2010-12-14,123.19999694824219,123.75,122.69999694824219,123.75,528993,91.63070678710938
2010-12-15,123.25,123.25,120.4000015258789,121.5,944278,89.96470642089844
2010-12-16,121.9000015258789,123.80000305175781,121.19999694824219,123.55000305175781,750764,91.48263549804688
2010-12-17,123.94999694824219,124.5,123.0999984741211,123.19999694824219,1249506,91.22348022460938
2010-12-20,124.4000015258789,124.80000305175781,123.0999984741211,123.4000015258789,502072,91.37157440185547
2010-12-21,124.05000305175781,125.55000305175781,123.75,125.44999694824219,611383,92.88946533203125
2010-12-22,124.0,129.0500030517578,124.0,127.69999694824219,901776,94.55550384521484
2010-12-23,127.9000015258789,128.0,126.9000015258789,127.3499984741211,442708,94.29633331298828
2010-12-27,127.3499984741211,127.9000015258789,125.0,125.6500015258789,400686,93.03756713867188
2010-12-28,126.19999694824219,126.75,124.55000305175781,124.6500015258789,258229,92.297119140625
2010-12-29,125.19999694824219,126.0,124.8499984741211,125.44999694824219,262794,92.88946533203125
2010-12-30,125.44999694824219,125.9000015258789,122.94999694824219,123.3499984741211,357498,91.33454132080078
2011-01-03,124.5,125.3499984741211,123.5,124.3499984741211,391794,92.07499694824219
2011-01-04,123.94999694824219,124.3499984741211,121.30000305175781,121.55000305175781,719318,90.00171661376953
2011-01-05,121.19999694824219,121.5,117.6500015258789,119.80000305175781,1305014,88.7059326171875
2011-01-06,120.0999984741211,122.69999694824219,119.8499984741211,121.9000015258789,886936,90.2608871459961
2011-01-07,120.9000015258789,121.44999694824219,119.0999984741211,119.3499984741211,882926,88.37272644042969
2011-01-10,119.0,119.19999694824219,116.5,118.94999694824219,926443,88.07655334472656
2011-01-11,119.55000305175781,122.0999984741211,118.94999694824219,121.25,1004126,89.77958679199219
2011-01-12,121.25,122.25,119.69999694824219,121.05000305175781,906222,89.6314926147461
2011-01-13,121.05000305175781,121.0999984741211,118.4000015258789,118.8499984741211,990171,88.00250244140625
2011-01-14,118.19999694824219,118.6500015258789,115.55000305175781,116.75,1353461,86.44754791259766
2011-01-17,117.9000015258789,118.4000015258789,116.0999984741211,116.69999694824219,705662,86.41053009033203
2011-01-18,117.5,119.6500015258789,117.25,118.30000305175781,818533,87.59527587890625
2011-01-19,118.75,119.30000305175781,114.05000305175781,114.4000015258789,1390049,84.7074966430664
2011-01-20,115.19999694824219,115.19999694824219,110.9000015258789,112.80000305175781,1700348,83.52278900146484
2011-01-21,113.0,113.9000015258789,111.8499984741211,112.30000305175781,1355025,83.15254974365234
2011-01-24,112.75,113.8499984741211,111.5999984741211,113.30000305175781,854813,83.89300537109375
2011-01-25,113.9000015258789,116.94999694824219,113.69999694824219,115.6500015258789,1111953,85.63304901123047
2011-01-26,116.05000305175781,117.0999984741211,115.5999984741211,116.19999694824219,808303,86.04032135009766
2011-01-27,116.0999984741211,117.25,114.69999694824219,114.8499984741211,1023868,85.04069519042969
2011-01-28,114.94999694824219,115.9000015258789,113.75,113.80000305175781,882571,84.26323699951172
2011-01-31,114.0,115.0,112.3499984741211,114.05000305175781,976833,84.44835662841797
2011-02-01,114.69999694824219,116.44999694824219,114.69999694824219,116.25,982208,86.07733917236328
2011-02-02,116.25,117.75,115.30000305175781,116.19999694824219,945720,86.04032135009766
2011-02-03,115.8499984741211,116.9000015258789,114.30000305175781,116.9000015258789,895311,86.55862426757812
2011-02-04,114.9000015258789,116.0,112.9000015258789,114.05000305175781,2383835,84.44835662841797
2011-02-07,114.30000305175781,116.4000015258789,114.1500015258789,116.4000015258789,1028269,86.18840789794922
2011-02-08,115.69999694824219,119.94999694824219,115.5999984741211,119.5999984741211,1638981,88.55784606933594
2011-02-09,119.9000015258789,121.19999694824219,118.0,118.05000305175781,895670,87.41017150878906
2011-02-10,118.0,119.0,116.69999694824219,118.8499984741211,666483,88.00250244140625
2011-02-11,119.44999694824219,120.5,117.0,119.4000015258789,813673,88.40974426269531
2011-02-14,120.1500015258789,120.5,119.1500015258789,119.5,567636,88.4837875366211
2011-02-15,119.44999694824219,119.5,117.55000305175781,118.05000305175781,615194,87.41017150878906
2011-02-16,118.1500015258789,118.69999694824219,116.1500015258789,116.9000015258789,972701,86.55862426757812
2011-02-17,117.94999694824219,117.94999694824219,116.05000305175781,117.44999694824219,751077,86.96588134765625
2011-02-18,117.94999694824219,117.94999694824219,115.75,116.25,977156,86.07733917236328
2011-02-21,115.9000015258789,116.9000015258789,114.9000015258789,115.30000305175781,730005,85.37391662597656
2011-02-22,114.5999984741211,115.5999984741211,113.25,115.0,875109,85.15176391601562
2011-02-23,114.9000015258789,115.0,112.0999984741211,113.5,1275820,84.04109191894531
2011-02-24,112.5,112.8499984741211,110.9000015258789,111.19999694824219,1260140,82.33805084228516
2011-02-25,112.30000305175781,114.5,111.1500015258789,114.19999694824219,868216,84.55940246582031
2011-02-28,113.94999694824219,115.19999694824219,113.1500015258789,114.25,741561,84.596435546875
2011-03-01,115.19999694824219,117.80000305175781,114.3499984741211,115.30000305175781,1157791,85.37391662597656
2011-03-02,113.8499984741211,114.4000015258789,112.05000305175781,113.1500015258789,1178960,83.78194427490234
2011-03-03,114.0,114.1500015258789,112.75,112.94999694824219,1008961,83.63385772705078
2011-03-04,113.4000015258789,114.05000305175781,111.0999984741211,111.55000305175781,876850,82.59721374511719
2011-03-07,111.0,114.75,109.25,112.94999694824219,1697977,83.63385772705078
2011-03-08,113.6500015258789,114.44999694824219,112.5999984741211,114.30000305175781,952436,84.63346099853516
2011-03-09,114.25,115.8499984741211,113.5999984741211,114.94999694824219,1081876,85.11475372314453
2011-03-10,114.1500015258789,114.69999694824219,112.5,113.0999984741211,832321,83.74492645263672
2011-03-11,112.0999984741211,112.44999694824219,110.0,110.0,1256461,81.44951629638672
2011-03-14,107.0,108.0,105.19999694824219,106.5999984741211,2527826,78.9320068359375
2011-03-15,102.6500015258789,105.25,97.66999816894531,104.25,4499873,77.19192504882812
2011-03-16,105.0,105.80000305175781,100.80000305175781,100.80000305175781,2336433,74.63739013671875
2011-03-17,101.0,103.94999694824219,99.69000244140625,103.6500015258789,2816952,76.74766540527344
2011-03-18,104.44999694824219,106.75,104.0,105.5,2335988,78.11750030517578
2011-03-21,106.9000015258789,109.1500015258789,106.55000305175781,109.0,1656684,80.70906829833984
2011-03-22,109.44999694824219,110.75,108.75,108.75,1226251,80.52394104003906
2011-03-23,108.9000015258789,109.3499984741211,107.30000305175781,108.19999694824219,979947,80.11669158935547
2011-03-24,108.1500015258789,110.4000015258789,107.5999984741211,110.19999694824219,941905,81.59760284423828
2011-03-25,110.80000305175781,110.8499984741211,109.3499984741211,109.69999694824219,647627,81.22737884521484
2011-03-28,110.0,111.4000015258789,109.80000305175781,110.9000015258789,711283,82.1159439086914
2011-03-29,110.80000305175781,111.30000305175781,108.94999694824219,110.25,785237,81.63463592529297
2011-03-30,111.19999694824219,112.3499984741211,110.9000015258789,111.6500015258789,733141,82.67125701904297
2011-03-31,111.80000305175781,113.1500015258789,111.4000015258789,111.69999694824219,1054900,82.70828247070312
2011-04-01,112.8499984741211,113.0,111.9000015258789,113.0,869782,83.67088317871094
2011-04-04,112.9000015258789,112.9000015258789,111.0999984741211,112.05000305175781,816386,82.96745300292969
2011-04-05,112.3499984741211,113.80000305175781,111.55000305175781,113.69999694824219,899909,84.1891860961914
2011-04-06,114.5,115.1500015258789,113.5,114.0,843556,84.41133880615234
2011-04-07,114.0999984741211,114.5,111.80000305175781,111.94999694824219,828712,82.89340209960938
2011-04-08,112.3499984741211,113.75,110.5,111.19999694824219,1011481,82.33805084228516
2011-04-11,110.80000305175781,111.55000305175781,110.05000305175781,111.1500015258789,583693,82.3010482788086
2011-04-12,110.30000305175781,111.0,109.44999694824219,109.80000305175781,818970,81.30143737792969
2011-04-13,110.3499984741211,111.94999694824219,109.5,111.19999694824219,614045,82.33805084228516
2011-04-14,110.5,111.75,110.0999984741211,111.19999694824219,554501,82.33805084228516
2011-04-15,111.5,112.6500015258789,110.9000015258789,112.0,890416,82.93041229248047
2011-04-18,112.30000305175781,113.30000305175781,109.0,109.75,834487,81.26441192626953
2011-04-19,113.4000015258789,116.55000305175781,112.0999984741211,115.19999694824219,1741551,85.29988098144531
2011-04-20,116.0,118.55000305175781,115.80000305175781,117.69999694824219,1171446,87.15099334716797
2011-04-21,118.9000015258789,119.5,117.9000015258789,119.30000305175781,684097,88.3357162475586
2011-04-26,118.6500015258789,119.94999694824219,118.19999694824219,119.80000305175781,676287,88.7059326171875
2011-04-27,119.94999694824219,120.1500015258789,118.55000305175781,118.75,818992,87.92845153808594
2011-04-28,120.19999694824219,120.5,119.0999984741211,120.0,769173,88.85400390625
2011-04-29,120.25,121.6500015258789,119.75,121.25,535038,89.77958679199219
2011-05-02,122.30000305175781,122.30000305175781,120.69999694824219,120.75,450957,89.40937042236328
2011-05-03,120.55000305175781,120.5999984741211,118.8499984741211,120.55000305175781,640742,89.26126861572266
2011-05-04,119.80000305175781,120.4000015258789,117.5,118.0,1120635,87.37313842773438
2011-05-05,118.4000015258789,119.30000305175781,116.75,118.0,917481,87.37313842773438
2011-05-06,118.0,121.0999984741211,117.4000015258789,120.19999694824219,843545,89.00209045410156
2011-05-09,119.6500015258789,120.94999694824219,118.0999984741211,118.5,671433,87.74333190917969
2011-05-10,118.94999694824219,121.30000305175781,118.75,120.30000305175781,735196,89.07615661621094
2011-05-11,120.94999694824219,124.25,120.69999694824219,123.05000305175781,1286462,91.1124038696289
2011-05-12,121.44999694824219,122.44999694824219,120.0,120.94999694824219,994051,89.55746459960938
2011-05-13,121.55000305175781,122.80000305175781,120.19999694824219,120.75,664022,89.40937042236328
2011-05-16,120.0,121.55000305175781,119.5999984741211,120.69999694824219,765381,89.37232971191406
2011-05-17,120.0,120.5,117.94999694824219,118.5999984741211,861379,87.81739044189453
2011-05-18,119.5,120.5,118.75,120.25,703926,89.03913879394531
2011-05-19,120.55000305175781,120.75,117.9000015258789,120.4000015258789,932952,89.15021514892578
2011-05-20,119.5999984741211,120.4000015258789,118.5999984741211,119.05000305175781,1053171,89.18767547607422
2011-05-23,117.69999694824219,117.69999694824219,116.0,116.05000305175781,968179,86.940185546875
2011-05-24,116.5999984741211,118.30000305175781,116.25,117.69999694824219,639241,88.17627716064453
2011-05-25,117.0,117.8499984741211,116.3499984741211,117.69999694824219,754124,88.17627716064453
2011-05-26,117.5999984741211,118.25,115.6500015258789,116.5,909866,87.27730560302734
2011-05-27,117.55000305175781,119.30000305175781,117.30000305175781,118.3499984741211,844659,88.66326141357422
2011-05-30,118.25,119.1500015258789,117.30000305175781,118.0,287283,88.40103912353516
2011-05-31,119.0,120.94999694824219,119.0,120.9000015258789,989456,90.57362365722656
2011-06-01,120.94999694824219,121.5,119.5,120.0999984741211,755162,89.97428894042969
2011-06-02,118.8499984741211,119.25,118.05000305175781,118.1500015258789,485567,88.51341247558594
2011-06-03,118.5,119.4000015258789,117.5,118.25,744048,88.58833312988281
2011-06-06,118.1500015258789,118.4000015258789,117.0999984741211,117.55000305175781,442477,88.06392669677734
2011-06-07,117.5999984741211,118.4000015258789,117.0999984741211,117.5999984741211,605529,88.10137939453125
2011-06-08,117.1500015258789,117.44999694824219,115.8499984741211,116.1500015258789,766582,87.01509094238281
2011-06-09,115.8499984741211,116.94999694824219,114.8499984741211,116.9000015258789,749032,87.57696533203125
2011-06-10,117.25,117.6500015258789,114.5,114.80000305175781,873668,86.00375366210938
2011-06-13,115.1500015258789,116.4000015258789,114.55000305175781,115.44999694824219,399524,86.49068450927734
2011-06-14,116.5,117.69999694824219,116.25,116.80000305175781,668460,87.50204467773438
2011-06-15,116.25,117.19999694824219,114.1500015258789,115.0,1021643,86.153564453125
2011-06-16,114.05000305175781,114.44999694824219,111.75,113.0,1583402,84.65523529052734
2011-06-17,112.94999694824219,114.30000305175781,110.80000305175781,112.75,1456289,84.46795654296875
2011-06-20,112.0,113.19999694824219,111.4000015258789,113.1500015258789,967118,84.76761627197266
2011-06-21,113.1500015258789,116.69999694824219,113.0,116.69999694824219,929828,87.42713928222656
2011-06-22,116.44999694824219,118.8499984741211,115.55000305175781,118.3499984741211,935708,88.66326141357422
2011-06-23,117.75,118.44999694824219,113.55000305175781,114.6500015258789,1130326,85.891357421875
2011-06-24,116.5,118.44999694824219,115.9000015258789,116.25,967017,87.09001922607422
2011-06-27,116.0,118.0,115.19999694824219,116.75,754243,87.46459197998047
2011-06-28,117.0,121.1500015258789,116.5,120.5999984741211,1227024,90.34886932373047
2011-06-29,121.4000015258789,123.0999984741211,120.5,122.5,988163,91.77227783203125
2011-06-30,122.5,124.19999694824219,121.3499984741211,124.0999984741211,1010733,92.97093200683594
2011-07-01,123.0,126.5,122.80000305175781,125.8499984741211,1011330,94.28195190429688
2011-07-04,125.75,127.0,125.5,125.5,616449,94.01976776123047
2011-07-05,125.30000305175781,128.1999969482422,124.80000305175781,127.05000305175781,922699,95.18096923828125
2011-07-06,127.0,127.94999694824219,125.94999694824219,126.80000305175781,1226707,94.9936752319336
2011-07-07,127.4000015258789,129.4499969482422,126.8499984741211,128.9499969482422,1119472,96.60435485839844
2011-07-08,129.0,129.9499969482422,126.69999694824219,126.9000015258789,1026135,95.06856536865234
2011-07-11,125.44999694824219,126.44999694824219,123.6500015258789,124.4000015258789,1019179,93.19568634033203
2011-07-12,121.44999694824219,123.44999694824219,119.4000015258789,123.44999694824219,1520580,92.48397827148438
2011-07-13,123.0,126.0999984741211,122.5999984741211,125.75,921442,94.20704650878906
2011-07-14,124.9000015258789,125.69999694824219,124.0999984741211,124.69999694824219,518118,93.42041778564453
2011-07-15,124.4000015258789,125.5,123.4000015258789,124.6500015258789,819106,93.3829574584961
2011-07-18,123.6500015258789,124.1500015258789,121.3499984741211,122.4000015258789,800494,91.69734954833984
2011-07-19,123.0,123.6500015258789,121.8499984741211,123.19999694824219,719940,92.29668426513672
2011-07-20,124.19999694824219,126.4000015258789,123.44999694824219,126.1500015258789,933607,94.50670623779297
2011-07-21,126.94999694824219,129.0500030517578,126.3499984741211,128.35000610351562,1060401,96.1548843383789
2011-07-22,129.10000610351562,129.8000030517578,128.10000610351562,129.25,724758,96.82911682128906
2011-07-25,128.75,130.89999389648438,128.1999969482422,130.5500030517578,868903,97.80304718017578
2011-07-26,129.9499969482422,130.9499969482422,127.94999694824219,130.0,756277,97.3909912109375
2011-07-27,130.60000610351562,132.64999389648438,128.4499969482422,129.8000030517578,1388646,97.24115753173828
2011-07-28,129.8000030517578,130.75,126.69999694824219,128.8000030517578,965957,96.49198913574219
2011-07-29,127.44999694824219,129.3000030517578,124.9000015258789,127.94999694824219,1071046,95.85519409179688
2011-08-01,129.0,131.64999389648438,126.9000015258789,127.30000305175781,1214051,95.36824035644531
2011-08-02,125.94999694824219,126.9000015258789,122.80000305175781,123.05000305175781,1397046,92.184326171875
2011-08-03,120.9000015258789,122.80000305175781,119.75,121.1500015258789,1431424,90.76089477539062
2011-08-04,122.8499984741211,123.0,115.0999984741211,115.19999694824219,2168750,86.30339813232422
2011-08-05,111.0,119.5,109.55000305175781,115.19999694824219,2378103,86.30339813232422
2011-08-08,113.55000305175781,116.94999694824219,107.1500015258789,107.1500015258789,2450330,80.27264404296875
2011-08-09,107.5999984741211,111.44999694824219,102.5,111.1500015258789,3163215,83.26929473876953
2011-08-10,112.19999694824219,114.44999694824219,106.69999694824219,106.69999694824219,2834143,79.93553161621094
2011-08-11,109.9000015258789,111.44999694824219,104.80000305175781,111.30000305175781,2958659,83.38166046142578
2011-08-12,111.4000015258789,115.25,109.0999984741211,114.75,1479421,85.96627807617188
2011-08-15,116.0,116.4000015258789,114.1500015258789,115.3499984741211,679424,86.415771484375
2011-08-16,114.25,115.5999984741211,112.8499984741211,115.05000305175781,915817,86.19103240966797
2011-08-17,114.4000015258789,118.19999694824219,113.05000305175781,116.8499984741211,1185439,87.53950500488281
2011-08-18,115.3499984741211,115.75,109.05000305175781,110.8499984741211,1964272,83.04454803466797
2011-08-19,109.80000305175781,110.55000305175781,105.30000305175781,107.5,1948264,80.53484344482422
2011-08-22,106.05000305175781,109.75,105.3499984741211,107.5,1372489,80.53484344482422
2011-08-23,109.0,110.80000305175781,107.30000305175781,109.19999694824219,1045776,81.80843353271484
2011-08-24,110.25,111.6500015258789,108.55000305175781,110.5999984741211,1108554,82.85723876953125
2011-08-25,111.8499984741211,113.75,110.0999984741211,111.94999694824219,1268094,83.86862182617188
2011-08-26,111.5999984741211,112.1500015258789,108.55000305175781,110.6500015258789,1345405,82.89470672607422
2011-08-29,112.5999984741211,114.30000305175781,112.0999984741211,113.1500015258789,632028,84.76761627197266
2011-08-30,113.9000015258789,114.75,112.8499984741211,114.44999694824219,811368,85.74151611328125
2011-08-31,115.0,118.5999984741211,114.44999694824219,117.94999694824219,1281234,88.36357116699219
2011-09-01,118.9000015258789,119.94999694824219,116.9000015258789,119.05000305175781,1180992,89.18767547607422
2011-09-02,117.94999694824219,118.0,113.94999694824219,114.1500015258789,1235264,85.51676940917969
2011-09-05,111.55000305175781,112.3499984741211,108.6500015258789,109.0,1236816,81.65857696533203
2011-09-06,108.69999694824219,111.30000305175781,107.9000015258789,109.25,1194376,81.84587860107422
2011-09-07,112.05000305175781,114.5,111.1500015258789,114.5,1224855,85.77899932861328
2011-09-08,113.9000015258789,115.8499984741211,112.80000305175781,115.1500015258789,763164,86.26593780517578
2011-09-09,114.5999984741211,115.5,110.75,111.30000305175781,1237600,83.38166046142578
2011-09-12,107.69999694824219,108.5999984741211,106.4000015258789,108.0999984741211,1646816,80.98432922363281
2011-09-13,108.8499984741211,110.05000305175781,105.4000015258789,108.5,1693053,81.28401947021484
2011-09-14,108.44999694824219,112.25,107.5999984741211,111.5,1402034,83.53150177001953
2011-09-15,112.94999694824219,117.05000305175781,112.6500015258789,115.25,1409680,86.34085845947266
2011-09-16,116.5,117.05000305175781,114.75,116.5999984741211,2183421,87.35221862792969
2011-09-19,112.05000305175781,113.0,110.5999984741211,111.4000015258789,974681,83.45658874511719
2011-09-20,110.80000305175781,115.9000015258789,110.5,115.44999694824219,1012534,86.49068450927734
2011-09-21,115.5,115.94999694824219,113.8499984741211,113.8499984741211,917112,85.29203796386719
2011-09-22,110.0,110.44999694824219,105.75,106.9000015258789,2204547,80.08537292480469
2011-09-23,108.1500015258789,108.30000305175781,102.19999694824219,105.44999694824219,2287210,78.99907684326172
2011-09-26,104.25,107.80000305175781,103.0,104.8499984741211,1553666,78.54955291748047
2011-09-27,107.30000305175781,109.5,105.80000305175781,109.0999984741211,1422935,81.73351287841797
2011-09-28,108.55000305175781,110.94999694824219,107.69999694824219,108.80000305175781,1290279,81.5087661743164
2011-09-29,108.4000015258789,108.9000015258789,101.94999694824219,103.19999694824219,2252236,77.3134536743164
2011-09-30,101.44999694824219,101.9000015258789,98.05000305175781,99.6500015258789,2906620,74.65393829345703
2011-10-03,97.93000030517578,98.44999694824219,94.4000015258789,98.04000091552734,2315022,73.44779968261719
2011-10-04,96.01000213623047,97.87999725341797,94.16000366210938,97.79000091552734,2288458,73.26049041748047
2011-10-05,100.69999694824219,103.0,98.80999755859375,101.94999694824219,2013627,76.37699127197266
2011-10-06,102.9000015258789,105.3499984741211,102.3499984741211,105.25,1613800,78.8492431640625
2011-10-07,105.25,107.5999984741211,104.4000015258789,107.30000305175781,1241406,80.385009765625
2011-10-10,108.44999694824219,110.19999694824219,107.3499984741211,110.0999984741211,1155279,82.48268127441406
2011-10-11,109.69999694824219,110.5999984741211,107.8499984741211,110.5999984741211,976479,82.85723876953125
2011-10-12,110.0999984741211,114.94999694824219,108.3499984741211,114.19999694824219,1548825,85.5542221069336
2011-10-13,113.5999984741211,114.75,112.80000305175781,113.5,1212815,85.02981567382812
2011-10-14,114.3499984741211,115.5999984741211,113.55000305175781,114.4000015258789,1068969,85.70405578613281
2011-10-17,115.75,116.19999694824219,113.0999984741211,113.55000305175781,1183308,85.06727600097656
2011-10-18,112.69999694824219,114.55000305175781,110.69999694824219,114.0,1281859,85.4043960571289
2011-10-19,115.0,115.44999694824219,112.0,113.0,800729,84.65523529052734
2011-10-20,111.80000305175781,113.5,110.75,112.1500015258789,909840,84.01844787597656
2011-10-21,112.94999694824219,115.6500015258789,112.1500015258789,115.4000015258789,1225418,86.45323181152344
2011-10-24,116.19999694824219,118.0,116.0,117.8499984741211,883899,88.2886734008789
2011-10-25,117.05000305175781,118.44999694824219,116.19999694824219,117.4000015258789,790024,87.95156860351562
2011-10-26,117.69999694824219,119.9000015258789,117.0999984741211,118.4000015258789,741978,88.7007064819336
2011-10-27,121.80000305175781,124.5,121.25,124.5,1482693,93.27058410644531
2011-10-28,125.0,125.4000015258789,122.55000305175781,122.80000305175781,1092283,91.99703979492188
2011-10-31,121.30000305175781,121.6500015258789,118.8499984741211,120.25,1161825,90.0866470336914
2011-11-01,118.0,118.25,114.25,114.8499984741211,1693371,86.04118347167969
2011-11-02,116.94999694824219,118.75,114.44999694824219,118.05000305175781,952229,88.43852233886719
2011-11-03,115.3499984741211,121.05000305175781,114.55000305175781,118.0999984741211,1480059,88.47596740722656
2011-11-04,118.69999694824219,119.0999984741211,115.0,115.4000015258789,992834,86.45323181152344
2011-11-07,114.4000015258789,115.55000305175781,112.30000305175781,114.30000305175781,961283,85.62915802001953
2011-11-08,114.19999694824219,117.8499984741211,114.19999694824219,115.94999694824219,1065550,86.86524200439453
2011-11-09,116.80000305175781,117.75,112.5999984741211,114.5999984741211,1085647,85.85387420654297
2011-11-10,113.0,116.19999694824219,112.8499984741211,114.55000305175781,893934,85.81643676757812
2011-11-11,114.9000015258789,117.6500015258789,113.8499984741211,117.0,719003,87.65188598632812
2011-11-14,117.0999984741211,117.6500015258789,114.80000305175781,116.75,819650,87.46459197998047
2011-11-15,115.69999694824219,116.5,113.44999694824219,114.0,828365,85.4043960571289
2011-11-16,114.0,116.55000305175781,113.0,114.44999694824219,781111,85.74151611328125
2011-11-17,114.5999984741211,114.5999984741211,112.25,113.1500015258789,787240,84.76761627197266
2011-11-18,112.4000015258789,113.80000305175781,111.55000305175781,112.4000015258789,781249,84.20573425292969
2011-11-21,111.5999984741211,111.5999984741211,107.8499984741211,108.1500015258789,1039918,81.02180480957031
2011-11-22,109.5,110.80000305175781,108.4000015258789,108.75,901844,81.4713134765625
2011-11-23,107.0999984741211,108.5999984741211,106.5,106.5999984741211,1374827,79.860595703125
2011-11-24,107.25,109.5,106.19999694824219,106.9000015258789,898246,80.08537292480469
2011-11-25,106.80000305175781,108.75,105.05000305175781,108.0999984741211,734853,80.98432922363281
2011-11-28,109.5999984741211,113.55000305175781,109.3499984741211,112.30000305175781,1259558,84.1308364868164
2011-11-29,112.0,114.30000305175781,110.19999694824219,112.0,2468369,84.5080795288086
2011-11-30,111.25,117.30000305175781,110.4000015258789,116.5999984741211,2922197,87.97897338867188
2011-12-01,116.5,117.8499984741211,114.75,116.0,864926,87.52625274658203
2011-12-02,117.44999694824219,118.5999984741211,115.69999694824219,116.25,885407,87.71488952636719
2011-12-05,117.6500015258789,118.19999694824219,114.75,115.1500015258789,863335,86.88488006591797
2011-12-06,114.6500015258789,116.44999694824219,113.5999984741211,115.3499984741211,768263,87.0357894897461
2011-12-07,117.0,117.44999694824219,113.5,114.6500015258789,914915,86.50762176513672
2011-12-08,115.55000305175781,116.4000015258789,111.8499984741211,111.8499984741211,934786,84.3949203491211
2011-12-09,111.30000305175781,114.69999694824219,110.75,114.44999694824219,1047164,86.35671997070312
2011-12-12,113.5,114.44999694824219,111.3499984741211,111.3499984741211,920185,84.01763153076172
2011-12-13,111.44999694824219,111.69999694824219,109.1500015258789,110.0,1151576,82.99903106689453
2011-12-14,109.0,109.94999694824219,105.9000015258789,105.9000015258789,1345559,79.90542602539062
2011-12-15,105.69999694824219,107.05000305175781,103.5999984741211,105.4000015258789,1618002,79.52814483642578
2011-12-16,105.44999694824219,106.1500015258789,104.0999984741211,104.0999984741211,1788720,78.54724884033203
2011-12-19,103.19999694824219,107.0999984741211,103.19999694824219,104.5,1152887,78.84906768798828
2011-12-20,104.25,106.80000305175781,103.80000305175781,105.69999694824219,1101796,79.75450897216797
2011-12-21,106.69999694824219,108.44999694824219,105.05000305175781,105.5999984741211,1031013,79.67906188964844
2011-12-22,106.1500015258789,109.80000305175781,105.69999694824219,106.6500015258789,1188720,80.47130584716797
2011-12-23,107.80000305175781,109.05000305175781,107.4000015258789,108.4000015258789,483588,81.791748046875
2011-12-27,108.94999694824219,109.5,107.55000305175781,107.9000015258789,310199,81.41450500488281
2011-12-28,108.0,109.69999694824219,106.55000305175781,107.0,505089,80.73540496826172
2011-12-29,107.30000305175781,108.25,106.44999694824219,108.25,401132,81.67857360839844
2011-12-30,108.5,109.4000015258789,107.5999984741211,109.4000015258789,494908,82.5462875366211
2012-01-02,109.8499984741211,111.9000015258789,109.30000305175781,111.3499984741211,547887,84.01763153076172
2012-01-03,111.94999694824219,113.4000015258789,111.5999984741211,112.1500015258789,1047818,84.62126922607422
2012-01-04,111.5999984741211,112.19999694824219,110.5999984741211,110.9000015258789,800892,83.6781005859375
2012-01-05,111.6500015258789,111.6500015258789,109.5,109.94999694824219,697067,82.96129608154297
2012-01-06,110.0,111.0999984741211,108.0,108.9000015258789,887957,82.16902923583984
2012-01-09,109.44999694824219,110.9000015258789,108.55000305175781,110.05000305175781,760516,83.03675842285156
2012-01-10,111.5,116.4000015258789,111.44999694824219,115.19999694824219,1825319,86.92261505126953
2012-01-11,114.5999984741211,115.75,112.80000305175781,113.5999984741211,1118027,85.71537017822266
2012-01-12,114.05000305175781,115.69999694824219,113.69999694824219,114.30000305175781,774696,86.24351501464844
2012-01-13,114.5999984741211,115.3499984741211,112.44999694824219,113.80000305175781,955956,85.86625671386719
2012-01-16,113.3499984741211,117.5,112.69999694824219,117.05000305175781,1032512,88.31852722167969
2012-01-17,117.5999984741211,118.0,115.69999694824219,117.19999694824219,1001423,88.43167114257812
2012-01-18,117.25,118.80000305175781,116.0999984741211,118.05000305175781,889087,89.07305145263672
2012-01-19,118.75,120.19999694824219,118.30000305175781,120.19999694824219,967616,90.69529724121094
2012-01-20,120.0,120.55000305175781,119.4000015258789,120.55000305175781,977333,90.95938110351562
2012-01-23,120.80000305175781,120.80000305175781,119.4000015258789,120.55000305175781,738416,90.95938110351562
2012-01-24,119.8499984741211,120.4000015258789,119.3499984741211,120.4000015258789,683368,90.84618377685547
2012-01-25,120.94999694824219,121.75,120.30000305175781,121.05000305175781,682046,91.33665466308594
2012-01-26,121.0,123.75,121.0,123.5,924769,93.18526458740234
2012-01-27,122.80000305175781,124.4000015258789,122.44999694824219,122.55000305175781,944507,92.46846008300781
2012-01-30,122.0,122.6500015258789,120.80000305175781,121.0,1045977,91.2989273071289
2012-01-31,121.5,124.19999694824219,121.5,123.5999984741211,851862,93.2607192993164
2012-02-01,123.80000305175781,126.9000015258789,122.80000305175781,126.80000305175781,1359234,95.67523956298828
2012-02-02,127.0,128.0,125.80000305175781,126.4000015258789,956666,95.37342071533203
2012-02-03,125.5,129.60000610351562,123.25,129.3000030517578,1931712,97.56156921386719
2012-02-06,128.5,129.0500030517578,127.05000305175781,128.64999389648438,894577,97.07111358642578
2012-02-07,126.5,126.94999694824219,123.5,125.30000305175781,1564979,94.5434341430664
2012-02-08,126.4000015258789,126.5,123.55000305175781,123.69999694824219,946994,93.3361587524414
2012-02-09,124.0999984741211,124.8499984741211,123.1500015258789,123.8499984741211,869175,93.4493408203125
2012-02-10,122.8499984741211,124.05000305175781,122.5999984741211,123.6500015258789,761732,93.29842376708984
2012-02-13,124.25,124.94999694824219,123.4000015258789,124.4000015258789,499295,93.86434936523438
2012-02-14,124.5,125.44999694824219,123.44999694824219,125.05000305175781,714228,94.35478973388672
2012-02-15,126.05000305175781,127.30000305175781,125.19999694824219,126.44999694824219,666776,95.41114807128906
2012-02-16,125.9000015258789,125.9000015258789,124.4000015258789,125.0999984741211,801265,94.39250946044922
2012-02-17,126.25,126.5,125.30000305175781,125.30000305175781,806372,94.5434341430664
2012-02-20,126.30000305175781,127.25,125.5999984741211,127.25,643795,96.01477813720703
2012-02-21,127.4000015258789,127.8499984741211,126.3499984741211,127.5999984741211,468867,96.27886962890625
2012-02-22,127.25,127.44999694824219,125.44999694824219,126.0999984741211,561231,95.14705657958984
2012-02-23,125.80000305175781,127.5999984741211,125.30000305175781,127.5,731591,96.20340728759766
2012-02-24,127.80000305175781,128.0,126.3499984741211,126.3499984741211,617246,95.335693359375
2012-02-27,126.0,126.0,123.75,124.69999694824219,620932,94.09070587158203
2012-02-28,125.4000015258789,126.69999694824219,124.69999694824219,126.55000305175781,727872,95.4865951538086
2012-02-29,126.94999694824219,127.25,125.9000015258789,126.30000305175781,691715,95.29796600341797
2012-03-01,126.25,129.14999389648438,125.8499984741211,128.8000030517578,776644,97.18431091308594
2012-03-02,128.9499969482422,129.89999389648438,128.4499969482422,129.14999389648438,588311,97.44839477539062
2012-03-05,128.5,128.9499969482422,127.5,128.60000610351562,595930,97.03340911865234
2012-03-06,128.0,128.1999969482422,124.5999984741211,124.5999984741211,866276,94.01526641845703
2012-03-07,124.19999694824219,126.55000305175781,124.19999694824219,125.94999694824219,786892,95.03385925292969
2012-03-08,126.9000015258789,130.0,126.6500015258789,130.0,1067792,98.08975982666016
2012-03-09,129.6999969482422,130.1999969482422,128.85000610351562,129.6999969482422,799192,97.86336517333984
2012-03-12,129.64999389648438,133.14999389648438,129.39999389648438,132.4499969482422,1147569,99.93839263916016
2012-03-13,133.1999969482422,134.6999969482422,133.10000610351562,134.60000610351562,979143,101.56063842773438
2012-03-14,135.10000610351562,135.1999969482422,133.60000610351562,133.60000610351562,752297,100.80610656738281
2012-03-15,133.14999389648438,135.0,133.14999389648438,135.0,826804,101.86241149902344
2012-03-16,135.0,136.8000030517578,134.5,135.39999389648438,1055737,102.16426849365234
2012-03-19,134.89999389648438,134.9499969482422,134.10000610351562,134.6999969482422,460644,101.63606262207031
2012-03-20,133.8000030517578,134.5,131.14999389648438,131.5,913865,99.22154998779297
2012-03-21,132.0,133.5,131.8000030517578,132.14999389648438,582529,99.71200561523438
2012-03-22,131.85000610351562,133.0500030517578,128.60000610351562,128.85000610351562,877515,97.22203063964844
2012-03-23,128.60000610351562,128.60000610351562,127.1500015258789,128.35000610351562,760569,96.84477233886719
2012-03-26,129.0,129.6999969482422,127.94999694824219,129.6999969482422,650168,97.86336517333984
2012-03-27,130.10000610351562,132.25,130.0,130.3000030517578,772082,98.31610870361328
2012-03-28,130.35000610351562,131.75,129.8000030517578,129.9499969482422,715833,98.05199432373047
2012-03-29,130.0500030517578,130.35000610351562,125.69999694824219,126.1500015258789,1324305,95.18477630615234
2012-03-30,127.5,129.1999969482422,126.69999694824219,128.85000610351562,810775,97.22203063964844
2012-04-02,129.3000030517578,132.0500030517578,129.0,132.0500030517578,946855,99.63655090332031
2012-04-03,132.0500030517578,132.25,130.0,130.0,716418,98.08975982666016
2012-04-04,129.35000610351562,130.25,126.3499984741211,126.9000015258789,1126843,95.75067901611328
2012-04-05,127.3499984741211,130.25,127.25,129.0,1102669,97.33521270751953
2012-04-10,127.80000305175781,128.3000030517578,125.5999984741211,125.69999694824219,1131704,94.8452377319336
2012-04-11,126.0,127.69999694824219,124.5999984741211,127.19999694824219,1134725,95.97705841064453
2012-04-12,128.5,130.35000610351562,127.25,129.89999389648438,1208374,98.01428985595703
2012-04-13,130.39999389648438,130.39999389648438,125.80000305175781,127.1500015258789,1319029,95.93932342529297
2012-04-16,127.75,131.5,126.25,130.3000030517578,1072391,98.31610870361328
2012-04-17,129.8000030517578,130.8000030517578,128.64999389648438,130.5,1497479,98.46701049804688
2012-04-18,129.5,130.0,125.9000015258789,126.19999694824219,1893192,95.22250366210938
2012-04-19,125.8499984741211,127.5,123.0,123.0999984741211,2256661,92.88343811035156
2012-04-20,122.5999984741211,124.3499984741211,121.55000305175781,123.4000015258789,2767831,94.49147033691406
2012-04-23,122.44999694824219,122.55000305175781,119.0999984741211,119.80000305175781,2278340,91.73482513427734
2012-04-24,120.4000015258789,123.5,120.0999984741211,122.25,1384390,93.61089324951172
2012-04-25,122.9000015258789,125.3499984741211,122.5999984741211,124.30000305175781,1157449,95.18064880371094
2012-04-26,124.0,125.19999694824219,123.75,124.9000015258789,811997,95.64010620117188
2012-04-27,123.5999984741211,127.19999694824219,122.5999984741211,126.25,959656,96.67383575439453
2012-04-30,126.94999694824219,126.94999694824219,124.80000305175781,125.1500015258789,642920,95.83153533935547
2012-05-02,127.0,128.85000610351562,126.44999694824219,128.39999389648438,1045827,98.32014465332031
2012-05-03,129.0,131.3000030517578,128.4499969482422,129.35000610351562,1018977,99.047607421875
2012-05-04,129.10000610351562,129.35000610351562,125.5,125.75,839889,96.29095458984375
2012-05-07,124.75,127.80000305175781,123.30000305175781,127.5,590697,97.6310043334961
2012-05-08,126.69999694824219,126.9000015258789,123.0999984741211,123.19999694824219,854759,94.33834075927734
2012-05-09,123.6500015258789,124.69999694824219,122.3499984741211,124.55000305175781,947476,95.37208557128906
2012-05-10,125.80000305175781,125.80000305175781,121.8499984741211,122.4000015258789,945822,93.72575378417969
2012-05-11,122.4000015258789,123.6500015258789,121.5,123.3499984741211,916091,94.45319366455078
2012-05-14,122.0999984741211,122.4000015258789,119.80000305175781,121.05000305175781,769442,92.69202423095703
2012-05-15,121.5,123.8499984741211,120.6500015258789,122.3499984741211,1028283,93.68748474121094
2012-05-16,123.0,125.0,122.75,123.0,1097953,94.18519592285156
2012-05-17,123.1500015258789,123.44999694824219,121.5999984741211,122.25,736627,93.61089324951172
2012-05-18,121.0999984741211,122.1500015258789,119.19999694824219,119.75,1255080,91.69654846191406
2012-05-21,119.75,121.5999984741211,119.4000015258789,120.19999694824219,719702,92.04114532470703
2012-05-22,121.75,124.1500015258789,120.55000305175781,123.5,908349,94.56806182861328
2012-05-23,122.4000015258789,123.05000305175781,119.0,119.44999694824219,1012617,91.46685791015625
2012-05-24,120.6500015258789,120.80000305175781,116.9000015258789,117.30000305175781,1470682,89.82051849365234
2012-05-25,117.5,118.9000015258789,117.05000305175781,118.30000305175781,938378,90.58625030517578
2012-05-28,119.0999984741211,120.25,118.30000305175781,118.5999984741211,436015,90.81597137451172
2012-05-29,119.44999694824219,122.5,119.0999984741211,121.9000015258789,862403,93.34288787841797
2012-05-30,120.8499984741211,121.8499984741211,118.55000305175781,118.9000015258789,954458,91.04568481445312
2012-05-31,119.0999984741211,119.94999694824219,117.8499984741211,119.4000015258789,1121975,91.4285659790039
2012-06-01,119.69999694824219,119.69999694824219,112.19999694824219,112.6500015258789,2217028,86.2598648071289
2012-06-04,112.05000305175781,112.9000015258789,111.0,111.69999694824219,837816,85.53239440917969
2012-06-05,112.3499984741211,113.80000305175781,112.30000305175781,113.5,685696,86.91071319580078
2012-06-06,115.75,118.3499984741211,114.94999694824219,118.25,1450797,90.5479507446289
2012-06-07,119.3499984741211,122.44999694824219,118.75,121.0,1636050,92.65372467041016
2012-06-08,120.5,120.75,118.25,119.3499984741211,1018674,91.39026641845703
2012-06-11,122.0,123.05000305175781,120.0999984741211,120.25,1024769,92.07942962646484
2012-06-12,120.94999694824219,121.0,117.6500015258789,119.30000305175781,890806,91.35200500488281
2012-06-13,119.6500015258789,121.0,117.9000015258789,118.5999984741211,767908,90.81597137451172
2012-06-14,118.0,119.0,115.55000305175781,117.55000305175781,995349,90.01194763183594
2012-06-15,117.94999694824219,119.9000015258789,117.75,118.25,1635687,90.5479507446289
2012-06-18,119.44999694824219,120.5,118.0,118.3499984741211,787375,90.62454223632812
2012-06-19,118.8499984741211,121.5,118.80000305175781,121.5,758409,93.03659057617188
2012-06-20,121.9000015258789,121.9000015258789,118.6500015258789,119.5999984741211,698309,91.58170318603516
2012-06-21,119.3499984741211,120.80000305175781,118.75,119.5999984741211,1016502,91.58170318603516
2012-06-22,118.5,118.6500015258789,116.05000305175781,116.69999694824219,857684,89.36109161376953
2012-06-25,116.05000305175781,116.3499984741211,113.8499984741211,114.0999984741211,942844,87.37014770507812
2012-06-26,114.0999984741211,115.3499984741211,113.80000305175781,115.0,824471,88.05934143066406
2012-06-27,115.30000305175781,116.55000305175781,114.44999694824219,116.25,632082,89.01651000976562
2012-06-28,116.5999984741211,116.69999694824219,113.55000305175781,114.5999984741211,669658,87.75302124023438
2012-06-29,118.0,119.8499984741211,116.75,119.8499984741211,1463834,91.77313995361328
2012-07-02,120.9000015258789,122.44999694824219,120.0,121.0,996241,92.65372467041016
2012-07-03,121.75,123.05000305175781,120.9000015258789,122.5999984741211,894380,93.87889099121094
2012-07-04,122.94999694824219,122.94999694824219,121.75,122.75,589432,93.99374389648438
2012-07-05,123.0,124.55000305175781,122.05000305175781,123.30000305175781,912359,94.41490173339844
2012-07-06,122.75,123.0999984741211,120.75,120.75,656434,92.46227264404297
2012-07-09,120.5,120.9000015258789,118.44999694824219,118.69999694824219,696227,90.89254760742188
2012-07-10,118.80000305175781,121.5,118.80000305175781,120.44999694824219,755764,92.23258209228516
2012-07-11,119.3499984741211,119.44999694824219,116.30000305175781,116.6500015258789,1066228,89.32279205322266
2012-07-12,116.0,116.0,113.8499984741211,114.80000305175781,1371924,87.90619659423828
2012-07-13,115.5,118.9000015258789,115.4000015258789,118.8499984741211,1013387,91.00739288330078
2012-07-16,118.55000305175781,118.69999694824219,116.55000305175781,118.30000305175781,705535,90.58625030517578
2012-07-17,118.6500015258789,119.8499984741211,117.69999694824219,118.19999694824219,577387,90.50967407226562
2012-07-18,118.6500015258789,120.5,118.19999694824219,120.5,838238,92.2708511352539
2012-07-19,121.30000305175781,124.0,121.30000305175781,123.34500122070312,1205406,94.44937896728516
2012-07-20,123.4000015258789,123.80000305175781,121.0,121.0,1350521,92.65372467041016
2012-07-23,119.19999694824219,120.4000015258789,117.9000015258789,118.69999694824219,974797,90.89254760742188
2012-07-24,119.19999694824219,120.75,118.75,119.0,818782,91.12226867675781
2012-07-25,118.9000015258789,121.19999694824219,118.5999984741211,120.55000305175781,708137,92.30914306640625
2012-07-26,120.4000015258789,124.9000015258789,119.4000015258789,124.9000015258789,1483992,95.64010620117188
2012-07-27,122.0,124.44999694824219,120.0999984741211,124.4000015258789,1760170,95.25724029541016
2012-07-30,125.0,126.0,123.94999694824219,124.44999694824219,899032,95.29548645019531
2012-07-31,124.19999694824219,125.4000015258789,122.4000015258789,122.55000305175781,1060471,93.84062194824219
2012-08-01,123.80000305175781,125.05000305175781,123.1500015258789,123.4000015258789,570221,94.49147033691406
2012-08-02,123.5,125.5999984741211,121.1500015258789,121.5999984741211,979418,93.1131820678711
2012-08-03,122.44999694824219,128.1999969482422,121.8499984741211,128.1999969482422,1234345,98.16700744628906
2012-08-06,128.3000030517578,130.64999389648438,127.6500015258789,130.1999969482422,997397,99.69845581054688
2012-08-07,130.6999969482422,132.5,129.89999389648438,132.25,1000400,101.26821899414062
2012-08-08,131.85000610351562,132.5,129.39999389648438,130.5500030517578,789473,99.96649169921875
2012-08-09,131.60000610351562,134.3000030517578,131.25,134.14999389648438,1042842,102.72308349609375
2012-08-10,133.9499969482422,134.85000610351562,132.14999389648438,134.64999389648438,846639,103.10597229003906
2012-08-13,134.10000610351562,134.39999389648438,132.35000610351562,134.39999389648438,690263,102.91453552246094
2012-08-14,134.75,135.0,133.10000610351562,134.25,583045,102.79971313476562
2012-08-15,133.60000610351562,133.75,132.10000610351562,133.0,481197,101.84252166748047
2012-08-16,133.25,133.3000030517578,131.39999389648438,133.0,557001,101.84252166748047
2012-08-17,134.0,134.0,131.85000610351562,133.39999389648438,737111,102.14881134033203
2012-08-20,133.0,134.1999969482422,132.5,133.64999389648438,426904,102.34024047851562
2012-08-21,134.1999969482422,134.1999969482422,132.85000610351562,134.0,562054,102.6082534790039
2012-08-22,133.0500030517578,134.3000030517578,132.5,132.75,497011,101.6511001586914
2012-08-23,133.1999969482422,133.9499969482422,131.25,131.39999389648438,441317,100.61734771728516
2012-08-24,131.4499969482422,132.0500030517578,129.9499969482422,131.89999389648438,576859,101.00019836425781
2012-08-27,132.0500030517578,133.5,131.39999389648438,133.5,547873,102.22540283203125
2012-08-28,133.3000030517578,133.3000030517578,131.5500030517578,132.39999389648438,427610,101.3830795288086
2012-08-29,132.5,133.0,131.39999389648438,132.0,453572,101.07678985595703
2012-08-30,131.10000610351562,131.35000610351562,128.75,129.1999969482422,682216,98.93273162841797
2012-08-31,128.85000610351562,130.1999969482422,128.3000030517578,129.8000030517578,903064,99.39219665527344
2012-09-03,129.6999969482422,130.75,128.5,130.0,668610,99.54532623291016
2012-09-04,130.0,130.4499969482422,127.80000305175781,127.80000305175781,677749,97.86073303222656
2012-09-05,128.39999389648438,129.5500030517578,127.69999694824219,128.0500030517578,734484,98.05213165283203
2012-09-06,128.60000610351562,132.3000030517578,127.8499984741211,132.3000030517578,1128748,101.3065185546875
2012-09-07,132.60000610351562,134.0,132.3000030517578,132.85000610351562,927006,101.72767639160156
2012-09-10,132.39999389648438,134.0,132.25,132.25,541598,101.26821899414062
2012-09-11,129.0,129.14999389648438,126.0,127.80000305175781,1849443,97.86073303222656
2012-09-12,126.6500015258789,128.25,124.4000015258789,125.25,1804648,95.90808868408203
2012-09-13,125.0999984741211,125.0999984741211,123.30000305175781,123.30000305175781,1121165,94.41490173339844
2012-09-14,126.75,127.5,125.8499984741211,126.80000305175781,1339323,97.09498596191406
2012-09-17,126.94999694824219,127.0,124.0,124.5999984741211,970635,95.41038513183594
2012-09-18,123.44999694824219,124.80000305175781,122.3499984741211,124.3499984741211,1241651,95.21893310546875
2012-09-19,125.4000015258789,125.4000015258789,124.05000305175781,125.3499984741211,945446,95.98468017578125
2012-09-20,124.1500015258789,125.25,123.75,124.0,617526,94.95093536376953
2012-09-21,124.69999694824219,125.25,122.55000305175781,122.55000305175781,1798308,93.84062194824219
2012-09-24,122.5999984741211,123.0,121.69999694824219,122.8499984741211,725551,94.0703125
2012-09-25,121.9000015258789,123.05000305175781,121.3499984741211,123.05000305175781,821630,94.22347259521484
2012-09-26,121.69999694824219,122.25,120.75,121.0999984741211,1013342,92.73029327392578
2012-09-27,122.1500015258789,122.44999694824219,119.1500015258789,119.5,1176499,91.50513458251953
2012-09-28,120.25,120.4000015258789,117.0,117.0,1355630,89.5907974243164
2012-10-01,117.4000015258789,120.69999694824219,117.0,120.5999984741211,1012329,92.3474349975586
2012-10-02,120.1500015258789,121.75,119.4000015258789,120.75,718273,92.46227264404297
2012-10-03,120.3499984741211,120.55000305175781,118.80000305175781,118.8499984741211,741768,91.00739288330078
2012-10-04,119.75,120.5,119.0999984741211,120.30000305175781,779224,92.11771392822266
2012-10-05,120.5999984741211,122.19999694824219,119.80000305175781,122.0999984741211,892095,93.49604797363281
2012-10-08,121.9000015258789,122.0,120.0,120.30000305175781,630804,92.11771392822266
2012-10-09,121.30000305175781,121.30000305175781,118.30000305175781,118.55000305175781,796721,90.7776870727539
2012-10-10,118.55000305175781,119.55000305175781,118.0,118.4000015258789,804228,90.66282653808594
2012-10-11,119.3499984741211,123.9000015258789,118.69999694824219,122.94999694824219,1485311,94.14689636230469
2012-10-12,122.94999694824219,124.25,121.94999694824219,122.8499984741211,873733,94.0703125
2012-10-15,123.05000305175781,124.30000305175781,122.9000015258789,123.80000305175781,641999,94.79778289794922
2012-10-16,123.0,128.3000030517578,121.80000305175781,128.25,1875446,98.20530700683594
2012-10-17,128.3000030517578,129.0,126.8499984741211,128.89999389648438,955181,98.70301818847656
2012-10-18,128.64999389648438,128.64999389648438,126.30000305175781,126.80000305175781,895268,97.09498596191406
2012-10-19,126.0999984741211,127.3499984741211,125.80000305175781,125.80000305175781,861840,96.3292465209961
2012-10-22,125.5,126.55000305175781,124.44999694824219,125.0999984741211,618348,95.79324340820312
2012-10-23,124.94999694824219,125.25,121.8499984741211,122.4000015258789,867545,93.72575378417969
2012-10-24,123.0,123.0,120.80000305175781,122.8499984741211,553569,94.0703125
2012-10-25,123.55000305175781,124.0,122.0999984741211,122.4000015258789,633100,93.72575378417969
2012-10-26,121.30000305175781,125.1500015258789,121.30000305175781,125.0,909304,95.71668243408203
2012-10-29,124.19999694824219,125.0,123.1500015258789,124.80000305175781,466357,95.56351470947266
2012-10-30,124.69999694824219,126.94999694824219,124.69999694824219,126.75,473535,97.05668640136719
2012-10-31,127.0,128.39999389648438,125.4000015258789,125.4000015258789,823617,96.02294158935547
2012-11-01,125.80000305175781,129.75,125.3499984741211,128.60000610351562,851206,98.47329711914062
2012-11-02,129.10000610351562,130.0,128.35000610351562,130.0,726243,99.54532623291016
2012-11-05,130.0,130.6999969482422,129.0,129.0,637788,98.77959442138672
2012-11-06,129.39999389648438,130.0,128.10000610351562,129.0500030517578,490021,98.81787872314453
2012-11-07,129.3000030517578,130.1999969482422,125.8499984741211,125.9000015258789,957788,96.40583038330078
2012-11-08,125.9000015258789,128.10000610351562,125.4000015258789,125.55000305175781,716711,96.1378173828125
2012-11-09,125.55000305175781,127.0999984741211,124.5999984741211,126.5,649703,96.86526489257812
2012-11-12,126.55000305175781,127.5,125.6500015258789,126.1500015258789,477711,96.59725189208984
2012-11-13,125.80000305175781,128.0,125.4000015258789,127.8499984741211,634268,97.89900207519531
2012-11-14,127.80000305175781,127.80000305175781,125.4000015258789,125.6500015258789,700686,96.21438598632812
2012-11-15,125.0,126.0999984741211,124.9000015258789,125.8499984741211,596126,96.3675308227539
2012-11-16,125.6500015258789,126.30000305175781,123.55000305175781,123.69999694824219,864251,94.72119903564453
2012-11-19,124.69999694824219,127.69999694824219,124.3499984741211,127.69999694824219,851912,97.78414154052734
2012-11-20,127.5999984741211,129.0,127.0999984741211,129.0,753284,98.77959442138672
2012-11-21,129.0,129.35000610351562,128.14999389648438,129.0,750670,98.77959442138672
2012-11-22,129.14999389648438,129.6999969482422,128.5500030517578,128.85000610351562,411436,98.66473388671875
2012-11-23,129.0,130.5500030517578,128.14999389648438,130.5500030517578,596146,99.96649169921875
2012-11-26,129.60000610351562,130.85000610351562,129.0500030517578,130.85000610351562,553431,100.19618225097656
2012-11-27,131.0,131.60000610351562,130.0500030517578,131.60000610351562,772361,100.7705078125
2012-11-28,132.0,134.0,131.89999389648438,133.75,975473,102.41681671142578
2012-11-29,133.75,134.64999389648438,131.64999389648438,133.1999969482422,1054708,102.84146118164062
2012-11-30,134.14999389648438,137.60000610351562,134.14999389648438,134.89999389648438,1283566,104.15402221679688
2012-12-03,135.3000030517578,137.35000610351562,135.0500030517578,136.10000610351562,620672,105.0805435180664
2012-12-04,135.5,137.0,135.3000030517578,136.39999389648438,639116,105.31214141845703
2012-12-05,137.39999389648438,137.39999389648438,136.0500030517578,136.75,616289,105.58241271972656
2012-12-06,137.39999389648438,138.5500030517578,136.85000610351562,138.3000030517578,776355,106.77912139892578
2012-12-07,138.85000610351562,139.1999969482422,137.39999389648438,138.14999389648438,547599,106.66327667236328
2012-12-10,137.5,138.5,136.6999969482422,138.5,570349,106.93353271484375
2012-12-11,138.75,140.0,138.3000030517578,140.0,714551,108.09162139892578
2012-12-12,140.0,140.0,137.6999969482422,138.5500030517578,750869,106.97213745117188
2012-12-13,139.60000610351562,139.85000610351562,137.0500030517578,137.75,600056,106.35444641113281
2012-12-14,137.5500030517578,138.5500030517578,137.5500030517578,137.89999389648438,541364,106.47026062011719
2012-12-17,137.8000030517578,138.9499969482422,136.89999389648438,137.10000610351562,535259,105.85260772705078
2012-12-18,138.10000610351562,138.4499969482422,137.35000610351562,138.0500030517578,615629,106.5860824584961
2012-12-19,138.5500030517578,139.60000610351562,138.0500030517578,139.3000030517578,600654,107.55119323730469
2012-12-20,139.5500030517578,140.25,139.0,139.8000030517578,762363,107.93721771240234
2012-12-21,139.4499969482422,140.25,138.0500030517578,140.0,1139737,108.09162139892578
2012-12-27,137.6999969482422,139.64999389648438,137.60000610351562,139.64999389648438,505591,107.82139587402344
2012-12-28,139.89999389648438,140.39999389648438,137.64999389648438,137.8000030517578,390584,106.39302825927734
2013-01-02,140.8000030517578,142.85000610351562,140.3000030517578,142.14999389648438,737152,109.7516098022461
2013-01-03,141.5500030517578,142.25,140.60000610351562,141.14999389648438,467638,108.9795150756836
2013-01-04,140.64999389648438,141.85000610351562,139.3000030517578,141.85000610351562,564865,109.5199966430664
2013-01-07,141.39999389648438,142.0,139.60000610351562,140.14999389648438,510513,108.20748138427734
2013-01-08,139.60000610351562,141.0,139.0,139.39999389648438,463908,107.62840270996094
2013-01-09,138.5500030517578,138.9499969482422,137.4499969482422,138.0500030517578,733785,106.5860824584961
2013-01-10,138.39999389648438,138.5,135.75,136.60000610351562,759358,105.46653747558594
2013-01-11,136.75,137.85000610351562,136.60000610351562,137.85000610351562,476392,106.43167114257812
2013-01-14,137.5500030517578,137.8000030517578,135.5500030517578,137.0,630617,105.77539825439453
2013-01-15,137.25,139.4499969482422,137.0,139.0,735021,107.31957244873047
2013-01-16,139.35000610351562,140.89999389648438,138.89999389648438,140.5,500610,108.47767639160156
2013-01-17,140.14999389648438,142.39999389648438,139.9499969482422,142.1999969482422,537476,109.79022216796875
2013-01-18,142.5,143.39999389648438,141.4499969482422,141.4499969482422,577447,109.21114349365234
2013-01-21,139.8000030517578,140.0,137.89999389648438,140.0,567615,108.09162139892578
2013-01-22,140.60000610351562,140.85000610351562,138.8000030517578,139.3000030517578,558709,107.55119323730469
2013-01-23,139.8000030517578,140.0,137.25,138.39999389648438,567145,106.8563003540039
2013-01-24,137.89999389648438,140.5500030517578,137.75,139.60000610351562,564985,107.78277587890625
2013-01-25,139.5500030517578,140.9499969482422,139.3000030517578,140.85000610351562,578547,108.74794006347656
2013-01-28,141.4499969482422,141.4499969482422,139.6999969482422,140.10000610351562,480872,108.16886138916016
2013-01-29,140.39999389648438,140.8000030517578,139.5,140.6999969482422,415147,108.63208770751953
2013-01-30,141.1999969482422,141.1999969482422,138.5,139.5,690158,107.70557403564453
2013-01-31,139.0500030517578,140.89999389648438,138.5500030517578,138.85000610351562,1090762,107.2037582397461
2013-02-01,136.85000610351562,140.85000610351562,136.0,139.85000610351562,1215364,107.975830078125
2013-02-04,140.0500030517578,140.10000610351562,134.0,134.0,1303933,103.45915222167969
2013-02-05,133.5500030517578,135.85000610351562,133.5500030517578,135.0,718668,104.23121643066406
2013-02-06,135.35000610351562,135.4499969482422,131.1999969482422,132.0,1144697,101.91498565673828
2013-02-07,131.6999969482422,132.75,130.1999969482422,130.75,912662,100.9498519897461
2013-02-08,130.89999389648438,133.8000030517578,130.5500030517578,133.10000610351562,752254,102.76427459716797
2013-02-11,132.3000030517578,133.0,130.75,131.35000610351562,563749,101.41312408447266
2013-02-12,131.10000610351562,133.4499969482422,131.0,133.0,703214,102.68706512451172
2013-02-13,134.0,134.5,132.1999969482422,133.5500030517578,659214,103.1117172241211
2013-02-14,133.6999969482422,133.6999969482422,131.6999969482422,131.9499969482422,540273,101.87635040283203
2013-02-15,131.39999389648438,134.1999969482422,131.3000030517578,133.0,855806,102.68706512451172
2013-02-18,132.60000610351562,132.60000610351562,131.35000610351562,132.35000610351562,453890,102.18521118164062
2013-02-19,131.8000030517578,134.39999389648438,131.75,133.8000030517578,737534,103.30472564697266
2013-02-20,133.39999389648438,134.64999389648438,131.8000030517578,132.5,613914,102.301025390625
2013-02-21,131.3000030517578,131.6999969482422,129.0500030517578,130.5500030517578,955150,100.79545593261719
2013-02-22,131.1999969482422,132.6999969482422,131.0,132.4499969482422,621747,102.2624282836914
2013-02-25,132.75,135.4499969482422,132.5,133.60000610351562,940670,103.15033721923828
2013-02-26,129.60000610351562,132.0,129.10000610351562,130.75,1006676,100.9498519897461
2013-02-27,130.9499969482422,131.39999389648438,129.5500030517578,131.39999389648438,788176,101.45172119140625
2013-02-28,132.10000610351562,132.64999389648438,131.1999969482422,131.89999389648438,757773,101.83776092529297
2013-03-01,132.0500030517578,133.1999969482422,130.1999969482422,131.39999389648438,583778,101.45172119140625
2013-03-04,130.5,132.0,129.5500030517578,131.39999389648438,508534,101.45172119140625
2013-03-05,132.0,134.5,132.0,133.8000030517578,1008316,103.30472564697266
2013-03-06,135.0,136.14999389648438,133.75,134.25,719543,103.65216064453125
2013-03-07,134.5500030517578,135.4499969482422,134.39999389648438,134.75,515921,104.03820037841797
2013-03-08,135.39999389648438,136.85000610351562,135.10000610351562,136.6999969482422,700817,105.54376220703125
2013-03-11,136.35000610351562,136.9499969482422,135.60000610351562,136.10000610351562,627157,105.0805435180664
2013-03-12,135.5500030517578,136.89999389648438,135.39999389648438,135.9499969482422,716170,104.9647216796875
2013-03-13,135.0500030517578,136.60000610351562,135.0,136.0500030517578,640836,105.04190826416016
2013-03-14,136.85000610351562,136.85000610351562,135.0,135.60000610351562,764227,104.69446563720703
2013-03-15,135.5,135.5,133.89999389648438,134.1999969482422,2365872,103.6135482788086
2013-03-18,131.4499969482422,134.64999389648438,130.60000610351562,134.39999389648438,764771,103.7679443359375
2013-03-19,134.1999969482422,134.39999389648438,131.35000610351562,132.10000610351562,817383,101.9921875
2013-03-20,133.3000030517578,133.75,131.85000610351562,133.3000030517578,810359,102.9186782836914
2013-03-21,133.25,133.39999389648438,129.64999389648438,130.64999389648438,1036610,100.87265014648438
2013-03-22,130.25,132.14999389648438,129.5500030517578,130.85000610351562,775923,101.02705383300781
2013-03-25,132.0500030517578,133.25,129.14999389648438,129.64999389648438,962931,100.10057830810547
2013-03-26,129.10000610351562,131.9499969482422,129.10000610351562,131.3000030517578,802837,101.3745346069336
2013-03-27,134.25,134.6999969482422,131.8000030517578,132.6999969482422,1487754,102.45541381835938
2013-03-28,132.8000030517578,134.39999389648438,132.35000610351562,133.89999389648438,844763,103.3819580078125
2013-04-02,133.35000610351562,136.75,133.35000610351562,136.6999969482422,1134144,105.54376220703125
2013-04-03,136.64999389648438,137.8000030517578,135.5,135.60000610351562,684384,104.69446563720703
2013-04-04,135.8000030517578,136.1999969482422,133.9499969482422,134.39999389648438,734492,103.7679443359375
2013-04-05,134.35000610351562,134.35000610351562,129.64999389648438,129.89999389648438,1233519,100.29358673095703
2013-04-08,130.5,132.14999389648438,130.14999389648438,131.75,522700,101.72195434570312
2013-04-09,132.3000030517578,132.8000030517578,129.0500030517578,129.8000030517578,752673,100.2164077758789
2013-04-10,130.4499969482422,132.39999389648438,130.39999389648438,132.0,656978,101.91498565673828
2013-04-11,131.9499969482422,133.89999389648438,131.85000610351562,133.0,630872,102.68706512451172
2013-04-12,132.89999389648438,133.60000610351562,130.4499969482422,130.85000610351562,694688,101.02705383300781
2013-04-15,130.75,131.5,129.25,131.25,599619,101.33590698242188
2013-04-16,127.69999694824219,128.89999389648438,126.0,126.25,1684072,97.47550964355469
2013-04-17,126.55000305175781,127.5,121.75,121.75,1584584,94.0011215209961
2013-04-18,122.30000305175781,122.44999694824219,120.3499984741211,120.80000305175781,1219068,93.26764678955078
2013-04-19,122.75,123.75,121.4000015258789,123.30000305175781,1245394,95.19784545898438
2013-04-22,122.0,122.80000305175781,121.05000305175781,121.8499984741211,797058,95.47207641601562
2013-04-23,122.4000015258789,125.6500015258789,122.1500015258789,125.0999984741211,1181046,98.01851654052734
2013-04-24,125.9000015258789,128.8000030517578,125.30000305175781,128.1999969482422,1180908,100.44744110107422
2013-04-25,128.85000610351562,129.9499969482422,128.5,129.85000610351562,664715,101.74024200439453
2013-04-26,129.0,130.0,127.8499984741211,129.14999389648438,564531,101.19178771972656
2013-04-29,129.8000030517578,131.5,128.89999389648438,131.39999389648438,615716,102.95472717285156
2013-04-30,132.0,132.0,130.35000610351562,131.5,674535,103.03307342529297
2013-05-02,132.5500030517578,133.4499969482422,130.9499969482422,132.0,824414,103.42485046386719
2013-05-03,132.89999389648438,135.1999969482422,132.35000610351562,135.1999969482422,674740,105.93207550048828
2013-05-06,135.3000030517578,135.35000610351562,133.89999389648438,134.0500030517578,398285,105.03105163574219
2013-05-07,134.85000610351562,134.85000610351562,133.0500030517578,133.4499969482422,610569,104.5609359741211
2013-05-08,133.9499969482422,134.1999969482422,133.0500030517578,133.5,510019,104.6001205444336
2013-05-09,133.6999969482422,134.0500030517578,133.0500030517578,133.8000030517578,231065,104.83515930175781
2013-05-10,134.10000610351562,134.6999969482422,133.0,134.35000610351562,501397,105.26611328125
2013-05-13,134.3000030517578,134.5,132.75,133.14999389648438,387700,104.32589721679688
2013-05-14,133.0500030517578,135.8000030517578,133.0500030517578,135.75,750826,106.36302947998047
2013-05-15,136.0,138.39999389648438,135.14999389648438,137.89999389648438,727499,108.047607421875
2013-05-16,138.0,140.39999389648438,137.9499969482422,140.39999389648438,827857,110.00640106201172
2013-05-17,140.3000030517578,141.64999389648438,139.64999389648438,141.64999389648438,1610618,110.98580932617188
2013-05-20,142.0,142.6999969482422,141.75,142.3000030517578,392923,111.49510955810547
2013-05-21,142.39999389648438,143.35000610351562,142.25,143.1999969482422,561794,112.20024871826172
2013-05-22,142.89999389648438,143.1999969482422,139.5500030517578,141.8000030517578,986232,111.10332489013672
2013-05-23,137.0,138.14999389648438,135.60000610351562,137.39999389648438,1046697,107.65581512451172
2013-05-24,137.75,138.85000610351562,136.60000610351562,137.5,432580,107.73420715332031
2013-05-27,138.35000610351562,139.5500030517578,137.5500030517578,138.1999969482422,337143,108.28268432617188
2013-05-28,138.5,141.0,138.0,140.35000610351562,789334,109.96723937988281
2013-05-29,139.10000610351562,139.39999389648438,135.9499969482422,137.10000610351562,847659,107.42078399658203
2013-05-30,136.89999389648438,138.85000610351562,136.89999389648438,138.35000610351562,565672,108.40019989013672
2013-05-31,138.14999389648438,138.35000610351562,135.4499969482422,136.64999389648438,727837,107.06818389892578
2013-06-03,136.10000610351562,137.8000030517578,134.14999389648438,135.5,618957,106.16715240478516
2013-06-04,136.0,137.10000610351562,134.0,134.5500030517578,582567,105.4228286743164
2013-06-05,133.64999389648438,134.75,130.9499969482422,131.0,789718,102.64130401611328
2013-06-06,131.9499969482422,132.6999969482422,130.8000030517578,130.8000030517578,488901,102.48461151123047
2013-06-07,130.5500030517578,133.60000610351562,130.10000610351562,132.64999389648438,783939,103.93408966064453
2013-06-10,133.0500030517578,133.85000610351562,131.8000030517578,132.6999969482422,430122,103.97330474853516
2013-06-11,132.0,132.10000610351562,128.39999389648438,129.60000610351562,908828,101.54436492919922
2013-06-12,129.60000610351562,130.3000030517578,127.69999694824219,127.69999694824219,833237,100.05569458007812
2013-06-13,126.5,126.75,124.19999694824219,126.0,1013333,98.72370147705078
2013-06-14,127.0999984741211,127.0999984741211,125.1500015258789,125.80000305175781,922175,98.56698608398438
2013-06-17,125.80000305175781,127.75,125.30000305175781,127.1500015258789,950220,99.62476348876953
2013-06-18,127.1500015258789,127.5,126.1500015258789,126.8499984741211,710102,99.38968658447266
2013-06-19,127.19999694824219,129.10000610351562,125.6500015258789,127.5999984741211,1002975,99.97734069824219
2013-06-20,125.4000015258789,125.94999694824219,122.69999694824219,122.94999694824219,1311225,96.3339614868164
2013-06-21,124.0,124.44999694824219,121.0999984741211,121.0999984741211,1232583,94.88444519042969
2013-06-24,122.5999984741211,123.44999694824219,117.80000305175781,119.25,1305805,93.43492889404297
2013-06-25,120.4000015258789,122.5,119.4000015258789,122.0,945578,95.58960723876953
2013-06-26,122.75,125.30000305175781,122.0,125.19999694824219,1077391,98.09686279296875
2013-06-27,125.30000305175781,127.05000305175781,124.75,126.5,783141,99.11544799804688
2013-06-28,127.0,127.25,123.94999694824219,124.5,1057120,97.54840087890625
2013-07-01,125.94999694824219,127.9000015258789,124.9000015258789,127.3499984741211,954831,99.78144836425781
2013-07-02,128.35000610351562,128.4499969482422,125.25,126.0999984741211,676827,98.80205535888672
2013-07-03,125.0,125.0999984741211,123.5,124.75,658907,97.7442855834961
2013-07-04,125.94999694824219,126.5,125.5999984741211,126.30000305175781,898710,98.95877075195312
2013-07-05,126.5999984741211,127.94999694824219,125.05000305175781,125.05000305175781,732806,97.9793701171875
2013-07-08,126.6500015258789,129.39999389648438,126.05000305175781,128.75,717350,100.87837219238281
2013-07-09,131.39999389648438,132.0,130.25,131.39999389648438,941803,102.95472717285156
2013-07-10,132.5,134.60000610351562,131.6999969482422,132.39999389648438,1004963,103.73824310302734
2013-07-11,134.0,134.5500030517578,132.39999389648438,133.64999389648438,696084,104.7176513671875
2013-07-12,134.25,134.60000610351562,132.89999389648438,133.25,498864,104.40420532226562
2013-07-15,133.89999389648438,134.9499969482422,133.35000610351562,133.9499969482422,354087,104.95268249511719
2013-07-16,134.39999389648438,134.60000610351562,131.35000610351562,131.64999389648438,639663,103.15058898925781
2013-07-17,131.6999969482422,133.75,130.39999389648438,133.10000610351562,671098,104.28671264648438
2013-07-18,133.0500030517578,134.39999389648438,132.3000030517578,134.0,679285,104.99186706542969
2013-07-19,133.0,133.75,131.8000030517578,132.9499969482422,732195,104.1691665649414
2013-07-22,133.3000030517578,133.60000610351562,131.5500030517578,131.60000610351562,753319,103.11141967773438
2013-07-23,132.1999969482422,132.1999969482422,129.25,130.0500030517578,825949,101.89698028564453
2013-07-24,129.85000610351562,132.5,129.8000030517578,130.39999389648438,732342,102.17119598388672
2013-07-25,131.10000610351562,131.5,129.25,130.39999389648438,564542,102.17119598388672
2013-07-26,133.5,137.8000030517578,133.1999969482422,135.0500030517578,1896133,105.81458282470703
2013-07-29,136.0,137.1999969482422,133.89999389648438,134.4499969482422,839366,105.34445190429688
2013-07-30,135.3000030517578,135.9499969482422,134.10000610351562,135.8000030517578,741040,106.4022216796875
2013-07-31,135.75,137.0,135.14999389648438,136.64999389648438,831843,107.06818389892578
2013-08-01,137.9499969482422,140.0,137.4499969482422,140.0,1021579,109.69298553466797
2013-08-02,140.5,140.8000030517578,138.75,140.64999389648438,960836,110.20226287841797
2013-08-05,140.8000030517578,141.0,139.64999389648438,140.10000610351562,695888,109.77136993408203
2013-08-06,140.39999389648438,141.25,139.60000610351562,140.0,679378,109.69298553466797
2013-08-07,140.35000610351562,140.5,138.4499969482422,138.9499969482422,901742,108.8703384399414
2013-08-08,139.0500030517578,139.64999389648438,137.75,138.8000030517578,630391,108.7527847290039
2013-08-09,139.1999969482422,139.5,137.10000610351562,139.0500030517578,449056,108.94866180419922
2013-08-12,139.8000030517578,140.10000610351562,138.3000030517578,139.9499969482422,348516,109.65380096435547
2013-08-13,140.3000030517578,140.9499969482422,139.6999969482422,140.10000610351562,329040,109.77136993408203
2013-08-14,140.10000610351562,142.0,140.10000610351562,142.0,523934,111.26004791259766
2013-08-15,141.75,141.89999389648438,139.0,140.0,660798,109.69298553466797
2013-08-16,139.9499969482422,140.89999389648438,138.14999389648438,140.89999389648438,706124,110.39815521240234
2013-08-19,140.85000610351562,141.25,139.89999389648438,140.85000610351562,465939,110.35901641845703
2013-08-20,140.5,140.5500030517578,139.10000610351562,139.64999389648438,667349,109.41875457763672
2013-08-21,140.64999389648438,140.6999969482422,138.25,139.14999389648438,431730,109.02698516845703
2013-08-22,139.14999389648438,140.6999969482422,139.14999389648438,139.89999389648438,531787,109.61463928222656
2013-08-23,139.5,139.64999389648438,137.60000610351562,139.0,444711,108.90948486328125
2013-08-26,139.39999389648438,140.1999969482422,138.0,139.8000030517578,271189,109.53630065917969
2013-08-27,138.89999389648438,140.39999389648438,135.8000030517578,135.8000030517578,907207,106.4022216796875
2013-08-28,135.0,135.5,132.35000610351562,133.14999389648438,821990,104.32589721679688
2013-08-29,133.89999389648438,135.14999389648438,133.3000030517578,134.60000610351562,511994,105.46197509765625
2013-08-30,134.60000610351562,134.9499969482422,132.5500030517578,132.5500030517578,604084,103.85575866699219
2013-09-02,134.1999969482422,137.10000610351562,134.10000610351562,135.85000610351562,508818,106.44140625
2013-09-03,136.10000610351562,136.25,134.14999389648438,134.89999389648438,518028,105.69702911376953
2013-09-04,135.0500030517578,135.10000610351562,132.25,134.5500030517578,542211,105.4228286743164
2013-09-05,135.1999969482422,135.89999389648438,134.39999389648438,135.14999389648438,475648,105.89292907714844
2013-09-06,134.5,137.25,133.9499969482422,137.25,781602,107.53831481933594
2013-09-09,139.0,140.0,138.25,138.35000610351562,859520,108.40019989013672
2013-09-10,139.89999389648438,142.35000610351562,139.5500030517578,142.0,922384,111.26004791259766
2013-09-11,141.8000030517578,142.39999389648438,140.85000610351562,141.5,583251,110.8682861328125
2013-09-12,141.25,141.5,139.89999389648438,140.75,462364,110.2806396484375
2013-09-13,140.6999969482422,142.9499969482422,140.39999389648438,141.64999389648438,564086,110.98580932617188
2013-09-16,143.0,144.9499969482422,142.39999389648438,144.9499969482422,734835,113.57142639160156
2013-09-17,143.60000610351562,144.35000610351562,142.89999389648438,143.64999389648438,488233,112.55281829833984
2013-09-18,143.14999389648438,146.10000610351562,143.10000610351562,145.8000030517578,889783,114.23741912841797
2013-09-19,147.75,150.0500030517578,147.60000610351562,149.25,1452066,116.9405746459961
2013-09-20,149.85000610351562,150.0,148.0500030517578,148.0500030517578,1839621,116.00035095214844
2013-09-23,148.5500030517578,149.1999969482422,145.8000030517578,146.3000030517578,788498,114.62918853759766
2013-09-24,146.85000610351562,149.0500030517578,146.8000030517578,148.5,682223,116.35294342041016
2013-09-25,148.0,148.10000610351562,145.8000030517578,147.39999389648438,621957,115.49103546142578
2013-09-26,148.0,148.39999389648438,145.5500030517578,147.10000610351562,489259,115.2560043334961
2013-09-27,147.0500030517578,147.35000610351562,144.89999389648438,146.0500030517578,504730,114.43328857421875
2013-09-30,144.60000610351562,145.89999389648438,143.89999389648438,145.60000610351562,617677,114.08073425292969
2013-10-01,146.0,148.3000030517578,145.64999389648438,148.0500030517578,690896,116.00035095214844
2013-10-02,146.9499969482422,147.5500030517578,144.0,144.75,797890,113.41470336914062
2013-10-03,145.25,146.3000030517578,145.10000610351562,145.75,614648,114.1982421875
2013-10-04,146.0,146.8000030517578,144.75,146.6999969482422,503554,114.94261169433594
2013-10-07,145.3000030517578,145.5,143.0,145.14999389648438,621451,113.72811889648438
2013-10-08,144.6999969482422,145.89999389648438,144.3000030517578,144.3000030517578,396135,113.06214141845703
2013-10-09,144.3000030517578,145.5,143.10000610351562,143.60000610351562,604319,112.51365661621094
2013-10-10,144.60000610351562,146.14999389648438,144.10000610351562,145.89999389648438,660797,114.3157730102539
2013-10-11,146.1999969482422,146.8000030517578,145.60000610351562,146.1999969482422,460354,114.55079650878906
2013-10-14,145.39999389648438,145.75,143.64999389648438,144.8000030517578,483979,113.45390319824219
2013-10-15,144.89999389648438,146.10000610351562,144.35000610351562,144.85000610351562,661330,113.49308776855469
2013-10-16,136.6999969482422,138.6999969482422,135.0,138.6999969482422,2729707,108.6744155883789
2013-10-17,139.0,139.39999389648438,135.0,138.0500030517578,1154440,108.1651382446289
2013-10-18,139.39999389648438,141.4499969482422,139.0,141.0,1071795,110.47653198242188
2013-10-21,141.1999969482422,141.25,138.5500030517578,139.25,998905,109.10536193847656
2013-10-22,139.0500030517578,141.0,139.0500030517578,140.39999389648438,786356,110.00640106201172
2013-10-23,140.25,140.39999389648438,139.35000610351562,139.64999389648438,595993,109.41875457763672
2013-10-24,139.8000030517578,140.39999389648438,138.60000610351562,139.8000030517578,555298,109.53630065917969
2013-10-25,139.0,139.35000610351562,137.9499969482422,139.14999389648438,625302,109.02698516845703
2013-10-28,140.0,140.0,139.0500030517578,139.60000610351562,404875,109.37958526611328
2013-10-29,139.10000610351562,140.35000610351562,139.0500030517578,140.1999969482422,537980,109.8497085571289
2013-10-30,140.89999389648438,141.6999969482422,140.25,140.6999969482422,576646,110.24144744873047
2013-10-31,140.1999969482422,142.1999969482422,139.89999389648438,141.8000030517578,731493,111.10332489013672
2013-11-01,142.60000610351562,142.60000610351562,140.8000030517578,141.1999969482422,310728,110.63322448730469
2013-11-04,141.89999389648438,142.5500030517578,141.64999389648438,141.85000610351562,430207,111.14252471923828
2013-11-05,142.35000610351562,142.4499969482422,138.8000030517578,139.64999389648438,736973,109.41875457763672
2013-11-06,140.10000610351562,140.8000030517578,139.3000030517578,139.85000610351562,484314,109.57547760009766
2013-11-07,140.0500030517578,142.4499969482422,139.1999969482422,139.75,684611,109.49710845947266
2013-11-08,138.5500030517578,139.85000610351562,137.4499969482422,139.39999389648438,854264,109.2228775024414
2013-11-11,139.89999389648438,140.9499969482422,139.0500030517578,140.35000610351562,375934,109.96723937988281
2013-11-12,140.64999389648438,140.85000610351562,139.25,139.4499969482422,532670,109.2620620727539
2013-11-13,139.0500030517578,140.0,137.64999389648438,138.3000030517578,735827,108.36103057861328
2013-11-14,139.5,140.25,138.35000610351562,139.64999389648438,684398,109.41875457763672
2013-11-15,139.6999969482422,140.4499969482422,139.0500030517578,140.35000610351562,786017,109.96723937988281
2013-11-18,139.64999389648438,142.75,138.9499969482422,142.5500030517578,779650,111.69097900390625
2013-11-19,142.25,142.25,140.5500030517578,141.14999389648438,502854,110.59403991699219
2013-11-20,140.8000030517578,141.35000610351562,139.5500030517578,140.9499969482422,612236,110.43733978271484
2013-11-21,139.1999969482422,139.89999389648438,138.39999389648438,139.4499969482422,586317,109.2620620727539
2013-11-22,140.0,140.5,138.85000610351562,140.0,550691,109.69298553466797
2013-11-25,141.0,142.35000610351562,140.35000610351562,142.14999389648438,648304,111.3775634765625
2013-11-26,141.3000030517578,141.8000030517578,140.3000030517578,140.9499969482422,813320,110.43733978271484
2013-11-27,141.25,142.14999389648438,140.14999389648438,141.64999389648438,591407,110.98580932617188
2013-11-28,140.6999969482422,141.75,140.39999389648438,140.6999969482422,395245,111.183349609375
2013-11-29,140.0,140.6999969482422,138.75,138.75,616193,109.64244842529297
2013-12-02,138.5500030517578,139.0,137.5500030517578,138.3000030517578,690277,109.28687286376953
2013-12-03,138.25,138.35000610351562,134.4499969482422,134.4499969482422,1186494,106.24451446533203
2013-12-04,135.64999389648438,136.14999389648438,132.35000610351562,132.35000610351562,1120203,104.5850601196289
2013-12-05,132.35000610351562,133.0500030517578,131.25,131.25,978942,103.71582794189453
2013-12-06,132.0,132.35000610351562,128.85000610351562,130.3000030517578,1651617,102.96512603759766
2013-12-09,130.75,131.4499969482422,129.39999389648438,131.0,974155,103.51825714111328
2013-12-10,130.35000610351562,130.89999389648438,128.5,128.60000610351562,1057353,101.62176513671875
2013-12-11,130.0,130.10000610351562,128.60000610351562,128.75,988251,101.74027252197266
2013-12-12,128.75,128.75,126.05000305175781,127.30000305175781,1115325,100.594482421875
2013-12-13,126.8499984741211,127.69999694824219,126.55000305175781,127.25,828784,100.55496215820312
2013-12-16,127.0,128.9499969482422,126.5,128.89999389648438,953333,101.85882568359375
2013-12-17,128.39999389648438,129.3000030517578,127.55000305175781,129.0,877668,101.93785095214844
2013-12-18,129.1999969482422,130.0,128.6999969482422,129.25,838383,102.13541412353516
2013-12-19,130.60000610351562,131.25,128.75,130.0500030517578,1457241,102.76757049560547
2013-12-20,130.85000610351562,130.89999389648438,128.25,129.8000030517578,1521363,102.57000732421875
2013-12-23,130.25,130.35000610351562,128.14999389648438,130.25,755962,102.92561340332031
2013-12-24,130.0,130.1999969482422,129.1999969482422,129.9499969482422,118911,102.68853759765625
2013-12-27,130.3000030517578,132.35000610351562,129.5500030517578,132.35000610351562,845359,104.5850601196289
2013-12-30,132.39999389648438,132.6999969482422,131.10000610351562,132.1999969482422,729295,104.46654510498047
2013-12-31,132.5,132.6999969482422,131.75,132.60000610351562,131784,104.78263092041016
2014-01-02,132.89999389648438,133.1999969482422,130.89999389648438,131.25,613517,103.71582794189453
2014-01-03,131.6999969482422,131.85000610351562,130.85000610351562,131.0,404278,103.51825714111328
2014-01-06,131.25,131.35000610351562,128.3000030517578,128.5500030517578,850262,101.58226776123047
2014-01-07,128.5500030517578,128.6999969482422,127.1500015258789,127.6500015258789,1027317,100.87104034423828
2014-01-08,127.94999694824219,127.94999694824219,125.5,125.80000305175781,1087676,99.40914916992188
2014-01-09,125.80000305175781,126.0999984741211,122.1500015258789,122.94999694824219,1901738,97.15702819824219
2014-01-10,124.4000015258789,125.9000015258789,123.9000015258789,125.80000305175781,1639552,99.40914916992188
2014-01-13,126.69999694824219,126.75,125.5,126.3499984741211,732394,99.84376525878906
2014-01-14,125.19999694824219,127.0,124.5,126.25,836765,99.76476287841797
2014-01-15,128.0,129.1999969482422,127.55000305175781,128.6999969482422,1219649,101.70077514648438
2014-01-16,128.1999969482422,128.5,126.4000015258789,126.6500015258789,1070081,100.08084106445312
2014-01-17,126.69999694824219,127.75,126.0999984741211,126.69999694824219,909246,100.12034606933594
2014-01-20,126.5,128.10000610351562,126.44999694824219,127.5,678724,100.75251007080078
2014-01-21,127.5,129.89999389648438,126.5999984741211,129.0,1023566,101.93785095214844
2014-01-22,129.3000030517578,129.60000610351562,127.55000305175781,127.94999694824219,990214,101.10811614990234
2014-01-23,127.5999984741211,128.60000610351562,124.94999694824219,125.44999694824219,938082,99.13257598876953
2014-01-24,125.75,125.8499984741211,123.69999694824219,124.19999694824219,1185556,98.14481353759766
2014-01-27,123.6500015258789,124.1500015258789,123.0,123.25,1088373,97.39409637451172
2014-01-28,123.5,124.6500015258789,123.1500015258789,124.0999984741211,1078800,98.0657958984375
2014-01-29,125.05000305175781,126.19999694824219,122.19999694824219,123.3499984741211,1655965,97.47312927246094
2014-01-30,123.19999694824219,123.3499984741211,121.0,122.5,1415537,96.80143737792969
2014-01-31,130.89999389648438,132.14999389648438,128.1999969482422,132.14999389648438,3677950,104.42698669433594
2014-02-03,132.35000610351562,132.5,128.85000610351562,129.60000610351562,1346465,102.4119644165039
2014-02-04,128.5,130.64999389648438,128.3000030517578,130.14999389648438,1122698,102.84658813476562
2014-02-05,130.5500030517578,130.6999969482422,129.0500030517578,130.35000610351562,810970,103.00464630126953
2014-02-06,131.14999389648438,134.0,130.8000030517578,133.6999969482422,1448765,105.65185546875
2014-02-07,133.9499969482422,134.25,132.60000610351562,134.1999969482422,959976,106.04695129394531
2014-02-10,134.64999389648438,134.9499969482422,133.0,133.5,782151,105.49381256103516
2014-02-11,134.14999389648438,134.64999389648438,133.6999969482422,134.5,817400,106.2840347290039
2014-02-12,134.6999969482422,135.0,133.5500030517578,133.85000610351562,713621,105.77040100097656
2014-02-13,133.14999389648438,133.8000030517578,131.4499969482422,133.39999389648438,1003707,105.41478729248047
2014-02-14,133.9499969482422,135.0500030517578,132.75,134.8000030517578,884136,106.52111053466797
2014-02-17,135.5,135.75,134.85000610351562,135.1999969482422,453221,106.8371810913086
2014-02-18,135.64999389648438,136.10000610351562,134.8000030517578,135.75,682066,107.27178192138672
2014-02-19,135.39999389648438,136.4499969482422,135.10000610351562,136.25,646308,107.66690063476562
2014-02-20,135.0,137.14999389648438,134.5,137.14999389648438,777457,108.37810516357422
2014-02-21,137.60000610351562,137.75,136.0,137.4499969482422,827158,108.61516571044922
2014-02-24,137.0,138.75,136.75,138.75,573734,109.64244842529297
2014-02-25,138.4499969482422,138.5500030517578,136.3000030517578,137.35000610351562,652593,108.53614044189453
2014-02-26,135.35000610351562,135.9499969482422,134.5,135.14999389648438,961326,106.79766845703125
2014-02-27,135.3000030517578,136.1999969482422,134.0,135.60000610351562,720593,107.15325927734375
2014-02-28,135.4499969482422,135.85000610351562,133.39999389648438,134.85000610351562,937798,106.56060028076172
2014-03-03,132.5,133.5,131.0,131.0500030517578,1007721,103.55777740478516
2014-03-04,132.6999969482422,133.8000030517578,131.64999389648438,133.14999389648438,836498,105.21723937988281
2014-03-05,132.5,132.85000610351562,131.8000030517578,132.25,797926,104.50605773925781
2014-03-06,132.10000610351562,132.1999969482422,130.8000030517578,131.64999389648438,768115,104.03191375732422
2014-03-07,131.8000030517578,132.5,130.60000610351562,131.64999389648438,906213,104.03191375732422
2014-03-10,131.39999389648438,132.60000610351562,130.35000610351562,131.35000610351562,573107,103.79486083984375
2014-03-11,131.60000610351562,131.8000030517578,130.6999969482422,130.89999389648438,466080,103.43926239013672
2014-03-12,130.0500030517578,130.39999389648438,128.0,129.0,1059005,101.93785095214844
2014-03-13,130.0,130.39999389648438,128.25,128.25,808865,101.34517669677734
2014-03-14,127.25,127.44999694824219,125.0,126.75,1268099,100.15985870361328
2014-03-17,127.0,128.3000030517578,126.1500015258789,128.0,670792,101.14761352539062
2014-03-18,127.5,129.9499969482422,126.8499984741211,129.10000610351562,816081,102.0168685913086
2014-03-19,129.0500030517578,129.14999389648438,127.44999694824219,128.3000030517578,784848,101.38469696044922
2014-03-20,127.55000305175781,129.3000030517578,126.19999694824219,129.3000030517578,1180230,102.1749038696289
2014-03-21,129.25,129.9499969482422,127.8499984741211,128.9499969482422,1133645,101.8983154296875
2014-03-24,129.0,129.5500030517578,127.80000305175781,128.4499969482422,565189,101.50320434570312
2014-03-25,129.0500030517578,131.5,128.89999389648438,131.3000030517578,950918,103.7553482055664
2014-03-26,132.0,133.1999969482422,131.60000610351562,132.5500030517578,817799,104.74311065673828
2014-03-27,132.14999389648438,133.35000610351562,131.14999389648438,132.89999389648438,599289,105.01966094970703
2014-03-28,133.39999389648438,134.0,132.6999969482422,133.75,532743,105.69137573242188
2014-03-31,134.14999389648438,134.64999389648438,131.89999389648438,131.9499969482422,705449,104.26895904541016
2014-04-01,134.10000610351562,134.75,133.5,134.3000030517578,869017,106.12598419189453
2014-04-02,135.0,135.0500030517578,133.89999389648438,134.1999969482422,597645,106.04695129394531
2014-04-03,133.75,134.75,132.89999389648438,133.5500030517578,748170,105.5333251953125
2014-04-04,133.4499969482422,133.85000610351562,131.9499969482422,133.64999389648438,682154,105.61235046386719
2014-04-07,132.85000610351562,134.39999389648438,131.85000610351562,133.4499969482422,808939,105.45428466796875
2014-04-08,133.85000610351562,135.25,132.8000030517578,135.0500030517578,874703,106.71864318847656
2014-04-09,135.25,136.85000610351562,135.25,136.4499969482422,858409,107.82495880126953
2014-04-10,138.89999389648438,142.4499969482422,138.8000030517578,140.85000610351562,3080932,111.30192565917969
2014-04-11,140.10000610351562,141.89999389648438,139.1999969482422,141.1999969482422,1349312,111.57847595214844
2014-04-14,139.3000030517578,142.4499969482422,139.3000030517578,142.14999389648438,1091979,113.86131286621094
2014-04-15,141.6999969482422,143.3000030517578,141.39999389648438,142.0,1139499,113.74115753173828
2014-04-16,143.0500030517578,143.5500030517578,142.0500030517578,142.9499969482422,905305,114.50210571289062
2014-04-17,142.35000610351562,142.85000610351562,140.64999389648438,142.6999969482422,733457,114.30184173583984
2014-04-22,142.6999969482422,143.5500030517578,142.5,143.10000610351562,703888,114.62226104736328
2014-04-23,142.6999969482422,143.5500030517578,142.10000610351562,142.3000030517578,783380,113.98145294189453
2014-04-24,142.39999389648438,143.3000030517578,141.64999389648438,142.64999389648438,802627,114.26183319091797
2014-04-25,142.0,142.89999389648438,141.6999969482422,141.9499969482422,653855,113.70110321044922
2014-04-28,142.0,142.5500030517578,141.35000610351562,141.64999389648438,608633,113.46080780029297
2014-04-29,141.8000030517578,142.5500030517578,139.60000610351562,140.3000030517578,1277314,112.37950897216797
2014-04-30,139.9499969482422,142.10000610351562,139.89999389648438,141.75,669014,113.54088592529297
2014-05-01,141.75,141.75,141.75,141.75,0,113.54088592529297
2014-05-02,141.89999389648438,142.14999389648438,140.4499969482422,140.8000030517578,635704,112.77998352050781
2014-05-05,140.8000030517578,140.85000610351562,138.89999389648438,140.64999389648438,458565,112.6597900390625
2014-05-06,140.5500030517578,141.5,139.64999389648438,140.0,489814,112.13916015625
2014-05-07,139.89999389648438,141.4499969482422,139.6999969482422,140.10000610351562,704756,112.21929931640625
2014-05-08,140.8000030517578,142.8000030517578,140.10000610351562,142.6999969482422,884829,114.30184173583984
2014-05-09,141.89999389648438,142.5,141.1999969482422,141.85000610351562,472593,113.62100219726562
2014-05-12,141.9499969482422,143.4499969482422,141.75,143.25,497820,114.74239349365234
2014-05-13,143.25,143.75,142.4499969482422,142.9499969482422,789052,114.50210571289062
2014-05-14,142.85000610351562,142.9499969482422,141.6999969482422,142.39999389648438,800289,114.06156158447266
2014-05-15,142.25,144.64999389648438,141.89999389648438,143.5500030517578,1157770,114.98271179199219
2014-05-16,143.85000610351562,144.14999389648438,142.5500030517578,143.75,812583,115.14291381835938
2014-05-19,143.75,143.9499969482422,141.60000610351562,142.35000610351562,797627,114.02154541015625
2014-05-20,142.6999969482422,143.0,141.25,142.75,528324,114.34191131591797
2014-05-21,142.60000610351562,143.9499969482422,141.6999969482422,143.9499969482422,807472,115.30307006835938
2014-05-22,144.0,144.1999969482422,143.14999389648438,143.5500030517578,543032,114.98271179199219
2014-05-23,143.8000030517578,143.9499969482422,142.1999969482422,143.14999389648438,527907,114.66230773925781
2014-05-26,143.6999969482422,144.3000030517578,142.64999389648438,144.25,370505,115.54340362548828
2014-05-27,143.9499969482422,145.0,142.39999389648438,144.64999389648438,576118,115.86380004882812
2014-05-28,144.64999389648438,144.85000610351562,143.0500030517578,144.1999969482422,760567,115.50335693359375
2014-05-29,144.14999389648438,144.60000610351562,143.10000610351562,144.5,426410,115.74363708496094
2014-05-30,144.5500030517578,146.3000030517578,143.89999389648438,145.9499969482422,2107916,116.90509033203125
2014-06-02,146.10000610351562,146.35000610351562,144.0,144.6999969482422,581455,115.90385437011719
2014-06-03,144.89999389648438,145.5500030517578,144.5500030517578,145.0500030517578,502271,116.18416595458984
2014-06-04,145.0500030517578,145.8000030517578,144.1999969482422,145.25,527154,116.34439086914062
2014-06-05,145.0,146.0,143.85000610351562,145.75,898515,116.74488830566406
2014-06-06,145.39999389648438,145.39999389648438,142.6999969482422,143.25,969312,114.74239349365234
2014-06-09,143.89999389648438,143.9499969482422,142.85000610351562,143.4499969482422,357194,114.9026107788086
2014-06-10,143.89999389648438,144.60000610351562,142.89999389648438,144.60000610351562,548792,115.8237533569336
2014-06-11,144.8000030517578,145.75,144.0,144.89999389648438,696390,116.06405639648438
2014-06-12,144.60000610351562,144.9499969482422,144.0500030517578,144.75,448419,115.9438705444336
2014-06-13,144.60000610351562,145.0,143.39999389648438,144.39999389648438,482782,115.66355895996094
2014-06-16,144.1999969482422,144.8000030517578,143.39999389648438,144.35000610351562,500173,115.62348937988281
2014-06-17,144.5500030517578,145.60000610351562,144.5,145.39999389648438,659838,116.46452331542969
2014-06-18,145.3000030517578,145.9499969482422,144.85000610351562,144.85000610351562,463891,116.02400207519531
2014-06-19,144.0,146.3000030517578,143.8000030517578,145.6999969482422,846158,116.70480346679688
2014-06-20,145.6999969482422,147.1999969482422,145.39999389648438,145.6999969482422,933178,116.70480346679688
2014-06-23,146.4499969482422,146.4499969482422,144.39999389648438,145.5,443618,116.54468536376953
2014-06-24,145.5,146.3000030517578,145.14999389648438,145.85000610351562,474507,116.8249740600586
2014-06-25,145.4499969482422,146.5,143.6999969482422,143.6999969482422,771669,115.1028823852539
2014-06-26,144.10000610351562,144.10000610351562,140.0500030517578,141.25,1067168,113.14043426513672
2014-06-27,141.5,141.89999389648438,139.5500030517578,140.35000610351562,711407,112.41954040527344
2014-06-30,140.9499969482422,142.35000610351562,140.5,140.8000030517578,648871,112.77998352050781
2014-07-01,140.5,141.25,140.0500030517578,141.0,445701,112.94017028808594
2014-07-02,141.3000030517578,141.39999389648438,139.4499969482422,139.9499969482422,582004,112.09910583496094
2014-07-03,140.0,141.85000610351562,139.1999969482422,141.85000610351562,719810,113.62100219726562
2014-07-04,142.0,142.0,140.64999389648438,140.85000610351562,421224,112.82003021240234
2014-07-07,140.85000610351562,141.5,139.39999389648438,139.64999389648438,416284,111.85881805419922
2014-07-08,139.9499969482422,140.35000610351562,138.4499969482422,138.4499969482422,444400,110.89762115478516
2014-07-09,138.89999389648438,139.75,137.89999389648438,139.5,565701,111.73863983154297
2014-07-10,139.6999969482422,141.3000030517578,138.6999969482422,139.35000610351562,792522,111.61853790283203
2014-07-11,139.64999389648438,140.0,138.39999389648438,139.35000610351562,428508,111.61853790283203
2014-07-14,139.39999389648438,140.60000610351562,139.0,140.35000610351562,421097,112.41954040527344
2014-07-15,140.25,140.5,138.35000610351562,138.6999969482422,694928,111.09786987304688
2014-07-16,139.4499969482422,140.14999389648438,138.8000030517578,140.0,497857,112.13916015625
2014-07-17,139.4499969482422,140.14999389648438,138.35000610351562,138.5500030517578,570190,110.97771453857422
2014-07-18,138.0500030517578,138.39999389648438,136.4499969482422,138.39999389648438,1019779,110.85758972167969
2014-07-21,138.25,139.0500030517578,137.35000610351562,138.4499969482422,575549,110.89762115478516
2014-07-22,139.14999389648438,139.39999389648438,137.85000610351562,139.25,620547,111.53842163085938
2014-07-23,138.64999389648438,140.0,138.64999389648438,139.8000030517578,579867,111.97895050048828
2014-07-24,140.5,141.9499969482422,139.10000610351562,141.25,632668,113.14043426513672
2014-07-25,135.0,135.0,131.10000610351562,131.64999389648438,2810499,105.45085906982422
2014-07-28,132.75,132.85000610351562,131.0,131.5500030517578,911123,105.37078094482422
2014-07-29,131.39999389648438,132.6999969482422,131.14999389648438,131.6999969482422,740754,105.49092102050781
2014-07-30,131.89999389648438,132.0,129.75,130.25,870287,104.32948303222656
2014-07-31,130.1999969482422,130.4499969482422,128.25,128.60000610351562,1253627,103.00785064697266
2014-08-01,129.10000610351562,129.5500030517578,127.3499984741211,128.25,972276,102.72749328613281
2014-08-04,129.0,129.10000610351562,127.0,127.44999694824219,732755,102.08670806884766
2014-08-05,128.0,129.89999389648438,127.5,129.75,956175,103.92897033691406
2014-08-06,129.1999969482422,129.89999389648438,128.0500030517578,129.4499969482422,667747,103.6886978149414
2014-08-07,129.64999389648438,129.64999389648438,126.69999694824219,126.94999694824219,903923,101.68618774414062
2014-08-08,126.30000305175781,126.80000305175781,124.69999694824219,126.6500015258789,1027044,101.4458999633789
2014-08-11,127.8499984741211,128.5,126.8499984741211,127.6500015258789,652377,102.24688720703125
2014-08-12,127.3499984741211,128.64999389648438,127.05000305175781,127.9000015258789,665746,102.4471664428711
2014-08-13,128.6999969482422,128.85000610351562,128.0,128.5,448914,102.92772674560547
2014-08-14,127.5,128.60000610351562,126.5,128.1999969482422,543530,102.68744659423828
2014-08-15,128.1999969482422,129.25,126.6500015258789,127.19999694824219,841730,101.88644409179688
2014-08-18,128.5500030517578,129.4499969482422,128.4499969482422,128.5,540079,102.92772674560547
2014-08-19,128.89999389648438,129.8000030517578,128.5,129.64999389648438,458547,103.84888458251953
2014-08-20,129.89999389648438,130.10000610351562,128.85000610351562,129.85000610351562,545087,104.00907135009766
2014-08-21,130.39999389648438,131.25,130.10000610351562,130.64999389648438,649297,104.64987182617188
2014-08-22,130.85000610351562,130.9499969482422,128.64999389648438,129.5,757850,103.7287368774414
2014-08-25,130.64999389648438,131.85000610351562,129.8000030517578,131.85000610351562,461260,105.61109924316406
2014-08-26,131.6999969482422,133.4499969482422,131.60000610351562,133.14999389648438,697355,106.65235137939453
2014-08-27,132.89999389648438,133.1999969482422,132.39999389648438,132.6999969482422,489060,106.29190826416016
2014-08-28,131.85000610351562,132.39999389648438,131.35000610351562,131.8000030517578,651451,105.57100677490234
2014-08-29,132.25,132.5500030517578,130.89999389648438,132.0500030517578,585628,105.77127838134766
2014-09-01,132.14999389648438,133.5,131.9499969482422,132.89999389648438,368654,106.45207977294922
2014-09-02,133.85000610351562,134.14999389648438,132.4499969482422,133.0500030517578,389262,106.5722427368164
2014-09-03,134.9499969482422,138.1999969482422,134.9499969482422,136.89999389648438,1578323,109.65608215332031
2014-09-04,136.5500030517578,137.89999389648438,135.25,137.60000610351562,1169425,110.21680450439453
2014-09-05,136.9499969482422,137.35000610351562,135.89999389648438,136.64999389648438,678711,109.45584106445312
2014-09-08,137.0,137.0,134.85000610351562,136.25,614750,109.13545227050781
2014-09-09,135.75,137.0,135.5500030517578,135.9499969482422,536721,108.89517211914062
2014-09-10,135.3000030517578,136.1999969482422,135.0,135.89999389648438,533305,108.85508728027344
2014-09-11,136.89999389648438,137.14999389648438,134.85000610351562,136.8000030517578,828018,109.57599639892578
2014-09-12,137.1999969482422,137.1999969482422,135.0500030517578,136.1999969482422,512729,109.09539031982422
2014-09-15,136.10000610351562,137.89999389648438,136.10000610351562,136.8000030517578,553515,109.57599639892578
2014-09-16,136.5,136.5,135.35000610351562,135.64999389648438,632157,108.65485382080078
2014-09-17,135.0500030517578,135.60000610351562,134.10000610351562,134.64999389648438,812595,107.85384368896484
2014-09-18,135.0,135.85000610351562,134.4499969482422,135.64999389648438,563992,108.65485382080078
2014-09-19,135.39999389648438,136.39999389648438,134.25,134.4499969482422,1384937,107.69364929199219
2014-09-22,134.5,134.6999969482422,132.0500030517578,132.4499969482422,1014531,106.0916748046875
2014-09-23,132.35000610351562,132.5500030517578,130.14999389648438,130.75,932205,104.7299575805664
2014-09-24,131.0500030517578,132.85000610351562,130.5500030517578,132.6999969482422,680451,106.29190826416016
2014-09-25,132.60000610351562,133.14999389648438,130.60000610351562,130.8000030517578,1019414,104.77001953125
2014-09-26,130.85000610351562,131.5500030517578,129.8000030517578,130.85000610351562,699453,104.81005859375
2014-09-29,130.39999389648438,130.5,127.94999694824219,128.85000610351562,934027,103.20809173583984
2014-09-30,129.25,129.89999389648438,128.64999389648438,128.6999969482422,1409998,103.08792877197266
2014-10-01,128.9499969482422,130.0,127.1500015258789,127.3499984741211,1092499,102.00658416748047
2014-10-02,128.5,129.3000030517578,125.9000015258789,125.9000015258789,1862226,100.84515380859375
2014-10-03,126.8499984741211,128.14999389648438,126.30000305175781,127.8499984741211,945816,102.4070816040039
2014-10-06,128.39999389648438,129.3000030517578,127.5,128.1999969482422,887345,102.68744659423828
2014-10-07,128.1999969482422,128.35000610351562,125.5999984741211,125.75,1291168,100.72501373291016
2014-10-08,125.6500015258789,126.9000015258789,125.1500015258789,126.3499984741211,1168788,101.2055892944336
2014-10-09,127.8499984741211,128.3000030517578,126.44999694824219,127.0999984741211,1148093,101.80636596679688
2014-10-10,127.0,127.19999694824219,124.44999694824219,125.0,1178500,100.12425231933594
2014-10-13,124.1500015258789,125.8499984741211,123.9000015258789,125.5999984741211,961268,100.6048583984375
2014-10-14,124.80000305175781,125.5999984741211,122.8499984741211,125.0999984741211,1135315,100.20436096191406
2014-10-15,124.44999694824219,129.4499969482422,123.0,124.9000015258789,2372315,100.0441665649414
2014-10-16,125.1500015258789,126.55000305175781,121.4000015258789,123.75,1970269,99.1230239868164
2014-10-17,123.4000015258789,125.69999694824219,123.05000305175781,125.19999694824219,1609379,100.28446197509766
2014-10-20,125.0999984741211,125.9000015258789,123.94999694824219,124.94999694824219,938973,100.08421325683594
2014-10-21,124.75,126.75,124.4000015258789,126.55000305175781,1028440,101.36579895019531
2014-10-22,126.19999694824219,127.5999984741211,125.80000305175781,127.05000305175781,863643,101.76629638671875
2014-10-23,126.4000015258789,128.75,125.1500015258789,128.5500030517578,899640,102.96778869628906
2014-10-24,127.94999694824219,128.6999969482422,127.19999694824219,128.25,828075,102.72749328613281
2014-10-27,129.39999389648438,129.5,128.10000610351562,128.4499969482422,810767,102.8876724243164
2014-10-28,129.0,130.5500030517578,128.89999389648438,129.89999389648438,917514,104.04913330078125
2014-10-29,130.3000030517578,132.25,130.3000030517578,131.4499969482422,910717,105.29068756103516
2014-10-30,131.39999389648438,132.85000610351562,129.6999969482422,132.6999969482422,987244,106.29190826416016
2014-10-31,134.60000610351562,135.5,133.5500030517578,135.35000610351562,1245145,108.4145278930664
2014-11-03,135.0,135.60000610351562,134.39999389648438,134.8000030517578,773114,107.97400665283203
2014-11-04,134.4499969482422,134.75,131.6999969482422,131.9499969482422,1058369,105.69115447998047
2014-11-05,132.64999389648438,134.4499969482422,132.1999969482422,134.0,715557,107.33319854736328
2014-11-06,133.5,136.14999389648438,133.5,135.3000030517578,1437695,108.37451171875
2014-11-07,135.25,135.6999969482422,133.10000610351562,133.89999389648438,846724,107.25313568115234
2014-11-10,133.39999389648438,135.8000030517578,133.1999969482422,135.75,566663,108.73493957519531
2014-11-11,135.85000610351562,137.1999969482422,135.5,136.75,608270,109.53596496582031
2014-11-12,136.25,137.5,135.89999389648438,136.14999389648438,868431,109.05533599853516
2014-11-13,137.0,138.10000610351562,135.85000610351562,137.75,720279,110.33694458007812
2014-11-14,138.10000610351562,138.39999389648438,137.0500030517578,137.75,600938,110.33694458007812
2014-11-17,136.6999969482422,138.5500030517578,136.5500030517578,138.35000610351562,635520,110.81753540039062
2014-11-18,138.5,139.8000030517578,138.35000610351562,139.4499969482422,739917,111.69861602783203
2014-11-19,139.3000030517578,140.8000030517578,139.3000030517578,140.35000610351562,828021,112.41954040527344
2014-11-20,140.0,140.3000030517578,139.1999969482422,139.89999389648438,647773,112.05906677246094
2014-11-21,140.35000610351562,144.9499969482422,140.25,144.9499969482422,1728613,116.10408020019531
2014-11-24,144.5,145.0,143.5,144.3000030517578,889670,115.58346557617188
2014-11-25,144.35000610351562,144.5,142.8000030517578,143.8000030517578,849516,115.18295288085938
2014-11-26,141.89999389648438,143.6999969482422,141.3000030517578,142.9499969482422,677961,114.50210571289062
2014-11-27,142.9499969482422,143.60000610351562,142.60000610351562,143.0,624466,114.54214477539062
2014-11-28,142.85000610351562,144.6999969482422,142.85000610351562,144.5,794733,115.74363708496094
2014-12-01,143.5500030517578,144.39999389648438,142.8000030517578,143.75,540268,115.14291381835938
2014-12-02,143.0,143.75,141.85000610351562,142.3000030517578,691495,114.9813003540039
2014-12-03,141.5500030517578,143.39999389648438,141.4499969482422,142.5500030517578,575551,115.18328094482422
2014-12-04,142.35000610351562,145.1999969482422,142.1999969482422,142.39999389648438,1207851,115.06208801269531
2014-12-05,143.39999389648438,146.5,143.39999389648438,145.75,972629,117.76895141601562
2014-12-08,144.64999389648438,145.64999389648438,143.8000030517578,144.89999389648438,419013,117.08214569091797
2014-12-09,143.3000030517578,144.25,141.8000030517578,142.0,1127741,114.73888397216797
2014-12-10,142.3000030517578,144.6999969482422,141.10000610351562,141.10000610351562,1011206,114.01165008544922
2014-12-11,140.4499969482422,141.8000030517578,139.75,141.0,1087826,113.93087005615234
2014-12-12,140.0,140.3000030517578,137.60000610351562,137.60000610351562,1094172,111.1836166381836
2014-12-15,137.0,139.5500030517578,134.8000030517578,134.8000030517578,1505452,108.92115020751953
2014-12-16,135.85000610351562,136.8000030517578,131.75,136.8000030517578,2071859,110.53720092773438
2014-12-17,129.0,129.3000030517578,123.5,125.8499984741211,2143039,101.68933868408203
2014-12-18,128.85000610351562,130.25,126.9000015258789,130.25,2171068,105.24465942382812
2014-12-19,131.14999389648438,132.14999389648438,128.64999389648438,129.9499969482422,1902348,105.00224304199219
2014-12-22,130.5,131.64999389648438,130.10000610351562,131.0500030517578,644774,105.89108276367188
2014-12-23,131.5500030517578,132.5,130.89999389648438,132.5,611593,107.06269073486328
2014-12-24,132.1999969482422,132.64999389648438,131.64999389648438,131.89999389648438,99653,106.57786560058594
2014-12-29,131.39999389648438,132.5,130.8000030517578,132.5,636506,107.06269073486328
2014-12-30,131.8000030517578,132.1999969482422,131.10000610351562,131.14999389648438,422885,105.97185516357422
2014-12-31,131.14999389648438,132.8000030517578,131.14999389648438,132.25,134755,106.86068725585938
2015-01-02,132.5,133.6999969482422,129.89999389648438,130.85000610351562,614377,105.7294692993164
2015-01-05,130.0500030517578,131.85000610351562,126.75,127.05000305175781,1053659,102.65897369384766
2015-01-06,127.0999984741211,127.55000305175781,125.5,125.5999984741211,896487,101.48735809326172
2015-01-07,125.80000305175781,126.1500015258789,123.5,125.69999694824219,1349578,101.56815338134766
2015-01-08,127.5,130.0500030517578,126.3499984741211,129.64999389648438,1155174,104.75983428955078
2015-01-09,129.35000610351562,130.60000610351562,127.0999984741211,127.69999694824219,976809,103.18419647216797
2015-01-12,128.5,132.39999389648438,128.25,131.9499969482422,1374599,106.61827850341797
2015-01-13,130.89999389648438,133.5,130.5500030517578,132.9499969482422,1018643,107.42630767822266
2015-01-14,131.5,134.14999389648438,130.89999389648438,132.6999969482422,1461113,107.22430419921875
2015-01-15,133.8000030517578,135.39999389648438,129.3000030517578,135.0500030517578,2274019,109.1231460571289
2015-01-16,134.1999969482422,135.0500030517578,132.75,134.1999969482422,1363101,108.43634033203125
2015-01-19,134.5500030517578,135.10000610351562,132.9499969482422,134.1999969482422,911823,108.43634033203125
2015-01-20,134.1999969482422,136.5,133.4499969482422,136.5,1083427,110.29480743408203
2015-01-21,137.0,137.85000610351562,135.9499969482422,137.39999389648438,1393974,111.02198028564453
2015-01-22,137.0500030517578,138.6999969482422,136.0500030517578,137.85000610351562,1347411,111.38563537597656
2015-01-23,139.0,143.3000030517578,138.14999389648438,141.85000610351562,1737416,114.61769104003906
2015-01-26,141.39999389648438,144.75,141.10000610351562,144.64999389648438,1142528,116.88015747070312
2015-01-27,144.8000030517578,145.6999969482422,143.25,145.10000610351562,1240314,117.24375915527344
2015-01-28,145.9499969482422,146.0,144.10000610351562,145.1999969482422,1152668,117.32454681396484
2015-01-29,144.25,145.25,142.75,144.6999969482422,1409192,116.92054748535156
2015-01-30,145.25,146.0,142.6999969482422,143.5,1181039,115.95092010498047
2015-02-02,144.4499969482422,146.0,142.60000610351562,143.3000030517578,1148343,115.789306640625
2015-02-03,143.3000030517578,145.0,141.8000030517578,144.5,1190779,116.7589340209961
2015-02-04,151.6999969482422,156.4499969482422,151.5,156.25,3129281,126.25320434570312
2015-02-05,154.6999969482422,155.4499969482422,152.75,153.5,1813581,124.03111267089844
2015-02-06,152.9499969482422,154.0,152.5,152.8000030517578,1021962,123.4655532836914
2015-02-09,151.5,152.3000030517578,149.8000030517578,150.60000610351562,1202242,121.6878662109375
2015-02-10,151.64999389648438,156.14999389648438,151.39999389648438,156.14999389648438,1439082,126.17235565185547
2015-02-11,155.5,157.60000610351562,155.0,156.5500030517578,906617,126.4955825805664
2015-02-12,157.0,159.9499969482422,156.6999969482422,159.14999389648438,1474893,128.59645080566406
2015-02-13,159.35000610351562,160.0,158.0500030517578,158.5,862611,128.07122802734375
2015-02-16,157.9499969482422,158.14999389648438,156.3000030517578,156.9499969482422,702173,126.81881713867188
2015-02-17,156.89999389648438,157.75,154.8000030517578,157.60000610351562,676920,127.3440170288086
2015-02-18,158.10000610351562,158.85000610351562,157.3000030517578,158.75,576207,128.2732391357422
2015-02-19,158.14999389648438,160.85000610351562,157.4499969482422,160.8000030517578,687559,129.9296875
2015-02-20,160.4499969482422,161.0,158.8000030517578,161.0,1010041,130.0912628173828
2015-02-23,162.10000610351562,162.4499969482422,160.3000030517578,161.25,654545,130.29327392578125
2015-02-24,161.85000610351562,161.89999389648438,159.85000610351562,161.1999969482422,612916,130.25289916992188
2015-02-25,160.60000610351562,161.75,160.35000610351562,161.60000610351562,575695,130.5760955810547
2015-02-26,161.89999389648438,162.3000030517578,160.9499969482422,161.9499969482422,748534,130.8589324951172
2015-02-27,161.39999389648438,163.89999389648438,161.25,163.89999389648438,855078,132.4345245361328
2015-03-02,163.89999389648438,164.85000610351562,163.1999969482422,164.75,845868,133.12132263183594
2015-03-03,165.0,166.3000030517578,162.14999389648438,162.39999389648438,760748,131.22250366210938
2015-03-04,163.3000030517578,165.10000610351562,162.5,165.10000610351562,903311,133.40419006347656
2015-03-05,165.39999389648438,168.0,165.14999389648438,167.6999969482422,795135,135.50498962402344
2015-03-06,167.35000610351562,169.10000610351562,167.3000030517578,168.89999389648438,800225,136.474609375
2015-03-09,168.0500030517578,168.5500030517578,166.6999969482422,167.8000030517578,837924,135.58587646484375
2015-03-10,167.10000610351562,168.4499969482422,166.0,166.25,803530,134.33338928222656
2015-03-11,166.3000030517578,171.64999389648438,165.60000610351562,171.5,1051783,138.5755157470703
2015-03-12,170.8000030517578,171.25,169.75,170.60000610351562,595838,137.8482666015625
2015-03-13,170.8000030517578,171.3000030517578,169.64999389648438,171.25,529314,138.3734893798828
2015-03-16,172.25,175.39999389648438,171.5500030517578,174.6999969482422,895031,141.16111755371094
2015-03-17,174.5,174.6999969482422,171.4499969482422,172.6999969482422,849361,139.5451202392578
2015-03-18,172.1999969482422,172.1999969482422,169.10000610351562,170.75,958047,137.96946716308594
2015-03-19,170.0,170.9499969482422,168.3000030517578,168.3000030517578,1054885,135.98983764648438
2015-03-20,168.3000030517578,169.89999389648438,166.39999389648438,169.25,1540391,136.75746154785156
2015-03-23,165.0,165.64999389648438,160.14999389648438,164.5,1144696,132.91937255859375
2015-03-24,165.10000610351562,167.3000030517578,164.5500030517578,166.4499969482422,924880,134.4949951171875
2015-03-25,166.35000610351562,166.9499969482422,162.9499969482422,163.60000610351562,921623,132.192138671875
2015-03-26,163.0,163.14999389648438,159.4499969482422,162.35000610351562,1465220,131.18212890625
2015-03-27,163.0,163.8000030517578,161.3000030517578,162.25,1021788,131.10130310058594
2015-03-30,163.75,166.3000030517578,162.85000610351562,164.5,846369,132.91937255859375
2015-03-31,164.8000030517578,165.25,162.75,164.14999389648438,931123,132.6365509033203
2015-04-01,162.85000610351562,165.1999969482422,161.39999389648438,163.3000030517578,1079141,131.9497528076172
2015-04-02,162.75,164.64999389648438,162.4499969482422,163.5500030517578,635968,132.15171813964844
2015-04-07,165.3000030517578,165.89999389648438,163.8000030517578,165.5500030517578,801999,133.76776123046875
2015-04-08,165.64999389648438,167.5,164.75,167.5,1206921,135.3434295654297
2015-04-09,168.5,170.8000030517578,168.0,170.8000030517578,915535,138.00987243652344
2015-04-10,171.39999389648438,172.75,170.60000610351562,172.39999389648438,884643,139.3026885986328
2015-04-13,171.4499969482422,172.9499969482422,170.14999389648438,172.5500030517578,994188,139.4239501953125
2015-04-14,172.75,173.10000610351562,167.0500030517578,168.25,1409767,135.94943237304688
2015-04-15,169.85000610351562,171.85000610351562,169.5500030517578,171.1999969482422,930444,138.33309936523438
2015-04-16,169.8000030517578,171.4499969482422,168.35000610351562,169.0500030517578,918180,136.59585571289062
2015-04-17,169.0,169.8000030517578,164.85000610351562,165.4499969482422,1402328,133.68695068359375
2015-04-20,165.5500030517578,166.85000610351562,164.39999389648438,165.0,963464,133.32334899902344
2015-04-21,164.4499969482422,166.35000610351562,163.8000030517578,164.10000610351562,808552,134.18190002441406
2015-04-22,163.35000610351562,164.10000610351562,160.35000610351562,160.85000610351562,1160505,131.5244903564453
2015-04-23,161.39999389648438,162.1999969482422,158.39999389648438,159.3000030517578,1198841,130.2570037841797
2015-04-24,160.64999389648438,161.39999389648438,159.25,161.0500030517578,1108499,131.68800354003906
2015-04-27,161.0500030517578,162.64999389648438,159.0500030517578,162.64999389648438,858188,132.9962921142578
2015-04-28,162.5,162.5,157.0,158.85000610351562,841900,129.8890838623047
2015-04-29,159.39999389648438,161.0,155.6999969482422,155.75,1040647,127.35428619384766
2015-04-30,156.85000610351562,157.89999389648438,154.10000610351562,156.60000610351562,1330591,128.04930114746094
2015-05-04,158.5,159.9499969482422,156.3000030517578,159.5,806624,130.4206085205078
2015-05-05,159.5500030517578,161.9499969482422,154.5,154.64999389648438,1231167,126.45482635498047
2015-05-06,154.75,156.60000610351562,152.39999389648438,154.25,1116650,126.12775421142578
2015-05-07,153.14999389648438,156.4499969482422,150.60000610351562,155.89999389648438,1409976,127.47692108154297
2015-05-08,157.25,160.8000030517578,155.4499969482422,160.8000030517578,1026748,131.48358154296875
2015-05-11,161.0,161.0,157.75,158.35000610351562,720028,129.48025512695312
2015-05-12,157.35000610351562,157.35000610351562,155.10000610351562,155.89999389648438,890598,127.47692108154297
2015-05-13,156.0,157.8000030517578,154.0500030517578,154.39999389648438,741004,126.25039672851562
2015-05-14,154.10000610351562,159.1999969482422,152.5500030517578,158.85000610351562,729651,129.8890838623047
2015-05-15,160.10000610351562,161.10000610351562,157.39999389648438,158.75,971636,129.8073272705078
2015-05-18,159.60000610351562,160.5,156.75,160.14999389648438,532555,130.9520721435547
2015-05-19,161.0,166.0,160.9499969482422,165.9499969482422,1259460,135.6946258544922
2015-05-20,165.9499969482422,166.5,164.64999389648438,166.0,606169,135.7355499267578
2015-05-21,165.14999389648438,166.0500030517578,164.0500030517578,165.60000610351562,478351,135.40846252441406
2015-05-22,165.1999969482422,167.25,163.5,166.39999389648438,628900,136.0625457763672
2015-05-25,166.75,166.75,165.3000030517578,165.89999389648438,74424,135.6537628173828
2015-05-26,166.10000610351562,167.75,164.25,165.0,746734,134.91783142089844
2015-05-27,165.60000610351562,168.3000030517578,164.3000030517578,167.85000610351562,924789,137.24826049804688
2015-05-28,166.85000610351562,168.5,165.14999389648438,166.5500030517578,654715,136.18524169921875
2015-05-29,166.85000610351562,166.9499969482422,162.10000610351562,162.14999389648438,1251558,132.58743286132812
2015-06-01,161.0,163.75,160.9499969482422,163.1999969482422,636562,133.44602966308594
2015-06-02,165.4499969482422,167.6999969482422,164.1999969482422,165.10000610351562,1299283,134.9996337890625
2015-06-03,165.9499969482422,168.0500030517578,164.39999389648438,165.5500030517578,721096,135.3675537109375
2015-06-04,164.35000610351562,165.85000610351562,161.14999389648438,163.4499969482422,1075593,133.65042114257812
2015-06-05,162.8000030517578,163.0500030517578,160.14999389648438,160.3000030517578,802306,131.07472229003906
2015-06-08,160.9499969482422,163.25,160.0500030517578,160.25,768094,131.03384399414062
2015-06-09,160.0500030517578,160.39999389648438,154.0,155.14999389648438,1791289,126.8636703491211
2015-06-10,154.64999389648438,162.5500030517578,153.85000610351562,161.5500030517578,1376647,132.0968475341797
2015-06-11,162.5500030517578,167.9499969482422,162.35000610351562,165.5,1311296,135.32664489746094
2015-06-12,165.5500030517578,166.6999969482422,160.6999969482422,162.35000610351562,915409,132.75100708007812
2015-06-15,160.5,161.9499969482422,159.85000610351562,159.85000610351562,727541,130.70677185058594
2015-06-16,158.4499969482422,161.14999389648438,157.5,160.3000030517578,919997,131.07472229003906
2015-06-17,160.6999969482422,161.6999969482422,157.60000610351562,159.1999969482422,925210,130.1752471923828
2015-06-18,158.5500030517578,159.9499969482422,155.75,159.89999389648438,1021329,130.7476348876953
2015-06-19,159.9499969482422,163.85000610351562,159.39999389648438,159.9499969482422,1361113,130.78855895996094
2015-06-22,163.5,168.3000030517578,163.25,168.0,1226094,137.370849609375
2015-06-23,169.5,171.3000030517578,168.25,170.35000610351562,821228,139.2924346923828
2015-06-24,170.25,171.35000610351562,168.5,170.85000610351562,873797,139.7012939453125
2015-06-25,169.25,172.0,167.9499969482422,170.89999389648438,1267703,139.74215698242188
2015-06-26,169.8000030517578,173.25,169.0500030517578,171.1999969482422,781158,139.98748779296875
2015-06-29,164.6999969482422,167.14999389648438,163.10000610351562,163.60000610351562,1468007,133.77308654785156
2015-06-30,160.75,161.60000610351562,157.14999389648438,157.14999389648438,2018611,128.49899291992188
2015-07-01,159.64999389648438,163.25,157.89999389648438,161.64999389648438,1423421,132.17860412597656
2015-07-02,162.39999389648438,162.4499969482422,158.75,158.89999389648438,732236,129.9299774169922
2015-07-03,159.0,159.64999389648438,156.9499969482422,157.64999389648438,602073,128.90786743164062
2015-07-06,154.6999969482422,156.10000610351562,152.89999389648438,153.25,1261260,125.31007385253906
2015-07-07,154.3000030517578,154.35000610351562,147.9499969482422,147.9499969482422,1508259,120.97632598876953
2015-07-08,149.4499969482422,151.35000610351562,149.0,149.35000610351562,1476190,122.12107849121094
2015-07-09,150.60000610351562,154.10000610351562,150.39999389648438,153.39999389648438,1296695,125.43269348144531
2015-07-10,157.10000610351562,159.3000030517578,155.64999389648438,158.75,1281926,129.8073272705078
2015-07-13,160.89999389648438,162.6999969482422,160.89999389648438,162.0,1274659,132.4647979736328
2015-07-14,161.6999969482422,162.6999969482422,160.25,162.6999969482422,626028,133.0371551513672
2015-07-15,162.75,162.9499969482422,161.1999969482422,161.5,838607,132.0559539794922
2015-07-16,162.5,164.60000610351562,162.0,162.3000030517578,1503743,132.7100830078125
2015-07-17,163.0,167.10000610351562,162.64999389648438,166.9499969482422,1186561,136.51229858398438
2015-07-20,167.8000030517578,170.0500030517578,166.60000610351562,169.14999389648438,875068,138.31124877929688
2015-07-21,169.25,170.5,167.75,168.35000610351562,745660,137.65708923339844
2015-07-22,167.10000610351562,169.0,166.85000610351562,167.5,571982,136.96206665039062
2015-07-23,168.5500030517578,169.0,166.4499969482422,167.1999969482422,591934,136.7167205810547
2015-07-24,167.1999969482422,169.9499969482422,165.60000610351562,166.0500030517578,742718,135.7764129638672
2015-07-27,165.4499969482422,166.0,160.8000030517578,160.9499969482422,932594,131.60623168945312
2015-07-28,164.14999389648438,166.8000030517578,163.5500030517578,165.8000030517578,1143499,135.57199096679688
2015-07-29,171.0500030517578,172.0,168.6999969482422,169.0,1726840,138.18858337402344
2015-07-30,169.3000030517578,169.8000030517578,166.8000030517578,168.60000610351562,874426,137.86148071289062
2015-07-31,168.5500030517578,170.6999969482422,167.9499969482422,170.6999969482422,844474,139.57861328125
2015-08-03,170.6999969482422,171.85000610351562,169.64999389648438,171.14999389648438,631723,139.9465789794922
2015-08-04,171.25,171.35000610351562,169.64999389648438,171.10000610351562,472366,139.90573120117188
2015-08-05,172.0,175.6999969482422,171.64999389648438,175.60000610351562,941618,143.58529663085938
2015-08-06,175.0,176.60000610351562,174.85000610351562,175.35000610351562,611709,143.38088989257812
2015-08-07,175.10000610351562,175.10000610351562,172.89999389648438,173.4499969482422,589595,141.8272705078125
2015-08-10,174.25,174.8000030517578,172.9499969482422,174.3000030517578,602360,142.5222625732422
2015-08-11,172.5,172.5500030517578,164.0500030517578,164.85000610351562,1472539,134.79519653320312
2015-08-12,161.5,161.5,154.89999389648438,155.85000610351562,1995172,127.43602752685547
2015-08-13,158.60000610351562,161.14999389648438,158.60000610351562,160.39999389648438,1212700,131.156494140625
2015-08-14,160.9499969482422,162.0,158.6999969482422,159.60000610351562,684756,130.50233459472656
2015-08-17,161.5,162.5,158.0500030517578,160.3000030517578,593420,131.07472229003906
2015-08-18,159.60000610351562,160.64999389648438,158.14999389648438,158.89999389648438,538111,129.9299774169922
2015-08-19,157.6999969482422,157.9499969482422,154.10000610351562,154.10000610351562,865757,126.00505828857422
2015-08-20,153.64999389648438,154.3000030517578,147.60000610351562,148.0500030517578,1455796,121.05812072753906
2015-08-21,145.39999389648438,150.14999389648438,145.35000610351562,145.6999969482422,1537509,119.1364974975586
2015-08-24,142.0500030517578,144.6999969482422,134.8000030517578,139.3000030517578,2917559,113.90336608886719
2015-08-25,141.6999969482422,148.6999969482422,140.75,147.5500030517578,2034184,120.64925384521484
2015-08-26,147.0,148.10000610351562,143.14999389648438,145.85000610351562,1381801,119.2591781616211
2015-08-27,150.1999969482422,152.0500030517578,149.10000610351562,151.14999389648438,1143928,123.59293365478516
2015-08-28,151.5500030517578,151.89999389648438,148.5500030517578,150.9499969482422,698027,123.42935180664062
2015-08-31,149.5,150.25,147.60000610351562,148.64999389648438,616837,121.5486831665039
2015-09-01,146.39999389648438,146.6999969482422,142.89999389648438,144.1999969482422,1168328,117.9100112915039
2015-09-02,145.25,148.5,143.9499969482422,147.14999389648438,1100711,120.32218933105469
2015-09-03,149.0,151.64999389648438,147.64999389648438,150.14999389648438,1012239,122.77522277832031
2015-09-04,148.14999389648438,148.75,145.14999389648438,145.9499969482422,1251245,119.34098052978516
2015-09-07,147.10000610351562,148.8000030517578,145.89999389648438,146.60000610351562,367037,119.87246704101562
2015-09-08,147.85000610351562,150.14999389648438,147.35000610351562,147.8000030517578,671731,120.85369873046875
2015-09-09,152.0,153.10000610351562,149.75,149.75,757910,122.44815826416016
2015-09-10,148.60000610351562,150.5500030517578,148.0,149.25,881916,122.03932189941406
2015-09-11,149.9499969482422,150.0500030517578,147.5,148.14999389648438,728954,121.13984680175781
2015-09-14,148.0500030517578,150.3000030517578,147.0500030517578,147.6999969482422,667047,120.77189636230469
2015-09-15,148.1999969482422,150.5500030517578,146.85000610351562,149.89999389648438,748725,122.57080841064453
2015-09-16,152.8000030517578,156.3000030517578,152.14999389648438,155.5500030517578,1117304,127.19075012207031
2015-09-17,155.9499969482422,156.4499969482422,154.4499969482422,155.60000610351562,618884,127.23161315917969
2015-09-18,154.4499969482422,154.4499969482422,149.25,150.64999389648438,2365748,123.18408203125
2015-09-21,150.6999969482422,153.39999389648438,150.6999969482422,152.14999389648438,766840,124.41057586669922
2015-09-22,152.39999389648438,152.5,146.5500030517578,147.39999389648438,1061465,120.52659606933594
2015-09-23,147.5500030517578,149.0,146.10000610351562,147.60000610351562,948893,120.69013977050781
2015-09-24,148.0500030517578,149.0500030517578,142.25,144.0500030517578,977092,117.787353515625
2015-09-25,146.9499969482422,152.64999389648438,146.14999389648438,151.14999389648438,1103402,123.59293365478516
2015-09-28,150.3000030517578,150.89999389648438,146.25,147.14999389648438,858025,120.32218933105469
2015-09-29,145.25,146.85000610351562,143.4499969482422,145.5500030517578,878676,119.0138931274414
2015-09-30,148.9499969482422,153.25,148.85000610351562,152.1999969482422,1022741,124.45148468017578
2015-10-01,154.35000610351562,155.10000610351562,148.60000610351562,149.75,959134,122.44815826416016
2015-10-02,151.39999389648438,151.89999389648438,145.60000610351562,149.1999969482422,962834,121.99845886230469
2015-10-05,151.8000030517578,156.9499969482422,151.35000610351562,156.5500030517578,1031535,128.00840759277344
2015-10-06,156.5500030517578,160.39999389648438,156.10000610351562,159.25,795234,130.21615600585938
2015-10-07,159.60000610351562,163.0500030517578,158.85000610351562,161.0,1059937,131.6470947265625
2015-10-08,160.3000030517578,162.5500030517578,160.0500030517578,162.35000610351562,1000495,132.75100708007812
2015-10-09,164.0,165.8000030517578,163.1999969482422,165.75,1061574,135.53111267089844
2015-10-12,165.6999969482422,167.0,164.5500030517578,166.5,806163,136.1443634033203
2015-10-13,162.39999389648438,162.60000610351562,159.5,161.25,1196339,131.8515167236328
2015-10-14,159.39999389648438,161.8000030517578,157.0500030517578,159.25,891550,130.21615600585938
2015-10-15,159.85000610351562,161.14999389648438,156.0,160.39999389648438,904945,131.156494140625
2015-10-16,161.0,161.0,157.25,158.64999389648438,714985,129.7255096435547
2015-10-19,158.60000610351562,160.4499969482422,157.5500030517578,158.89999389648438,579570,129.9299774169922
2015-10-20,160.1999969482422,161.0,157.64999389648438,158.3000030517578,683064,129.43934631347656
2015-10-21,159.25,159.4499969482422,157.39999389648438,158.0500030517578,703555,129.23492431640625
2015-10-22,157.4499969482422,165.85000610351562,156.5500030517578,165.14999389648438,1104472,135.04049682617188
2015-10-23,167.14999389648438,171.35000610351562,166.0500030517578,170.64999389648438,1595903,139.53775024414062
2015-10-26,169.9499969482422,170.10000610351562,167.8000030517578,169.14999389648438,608005,138.31124877929688
2015-10-27,169.3000030517578,169.89999389648438,168.0500030517578,168.5,567237,137.77975463867188
2015-10-28,166.89999389648438,168.60000610351562,166.0500030517578,167.6999969482422,833020,137.1255645751953
2015-10-29,169.14999389648438,169.8000030517578,167.6999969482422,169.0500030517578,536243,138.22947692871094
2015-10-30,169.0,169.64999389648438,166.64999389648438,169.60000610351562,643622,138.6792449951172
2015-11-02,167.75,169.9499969482422,167.60000610351562,167.89999389648438,590901,137.2891082763672
2015-11-03,168.1999969482422,169.75,167.5,169.75,567012,138.8018341064453
2015-11-04,170.0,173.35000610351562,169.1999969482422,172.75,782536,141.25485229492188
2015-11-05,172.85000610351562,174.3000030517578,171.3000030517578,173.5,944423,141.86814880371094
2015-11-06,169.0,169.6999969482422,164.5500030517578,168.75,1521393,137.98414611816406
2015-11-09,169.14999389648438,169.25,166.8000030517578,167.3000030517578,613385,136.79849243164062
2015-11-10,168.75,168.85000610351562,165.89999389648438,168.39999389648438,704277,137.69793701171875
2015-11-11,169.0500030517578,173.3000030517578,168.75,171.89999389648438,654983,140.5598602294922
2015-11-12,172.0,172.3000030517578,166.4499969482422,166.9499969482422,966262,136.51229858398438
2015-11-13,166.35000610351562,166.35000610351562,160.89999389648438,162.39999389648438,1034096,132.79185485839844
2015-11-16,157.5,161.64999389648438,156.6999969482422,160.14999389648438,1143393,130.9520721435547
2015-11-17,162.0,165.9499969482422,161.35000610351562,165.39999389648438,876622,135.24490356445312
2015-11-18,164.25,164.60000610351562,162.75,163.60000610351562,561991,133.77308654785156
2015-11-19,165.0,165.64999389648438,161.6999969482422,162.39999389648438,601636,132.79185485839844
2015-11-20,163.5500030517578,163.5500030517578,161.3000030517578,162.25,791366,132.66920471191406
2015-11-23,162.5,162.5500030517578,160.1999969482422,161.89999389648438,529089,132.38299560546875
2015-11-24,160.10000610351562,160.5500030517578,152.5,154.9499969482422,1818521,126.70008087158203
2015-11-25,155.35000610351562,159.10000610351562,155.35000610351562,158.0,991402,129.19406127929688
2015-11-26,158.0500030517578,160.1999969482422,157.9499969482422,159.10000610351562,539785,130.09353637695312
2015-11-27,158.60000610351562,158.75,155.8000030517578,155.9499969482422,679415,127.51780700683594
2015-11-30,156.6999969482422,158.75,155.5,158.75,972761,129.8073272705078
2015-12-01,157.85000610351562,159.39999389648438,156.60000610351562,157.39999389648438,691285,129.80731201171875
2015-12-02,157.89999389648438,159.85000610351562,157.35000610351562,158.4499969482422,638809,130.67323303222656
2015-12-03,158.5,161.0,151.0,151.1999969482422,1956712,124.69416809082031
2015-12-04,152.0,153.3000030517578,150.25,152.25,1320690,125.56012725830078
2015-12-07,153.89999389648438,155.64999389648438,152.85000610351562,154.4499969482422,716753,127.37445068359375
2015-12-08,154.89999389648438,154.89999389648438,149.39999389648438,150.5,1011983,124.11691284179688
2015-12-09,151.10000610351562,151.64999389648438,147.64999389648438,148.85000610351562,943129,122.75614166259766
2015-12-10,147.6999969482422,148.8000030517578,146.10000610351562,148.0,967547,122.05516815185547
2015-12-11,147.5,147.5,143.6999969482422,144.9499969482422,1238760,119.5398178100586
2015-12-14,145.60000610351562,146.89999389648438,142.10000610351562,142.1999969482422,1046798,117.27192687988281
2015-12-15,143.8000030517578,149.0500030517578,143.39999389648438,147.9499969482422,1556323,122.013916015625
2015-12-16,148.89999389648438,150.14999389648438,146.89999389648438,148.64999389648438,856163,122.59122467041016
2015-12-17,153.39999389648438,153.5,148.89999389648438,148.89999389648438,1205449,122.7973861694336
2015-12-18,147.64999389648438,147.64999389648438,144.14999389648438,145.0,1925953,119.58109283447266
2015-12-21,144.14999389648438,146.8000030517578,142.6999969482422,142.6999969482422,847538,117.68424987792969
2015-12-22,143.64999389648438,144.60000610351562,141.8000030517578,143.8000030517578,683988,118.5914306640625
2015-12-23,145.0,146.75,144.35000610351562,146.4499969482422,730802,120.77689361572266
2015-12-24,145.9499969482422,146.4499969482422,144.64999389648438,146.0500030517578,105195,120.44696807861328
2015-12-28,146.14999389648438,146.64999389648438,144.10000610351562,144.10000610351562,285861,118.83885192871094
2015-12-29,145.8000030517578,147.75,145.4499969482422,147.75,517351,121.8489990234375
2015-12-30,147.6999969482422,148.8000030517578,146.35000610351562,147.14999389648438,424524,121.35417175292969
2016-01-04,142.75,142.85000610351562,137.75,139.1999969482422,1505085,114.79784393310547
2016-01-05,141.5500030517578,141.60000610351562,137.5500030517578,139.4499969482422,866709,115.0040054321289
2016-01-06,138.75,138.75,135.14999389648438,136.6999969482422,1246279,112.73605346679688
2016-01-07,131.5500030517578,137.14999389648438,130.75,136.60000610351562,1658654,112.65361785888672
2016-01-08,137.3000030517578,139.14999389648438,134.85000610351562,135.35000610351562,1080132,111.62275695800781
2016-01-11,135.85000610351562,137.75,135.1999969482422,135.1999969482422,937845,111.49903869628906
2016-01-12,136.0,141.60000610351562,135.35000610351562,139.4499969482422,1027758,115.0040054321289
2016-01-13,141.14999389648438,141.14999389648438,137.0500030517578,137.75,901211,113.6020278930664
2016-01-14,138.3000030517578,139.5500030517578,135.4499969482422,137.0,1816270,112.9834976196289
2016-01-15,136.6999969482422,137.39999389648438,134.25,137.39999389648438,1781539,113.31336975097656
2016-01-18,138.39999389648438,140.0,136.60000610351562,136.75,905155,112.7773208618164
2016-01-19,140.0,142.0500030517578,139.10000610351562,140.0,1197197,115.45757293701172
2016-01-20,136.0500030517578,136.39999389648438,132.64999389648438,134.64999389648438,1608411,111.04544830322266
2016-01-21,134.25,139.75,134.0500030517578,139.1999969482422,1691618,114.79784393310547
2016-01-22,142.5500030517578,145.25,141.5500030517578,143.14999389648438,1236442,118.05538940429688
2016-01-25,144.39999389648438,145.39999389648438,142.14999389648438,143.89999389648438,846746,118.67388153076172
2016-01-26,141.4499969482422,145.4499969482422,140.1999969482422,144.89999389648438,788706,119.49861145019531
2016-01-27,144.1999969482422,146.10000610351562,143.1999969482422,146.10000610351562,664356,120.4882583618164
2016-01-28,145.5,147.0,142.0500030517578,143.6999969482422,886220,118.5089340209961
2016-01-29,146.5,148.1999969482422,143.5500030517578,148.1999969482422,1165816,122.22010803222656
2016-02-01,148.5,148.85000610351562,145.60000610351562,147.75,1011265,121.8489990234375
2016-02-02,148.4499969482422,148.4499969482422,143.39999389648438,145.1999969482422,1078891,119.74600982666016
2016-02-03,154.0,155.89999389648438,150.10000610351562,151.75,2671311,125.14777374267578
2016-02-04,153.85000610351562,155.0,151.75,152.8000030517578,1695874,126.01371765136719
2016-02-05,152.3000030517578,154.8000030517578,151.60000610351562,152.6999969482422,1323434,125.9312515258789
2016-02-08,153.25,153.64999389648438,149.6999969482422,151.6999969482422,1666050,125.10652923583984
2016-02-09,150.89999389648438,152.6999969482422,146.0,147.75,1528308,121.8489990234375
2016-02-10,148.0,150.8000030517578,145.64999389648438,148.1999969482422,1443201,122.22010803222656
2016-02-11,146.5,146.5,142.39999389648438,142.5500030517578,1659602,117.56056213378906
2016-02-12,143.6999969482422,146.0500030517578,142.4499969482422,146.0,1152364,120.40576171875
2016-02-15,151.5,153.14999389648438,150.0,151.4499969482422,1126151,124.90035247802734
2016-02-16,152.4499969482422,152.6999969482422,148.4499969482422,149.35000610351562,992731,123.16852569580078
2016-02-17,149.4499969482422,155.5,149.4499969482422,155.5,1045609,128.24038696289062
2016-02-18,155.9499969482422,156.0,152.85000610351562,153.60000610351562,782065,126.67345428466797
2016-02-19,153.0,155.4499969482422,152.75,154.5,907126,127.41572570800781
2016-02-22,156.0,157.5500030517578,155.4499969482422,155.64999389648438,692821,128.36407470703125
2016-02-23,154.3000030517578,155.35000610351562,151.6999969482422,152.0,772544,125.35393524169922
2016-02-24,151.64999389648438,152.0500030517578,146.8000030517578,148.5,1127019,122.46748352050781
2016-02-25,149.89999389648438,151.4499969482422,148.3000030517578,150.35000610351562,779169,123.99321746826172
2016-02-26,152.25,154.75,152.0,153.1999969482422,637930,126.34358978271484
2016-02-29,151.8000030517578,153.89999389648438,150.0500030517578,153.8000030517578,703037,126.83843994140625
2016-03-01,153.8000030517578,155.14999389648438,152.5500030517578,154.6999969482422,636859,127.58061981201172
2016-03-02,156.0,156.89999389648438,154.25,155.0,829047,127.82804107666016
2016-03-03,155.1999969482422,155.4499969482422,152.35000610351562,153.6999969482422,561880,126.75592803955078
2016-03-04,154.1999969482422,154.60000610351562,152.60000610351562,153.35000610351562,896869,126.46728515625
2016-03-07,153.14999389648438,154.85000610351562,152.60000610351562,154.64999389648438,596157,127.53938293457031
2016-03-08,154.39999389648438,155.25,151.8000030517578,154.8000030517578,633261,127.66310119628906
2016-03-09,155.3000030517578,157.3000030517578,154.4499969482422,155.5500030517578,576916,128.2816619873047
2016-03-10,155.64999389648438,163.4499969482422,154.35000610351562,154.35000610351562,1719100,127.29197692871094
2016-03-11,157.5,158.25,156.1999969482422,157.4499969482422,790389,129.8485870361328
2016-03-14,158.3000030517578,160.85000610351562,157.89999389648438,159.5,896496,131.53916931152344
2016-03-15,158.4499969482422,158.8000030517578,155.0,155.85000610351562,858775,128.5290069580078
2016-03-16,156.35000610351562,156.89999389648438,154.9499969482422,155.0500030517578,612499,127.86930084228516
2016-03-17,156.4499969482422,156.60000610351562,151.0500030517578,151.64999389648438,1060098,125.0653076171875
2016-03-18,151.89999389648438,153.64999389648438,151.35000610351562,152.35000610351562,1694117,125.64260864257812
2016-03-21,151.35000610351562,153.0,150.14999389648438,150.5500030517578,548018,124.15814208984375
2016-03-22,149.6999969482422,149.6999969482422,146.1999969482422,148.75,1000866,122.6736831665039
2016-03-23,149.14999389648438,151.8000030517578,149.10000610351562,150.14999389648438,849680,123.8282699584961
2016-03-24,150.6999969482422,151.60000610351562,147.14999389648438,147.1999969482422,782330,121.39539337158203
2016-03-29,147.64999389648438,150.9499969482422,147.64999389648438,150.8000030517578,814445,124.36431884765625
2016-03-30,152.25,155.0,151.60000610351562,154.5,733142,127.41572570800781
2016-03-31,153.5500030517578,153.5500030517578,150.5,150.5,790494,124.11691284179688
2016-04-01,148.10000610351562,149.25,147.0500030517578,148.8000030517578,1130274,122.71493530273438
2016-04-04,148.0,151.6999969482422,148.0,149.1999969482422,626703,123.0447998046875
2016-04-05,147.8000030517578,148.0,144.89999389648438,145.35000610351562,915926,119.86971282958984
2016-04-06,147.0,147.39999389648438,144.60000610351562,146.10000610351562,859493,120.4882583618164
2016-04-07,145.9499969482422,147.4499969482422,144.85000610351562,145.14999389648438,946549,119.70476531982422
2016-04-08,146.25,147.64999389648438,145.60000610351562,145.64999389648438,885609,120.11712646484375
2016-04-11,145.25,147.1999969482422,144.1999969482422,146.0500030517578,795270,120.44696807861328
2016-04-12,142.60000610351562,149.0,140.4499969482422,148.3000030517578,2180189,122.3025894165039
2016-04-13,150.9499969482422,155.0,150.4499969482422,154.5500030517578,1480071,127.45691680908203
2016-04-14,152.25,154.14999389648438,151.64999389648438,153.5,963996,126.59101104736328
2016-04-15,152.60000610351562,153.4499969482422,151.64999389648438,152.39999389648438,773492,125.68379211425781
2016-04-18,150.39999389648438,152.89999389648438,150.39999389648438,152.25,695781,125.56012725830078
2016-04-19,150.60000610351562,155.1999969482422,150.3000030517578,153.4499969482422,795301,128.4051971435547
2016-04-20,152.64999389648438,154.64999389648438,152.39999389648438,154.5,687609,129.28384399414062
2016-04-21,154.4499969482422,154.4499969482422,151.5500030517578,152.10000610351562,959151,127.27554321289062
2016-04-22,151.5500030517578,152.14999389648438,149.3000030517578,149.75,636233,125.30908966064453
2016-04-25,149.75,150.25,148.10000610351562,148.8000030517578,571303,124.51415252685547
2016-04-26,149.85000610351562,150.6999969482422,146.6999969482422,147.5500030517578,688742,123.4681396484375
2016-04-27,147.3000030517578,148.39999389648438,146.0,147.1999969482422,581166,123.17526245117188
2016-04-28,146.1999969482422,149.39999389648438,145.10000610351562,149.39999389648438,849519,125.01620483398438
2016-04-29,147.89999389648438,148.3000030517578,145.10000610351562,145.10000610351562,925047,121.41801452636719
2016-05-02,146.3000030517578,148.35000610351562,146.10000610351562,147.25,497789,123.2170639038086
2016-05-03,146.60000610351562,146.6999969482422,143.35000610351562,144.6999969482422,802675,121.08330535888672
2016-05-04,144.3000030517578,146.25,143.60000610351562,143.64999389648438,752440,120.20466613769531
2016-05-05,144.10000610351562,144.5,143.0,144.39999389648438,533502,120.83223724365234
2016-05-06,143.60000610351562,144.4499969482422,143.0500030517578,143.6999969482422,750291,120.24651336669922
2016-05-09,144.5,146.35000610351562,143.75,145.5500030517578,518198,121.79456329345703
2016-05-10,149.5,150.60000610351562,148.35000610351562,148.85000610351562,922135,124.55597686767578
2016-05-11,148.75,149.25,146.14999389648438,146.4499969482422,580035,122.54766845703125
2016-05-12,145.35000610351562,146.75,144.14999389648438,144.75,912825,121.1251449584961
2016-05-13,143.85000610351562,146.14999389648438,143.25,145.35000610351562,667856,121.62721252441406
2016-05-16,144.0,145.10000610351562,143.14999389648438,145.0500030517578,343181,121.37618255615234
2016-05-17,146.14999389648438,146.8000030517578,142.75,143.9499969482422,763857,120.45570373535156
2016-05-18,143.1999969482422,145.0500030517578,142.75,144.8000030517578,684478,121.16696166992188
2016-05-19,144.35000610351562,144.39999389648438,142.14999389648438,142.1999969482422,654804,118.99132537841797
2016-05-20,141.75,144.8000030517578,141.25,144.1999969482422,1121386,120.6649169921875
2016-05-23,144.5,144.5,142.1999969482422,142.39999389648438,649003,119.15868377685547
2016-05-24,141.8000030517578,145.64999389648438,141.0500030517578,144.6999969482422,791710,121.08330535888672
2016-05-25,145.89999389648438,145.9499969482422,143.39999389648438,143.5,907671,120.07916259765625
2016-05-26,143.10000610351562,144.3000030517578,142.1999969482422,143.8000030517578,640039,120.33020782470703
2016-05-27,143.85000610351562,145.5500030517578,143.60000610351562,145.0500030517578,687797,121.37618255615234
2016-05-30,145.0,145.6999969482422,144.35000610351562,145.39999389648438,228425,121.66902160644531
2016-05-31,145.39999389648438,145.85000610351562,143.60000610351562,144.0500030517578,634363,120.53939056396484
2016-06-01,143.85000610351562,144.64999389648438,143.3000030517578,144.39999389648438,585047,120.83223724365234
2016-06-02,143.89999389648438,145.9499969482422,143.89999389648438,145.35000610351562,609288,121.62721252441406
2016-06-03,145.6999969482422,147.3000030517578,144.5,145.25,765539,121.5435562133789
2016-06-06,144.85000610351562,146.4499969482422,144.85000610351562,145.25,302435,121.5435562133789
2016-06-07,145.89999389648438,149.8000030517578,145.60000610351562,149.39999389648438,848770,125.01620483398438
2016-06-08,148.9499969482422,149.0500030517578,147.14999389648438,147.5500030517578,550067,123.4681396484375
2016-06-09,147.25,147.5,145.14999389648438,145.75,465588,121.96192169189453
2016-06-10,145.1999969482422,145.5,142.14999389648438,142.6999969482422,824977,119.40972137451172
2016-06-13,141.10000610351562,141.9499969482422,140.39999389648438,140.5,836387,117.56878662109375
2016-06-14,139.60000610351562,140.0500030517578,137.0500030517578,137.10000610351562,1372963,114.72370147705078
2016-06-15,138.60000610351562,140.4499969482422,138.25,139.1999969482422,952716,116.48095703125
2016-06-16,137.8000030517578,138.5500030517578,136.75,137.60000610351562,896426,115.14210510253906
2016-06-17,138.75,140.4499969482422,137.10000610351562,137.5,1217449,115.05843353271484
2016-06-20,141.14999389648438,143.89999389648438,140.39999389648438,143.89999389648438,1189817,120.41385650634766
2016-06-21,144.14999389648438,144.25,142.39999389648438,143.1999969482422,691386,119.82810974121094
2016-06-22,144.5,144.5,142.4499969482422,142.75,815532,119.45154571533203
2016-06-23,144.0500030517578,146.9499969482422,143.4499969482422,144.60000610351562,853165,120.99964141845703
2016-06-24,133.35000610351562,139.25,133.0,135.14999389648438,3099188,113.0919418334961
2016-06-27,133.9499969482422,135.6999969482422,130.5500030517578,131.39999389648438,1941258,109.95401000976562
2016-06-28,134.64999389648438,137.3000030517578,134.14999389648438,134.64999389648438,1495369,112.673583984375
2016-06-29,135.5500030517578,137.35000610351562,134.9499969482422,135.75,1089948,113.59404754638672
2016-06-30,135.10000610351562,136.9499969482422,133.8000030517578,136.0,1271635,113.80322265625
2016-07-01,136.39999389648438,137.3000030517578,134.9499969482422,136.14999389648438,1069852,113.92877960205078
2016-07-04,136.8000030517578,137.64999389648438,135.89999389648438,136.89999389648438,550849,114.55632781982422
2016-07-05,136.1999969482422,136.89999389648438,134.0500030517578,134.5500030517578,891376,112.58989715576172
2016-07-06,133.0,133.89999389648438,130.6999969482422,132.5,1075941,110.87449645996094
2016-07-07,133.35000610351562,134.60000610351562,132.89999389648438,133.3000030517578,880005,111.54393005371094
2016-07-08,133.0,135.25,132.35000610351562,134.39999389648438,883310,112.46437072753906
2016-07-11,134.5,137.60000610351562,134.0500030517578,137.5,947929,115.05843353271484
2016-07-12,137.5,140.8000030517578,137.0,139.6999969482422,1072101,116.89936828613281
2016-07-13,139.0,140.14999389648438,138.14999389648438,139.25,877855,116.5228042602539
2016-07-14,140.5,141.3000030517578,139.14999389648438,141.0,891574,117.98719024658203
2016-07-15,138.0,140.0,136.5500030517578,140.0,1168114,117.15039825439453
2016-07-18,139.9499969482422,141.5,139.5500030517578,140.35000610351562,592206,117.44328308105469
2016-07-19,139.5500030517578,140.25,138.5,139.35000610351562,705624,116.60647583007812
2016-07-20,140.3000030517578,142.25,139.89999389648438,142.14999389648438,700303,118.949462890625
2016-07-21,142.3000030517578,143.3000030517578,141.25,142.5,752002,119.24237060546875
2016-07-22,142.14999389648438,142.4499969482422,140.85000610351562,142.3000030517578,462312,119.07501220703125
2016-07-25,142.8000030517578,144.6999969482422,142.5500030517578,144.4499969482422,937689,120.87409973144531
2016-07-26,143.60000610351562,144.1999969482422,142.1999969482422,143.6999969482422,649190,120.24651336669922
2016-07-27,149.39999389648438,155.4499969482422,149.0,154.4499969482422,2354280,129.24197387695312
2016-07-28,154.0,154.64999389648438,153.14999389648438,153.35000610351562,912071,128.32151794433594
2016-07-29,154.10000610351562,154.5,152.89999389648438,153.39999389648438,873159,128.3633575439453
2016-08-01,153.9499969482422,154.89999389648438,152.25,152.89999389648438,591608,127.94495391845703
2016-08-02,152.3000030517578,152.6999969482422,149.4499969482422,149.5,815489,125.09988403320312
2016-08-03,150.1999969482422,150.4499969482422,148.1999969482422,149.85000610351562,587159,125.39276885986328
2016-08-04,150.6999969482422,151.0,149.0,149.85000610351562,504262,125.39276885986328
2016-08-05,150.4499969482422,153.60000610351562,150.4499969482422,153.39999389648438,768527,128.3633575439453
2016-08-08,153.89999389648438,154.0,151.64999389648438,152.0,542661,127.19184112548828
2016-08-09,151.4499969482422,153.8000030517578,151.1999969482422,153.60000610351562,504015,128.53070068359375
2016-08-10,153.14999389648438,153.6999969482422,152.5,153.0500030517578,561780,128.0704803466797
2016-08-11,153.9499969482422,156.1999969482422,152.64999389648438,156.1999969482422,674231,130.70639038085938
2016-08-12,156.35000610351562,158.6999969482422,155.6999969482422,158.60000610351562,770068,132.7146453857422
2016-08-15,158.1999969482422,159.3000030517578,157.5500030517578,158.6999969482422,611417,132.79830932617188
2016-08-16,158.0,158.6999969482422,157.14999389648438,157.14999389648438,585312,131.50131225585938
2016-08-17,157.4499969482422,157.9499969482422,155.89999389648438,156.0500030517578,454816,130.58084106445312
2016-08-18,157.0,157.64999389648438,156.6999969482422,157.39999389648438,373456,131.71051025390625
2016-08-19,157.5,157.5,155.64999389648438,157.0500030517578,523188,131.41763305664062
2016-08-22,156.89999389648438,157.8000030517578,155.75,156.14999389648438,393291,130.66452026367188
2016-08-23,156.60000610351562,157.8000030517578,156.60000610351562,156.89999389648438,387232,131.2921142578125
2016-08-24,156.1999969482422,157.60000610351562,155.39999389648438,157.3000030517578,399296,131.62681579589844
2016-08-25,156.5,156.5,155.3000030517578,155.60000610351562,491742,130.2042999267578
2016-08-26,155.1999969482422,157.10000610351562,154.4499969482422,155.89999389648438,460956,130.45529174804688
2016-08-29,155.60000610351562,156.39999389648438,153.5500030517578,155.5,344453,130.12062072753906
2016-08-30,155.5,156.4499969482422,154.75,154.75,511520,129.49302673339844
2016-08-31,154.3000030517578,155.14999389648438,151.6999969482422,151.6999969482422,940894,126.94083404541016
2016-09-01,151.9499969482422,153.89999389648438,151.64999389648438,152.60000610351562,634321,127.6939468383789
2016-09-02,153.10000610351562,156.4499969482422,152.5,156.1999969482422,643309,130.70639038085938
2016-09-05,157.0,157.0,155.1999969482422,155.4499969482422,370374,130.0787811279297
2016-09-06,155.8000030517578,157.1999969482422,155.14999389648438,156.14999389648438,565287,130.66452026367188
2016-09-07,155.9499969482422,156.60000610351562,154.39999389648438,156.4499969482422,586356,130.91555786132812
2016-09-08,156.3000030517578,156.8000030517578,152.6999969482422,154.10000610351562,668804,128.9490966796875
2016-09-09,153.60000610351562,154.6999969482422,151.10000610351562,152.1999969482422,659465,127.35923767089844
2016-09-12,149.89999389648438,152.0,148.85000610351562,152.0,683344,127.19184112548828
2016-09-13,152.5,153.3000030517578,150.8000030517578,150.8000030517578,564674,126.18769836425781
2016-09-14,149.60000610351562,149.89999389648438,147.10000610351562,147.39999389648438,1175687,123.34262084960938
2016-09-15,147.14999389648438,148.75,146.39999389648438,147.64999389648438,691216,123.55181121826172
2016-09-16,147.14999389648438,148.4499969482422,145.75,146.64999389648438,1556396,122.71505737304688
2016-09-19,147.89999389648438,149.75,147.60000610351562,149.0500030517578,649834,124.72335052490234
2016-09-20,148.6999969482422,151.0,148.3000030517578,150.0500030517578,491431,125.5600814819336
2016-09-21,151.35000610351562,151.89999389648438,149.8000030517578,150.1999969482422,369258,125.68563079833984
2016-09-22,151.5,155.4499969482422,151.1999969482422,154.1999969482422,845731,129.0327911376953
2016-09-23,153.5500030517578,153.9499969482422,152.60000610351562,153.75,534423,128.65625
2016-09-26,153.10000610351562,153.14999389648438,151.0500030517578,151.75,524416,126.982666015625
2016-09-27,153.0,153.1999969482422,150.5,151.85000610351562,577866,127.0663833618164
2016-09-28,152.8000030517578,154.0,152.0,152.39999389648438,435720,127.52655029296875
2016-09-29,153.64999389648438,154.1999969482422,150.60000610351562,150.6999969482422,479949,126.10399627685547
2016-09-30,149.14999389648438,152.3000030517578,147.9499969482422,151.8000030517578,743922,127.02450561523438
2016-10-03,151.4499969482422,152.0,151.0,152.0,324385,127.19184112548828
2016-10-04,151.8000030517578,156.89999389648438,151.64999389648438,156.60000610351562,1109267,131.04112243652344
2016-10-05,154.85000610351562,156.8000030517578,153.9499969482422,156.25,614540,130.74819946289062
2016-10-06,156.60000610351562,156.85000610351562,154.64999389648438,155.0,509292,129.7022247314453
2016-10-07,155.35000610351562,156.1999969482422,154.10000610351562,155.39999389648438,634662,130.03692626953125
2016-10-10,155.89999389648438,157.1999969482422,154.75,157.0500030517578,551815,131.41763305664062
2016-10-11,162.8000030517578,166.14999389648438,162.60000610351562,164.10000610351562,1824154,137.3169708251953
2016-10-12,164.75,165.5,163.60000610351562,164.35000610351562,818483,137.5261993408203
2016-10-13,163.1999969482422,163.5500030517578,161.6999969482422,163.0,692089,136.3965606689453
2016-10-14,164.10000610351562,167.6999969482422,163.89999389648438,166.8000030517578,1069083,139.57632446289062
2016-10-17,166.25,167.1999969482422,165.1999969482422,165.39999389648438,920002,138.4048309326172
2016-10-18,166.6999969482422,167.0,165.39999389648438,166.3000030517578,630221,139.15794372558594
2016-10-19,166.3000030517578,168.25,166.0,167.35000610351562,678436,140.03656005859375
2016-10-20,167.10000610351562,168.75,166.25,168.10000610351562,554423,140.66415405273438
2016-10-21,168.35000610351562,168.9499969482422,166.8000030517578,167.14999389648438,568575,139.8691864013672
2016-10-24,167.5,169.10000610351562,167.5,168.0,618951,140.58047485351562
2016-10-25,167.89999389648438,169.35000610351562,166.4499969482422,166.89999389648438,515975,139.66000366210938
2016-10-26,167.35000610351562,168.9499969482422,167.1999969482422,168.0500030517578,638553,140.62229919433594
2016-10-27,167.5500030517578,168.60000610351562,166.60000610351562,168.0,530285,140.58047485351562
2016-10-28,166.75,168.39999389648438,165.0500030517578,167.9499969482422,520893,140.5386505126953
2016-10-31,167.39999389648438,168.4499969482422,165.0500030517578,165.5500030517578,699157,138.5303497314453
2016-11-01,166.64999389648438,167.39999389648438,164.9499969482422,165.14999389648438,477226,138.1956024169922
2016-11-02,164.35000610351562,164.4499969482422,162.75,162.75,563259,136.18734741210938
2016-11-03,162.6999969482422,164.0500030517578,161.85000610351562,162.89999389648438,561215,136.31285095214844
2016-11-04,163.4499969482422,163.4499969482422,160.6999969482422,161.6999969482422,694323,135.30870056152344
2016-11-07,163.5,164.5,162.75,164.25,497585,137.44252014160156
2016-11-08,164.14999389648438,166.14999389648438,164.14999389648438,166.14999389648438,506889,139.03244018554688
2016-11-09,160.89999389648438,165.75,159.89999389648438,165.60000610351562,1190745,138.57220458984375
2016-11-10,166.35000610351562,166.9499969482422,161.60000610351562,162.5500030517578,987859,136.02000427246094
2016-11-11,162.89999389648438,163.64999389648438,160.9499969482422,162.0,637922,135.55972290039062
2016-11-14,163.39999389648438,165.0,161.5,162.6999969482422,718497,136.1455078125
2016-11-15,163.5500030517578,166.14999389648438,163.5500030517578,165.8000030517578,670386,138.73951721191406
2016-11-16,166.10000610351562,166.10000610351562,162.0500030517578,162.5,644088,135.97813415527344
2016-11-17,162.60000610351562,165.64999389648438,162.4499969482422,165.5500030517578,737636,138.5303497314453
2016-11-18,166.14999389648438,166.60000610351562,164.60000610351562,165.25,557973,138.27931213378906
2016-11-21,166.14999389648438,168.8000030517578,164.39999389648438,168.3000030517578,786490,140.83155822753906
2016-11-22,169.0,169.1999969482422,167.25,168.10000610351562,667921,140.66415405273438
2016-11-23,168.35000610351562,169.14999389648438,165.9499969482422,167.25,615457,139.952880859375
2016-11-24,167.85000610351562,169.0500030517578,167.14999389648438,168.25,469227,140.78970336914062
2016-11-25,168.5,169.10000610351562,167.5500030517578,169.0,391084,141.4172821044922
2016-11-28,168.3000030517578,168.89999389648438,167.0500030517578,167.5,801603,140.162109375
2016-11-29,166.3000030517578,170.8000030517578,165.9499969482422,170.75,984817,144.08596801757812
2016-11-30,170.85000610351562,172.5,170.64999389648438,171.6999969482422,883196,144.8875732421875
2016-12-01,170.9499969482422,172.3000030517578,169.5500030517578,170.5500030517578,893748,143.91717529296875
2016-12-02,169.35000610351562,170.10000610351562,168.0,169.14999389648438,697129,142.73577880859375
2016-12-05,169.9499969482422,174.39999389648438,169.5,171.10000610351562,977559,144.3812713623047
2016-12-06,171.5,173.75,170.60000610351562,173.10000610351562,826509,146.06895446777344
2016-12-07,174.64999389648438,175.6999969482422,173.5,175.6999969482422,755390,148.26296997070312
2016-12-08,176.35000610351562,177.6999969482422,175.1999969482422,176.5500030517578,969682,148.98023986816406
2016-12-09,176.35000610351562,177.1999969482422,176.0,176.10000610351562,642022,148.6005096435547
2016-12-12,176.10000610351562,176.5,174.39999389648438,176.14999389648438,601333,148.64266967773438
2016-12-13,178.0,179.0,177.4499969482422,177.89999389648438,756504,150.11940002441406
2016-12-14,177.0500030517578,178.35000610351562,176.25,176.5,605746,148.9380340576172
2016-12-15,176.60000610351562,178.6999969482422,175.75,177.75,790036,149.9928436279297
2016-12-16,177.5,180.1999969482422,176.64999389648438,179.1999969482422,1825151,151.21636962890625
2016-12-19,179.14999389648438,179.5500030517578,177.6999969482422,179.1999969482422,634867,151.21636962890625
2016-12-20,179.1999969482422,180.1999969482422,178.1999969482422,179.0,554463,151.04763793945312
2016-12-21,178.8000030517578,180.3000030517578,178.10000610351562,179.60000610351562,579884,151.5539093017578
2016-12-22,179.10000610351562,180.1999969482422,178.8000030517578,179.75,459839,151.68051147460938
2016-12-23,179.6999969482422,180.0,178.8000030517578,179.3000030517578,310079,151.30079650878906
2016-12-27,179.6999969482422,180.14999389648438,178.89999389648438,179.9499969482422,241936,151.84927368164062
2016-12-28,180.0,180.9499969482422,179.25,180.85000610351562,318186,152.6087646484375
2016-12-29,180.0,180.85000610351562,179.0500030517578,179.39999389648438,396818,151.38514709472656
2016-12-30,179.5,181.39999389648438,178.75,181.39999389648438,529540,153.07284545898438
2017-01-02,181.35000610351562,182.0,180.64999389648438,181.8000030517578,287802,153.410400390625
2017-01-03,182.10000610351562,182.6999969482422,179.4499969482422,179.6999969482422,599351,151.6383056640625
2017-01-04,180.4499969482422,180.5,177.1999969482422,178.10000610351562,635790,150.2881622314453
2017-01-05,177.35000610351562,177.35000610351562,175.8000030517578,176.9499969482422,768148,149.31773376464844
2017-01-06,177.10000610351562,179.5500030517578,176.5,179.25,551130,151.25856018066406
2017-01-09,180.0,181.1999969482422,178.8000030517578,180.9499969482422,488220,152.69309997558594
2017-01-10,181.39999389648438,182.1999969482422,179.5500030517578,181.10000610351562,608715,152.81973266601562
2017-01-11,180.6999969482422,183.64999389648438,180.1999969482422,183.25,675381,154.6339569091797
2017-01-12,184.0,187.25,184.0,186.5500030517578,875845,157.41864013671875
2017-01-13,188.0,188.9499969482422,186.85000610351562,188.9499969482422,671907,159.44384765625
2017-01-16,187.10000610351562,188.5500030517578,187.10000610351562,187.5500030517578,391099,158.2624969482422
2017-01-17,187.5,187.5,185.9499969482422,186.85000610351562,530172,157.6718292236328
2017-01-18,186.8000030517578,188.39999389648438,186.5,188.10000610351562,519075,158.72659301757812
2017-01-19,189.0500030517578,191.0,188.35000610351562,190.0,688581,160.32989501953125
2017-01-20,189.60000610351562,191.35000610351562,188.6999969482422,190.9499969482422,1040752,161.1315460205078
2017-01-23,190.10000610351562,191.64999389648438,189.10000610351562,190.35000610351562,631368,160.625244140625
2017-01-24,190.4499969482422,190.6999969482422,187.9499969482422,189.0500030517578,855529,159.52822875976562
2017-01-25,190.0,192.1999969482422,190.0,191.39999389648438,781529,161.5112762451172
2017-01-26,193.3000030517578,193.35000610351562,189.0,190.4499969482422,716930,160.7096405029297
2017-01-27,193.0,193.0,185.5500030517578,186.85000610351562,1446775,157.6718292236328
2017-01-30,186.0,187.5,184.0,184.35000610351562,971553,155.56219482421875
2017-01-31,185.0,188.6999969482422,183.60000610351562,186.60000610351562,1093240,157.4608612060547
2017-02-01,188.8000030517578,189.9499969482422,187.39999389648438,188.0,686228,158.64219665527344
2017-02-02,187.5,188.39999389648438,186.64999389648438,187.5,647543,158.2202911376953
2017-02-03,188.0500030517578,189.5,187.64999389648438,188.9499969482422,515680,159.44384765625
2017-02-06,188.4499969482422,188.5500030517578,185.10000610351562,185.14999389648438,575473,156.2372283935547
2017-02-07,185.3000030517578,187.10000610351562,184.10000610351562,184.4499969482422,450870,155.64654541015625
2017-02-08,184.75,185.0,181.9499969482422,182.35000610351562,693463,153.87448120117188
2017-02-09,183.35000610351562,185.60000610351562,182.5,185.5,572748,156.53262329101562
2017-02-10,186.0,186.5,184.1999969482422,185.10000610351562,519881,156.195068359375
2017-02-13,185.4499969482422,190.5,185.4499969482422,189.8000030517578,667560,160.16111755371094
2017-02-14,189.8000030517578,190.39999389648438,188.75,190.14999389648438,496114,160.45645141601562
2017-02-15,190.5500030517578,190.5500030517578,188.3000030517578,188.6999969482422,485787,159.23291015625
2017-02-16,189.85000610351562,190.8000030517578,188.4499969482422,189.6999969482422,432702,160.0767364501953
2017-02-17,188.89999389648438,189.8000030517578,186.5,186.85000610351562,723993,157.6718292236328
2017-02-20,188.14999389648438,188.5500030517578,187.0500030517578,188.10000610351562,372236,158.72659301757812
2017-02-21,187.64999389648438,190.85000610351562,187.64999389648438,190.0,554179,160.32989501953125
2017-02-22,190.85000610351562,193.6999969482422,190.5,192.5,664657,162.4394989013672
2017-02-23,191.9499969482422,193.10000610351562,191.64999389648438,192.1999969482422,378595,162.1863250732422
2017-02-24,191.5500030517578,192.39999389648438,188.5500030517578,190.6999969482422,512276,160.92059326171875
2017-02-27,191.9499969482422,192.35000610351562,189.1999969482422,189.85000610351562,347830,160.20330810546875
2017-02-28,190.5,190.89999389648438,188.35000610351562,189.4499969482422,538523,159.86578369140625
2017-03-01,191.35000610351562,195.9499969482422,191.35000610351562,195.3000030517578,715213,164.80224609375
2017-03-02,194.8000030517578,194.85000610351562,193.0,194.10000610351562,443630,163.78965759277344
2017-03-03,193.6999969482422,194.64999389648438,192.9499969482422,194.35000610351562,396855,164.00062561035156
2017-03-06,194.75,194.9499969482422,193.25,193.75,448186,163.49429321289062
2017-03-07,194.25,194.35000610351562,193.10000610351562,193.75,361154,163.49429321289062
2017-03-08,193.25,195.60000610351562,192.9499969482422,194.8000030517578,427709,164.3803253173828
2017-03-09,194.0500030517578,196.10000610351562,193.3000030517578,195.64999389648438,539640,165.0975799560547
2017-03-10,196.3000030517578,197.25,195.6999969482422,196.39999389648438,469193,165.73046875
2017-03-13,197.14999389648438,198.4499969482422,195.9499969482422,198.25,477391,167.2915802001953
2017-03-14,198.4499969482422,198.4499969482422,196.75,198.35000610351562,438132,167.37596130371094
2017-03-15,198.39999389648438,198.39999389648438,197.35000610351562,197.8000030517578,402554,166.911865234375
2017-03-16,198.5,201.14999389648438,198.5,198.75,710534,167.7135009765625
2017-03-17,198.85000610351562,201.5,198.1999969482422,201.5,1377018,170.03408813476562
2017-03-20,201.8000030517578,201.8000030517578,200.0,200.0,377839,168.76828002929688
2017-03-21,200.89999389648438,200.89999389648438,198.0500030517578,198.6999969482422,628230,167.67129516601562
2017-03-22,197.5,199.8000030517578,195.4499969482422,199.60000610351562,788325,168.43080139160156
2017-03-23,200.10000610351562,201.9499969482422,199.14999389648438,201.9499969482422,557488,170.41378784179688
2017-03-24,202.3000030517578,203.10000610351562,200.35000610351562,201.10000610351562,569897,169.6965789794922
2017-03-27,200.0500030517578,202.39999389648438,199.35000610351562,201.5500030517578,457095,170.07626342773438
2017-03-28,202.64999389648438,202.64999389648438,200.1999969482422,201.4499969482422,467102,169.9918975830078
2017-03-29,202.64999389648438,202.6999969482422,201.0,202.60000610351562,396037,170.9623260498047
2017-03-30,203.25,203.3000030517578,202.0,202.89999389648438,313050,171.21542358398438
2017-03-31,202.4499969482422,205.85000610351562,201.89999389648438,205.85000610351562,791085,173.70477294921875
2017-04-03,205.9499969482422,207.3000030517578,204.0500030517578,204.0500030517578,634209,172.18585205078125
2017-04-04,204.6999969482422,207.0,204.35000610351562,206.1999969482422,495445,174.00013732910156
2017-04-05,206.5,206.6999969482422,204.39999389648438,204.75,599855,172.7765350341797
2017-04-06,204.10000610351562,207.75,202.85000610351562,207.25,590482,174.88613891601562
2017-04-07,207.64999389648438,209.25,205.9499969482422,209.25,583511,176.57383728027344
2017-04-10,209.0,209.3000030517578,206.6999969482422,207.4499969482422,478866,175.05490112304688
2017-04-11,212.60000610351562,213.5,206.9499969482422,208.60000610351562,1009031,176.02536010742188
2017-04-12,210.75,211.14999389648438,208.4499969482422,208.85000610351562,533672,176.23631286621094
2017-04-13,209.3000030517578,210.10000610351562,207.89999389648438,208.60000610351562,612536,176.02536010742188
2017-04-18,210.75,211.0,206.3000030517578,206.60000610351562,656074,174.337646484375
2017-04-19,204.85000610351562,206.10000610351562,203.25,204.8000030517578,573350,175.02134704589844
2017-04-20,204.5,208.10000610351562,204.0,207.39999389648438,761787,177.24327087402344
2017-04-21,205.9499969482422,208.14999389648438,204.8000030517578,206.89999389648438,1064956,176.8159942626953
2017-04-24,215.25,216.4499969482422,213.5,214.6999969482422,1455423,183.48182678222656
2017-04-25,220.0,225.1999969482422,218.9499969482422,223.14999389648438,1544019,190.7031707763672
2017-04-26,225.0,227.35000610351562,223.9499969482422,224.85000610351562,1108978,192.15602111816406
2017-04-27,225.25,226.4499969482422,223.5,225.89999389648438,624392,193.05331420898438
2017-04-28,226.0500030517578,227.64999389648438,224.89999389648438,226.5,731078,193.56605529785156
2017-05-02,227.0,228.0500030517578,225.9499969482422,228.0500030517578,591332,194.8907012939453
2017-05-03,228.5,230.85000610351562,228.10000610351562,230.85000610351562,593263,197.2835693359375
2017-05-04,232.5,234.39999389648438,231.75,234.39999389648438,678632,200.31736755371094
2017-05-05,234.5,239.64999389648438,234.10000610351562,238.10000610351562,897901,203.4794158935547
2017-05-08,238.10000610351562,238.4499969482422,233.64999389648438,233.64999389648438,1111615,199.6764373779297
2017-05-09,233.64999389648438,235.0,232.64999389648438,233.64999389648438,572841,199.6764373779297
2017-05-10,233.60000610351562,233.75,230.35000610351562,232.35000610351562,769235,198.5654754638672
2017-05-11,233.0,233.75,231.39999389648438,233.3000030517578,579335,199.37728881835938
2017-05-12,232.5,232.60000610351562,230.39999389648438,231.5,627039,197.83908081054688
2017-05-15,231.3000030517578,232.14999389648438,230.10000610351562,231.1999969482422,481472,197.58267211914062
2017-05-16,231.89999389648438,233.35000610351562,229.85000610351562,232.10000610351562,566862,198.35179138183594
2017-05-17,230.5,231.39999389648438,227.35000610351562,228.0,703746,194.8479766845703
2017-05-18,227.60000610351562,229.60000610351562,226.6999969482422,229.0,664756,195.7025604248047
2017-05-19,229.64999389648438,230.85000610351562,228.8000030517578,229.10000610351562,618348,195.7880096435547
2017-05-22,229.5,229.64999389648438,227.6999969482422,228.25,397922,195.06161499023438
2017-05-23,228.89999389648438,229.35000610351562,226.64999389648438,227.3000030517578,591070,194.249755859375
2017-05-24,226.8000030517578,227.75,226.3000030517578,227.10000610351562,605031,194.078857421875
2017-05-25,227.75,230.3000030517578,226.5,229.1999969482422,481242,195.87350463867188
2017-05-26,228.64999389648438,229.1999969482422,224.85000610351562,227.39999389648438,574335,194.335205078125
2017-05-29,227.25,227.5500030517578,226.3000030517578,227.0,277691,193.9933624267578
2017-05-30,225.8000030517578,227.6999969482422,225.1999969482422,226.6999969482422,465172,193.73696899414062
2017-05-31,227.0500030517578,229.35000610351562,226.6999969482422,227.14999389648438,790002,194.12158203125
2017-06-01,227.5,229.8000030517578,227.39999389648438,229.0,472365,195.7025604248047
2017-06-02,231.3000030517578,232.85000610351562,230.5,231.4499969482422,470563,197.7963104248047
2017-06-05,231.8000030517578,231.89999389648438,230.0,230.25,231064,196.77081298828125
2017-06-06,229.35000610351562,230.5,226.25,226.25,624276,193.35240173339844
2017-06-07,226.6999969482422,231.14999389648438,225.89999389648438,228.0500030517578,626273,194.8907012939453
2017-06-08,228.25,228.85000610351562,226.3000030517578,227.0,491434,193.9933624267578
2017-06-09,227.85000610351562,229.9499969482422,226.5,227.89999389648438,521440,194.7624969482422
2017-06-12,227.3000030517578,227.4499969482422,224.10000610351562,224.10000610351562,534167,191.51504516601562
2017-06-13,224.89999389648438,228.3000030517578,224.39999389648438,227.64999389648438,572286,194.54885864257812
2017-06-14,228.4499969482422,230.9499969482422,227.4499969482422,227.89999389648438,578469,194.7624969482422
2017-06-15,228.3000030517578,228.60000610351562,224.85000610351562,226.39999389648438,769548,193.4805908203125
2017-06-16,228.0,230.6999969482422,227.3000030517578,230.6999969482422,1050333,197.1553955078125
2017-06-19,232.75,233.64999389648438,231.4499969482422,232.8000030517578,557652,198.95004272460938
2017-06-20,234.4499969482422,235.10000610351562,232.3000030517578,232.39999389648438,547293,198.60818481445312
2017-06-21,230.3000030517578,231.89999389648438,228.25,231.89999389648438,807593,198.180908203125
2017-06-22,231.5,232.1999969482422,230.5,231.85000610351562,539043,198.13818359375
2017-06-23,231.64999389648438,232.64999389648438,230.3000030517578,231.64999389648438,474916,197.96725463867188
2017-06-26,232.85000610351562,234.39999389648438,230.85000610351562,230.85000610351562,574082,197.2835693359375
2017-06-27,231.1999969482422,231.64999389648438,228.1999969482422,229.8000030517578,697189,196.38623046875
2017-06-28,228.3000030517578,229.39999389648438,226.3000030517578,226.64999389648438,727781,193.69424438476562
2017-06-29,226.64999389648438,226.64999389648438,217.89999389648438,218.25,1195245,186.51564025878906
2017-06-30,219.10000610351562,223.14999389648438,218.25,218.3000030517578,897273,186.55838012695312
2017-07-03,219.5,221.14999389648438,219.0500030517578,220.9499969482422,599421,188.82305908203125
2017-07-04,220.0,221.39999389648438,219.5,220.0500030517578,377646,188.053955078125
2017-07-05,221.0500030517578,223.8000030517578,220.14999389648438,221.8000030517578,616626,189.54945373535156
2017-07-06,222.85000610351562,222.85000610351562,217.0500030517578,219.1999969482422,920426,187.32749938964844
2017-07-07,218.3000030517578,218.85000610351562,216.25,216.39999389648438,948434,184.9346466064453
2017-07-10,216.85000610351562,217.8000030517578,215.39999389648438,216.8000030517578,586793,185.2764892578125
2017-07-11,217.1999969482422,217.9499969482422,213.9499969482422,214.5,596346,183.31089782714844
2017-07-12,216.0,217.0500030517578,214.8000030517578,216.35000610351562,859978,184.89190673828125
2017-07-13,217.3000030517578,218.5500030517578,216.14999389648438,216.39999389648438,844591,184.9346466064453
2017-07-14,217.0500030517578,219.89999389648438,216.5500030517578,219.75,766188,187.79754638671875
2017-07-17,220.0,223.10000610351562,219.5500030517578,222.35000610351562,707999,190.01950073242188
2017-07-18,222.10000610351562,223.14999389648438,218.75,219.0,702904,187.15660095214844
2017-07-19,221.0,222.39999389648438,220.4499969482422,222.25,593539,189.93405151367188
2017-07-20,223.8000030517578,224.85000610351562,220.35000610351562,222.3000030517578,638848,189.97679138183594
2017-07-21,221.75,223.9499969482422,218.8000030517578,219.25,1017035,187.37022399902344
2017-07-24,220.5500030517578,221.35000610351562,217.0500030517578,219.14999389648438,756515,187.28475952148438
2017-07-25,220.10000610351562,221.6999969482422,218.85000610351562,218.85000610351562,786258,187.02842712402344
2017-07-26,221.0,221.0,217.3000030517578,218.0,753050,186.30201721191406
2017-07-27,218.0,218.64999389648438,212.5,216.0500030517578,1451503,184.6355438232422
2017-07-28,215.4499969482422,215.4499969482422,212.25,213.14999389648438,969176,182.15721130371094
2017-07-31,212.4499969482422,214.60000610351562,211.89999389648438,212.6999969482422,776783,181.77264404296875
2017-08-01,214.5,216.5500030517578,212.9499969482422,215.89999389648438,638255,184.50733947753906
2017-08-02,216.4499969482422,217.25,215.0500030517578,215.0500030517578,554576,183.7809600830078
2017-08-03,215.39999389648438,220.75,214.35000610351562,219.0,895053,187.15660095214844
2017-08-04,218.5,222.9499969482422,217.5500030517578,221.89999389648438,592840,189.6349639892578
2017-08-07,222.39999389648438,223.75,221.64999389648438,222.5,609217,190.14768981933594
2017-08-08,221.9499969482422,223.39999389648438,220.9499969482422,222.75,492246,190.36134338378906
2017-08-09,221.14999389648438,221.14999389648438,216.5500030517578,217.14999389648438,677644,185.57559204101562
2017-08-10,217.10000610351562,217.3000030517578,214.9499969482422,215.14999389648438,499455,183.86639404296875
2017-08-11,213.8000030517578,215.25,212.89999389648438,214.4499969482422,673124,183.26815795898438
2017-08-14,216.1999969482422,217.3000030517578,214.9499969482422,216.60000610351562,346891,185.1055908203125
2017-08-15,217.5,217.89999389648438,216.1999969482422,217.0500030517578,291127,185.4901580810547
2017-08-16,217.64999389648438,220.3000030517578,217.60000610351562,219.10000610351562,447867,187.24208068847656
2017-08-17,218.75,221.5,218.64999389648438,219.60000610351562,611467,187.66940307617188
2017-08-18,218.10000610351562,218.1999969482422,216.1999969482422,217.6999969482422,566435,186.04562377929688
2017-08-21,216.85000610351562,218.5,216.39999389648438,217.0,469755,185.44741821289062
2017-08-22,217.6999969482422,219.5,217.0500030517578,218.9499969482422,419912,187.11387634277344
2017-08-23,218.39999389648438,220.25,216.6999969482422,216.9499969482422,382558,185.40467834472656
2017-08-24,217.75,218.6999969482422,217.0,218.0,396708,186.30201721191406
2017-08-25,218.5500030517578,219.3000030517578,217.0,217.0,341036,185.44741821289062
2017-08-28,216.25,217.89999389648438,215.6999969482422,215.85000610351562,296863,184.46458435058594
2017-08-29,214.5,217.0,213.14999389648438,216.1999969482422,761051,184.76370239257812
2017-08-30,217.25,219.3000030517578,217.0,218.85000610351562,579523,187.02842712402344
2017-08-31,219.0500030517578,222.1999969482422,219.0500030517578,220.25,729152,188.22486877441406
2017-09-01,221.9499969482422,223.39999389648438,221.25,221.75,468524,189.50674438476562
2017-09-04,220.10000610351562,221.4499969482422,219.60000610351562,220.9499969482422,272294,188.82305908203125
2017-09-05,220.0500030517578,220.0500030517578,217.5500030517578,217.8000030517578,598323,186.131103515625
2017-09-06,216.25,219.1999969482422,215.8000030517578,217.89999389648438,426458,186.21653747558594
2017-09-07,218.85000610351562,221.14999389648438,218.60000610351562,220.0,472802,188.01121520996094
2017-09-08,218.75,220.1999969482422,218.10000610351562,219.9499969482422,437789,187.9684600830078
2017-09-11,221.25,225.64999389648438,221.25,225.3000030517578,627495,192.54055786132812
2017-09-12,225.89999389648438,228.35000610351562,225.35000610351562,228.14999389648438,580236,194.97616577148438
2017-09-13,227.9499969482422,231.25,227.5,230.25,962814,196.77081298828125
2017-09-14,229.0,230.25,228.1999969482422,229.5500030517578,640494,196.17263793945312
2017-09-15,229.1999969482422,230.75,228.75,230.0,1417386,196.5571746826172
2017-09-18,230.5500030517578,230.8000030517578,228.5500030517578,229.25,551414,195.9161834716797
2017-09-19,229.10000610351562,229.60000610351562,228.3000030517578,229.3000030517578,430840,195.95895385742188
2017-09-20,229.64999389648438,231.0,228.85000610351562,230.0,452459,196.5571746826172
2017-09-21,230.64999389648438,231.0,229.10000610351562,229.85000610351562,388474,196.42898559570312
2017-09-22,229.5,231.6999969482422,228.5500030517578,230.39999389648438,418774,196.89898681640625
2017-09-25,229.89999389648438,231.8000030517578,229.60000610351562,230.75,335029,197.19810485839844
2017-09-26,231.0,231.64999389648438,230.14999389648438,231.35000610351562,380659,197.7108612060547
2017-09-27,231.5500030517578,231.75,230.4499969482422,230.85000610351562,405915,197.2835693359375
2017-09-28,230.5500030517578,231.85000610351562,229.75,230.8000030517578,350927,197.24082946777344
2017-09-29,231.5500030517578,233.4499969482422,231.14999389648438,233.4499969482422,583769,199.50550842285156
2017-10-02,233.5500030517578,234.25,232.75,233.25,405419,199.33460998535156
2017-10-03,233.8000030517578,235.14999389648438,233.25,234.89999389648438,337913,200.7446746826172
2017-10-04,234.25,235.14999389648438,233.64999389648438,234.85000610351562,361937,200.7019500732422
2017-10-05,235.14999389648438,235.9499969482422,233.75,234.1999969482422,408079,200.14649963378906
2017-10-06,234.0,234.10000610351562,229.85000610351562,230.39999389648438,587536,196.89898681640625
2017-10-09,231.35000610351562,232.89999389648438,229.6999969482422,232.1999969482422,461703,198.43728637695312
2017-10-10,237.89999389648438,238.85000610351562,236.25,237.39999389648438,980207,202.88116455078125
2017-10-11,239.25,239.39999389648438,236.5500030517578,239.39999389648438,595625,204.59034729003906
2017-10-12,239.60000610351562,241.1999969482422,238.4499969482422,241.0,548653,205.95770263671875
2017-10-13,241.1999969482422,242.5,239.9499969482422,241.8000030517578,413797,206.6414031982422
2017-10-16,242.35000610351562,242.60000610351562,239.8000030517578,240.4499969482422,515297,205.4876708984375
2017-10-17,240.5,240.89999389648438,239.10000610351562,239.3000030517578,377221,204.50489807128906
2017-10-18,239.4499969482422,241.10000610351562,238.89999389648438,240.89999389648438,355639,205.87225341796875
2017-10-19,241.14999389648438,241.3000030517578,237.5500030517578,239.9499969482422,471541,205.0603790283203
2017-10-20,241.3000030517578,241.64999389648438,237.10000610351562,237.64999389648438,614398,203.0948028564453
2017-10-23,238.0,241.89999389648438,238.0,241.0500030517578,461226,206.00045776367188
2017-10-24,241.0500030517578,242.5500030517578,240.1999969482422,240.8000030517578,497495,205.78680419921875
2017-10-25,242.1999969482422,245.3000030517578,241.75,243.9499969482422,629378,208.478759765625
2017-10-26,244.75,248.9499969482422,242.0500030517578,248.9499969482422,688786,212.75177001953125
2017-10-27,250.0,254.6999969482422,249.4499969482422,253.9499969482422,1078297,217.02474975585938
2017-10-30,253.4499969482422,254.9499969482422,252.1999969482422,254.9499969482422,454319,217.87933349609375
2017-10-31,254.9499969482422,256.95001220703125,254.14999389648438,256.1000061035156,529434,218.86212158203125
2017-11-01,256.6499938964844,258.1000061035156,255.25,255.25,541936,218.1357421875
2017-11-02,255.5,257.1499938964844,253.64999389648438,254.9499969482422,483554,217.87933349609375
2017-11-03,255.14999389648438,258.95001220703125,254.0,258.1499938964844,662944,220.614013671875
2017-11-06,257.95001220703125,259.54998779296875,256.8500061035156,259.54998779296875,535171,221.81048583984375
2017-11-07,259.95001220703125,260.54998779296875,255.39999389648438,256.6000061035156,628950,219.2894287109375
2017-11-08,257.0,258.20001220703125,254.14999389648438,254.64999389648438,649053,217.6229705810547
2017-11-09,254.0,254.0,249.4499969482422,249.89999389648438,1077930,213.56361389160156
2017-11-10,249.9499969482422,250.89999389648438,247.89999389648438,248.5,731687,212.3671875
2017-11-13,248.60000610351562,249.25,244.35000610351562,245.9499969482422,670446,210.18798828125
2017-11-14,245.25,248.0500030517578,245.0,245.9499969482422,508017,210.18798828125
2017-11-15,245.0500030517578,246.3000030517578,243.39999389648438,244.8000030517578,580250,209.20516967773438
2017-11-16,246.8000030517578,247.39999389648438,244.9499969482422,246.9499969482422,505935,211.0425567626953
2017-11-17,246.5,248.0500030517578,245.39999389648438,246.60000610351562,772082,210.7434539794922
2017-11-20,246.4499969482422,249.8000030517578,246.14999389648438,249.25,440475,213.00814819335938
2017-11-21,249.35000610351562,252.0,247.5500030517578,251.6999969482422,490474,215.10189819335938
2017-11-22,252.10000610351562,252.10000610351562,246.89999389648438,247.0500030517578,461193,211.1280059814453
2017-11-23,246.5500030517578,249.3000030517578,245.39999389648438,248.8000030517578,388335,212.62359619140625
2017-11-24,248.8000030517578,250.75,248.1999969482422,249.60000610351562,321913,213.30728149414062
2017-11-27,249.10000610351562,250.6999969482422,247.5,247.5,498356,211.5125732421875
2017-11-28,248.1999969482422,248.8000030517578,246.4499969482422,246.9499969482422,653228,211.0425567626953
2017-11-29,249.0,249.5500030517578,245.0,245.10000610351562,625551,209.46157836914062
2017-11-30,246.0,247.85000610351562,244.4499969482422,244.5,1020339,208.9488067626953
2017-12-01,245.0,246.3000030517578,242.10000610351562,243.3000030517578,856069,207.9232940673828
2017-12-04,245.0500030517578,247.5,243.85000610351562,246.9499969482422,608269,211.0425567626953
2017-12-05,242.0500030517578,247.0500030517578,242.0500030517578,245.89999389648438,692870,211.51564025878906
2017-12-06,243.5500030517578,249.39999389648438,243.0,248.6999969482422,616784,213.9241485595703
2017-12-07,249.60000610351562,249.64999389648438,244.8000030517578,246.89999389648438,505635,212.3758087158203
2017-12-08,248.4499969482422,249.14999389648438,246.5,247.39999389648438,532973,212.80589294433594
2017-12-11,248.85000610351562,248.85000610351562,245.89999389648438,246.1999969482422,488396,211.77371215820312
2017-12-12,247.1999969482422,247.25,244.5500030517578,246.4499969482422,428141,211.98875427246094
2017-12-13,246.75,247.5500030517578,244.8000030517578,247.0,704908,212.46185302734375
2017-12-14,247.10000610351562,247.35000610351562,244.35000610351562,244.35000610351562,513649,210.18240356445312
2017-12-15,244.25,245.9499969482422,243.0500030517578,245.14999389648438,1146191,210.87051391601562
2017-12-18,247.4499969482422,254.14999389648438,247.0500030517578,254.0500030517578,958751,218.5260467529297
2017-12-19,253.64999389648438,254.6999969482422,252.39999389648438,252.60000610351562,458437,217.27879333496094
2017-12-20,252.64999389648438,253.85000610351562,250.1999969482422,250.4499969482422,425812,215.4293975830078
2017-12-21,250.0,253.1999969482422,248.5500030517578,252.4499969482422,525947,217.1497344970703
2017-12-22,252.89999389648438,253.10000610351562,249.5,249.5,345394,214.61228942871094
2017-12-27,250.1999969482422,252.14999389648438,249.4499969482422,251.35000610351562,335350,216.20359802246094
2017-12-28,251.5,252.14999389648438,247.64999389648438,247.8000030517578,325877,213.14996337890625
2017-12-29,248.0,248.3000030517578,245.39999389648438,245.39999389648438,445320,211.0855712890625
2018-01-02,245.64999389648438,246.0,240.8000030517578,241.3000030517578,631294,207.5588836669922
2018-01-03,241.35000610351562,243.10000610351562,241.35000610351562,242.75,521585,208.80609130859375
2018-01-04,244.75,247.0,243.60000610351562,245.60000610351562,611052,211.25762939453125
2018-01-05,245.9499969482422,249.60000610351562,245.9499969482422,249.5,454725,214.61228942871094
2018-01-08,246.75,248.0,244.35000610351562,245.5,536733,211.1715850830078
2018-01-09,247.0,248.0500030517578,245.25,246.10000610351562,460138,211.6876983642578
2018-01-10,246.10000610351562,246.25,242.0,242.0,730551,208.1610107421875
2018-01-11,242.25,242.5,239.0,239.0,805722,205.58050537109375
2018-01-12,239.0,242.64999389648438,238.6999969482422,242.14999389648438,529948,208.2900390625
2018-01-15,242.6999969482422,243.6999969482422,241.85000610351562,242.75,431555,208.80609130859375
2018-01-16,243.25,244.39999389648438,242.3000030517578,243.0,494729,209.0211639404297
2018-01-17,241.5,244.4499969482422,241.5,242.35000610351562,506385,208.46206665039062
2018-01-18,243.0500030517578,243.6999969482422,238.0,238.75,638297,205.36541748046875
2018-01-19,238.5500030517578,241.8000030517578,238.35000610351562,240.9499969482422,739547,207.2578125
2018-01-22,241.8000030517578,243.35000610351562,240.5,243.0,520512,209.0211639404297
2018-01-23,245.25,245.6999969482422,242.89999389648438,244.60000610351562,582000,210.39744567871094
2018-01-24,244.1999969482422,245.14999389648438,241.1999969482422,241.1999969482422,631576,207.4728546142578
2018-01-25,242.5,244.0500030517578,239.3000030517578,240.14999389648438,777172,206.5697021484375
2018-01-26,246.8000030517578,253.14999389648438,245.60000610351562,251.89999389648438,1256209,216.6766815185547
2018-01-29,251.9499969482422,254.39999389648438,250.0,252.60000610351562,629991,217.27879333496094
2018-01-30,251.14999389648438,253.6999969482422,250.75,251.4499969482422,612934,216.28958129882812
2018-01-31,252.75,254.60000610351562,251.4499969482422,252.60000610351562,577551,217.27879333496094
2018-02-01,253.8000030517578,253.9499969482422,250.89999389648438,252.14999389648438,661915,216.89170837402344
2018-02-02,251.35000610351562,251.5,247.89999389648438,247.89999389648438,719341,213.23599243164062
2018-02-05,246.0,247.0,242.1999969482422,242.4499969482422,720137,208.54808044433594
2018-02-06,236.1999969482422,239.85000610351562,233.25,236.14999389648438,1428201,203.12901306152344
2018-02-07,238.9499969482422,245.9499969482422,236.5,245.0,1286023,210.7415008544922
2018-02-08,241.89999389648438,243.6999969482422,236.14999389648438,237.4499969482422,1063332,204.2471923828125
2018-02-09,236.85000610351562,239.3000030517578,232.5,234.89999389648438,1224665,202.0537872314453
2018-02-12,238.5,242.64999389648438,238.4499969482422,241.85000610351562,973509,208.03196716308594
2018-02-13,241.6999969482422,241.75,236.39999389648438,237.35000610351562,756046,204.1612091064453
2018-02-14,239.39999389648438,242.39999389648438,234.75,240.89999389648438,819734,207.21481323242188
2018-02-15,242.39999389648438,244.3000030517578,241.39999389648438,244.3000030517578,710450,210.13941955566406
2018-02-16,244.8000030517578,248.64999389648438,244.14999389648438,248.5,835818,213.75210571289062
2018-02-19,249.0,249.0,245.14999389648438,245.1999969482422,396907,210.9135284423828
2018-02-20,245.0,246.0500030517578,242.89999389648438,245.10000610351562,551368,210.8275146484375
2018-02-21,244.4499969482422,246.6999969482422,244.10000610351562,246.6999969482422,427299,212.2038116455078
2018-02-22,245.5,245.5500030517578,241.14999389648438,245.0500030517578,575633,210.7845001220703
2018-02-23,247.0500030517578,247.0500030517578,244.64999389648438,246.75,414841,212.24679565429688
2018-02-26,248.64999389648438,251.5500030517578,248.0500030517578,249.3000030517578,609192,214.44021606445312
2018-02-27,251.0,251.60000610351562,246.0500030517578,246.9499969482422,559129,212.41883850097656
2018-02-28,245.64999389648438,248.39999389648438,245.64999389648438,246.5,527029,212.03176879882812
2018-03-01,246.0,246.4499969482422,241.64999389648438,244.10000610351562,649330,209.9673614501953
2018-03-02,241.75,242.39999389648438,238.0,238.75,807006,205.36541748046875
2018-03-05,238.4499969482422,241.75,237.5500030517578,240.75,519966,207.08580017089844
2018-03-06,242.4499969482422,244.25,241.35000610351562,241.35000610351562,475938,207.6018829345703
2018-03-07,240.75,242.39999389648438,238.60000610351562,241.1999969482422,438734,207.4728546142578
2018-03-08,241.1999969482422,245.8000030517578,241.10000610351562,245.60000610351562,474057,211.25762939453125
2018-03-09,245.5500030517578,247.39999389648438,243.9499969482422,245.9499969482422,521810,211.5586700439453
2018-03-12,248.0,248.0,245.5,246.8000030517578,307919,212.28981018066406
2018-03-13,247.6999969482422,248.4499969482422,242.64999389648438,243.5,605443,209.4512481689453
2018-03-14,243.39999389648438,245.8000030517578,242.5500030517578,242.89999389648438,435075,208.9351348876953
2018-03-15,244.89999389648438,248.1999969482422,243.89999389648438,247.35000610351562,637640,212.7628936767578
2018-03-16,247.0,249.10000610351562,246.64999389648438,247.5,1236732,212.89193725585938
2018-03-19,248.39999389648438,248.4499969482422,244.9499969482422,246.0,470398,211.60166931152344
2018-03-20,247.0500030517578,251.5500030517578,246.1999969482422,251.5500030517578,608141,216.3756103515625
2018-03-21,251.9499969482422,253.64999389648438,251.39999389648438,252.64999389648438,538101,217.3218231201172
2018-03-22,250.39999389648438,252.5,246.5,249.3000030517578,721130,214.44021606445312
2018-03-23,247.1999969482422,247.1999969482422,242.60000610351562,242.89999389648438,773835,208.9351348876953
2018-03-26,244.35000610351562,246.39999389648438,242.25,243.8000030517578,678816,209.70928955078125
2018-03-27,248.6999969482422,249.0500030517578,244.4499969482422,245.1999969482422,547051,210.9135284423828
2018-03-28,243.0500030517578,244.0500030517578,239.9499969482422,243.89999389648438,606379,209.7953338623047
2018-03-29,246.14999389648438,252.35000610351562,245.1999969482422,250.1999969482422,707714,215.21437072753906
2018-04-03,249.0500030517578,256.29998779296875,248.6999969482422,256.0,909220,220.20335388183594
2018-04-04,256.6000061035156,257.5,251.60000610351562,255.85000610351562,1030027,220.0743408203125
2018-04-05,258.0,264.5,257.20001220703125,264.5,875568,227.5148162841797
2018-04-06,263.1499938964844,264.54998779296875,262.1000061035156,262.6000061035156,665237,225.88050842285156
2018-04-09,264.0,264.6000061035156,261.1000061035156,262.25,647580,225.5794219970703
2018-04-10,274.04998779296875,277.25,271.3500061035156,275.1499938964844,1569222,236.67559814453125
2018-04-11,275.1000061035156,278.25,273.3500061035156,278.25,690737,239.34210205078125
2018-04-12,278.25,281.0,276.04998779296875,281.0,682592,241.70761108398438
2018-04-13,280.79998779296875,282.8999938964844,279.8500061035156,281.8500061035156,563645,242.43870544433594
2018-04-16,281.45001220703125,282.95001220703125,280.75,282.70001220703125,436141,243.1698760986328
2018-04-17,280.5,281.79998779296875,279.25,279.25,664682,243.12635803222656
2018-04-18,280.54998779296875,282.79998779296875,279.45001220703125,282.79998779296875,513555,246.2171630859375
2018-04-19,282.8999938964844,282.95001220703125,276.1000061035156,277.20001220703125,610663,241.341552734375
2018-04-20,278.5,280.79998779296875,276.8500061035156,279.25,764368,243.12635803222656
2018-04-23,279.8500061035156,281.04998779296875,278.0,281.04998779296875,381280,244.6935577392578
2018-04-24,279.29998779296875,281.95001220703125,279.1000061035156,281.75,601849,245.30296325683594
2018-04-25,281.1499938964844,285.8500061035156,278.6499938964844,280.6499938964844,749480,244.34524536132812
2018-04-26,280.79998779296875,281.8999938964844,278.6499938964844,281.1000061035156,603601,244.73699951171875
2018-04-27,281.3999938964844,284.8500061035156,281.29998779296875,284.3999938964844,456201,247.6101837158203
2018-04-30,285.0,289.29998779296875,284.0,289.29998779296875,581543,251.87628173828125
2018-05-02,290.1499938964844,292.8500061035156,289.1000061035156,292.75,601909,254.8800048828125
2018-05-03,292.70001220703125,293.1499938964844,290.6499938964844,291.25,413134,253.5740509033203
2018-05-04,291.45001220703125,294.04998779296875,290.79998779296875,291.79998779296875,484129,254.0528564453125
2018-05-07,291.5,292.29998779296875,289.45001220703125,290.95001220703125,308211,253.3128662109375
2018-05-08,291.95001220703125,291.95001220703125,289.3500061035156,291.6499938964844,424932,253.92230224609375
2018-05-09,292.20001220703125,292.20001220703125,289.3500061035156,292.04998779296875,352557,254.2705535888672
2018-05-10,293.0,293.70001220703125,291.29998779296875,292.3500061035156,350991,254.53175354003906
2018-05-11,292.95001220703125,293.70001220703125,290.3500061035156,293.6000061035156,387858,255.62005615234375
2018-05-14,293.54998779296875,295.3999938964844,293.1000061035156,294.75,334427,256.6213073730469
2018-05-15,293.5,298.45001220703125,293.1499938964844,298.45001220703125,537540,259.84271240234375
2018-05-16,297.95001220703125,307.0,297.95001220703125,307.0,753405,267.2865905761719
2018-05-17,307.0,308.6000061035156,303.45001220703125,308.6000061035156,590990,268.6796875
2018-05-18,306.54998779296875,309.45001220703125,304.95001220703125,309.0,1054175,269.0279541015625
2018-05-21,309.1499938964844,313.70001220703125,309.1499938964844,311.70001220703125,343524,271.3786315917969
2018-05-22,312.29998779296875,312.5,308.75,309.0,520706,269.0279541015625
2018-05-23,307.5,308.0,301.8500061035156,303.8999938964844,875494,264.587646484375
2018-05-24,304.70001220703125,308.79998779296875,303.54998779296875,305.04998779296875,724119,265.5888977050781
2018-05-25,307.0,308.6000061035156,304.1499938964844,305.8500061035156,662411,266.285400390625
2018-05-28,307.95001220703125,308.29998779296875,302.8999938964844,303.5,426428,264.2394104003906
2018-05-29,301.29998779296875,304.25,297.70001220703125,297.79998779296875,987439,259.2767333984375
2018-05-30,299.04998779296875,300.75,297.29998779296875,299.54998779296875,727537,260.8003234863281
2018-05-31,299.79998779296875,301.54998779296875,296.1000061035156,297.04998779296875,850019,258.623779296875
2018-06-01,300.54998779296875,302.75,298.8999938964844,301.8999938964844,708657,262.846435546875
2018-06-04,303.0,304.8999938964844,301.3500061035156,304.5,455585,265.11004638671875
2018-06-05,305.0,311.5,304.45001220703125,309.6000061035156,645090,269.5503234863281
2018-06-06,309.1499938964844,309.8500061035156,304.5,306.25,616979,266.6336669921875
2018-06-07,307.8999938964844,307.8999938964844,295.1499938964844,296.1499938964844,735266,257.84014892578125
2018-06-08,293.6499938964844,301.25,292.0,300.3500061035156,683194,261.4969482421875
2018-06-11,300.70001220703125,302.45001220703125,298.6000061035156,301.1499938964844,525955,262.19342041015625
2018-06-12,302.5,302.8999938964844,295.0,295.29998779296875,546087,257.10015869140625
2018-06-13,296.75,298.79998779296875,295.3500061035156,295.5,670776,257.2743225097656
2018-06-14,291.0,303.20001220703125,290.6499938964844,302.54998779296875,908418,263.41229248046875
2018-06-15,304.1499938964844,306.1000061035156,300.8500061035156,301.45001220703125,1338808,262.45465087890625
2018-06-18,300.6000061035156,301.0,294.79998779296875,296.70001220703125,564146,258.3190612792969
2018-06-19,290.0,292.79998779296875,288.25,289.54998779296875,793500,252.09393310546875
2018-06-20,290.95001220703125,291.6499938964844,285.3999938964844,286.54998779296875,831880,249.48204040527344
2018-06-21,288.6499938964844,291.5,283.8500061035156,285.20001220703125,603851,248.30667114257812
2018-06-22,286.8500061035156,288.1000061035156,285.29998779296875,287.3999938964844,552712,250.22206115722656
2018-06-25,285.0,288.6000061035156,278.8999938964844,278.8999938964844,545784,242.8216094970703
2018-06-26,280.5,283.8500061035156,280.20001220703125,281.1000061035156,500976,244.73699951171875
2018-06-27,281.0,286.29998779296875,278.8500061035156,283.45001220703125,794060,246.7830810546875
2018-06-28,281.5,284.8500061035156,278.6000061035156,280.0,778439,243.7793731689453
2018-06-29,284.20001220703125,288.95001220703125,282.75,285.20001220703125,817767,248.30667114257812
2018-07-02,283.04998779296875,284.8500061035156,281.0,281.45001220703125,621340,245.04177856445312
2018-07-03,283.95001220703125,287.04998779296875,283.29998779296875,285.29998779296875,624410,248.39369201660156
2018-07-04,285.29998779296875,285.29998779296875,282.3500061035156,284.29998779296875,351235,247.52310180664062
2018-07-05,285.3500061035156,285.8500061035156,281.54998779296875,283.25,748130,246.60891723632812
2018-07-06,285.1499938964844,287.6000061035156,284.3500061035156,287.6000061035156,585437,250.39625549316406
2018-07-09,289.95001220703125,291.0,287.95001220703125,290.20001220703125,485599,252.65988159179688
2018-07-10,290.45001220703125,293.8500061035156,290.3999938964844,293.20001220703125,601594,255.27183532714844
2018-07-11,290.8500061035156,291.04998779296875,285.8999938964844,286.0,566261,249.00318908691406
2018-07-12,287.3999938964844,290.0,286.79998779296875,289.3500061035156,382292,251.91981506347656
2018-07-13,292.0,295.95001220703125,292.0,295.95001220703125,539123,257.66607666015625
2018-07-16,296.3999938964844,297.25,292.29998779296875,292.95001220703125,322222,255.05416870117188
2018-07-17,293.6499938964844,296.0,291.45001220703125,295.8500061035156,328481,257.5789794921875
2018-07-18,298.0,302.29998779296875,296.3999938964844,298.79998779296875,509363,260.1473388671875
2018-07-19,298.75,298.75,295.0,295.45001220703125,419110,257.23077392578125
2018-07-20,295.04998779296875,299.8999938964844,293.20001220703125,296.25,741120,257.9272155761719
2018-07-23,294.04998779296875,294.79998779296875,290.45001220703125,293.04998779296875,368778,255.14125061035156
2018-07-24,295.20001220703125,301.5,293.95001220703125,301.1000061035156,670031,262.14984130859375
2018-07-25,306.0,308.8999938964844,304.1000061035156,306.54998779296875,820321,266.8948669433594
2018-07-26,310.0,310.20001220703125,300.20001220703125,306.0,788232,266.4159240722656
2018-07-27,301.45001220703125,303.8500061035156,299.1499938964844,301.1499938964844,572973,262.19342041015625
2018-07-30,300.70001220703125,303.29998779296875,298.6000061035156,298.6499938964844,360258,260.01678466796875
2018-07-31,299.20001220703125,300.1499938964844,293.79998779296875,298.8500061035156,533558,260.19091796875
2018-08-01,299.0,302.6000061035156,297.70001220703125,298.45001220703125,448748,259.84271240234375
2018-08-02,297.0,297.1000061035156,292.75,294.20001220703125,664871,256.1424560546875
2018-08-03,295.1000061035156,296.3999938964844,293.8500061035156,295.29998779296875,402677,257.10015869140625
2018-08-06,295.54998779296875,301.95001220703125,295.29998779296875,298.1499938964844,460882,259.5814514160156
2018-08-07,299.0,304.5,299.0,303.29998779296875,413439,264.0652770996094
2018-08-08,303.54998779296875,304.6000061035156,299.29998779296875,299.3999938964844,427234,260.6697692871094
2018-08-09,299.6000061035156,303.1499938964844,298.70001220703125,303.0,326935,263.80413818359375
2018-08-10,300.75,300.8500061035156,294.6000061035156,295.54998779296875,676085,257.31781005859375
2018-08-13,295.54998779296875,298.0,293.70001220703125,297.5,405999,259.0155029296875
2018-08-14,299.6499938964844,301.79998779296875,298.1000061035156,300.04998779296875,409308,261.2357482910156
2018-08-15,300.29998779296875,300.70001220703125,290.0,291.1499938964844,648874,253.48696899414062
2018-08-16,293.1499938964844,298.3999938964844,292.1499938964844,297.79998779296875,496033,259.2767333984375
2018-08-17,298.70001220703125,299.29998779296875,294.20001220703125,296.8999938964844,387292,258.4931640625
2018-08-20,297.04998779296875,300.6000061035156,295.25,299.25,371650,260.5391845703125
2018-08-21,297.75,301.04998779296875,297.1000061035156,298.8500061035156,343960,260.19091796875
2018-08-22,299.45001220703125,300.95001220703125,297.79998779296875,300.25,287254,261.4098205566406
2018-08-23,300.8999938964844,302.95001220703125,298.75,299.5,297773,260.7568664550781
2018-08-24,299.54998779296875,301.79998779296875,299.3500061035156,299.3500061035156,334658,260.6262512207031
2018-08-27,301.04998779296875,302.8999938964844,300.6499938964844,302.6000061035156,323106,263.455810546875
2018-08-28,303.45001220703125,309.8500061035156,303.20001220703125,308.25,508218,268.3748474121094
2018-08-29,309.3999938964844,309.79998779296875,307.20001220703125,309.5,362007,269.4632263183594
2018-08-30,309.70001220703125,312.6000061035156,308.70001220703125,310.1000061035156,418526,269.98565673828125
2018-08-31,309.0,309.0,300.6499938964844,302.1499938964844,228772,263.0639953613281
2018-09-03,299.5,303.75,297.6000061035156,302.29998779296875,495267,263.194580078125
2018-09-04,304.20001220703125,304.79998779296875,291.3500061035156,291.70001220703125,800246,253.9658660888672
2018-09-05,290.0,290.1499938964844,280.04998779296875,281.25,1051068,244.86761474609375
2018-09-06,281.5,284.3999938964844,280.3999938964844,280.6499938964844,844149,244.34524536132812
2018-09-07,282.0,285.0,278.6000061035156,284.1499938964844,746836,247.39251708984375
2018-09-10,285.45001220703125,286.3999938964844,282.29998779296875,284.79998779296875,494243,247.95840454101562
2018-09-11,286.70001220703125,287.1000061035156,281.1499938964844,283.95001220703125,512613,247.21832275390625
2018-09-12,286.0,291.25,285.54998779296875,290.75,681622,253.13873291015625
2018-09-13,290.20001220703125,293.0,289.79998779296875,290.20001220703125,474759,252.65988159179688
2018-09-14,292.54998779296875,294.29998779296875,290.1000061035156,292.3500061035156,519047,254.53175354003906
2018-09-17,291.95001220703125,291.95001220703125,286.1499938964844,288.1499938964844,467004,250.87503051757812
2018-09-18,287.79998779296875,292.6000061035156,286.1000061035156,288.1000061035156,477816,250.83148193359375
2018-09-19,287.95001220703125,291.79998779296875,286.5,290.25,419772,252.7034149169922
2018-09-20,291.25,297.1000061035156,289.70001220703125,296.0,695066,257.7096252441406
2018-09-21,298.54998779296875,305.8500061035156,297.79998779296875,305.8500061035156,2088191,266.285400390625
2018-09-24,303.45001220703125,305.79998779296875,302.6499938964844,305.70001220703125,516445,266.1548156738281
2018-09-25,305.5,306.75,303.29998779296875,303.8999938964844,495409,264.587646484375
2018-09-26,303.25,306.20001220703125,302.95001220703125,305.95001220703125,588718,266.3725280761719
2018-09-27,305.1499938964844,307.6499938964844,303.6499938964844,307.6499938964844,430022,267.8525085449219
2018-09-28,306.25,310.25,303.79998779296875,304.6000061035156,613750,265.1971130371094
2018-10-01,304.54998779296875,307.95001220703125,303.6000061035156,306.8999938964844,401092,267.1995544433594
2018-10-02,306.0,306.3500061035156,300.1499938964844,300.3500061035156,725827,261.4969482421875
2018-10-03,301.54998779296875,303.3500061035156,299.25,302.75,417196,263.5864562988281
2018-10-04,300.1000061035156,300.3999938964844,286.20001220703125,287.95001220703125,1240441,250.70091247558594
2018-10-05,289.70001220703125,289.8999938964844,283.3999938964844,286.20001220703125,729652,249.17735290527344
2018-10-08,284.0,284.79998779296875,281.1499938964844,281.8500061035156,789970,245.38999938964844
2018-10-09,282.25,287.29998779296875,280.25,285.70001220703125,663004,248.74200439453125
2018-10-10,284.3999938964844,286.3999938964844,261.6499938964844,265.29998779296875,2375403,230.98089599609375
2018-10-11,260.04998779296875,266.70001220703125,257.29998779296875,261.95001220703125,1589684,228.0642852783203
2018-10-12,267.8999938964844,270.0,262.5,262.5,878041,228.54312133789062
2018-10-15,262.8999938964844,263.5,257.04998779296875,260.45001220703125,870263,226.75833129882812
2018-10-16,260.5,266.3500061035156,257.1499938964844,264.25,893880,230.06674194335938
2018-10-17,267.0,269.54998779296875,261.79998779296875,264.1499938964844,699809,229.97967529296875
2018-10-18,264.29998779296875,265.3500061035156,260.54998779296875,260.8999938964844,715182,227.1501007080078
2018-10-19,260.95001220703125,266.1499938964844,259.1499938964844,263.25,992332,229.1960906982422
2018-10-22,265.29998779296875,268.6000061035156,263.25,263.25,497799,229.1960906982422
2018-10-23,260.0,261.54998779296875,257.54998779296875,258.04998779296875,802109,224.6687774658203
2018-10-24,265.0,267.0,259.04998779296875,259.6499938964844,907678,226.06179809570312
2018-10-25,257.5,266.3999938964844,257.0,265.45001220703125,911601,231.1115264892578
2018-10-26,262.79998779296875,264.54998779296875,257.95001220703125,262.45001220703125,932587,228.4996337890625
2018-10-29,263.8999938964844,265.95001220703125,260.8500061035156,261.95001220703125,528884,228.0642852783203
2018-10-30,262.1499938964844,264.04998779296875,256.1499938964844,259.95001220703125,740199,226.32302856445312
2018-10-31,263.5,270.20001220703125,262.1000061035156,268.79998779296875,1148471,234.0281982421875
2018-11-01,268.79998779296875,270.1499938964844,264.95001220703125,269.79998779296875,624593,234.89881896972656
2018-11-02,280.0,280.70001220703125,276.20001220703125,279.04998779296875,1161486,242.9521942138672
2018-11-05,277.20001220703125,278.6000061035156,275.95001220703125,277.70001220703125,494009,241.77682495117188
2018-11-06,277.70001220703125,277.70001220703125,273.0,273.0,569103,237.6848602294922
2018-11-07,274.79998779296875,278.79998779296875,274.04998779296875,276.25,671832,240.5144500732422
2018-11-08,276.5,276.5,269.6000061035156,271.0,622981,235.943603515625
2018-11-09,268.0,268.0,262.79998779296875,266.0,768709,231.59039306640625
2018-11-12,266.75,267.0,263.04998779296875,263.45001220703125,518351,229.37025451660156
2018-11-13,265.0,270.0,263.6000061035156,269.70001220703125,734584,234.81173706054688
2018-11-14,267.6499938964844,271.5,264.29998779296875,268.1000061035156,568127,233.41871643066406
2018-11-15,270.54998779296875,270.79998779296875,262.6000061035156,265.3999938964844,577762,231.06796264648438
2018-11-16,266.0,268.70001220703125,262.3500061035156,264.25,658945,230.06674194335938
2018-11-19,265.8999938964844,266.54998779296875,258.79998779296875,259.25,665625,225.71353149414062
2018-11-20,257.3999938964844,257.79998779296875,251.9499969482422,253.85000610351562,879353,221.0120849609375
2018-11-21,256.6000061035156,261.1000061035156,254.75,260.6499938964844,744474,226.9324493408203
2018-11-22,259.29998779296875,261.1499938964844,257.5,258.5,384126,225.0605926513672
2018-11-23,258.79998779296875,260.1000061035156,255.60000610351562,258.45001220703125,506587,225.0170440673828
2018-11-26,261.1000061035156,263.70001220703125,256.6000061035156,256.6000061035156,714425,223.40635681152344
2018-11-27,257.5,258.3500061035156,252.75,254.1999969482422,639670,221.3168182373047
2018-11-28,256.0,258.95001220703125,253.75,256.54998779296875,784546,223.3628387451172
2018-11-29,259.04998779296875,260.70001220703125,255.64999389648438,256.5,663043,223.3192901611328
2018-11-30,257.6499938964844,257.6499938964844,249.75,252.5500030517578,1194021,219.8802947998047
2018-12-03,260.5,269.04998779296875,260.1000061035156,265.25,1373047,230.93736267089844
2018-12-04,261.1499938964844,264.45001220703125,258.79998779296875,261.8500061035156,797446,229.70924377441406
2018-12-05,257.5,262.04998779296875,256.8999938964844,259.5,445436,227.64768981933594
2018-12-06,256.0,256.0,246.5500030517578,247.89999389648438,1196304,217.47152709960938
2018-12-07,249.9499969482422,254.6999969482422,249.5,249.5,648880,218.87513732910156
2018-12-10,246.85000610351562,248.25,242.3000030517578,243.25,846742,213.3922882080078
2018-12-11,248.35000610351562,254.1999969482422,245.5500030517578,249.25,906181,218.6558074951172
2018-12-12,250.75,256.1499938964844,248.39999389648438,254.35000610351562,622217,223.1298370361328
2018-12-13,256.20001220703125,256.8500061035156,252.35000610351562,255.85000610351562,632507,224.44569396972656
2018-12-14,248.89999389648438,253.85000610351562,248.0,251.9499969482422,836436,221.02439880371094
2018-12-17,250.0,250.89999389648438,247.5,250.10000610351562,647287,219.4015350341797
2018-12-18,248.0,256.04998779296875,247.8000030517578,252.0,954683,221.06825256347656
2018-12-19,253.60000610351562,256.29998779296875,251.85000610351562,252.39999389648438,740215,221.419189453125
2018-12-20,248.89999389648438,253.85000610351562,248.4499969482422,250.10000610351562,823637,219.4015350341797
2018-12-21,249.35000610351562,254.6999969482422,246.85000610351562,253.4499969482422,1487420,222.34030151367188
2018-12-24,250.89999389648438,250.89999389648438,243.5,245.14999389648438,223339,215.05908203125
2018-12-27,252.5,252.5,243.1999969482422,247.14999389648438,639884,216.81361389160156
2018-12-28,250.75,254.35000610351562,248.39999389648438,252.75,554727,221.72622680664062
2018-12-31,253.5500030517578,259.25,253.5500030517578,258.20001220703125,207853,226.50726318359375
2019-01-02,254.0500030517578,256.04998779296875,249.8000030517578,253.3000030517578,561858,222.20870971679688
2019-01-03,248.0,248.85000610351562,243.64999389648438,243.64999389648438,785119,213.74319458007812
2019-01-04,246.4499969482422,251.9499969482422,244.10000610351562,251.14999389648438,886586,220.32261657714844
2019-01-07,252.64999389648438,253.5,249.3000030517578,250.6999969482422,550835,219.9278564453125
2019-01-08,251.5,262.5,250.10000610351562,258.54998779296875,742574,226.8142852783203
2019-01-09,261.75,266.20001220703125,261.3500061035156,261.54998779296875,646844,229.446044921875
2019-01-10,259.5,261.1000061035156,257.6499938964844,259.1499938964844,666326,227.34060668945312
2019-01-11,261.0,262.20001220703125,256.70001220703125,258.29998779296875,525969,226.594970703125
2019-01-14,254.5500030517578,254.5500030517578,249.10000610351562,251.6999969482422,678686,220.8051300048828
2019-01-15,253.9499969482422,254.6999969482422,249.6999969482422,250.8000030517578,600204,220.01556396484375
2019-01-16,252.0,252.6999969482422,248.64999389648438,248.9499969482422,615045,218.39263916015625
2019-01-17,248.0,248.6999969482422,245.5,246.5500030517578,784017,216.28724670410156
2019-01-18,247.6999969482422,254.5,247.10000610351562,253.39999389648438,1129978,222.29641723632812
2019-01-21,254.0,257.8500061035156,253.3000030517578,257.25,483650,225.67385864257812
2019-01-22,256.0,258.45001220703125,255.1999969482422,257.1000061035156,560124,225.54229736328125
2019-01-23,255.10000610351562,259.45001220703125,254.35000610351562,257.3500061035156,544760,225.76158142089844
2019-01-24,257.04998779296875,259.5,254.85000610351562,257.8500061035156,538318,226.20025634765625
2019-01-25,259.8999938964844,262.54998779296875,258.95001220703125,261.1000061035156,774671,229.05126953125
2019-01-28,259.5,259.6000061035156,256.70001220703125,258.6499938964844,546032,226.9020233154297
2019-01-29,256.75,262.0,255.75,259.75,681987,227.8670196533203
2019-01-30,271.0,279.45001220703125,270.04998779296875,277.6000061035156,1701345,243.52601623535156
2019-01-31,280.0,280.0,275.04998779296875,279.75,1018807,245.41207885742188
2019-02-01,282.5,285.6499938964844,281.1499938964844,284.6499938964844,1008099,249.7106170654297
2019-02-04,284.6000061035156,284.6000061035156,280.29998779296875,282.6000061035156,611878,247.9123077392578
2019-02-05,282.70001220703125,292.25,281.6000061035156,291.1499938964844,936779,255.4127655029297
2019-02-06,288.0,290.79998779296875,286.3500061035156,288.1000061035156,663981,252.7371063232422
2019-02-07,287.04998779296875,290.70001220703125,282.6499938964844,283.3999938964844,771808,248.614013671875
2019-02-08,282.20001220703125,286.3999938964844,281.5,283.54998779296875,675564,248.74560546875
2019-02-11,286.3999938964844,289.79998779296875,285.1499938964844,288.29998779296875,577207,252.91258239746094
2019-02-12,285.20001220703125,295.95001220703125,285.20001220703125,294.79998779296875,956591,258.61480712890625
2019-02-13,296.04998779296875,298.8999938964844,294.5,294.6499938964844,615149,258.4831848144531
2019-02-14,298.8999938964844,299.70001220703125,290.6499938964844,290.8500061035156,757985,255.149658203125
2019-02-15,289.54998779296875,297.3999938964844,288.8500061035156,294.20001220703125,652357,258.08843994140625
2019-02-18,294.8500061035156,296.5,293.6499938964844,295.1000061035156,315942,258.87799072265625
2019-02-19,295.54998779296875,297.29998779296875,292.6000061035156,297.25,549831,260.7640686035156
2019-02-20,297.1000061035156,299.1000061035156,293.70001220703125,296.6000061035156,445663,260.1938171386719
2019-02-21,296.20001220703125,298.70001220703125,295.5,296.95001220703125,399174,260.5008544921875
2019-02-22,297.95001220703125,300.1000061035156,297.04998779296875,299.75,454451,262.95721435546875
2019-02-25,302.0,304.29998779296875,301.3999938964844,302.8999938964844,546542,265.7205505371094
2019-02-26,301.1499938964844,305.0,300.1499938964844,304.25,519944,266.9048156738281
2019-02-27,303.70001220703125,304.25,300.8999938964844,302.3999938964844,456142,265.28192138671875
2019-02-28,300.04998779296875,303.95001220703125,300.0,302.0,607811,264.9309997558594
2019-03-01,305.0,310.3500061035156,304.5,306.6000061035156,698031,268.9664306640625
2019-03-04,309.70001220703125,310.6499938964844,307.54998779296875,308.0,502921,270.1946716308594
2019-03-05,307.0,309.95001220703125,305.6499938964844,309.0,487960,271.07183837890625
2019-03-06,308.29998779296875,309.6499938964844,305.79998779296875,306.8999938964844,579273,269.2295837402344
2019-03-07,306.5,308.3500061035156,304.6499938964844,306.04998779296875,552136,268.4839172363281
2019-03-08,302.20001220703125,307.1000061035156,301.70001220703125,305.79998779296875,617703,268.26458740234375
2019-03-11,308.54998779296875,309.5,303.95001220703125,306.3999938964844,522688,268.79095458984375
2019-03-12,306.70001220703125,309.3999938964844,305.8500061035156,308.6000061035156,502289,270.7209167480469
2019-03-13,306.8999938964844,312.79998779296875,306.75,310.5,580282,272.3876953125
2019-03-14,310.5,316.1499938964844,308.3500061035156,315.6000061035156,672763,276.8617248535156
2019-03-15,316.8500061035156,321.45001220703125,315.79998779296875,318.6000061035156,1505617,279.4934997558594
2019-03-18,316.8500061035156,318.8500061035156,316.1000061035156,317.1499938964844,427060,278.221435546875
2019-03-19,318.0,321.3500061035156,317.70001220703125,320.29998779296875,561345,280.98480224609375
2019-03-20,320.0,321.70001220703125,317.95001220703125,318.20001220703125,476596,279.142578125
2019-03-21,320.20001220703125,321.54998779296875,316.0,317.79998779296875,481047,278.7916564941406
2019-03-22,319.3500061035156,320.79998779296875,312.3999938964844,313.45001220703125,682749,274.9756164550781
2019-03-25,310.45001220703125,317.8999938964844,285.70001220703125,317.70001220703125,765877,278.7039489746094
2019-03-26,319.6499938964844,324.3500061035156,318.0,322.79998779296875,629182,283.1778869628906
2019-03-27,322.5,325.1499938964844,321.1000061035156,322.8999938964844,640901,283.2657165527344
2019-03-28,322.8500061035156,327.0,322.5,324.1000061035156,507123,284.31842041015625
2019-03-29,329.0,330.3999938964844,326.5,327.8999938964844,709689,287.6519775390625
2019-04-01,332.5,333.75,330.0,333.25,675106,292.3452453613281
2019-04-02,334.04998779296875,334.6000061035156,331.75,334.5,660369,293.4417724609375
2019-04-03,335.29998779296875,337.3500061035156,332.8999938964844,334.0,581652,293.0032043457031
2019-04-04,334.3999938964844,335.0,333.04998779296875,333.54998779296875,605021,292.60845947265625
2019-04-05,334.95001220703125,337.5,333.6499938964844,336.04998779296875,764125,294.8016357421875
2019-04-08,336.5,336.8500061035156,331.45001220703125,332.0,549938,291.2486877441406
2019-04-09,330.25,333.75,327.29998779296875,327.29998779296875,722056,287.1256103515625
2019-04-10,328.29998779296875,330.70001220703125,327.1499938964844,329.75,556555,289.27484130859375
2019-04-11,340.5,346.75,338.95001220703125,344.95001220703125,1038108,302.6091613769531
2019-04-12,346.0,348.8999938964844,341.8500061035156,342.8999938964844,571291,300.8107604980469
2019-04-15,343.0,344.8500061035156,340.5,342.95001220703125,433354,300.8546142578125
2019-04-16,344.70001220703125,346.6499938964844,342.0,346.29998779296875,461686,303.7934265136719
2019-04-17,347.1499938964844,351.54998779296875,345.95001220703125,350.8500061035156,597099,307.7849426269531
2019-04-18,349.0,354.3500061035156,346.54998779296875,352.29998779296875,982534,309.0569152832031
2019-04-23,349.79998779296875,351.20001220703125,346.70001220703125,349.1000061035156,656086,306.2497253417969
2019-04-24,348.0,352.25,347.70001220703125,350.95001220703125,532252,307.8726806640625
2019-04-25,348.0,348.45001220703125,344.1000061035156,347.8500061035156,494912,308.6712951660156
2019-04-26,347.70001220703125,348.8999938964844,343.6000061035156,346.45001220703125,416328,307.428955078125
2019-04-29,346.8500061035156,348.25,343.5,345.3500061035156,383365,306.452880859375
2019-04-30,346.75,349.04998779296875,344.6000061035156,349.04998779296875,556298,309.73614501953125
2019-05-02,349.45001220703125,351.20001220703125,348.1499938964844,351.0,694494,311.46649169921875
2019-05-03,350.0,355.04998779296875,350.0,355.04998779296875,468076,315.06036376953125
2019-05-06,346.6000061035156,346.6000061035156,341.5,344.3999938964844,687298,305.60986328125
2019-05-07,344.0,345.45001220703125,334.6000061035156,335.04998779296875,717360,297.3129577636719
2019-05-08,333.04998779296875,339.79998779296875,333.0,339.6000061035156,589689,301.35052490234375
2019-05-09,334.6000061035156,336.54998779296875,330.3999938964844,331.8500061035156,648732,294.4734191894531
2019-05-10,335.0,338.0,331.79998779296875,333.54998779296875,561304,295.9819641113281
2019-05-13,333.0,333.0,323.04998779296875,323.75,611125,287.28570556640625
2019-05-14,326.70001220703125,334.79998779296875,326.3999938964844,334.29998779296875,629105,296.6474304199219
2019-05-15,336.20001220703125,337.1499938964844,329.04998779296875,337.1499938964844,556644,299.17645263671875
2019-05-16,336.6499938964844,341.20001220703125,333.8500061035156,341.20001220703125,589339,302.77032470703125
2019-05-17,340.20001220703125,342.70001220703125,336.8999938964844,340.8500061035156,658521,302.459716796875
2019-05-20,339.70001220703125,340.79998779296875,328.6499938964844,330.04998779296875,628134,292.8761291503906
2019-05-21,332.1000061035156,336.0,329.70001220703125,335.1499938964844,495509,297.4017639160156
2019-05-22,336.70001220703125,339.0,333.6499938964844,336.29998779296875,470565,298.42218017578125
2019-05-23,334.0,335.54998779296875,331.6000061035156,334.0,708374,296.3812561035156
2019-05-24,335.04998779296875,337.29998779296875,335.0,336.5,575972,298.5997009277344
2019-05-27,338.5,341.45001220703125,336.5,338.6499938964844,222774,300.5075378417969
2019-05-28,339.6499938964844,342.6000061035156,336.6499938964844,342.6000061035156,917832,304.01263427734375
2019-05-29,338.1499938964844,340.5,336.75,338.20001220703125,881878,300.10821533203125
2019-05-30,338.54998779296875,341.75,337.5,341.6499938964844,382038,303.1696472167969
2019-05-31,337.54998779296875,338.8500061035156,333.5,338.6000061035156,816098,300.46307373046875
2019-06-03,335.29998779296875,340.5,330.3999938964844,340.5,731788,302.1491394042969
2019-06-04,336.0,342.25,334.54998779296875,342.1000061035156,766874,303.5689697265625
2019-06-05,342.95001220703125,352.6000061035156,342.5,349.5,765834,310.1354675292969
2019-06-06,351.54998779296875,357.1000061035156,349.04998779296875,350.3500061035156,770857,310.8897399902344
2019-06-07,350.70001220703125,360.45001220703125,350.6000061035156,357.04998779296875,725433,316.8350830078125
2019-06-10,360.0,360.3500061035156,357.25,358.20001220703125,282579,317.8555603027344
2019-06-11,359.95001220703125,363.70001220703125,359.20001220703125,359.6000061035156,525245,319.0978698730469
2019-06-12,357.70001220703125,359.95001220703125,355.25,356.79998779296875,651478,316.6132507324219
2019-06-13,355.20001220703125,355.75,353.04998779296875,355.25,524987,315.23785400390625
2019-06-14,355.1499938964844,356.3999938964844,352.70001220703125,354.0,608201,314.12860107421875
2019-06-17,355.04998779296875,360.0,354.1499938964844,358.29998779296875,582785,317.9443054199219
2019-06-18,358.25,370.5,356.79998779296875,368.79998779296875,900429,327.26171875
2019-06-19,370.0,370.95001220703125,364.79998779296875,366.0,619848,324.777099609375
2019-06-20,369.8999938964844,372.29998779296875,368.75,370.0,633607,328.3265380859375
2019-06-21,370.5,373.95001220703125,367.25,368.29998779296875,1432369,326.8179626464844
2019-06-24,370.0,371.25,366.54998779296875,371.25,485551,329.43572998046875
2019-06-25,368.75,373.1499938964844,368.45001220703125,371.70001220703125,485233,329.8350524902344
2019-06-26,370.6499938964844,375.25,366.79998779296875,367.6000061035156,579443,326.1968688964844
2019-06-27,368.25,370.3999938964844,367.0,368.3500061035156,440354,326.8623962402344
2019-06-28,368.8500061035156,375.1499938964844,368.6000061035156,374.29998779296875,601351,332.1422119140625
2019-07-01,380.1499938964844,381.95001220703125,372.20001220703125,374.6000061035156,635086,332.408447265625
2019-07-02,377.1499938964844,378.0,375.0,377.5,445176,334.9818115234375
2019-07-03,378.70001220703125,381.45001220703125,377.5,380.0,383704,337.2002258300781
2019-07-04,382.04998779296875,382.1000061035156,378.04998779296875,381.3500061035156,296850,338.3981628417969
2019-07-05,381.3999938964844,381.6499938964844,378.0,380.79998779296875,430879,337.91009521484375
2019-07-08,378.04998779296875,383.0,377.8999938964844,383.0,359857,339.86236572265625
2019-07-09,380.0,383.1499938964844,378.8999938964844,383.0,404047,339.86236572265625
2019-07-10,381.5,383.3999938964844,377.95001220703125,381.0,477794,338.0876159667969
2019-07-11,380.8500061035156,384.1499938964844,380.6000061035156,383.1000061035156,411816,339.9510498046875
2019-07-12,383.8999938964844,385.20001220703125,382.54998779296875,384.0,358452,340.7497253417969
2019-07-15,384.0,385.6000061035156,380.0,380.04998779296875,460910,337.24456787109375
2019-07-16,381.0,386.04998779296875,379.54998779296875,385.29998779296875,497824,341.9032287597656
2019-07-17,385.3999938964844,389.45001220703125,382.70001220703125,382.70001220703125,427789,339.5961608886719
2019-07-18,379.0,384.25,378.1000061035156,382.8500061035156,415431,339.7292175292969
2019-07-19,384.8500061035156,388.79998779296875,382.0,382.29998779296875,449561,339.2411804199219
2019-07-22,380.0,384.95001220703125,378.8999938964844,384.79998779296875,314332,341.4595947265625
2019-07-23,385.6499938964844,388.6000061035156,380.8500061035156,383.29998779296875,563900,340.12847900390625
2019-07-24,384.5,384.5,378.3500061035156,380.29998779296875,506993,337.4664306640625
2019-07-25,385.8500061035156,392.6499938964844,371.54998779296875,376.1499938964844,1096637,333.7839050292969
2019-07-26,375.0,386.20001220703125,371.1000061035156,385.6000061035156,786230,342.16949462890625
2019-07-29,383.0,383.0,374.5,378.75,776261,336.09100341796875
2019-07-30,379.95001220703125,380.0,371.6000061035156,374.5,694330,332.31964111328125
2019-07-31,372.75,377.0,371.3500061035156,375.29998779296875,664095,333.0295104980469
2019-08-01,373.0,379.29998779296875,372.8500061035156,379.1000061035156,446812,336.401611328125
2019-08-02,367.5,369.5,354.8999938964844,358.3999938964844,1580496,318.0330505371094
2019-08-05,349.0,352.95001220703125,341.5,343.25,1347763,304.58941650390625
2019-08-06,343.0,354.54998779296875,342.20001220703125,350.45001220703125,953668,310.97845458984375
2019-08-07,353.79998779296875,359.8500061035156,351.70001220703125,357.6499938964844,911065,317.3675537109375
2019-08-08,364.20001220703125,368.25,360.3500061035156,368.25,689582,326.7736511230469
2019-08-09,366.6499938964844,367.95001220703125,363.6000061035156,364.3500061035156,527143,323.3128356933594
2019-08-12,366.45001220703125,369.54998779296875,353.20001220703125,356.54998779296875,600991,316.3913879394531
2019-08-13,353.1499938964844,363.8999938964844,348.75,359.54998779296875,811014,319.05352783203125
2019-08-14,360.0,361.0,346.20001220703125,348.1499938964844,781767,308.9375305175781
2019-08-15,350.20001220703125,350.20001220703125,341.0,345.70001220703125,869784,306.7634582519531
2019-08-16,346.3500061035156,350.1000061035156,345.25,348.45001220703125,633096,309.2037658691406
2019-08-19,351.5,357.1000061035156,349.5,356.8500061035156,527565,316.6575927734375
2019-08-20,357.8999938964844,358.5,353.95001220703125,355.70001220703125,471064,315.6371765136719
2019-08-21,356.29998779296875,370.5,355.95001220703125,369.1000061035156,668975,327.5278625488281
2019-08-22,368.1499938964844,368.1499938964844,360.8999938964844,361.1000061035156,537622,320.428955078125
2019-08-23,365.0,365.0,355.5,355.5,509513,315.4596862792969
2019-08-26,352.70001220703125,357.45001220703125,351.25,353.6000061035156,371216,313.773681640625
2019-08-27,354.3500061035156,360.3500061035156,351.95001220703125,359.8500061035156,520465,319.3197326660156
2019-08-28,357.75,358.45001220703125,352.6000061035156,355.8500061035156,422593,315.770263671875
2019-08-29,355.79998779296875,362.75,353.54998779296875,361.3500061035156,425724,320.65081787109375
2019-08-30,361.0,365.45001220703125,357.6000061035156,362.3999938964844,461988,321.58251953125
2019-09-02,362.25,364.3500061035156,360.75,362.8999938964844,215030,322.0262451171875
2019-09-03,363.0,363.8999938964844,353.6499938964844,355.6499938964844,420648,315.5927734375
2019-09-04,365.79998779296875,369.8500061035156,364.1000061035156,368.5,567440,326.9955139160156
2019-09-05,370.0,377.20001220703125,369.29998779296875,376.3999938964844,765243,334.00567626953125
2019-09-06,377.0,380.20001220703125,375.8500061035156,379.8999938964844,534386,337.1114807128906
2019-09-09,378.79998779296875,380.29998779296875,376.54998779296875,378.95001220703125,328529,336.2685241699219
2019-09-10,379.04998779296875,379.70001220703125,369.8999938964844,373.1499938964844,612252,331.1217346191406
2019-09-11,375.04998779296875,379.25,374.1000061035156,378.1499938964844,486035,335.5585632324219
2019-09-12,381.29998779296875,384.20001220703125,376.8500061035156,379.70001220703125,564799,336.9339294433594
2019-09-13,381.0,383.3999938964844,378.45001220703125,382.0,475920,338.9749755859375
2019-09-16,377.0,377.20001220703125,363.6000061035156,367.1000061035156,761368,325.7531433105469
2019-09-17,367.45001220703125,368.1000061035156,362.75,367.20001220703125,394717,325.8418884277344
2019-09-18,368.0,369.04998779296875,363.20001220703125,364.70001220703125,427320,323.6234436035156
2019-09-19,365.8500061035156,370.6499938964844,364.1000061035156,367.29998779296875,421446,325.9305419921875
2019-09-20,367.3999938964844,370.04998779296875,363.54998779296875,370.04998779296875,1531622,328.37091064453125
2019-09-23,367.25,367.8500061035156,362.25,366.45001220703125,385896,325.1763916015625
2019-09-24,366.95001220703125,371.25,366.1499938964844,370.04998779296875,390213,328.37091064453125
2019-09-25,368.25,369.3999938964844,358.8500061035156,361.20001220703125,558283,320.51763916015625
2019-09-26,358.3999938964844,364.8999938964844,356.29998779296875,360.8999938964844,449539,320.25152587890625
2019-09-27,362.8999938964844,364.20001220703125,358.04998779296875,360.1499938964844,510804,319.5859375
2019-09-30,360.75,364.6499938964844,358.45001220703125,364.6499938964844,516908,323.5791015625
2019-10-01,366.79998779296875,367.54998779296875,357.1000061035156,357.1000061035156,508526,316.87945556640625
2019-10-02,357.45001220703125,357.6499938964844,344.0,344.0,674729,305.25494384765625
2019-10-03,350.0,352.3500061035156,344.29998779296875,346.79998779296875,741927,307.7395324707031
2019-10-04,350.20001220703125,351.0,345.0,349.6000061035156,535623,310.2242736816406
2019-10-07,349.70001220703125,354.04998779296875,347.20001220703125,353.79998779296875,460389,313.951171875
2019-10-08,354.04998779296875,355.25,349.0,351.04998779296875,497236,311.51092529296875
2019-10-09,351.1499938964844,357.0,349.6000061035156,357.0,534251,316.7907409667969
2019-10-10,374.8500061035156,377.04998779296875,365.79998779296875,376.8500061035156,1196107,334.4049987792969
2019-10-11,378.0,380.70001220703125,375.20001220703125,378.20001220703125,839206,335.6029968261719
2019-10-14,375.8500061035156,379.95001220703125,374.75,379.25,321855,336.53466796875
2019-10-15,382.5,384.3999938964844,379.3500061035156,380.5,557059,337.6438903808594
2019-10-16,379.54998779296875,380.1499938964844,375.54998779296875,378.1000061035156,444595,335.5142517089844
2019-10-17,379.20001220703125,382.3500061035156,374.75,374.75,531108,332.5415344238281
2019-10-18,373.8999938964844,377.8999938964844,373.04998779296875,375.04998779296875,515274,332.8077087402344
2019-10-21,375.6499938964844,376.6499938964844,372.79998779296875,374.6000061035156,337676,332.408447265625
2019-10-22,374.3500061035156,376.6499938964844,370.1499938964844,376.6499938964844,305573,334.2275085449219
2019-10-23,374.3999938964844,375.95001220703125,370.29998779296875,375.0,415169,332.763427734375
2019-10-24,377.6000061035156,379.3500061035156,373.8500061035156,377.04998779296875,351479,334.58245849609375
2019-10-25,376.1499938964844,383.95001220703125,376.0,383.95001220703125,411884,340.705322265625
2019-10-28,385.0,389.6000061035156,382.1000061035156,382.1000061035156,537028,339.0637512207031
2019-10-29,382.6000061035156,383.8999938964844,379.70001220703125,380.25,433890,337.4220275878906
2019-10-30,379.54998779296875,385.5,376.75,384.45001220703125,408123,341.14898681640625
2019-10-31,385.8999938964844,388.45001220703125,381.3999938964844,382.5,521851,339.41864013671875
2019-11-01,384.5,389.70001220703125,384.20001220703125,389.25,309162,345.40838623046875
2019-11-04,391.0,398.6000061035156,390.0,397.5,556084,352.7291564941406
2019-11-05,399.0,400.8999938964844,394.45001220703125,400.25,483733,355.16943359375
2019-11-06,400.54998779296875,401.6000061035156,397.0,399.54998779296875,403886,354.5483093261719
2019-11-07,402.0,404.45001220703125,400.79998779296875,404.0,474972,358.4970397949219
2019-11-08,402.25,404.54998779296875,400.0,403.0,464275,357.60968017578125
2019-11-11,400.3999938964844,403.5,399.20001220703125,403.25,359868,357.83154296875
2019-11-12,403.8999938964844,405.29998779296875,402.04998779296875,403.3999938964844,339248,357.9646301269531
2019-11-13,403.0,405.79998779296875,401.3500061035156,401.8500061035156,462268,356.5892333984375
2019-11-14,403.04998779296875,404.6000061035156,401.29998779296875,403.75,282090,358.27520751953125
2019-11-15,405.6000061035156,407.8500061035156,403.79998779296875,405.5,542868,359.8280944824219
2019-11-18,406.6499938964844,407.1000061035156,400.45001220703125,402.25,415619,356.9442138671875
2019-11-19,403.25,404.8500061035156,395.8500061035156,398.20001220703125,503871,353.350341796875
2019-11-20,397.0,399.79998779296875,394.45001220703125,398.20001220703125,381166,353.350341796875
2019-11-21,397.0,397.29998779296875,392.54998779296875,394.5,501484,350.0671081542969
2019-11-22,394.6499938964844,398.8500061035156,393.54998779296875,396.25,407070,351.6199951171875
2019-11-25,400.6000061035156,405.8999938964844,400.29998779296875,404.25,548923,358.71893310546875
2019-11-26,405.8999938964844,411.0,404.8500061035156,407.3500061035156,574721,361.4697265625
2019-11-27,410.95001220703125,411.04998779296875,406.79998779296875,408.6499938964844,329656,362.6233215332031
2019-11-28,408.0,408.3999938964844,405.54998779296875,406.75,232094,360.9373474121094
2019-11-29,405.75,410.25,404.25,407.29998779296875,474506,361.4253845214844
2019-12-02,408.0,410.79998779296875,396.29998779296875,396.54998779296875,722510,351.8861999511719
2019-12-03,390.95001220703125,392.0,386.6000061035156,390.70001220703125,776715,346.695068359375
2019-12-04,391.1000061035156,399.54998779296875,391.0,396.0,541644,351.39813232421875
2019-12-05,398.20001220703125,400.8500061035156,396.20001220703125,396.20001220703125,444062,351.57562255859375
2019-12-06,395.29998779296875,401.3500061035156,394.20001220703125,401.3500061035156,475552,358.1341247558594
2019-12-09,401.95001220703125,402.5,398.3500061035156,399.25,345701,356.2602844238281
2019-12-10,398.6000061035156,399.25,391.8999938964844,396.79998779296875,494628,354.0740661621094
2019-12-11,397.45001220703125,399.79998779296875,394.6000061035156,399.6000061035156,398818,356.5726013183594
2019-12-12,400.04998779296875,402.3500061035156,396.45001220703125,398.20001220703125,493893,355.3233947753906
2019-12-13,406.75,407.1499938964844,401.95001220703125,403.79998779296875,573232,360.3203430175781
2019-12-16,406.79998779296875,411.6000061035156,406.20001220703125,409.70001220703125,511002,365.5850830078125
2019-12-17,407.3999938964844,408.29998779296875,401.1499938964844,402.6499938964844,734684,359.2942199707031
2019-12-18,401.5,403.0,400.1499938964844,400.8500061035156,593446,357.68804931640625
2019-12-19,401.45001220703125,402.25,399.20001220703125,402.25,429682,358.93731689453125
2019-12-20,403.75,410.5,400.5,410.5,1290604,366.2989196777344
2019-12-23,410.0,414.6499938964844,408.0,413.79998779296875,363715,369.24359130859375
2019-12-24,413.0,415.5,412.5,414.1000061035156,65511,369.5113220214844
2019-12-25,414.1000061035156,414.1000061035156,414.1000061035156,414.1000061035156,0,369.5113220214844
2019-12-27,417.0,419.45001220703125,415.20001220703125,417.6000061035156,364536,372.63446044921875
2019-12-30,419.25,419.5,414.04998779296875,414.6000061035156,226651,369.9574890136719
2019-12-31,414.20001220703125,416.5,411.8500061035156,414.20001220703125,102945,369.6005859375
2020-01-02,418.0,421.5,416.3999938964844,419.1499938964844,347226,374.01751708984375
2020-01-03,417.0,419.1000061035156,414.1000061035156,419.1000061035156,291716,373.9729309082031
2020-01-06,415.0,416.20001220703125,408.6000061035156,415.1499938964844,363953,370.44830322265625
2020-01-07,417.6000061035156,421.54998779296875,415.3999938964844,416.0,363885,371.2066955566406
2020-01-08,414.70001220703125,418.79998779296875,413.54998779296875,418.79998779296875,360741,373.7052001953125
2020-01-09,422.0,424.5,421.3500061035156,424.5,378062,378.7914733886719
2020-01-10,425.20001220703125,426.29998779296875,422.6499938964844,423.6499938964844,268887,378.0329895019531
2020-01-13,424.54998779296875,428.0,423.70001220703125,426.75,375035,380.7992248535156
2020-01-14,427.6000061035156,431.29998779296875,423.6000061035156,431.0,513855,384.5915832519531
2020-01-15,432.6000061035156,433.70001220703125,428.95001220703125,431.45001220703125,429805,384.9931335449219
2020-01-16,432.6000061035156,434.95001220703125,429.6000061035156,431.8999938964844,442227,385.3946838378906
2020-01-17,435.0,439.04998779296875,432.6499938964844,439.04998779296875,519809,391.7747802734375
2020-01-20,438.25,438.25,428.54998779296875,429.75,345795,383.47613525390625
2020-01-21,419.70001220703125,426.1000061035156,412.6000061035156,424.95001220703125,674294,379.1929931640625
2020-01-22,426.3999938964844,427.25,423.1499938964844,423.45001220703125,427634,377.8545227050781
2020-01-23,417.8500061035156,421.3500061035156,411.6499938964844,411.95001220703125,663493,367.59283447265625
2020-01-24,417.1000061035156,422.3999938964844,415.0,416.29998779296875,537172,371.47442626953125
2020-01-27,402.8999938964844,405.54998779296875,398.25,401.0,1193045,357.8218688964844
2020-01-28,402.5,412.0,400.8999938964844,412.0,911017,367.637451171875
2020-01-29,412.0,420.6499938964844,404.3999938964844,407.6000061035156,1050070,363.711181640625
2020-01-30,400.04998779296875,404.8999938964844,397.5,398.8999938964844,919787,355.94793701171875
2020-01-31,400.79998779296875,401.1499938964844,394.1000061035156,395.29998779296875,852171,352.735595703125
2020-02-03,394.6499938964844,399.20001220703125,391.04998779296875,396.75,561461,354.029541015625
2020-02-04,400.0,410.6000061035156,399.45001220703125,410.6000061035156,721603,366.3882141113281
2020-02-05,408.54998779296875,418.70001220703125,406.3500061035156,415.0,851040,370.31439208984375
2020-02-06,418.3500061035156,420.1000061035156,412.04998779296875,418.04998779296875,576989,373.0359802246094
2020-02-07,414.1499938964844,417.1499938964844,409.0,413.95001220703125,557450,369.37750244140625
2020-02-10,411.0,414.45001220703125,409.70001220703125,413.54998779296875,538239,369.0205383300781
2020-02-11,416.04998779296875,417.70001220703125,411.1000061035156,412.3500061035156,485463,367.9497375488281
2020-02-12,414.1000061035156,424.70001220703125,412.79998779296875,424.70001220703125,646869,378.9699401855469
2020-02-13,421.54998779296875,423.45001220703125,416.04998779296875,421.54998779296875,564012,376.1590881347656
2020-02-14,421.0,421.5,414.95001220703125,414.95001220703125,439401,370.2698059082031
2020-02-17,415.75,418.6000061035156,414.04998779296875,414.3999938964844,310146,369.7789611816406
2020-02-18,409.8999938964844,411.0,407.75,408.8500061035156,552569,364.8266296386719
2020-02-19,412.3500061035156,419.04998779296875,407.6000061035156,419.04998779296875,541054,373.92828369140625
2020-02-20,419.04998779296875,419.5,409.79998779296875,409.79998779296875,506684,365.67431640625
2020-02-21,407.95001220703125,411.95001220703125,403.20001220703125,404.5,719448,360.9449768066406
2020-02-24,384.20001220703125,391.95001220703125,375.25,385.6499938964844,1626587,344.12469482421875
2020-02-25,387.54998779296875,389.04998779296875,380.04998779296875,380.04998779296875,1078187,339.127685546875
2020-02-26,377.0,386.95001220703125,368.04998779296875,385.25,1162703,343.767822265625
2020-02-27,375.0,377.5,362.6499938964844,369.8500061035156,1797670,330.0260314941406
2020-02-28,355.75,373.3500061035156,353.1499938964844,370.8500061035156,2347024,330.9183044433594
2020-03-02,385.0,385.0,361.1000061035156,376.1000061035156,1693434,335.60308837890625
2020-03-03,385.0,388.79998779296875,376.0,377.3500061035156,1361667,336.7183837890625
2020-03-04,378.25,387.0,374.8500061035156,385.20001220703125,918251,343.72320556640625
2020-03-05,388.0,388.0,373.79998779296875,374.54998779296875,911965,334.2198791503906
2020-03-06,365.0,370.25,355.95001220703125,360.3500061035156,1519151,321.54888916015625
2020-03-09,340.75,344.1499938964844,331.04998779296875,338.0,2442726,301.60546875
2020-03-10,342.29998779296875,357.95001220703125,332.79998779296875,334.79998779296875,1610721,298.7500305175781
2020-03-11,337.20001220703125,340.29998779296875,329.79998779296875,330.1499938964844,1572252,294.60064697265625
2020-03-12,307.1000061035156,317.29998779296875,295.0,301.5,3098476,269.03564453125
2020-03-13,316.54998779296875,338.3500061035156,309.6000061035156,314.8999938964844,2334042,280.9927978515625
2020-03-16,292.0,305.75,278.70001220703125,297.6000061035156,2802823,265.5555725097656
2020-03-17,307.0,316.0,297.20001220703125,311.25,1972486,277.73583984375
2020-03-18,296.1000061035156,304.75,285.1499938964844,287.95001220703125,1603134,256.9447021484375
2020-03-19,291.29998779296875,299.0,282.1499938964844,294.95001220703125,1327016,263.1909484863281
2020-03-20,315.54998779296875,323.1000061035156,307.29998779296875,311.0,1996468,277.5127258300781
2020-03-23,300.0,318.79998779296875,300.0,311.3999938964844,1218819,277.8696594238281
2020-03-24,324.04998779296875,342.0,320.20001220703125,339.1499938964844,1460277,302.631591796875
2020-03-25,349.29998779296875,363.5,338.6499938964844,363.5,1331999,324.3597412109375
2020-03-26,350.5,363.70001220703125,341.1499938964844,363.70001220703125,1251959,324.5381774902344
2020-03-27,351.3999938964844,355.8999938964844,335.79998779296875,341.6499938964844,1072791,304.8624267578125
2020-03-30,348.6000061035156,350.0,333.04998779296875,350.0,711278,312.3134460449219
2020-03-31,355.0,355.95001220703125,335.79998779296875,338.45001220703125,1010235,302.00701904296875
2020-04-01,328.0,332.54998779296875,321.1000061035156,324.6499938964844,1043341,289.69293212890625
2020-04-02,326.1499938964844,328.25,316.1000061035156,325.3500061035156,697471,290.3175354003906
2020-04-03,323.54998779296875,328.95001220703125,320.04998779296875,325.04998779296875,507455,290.04986572265625
2020-04-06,336.5,346.6000061035156,334.3999938964844,339.75,770040,303.16705322265625
2020-04-07,350.0,354.45001220703125,342.6499938964844,344.5,814971,307.405517578125
2020-04-08,349.45001220703125,350.0,339.70001220703125,343.20001220703125,466780,306.2455749511719
2020-04-09,351.0,351.1499938964844,338.8999938964844,347.3999938964844,697149,309.9933166503906
2020-04-14,351.20001220703125,355.1000061035156,348.5,352.0,634000,314.0980224609375
2020-04-15,352.0,352.04998779296875,337.95001220703125,342.0,743853,305.1748046875
2020-04-16,343.3999938964844,348.20001220703125,339.70001220703125,342.79998779296875,698898,305.8885803222656
2020-04-17,360.0,363.29998779296875,357.1499938964844,358.0,1230602,319.4519958496094
2020-04-20,364.25,364.29998779296875,352.45001220703125,360.45001220703125,688269,321.63812255859375
2020-04-21,353.3500061035156,356.75,349.04998779296875,350.0,661016,312.3134460449219
2020-04-22,353.0,354.6499938964844,347.79998779296875,353.45001220703125,461394,315.391845703125
2020-04-23,358.0,358.0,345.5,348.6499938964844,457675,311.1087341308594
2020-04-24,344.0,348.25,340.8500061035156,340.8500061035156,487270,304.1485595703125
2020-04-27,347.29998779296875,350.95001220703125,346.1499938964844,350.95001220703125,416668,313.1610107421875
2020-04-28,350.54998779296875,360.54998779296875,348.3500061035156,357.0,537054,318.5596618652344
2020-04-29,356.5,359.79998779296875,350.04998779296875,359.79998779296875,542481,321.0580749511719
2020-04-30,361.6000061035156,362.8500061035156,351.3999938964844,352.45001220703125,826049,314.4995422363281
2020-05-04,345.0,345.79998779296875,332.95001220703125,338.54998779296875,935408,302.09625244140625
2020-05-05,342.0,343.70001220703125,336.79998779296875,342.5,523195,305.62091064453125
2020-05-06,342.54998779296875,344.0,335.70001220703125,336.3999938964844,451644,300.177734375
2020-05-07,339.25,347.45001220703125,338.5,345.54998779296875,459323,308.3424987792969
2020-05-08,350.0,354.3999938964844,349.04998779296875,352.25,388988,314.321044921875
2020-05-11,355.0,356.0,345.8999938964844,348.8999938964844,340324,311.3318176269531
2020-05-12,346.75,350.54998779296875,346.54998779296875,346.8500061035156,355695,309.5025939941406
2020-05-13,343.5,344.1499938964844,333.20001220703125,335.04998779296875,619814,298.97308349609375
2020-05-14,330.1000061035156,333.20001220703125,324.29998779296875,331.0,727899,295.3592224121094
2020-05-15,333.75,335.54998779296875,327.70001220703125,330.25,608567,294.6899108886719
2020-05-18,336.1499938964844,351.5,334.54998779296875,350.04998779296875,768348,312.3579406738281
2020-05-19,355.0,359.45001220703125,349.95001220703125,357.5,933641,319.0057678222656
2020-05-20,355.6499938964844,361.75,352.70001220703125,361.75,515787,322.798095703125
2020-05-21,356.54998779296875,362.20001220703125,355.1000061035156,359.8500061035156,417304,321.10272216796875
2020-05-22,353.0,357.79998779296875,351.0,355.29998779296875,449902,317.0426330566406
2020-05-25,357.70001220703125,362.04998779296875,352.79998779296875,361.95001220703125,344725,322.97662353515625
2020-05-26,365.0,371.5,363.45001220703125,365.3999938964844,571246,326.05511474609375
2020-05-27,367.8999938964844,375.5,363.1499938964844,373.8500061035156,755724,333.5952453613281
2020-05-28,377.5,387.29998779296875,374.3500061035156,386.79998779296875,744833,345.1508483886719
2020-05-29,386.0,386.0,375.0,375.0,1158588,334.6214599609375
2020-06-01,383.3500061035156,383.6000061035156,375.45001220703125,378.8999938964844,591268,338.1015319824219
2020-06-02,383.6000061035156,386.70001220703125,380.1000061035156,384.95001220703125,885105,343.5000305175781
2020-06-03,388.0,394.1499938964844,383.54998779296875,393.45001220703125,929648,351.0848693847656
2020-06-04,392.0,395.8500061035156,385.8999938964844,390.04998779296875,880766,348.0509338378906
2020-06-05,392.3999938964844,405.20001220703125,392.0,404.25,1094237,360.7219543457031
2020-06-08,401.0,401.25,394.5,396.1000061035156,801805,353.449462890625
2020-06-09,397.20001220703125,399.3500061035156,391.1499938964844,395.29998779296875,831921,352.735595703125
2020-06-10,397.29998779296875,401.3500061035156,396.6000061035156,398.3999938964844,603868,355.50177001953125
2020-06-11,390.0,390.6499938964844,375.1000061035156,375.1000061035156,894020,334.7106628417969
2020-06-12,373.20001220703125,388.75,371.0,379.1499938964844,824496,338.3245544433594
2020-06-15,369.1499938964844,375.0,363.75,371.45001220703125,595943,331.4536437988281
2020-06-16,377.6000061035156,379.8999938964844,370.5,376.79998779296875,889962,336.2276611328125
2020-06-17,376.45001220703125,380.20001220703125,373.6000061035156,379.1499938964844,677354,338.3245544433594
2020-06-18,379.8500061035156,382.6499938964844,374.20001220703125,377.29998779296875,530513,336.6737060546875
2020-06-19,381.3999938964844,387.6499938964844,379.75,380.04998779296875,1330873,339.127685546875
2020-06-22,376.0,383.3500061035156,373.1499938964844,378.8999938964844,404732,338.1015319824219
2020-06-23,383.20001220703125,392.3999938964844,381.79998779296875,390.6499938964844,664637,348.5863037109375
2020-06-24,388.1000061035156,389.04998779296875,380.04998779296875,381.3500061035156,595470,340.2876892089844
2020-06-25,381.3999938964844,386.95001220703125,373.25,383.8500061035156,586397,342.5185546875
2020-06-26,386.54998779296875,393.79998779296875,385.1499938964844,387.70001220703125,533072,345.9539794921875
2020-06-29,387.04998779296875,391.75,383.8999938964844,389.5,548762,347.5601501464844
2020-06-30,389.54998779296875,393.45001220703125,386.6499938964844,390.5,552740,348.4524230957031
2020-07-01,391.3500061035156,394.54998779296875,384.04998779296875,391.6000061035156,476216,349.43402099609375
2020-07-02,395.29998779296875,403.95001220703125,393.29998779296875,401.8500061035156,586143,358.5803527832031
2020-07-03,402.5,403.1000061035156,394.6499938964844,396.70001220703125,297283,353.98486328125
2020-07-06,404.6499938964844,405.29998779296875,400.95001220703125,404.0,500923,360.49884033203125
2020-07-07,399.8999938964844,404.0,396.75,402.6499938964844,345700,361.6214904785156
2020-07-08,399.0,402.6499938964844,397.3500061035156,399.79998779296875,352788,359.06182861328125
2020-07-09,402.0,405.25,398.6000061035156,400.95001220703125,383571,360.0947265625
2020-07-10,395.04998779296875,401.04998779296875,395.0,400.70001220703125,418623,359.87017822265625
2020-07-13,405.0,409.45001220703125,399.8500061035156,408.3500061035156,388756,366.74066162109375
2020-07-14,403.5,404.6499938964844,396.79998779296875,404.6499938964844,443914,363.41766357421875
2020-07-15,407.20001220703125,416.95001220703125,406.8500061035156,412.04998779296875,647890,370.0636901855469
2020-07-16,407.95001220703125,411.04998779296875,405.1000061035156,408.1499938964844,379050,366.5610046386719
2020-07-17,409.79998779296875,413.95001220703125,408.25,410.25,552764,368.4471130371094
2020-07-20,410.25,412.95001220703125,404.8500061035156,412.79998779296875,346202,370.7371826171875
2020-07-21,414.54998779296875,418.29998779296875,408.8500061035156,409.95001220703125,351889,368.1776123046875
2020-07-22,411.3500061035156,411.6000061035156,403.45001220703125,404.0,396240,362.83392333984375
2020-07-23,406.5,406.54998779296875,401.29998779296875,403.6000061035156,482134,362.47467041015625
2020-07-24,397.8999938964844,399.6000061035156,393.0,399.1000061035156,480869,358.4332275390625
2020-07-27,400.0,405.3500061035156,399.25,401.3999938964844,421074,360.498779296875
2020-07-28,391.79998779296875,391.95001220703125,378.3500061035156,385.04998779296875,916437,345.8148498535156
2020-07-29,383.0,388.70001220703125,382.6000061035156,387.1499938964844,446203,347.7008972167969
2020-07-30,384.0,385.29998779296875,370.54998779296875,373.8500061035156,713632,335.75604248046875
2020-07-31,373.3500061035156,377.29998779296875,365.95001220703125,366.75,681171,329.3796081542969
2020-08-03,366.45001220703125,375.75,364.5,372.29998779296875,456262,334.364013671875
2020-08-04,374.25,376.0,368.79998779296875,371.6499938964844,357667,333.7803039550781
2020-08-05,374.45001220703125,376.1000061035156,371.25,376.1000061035156,313441,337.7768859863281
2020-08-06,375.70001220703125,377.79998779296875,369.75,374.0,360618,335.89080810546875
2020-08-07,372.95001220703125,376.95001220703125,371.79998779296875,374.0,350718,335.89080810546875
2020-08-10,376.0,376.3999938964844,370.54998779296875,371.54998779296875,237955,333.6904296875
2020-08-11,374.0,386.25,373.1499938964844,382.70001220703125,490581,343.7043151855469
2020-08-12,383.45001220703125,392.45001220703125,381.54998779296875,391.20001220703125,432148,351.33819580078125
2020-08-13,391.1000061035156,394.3500061035156,390.75,391.20001220703125,219154,351.33819580078125
2020-08-14,390.0,390.3999938964844,384.04998779296875,386.04998779296875,296881,346.712890625
2020-08-17,388.45001220703125,391.1000061035156,385.25,387.75,298975,348.2397155761719
2020-08-18,386.20001220703125,389.54998779296875,383.20001220703125,386.04998779296875,339896,346.712890625
2020-08-19,386.29998779296875,387.54998779296875,383.20001220703125,387.20001220703125,215081,347.7458190917969
2020-08-20,381.3500061035156,384.1000061035156,379.3500061035156,383.3500061035156,377296,344.2880554199219
2020-08-21,385.0,386.6499938964844,380.1000061035156,385.45001220703125,482939,346.1741027832031
2020-08-24,389.8500061035156,395.29998779296875,387.70001220703125,393.45001220703125,369998,353.35894775390625
2020-08-25,395.3500061035156,400.95001220703125,394.5,397.04998779296875,385894,356.5920715332031
2020-08-26,395.29998779296875,403.79998779296875,393.29998779296875,403.0,282445,361.9358215332031
2020-08-27,404.0,404.54998779296875,398.0,401.0,279205,360.1396179199219
2020-08-28,401.1000061035156,402.0,394.79998779296875,396.3500061035156,297763,355.9634704589844
2020-08-31,397.79998779296875,402.54998779296875,392.3500061035156,392.79998779296875,368517,352.775146484375
2020-09-01,395.1000061035156,398.70001220703125,390.8500061035156,396.70001220703125,383933,356.27777099609375
2020-09-02,399.1000061035156,410.75,397.70001220703125,407.25,584239,365.7527160644531
2020-09-03,411.0,416.6499938964844,405.20001220703125,408.3999938964844,544668,366.78558349609375
2020-09-04,404.95001220703125,410.79998779296875,399.75,402.8500061035156,502695,361.80108642578125
2020-09-07,405.6000061035156,410.04998779296875,404.75,408.79998779296875,287600,367.14483642578125
2020-09-08,408.1000061035156,409.04998779296875,399.5,404.3999938964844,361780,363.1931457519531
2020-09-09,403.45001220703125,409.1000061035156,398.75,404.04998779296875,483955,362.87884521484375
2020-09-10,400.0,407.25,397.8999938964844,404.3500061035156,431048,363.14825439453125
2020-09-11,405.3999938964844,418.25,405.25,416.6000061035156,510733,374.1500244140625
2020-09-14,420.0,421.79998779296875,415.6499938964844,420.25,453320,377.4280700683594
2020-09-15,421.70001220703125,425.8999938964844,419.0,424.0,317548,380.79595947265625
2020-09-16,422.6499938964844,427.8999938964844,422.25,426.1499938964844,443331,382.7268981933594
2020-09-17,420.0,424.79998779296875,418.5,420.0,390956,377.20355224609375
2020-09-18,420.0,422.25,413.8500061035156,413.8500061035156,1548938,371.68023681640625
2020-09-21,411.1000061035156,413.0,393.6499938964844,395.54998779296875,711246,355.244873046875
2020-09-22,396.29998779296875,398.8999938964844,390.70001220703125,391.04998779296875,501677,351.2034606933594
2020-09-23,396.1000061035156,402.29998779296875,395.20001220703125,400.1000061035156,439307,359.331298828125
2020-09-24,394.8500061035156,405.5,393.0,401.79998779296875,431987,360.85809326171875
2020-09-25,400.70001220703125,401.0,392.5,400.20001220703125,462863,359.4211730957031
2020-09-28,404.0,407.20001220703125,401.0,405.8999938964844,387984,364.5403137207031
2020-09-29,404.8500061035156,409.95001220703125,402.8999938964844,409.95001220703125,335336,368.1776123046875
2020-09-30,405.20001220703125,409.5,399.3999938964844,399.3999938964844,595051,358.7026062011719
2020-10-01,404.20001220703125,411.20001220703125,404.0,409.70001220703125,522770,367.953125
2020-10-02,404.45001220703125,407.6499938964844,402.0,407.6499938964844,369092,366.1119384765625
2020-10-05,410.0,414.1000061035156,408.8999938964844,412.54998779296875,360824,370.5126647949219
2020-10-06,412.45001220703125,414.1000061035156,407.45001220703125,411.20001220703125,298711,369.30029296875
2020-10-07,413.0,416.54998779296875,407.3500061035156,410.75,339680,368.89605712890625
2020-10-08,412.54998779296875,414.45001220703125,406.0,407.20001220703125,295725,365.7078857421875
2020-10-09,408.04998779296875,411.8999938964844,406.1000061035156,411.8999938964844,275802,369.9289245605469
2020-10-12,412.70001220703125,418.54998779296875,411.6000061035156,418.25,340973,375.63189697265625
2020-10-13,417.5,418.3999938964844,414.1000061035156,416.75,268226,374.28472900390625
2020-10-14,416.75,417.54998779296875,409.45001220703125,412.20001220703125,329409,370.1983642578125
2020-10-15,408.95001220703125,409.1000061035156,399.95001220703125,403.0,542296,361.9358215332031
2020-10-16,422.45001220703125,435.75,422.45001220703125,432.6000061035156,904898,388.5196533203125
2020-10-19,436.70001220703125,440.29998779296875,431.25,432.29998779296875,350404,388.2502746582031
2020-10-20,429.8999938964844,435.3999938964844,428.8999938964844,430.20001220703125,379163,386.3642272949219
2020-10-21,431.5,431.54998779296875,422.25,427.79998779296875,428130,384.2087707519531
2020-10-22,423.79998779296875,430.6000061035156,418.0,427.20001220703125,428472,383.6698913574219
2020-10-23,423.79998779296875,428.8500061035156,422.0,428.0,371843,384.38836669921875
2020-10-26,423.1000061035156,426.25,420.75,421.75,398248,378.7752685546875
2020-10-27,419.95001220703125,420.8500061035156,415.20001220703125,418.8500061035156,542810,376.1707458496094
2020-10-28,410.5,414.0,396.29998779296875,402.1499938964844,834554,361.1724548339844
2020-10-29,398.0,407.04998779296875,397.0,403.79998779296875,590020,362.65423583984375
2020-10-30,397.54998779296875,405.8999938964844,397.54998779296875,402.29998779296875,547480,361.30706787109375
2020-11-02,402.29998779296875,409.1000061035156,399.45001220703125,405.6499938964844,483742,364.3157958984375
2020-11-03,409.5,410.3999938964844,406.95001220703125,408.95001220703125,471809,367.279541015625
2020-11-04,402.75,421.8999938964844,402.0,421.79998779296875,528473,378.8201599121094
2020-11-05,426.25,437.3999938964844,425.20001220703125,436.75,672597,392.2467956542969
2020-11-06,435.29998779296875,437.95001220703125,429.54998779296875,435.5,452199,391.1241149902344
2020-11-09,440.3999938964844,475.6000061035156,437.25,468.8500061035156,1163330,421.075927734375
2020-11-10,461.79998779296875,477.6499938964844,460.45001220703125,474.0,926951,425.701171875
2020-11-11,473.70001220703125,489.5,473.70001220703125,487.3999938964844,630882,437.7358093261719
2020-11-12,482.04998779296875,488.0,472.3999938964844,472.8500061035156,602791,424.6683654785156
2020-11-13,472.0,475.75,467.3999938964844,469.75,485569,421.8841857910156
2020-11-16,475.04998779296875,480.1000061035156,470.0,477.29998779296875,497178,428.6649475097656
2020-11-17,476.6000061035156,479.3500061035156,472.45001220703125,475.0,364093,426.5992126464844
2020-11-18,475.70001220703125,487.3999938964844,474.25,486.1499938964844,538478,436.61309814453125
2020-11-19,484.75,489.95001220703125,483.8500061035156,488.6499938964844,499206,438.8583679199219
2020-11-20,487.54998779296875,494.6499938964844,486.79998779296875,492.54998779296875,684052,442.3609924316406
2020-11-23,495.5,498.79998779296875,492.5,492.5,466197,442.3160400390625
2020-11-24,495.0,496.1499938964844,488.04998779296875,494.8500061035156,485818,444.4266052246094
2020-11-25,494.29998779296875,497.70001220703125,493.1000061035156,494.20001220703125,544696,443.8428955078125
2020-11-26,497.20001220703125,498.20001220703125,494.0,495.75,286541,445.23492431640625
2020-11-27,494.5,499.5,493.6499938964844,496.0,586217,445.45947265625
2020-11-30,491.04998779296875,499.04998779296875,482.8999938964844,482.8999938964844,1134522,433.69427490234375
2020-12-01,487.0,496.75,486.0,496.75,514698,447.98846435546875
2020-12-02,495.0,497.95001220703125,494.25,497.8500061035156,353373,448.9804382324219
2020-12-03,498.0,500.5,496.1499938964844,498.0,332716,449.11578369140625
2020-12-04,497.5,498.95001220703125,489.6000061035156,492.25,542580,443.93017578125
2020-12-07,491.6000061035156,493.70001220703125,486.95001220703125,493.70001220703125,375438,445.23785400390625
2020-12-08,492.04998779296875,496.8500061035156,489.8999938964844,494.45001220703125,323359,445.9142150878906
2020-12-09,498.3500061035156,499.0,494.70001220703125,498.0,411414,449.11578369140625
2020-12-10,498.45001220703125,502.3999938964844,494.8500061035156,501.0,466149,451.8213195800781
2020-12-11,499.29998779296875,503.8999938964844,495.6000061035156,500.3999938964844,382300,451.2801513671875
2020-12-14,501.6000061035156,512.2000122070312,499.1000061035156,509.20001220703125,433394,459.21636962890625
2020-12-15,510.5,515.2000122070312,507.20001220703125,507.20001220703125,535189,457.41265869140625
2020-12-16,509.5,514.7999877929688,502.8999938964844,505.0,398944,455.4285888671875
2020-12-17,510.0,511.79998779296875,502.29998779296875,502.8999938964844,388090,453.53466796875
2020-12-18,500.6000061035156,505.5,497.6499938964844,499.54998779296875,1032272,450.5135498046875
2020-12-21,490.04998779296875,493.1000061035156,484.3999938964844,490.20001220703125,479857,442.0813903808594
2020-12-22,493.3500061035156,496.5,488.6000061035156,492.29998779296875,382128,443.9752502441406
2020-12-23,493.8500061035156,496.8999938964844,490.20001220703125,496.1000061035156,249098,447.4022216796875
2020-12-24,497.0,498.54998779296875,493.8500061035156,496.45001220703125,73147,447.7178955078125
2020-12-28,499.54998779296875,506.5,497.5,504.0,220715,454.5267333984375
2020-12-29,506.8999938964844,514.7000122070312,506.8999938964844,512.7999877929688,301703,462.4629821777344
2020-12-30,512.5999755859375,517.2000122070312,511.70001220703125,513.0999755859375,249571,462.73345947265625
2020-12-31,512.2000122070312,516.7999877929688,510.6000061035156,510.8999938964844,130740,460.7494201660156
2021-01-04,516.2000122070312,518.2999877929688,509.79998779296875,512.0999755859375,343503,461.8316345214844
2021-01-05,509.6000061035156,515.7999877929688,503.3999938964844,506.20001220703125,303053,456.5108337402344
2021-01-06,511.8999938964844,512.2999877929688,499.3500061035156,502.29998779296875,439147,452.99365234375
2021-01-07,505.20001220703125,518.2999877929688,501.1000061035156,515.2999877929688,458616,464.71759033203125
2021-01-08,520.5,525.2999877929688,516.5,525.2999877929688,458513,473.7359313964844
2021-01-11,522.0,525.0999755859375,518.0999755859375,522.4000244140625,394924,471.1205749511719
2021-01-12,522.0,523.0,513.5,515.7999877929688,374428,465.16845703125
2021-01-13,517.2000122070312,520.2999877929688,510.29998779296875,512.0999755859375,317983,461.8316345214844
2021-01-14,513.4000244140625,515.2000122070312,508.0,508.0,446027,458.1341247558594
2021-01-15,506.0,508.20001220703125,492.45001220703125,493.95001220703125,692278,445.46331787109375
2021-01-18,494.0,501.8999938964844,494.0,499.6499938964844,342930,450.6037292480469
2021-01-19,502.1000061035156,502.79998779296875,489.04998779296875,491.04998779296875,468063,442.8479309082031
2021-01-20,493.0,507.79998779296875,492.20001220703125,507.70001220703125,592958,457.863525390625
2021-01-21,510.8999938964844,512.2999877929688,507.6000061035156,507.6000061035156,333005,457.7733154296875
2021-01-22,507.0,512.0999755859375,503.5,511.5,425645,461.2905578613281
2021-01-25,513.2999877929688,514.5,501.3999938964844,501.8999938964844,415757,452.63287353515625
2021-01-26,500.5,513.5,500.29998779296875,508.0,391663,458.1341247558594
2021-01-27,515.0,518.0,495.04998779296875,506.3999938964844,669459,456.6911315917969
2021-01-28,504.0,517.0999755859375,499.04998779296875,517.0,511413,466.2506408691406
2021-01-29,507.5,510.6000061035156,498.29998779296875,498.29998779296875,817196,449.38629150390625
2021-02-01,505.0,509.6000061035156,501.6000061035156,507.70001220703125,430015,457.863525390625
2021-02-02,512.7000122070312,524.9000244140625,511.1000061035156,524.9000244140625,547709,473.375244140625
2021-02-03,526.0999755859375,528.7999877929688,520.5999755859375,524.5,369967,473.0144348144531
2021-02-04,523.2999877929688,525.7999877929688,520.2999877929688,525.0999755859375,312012,473.5555114746094
2021-02-05,527.0,530.2999877929688,523.5999755859375,528.7000122070312,304785,476.8021545410156
2021-02-08,530.7999877929688,533.2999877929688,525.7000122070312,527.9000244140625,328124,476.0807189941406
2021-02-09,531.5999755859375,541.0999755859375,528.0,537.0,376854,484.2874450683594
2021-02-10,541.9000244140625,542.0999755859375,527.0999755859375,529.5,302934,477.5236511230469
2021-02-11,530.0,533.0999755859375,526.5,531.5,362743,479.3273620605469
2021-02-12,529.2999877929688,529.7000122070312,525.5,529.2999877929688,312149,477.3432922363281
2021-02-15,531.2000122070312,536.2999877929688,529.4000244140625,535.9000244140625,304779,483.2953796386719
2021-02-16,535.9000244140625,540.2000122070312,531.5999755859375,539.7999877929688,297402,486.8125915527344
2021-02-17,536.0,541.5999755859375,530.5999755859375,535.0,364343,482.4837646484375
2021-02-18,534.2000122070312,538.4000244140625,530.5,534.0,345527,481.58197021484375
2021-02-19,536.5999755859375,544.0,536.0999755859375,541.7999877929688,420401,488.6162414550781
2021-02-22,539.7000122070312,543.5999755859375,535.4000244140625,542.9000244140625,281071,489.6083679199219
2021-02-23,545.0,545.2000122070312,532.5,539.4000244140625,326853,486.4518737792969
2021-02-24,538.0,539.2999877929688,530.5999755859375,532.7999877929688,389117,480.49969482421875
2021-02-25,533.9000244140625,536.2999877929688,529.0999755859375,531.0,341801,478.8764343261719
2021-02-26,523.5999755859375,529.7000122070312,519.5,525.0,509151,473.46533203125
2021-03-01,530.0,537.2999877929688,529.9000244140625,537.0999755859375,312876,484.3775634765625
2021-03-02,537.0999755859375,543.0,534.7000122070312,539.2999877929688,268383,486.3617248535156
2021-03-03,543.2000122070312,550.0,539.2000122070312,543.7999877929688,402528,490.4198913574219
2021-03-04,542.0999755859375,546.7000122070312,530.0999755859375,533.9000244140625,461650,481.49176025390625
2021-03-05,530.0,533.0,523.0999755859375,523.2000122070312,468641,471.84210205078125
2021-03-08,525.0999755859375,535.4000244140625,518.7000122070312,534.9000244140625,487719,482.3935546875
2021-03-09,532.7000122070312,542.0,527.7000122070312,540.7000122070312,424729,487.624267578125
2021-03-10,540.5,554.2999877929688,540.0999755859375,553.0,377397,498.71685791015625
2021-03-11,553.7000122070312,564.5999755859375,553.4000244140625,564.5,348410,509.0880126953125
2021-03-12,565.9000244140625,566.9000244140625,557.5999755859375,563.4000244140625,349657,508.0960388183594
2021-03-15,564.7000122070312,567.5,553.5999755859375,558.2000122070312,330231,503.40643310546875
2021-03-16,556.2000122070312,561.9000244140625,555.0999755859375,560.2999877929688,330076,505.3002014160156
2021-03-17,560.4000244140625,569.2000122070312,558.9000244140625,568.2000122070312,305038,512.4248657226562
2021-03-18,570.5,570.7999877929688,561.2999877929688,566.2999877929688,421418,510.7112121582031
2021-03-19,559.0999755859375,563.7999877929688,555.5,557.4000244140625,1041228,502.6849670410156
2021-03-22,556.2000122070312,563.2000122070312,554.2999877929688,556.5999755859375,306281,501.9635009765625
2021-03-23,554.7000122070312,557.5,551.4000244140625,554.2000122070312,302183,499.79913330078125
2021-03-24,550.0,556.0999755859375,549.4000244140625,553.4000244140625,327022,499.0777282714844
2021-03-25,550.0,556.7999877929688,547.0999755859375,555.5999755859375,298409,501.0617370605469
2021-03-26,555.5999755859375,558.7000122070312,552.5,554.9000244140625,319037,500.43035888671875
2021-03-29,555.5999755859375,559.7999877929688,554.7999877929688,554.9000244140625,223531,500.43035888671875
2021-03-30,557.7999877929688,573.5,557.7999877929688,573.5,463377,517.2045288085938
2021-03-31,573.5,573.5,564.5999755859375,568.0999755859375,440619,512.3345947265625
2021-04-01,573.7000122070312,573.7999877929688,566.0999755859375,571.7000122070312,318700,515.581298828125
2021-04-06,580.0,580.4000244140625,572.5,576.7999877929688,307550,520.1805419921875
2021-04-07,576.7000122070312,577.2999877929688,571.7999877929688,577.2000122070312,257919,520.5413818359375
2021-04-08,580.2999877929688,587.5999755859375,580.0999755859375,586.0999755859375,338943,528.5677490234375
2021-04-09,586.5,592.5,583.4000244140625,588.2999877929688,297019,530.5517578125
2021-04-12,588.7999877929688,591.9000244140625,583.5,589.7000122070312,286923,531.8143920898438
2021-04-13,590.0999755859375,596.7999877929688,587.5999755859375,594.7999877929688,443772,536.4136962890625
2021-04-14,610.0,614.0,606.0999755859375,611.7999877929688,577458,551.7449340820312
2021-04-15,610.9000244140625,616.7000122070312,604.9000244140625,616.7000122070312,518798,556.1640625
2021-04-16,617.0999755859375,630.5,614.7999877929688,630.0,587186,568.1585083007812
2021-04-19,632.2000122070312,632.7999877929688,622.5999755859375,624.9000244140625,328492,563.55908203125
2021-04-20,621.2999877929688,622.5999755859375,605.0999755859375,605.2999877929688,570894,549.399658203125
2021-04-21,605.0,627.7999877929688,603.2999877929688,624.5999755859375,515257,566.9173583984375
2021-04-22,628.0,637.7000122070312,626.7000122070312,632.0,436028,573.6339721679688
2021-04-23,630.4000244140625,634.0,623.9000244140625,628.0999755859375,366234,570.0941772460938
2021-04-26,623.9000244140625,629.5999755859375,622.0,625.7999877929688,265587,568.0064697265625
2021-04-27,625.0,633.9000244140625,623.9000244140625,632.7000122070312,320541,574.269287109375
2021-04-28,632.7000122070312,635.2999877929688,628.5999755859375,633.2000122070312,262268,574.72314453125
2021-04-29,635.9000244140625,639.9000244140625,632.2000122070312,635.7000122070312,290676,576.9922485351562
2021-04-30,635.5,637.7000122070312,625.7000122070312,626.2000122070312,349054,568.3696899414062
2021-05-03,627.2999877929688,635.2999877929688,627.2999877929688,630.5999755859375,242931,572.3632202148438
2021-05-04,631.2999877929688,632.5999755859375,617.2000122070312,618.9000244140625,413624,561.7438354492188
2021-05-05,622.9000244140625,631.7999877929688,622.5999755859375,631.7999877929688,374426,573.452392578125
2021-05-06,628.5999755859375,629.9000244140625,623.2999877929688,625.2999877929688,356074,567.5526733398438
2021-05-07,630.0,631.4000244140625,621.7999877929688,631.4000244140625,342019,573.0894165039062
2021-05-10,631.7000122070312,632.0999755859375,622.5999755859375,625.0,349795,567.2804565429688
2021-05-11,615.5,618.4000244140625,608.9000244140625,612.2999877929688,579901,555.7532348632812
2021-05-12,609.5,619.2999877929688,607.7000122070312,610.2000122070312,421915,553.84716796875
2021-05-13,606.0,618.5,600.0,616.0,349967,559.1116333007812
2021-05-14,624.5,628.0999755859375,621.2999877929688,628.0999755859375,336426,570.0941772460938
2021-05-17,630.0,632.5,621.9000244140625,624.0,224482,566.372802734375
2021-05-18,627.9000244140625,630.7000122070312,620.5,623.0,268294,565.4651489257812
2021-05-19,619.5,621.5,610.2000122070312,619.0999755859375,381205,561.9254150390625
2021-05-20,622.0,628.9000244140625,621.2999877929688,628.9000244140625,362431,570.8202514648438
2021-05-21,629.5,634.4000244140625,628.5999755859375,631.5999755859375,376258,573.2709350585938
2021-05-24,634.0,637.5,632.7000122070312,637.5,115728,578.6260375976562
2021-05-25,638.0999755859375,642.5999755859375,636.4000244140625,639.7000122070312,325085,580.6229248046875
2021-05-26,642.2000122070312,644.2999877929688,638.7000122070312,640.5999755859375,295544,581.439697265625
2021-05-27,640.9000244140625,652.7000122070312,636.7000122070312,648.4000244140625,638562,588.5194091796875
2021-05-28,648.7999877929688,656.2999877929688,648.7000122070312,655.7999877929688,256995,595.2360229492188
2021-05-31,656.7999877929688,660.5,651.2000122070312,652.0,228797,591.7869262695312
2021-06-01,655.5999755859375,660.4000244140625,652.7000122070312,657.0999755859375,294765,596.4158935546875
2021-06-02,658.5999755859375,661.9000244140625,652.9000244140625,661.0,295829,599.9557495117188
2021-06-03,659.2000122070312,662.9000244140625,652.7000122070312,654.2999877929688,290169,593.8744506835938
2021-06-04,655.0,656.2999877929688,649.2999877929688,651.2000122070312,281922,591.0609130859375
2021-06-07,650.9000244140625,657.2999877929688,646.4000244140625,657.2999877929688,369275,596.5974731445312
2021-06-08,657.7999877929688,664.5,653.2999877929688,659.7000122070312,290421,598.7758178710938
2021-06-09,667.0,667.5,660.4000244140625,662.5,232801,601.3171997070312
2021-06-10,665.0,665.5999755859375,654.0,657.7000122070312,285497,596.9605102539062
2021-06-11,658.4000244140625,671.9000244140625,657.5,668.0999755859375,353511,606.4000244140625
2021-06-14,673.7999877929688,676.2000122070312,668.7000122070312,672.5999755859375,255313,610.4844360351562
2021-06-15,676.5999755859375,680.7000122070312,674.2999877929688,677.7999877929688,279296,615.2042846679688
2021-06-16,680.0999755859375,683.5,675.7000122070312,682.2999877929688,320891,619.2887573242188
2021-06-17,683.0,688.2000122070312,677.0,687.2999877929688,331198,623.8269653320312
2021-06-18,687.0,698.9000244140625,681.0999755859375,681.0999755859375,695141,618.1995239257812
2021-06-21,677.0,684.4000244140625,673.5999755859375,680.0999755859375,308185,617.2918701171875
2021-06-22,680.0,684.2000122070312,675.7000122070312,681.2000122070312,299207,618.2903442382812
2021-06-23,681.2000122070312,682.5999755859375,667.7999877929688,669.0999755859375,337572,607.3076782226562
2021-06-24,673.2000122070312,677.7999877929688,671.4000244140625,673.2000122070312,346811,611.029052734375
2021-06-25,673.9000244140625,677.2999877929688,670.2999877929688,673.5999755859375,242811,611.39208984375
2021-06-28,670.7000122070312,673.2000122070312,666.5999755859375,667.5999755859375,252827,605.9462890625
2021-06-29,667.0999755859375,677.5,666.9000244140625,674.0,271145,611.7553100585938
2021-06-30,676.0,677.2999877929688,661.2999877929688,661.2999877929688,556819,600.2280883789062
2021-07-01,665.2000122070312,671.0,658.5,663.9000244140625,325479,602.5879516601562
2021-07-02,662.9000244140625,666.0999755859375,660.5999755859375,663.4000244140625,225664,602.1342163085938
2021-07-05,660.9000244140625,666.0999755859375,659.0,660.7000122070312,178377,599.6834106445312
2021-07-06,659.0,662.2000122070312,652.4000244140625,655.7999877929688,290716,595.2360229492188
2021-07-07,655.0,666.0,654.7000122070312,660.4000244140625,378366,599.4111328125
2021-07-08,655.7000122070312,657.2000122070312,631.7000122070312,639.2000122070312,734077,580.1690673828125
2021-07-09,647.5,663.9000244140625,645.4000244140625,662.4000244140625,599503,601.2265014648438
2021-07-12,662.0,668.0,654.7000122070312,666.0,255319,604.4940185546875
2021-07-13,668.7999877929688,670.7000122070312,664.2000122070312,670.7000122070312,312845,608.760009765625
2021-07-14,666.2000122070312,671.5999755859375,664.5,671.5999755859375,180869,609.5767822265625
2021-07-15,671.0999755859375,677.0,660.7999877929688,663.2000122070312,306416,601.9525756835938
2021-07-16,667.0999755859375,669.5,647.2000122070312,654.2999877929688,455783,593.8744506835938
2021-07-19,648.5999755859375,649.0,635.0999755859375,639.9000244140625,496713,580.804443359375
2021-07-20,644.0,651.0,638.7999877929688,645.0999755859375,324696,585.524169921875
2021-07-21,649.5,659.9000244140625,648.9000244140625,659.2000122070312,288289,598.3220825195312
2021-07-22,660.0,664.5,654.9000244140625,660.4000244140625,391518,599.4111328125
2021-07-23,665.0,674.4000244140625,658.9000244140625,674.0,411886,611.7553100585938
2021-07-26,670.0,676.9000244140625,667.2999877929688,673.4000244140625,347405,611.2106323242188
2021-07-27,683.0,688.2999877929688,669.2000122070312,669.5999755859375,474408,607.7615356445312
2021-07-28,669.4000244140625,688.2999877929688,665.5999755859375,688.2000122070312,324397,624.643798828125
2021-07-29,692.0,692.0,680.5,684.0,255100,620.8317260742188
2021-07-30,675.2000122070312,682.7000122070312,671.7000122070312,673.9000244140625,425011,611.6644897460938
2021-08-02,678.9000244140625,687.2999877929688,677.0,687.0,324652,623.5545654296875
2021-08-03,690.5999755859375,700.7000122070312,685.7999877929688,695.9000244140625,341567,631.6327514648438
2021-08-04,698.9000244140625,702.7999877929688,692.7000122070312,694.7000122070312,278285,630.54345703125
2021-08-05,692.0999755859375,701.2999877929688,692.0,697.4000244140625,268502,632.994140625
2021-08-06,695.9000244140625,702.2999877929688,693.4000244140625,697.4000244140625,287106,632.994140625
2021-08-09,698.0999755859375,700.2999877929688,696.0999755859375,697.4000244140625,166437,632.994140625
2021-08-10,699.9000244140625,705.5,698.0999755859375,701.5999755859375,230097,636.8062744140625
2021-08-11,703.5999755859375,706.7000122070312,697.9000244140625,704.7999877929688,211136,639.7108154296875
2021-08-12,704.7999877929688,712.0999755859375,703.9000244140625,712.0,276394,646.245849609375
2021-08-13,713.0,716.5999755859375,707.7999877929688,709.7999877929688,219593,644.2490844726562
2021-08-16,705.0999755859375,706.4000244140625,691.4000244140625,694.9000244140625,315345,630.7250366210938
2021-08-17,691.2000122070312,694.7000122070312,686.0,690.5,326360,626.7313842773438
2021-08-18,690.5,691.4000244140625,653.7000122070312,654.9000244140625,699154,594.4191284179688
2021-08-19,635.2999877929688,640.0,611.0,613.0999755859375,1493477,556.4793701171875
2021-08-20,613.2000122070312,624.4000244140625,610.5,620.0,843005,562.7421264648438
2021-08-23,628.5,641.7999877929688,626.2000122070312,636.5999755859375,728161,577.80908203125
2021-08-24,646.0,647.2000122070312,624.2999877929688,624.2999877929688,500424,566.64501953125
2021-08-25,625.0,628.2000122070312,620.0,622.0999755859375,412050,564.6482543945312
2021-08-26,620.0,623.5,612.4000244140625,621.5999755859375,425086,564.1943359375
2021-08-27,621.0,624.2999877929688,616.9000244140625,623.0999755859375,340808,565.555908203125
2021-08-30,625.0,629.7999877929688,622.7999877929688,625.0,291687,567.2804565429688
2021-08-31,627.0999755859375,629.0,624.0999755859375,626.7999877929688,541313,568.9141845703125
2021-09-01,631.9000244140625,651.0,631.5999755859375,646.7999877929688,596692,587.0670776367188
2021-09-02,647.5999755859375,653.0999755859375,644.0999755859375,647.0,320818,587.2487182617188
2021-09-03,646.5999755859375,646.5999755859375,633.2000122070312,634.9000244140625,393248,576.2661743164062
2021-09-06,639.5999755859375,650.5,637.2000122070312,648.7000122070312,262291,588.791748046875
2021-09-07,653.0,658.7999877929688,650.2000122070312,653.0,340478,592.694580078125
2021-09-08,652.0,654.7999877929688,643.4000244140625,648.7000122070312,385265,588.791748046875
2021-09-09,641.9000244140625,661.0999755859375,638.9000244140625,658.4000244140625,411139,597.5958251953125
2021-09-10,670.5,674.5,661.9000244140625,663.5,388397,602.2249755859375
2021-09-13,666.0,669.0,654.0999755859375,657.0,349720,596.3251953125
2021-09-14,654.2999877929688,655.5,638.2000122070312,646.7999877929688,397133,587.0670776367188
2021-09-15,645.2000122070312,645.2000122070312,617.7000122070312,621.2000122070312,706373,563.8313598632812
2021-09-16,623.5,634.5999755859375,621.2999877929688,628.0,475856,570.00341796875
2021-09-17,634.2999877929688,645.2000122070312,627.0,631.0,863299,572.726318359375
2021-09-20,615.0,623.0,605.4000244140625,618.7000122070312,764691,561.5621948242188
2021-09-21,622.5999755859375,636.0,621.0,636.0,490753,577.2645874023438
2021-09-22,646.5,649.0999755859375,639.0999755859375,643.2999877929688,403326,583.8904418945312
2021-09-23,649.7000122070312,656.4000244140625,643.7000122070312,654.0999755859375,392213,593.6929321289062
2021-09-24,647.5,648.5,638.4000244140625,642.9000244140625,371010,583.5274047851562
2021-09-27,648.2999877929688,651.4000244140625,633.2999877929688,637.5,297614,578.6260375976562
2021-09-28,635.0,636.5,616.7000122070312,617.9000244140625,627324,560.836181640625
2021-09-29,626.0,632.7999877929688,623.2999877929688,625.5,355217,567.7341918945312
2021-09-30,631.0,634.2999877929688,619.5,620.0999755859375,596940,562.8330078125
2021-10-01,614.0,631.5,610.0,630.0,448089,571.8187866210938
2021-10-04,622.5,632.0,617.5,621.0999755859375,346834,563.7406005859375
2021-10-05,623.0999755859375,634.0,620.9000244140625,632.5,329281,574.0877075195312
2021-10-06,625.0,627.5999755859375,615.0999755859375,624.7999877929688,458312,567.0987548828125
2021-10-07,634.5,641.0,633.2999877929688,637.9000244140625,439881,578.9891967773438
2021-10-08,638.4000244140625,640.7000122070312,624.5,627.7000122070312,386925,569.7310180664062
2021-10-11,625.2999877929688,634.0999755859375,619.9000244140625,631.7000122070312,261049,573.3616943359375
2021-10-12,627.0,635.5,624.5999755859375,633.9000244140625,369383,575.3585205078125
2021-10-13,636.0,658.5,630.5999755859375,653.9000244140625,627178,593.5115356445312
2021-10-14,660.0,668.5999755859375,651.0999755859375,667.2000122070312,460568,605.583251953125
2021-10-15,672.0,674.0,664.7999877929688,664.7999877929688,542414,603.40478515625
2021-10-18,659.0,659.2999877929688,638.0,650.0,414414,589.9716796875
2021-10-19,653.0,654.4000244140625,641.0999755859375,646.0,305206,586.3410034179688
2021-10-20,643.7000122070312,659.0999755859375,639.5,656.0999755859375,408236,595.5083618164062
2021-10-21,651.0999755859375,660.9000244140625,646.4000244140625,659.7000122070312,264050,598.7758178710938
2021-10-22,663.0,676.7000122070312,662.2000122070312,667.2999877929688,423275,605.6739501953125
2021-10-25,667.9000244140625,669.4000244140625,657.7999877929688,659.7999877929688,239985,598.8665771484375
2021-10-26,660.4000244140625,667.5999755859375,656.5999755859375,665.0,293673,603.5863647460938
2021-10-27,659.5999755859375,667.5,659.5999755859375,664.2999877929688,252036,602.9509887695312
2021-10-28,662.5,672.4000244140625,661.0,671.7000122070312,302241,609.6676635742188
2021-10-29,667.2999877929688,677.2000122070312,662.0,677.2000122070312,434079,614.65966796875
2021-11-01,680.0,685.2999877929688,674.2000122070312,683.4000244140625,320108,620.287109375
2021-11-02,684.5,689.7999877929688,680.7000122070312,684.7999877929688,285336,621.5577392578125
2021-11-03,684.2000122070312,688.5999755859375,680.2999877929688,682.5,350677,619.47021484375
2021-11-04,687.0,693.2999877929688,685.5999755859375,692.5,348282,628.5465698242188
2021-11-05,691.2000122070312,711.4000244140625,689.5999755859375,708.9000244140625,524883,643.43212890625
2021-11-08,714.9000244140625,718.7000122070312,705.2000122070312,707.4000244140625,317489,642.0707397460938
2021-11-09,703.2000122070312,712.2999877929688,698.9000244140625,707.2999877929688,337111,641.9799194335938
2021-11-10,703.2000122070312,704.4000244140625,688.9000244140625,698.5999755859375,349382,634.083251953125
2021-11-11,694.7000122070312,706.0,694.0,705.4000244140625,272715,640.2554321289062
2021-11-12,706.0,726.5999755859375,705.9000244140625,722.9000244140625,412199,656.13916015625
2021-11-15,719.2999877929688,724.2999877929688,716.0,720.7999877929688,433662,654.233154296875
2021-11-16,724.5,731.7000122070312,724.4000244140625,729.7000122070312,419771,662.3112182617188
2021-11-17,729.0,730.5999755859375,722.0999755859375,726.0999755859375,420189,659.0436401367188
2021-11-18,729.0,735.9000244140625,727.5,728.5,458866,661.2220458984375
2021-11-19,733.0,741.5999755859375,724.0999755859375,733.5,698218,665.7603149414062
2021-11-22,732.2999877929688,735.4000244140625,726.5,728.2999877929688,297513,661.0404663085938
2021-11-23,722.0,729.2000122070312,710.4000244140625,718.0999755859375,441531,651.782470703125
2021-11-24,721.0,729.2999877929688,716.2000122070312,726.0999755859375,384226,659.0436401367188
2021-11-25,732.0,738.5,730.2000122070312,734.7000122070312,226209,666.8494873046875
2021-11-26,697.0,713.0,645.0,692.0,921585,628.0929565429688
2021-11-29,712.7000122070312,714.2000122070312,692.0999755859375,697.2000122070312,565133,632.8126831054688
2021-11-30,687.0,692.2999877929688,678.2999877929688,686.5999755859375,990257,625.8847045898438
2021-12-01,690.0,700.9000244140625,678.5,697.5,441932,635.82080078125
2021-12-02,688.0,696.0,685.2000122070312,686.5999755859375,452744,625.8847045898438
2021-12-03,700.0,700.4000244140625,680.2000122070312,685.0,472844,624.4262084960938
2021-12-06,683.7999877929688,691.4000244140625,674.4000244140625,690.0999755859375,410554,629.0751342773438
2021-12-07,701.2999877929688,725.0,700.5,725.0,504118,660.8889770507812
2021-12-08,723.4000244140625,725.7000122070312,714.2999877929688,714.7000122070312,364654,651.4998779296875
2021-12-09,718.7999877929688,721.5999755859375,708.5,715.0,238921,651.7733154296875
2021-12-10,709.0,714.2000122070312,706.5999755859375,710.0,218081,647.2155151367188
2021-12-13,713.7999877929688,718.0999755859375,705.5,709.0,263596,646.3038330078125
2021-12-14,707.2999877929688,716.0,700.0999755859375,701.5999755859375,288230,639.5582885742188
2021-12-15,705.0,715.0999755859375,701.0,711.9000244140625,329720,648.9474487304688
2021-12-16,723.2000122070312,725.0,709.5999755859375,713.2999877929688,423780,650.2236328125
2021-12-17,708.0,715.9000244140625,694.5999755859375,699.0,795828,637.1881713867188
2021-12-20,680.2000122070312,700.5999755859375,678.0,697.7999877929688,377559,636.0943603515625
2021-12-21,709.7000122070312,711.5999755859375,696.7000122070312,701.5,309981,639.467041015625
2021-12-22,706.0,715.7000122070312,702.0,715.4000244140625,327128,652.1378784179688
2021-12-23,715.0,722.9000244140625,710.0999755859375,722.0,315889,658.154296875
2021-12-24,720.9000244140625,724.5999755859375,717.4000244140625,717.4000244140625,48392,653.9610595703125
2021-12-27,717.0,726.4000244140625,715.7000122070312,726.2999877929688,177954,662.0740356445312
2021-12-28,722.7000122070312,730.7999877929688,720.0999755859375,730.7999877929688,217145,666.1760864257812
2021-12-29,730.0,733.7000122070312,725.7000122070312,727.9000244140625,168266,663.53271484375
2021-12-30,729.0999755859375,735.2999877929688,727.5,730.0,246097,665.4468383789062
2021-12-31,727.2999877929688,731.0,724.0999755859375,727.0,100673,662.712158203125
2022-01-03,734.0,737.5,727.7999877929688,731.0,210987,666.3584594726562
2022-01-04,734.5999755859375,744.9000244140625,734.0,744.0,291609,678.2089233398438
2022-01-05,742.5,758.5,741.7000122070312,758.0,384196,690.9708862304688
2022-01-06,741.4000244140625,746.2000122070312,727.0999755859375,727.0999755859375,446581,662.8033447265625
2022-01-07,727.4000244140625,729.4000244140625,710.7999877929688,715.7999877929688,392865,652.5025634765625
2022-01-10,724.2000122070312,725.2999877929688,701.4000244140625,702.7000122070312,420089,640.56103515625
2022-01-11,718.0999755859375,721.0999755859375,704.2000122070312,710.0,370056,647.2155151367188
2022-01-12,717.0999755859375,718.2999877929688,700.5,708.7000122070312,432438,646.0303955078125
2022-01-13,702.0999755859375,704.7999877929688,685.4000244140625,690.0,478517,628.9840698242188
2022-01-14,683.7000122070312,685.0999755859375,675.2000122070312,675.4000244140625,517232,615.6751708984375
2022-01-17,677.0999755859375,687.2999877929688,668.0999755859375,686.4000244140625,261561,625.702392578125
2022-01-18,688.4000244140625,689.0,669.5,673.0,395209,613.4873046875
2022-01-19,679.0999755859375,704.7000122070312,676.5999755859375,697.7000122070312,555364,636.0031127929688
2022-01-20,702.7999877929688,707.5999755859375,686.0999755859375,703.9000244140625,414578,641.6549072265625
2022-01-21,691.0999755859375,701.5,688.7999877929688,697.2000122070312,536630,635.54736328125
2022-01-24,690.7000122070312,699.7999877929688,662.7999877929688,662.7999877929688,679863,604.1893310546875
2022-01-25,678.0,679.0,661.7000122070312,667.0,460302,608.0178833007812
2022-01-26,673.7000122070312,687.9000244140625,671.7000122070312,683.5999755859375,439855,623.1500854492188
2022-01-27,675.4000244140625,694.0,668.4000244140625,694.0,407906,632.63037109375
2022-01-28,728.7000122070312,733.9000244140625,687.0,716.4000244140625,843629,653.0494995117188
2022-01-31,730.0,731.0999755859375,704.0,722.5999755859375,682044,658.7012329101562
2022-02-01,721.0,733.5999755859375,717.7999877929688,732.2000122070312,421235,667.452392578125
2022-02-02,735.0,738.5,727.0999755859375,729.2999877929688,338429,664.8086547851562
2022-02-03,732.0,733.0999755859375,708.7000122070312,711.7000122070312,407920,648.76513671875
2022-02-04,709.4000244140625,713.2999877929688,699.2999877929688,706.0999755859375,406201,643.660400390625
2022-02-07,710.0,719.0999755859375,703.2000122070312,716.0999755859375,353733,652.7760009765625
2022-02-08,716.0999755859375,723.5,703.2999877929688,706.0999755859375,421466,643.660400390625
2022-02-09,713.0,720.7000122070312,711.5,716.5999755859375,460237,653.2318725585938
2022-02-10,716.4000244140625,717.7000122070312,697.5,706.2000122070312,380675,643.75146484375
2022-02-11,695.0,703.4000244140625,684.2000122070312,685.0,453796,624.4262084960938
2022-02-14,672.7999877929688,674.5,653.0,670.0,610403,610.7525634765625
2022-02-15,667.5,694.0,666.5999755859375,694.0,406987,632.63037109375
2022-02-16,700.0,701.5999755859375,680.2999877929688,687.5999755859375,304420,626.7962646484375
2022-02-17,694.9000244140625,697.9000244140625,675.2999877929688,684.0999755859375,366552,623.6057739257812
2022-02-18,679.0999755859375,694.5999755859375,676.0999755859375,686.2999877929688,417884,625.6112670898438
2022-02-21,693.5999755859375,696.5,666.5999755859375,672.2000122070312,383373,612.7581176757812
2022-02-22,650.4000244140625,677.7999877929688,648.5999755859375,669.2000122070312,460189,610.0234375
2022-02-23,676.2000122070312,684.7999877929688,665.7999877929688,665.7999877929688,363622,606.9240112304688
2022-02-24,631.0,649.5,625.0,635.9000244140625,1162792,579.6680908203125
2022-02-25,638.5999755859375,666.5999755859375,636.2999877929688,666.5999755859375,712092,607.6532592773438
2022-02-28,650.7000122070312,664.7999877929688,636.5999755859375,659.9000244140625,697750,601.5457763671875
2022-03-01,659.0,661.0999755859375,625.7999877929688,625.7999877929688,585829,570.4611206054688
2022-03-02,625.0,646.0,619.0,638.0,617458,581.5823364257812
2022-03-03,629.7000122070312,641.2000122070312,614.2999877929688,617.4000244140625,506791,562.8040161132812
2022-03-04,605.5999755859375,609.5,577.7999877929688,577.7999877929688,963534,526.7058715820312
2022-03-07,554.0,585.7999877929688,543.9000244140625,567.7999877929688,909345,517.5900268554688
2022-03-08,555.0,582.9000244140625,549.9000244140625,550.0999755859375,950996,501.4551696777344
2022-03-09,578.2999877929688,602.5999755859375,561.9000244140625,602.5999755859375,1164131,549.3128051757812
2022-03-10,600.0,603.5,576.0,587.9000244140625,688965,535.9127197265625
2022-03-11,592.5999755859375,627.7999877929688,585.5999755859375,594.9000244140625,740815,542.293701171875
2022-03-14,596.9000244140625,604.5,581.5999755859375,598.7000122070312,569333,545.757568359375
2022-03-15,588.5999755859375,593.4000244140625,572.0,590.0,615609,537.826904296875
2022-03-16,605.2999877929688,642.7000122070312,602.2000122070312,628.9000244140625,799496,573.2871704101562
2022-03-17,637.5,638.2000122070312,623.0,629.7999877929688,456856,574.1074829101562
2022-03-18,634.9000244140625,641.5999755859375,621.5999755859375,639.4000244140625,880922,582.8585815429688
2022-03-21,638.0,642.0,629.7000122070312,633.2000122070312,358795,577.2068481445312
2022-03-22,631.0999755859375,646.4000244140625,629.5999755859375,643.9000244140625,422767,586.9605712890625
2022-03-23,644.2000122070312,646.4000244140625,622.2000122070312,624.2999877929688,478559,569.0938110351562
2022-03-24,633.0,639.2000122070312,619.5999755859375,624.7000122070312,382903,569.4585571289062
2022-03-25,627.9000244140625,640.2000122070312,623.5999755859375,626.0,365851,570.6434936523438
2022-03-28,628.0999755859375,646.5999755859375,623.9000244140625,635.7000122070312,442114,579.4857788085938
2022-03-29,647.5,675.2000122070312,645.5999755859375,671.7999877929688,584317,612.3934936523438
2022-03-30,669.5,669.5999755859375,655.0999755859375,660.5,398742,602.0927734375
2022-03-31,666.2000122070312,668.2999877929688,647.2000122070312,649.4000244140625,423041,591.9741821289062
2022-04-01,650.2000122070312,653.9000244140625,642.0999755859375,649.5999755859375,249915,592.1566162109375
2022-04-04,653.7999877929688,664.5,645.7000122070312,663.9000244140625,279544,605.192138671875
2022-04-05,666.0,667.5,654.2999877929688,660.9000244140625,362451,602.4574584960938
2022-04-06,657.5999755859375,660.5,630.7000122070312,636.2000122070312,416787,579.9415283203125
2022-04-07,641.4000244140625,645.7000122070312,623.2000122070312,624.0,481637,568.8204345703125
2022-04-08,632.4000244140625,636.0,622.0,631.7000122070312,382228,575.8394165039062
2022-04-11,625.2999877929688,627.7999877929688,616.5999755859375,619.9000244140625,317758,565.0829467773438
2022-04-12,611.5999755859375,639.4000244140625,607.2999877929688,630.9000244140625,481916,575.1102905273438
2022-04-13,639.0,643.4000244140625,614.4000244140625,634.0999755859375,552025,578.0272216796875
2022-04-14,639.0,642.4000244140625,631.5999755859375,640.0,566954,583.4054565429688
2022-04-19,639.9000244140625,639.9000244140625,625.0,634.0999755859375,307822,578.0272216796875
2022-04-20,631.0,643.9000244140625,627.0,642.2999877929688,378402,585.5021362304688
2022-04-21,640.0,658.5999755859375,636.4000244140625,653.4000244140625,496018,595.62060546875
2022-04-22,638.0,650.0,636.0,639.5999755859375,439543,583.0409545898438
2022-04-25,627.0,630.0,608.5,615.5999755859375,567172,561.1632080078125
2022-04-26,622.0999755859375,622.9000244140625,606.2000122070312,607.2999877929688,385943,559.9644775390625
2022-04-27,610.0999755859375,622.0,603.0999755859375,616.5999755859375,364855,568.5396118164062
2022-04-28,626.0,628.5,607.0999755859375,617.2000122070312,368172,569.0928344726562
2022-04-29,621.2999877929688,632.0,618.0999755859375,619.5,384899,571.213623046875
2022-05-02,614.4000244140625,618.5999755859375,603.0999755859375,606.5999755859375,338527,559.3190307617188
2022-05-03,613.0,619.0,596.0999755859375,600.5,378265,553.6944580078125
2022-05-04,602.0,607.0,593.2999877929688,593.2999877929688,340919,547.0556640625
2022-05-05,610.7000122070312,610.7000122070312,572.4000244140625,574.0,489836,529.260009765625
2022-05-06,570.5,571.2999877929688,554.5,561.9000244140625,670819,518.1031494140625
2022-05-09,553.4000244140625,564.0999755859375,542.4000244140625,542.5999755859375,565090,500.3074645996094
2022-05-10,555.4000244140625,560.2000122070312,545.0999755859375,549.5,507385,506.66961669921875
2022-05-11,558.5,573.0,555.0,573.0,638901,528.3379516601562
2022-05-12,555.0,567.7000122070312,543.2000122070312,565.4000244140625,656363,521.3304443359375
2022-05-13,570.0,581.2999877929688,564.0999755859375,581.2999877929688,438811,535.9910278320312
2022-05-16,577.7999877929688,581.2999877929688,572.0,575.0,363368,530.1820068359375
2022-05-17,580.7000122070312,594.4000244140625,578.5999755859375,590.0999755859375,399738,544.1051025390625
2022-05-18,596.0,596.0,576.7000122070312,578.5,457853,533.4093627929688
2022-05-19,571.2000122070312,572.0,560.0999755859375,568.5,464245,524.188720703125
2022-05-20,564.2000122070312,569.7000122070312,551.0,556.5999755859375,700770,513.2162475585938
2022-05-23,564.4000244140625,565.0,549.7999877929688,560.9000244140625,427998,517.1812133789062
2022-05-24,551.5,559.2999877929688,544.2000122070312,551.7999877929688,429245,508.7904357910156
2022-05-25,557.0,557.0,537.5,551.0,446842,508.0528259277344
2022-05-26,552.2000122070312,574.2000122070312,551.2000122070312,571.2000122070312,360161,526.67822265625
2022-05-27,577.0,594.2999877929688,576.0,593.4000244140625,465465,547.14794921875
2022-05-30,602.2000122070312,616.5999755859375,601.9000244140625,608.5999755859375,482362,561.1632080078125
2022-05-31,605.2999877929688,608.7000122070312,595.9000244140625,597.2000122070312,829381,550.6516723632812
2022-06-01,601.4000244140625,612.5999755859375,595.7000122070312,597.7999877929688,381825,551.2049560546875
2022-06-02,598.5,611.2999877929688,598.5,608.0999755859375,279331,560.7020874023438
2022-06-03,614.4000244140625,616.5,605.2999877929688,609.0999755859375,274898,561.6242065429688
2022-06-06,613.7000122070312,620.9000244140625,613.0999755859375,613.7999877929688,342496,565.9578247070312
2022-06-07,610.0,612.5999755859375,598.5999755859375,608.4000244140625,371430,560.9788208007812
2022-06-08,614.0,614.0,597.2999877929688,601.7000122070312,362187,554.8009643554688
2022-06-09,589.2999877929688,601.7999877929688,583.7999877929688,587.5999755859375,561689,541.7999877929688
2022-06-10,580.0,584.2999877929688,571.4000244140625,572.9000244140625,581378,528.245849609375
2022-06-13,560.0,565.0,548.9000244140625,550.0,626654,507.1307373046875
2022-06-14,555.7999877929688,555.7999877929688,540.5999755859375,544.0,456050,501.59832763671875
2022-06-15,552.2999877929688,555.0,542.5,551.7999877929688,464959,508.7904357910156
2022-06-16,548.0999755859375,548.4000244140625,535.0,539.4000244140625,463366,497.3569641113281
2022-06-17,546.4000244140625,553.7000122070312,541.2999877929688,544.7000122070312,886221,502.2438659667969
2022-06-20,547.0,550.9000244140625,537.2999877929688,542.5,353318,500.2152404785156
2022-06-21,547.0,562.4000244140625,544.5999755859375,553.5,380529,510.3578796386719
2022-06-22,547.0,555.4000244140625,539.2999877929688,551.7000122070312,349977,508.6982116699219
2022-06-23,546.4000244140625,569.7999877929688,545.0,566.0,434800,521.8836059570312
2022-06-24,571.9000244140625,589.7999877929688,568.4000244140625,587.4000244140625,452405,541.6155395507812
2022-06-27,598.0,602.9000244140625,578.2999877929688,580.2000122070312,390653,534.9767456054688
2022-06-28,588.7000122070312,596.7999877929688,578.5999755859375,589.0999755859375,506109,543.1829833984375
2022-06-29,578.5,592.5999755859375,575.0,589.0,289901,543.0909423828125
2022-06-30,573.5,582.0999755859375,565.7000122070312,581.7000122070312,513630,536.3598022460938
2022-07-01,577.2000122070312,588.0,571.4000244140625,580.0,245106,534.7922973632812
2022-07-04,586.0,590.5,581.7999877929688,585.2999877929688,227729,539.6792602539062
2022-07-05,590.9000244140625,591.5999755859375,567.5999755859375,572.0,450195,527.4158935546875
2022-07-06,582.0,600.7999877929688,580.5999755859375,597.5999755859375,455626,551.0204467773438
2022-07-07,603.2000122070312,616.0999755859375,603.2000122070312,607.5999755859375,507602,560.2410278320312
2022-07-08,611.9000244140625,615.0,601.2999877929688,606.9000244140625,328511,559.5956420898438
2022-07-11,586.0,606.2999877929688,585.2999877929688,604.2999877929688,265396,557.1981811523438
2022-07-12,600.0,612.5999755859375,595.4000244140625,610.7000122070312,348649,563.0994873046875
2022-07-13,609.2000122070312,614.2999877929688,594.2000122070312,606.2000122070312,345806,558.9501342773438
2022-07-14,602.2000122070312,610.0999755859375,599.2999877929688,606.4000244140625,361941,559.1347045898438
2022-07-15,605.7000122070312,608.7999877929688,587.5,608.4000244140625,458417,560.9788208007812
2022-07-18,608.5999755859375,618.9000244140625,608.0,614.2999877929688,301000,566.4188232421875
2022-07-19,609.0,630.9000244140625,603.9000244140625,628.0999755859375,327709,579.1431884765625
2022-07-20,633.7999877929688,635.9000244140625,623.5999755859375,625.7000122070312,321612,576.9303588867188
2022-07-21,620.0,637.9000244140625,620.0,633.2999877929688,348545,583.9378662109375
2022-07-22,632.7999877929688,641.0,628.5,634.7000122070312,344322,585.2288208007812
2022-07-25,633.2000122070312,643.0999755859375,630.2999877929688,637.4000244140625,232800,587.7183227539062
2022-07-26,635.0,637.4000244140625,621.2999877929688,625.2000122070312,389982,576.4692993164062
2022-07-27,618.0,637.7000122070312,608.0999755859375,636.0,426585,586.427490234375
2022-07-28,644.0999755859375,663.2999877929688,640.9000244140625,662.9000244140625,531878,611.2308349609375
2022-07-29,666.7999877929688,680.0999755859375,666.7000122070312,675.0,639310,622.3875732421875
2022-08-01,671.9000244140625,688.2999877929688,668.0,688.2999877929688,358710,634.6509399414062
2022-08-02,681.0999755859375,682.2999877929688,670.7000122070312,679.0,383180,626.075927734375
2022-08-03,675.4000244140625,685.5999755859375,674.7999877929688,685.5999755859375,326389,632.161376953125
2022-08-04,688.0,694.2999877929688,686.5,693.0,301121,638.9846801757812
2022-08-05,694.4000244140625,698.7999877929688,678.0,682.2000122070312,378399,629.0265502929688
2022-08-08,685.2000122070312,694.9000244140625,685.0999755859375,689.0999755859375,214886,635.388671875
2022-08-09,688.0,691.0999755859375,678.0999755859375,679.5,271132,626.5369262695312
2022-08-10,675.2999877929688,692.4000244140625,672.2999877929688,690.0,294091,636.2184448242188
2022-08-11,695.0,698.0999755859375,686.2999877929688,693.5999755859375,235955,639.5379028320312
2022-08-12,692.0999755859375,697.5999755859375,689.0,694.5,306806,640.3677978515625
2022-08-15,696.5,699.5,692.4000244140625,699.5,180890,644.97802734375
2022-08-16,699.5,699.7000122070312,692.5,698.9000244140625,267010,644.4249267578125
2022-08-17,699.5999755859375,707.7000122070312,697.4000244140625,700.4000244140625,314633,645.8079223632812
2022-08-18,700.0,708.4000244140625,698.7000122070312,706.9000244140625,254403,651.80126953125
2022-08-19,700.7000122070312,708.0999755859375,695.7000122070312,698.2999877929688,454452,643.8715209960938
2022-08-22,692.0,693.5999755859375,679.2000122070312,682.5999755859375,428495,629.3952026367188
2022-08-23,676.0,686.0,675.2000122070312,679.7999877929688,306225,626.8135986328125
2022-08-24,674.2000122070312,688.4000244140625,674.0,686.7999877929688,219765,633.267822265625
2022-08-25,691.0999755859375,693.0,681.5999755859375,687.7000122070312,216764,634.0977783203125
2022-08-26,690.5999755859375,691.2000122070312,664.0,669.0,425579,616.8553466796875
2022-08-29,655.0,662.9000244140625,651.0,662.9000244140625,381544,611.2308349609375
2022-08-30,667.0,675.5,655.9000244140625,661.7999877929688,270293,610.2164916992188
2022-08-31,664.7999877929688,666.5,647.5,647.5,444863,597.0311279296875
2022-09-01,635.2000122070312,638.0,625.4000244140625,632.7999877929688,532866,583.4768676757812
2022-09-02,638.2000122070312,646.5999755859375,629.7999877929688,644.5999755859375,306092,594.3570556640625
2022-09-05,629.5999755859375,635.9000244140625,626.0,635.0,291469,585.50537109375
2022-09-06,633.2000122070312,642.2000122070312,629.0999755859375,638.0999755859375,270512,588.36376953125
2022-09-07,634.4000244140625,644.2000122070312,631.2000122070312,641.4000244140625,234554,591.4066162109375
2022-09-08,644.7000122070312,645.7999877929688,630.4000244140625,643.5,262423,593.3428344726562
2022-09-09,642.5,654.4000244140625,642.4000244140625,652.2999877929688,300281,601.4569702148438
2022-09-12,652.5,662.0,649.4000244140625,658.9000244140625,295910,607.5426025390625
2022-09-13,664.0,668.9000244140625,650.5999755859375,650.9000244140625,336082,600.1661376953125
2022-09-14,645.7000122070312,656.7999877929688,645.0,654.2000122070312,314609,603.208984375
2022-09-15,654.0999755859375,658.4000244140625,637.7000122070312,641.4000244140625,334309,591.4066162109375
2022-09-16,634.0,641.7999877929688,630.0999755859375,639.5,1069261,589.6546630859375
2022-09-19,632.9000244140625,645.5,627.9000244140625,641.0,301806,591.037841796875
2022-09-20,643.9000244140625,651.4000244140625,630.0,634.0,326586,584.5833740234375
2022-09-21,630.0,643.5999755859375,621.7999877929688,643.5999755859375,290585,593.4351806640625
2022-09-22,631.4000244140625,641.2999877929688,623.5,624.9000244140625,383716,576.192626953125
2022-09-23,629.2999877929688,629.2999877929688,603.2000122070312,603.2000122070312,553484,556.18408203125
2022-09-26,601.5,621.2999877929688,601.0,606.7999877929688,401455,559.50341796875
2022-09-27,611.9000244140625,624.7000122070312,604.0,604.2000122070312,427226,557.1060791015625
2022-09-28,599.0999755859375,614.2000122070312,595.7000122070312,613.2000122070312,471935,565.4046630859375
2022-09-29,610.2000122070312,612.5999755859375,598.7000122070312,608.0,448908,560.6099243164062
2022-09-30,610.9000244140625,613.5,598.0,610.4000244140625,477030,562.8228759765625
2022-10-03,601.0,610.5,594.7000122070312,608.0,391198,560.6099243164062
2022-10-04,614.0999755859375,647.5,611.0999755859375,646.7999877929688,574934,596.3857421875
2022-10-05,644.2000122070312,652.5,632.5999755859375,637.2999877929688,386410,587.6260986328125
2022-10-06,641.7999877929688,643.0,630.2999877929688,635.0999755859375,227173,585.5975952148438
2022-10-07,632.5999755859375,635.5999755859375,616.5,618.2000122070312,398908,570.0148315429688
2022-10-10,607.9000244140625,617.2999877929688,600.0999755859375,610.5,332168,562.9150390625
2022-10-11,605.2999877929688,613.7000122070312,601.7999877929688,610.5,335449,562.9150390625
2022-10-12,622.5999755859375,630.2999877929688,611.0999755859375,621.9000244140625,471430,573.4264526367188
2022-10-13,624.0,624.0,595.2999877929688,617.5,546414,569.3694458007812
2022-10-14,628.0,641.5,617.2000122070312,625.2000122070312,446629,576.4692993164062
2022-10-17,627.5999755859375,641.7999877929688,614.0999755859375,637.7000122070312,288699,587.9949951171875
2022-10-18,646.5999755859375,646.9000244140625,632.5999755859375,636.0999755859375,278773,586.5197143554688
2022-10-19,635.5,641.0,625.0,625.0,265234,576.2848510742188
2022-10-20,626.7000122070312,636.5,622.7999877929688,634.0,360047,584.5833740234375
2022-10-21,626.5,636.9000244140625,619.9000244140625,631.5,369381,582.2782592773438
2022-10-24,629.5,644.5999755859375,623.5,635.9000244140625,324512,586.3353271484375
2022-10-25,641.0,658.5,637.2000122070312,658.0,356513,606.7127075195312
2022-10-26,659.4000244140625,663.5999755859375,651.0999755859375,663.0,383180,611.322998046875
2022-10-27,658.0,663.4000244140625,651.5999755859375,655.4000244140625,417211,604.3154296875
2022-10-28,650.0,651.0999755859375,640.2999877929688,649.2999877929688,333069,598.6907958984375
2022-10-31,649.0,649.5,638.0999755859375,639.0,311885,589.1936645507812
2022-11-01,652.0,663.7999877929688,646.5,650.7999877929688,246959,600.0739135742188
2022-11-02,655.5999755859375,660.7000122070312,634.7000122070312,636.7000122070312,368720,587.072998046875
2022-11-03,632.2000122070312,632.7999877929688,623.5999755859375,630.0,282102,580.8952026367188
2022-11-04,638.0,671.7999877929688,637.2000122070312,666.2000122070312,716225,614.2734985351562
2022-11-07,661.0,665.5,653.0,656.0,388944,604.86865234375
2022-11-08,651.9000244140625,659.7999877929688,647.7000122070312,657.5,303787,606.2516479492188
2022-11-09,653.0,661.0999755859375,652.4000244140625,658.0,256498,606.7127075195312
2022-11-10,650.0,687.7000122070312,647.7000122070312,686.7999877929688,533108,633.267822265625
2022-11-11,702.7999877929688,712.5,698.7999877929688,706.2000122070312,625109,651.15576171875
2022-11-14,704.5,706.5999755859375,698.4000244140625,700.7000122070312,375821,646.08447265625
2022-11-15,701.2999877929688,710.7999877929688,699.5999755859375,704.2000122070312,307155,649.311767578125
2022-11-16,702.0999755859375,707.7000122070312,693.2000122070312,698.5999755859375,367391,644.1481323242188
2022-11-17,701.4000244140625,703.5,689.7000122070312,696.7999877929688,324395,642.4884643554688
2022-11-18,700.7999877929688,706.0,694.2000122070312,698.2000122070312,553905,643.7793579101562
2022-11-21,696.0,702.7000122070312,690.5999755859375,699.2999877929688,302141,644.7935180664062
2022-11-22,697.0,698.5,687.4000244140625,697.9000244140625,281532,643.5027465820312
2022-11-23,702.0,703.0,695.0,701.9000244140625,231994,647.1910400390625
2022-11-24,700.0,704.0,697.0999755859375,702.2000122070312,245547,647.4675903320312
2022-11-25,702.2000122070312,702.5,693.2000122070312,700.2000122070312,312997,645.6234130859375
2022-11-28,694.7000122070312,701.2000122070312,690.5999755859375,698.7000122070312,374156,644.2403564453125
2022-11-29,704.7000122070312,706.9000244140625,699.7999877929688,702.0,294301,647.283203125
2022-11-30,708.0,737.2999877929688,706.5,737.2999877929688,1688007,679.8318481445312
2022-12-01,736.9000244140625,737.9000244140625,717.0999755859375,721.0,392901,669.3414306640625
2022-12-02,715.0,722.5,707.2999877929688,715.2999877929688,366917,664.0498046875
2022-12-05,716.4000244140625,718.5,710.0999755859375,714.5,291430,663.30712890625
2022-12-06,713.0,715.2999877929688,708.4000244140625,714.2000122070312,347705,663.0286254882812
2022-12-07,707.5999755859375,717.5,707.2000122070312,712.7999877929688,336309,661.7289428710938
2022-12-08,713.2000122070312,721.7000122070312,711.5999755859375,719.0,279248,667.4846801757812
2022-12-09,721.9000244140625,726.7999877929688,715.4000244140625,720.2999877929688,310103,668.6915283203125
2022-12-12,714.5999755859375,719.2999877929688,711.4000244140625,716.2000122070312,318952,664.88525390625
2022-12-13,717.5999755859375,739.4000244140625,714.7000122070312,726.7000122070312,433319,674.633056640625
2022-12-14,724.2000122070312,729.5,718.4000244140625,727.4000244140625,380723,675.2828369140625
2022-12-15,718.7999877929688,720.0,691.0,701.5999755859375,563990,651.3313598632812
2022-12-16,695.0,698.5999755859375,684.5999755859375,693.7999877929688,921702,644.0901489257812
2022-12-19,695.5,702.0,686.2999877929688,687.2999877929688,336655,638.0559692382812
2022-12-20,681.0,683.5999755859375,676.0999755859375,682.9000244140625,355736,633.9712524414062
2022-12-21,687.0,691.7000122070312,682.7000122070312,691.5,352533,641.9549560546875
2022-12-22,691.2999877929688,695.7999877929688,681.2999877929688,684.0,273558,634.992431640625
2022-12-23,681.5,683.2000122070312,670.0999755859375,673.7999877929688,241292,625.523193359375
2022-12-27,683.2999877929688,692.7000122070312,682.2999877929688,690.2000122070312,249850,640.7481079101562
2022-12-28,692.2999877929688,694.7000122070312,685.7999877929688,686.5999755859375,196630,637.4060668945312
2022-12-29,684.7000122070312,699.0,682.2000122070312,696.5,198655,646.5968017578125
2022-12-30,696.5999755859375,696.5999755859375,676.5999755859375,679.9000244140625,272368,631.1860961914062
2023-01-02,689.4000244140625,695.0,685.0999755859375,694.0999755859375,194703,644.3687744140625
2023-01-03,691.5,711.2999877929688,691.2999877929688,702.7999877929688,316482,652.4454345703125
2023-01-04,714.9000244140625,738.0,710.9000244140625,738.0,570725,685.1234130859375
2023-01-05,729.0,734.7000122070312,722.0999755859375,728.4000244140625,327709,676.211181640625
2023-01-06,734.0,748.7999877929688,728.7999877929688,748.7999877929688,318415,695.1495361328125
2023-01-09,748.0,761.5999755859375,746.0999755859375,759.5999755859375,486846,705.17578125
2023-01-10,748.7000122070312,758.4000244140625,747.2000122070312,756.2999877929688,327475,702.1121826171875
2023-01-11,764.5999755859375,775.2999877929688,759.5,772.2999877929688,450736,716.9658203125
2023-01-12,769.2000122070312,787.9000244140625,768.9000244140625,773.7000122070312,462249,718.2654418945312
2023-01-13,780.5999755859375,787.5999755859375,772.7999877929688,785.2999877929688,375528,729.0343627929688
2023-01-16,788.2000122070312,793.7999877929688,782.0,792.7000122070312,278890,735.9041748046875
2023-01-17,789.2999877929688,803.2999877929688,787.0,797.4000244140625,388436,740.2674560546875
2023-01-18,789.7000122070312,805.7999877929688,787.2000122070312,801.9000244140625,425156,744.4450073242188
2023-01-19,798.7000122070312,799.5999755859375,774.7000122070312,776.5999755859375,493048,720.957763671875
2023-01-20,783.0,789.7999877929688,775.0,782.7999877929688,430218,726.7135009765625
2023-01-23,786.7999877929688,791.0999755859375,776.5999755859375,788.0999755859375,244069,731.6337280273438
2023-01-24,790.2999877929688,795.2999877929688,786.0999755859375,794.7999877929688,325598,737.853759765625
2023-01-25,793.5,799.7000122070312,787.0999755859375,792.2999877929688,282357,735.5328369140625
2023-01-26,797.0999755859375,804.2000122070312,794.5,801.5999755859375,308282,744.16650390625
2023-01-27,785.5999755859375,808.2000122070312,783.7000122070312,801.0,508869,743.6095581054688
2023-01-30,791.7999877929688,799.7000122070312,786.7000122070312,798.7999877929688,296812,741.5670776367188
2023-01-31,797.4000244140625,802.5999755859375,792.5999755859375,800.0,334681,742.68115234375
2023-02-01,800.0,802.0999755859375,792.2000122070312,795.5,292831,738.5035400390625
2023-02-02,798.2999877929688,812.7999877929688,795.2999877929688,809.0999755859375,403666,751.1292114257812
2023-02-03,807.0,830.5,804.5,829.4000244140625,505251,769.9746704101562
2023-02-06,820.2000122070312,825.7000122070312,807.4000244140625,814.2000122070312,289604,755.86376953125
2023-02-07,812.5999755859375,814.0,800.7000122070312,807.4000244140625,340198,749.5509643554688
2023-02-08,814.2999877929688,818.0999755859375,798.5,800.0999755859375,319321,742.77392578125
2023-02-09,807.7000122070312,813.7999877929688,806.9000244140625,809.2000122070312,275408,751.2220458984375
2023-02-10,804.7000122070312,808.0,790.7999877929688,797.5999755859375,395687,740.453125
2023-02-13,800.5,812.9000244140625,798.0,810.2999877929688,244265,752.2431030273438
2023-02-14,811.2999877929688,817.5999755859375,804.5,810.5,263811,752.4288330078125
2023-02-15,809.2999877929688,830.0,807.5999755859375,822.5999755859375,378844,763.661865234375
2023-02-16,821.7999877929688,829.2000122070312,818.0999755859375,823.2999877929688,314812,764.3117065429688
2023-02-17,814.2000122070312,823.5999755859375,804.5999755859375,818.4000244140625,439757,759.7628173828125
2023-02-20,820.5,820.5,810.0999755859375,813.5999755859375,168536,755.3067016601562
2023-02-21,808.5999755859375,812.2999877929688,798.5,808.9000244140625,264826,750.9434814453125
2023-02-22,801.4000244140625,812.0999755859375,793.9000244140625,809.5,289482,751.50048828125
2023-02-23,809.7000122070312,814.2999877929688,806.5999755859375,809.0,273432,751.0363159179688
2023-02-24,811.4000244140625,812.7000122070312,777.2999877929688,777.2999877929688,839007,721.6075439453125
2023-02-27,788.2999877929688,800.2000122070312,787.5999755859375,794.7999877929688,312317,737.853759765625
2023-02-28,790.0,795.7999877929688,787.4000244140625,789.0,440118,732.4692993164062
2023-03-01,803.2999877929688,810.5,790.9000244140625,792.2000122070312,379198,735.4400634765625
2023-03-02,785.2999877929688,805.9000244140625,780.9000244140625,804.2999877929688,350482,746.6730346679688
2023-03-03,808.5999755859375,817.0999755859375,804.4000244140625,815.0999755859375,302048,756.69921875
2023-03-06,826.0,830.7000122070312,820.7999877929688,825.0,333821,765.8898315429688
2023-03-07,816.7000122070312,826.4000244140625,815.7000122070312,816.0999755859375,307546,757.6276245117188
2023-03-08,805.0,818.2999877929688,804.4000244140625,810.4000244140625,306714,752.3359375
2023-03-09,809.0,811.0,802.5999755859375,805.2000122070312,305905,747.508544921875
2023-03-10,790.0,807.2999877929688,785.0,802.5999755859375,424800,745.0947875976562
2023-03-13,803.7000122070312,805.7999877929688,775.5,781.7000122070312,656071,725.6923217773438
2023-03-14,785.2999877929688,804.5,782.2999877929688,800.5,471562,743.1453247070312
2023-03-15,797.5999755859375,800.4000244140625,767.5999755859375,774.7000122070312,658997,719.19384765625
2023-03-16,785.2999877929688,809.2999877929688,776.7000122070312,801.7000122070312,600374,744.2593383789062
2023-03-17,805.0,808.0,784.5,787.2999877929688,932225,730.89111328125
2023-03-20,790.2000122070312,810.5,780.7000122070312,804.5,447024,746.8587036132812
2023-03-21,810.7000122070312,815.5999755859375,803.2999877929688,806.7000122070312,294749,748.901123046875
2023-03-22,804.7000122070312,816.7999877929688,802.4000244140625,814.9000244140625,256456,756.513671875
2023-03-23,811.7999877929688,821.0,809.0999755859375,820.7999877929688,277171,761.9907836914062
2023-03-24,818.0,820.5999755859375,809.7000122070312,813.4000244140625,375369,755.1210327148438
2023-03-27,819.4000244140625,821.7999877929688,813.0999755859375,817.0,307155,758.4630737304688
2023-03-28,824.2999877929688,831.0,813.4000244140625,814.2000122070312,331452,755.86376953125
2023-03-29,820.9000244140625,830.0,820.5,822.0,399785,763.1049194335938
2023-03-30,827.0,835.2000122070312,821.5999755859375,827.0,335213,767.74658203125
2023-03-31,828.9000244140625,848.2000122070312,828.2000122070312,844.4000244140625,482929,783.89990234375
2023-04-03,840.9000244140625,845.2000122070312,839.9000244140625,844.0999755859375,263789,783.6214599609375
2023-04-04,846.0,852.0,840.4000244140625,851.0,298342,790.0270385742188
2023-04-05,850.0,855.2000122070312,842.2000122070312,844.5999755859375,337453,784.0855712890625
2023-04-06,841.5999755859375,842.7999877929688,826.7000122070312,829.0999755859375,369459,769.6961669921875
2023-04-11,837.0,848.0,831.4000244140625,840.7000122070312,386327,780.465087890625
2023-04-12,846.0,846.7999877929688,832.0,836.5999755859375,355214,776.6587524414062
2023-04-13,866.0,884.5,861.7000122070312,883.9000244140625,567492,820.5698852539062
2023-04-14,890.7999877929688,894.9000244140625,886.5999755859375,892.7999877929688,390098,828.8320922851562
2023-04-17,893.5,894.7000122070312,869.9000244140625,873.5999755859375,411960,811.0077514648438
2023-04-18,870.2999877929688,887.0999755859375,869.5999755859375,877.5,337609,814.6283569335938
2023-04-19,877.0,889.5,875.5,885.0,234283,821.5909423828125
2023-04-20,880.5,897.0,880.5,896.5,372465,832.26708984375
2023-04-21,890.2999877929688,901.0999755859375,888.7999877929688,901.0999755859375,409312,836.5375366210938
2023-04-24,892.0999755859375,904.5999755859375,891.5999755859375,902.0,319706,837.3729858398438
2023-04-25,890.0,893.9000244140625,884.0999755859375,889.4000244140625,287091,832.1336059570312
2023-04-26,883.7999877929688,883.7999877929688,865.7000122070312,875.4000244140625,426044,819.0350341796875
2023-04-27,874.5,890.4000244140625,872.0999755859375,877.0999755859375,301676,820.6255493164062
2023-04-28,878.0999755859375,881.2999877929688,861.9000244140625,871.0,460819,814.9182739257812
2023-05-02,874.0999755859375,877.5999755859375,865.2000122070312,868.7000122070312,351365,812.766357421875
2023-05-03,870.0,886.5,870.0,879.2000122070312,256993,822.5902709960938
2023-05-04,877.2000122070312,879.5999755859375,870.0999755859375,873.7000122070312,323073,817.4445190429688
2023-05-05,879.4000244140625,880.5999755859375,868.4000244140625,876.9000244140625,320258,820.4384155273438
2023-05-08,880.0,887.2000122070312,877.7999877929688,884.5,211356,827.5490112304688
2023-05-09,885.0999755859375,886.5999755859375,873.7999877929688,880.4000244140625,270905,823.7130737304688
2023-05-10,878.0,880.7000122070312,869.0999755859375,872.2999877929688,272477,816.1345825195312
2023-05-11,873.5,890.2999877929688,873.4000244140625,887.5999755859375,280895,830.449462890625
2023-05-12,894.5,902.9000244140625,879.2000122070312,885.4000244140625,341785,828.39111328125
2023-05-15,888.0,894.2999877929688,877.0999755859375,881.0999755859375,213429,824.3679809570312
2023-05-16,877.0,878.2000122070312,872.7000122070312,876.0,279007,819.5963134765625
2023-05-17,873.5999755859375,877.5,866.4000244140625,874.4000244140625,237058,818.099365234375
2023-05-18,876.0,880.0,868.4000244140625,872.5,270438,816.3216552734375
2023-05-19,875.4000244140625,881.7000122070312,874.2999877929688,874.2999877929688,322885,818.005859375
2023-05-22,879.0999755859375,882.2000122070312,877.0,878.2000122070312,259639,821.6546630859375
2023-05-23,872.7999877929688,874.7000122070312,834.0,834.2000122070312,548567,780.4877319335938
2023-05-24,825.0,825.0,813.5,817.0999755859375,580209,764.4888305664062
2023-05-25,819.7999877929688,826.5,812.0999755859375,823.4000244140625,451526,770.3831787109375
2023-05-26,827.9000244140625,847.2999877929688,826.5,843.5,402885,789.1890258789062
2023-05-29,849.0,851.2999877929688,839.4000244140625,840.0,170807,785.9142456054688
2023-05-30,841.7000122070312,848.7000122070312,835.0,836.0,350267,782.1719360351562
2023-05-31,818.2999877929688,828.5,807.5999755859375,813.9000244140625,859625,761.4948120117188
2023-06-01,819.7999877929688,822.5999755859375,800.4000244140625,805.7999877929688,437556,753.9164428710938
2023-06-02,816.0,836.0,814.7999877929688,830.9000244140625,407227,777.4002685546875
2023-06-05,827.9000244140625,830.7999877929688,813.5,814.0,304374,761.58837890625
2023-06-06,815.2999877929688,818.5,809.2999877929688,812.2999877929688,337035,759.9979248046875
2023-06-07,810.2000122070312,817.5,807.0,812.7000122070312,252880,760.3720703125
2023-06-08,806.2000122070312,821.7999877929688,804.7000122070312,818.0,185796,765.3309326171875
2023-06-09,820.7000122070312,823.2999877929688,814.0999755859375,820.0,236130,767.2020874023438
2023-06-12,829.5,839.4000244140625,827.9000244140625,834.7999877929688,262387,781.0491333007812
2023-06-13,844.5,850.0999755859375,834.5,841.9000244140625,292795,787.6919555664062
2023-06-14,845.4000244140625,853.4000244140625,845.0,850.0,277579,795.2703857421875
2023-06-15,849.0999755859375,851.7000122070312,838.5999755859375,843.7000122070312,243104,789.3760375976562
2023-06-16,848.5,872.4000244140625,845.5,868.5999755859375,1017309,812.6727905273438
2023-06-19,863.4000244140625,865.2999877929688,852.2000122070312,853.4000244140625,240093,798.4515380859375
2023-06-20,849.2000122070312,854.5,843.7999877929688,846.0,254296,791.528076171875
2023-06-21,842.4000244140625,847.0,833.7000122070312,838.2999877929688,292774,784.3237915039062
2023-06-22,832.9000244140625,839.7999877929688,823.9000244140625,839.2000122070312,254059,785.1658325195312
2023-06-23,836.5,838.0999755859375,825.0,830.0999755859375,333101,776.6517333984375
2023-06-26,837.0999755859375,839.2999877929688,826.9000244140625,835.0,228317,781.2362670898438
2023-06-27,839.0,848.2999877929688,833.2000122070312,839.5999755859375,225272,785.5401000976562
2023-06-28,843.7000122070312,850.7999877929688,841.0999755859375,849.7000122070312,233766,794.98974609375
2023-06-29,850.0,864.9000244140625,848.0,855.0,225721,799.948486328125
2023-06-30,855.0999755859375,864.7000122070312,850.7999877929688,863.0,457169,807.433349609375
2023-07-03,862.5,862.9000244140625,847.7000122070312,854.9000244140625,213569,799.85498046875
2023-07-04,856.7000122070312,863.4000244140625,853.7999877929688,856.7000122070312,109863,801.5390625
2023-07-05,848.9000244140625,854.9000244140625,845.0999755859375,847.5,299439,792.931396484375
2023-07-06,838.0,838.5,814.4000244140625,816.0,444684,763.4595947265625
2023-07-07,820.0,832.5,814.5999755859375,825.4000244140625,380704,772.25439453125
2023-07-10,821.9000244140625,833.2999877929688,819.7000122070312,830.9000244140625,219972,777.4002685546875
2023-07-11,840.0,853.0,837.0,849.2999877929688,295807,794.615478515625
2023-07-12,852.7000122070312,867.7999877929688,848.5,866.7000122070312,323888,810.8951416015625
2023-07-13,874.2999877929688,884.5,869.7999877929688,877.2999877929688,324073,820.8125610351562
2023-07-14,872.4000244140625,892.7000122070312,871.2000122070312,892.2999877929688,301762,834.8468627929688
2023-07-17,865.5999755859375,869.5,848.0999755859375,859.0,358674,803.6909790039062
2023-07-18,860.4000244140625,869.4000244140625,851.0,859.2999877929688,226764,803.9716186523438
2023-07-19,870.0999755859375,871.2999877929688,846.0999755859375,850.4000244140625,295475,795.6446533203125
2023-07-20,845.5,854.7999877929688,840.4000244140625,854.0,324118,799.0128173828125
2023-07-21,856.0999755859375,867.9000244140625,852.0,867.9000244140625,280046,812.0178833007812
2023-07-24,861.0,865.4000244140625,847.0,857.5999755859375,205344,802.3810424804688
2023-07-25,864.4000244140625,870.0,853.2999877929688,854.0,262867,799.0128173828125
2023-07-26,821.0,826.4000244140625,804.5,810.0,751898,757.8460083007812
2023-07-27,820.0,842.2000122070312,816.9000244140625,840.2999877929688,486260,786.195068359375
2023-07-28,838.0,845.0,824.0999755859375,841.2000122070312,372986,787.0370483398438
2023-07-31,840.7999877929688,852.0,838.0,848.0999755859375,344979,793.4927368164062
2023-08-01,845.0,846.2999877929688,828.2999877929688,829.0,273202,775.6224975585938
2023-08-02,813.0,828.7000122070312,810.5999755859375,813.5,416321,761.12060546875
2023-08-03,805.0,817.5999755859375,804.0,811.2000122070312,312193,758.9686889648438
2023-08-04,816.0,818.4000244140625,807.2999877929688,816.0,251650,763.4595947265625
2023-08-07,815.7000122070312,823.0,810.5,817.4000244140625,154744,764.7694702148438
2023-08-08,814.2000122070312,817.5999755859375,803.7000122070312,807.2000122070312,289837,755.2262573242188
2023-08-09,818.0,820.5999755859375,806.5,807.0,247800,755.0390625
2023-08-10,815.2000122070312,839.4000244140625,813.4000244140625,834.7000122070312,360999,780.95556640625
2023-08-11,825.9000244140625,831.7999877929688,816.7999877929688,820.4000244140625,225266,767.5763549804688
2023-08-14,817.2999877929688,823.0999755859375,811.4000244140625,816.2000122070312,219533,763.6467895507812
2023-08-15,816.0999755859375,816.5,801.0,804.0999755859375,270647,752.3258056640625
2023-08-16,802.7999877929688,810.5999755859375,801.5,802.9000244140625,224335,751.2031860351562
2023-08-17,800.0,803.2999877929688,780.4000244140625,785.0999755859375,421390,734.5491943359375
2023-08-18,784.0,784.0,764.2999877929688,776.9000244140625,490088,726.8772583007812
2023-08-21,777.2000122070312,792.2999877929688,774.7999877929688,783.9000244140625,283048,733.426513671875
2023-08-22,788.7000122070312,797.7000122070312,785.9000244140625,790.2000122070312,286404,739.3208618164062
2023-08-23,792.7999877929688,796.5999755859375,785.7999877929688,790.4000244140625,218009,739.5079956054688
2023-08-24,798.9000244140625,803.7000122070312,782.5,783.7000122070312,228144,733.2393188476562
2023-08-25,780.0,793.7000122070312,779.2000122070312,785.2999877929688,215140,734.736328125
2023-08-28,795.2999877929688,801.2999877929688,787.0999755859375,798.5,241609,747.08642578125
2023-08-29,803.0,810.0,795.2000122070312,810.0,265269,757.8460083007812
2023-08-30,815.0,815.0,796.4000244140625,804.0,280091,752.2322387695312
2023-08-31,805.0,805.0,782.2000122070312,782.2000122070312,593584,731.8358764648438
2023-09-01,781.5,790.2000122070312,772.0,775.7999877929688,404239,725.8479614257812
2023-09-04,781.0,786.4000244140625,771.9000244140625,772.5999755859375,172252,722.8540649414062
2023-09-05,767.0,768.7000122070312,755.0999755859375,759.0999755859375,389606,710.2232055664062
2023-09-06,757.2999877929688,757.5,723.5999755859375,731.5,699773,684.4004516601562
2023-09-07,731.2999877929688,737.9000244140625,722.0999755859375,724.0999755859375,504991,677.4767456054688
2023-09-08,731.2999877929688,744.7999877929688,723.0,740.0,489542,692.3530883789062
2023-09-11,742.7000122070312,747.0,738.0,742.2000122070312,301258,694.4114379882812
2023-09-12,749.0,749.0,731.2000122070312,734.4000244140625,259306,687.11376953125
2023-09-13,731.0,737.0999755859375,726.5999755859375,729.5999755859375,367484,682.6227416992188
2023-09-14,722.0,748.7999877929688,720.2999877929688,742.5999755859375,551528,694.78564453125
2023-09-15,759.4000244140625,772.4000244140625,757.4000244140625,761.2000122070312,1180906,712.1881103515625
2023-09-18,756.0,756.0,740.5999755859375,742.5,330109,694.6920776367188
2023-09-19,738.2000122070312,745.5999755859375,731.0,736.7999877929688,279403,689.359130859375
2023-09-20,731.2999877929688,740.4000244140625,728.2999877929688,736.7000122070312,332191,689.265625
2023-09-21,726.2999877929688,738.0,723.2000122070312,729.2999877929688,380318,682.342041015625
2023-09-22,728.2000122070312,736.7999877929688,723.4000244140625,732.2999877929688,349467,685.1488037109375
2023-09-25,728.2000122070312,732.7000122070312,709.0,713.2999877929688,470987,667.3721923828125
2023-09-26,705.0,705.7999877929688,696.7999877929688,703.0,515396,657.7354125976562
2023-09-27,704.0,708.0,697.2999877929688,698.7000122070312,354047,653.7123413085938
2023-09-28,695.0,708.2999877929688,693.2999877929688,706.0,377885,660.5423583984375
2023-09-29,722.0,732.5999755859375,716.4000244140625,716.4000244140625,546642,670.272705078125
2023-10-02,721.0,729.9000244140625,709.4000244140625,714.9000244140625,308586,668.8692626953125
2023-10-03,709.0,718.7000122070312,705.0999755859375,705.2999877929688,319819,659.8872680664062
2023-10-04,702.4000244140625,721.9000244140625,700.7999877929688,712.5,323333,666.623779296875
2023-10-05,715.5999755859375,723.2999877929688,713.2999877929688,720.5999755859375,330234,674.2021484375
2023-10-06,726.0,731.2999877929688,715.7999877929688,729.7000122070312,392760,682.71630859375
2023-10-09,724.9000244140625,724.9000244140625,707.7000122070312,710.7000122070312,370296,664.939697265625
2023-10-10,723.0,734.5,717.7999877929688,733.5,499891,686.2715454101562
2023-10-11,691.0,699.2000122070312,671.5,686.0999755859375,1544205,641.9236450195312
2023-10-12,689.7999877929688,690.2999877929688,673.2999877929688,675.0,628130,631.538330078125
2023-10-13,675.0,679.7000122070312,658.2999877929688,660.5999755859375,442278,618.0654907226562
2023-10-16,666.9000244140625,672.7999877929688,657.7000122070312,667.0999755859375,381824,624.14697265625
2023-10-17,668.9000244140625,672.4000244140625,655.2999877929688,668.4000244140625,319434,625.3632202148438
2023-10-18,671.5999755859375,677.7999877929688,665.9000244140625,667.7000122070312,350645,624.7083129882812
2023-10-19,662.0,676.2999877929688,660.5,670.5999755859375,364426,627.421630859375
2023-10-20,660.5999755859375,670.4000244140625,659.2999877929688,664.0,427190,621.24658203125
2023-10-23,665.0,669.7999877929688,655.0,669.4000244140625,294529,626.2988891601562
2023-10-24,676.5999755859375,683.5,670.0,681.0,389751,637.1519775390625
2023-10-25,677.0,680.2000122070312,669.0,679.0999755859375,367371,635.3743286132812
2023-10-26,674.0,674.0999755859375,664.9000244140625,668.4000244140625,314944,625.3632202148438
2023-10-27,666.5,671.4000244140625,660.0999755859375,661.4000244140625,331043,618.8140258789062
2023-10-30,668.7999877929688,676.7999877929688,663.4000244140625,671.0,238715,627.7958374023438
2023-10-31,672.0,683.4000244140625,669.5,674.5,349214,631.0704956054688
2023-11-01,678.5,679.7000122070312,668.0,675.2999877929688,244374,631.8190307617188
2023-11-02,686.0999755859375,707.2999877929688,683.5,701.0999755859375,434576,655.9577026367188
2023-11-03,706.0,711.5,700.2999877929688,702.7999877929688,323785,657.5482788085938
2023-11-06,708.0,708.7000122070312,693.0999755859375,697.2000122070312,273395,652.308837890625
2023-11-07,695.0,699.9000244140625,691.2999877929688,697.5,255096,652.589599609375
2023-11-08,697.9000244140625,710.2000122070312,684.2999877929688,703.5,327672,658.2032470703125
2023-11-09,705.0,718.2000122070312,702.2999877929688,714.4000244140625,351238,668.4013671875
2023-11-10,702.0,704.9000244140625,680.7000122070312,687.0999755859375,518915,642.859130859375
2023-11-13,693.0,693.0999755859375,683.0,688.5,286839,644.1690063476562
2023-11-14,688.5,710.5,685.4000244140625,706.9000244140625,458565,661.3843994140625
2023-11-15,713.0,726.5999755859375,712.4000244140625,719.0,419937,672.7052001953125
2023-11-16,712.2999877929688,712.5999755859375,699.2000122070312,706.0999755859375,427139,660.6357421875
2023-11-17,707.2999877929688,715.5,705.0,711.5999755859375,398176,665.7816772460938
2023-11-20,712.7999877929688,720.7999877929688,712.0999755859375,717.7000122070312,277032,671.489013671875
2023-11-21,708.2999877929688,711.0,702.7000122070312,704.0999755859375,321471,658.7645874023438
2023-11-22,706.7999877929688,714.0999755859375,702.9000244140625,712.2999877929688,253674,666.4365844726562
2023-11-23,714.7000122070312,714.7000122070312,707.0,711.5999755859375,150123,665.7816772460938
2023-11-24,710.7000122070312,711.0999755859375,704.7000122070312,706.9000244140625,231022,661.3843994140625
2023-11-27,708.0999755859375,710.2000122070312,696.4000244140625,697.2999877929688,294670,652.4024658203125
2023-11-28,683.0,687.0,676.2000122070312,684.5,478189,640.4265747070312
2023-11-29,684.5999755859375,696.9000244140625,682.5,690.5,292643,646.040283203125
2023-11-30,693.2999877929688,703.0999755859375,682.2000122070312,702.7000122070312,1013823,657.4547729492188
2023-12-01,690.0,705.0999755859375,689.2000122070312,699.2000122070312,384902,654.1801147460938
2023-12-04,695.5999755859375,703.9000244140625,692.2000122070312,698.7000122070312,246110,658.895263671875
2023-12-05,698.7000122070312,715.0,697.7000122070312,713.2000122070312,386508,672.5692749023438
2023-12-06,712.5,720.5999755859375,709.2999877929688,718.5999755859375,351158,677.66162109375
2023-12-07,714.5999755859375,716.7000122070312,710.5,715.5999755859375,279958,674.8324584960938
2023-12-08,716.4000244140625,745.5,716.4000244140625,739.0999755859375,572988,696.99365234375
2023-12-11,739.0999755859375,744.9000244140625,736.2000122070312,740.0,368183,697.8424682617188
2023-12-12,742.2999877929688,746.7000122070312,733.0,733.5999755859375,322591,691.8070068359375
2023-12-13,720.0,742.2000122070312,720.0,734.5,408010,692.6557006835938
2023-12-14,750.0,754.7999877929688,741.2000122070312,746.7999877929688,477648,704.2550659179688
2023-12-15,749.7999877929688,755.2999877929688,745.5999755859375,748.4000244140625,822557,705.7638549804688
2023-12-18,742.5,743.2999877929688,734.0,741.7999877929688,272780,699.5398559570312
2023-12-19,741.2999877929688,746.5999755859375,731.4000244140625,745.5,311605,703.029052734375
2023-12-20,747.4000244140625,752.0,740.5999755859375,746.9000244140625,272127,704.349365234375
2023-12-21,741.0,744.2999877929688,735.5,743.4000244140625,246163,701.0487060546875
2023-12-22,735.2999877929688,742.2000122070312,733.4000244140625,737.7000122070312,290012,695.6734008789062
2023-12-27,738.5,743.5999755859375,733.7000122070312,735.4000244140625,185900,693.5045166015625
2023-12-28,736.9000244140625,739.7000122070312,728.5999755859375,731.0,162422,689.3551635742188
2023-12-29,733.0,738.2999877929688,732.2000122070312,733.5999755859375,139158,691.8070068359375
2024-01-02,740.0,740.5,718.7000122070312,723.0,271775,681.8109130859375
2024-01-03,718.0,720.4000244140625,692.7999877929688,695.4000244140625,422816,655.7832641601562
2024-01-04,693.5,701.0,693.4000244140625,697.7999877929688,307568,658.0465087890625
2024-01-05,690.7000122070312,694.0999755859375,680.5999755859375,688.9000244140625,346418,649.6536254882812
2024-01-08,687.5,691.2999877929688,679.0999755859375,691.2999877929688,337785,651.9168701171875
2024-01-09,691.2999877929688,695.5,679.7999877929688,680.7000122070312,316477,641.9207763671875
2024-01-10,683.9000244140625,688.5,680.7999877929688,683.0,330019,644.0896606445312
2024-01-11,688.9000244140625,690.0,672.0,672.2000122070312,401115,633.905029296875
2024-01-12,660.0,669.9000244140625,647.5999755859375,669.9000244140625,518369,631.7359619140625
2024-01-15,669.5999755859375,671.7999877929688,665.9000244140625,669.2000122070312,237797,631.075927734375
2024-01-16,664.2000122070312,667.0,661.0999755859375,666.2999877929688,302654,628.3411254882812
2024-01-17,656.4000244140625,658.7000122070312,644.0,647.4000244140625,512431,610.517822265625
2024-01-18,670.0,673.7000122070312,655.7999877929688,663.4000244140625,625730,625.6063232421875
2024-01-19,668.2000122070312,669.0999755859375,653.5,659.4000244140625,341063,621.8341674804688
2024-01-22,667.0,670.2999877929688,659.0,662.9000244140625,307905,625.1348266601562
2024-01-23,670.0,671.7000122070312,664.5,670.4000244140625,346518,632.20751953125
2024-01-24,669.5999755859375,689.4000244140625,669.5,683.4000244140625,525671,644.4669189453125
2024-01-25,685.0,689.0,677.0,685.2999877929688,388550,646.2586669921875
2024-01-26,732.0,779.9000244140625,728.7999877929688,773.0999755859375,1519188,729.056640625
2024-01-29,769.5,779.5999755859375,767.7999877929688,776.2999877929688,489398,732.0744018554688
2024-01-30,778.0999755859375,785.7999877929688,774.4000244140625,782.0,353778,737.4496459960938
2024-01-31,780.0,781.4000244140625,770.0999755859375,773.5999755859375,460942,729.5281982421875
2024-02-01,768.2000122070312,775.4000244140625,765.2000122070312,770.5999755859375,264135,726.6991577148438
2024-02-02,772.5,783.0999755859375,772.5,778.0999755859375,337368,733.7718505859375
2024-02-05,776.7000122070312,780.7000122070312,774.2999877929688,780.7000122070312,259307,736.2238159179688
2024-02-06,780.5,784.5999755859375,771.2000122070312,779.5,220386,735.0921020507812
2024-02-07,783.4000244140625,789.2999877929688,780.4000244140625,784.0999755859375,324975,739.4299926757812
2024-02-08,786.2000122070312,806.0,783.2000122070312,804.5,487589,758.6678466796875
2024-02-09,809.0,811.5999755859375,798.4000244140625,807.5,362765,761.4970092773438
2024-02-12,809.0,821.9000244140625,808.7999877929688,821.9000244140625,371867,775.07666015625
2024-02-13,820.0999755859375,824.7000122070312,798.4000244140625,800.7999877929688,333391,755.1786499023438
2024-02-14,791.7000122070312,804.2999877929688,784.0,802.5999755859375,208942,756.8760986328125
2024-02-15,813.4000244140625,816.5999755859375,809.9000244140625,815.5999755859375,305395,769.1354370117188
2024-02-16,818.0,830.2999877929688,815.7000122070312,815.7999877929688,387495,769.3241577148438
2024-02-19,807.5999755859375,823.5999755859375,804.0,821.9000244140625,141478,775.07666015625
2024-02-20,816.9000244140625,824.5,813.5999755859375,820.2000122070312,199095,773.4735107421875
2024-02-21,825.0,828.0,818.9000244140625,821.5999755859375,209929,774.793701171875
2024-02-22,826.2999877929688,840.4000244140625,821.5,840.4000244140625,392244,792.5226440429688
2024-02-23,841.2000122070312,850.0999755859375,840.0,850.0999755859375,329686,801.6699829101562
2024-02-26,841.9000244140625,846.7999877929688,839.2000122070312,842.2000122070312,236443,794.2200927734375
2024-02-27,842.2999877929688,850.4000244140625,840.7000122070312,850.4000244140625,253401,801.952880859375
2024-02-28,848.5999755859375,850.4000244140625,842.2000122070312,847.7000122070312,183244,799.4067993164062
2024-02-29,858.0,858.9000244140625,840.0,842.7999877929688,534253,794.7859497070312
2024-03-01,838.0,850.2000122070312,837.5,846.4000244140625,233276,798.180908203125
2024-03-04,842.4000244140625,843.0,832.9000244140625,839.7999877929688,190896,791.9568481445312
2024-03-05,837.0,838.0999755859375,825.4000244140625,829.0999755859375,190990,781.8663940429688
2024-03-06,826.4000244140625,838.2000122070312,823.0,832.5999755859375,212634,785.1669921875
2024-03-07,827.2000122070312,843.7000122070312,820.7999877929688,839.7999877929688,277910,791.9568481445312
2024-03-08,840.0,850.5,838.2999877929688,844.9000244140625,228912,796.766357421875
2024-03-11,838.7999877929688,850.4000244140625,838.0,850.4000244140625,203515,801.952880859375
2024-03-12,851.4000244140625,859.0,837.5,859.0,297304,810.0630493164062
2024-03-13,853.2999877929688,869.5999755859375,851.5999755859375,867.2000122070312,302204,817.7958374023438
2024-03-14,873.0999755859375,886.4000244140625,872.0999755859375,872.7999877929688,321508,823.0768432617188
2024-03-15,867.2000122070312,873.7999877929688,860.7999877929688,862.2999877929688,800577,813.1749877929688
2024-03-18,862.9000244140625,865.0,854.9000244140625,858.0999755859375,159251,809.2142944335938
2024-03-19,852.0,860.2000122070312,844.5999755859375,860.2000122070312,234362,811.1946411132812
2024-03-20,834.0,851.5999755859375,828.9000244140625,846.2000122070312,366591,797.9922485351562
2024-03-21,856.0999755859375,857.9000244140625,840.7000122070312,847.9000244140625,312507,799.595458984375
2024-03-22,838.9000244140625,839.7000122070312,822.2999877929688,828.5999755859375,368170,781.3948974609375
2024-03-25,825.2000122070312,826.7999877929688,812.7999877929688,825.5,307087,778.4714965820312
2024-03-26,835.0,835.0,817.7999877929688,821.7999877929688,362907,774.9822998046875
2024-03-27,821.9000244140625,830.2999877929688,816.5999755859375,830.2999877929688,290229,782.9979858398438
2024-03-28,831.5,843.0,831.5,833.7000122070312,456534,786.204345703125
2024-04-02,833.0999755859375,843.0999755859375,818.5999755859375,821.7999877929688,383110,774.9822998046875
2024-04-03,820.0999755859375,826.5,816.0,816.0,360199,769.5126953125
2024-04-04,816.0,822.0999755859375,810.4000244140625,819.4000244140625,218756,772.7190551757812
2024-04-05,803.0999755859375,807.5,797.7000122070312,799.7999877929688,419609,754.2356567382812
2024-04-08,795.7000122070312,808.2000122070312,793.9000244140625,807.2999877929688,245195,761.3082885742188
2024-04-09,803.0999755859375,804.2999877929688,792.0,795.2000122070312,244279,749.8976440429688
2024-04-10,803.2000122070312,803.9000244140625,782.4000244140625,793.0,262823,747.822998046875
2024-04-11,788.7999877929688,798.2000122070312,784.9000244140625,790.5,231588,745.4654541015625
2024-04-12,797.2000122070312,801.7000122070312,775.2999877929688,781.2000122070312,285370,736.6952514648438
2024-04-15,786.2000122070312,804.7999877929688,782.0,794.7999877929688,344661,749.5204467773438
2024-04-16,783.4000244140625,795.0,780.0999755859375,781.7999877929688,345405,737.2610473632812
2024-04-17,806.2999877929688,823.5999755859375,794.9000244140625,804.0,504860,758.1962890625
2024-04-18,804.0999755859375,808.7999877929688,792.5999755859375,796.7999877929688,300881,751.4065551757812
2024-04-19,790.4000244140625,799.0999755859375,785.0,796.5999755859375,348245,751.2178955078125
2024-04-22,802.0,805.7000122070312,792.5,796.7999877929688,195796,751.4065551757812
2024-04-23,795.0,799.5999755859375,793.5,799.5999755859375,230251,761.2120361328125
2024-04-24,794.5,810.7999877929688,792.5,800.2000122070312,242086,761.783203125
2024-04-25,804.7999877929688,805.7000122070312,770.2000122070312,778.0,312597,740.6490478515625
2024-04-26,789.0,797.7000122070312,784.0,792.2000122070312,230329,754.1672973632812
2024-04-29,794.5,795.0,775.5,779.2000122070312,228207,741.7913818359375
2024-04-30,779.9000244140625,781.5999755859375,772.0,774.4000244140625,316018,737.2218627929688
2024-05-02,780.0,780.5,765.0,767.0,233167,730.1771240234375
2024-05-03,773.0,791.5,770.5,782.0,232682,744.4569702148438
2024-05-06,784.7000122070312,787.0,776.9000244140625,781.7000122070312,131557,744.17138671875
2024-05-07,787.7999877929688,790.7999877929688,777.7999877929688,789.4000244140625,215579,751.501708984375
2024-05-08,790.0,795.7000122070312,786.0,787.9000244140625,204110,750.07373046875
2024-05-09,785.0,789.0,778.0999755859375,789.0,150180,751.1209716796875
2024-05-10,795.0999755859375,796.4000244140625,787.0,788.4000244140625,303924,750.5498046875
2024-05-13,792.5999755859375,793.0999755859375,782.0999755859375,782.5999755859375,167046,745.0281982421875
2024-05-14,783.5999755859375,791.9000244140625,780.0999755859375,791.9000244140625,196008,753.8817749023438
2024-05-15,790.7000122070312,790.7000122070312,773.0999755859375,789.0,288308,751.1209716796875
2024-05-16,785.5999755859375,788.5999755859375,782.5999755859375,786.0,199466,748.2649536132812
2024-05-17,782.0,790.5999755859375,779.2000122070312,783.2000122070312,337814,745.5994262695312
2024-05-20,783.5,785.7999877929688,777.7000122070312,779.0999755859375,139035,741.6961669921875
2024-05-21,777.7000122070312,778.7999877929688,767.7000122070312,768.0999755859375,289755,731.2242431640625
2024-05-22,765.2000122070312,767.0,749.5999755859375,751.9000244140625,384139,715.8020629882812
2024-05-23,751.7999877929688,755.7999877929688,749.7000122070312,752.7999877929688,233402,716.6588134765625
2024-05-24,748.0,757.7999877929688,746.7000122070312,750.0,250821,713.9932861328125
2024-05-27,750.2999877929688,756.2000122070312,748.5,756.2000122070312,137570,719.8956298828125
2024-05-28,756.4000244140625,758.7000122070312,743.2999877929688,745.4000244140625,260605,709.6141357421875
2024-05-29,742.7999877929688,744.0999755859375,724.2000122070312,724.2000122070312,531558,689.4319458007812
2024-05-30,724.0999755859375,734.7999877929688,723.7000122070312,734.4000244140625,293903,699.1422729492188
2024-05-31,734.2000122070312,738.7999877929688,731.7000122070312,734.9000244140625,556189,699.6182861328125
2024-06-03,742.5,745.0,734.9000244140625,738.0,220908,702.5693969726562
2024-06-04,740.0,744.5,735.0,735.0,239063,699.71337890625
2024-06-05,741.7000122070312,755.0,735.2999877929688,752.5999755859375,282633,716.4684448242188
2024-06-06,758.0999755859375,767.4000244140625,756.5,762.7000122070312,348718,726.0836181640625
2024-06-07,766.2000122070312,767.5999755859375,753.2999877929688,762.5,334398,725.8931884765625
2024-06-10,750.5999755859375,753.0999755859375,738.0999755859375,746.2999877929688,349551,710.470947265625
2024-06-11,749.7999877929688,751.0999755859375,731.2000122070312,736.5999755859375,436146,701.236572265625
2024-06-12,737.4000244140625,743.7999877929688,732.2000122070312,735.4000244140625,356415,700.09423828125
2024-06-13,735.9000244140625,740.4000244140625,728.0,731.5,317043,696.3814086914062
2024-06-14,726.0,729.7000122070312,707.5999755859375,711.4000244140625,617570,677.2463989257812
2024-06-17,713.7999877929688,717.4000244140625,701.0,717.4000244140625,349463,682.9583740234375
2024-06-18,723.7000122070312,726.7000122070312,707.9000244140625,710.0999755859375,322705,676.0087890625
2024-06-19,707.0,711.4000244140625,703.2999877929688,707.0,302306,673.0576782226562
2024-06-20,707.7000122070312,715.7999877929688,706.2000122070312,713.5999755859375,375045,679.3407592773438
2024-06-21,712.7000122070312,719.5,710.4000244140625,717.2999877929688,902570,682.8631591796875
2024-06-24,718.0,730.2000122070312,716.7000122070312,726.5,262912,691.6214599609375
2024-06-25,722.0999755859375,737.7999877929688,721.0999755859375,736.7999877929688,315702,701.4270629882812
2024-06-26,738.5999755859375,741.7999877929688,720.2999877929688,727.0,314903,692.0974731445312
2024-06-27,726.5999755859375,735.5999755859375,714.5999755859375,715.5,288905,681.1495971679688
2024-06-28,714.4000244140625,717.7999877929688,709.4000244140625,713.5999755859375,397918,679.3407592773438
2024-07-01,730.2000122070312,732.4000244140625,711.4000244140625,712.0,302616,677.817626953125
2024-07-02,711.9000244140625,714.7000122070312,703.0999755859375,709.5999755859375,270194,675.5327758789062
2024-07-03,714.0,725.5999755859375,712.4000244140625,714.7999877929688,323582,680.4832153320312
2024-07-04,719.7999877929688,722.2999877929688,717.4000244140625,719.7999877929688,177633,685.2431030273438
2024-07-05,723.9000244140625,726.0,712.5999755859375,716.4000244140625,172452,682.0064086914062
2024-07-08,711.0,719.2999877929688,695.7000122070312,695.7000122070312,475097,662.3001708984375
2024-07-09,697.0,698.2999877929688,685.5999755859375,686.9000244140625,472423,653.9226684570312
2024-07-10,688.5,700.0999755859375,685.4000244140625,697.5999755859375,328745,664.10888671875
2024-07-11,705.2999877929688,712.5,702.0,710.0,304957,675.9136962890625
2024-07-12,714.2000122070312,728.9000244140625,713.7999877929688,724.7999877929688,319569,690.0031127929688
2024-07-15,718.7000122070312,721.0999755859375,700.7999877929688,705.5999755859375,268855,671.724853515625
2024-07-16,702.0999755859375,703.7000122070312,692.0,692.0999755859375,301037,658.8729858398438
2024-07-17,693.4000244140625,697.0999755859375,685.0,690.2000122070312,411556,657.064208984375
2024-07-18,698.5999755859375,699.7000122070312,690.2999877929688,690.2999877929688,297447,657.159423828125
2024-07-19,690.0,693.7000122070312,678.0,679.7999877929688,531464,647.16357421875
2024-07-22,685.2999877929688,696.0,684.7999877929688,692.0999755859375,300825,658.8729858398438
2024-07-23,691.4000244140625,702.4000244140625,686.7000122070312,691.5999755859375,278780,658.39697265625
2024-07-24,661.2000122070312,672.7000122070312,646.5,659.4000244140625,884635,627.742919921875
2024-07-25,657.0,658.5999755859375,648.9000244140625,652.5999755859375,454726,621.269287109375
2024-07-26,650.5999755859375,666.2999877929688,650.2000122070312,663.0999755859375,354343,631.2652587890625
2024-07-29,665.5999755859375,666.4000244140625,650.7999877929688,654.7000122070312,285420,623.2685546875
2024-07-30,656.5999755859375,661.9000244140625,650.7999877929688,652.4000244140625,373851,621.0790405273438
2024-07-31,661.0,661.4000244140625,650.0999755859375,653.0,521957,621.6502075195312
2024-08-01,647.7000122070312,649.0,639.5,642.0,501010,611.1783447265625
2024-08-02,637.5,640.7000122070312,627.2999877929688,630.5,523366,600.2304077148438
2024-08-05,621.0,626.5,611.5,624.2999877929688,724542,594.3280639648438
2024-08-06,624.0,625.7000122070312,615.2000122070312,621.9000244140625,421207,592.0433349609375
2024-08-07,627.4000244140625,635.0,621.0999755859375,631.4000244140625,365579,601.0872192382812
2024-08-08,627.5,634.0,621.2999877929688,633.2999877929688,282647,602.8959350585938
2024-08-09,635.2000122070312,642.2999877929688,632.4000244140625,636.0,256475,605.46630859375
2024-08-12,640.0,641.5,634.2000122070312,635.0999755859375,260891,604.6095581054688
2024-08-13,639.0,640.5,625.5999755859375,634.2000122070312,247798,603.7527465820312
2024-08-14,641.5999755859375,646.0999755859375,638.2999877929688,644.2000122070312,385129,613.2725830078125
2024-08-15,644.2999877929688,659.4000244140625,641.0999755859375,656.0,317095,624.506103515625
2024-08-16,658.7999877929688,662.0,654.4000244140625,658.0999755859375,293393,626.5052490234375
2024-08-19,660.9000244140625,676.2999877929688,660.0999755859375,674.5,372040,642.117919921875
2024-08-20,675.9000244140625,680.0,674.9000244140625,677.7999877929688,282425,645.259521484375
2024-08-21,675.0,681.5,675.0,678.7999877929688,233343,646.2114868164062
2024-08-22,680.9000244140625,685.5999755859375,678.0,678.0,201641,645.449951171875
2024-08-23,678.0,681.4000244140625,673.4000244140625,681.0999755859375,263102,648.4010620117188
2024-08-26,681.5,686.0,680.9000244140625,682.0,144375,649.2578125
2024-08-27,683.9000244140625,686.4000244140625,668.2999877929688,669.7999877929688,293654,637.6436157226562
2024-08-28,672.7999877929688,674.0999755859375,665.7999877929688,666.2000122070312,282346,634.2164916992188
2024-08-29,667.7999877929688,677.5999755859375,667.0,677.4000244140625,267209,644.8787841796875
2024-08-30,678.7000122070312,688.0,674.2999877929688,674.2999877929688,410037,641.9275512695312
2024-09-02,670.9000244140625,673.4000244140625,662.2000122070312,673.2000122070312,212577,640.88037109375
2024-09-03,677.5,681.5,670.0,670.9000244140625,250244,638.6907958984375
2024-09-04,652.5999755859375,659.7999877929688,641.2999877929688,642.5999755859375,577522,611.7494506835938
2024-09-05,640.7999877929688,640.9000244140625,617.4000244140625,619.2000122070312,745288,589.4728393554688
2024-09-06,619.0,622.2000122070312,612.0,612.0,546371,582.6185302734375
2024-09-09,612.0,620.2000122070312,608.5,616.2000122070312,402861,586.6168823242188
2024-09-10,614.0,620.7999877929688,610.5999755859375,612.4000244140625,324128,582.9993286132812
2024-09-11,612.4000244140625,619.2999877929688,602.4000244140625,607.0,453877,577.8585815429688
2024-09-12,616.7000122070312,617.5,603.0,606.7999877929688,438724,577.6681518554688
2024-09-13,606.0,614.9000244140625,606.0,608.0999755859375,545500,578.90576171875
2024-09-16,608.2999877929688,613.5,603.2000122070312,603.5999755859375,338885,574.6217651367188
2024-09-17,608.2000122070312,611.9000244140625,603.5,607.7000122070312,519693,578.52490234375
2024-09-18,608.9000244140625,609.5,595.9000244140625,595.9000244140625,674035,567.29150390625
2024-09-19,611.0,618.4000244140625,607.2999877929688,614.0,488717,584.5224609375
2024-09-20,606.0,606.9000244140625,591.9000244140625,591.9000244140625,1100069,563.4835815429688
2024-09-23,590.0,595.0999755859375,582.0999755859375,595.0999755859375,488038,566.5299072265625
2024-09-24,616.9000244140625,623.2999877929688,609.9000244140625,614.0999755859375,615136,584.6177368164062
2024-09-25,614.0,620.9000244140625,611.0999755859375,617.5,356730,587.8544921875
2024-09-26,646.0,678.5,643.5,678.5,1241572,645.9259033203125
2024-09-27,700.0,703.4000244140625,682.5,703.4000244140625,1037670,669.6304931640625
2024-09-30,699.4000244140625,707.7999877929688,687.5999755859375,688.5,653733,655.44580078125
2024-10-01,680.0,686.0999755859375,660.4000244140625,664.0,602354,632.1220703125
2024-10-02,669.0,676.0999755859375,661.2999877929688,668.4000244140625,404963,636.310791015625
2024-10-03,665.4000244140625,665.5,654.2000122070312,661.0,338628,629.26611328125
2024-10-04,658.2999877929688,669.2000122070312,656.2999877929688,661.9000244140625,468425,630.1229248046875
2024-10-07,666.0,681.9000244140625,664.2999877929688,679.7999877929688,549344,647.16357421875
2024-10-08,639.2999877929688,659.7999877929688,633.4000244140625,655.5,503394,624.0300903320312
2024-10-09,658.7000122070312,660.9000244140625,648.4000244140625,656.4000244140625,360690,624.8870239257812
2024-10-10,656.4000244140625,659.2999877929688,651.0,655.0,374144,623.5540771484375
2024-10-11,650.0,654.7999877929688,646.0999755859375,653.0999755859375,344991,621.7453002929688
2024-10-14,651.5999755859375,652.2000122070312,632.2999877929688,637.7999877929688,569992,607.1798706054688
2024-10-15,637.7000122070312,639.0,621.7000122070312,625.4000244140625,638849,595.375244140625
2024-10-16,587.9000244140625,610.5,578.7999877929688,602.4000244140625,1140718,573.4794311523438
2024-10-17,605.2999877929688,613.5999755859375,598.5,609.4000244140625,448798,580.1433715820312
2024-10-18,615.2000122070312,630.7999877929688,615.2000122070312,623.2000122070312,593408,593.2808227539062
2024-10-21,620.7999877929688,625.7000122070312,609.7000122070312,611.0,343944,581.66650390625
2024-10-22,612.4000244140625,619.7000122070312,609.2999877929688,616.0,317511,586.4264526367188
2024-10-23,611.2999877929688,617.7999877929688,609.2000122070312,613.5999755859375,277957,584.1416625976562
2024-10-24,613.2000122070312,635.5999755859375,613.2000122070312,628.7000122070312,517019,598.5167236328125
2024-10-25,626.5999755859375,628.7999877929688,621.5,627.0,320113,596.8983764648438
2024-10-28,632.4000244140625,639.5,628.2000122070312,632.0999755859375,339359,601.7534790039062
2024-10-29,631.5,644.5,630.0,630.9000244140625,361684,600.6112060546875
2024-10-30,624.0999755859375,625.9000244140625,608.5999755859375,618.0999755859375,536640,588.4255981445312
2024-10-31,615.0,617.2999877929688,605.2999877929688,609.7999877929688,525312,580.524169921875
2024-11-01,610.7000122070312,614.0999755859375,608.4000244140625,611.0,263325,581.66650390625
2024-11-04,611.0,618.7999877929688,606.2999877929688,606.7000122070312,239750,577.5729370117188
2024-11-05,610.5999755859375,610.7999877929688,599.2999877929688,602.5999755859375,310746,573.6697998046875
2024-11-06,605.5,627.4000244140625,597.2000122070312,603.0999755859375,508054,574.1458129882812
2024-11-07,601.7000122070312,623.5999755859375,599.0,619.0,461210,589.282470703125
2024-11-08,621.5,621.7999877929688,595.4000244140625,598.4000244140625,645633,569.6715087890625
2024-11-11,601.0,606.7000122070312,597.5999755859375,599.5,386814,570.7185668945312
2024-11-12,585.2999877929688,591.2999877929688,565.7000122070312,572.4000244140625,962644,544.9197387695312
2024-11-13,571.9000244140625,578.4000244140625,569.9000244140625,574.0,550029,546.44287109375
2024-11-14,572.0,587.2000122070312,565.4000244140625,584.4000244140625,590102,556.3436279296875
2024-11-15,581.0,591.5,579.7000122070312,586.2999877929688,370430,558.15234375
2024-11-18,589.4000244140625,590.2000122070312,582.2000122070312,588.5999755859375,288165,560.3419189453125
2024-11-19,588.4000244140625,591.5,569.2000122070312,577.2999877929688,501362,549.5844116210938
2024-11-20,582.5,585.5,575.4000244140625,575.4000244140625,301138,547.7756958007812
2024-11-21,570.2000122070312,576.2000122070312,566.9000244140625,574.9000244140625,361231,547.2996826171875
2024-11-22,579.7000122070312,585.0999755859375,570.7000122070312,583.0,412214,555.0108032226562
2024-11-25,593.0,600.0999755859375,590.2999877929688,592.5,617916,564.0547485351562
2024-11-26,589.2999877929688,607.7000122070312,581.2999877929688,596.0,379593,567.38671875
2024-11-27,591.7000122070312,595.2000122070312,586.7000122070312,590.0999755859375,386614,561.7698974609375
2024-11-28,589.5999755859375,592.9000244140625,586.0,586.5,260194,558.3427734375
2024-11-29,584.9000244140625,593.0999755859375,583.4000244140625,592.5,440017,564.0547485351562
2024-12-02,585.0999755859375,608.7999877929688,582.2000122070312,606.0999755859375,617665,582.4080200195312
2024-12-03,610.0,620.2000122070312,605.4000244140625,609.2000122070312,495066,585.3869018554688
2024-12-04,610.0999755859375,614.5,606.7999877929688,610.2000122070312,443542,586.3478393554688
2024-12-05,606.0,614.0,604.7000122070312,609.2000122070312,408680,585.3869018554688
2024-12-06,609.0999755859375,634.2999877929688,608.5,630.4000244140625,544275,605.7582397460938
2024-12-09,640.0,658.7999877929688,640.0,652.5999755859375,746422,627.0903930664062
2024-12-10,642.0,645.2000122070312,634.6500244140625,636.0,481366,611.1393432617188
2024-12-11,631.0,645.7999877929688,628.5999755859375,643.7999877929688,437445,618.6343994140625
2024-12-12,652.5999755859375,655.0,636.7999877929688,646.0,469338,620.7484130859375
2024-12-13,642.9000244140625,648.5999755859375,636.2000122070312,639.0,423295,614.0220336914062
2024-12-16,630.9000244140625,638.0999755859375,627.4000244140625,631.2000122070312,403172,606.5269775390625
2024-12-17,627.0,640.5,625.7000122070312,635.5999755859375,410131,610.7550048828125
2024-12-18,636.9000244140625,639.5999755859375,631.2999877929688,636.5,441362,611.6198120117188
2024-12-19,624.4000244140625,633.0,623.7999877929688,627.5,465932,602.9715576171875
2024-12-20,625.7000122070312,632.7000122070312,617.0999755859375,628.0999755859375,764729,603.5481567382812
2024-12-23,626.2999877929688,629.5,623.5,629.2000122070312,264215,604.6051635742188
2024-12-24,630.5,633.2000122070312,629.9000244140625,630.7999877929688,76311,606.142578125
2024-12-27,630.5999755859375,638.0,630.0,635.5999755859375,254536,610.7550048828125
2024-12-30,632.2999877929688,636.0999755859375,628.0,629.2999877929688,292211,604.7012329101562
2024-12-31,625.5999755859375,637.7000122070312,623.0999755859375,635.5,99667,610.6588745117188
2025-01-02,637.9000244140625,639.4000244140625,619.2999877929688,635.4000244140625,374039,610.5628051757812
2025-01-03,635.0,635.7999877929688,609.5999755859375,611.2999877929688,415336,587.4048461914062
2025-01-06,614.7000122070312,643.9000244140625,613.2999877929688,634.5999755859375,611624,609.7940063476562
2025-01-07,636.2999877929688,646.2000122070312,632.4000244140625,644.5,432713,619.3070678710938
2025-01-08,643.7000122070312,645.0,630.2999877929688,635.7000122070312,380525,610.85107421875
2025-01-09,630.2999877929688,649.0999755859375,629.7000122070312,648.0,408809,622.6702270507812
2025-01-10,645.0999755859375,655.0,642.4000244140625,645.0,410414,619.7875366210938
2025-01-13,642.0,648.5999755859375,638.5999755859375,646.4000244140625,293771,621.1328125
2025-01-14,657.7000122070312,662.4000244140625,651.0,651.0,466755,625.552978515625
2025-01-15,648.4000244140625,653.4000244140625,637.2000122070312,637.2000122070312,528879,612.2924194335938
2025-01-16,690.0,700.7000122070312,678.0,695.5,1078089,668.3135986328125
2025-01-17,691.0999755859375,699.5,685.5999755859375,690.0999755859375,714731,663.1245727539062
2025-01-20,690.0,696.2000122070312,680.9000244140625,683.0999755859375,418509,656.398193359375
2025-01-21,684.0,701.2999877929688,683.0999755859375,701.2999877929688,521381,673.8867797851562
2025-01-22,700.0,714.2999877929688,697.7999877929688,713.7999877929688,617979,685.898193359375
2025-01-23,715.0999755859375,721.4000244140625,708.9000244140625,720.5999755859375,575485,692.432373046875
2025-01-24,750.0,750.0,725.2000122070312,734.0999755859375,713005,705.4046630859375
2025-01-27,735.2000122070312,754.7999877929688,728.5999755859375,754.7999877929688,633190,725.2955322265625
2025-01-28,749.2999877929688,762.7000122070312,746.2999877929688,750.5999755859375,567637,721.2596435546875
2025-01-29,720.5,722.2000122070312,700.0,713.2000122070312,984398,685.3215942382812
2025-01-30,718.4000244140625,718.9000244140625,710.7999877929688,715.7999877929688,420057,687.8200073242188
2025-01-31,716.9000244140625,718.0,698.7999877929688,703.5,578611,676.0008544921875
2025-02-03,685.0999755859375,693.7999877929688,683.2999877929688,690.0999755859375,695311,663.1245727539062
2025-02-04,692.2999877929688,695.2999877929688,682.9000244140625,692.7000122070312,370853,665.6229858398438
2025-02-05,688.0,691.7000122070312,680.0,686.0,356956,659.1848754882812
2025-02-06,684.7999877929688,699.4000244140625,679.0,696.9000244140625,485215,669.6588134765625
2025-02-07,695.0,696.0,682.7999877929688,684.2000122070312,401010,657.4552612304688
2025-02-10,684.4000244140625,687.0999755859375,678.7999877929688,685.2999877929688,336364,658.5122680664062
2025-02-11,681.9000244140625,687.2999877929688,677.7999877929688,685.2000122070312,297413,658.4161376953125
2025-02-12,687.9000244140625,691.0999755859375,672.0,687.7999877929688,443368,660.9144897460938
2025-02-13,698.7999877929688,708.7999877929688,694.5,707.2000122070312,501427,679.5562133789062
2025-02-14,720.0,723.0,711.0999755859375,713.0,594098,685.1294555664062
2025-02-17,708.0,710.2999877929688,698.2999877929688,701.5,336521,674.0789794921875
2025-02-18,705.2000122070312,707.5999755859375,699.2000122070312,705.0999755859375,338875,677.5382690429688
2025-02-19,702.9000244140625,703.7999877929688,688.5,690.9000244140625,426698,663.8933715820312
2025-02-20,685.5999755859375,699.5999755859375,685.5,695.5,333595,668.3135986328125
2025-02-21,695.5,707.0999755859375,695.5,702.4000244140625,459121,674.94384765625
2025-02-24,701.4000244140625,701.9000244140625,688.5,692.0999755859375,364363,665.0464477539062
2025-02-25,689.0999755859375,690.5,683.2000122070312,684.2000122070312,348738,657.4552612304688
2025-02-26,694.0,706.9000244140625,692.5999755859375,700.2999877929688,384656,672.9259033203125
2025-02-27,689.0,697.9000244140625,686.0,693.0999755859375,394320,666.00732421875
2025-02-28,683.5,694.9000244140625,680.2000122070312,694.9000244140625,864547,667.7369995117188
2025-03-03,691.2000122070312,700.9000244140625,685.0,690.7999877929688,481251,663.7972412109375
2025-03-04,680.9000244140625,682.9000244140625,662.0999755859375,667.4000244140625,615046,641.3119506835938
2025-03-05,680.2999877929688,681.4000244140625,664.2999877929688,664.2999877929688,593863,638.3330688476562
2025-03-06,669.7999877929688,669.7999877929688,646.2999877929688,653.0,639967,627.4747924804688
2025-03-07,647.7000122070312,647.7999877929688,628.5999755859375,634.7000122070312,809708,609.8901977539062
2025-03-10,636.2000122070312,640.0,624.7000122070312,630.2999877929688,643780,605.6621704101562
2025-03-11,635.7999877929688,635.7999877929688,616.5,620.7999877929688,538927,596.5335083007812
2025-03-12,624.5,625.4000244140625,605.5999755859375,611.7999877929688,594281,587.88525390625
2025-03-13,606.0,616.7999877929688,598.5999755859375,605.0,696157,581.3511352539062
2025-03-14,604.0,619.4000244140625,600.0999755859375,605.0999755859375,583739,581.4471435546875
2025-03-17,605.4000244140625,611.2000122070312,600.0,609.7000122070312,431806,585.8673706054688
2025-03-18,612.5999755859375,616.2000122070312,608.2000122070312,610.0,456803,586.1555786132812
2025-03-19,607.9000244140625,614.7999877929688,605.2000122070312,610.5999755859375,412984,586.732177734375
2025-03-20,605.5999755859375,611.2000122070312,601.0999755859375,604.5,443424,580.87060546875
2025-03-21,600.9000244140625,602.5,593.5,602.5,1133127,578.9488525390625
2025-03-24,605.7000122070312,609.4000244140625,595.7000122070312,596.2999877929688,416599,572.9911499023438
2025-03-25,598.0,605.5,596.2000122070312,598.2999877929688,455181,574.9129638671875
2025-03-26,596.7999877929688,600.0999755859375,591.7999877929688,594.5,427920,571.2615356445312
2025-03-27,590.5,594.4000244140625,586.2000122070312,589.0999755859375,500514,566.0725708007812
2025-03-28,584.7000122070312,590.0,580.7999877929688,587.0999755859375,619971,564.1507568359375
2025-03-31,580.0,582.0,567.9000244140625,571.7000122070312,657683,549.3527221679688
2025-04-01,579.0999755859375,579.2999877929688,572.0999755859375,575.0999755859375,485067,552.6198120117188
2025-04-02,572.7000122070312,578.0,571.2999877929688,575.2000122070312,423436,552.7159423828125
2025-04-03,561.7000122070312,563.0,541.2999877929688,542.9000244140625,907025,521.6785888671875
2025-04-04,544.2000122070312,547.9000244140625,521.7000122070312,530.0,1173669,509.2827453613281
2025-04-07,500.0,539.5999755859375,482.54998779296875,507.6000061035156,1529400,487.75836181640625
2025-04-08,517.4000244140625,526.7999877929688,501.29998779296875,519.7999877929688,902072,499.4814758300781
2025-04-09,496.70001220703125,510.6000061035156,494.1499938964844,498.3999938964844,984156,478.9179992675781
2025-04-10,547.4000244140625,548.0,520.4000244140625,524.2000122070312,912107,503.7095031738281
2025-04-11,528.2000122070312,532.0,512.7999877929688,524.4000244140625,574896,503.9017028808594
2025-04-14,535.0,536.0,524.5999755859375,530.0999755859375,593484,509.37884521484375
2025-04-15,501.0,502.3999938964844,484.75,488.6499938964844,1693077,469.549072265625
2025-04-16,483.0,489.0,479.29998779296875,485.20001220703125,1094429,466.2339782714844
2025-04-17,482.1000061035156,493.29998779296875,480.95001220703125,485.6000061035156,902702,466.6183166503906
2025-04-22,489.45001220703125,489.79998779296875,471.25,487.29998779296875,809138,468.2518615722656
2025-04-23,492.3500061035156,515.0999755859375,491.8500061035156,500.29998779296875,844261,480.7436828613281
2025-04-24,490.25,501.79998779296875,486.04998779296875,499.70001220703125,605877,487.47491455078125
2025-04-25,504.0,506.5,497.25,498.79998779296875,561897,486.596923828125
2025-04-28,502.29998779296875,507.1000061035156,501.1000061035156,502.0,517430,489.7186279296875
2025-04-29,499.70001220703125,503.20001220703125,489.29998779296875,489.29998779296875,711370,477.3293151855469
2025-04-30,490.8999938964844,493.3500061035156,483.20001220703125,487.8999938964844,889223,475.96356201171875
2025-05-02,496.20001220703125,497.79998779296875,485.95001220703125,495.8500061035156,793013,483.7191162109375
2025-05-05,496.79998779296875,497.8999938964844,490.54998779296875,492.25,389637,480.2071533203125
2025-05-06,492.0,492.95001220703125,484.3999938964844,489.1000061035156,476847,477.1342468261719
2025-05-07,489.1000061035156,491.0,482.0,483.5,542053,471.6712341308594
2025-05-08,485.79998779296875,496.70001220703125,482.3500061035156,487.29998779296875,673673,475.3782653808594
2025-05-09,492.3999938964844,498.25,491.45001220703125,495.75,503875,483.62152099609375
2025-05-12,509.0,536.4000244140625,508.29998779296875,530.5,924869,517.5214233398438
2025-05-13,532.0,541.0999755859375,530.2000122070312,536.9000244140625,627140,523.7648315429688
2025-05-14,537.9000244140625,537.9000244140625,521.2000122070312,525.2000122070312,585731,512.35107421875
2025-05-15,518.9000244140625,521.0,505.79998779296875,507.29998779296875,585025,494.8889465332031
2025-05-16,506.6000061035156,510.70001220703125,499.25,503.8999938964844,793318,491.5721740722656
2025-05-19,501.5,505.5,491.45001220703125,498.6000061035156,565393,486.4018249511719
2025-05-20,499.0,505.6000061035156,492.79998779296875,504.8999938964844,491158,492.5476989746094
2025-05-21,498.3999938964844,502.1000061035156,490.29998779296875,493.6499938964844,582521,481.5729064941406
2025-05-22,486.1499938964844,491.95001220703125,477.6000061035156,485.1000061035156,762477,473.23211669921875
2025-05-23,486.79998779296875,489.8500061035156,466.79998779296875,479.0,830264,467.2813415527344
2025-05-26,487.04998779296875,488.70001220703125,480.25,483.45001220703125,318156,471.6224670410156
2025-05-27,475.75,485.0,475.3999938964844,481.8999938964844,440665,470.1103820800781
2025-05-28,485.0,486.1000061035156,481.70001220703125,483.6499938964844,533957,471.81756591796875
2025-05-29,495.1000061035156,497.6499938964844,479.20001220703125,481.25,367399,469.4762878417969
2025-05-30,481.1000061035156,483.5,477.1499938964844,478.25,930255,466.5496826171875
2025-06-02,471.8500061035156,478.8999938964844,467.3500061035156,477.20001220703125,432937,465.525390625
2025-06-03,475.79998779296875,477.75,466.0,473.6000061035156,594655,462.0134582519531
2025-06-04,475.0,479.29998779296875,470.8999938964844,476.6499938964844,529986,464.9888000488281
2025-06-05,481.1499938964844,483.95001220703125,467.70001220703125,470.1000061035156,545281,458.5990905761719
2025-06-06,468.0,474.1499938964844,467.70001220703125,471.25,289488,459.7209167480469
2025-06-09,471.0,477.3500061035156,470.45001220703125,471.54998779296875,390447,460.0135498046875
2025-06-10,466.75,475.3999938964844,466.1499938964844,474.8500061035156,524847,463.23284912109375
2025-06-11,476.8500061035156,482.75,470.5,470.6000061035156,637539,459.08685302734375
2025-06-12,468.0,472.29998779296875,462.95001220703125,468.8500061035156,525876,457.379638671875
2025-06-13,460.0,463.25,457.25,461.3999938964844,574846,450.1119079589844
2025-06-16,461.29998779296875,469.6000061035156,461.29998779296875,467.3500061035156,428699,455.9163513183594
2025-06-17,461.3999938964844,467.25,459.1499938964844,460.70001220703125,409249,449.4290466308594
2025-06-18,459.79998779296875,466.20001220703125,459.6000061035156,464.04998779296875,380815,452.69708251953125
2025-06-19,456.0,459.79998779296875,450.54998779296875,452.54998779296875,475583,441.4784240722656
2025-06-20,454.75,457.0,448.70001220703125,449.95001220703125,1523772,438.9420471191406
2025-06-23,445.70001220703125,451.29998779296875,444.0249938964844,449.79998779296875,399236,438.7956848144531
2025-06-24,465.1000061035156,467.20001220703125,450.0,453.54998779296875,513993,442.4539489746094
2025-06-25,453.6499938964844,456.0,443.8500061035156,444.79998779296875,480189,433.9179992675781
2025-06-26,445.29998779296875,449.79998779296875,436.54998779296875,437.54998779296875,561542,426.84539794921875
2025-06-27,441.1000061035156,449.29998779296875,440.29998779296875,449.29998779296875,536063,438.30792236328125
2025-06-30,449.95001220703125,452.95001220703125,444.6000061035156,444.6000061035156,627500,433.7229309082031
2025-07-01,446.5,469.04998779296875,446.5,469.04998779296875,676415,457.5747375488281
2025-07-02,474.20001220703125,492.6499938964844,466.1499938964844,488.5,1092297,476.5489196777344
2025-07-03,495.0,495.25,485.04998779296875,485.8999938964844,600087,474.01251220703125
2025-07-04,482.70001220703125,483.6000061035156,474.8999938964844,477.3500061035156,359252,465.67169189453125
2025-07-07,478.0,479.1499938964844,470.6000061035156,475.3500061035156,327388,463.72064208984375
2025-07-08,474.75,484.8999938964844,472.8500061035156,482.6499938964844,417527,470.842041015625
2025-07-09,483.3500061035156,489.6000061035156,479.6499938964844,487.8500061035156,459382,475.9148254394531
2025-07-10,489.75,505.0,488.29998779296875,505.0,685442,492.6452331542969
2025-07-11,501.0,501.29998779296875,487.70001220703125,487.70001220703125,483687,475.76849365234375
2025-07-14,481.5,484.1499938964844,477.45001220703125,479.54998779296875,416095,467.8178405761719
2025-07-15,479.45001220703125,486.5,477.3500061035156,477.3500061035156,414119,465.67169189453125
2025-07-16,474.3500061035156,479.3999938964844,469.54998779296875,475.6000061035156,402058,463.9645080566406
2025-07-17,479.3500061035156,485.3500061035156,472.25,476.8500061035156,429162,465.1839294433594
2025-07-18,481.0,484.3999938964844,470.6000061035156,472.75,451192,461.1842346191406
2025-07-21,474.1499938964844,474.8500061035156,465.29998779296875,468.79998779296875,352498,457.3308410644531
2025-07-22,466.1499938964844,470.20001220703125,463.54998779296875,465.54998779296875,413256,454.1603698730469
2025-07-23,477.1499938964844,480.8500061035156,473.3500061035156,479.95001220703125,466961,468.2080993652344
2025-07-24,483.25,483.5,463.75,470.25,522409,458.7453918457031
2025-07-25,464.95001220703125,494.3999938964844,460.1000061035156,488.70001220703125,1004012,476.7440185546875
2025-07-28,495.75,500.20001220703125,487.54998779296875,489.20001220703125,667768,477.2318115234375
2025-07-29,489.0,489.45001220703125,474.79998779296875,474.79998779296875,699038,463.18408203125
2025-07-30,474.79998779296875,487.1499938964844,474.79998779296875,480.75,503050,468.988525390625
2025-07-31,479.29998779296875,481.04998779296875,470.20001220703125,472.3500061035156,570240,460.7940368652344
2025-08-01,470.0,471.20001220703125,460.0,461.6499938964844,565862,450.35577392578125
2025-08-04,462.1499938964844,466.0,458.70001220703125,462.29998779296875,409317,450.9898986816406
2025-08-05,463.45001220703125,464.5,451.6000061035156,456.5,524030,445.331787109375
2025-08-06,459.0,460.8500061035156,452.3999938964844,457.70001220703125,288926,446.50244140625
2025-08-07,460.0,469.0,457.79998779296875,461.1000061035156,317921,449.8192443847656
2025-08-08,464.6499938964844,466.54998779296875,458.1499938964844,461.3500061035156,237798,450.0631408691406
2025-08-11,465.0,467.8500061035156,455.5,458.0,325684,446.7950744628906
2025-08-12,460.0,462.04998779296875,450.1499938964844,457.1499938964844,406963,445.96588134765625
2025-08-13,459.54998779296875,470.3500061035156,458.8500061035156,469.6000061035156,400911,458.111328125
2025-08-14,471.3999938964844,473.0,463.25,472.8999938964844,468887,461.33056640625
2025-08-15,474.0,477.20001220703125,470.95001220703125,476.1000061035156,436434,464.4522705078125
2025-08-18,477.1499938964844,477.6000061035156,469.8500061035156,475.8500061035156,374669,464.2084045410156
2025-08-19,475.54998779296875,491.29998779296875,475.04998779296875,489.8999938964844,403634,477.9146423339844
2025-08-20,485.79998779296875,498.79998779296875,484.95001220703125,493.54998779296875,408762,481.475341796875
2025-08-21,492.1499938964844,493.54998779296875,482.54998779296875,485.0,318262,473.134521484375
2025-08-22,481.75,498.6000061035156,481.45001220703125,495.1000061035156,423115,482.9874572753906
2025-08-25,495.25,495.6000061035156,486.1000061035156,488.04998779296875,286199,476.10992431640625
2025-08-26,483.1000061035156,495.3500061035156,482.6499938964844,486.25,2474373,474.35394287109375
2025-08-27,486.79998779296875,507.1000061035156,486.20001220703125,502.0,518343,489.7186279296875
2025-08-28,502.70001220703125,525.5,502.70001220703125,513.0999755859375,638110,500.54705810546875
2025-08-29,510.0,515.5999755859375,504.1000061035156,504.1000061035156,452290,491.7672424316406
2025-09-01,505.5,508.8999938964844,501.70001220703125,503.70001220703125,206296,491.3770751953125
2025-09-02,512.0999755859375,523.7000122070312,511.3999938964844,513.0,566516,500.44952392578125
2025-09-03,518.0999755859375,524.7999877929688,516.5,520.7999877929688,594776,508.0586853027344
2025-09-04,516.7999877929688,520.0,498.8999938964844,499.1000061035156,595875,486.88958740234375
2025-09-05,500.0,503.1000061035156,490.6000061035156,496.25,518330,484.10931396484375
2025-09-08,498.1499938964844,499.3500061035156,492.8500061035156,496.1499938964844,294081,484.0117492675781
2025-09-09,495.45001220703125,503.5,487.8999938964844,492.0,339904,479.9632873535156
2025-09-10,491.25,497.8500061035156,486.6000061035156,489.75,431683,477.7683410644531
2025-09-11,490.8500061035156,493.45001220703125,483.54998779296875,487.3500061035156,357770,475.42706298828125
2025-09-12,486.5,494.1499938964844,483.04998779296875,490.6499938964844,382126,478.64630126953125
2025-09-15,492.79998779296875,506.20001220703125,492.29998779296875,504.20001220703125,420577,491.8648376464844
2025-09-16,503.79998779296875,516.0999755859375,502.6000061035156,507.70001220703125,559413,495.2792053222656
2025-09-17,510.1000061035156,512.2999877929688,503.5,511.29998779296875,508171,498.7911071777344
2025-09-18,509.6000061035156,525.2999877929688,509.29998779296875,517.5999755859375,529829,504.93695068359375
2025-09-19,514.0,521.7999877929688,510.6000061035156,510.6000061035156,884978,498.1082458496094
2025-09-22,510.6000061035156,512.9000244140625,502.5,507.0,286999,494.5963134765625
2025-09-23,510.0,530.0999755859375,507.6000061035156,523.2000122070312,502090,510.3999938964844
2025-09-24,521.2999877929688,521.5999755859375,507.70001220703125,509.1000061035156,530170,496.64495849609375
2025-09-25,509.1000061035156,514.2000122070312,504.6000061035156,506.79998779296875,394947,494.40118408203125
2025-09-26,510.0,520.4000244140625,508.79998779296875,515.7000122070312,395227,503.08349609375
2025-09-29,519.0999755859375,525.7999877929688,514.4000244140625,523.0999755859375,398489,510.3023986816406
2025-09-30,522.0,524.4000244140625,516.7000122070312,520.5,461947,507.76605224609375
2025-10-01,523.2999877929688,529.7999877929688,521.7000122070312,524.0,381637,511.1804504394531
2025-10-02,533.7999877929688,544.5999755859375,533.2999877929688,542.9000244140625,561065,529.6180419921875
2025-10-03,542.9000244140625,553.0999755859375,539.5999755859375,553.0999755859375,586960,539.5684814453125
2025-10-06,551.0,551.4000244140625,537.7000122070312,540.4000244140625,600595,527.17919921875
2025-10-07,546.0,563.2000122070312,545.0,560.0,689135,546.2996826171875
2025-10-08,555.7000122070312,576.9000244140625,554.7999877929688,575.5,651388,561.4204711914062
2025-10-09,585.0,585.2999877929688,558.7999877929688,559.2000122070312,535910,545.5192260742188
2025-10-10,562.0,567.7000122070312,543.7999877929688,546.0,582762,532.6421508789062
2025-10-13,548.2000122070312,557.0999755859375,535.9000244140625,540.4000244140625,518104,527.17919921875
2025-10-14,534.0,536.0,527.4000244140625,532.7999877929688,448092,519.7650756835938
2025-10-15,602.0,611.7999877929688,585.5,597.9000244140625,1376612,583.2724609375
2025-10-16,598.7000122070312,607.9000244140625,593.2999877929688,602.2000122070312,553170,587.46728515625
2025-10-17,597.0,608.0,594.0999755859375,605.7000122070312,429369,590.8816528320312
2025-10-20,607.2000122070312,614.0999755859375,605.2999877929688,612.0999755859375,360732,597.125
2025-10-21,609.2000122070312,619.5999755859375,608.7000122070312,616.7999877929688,381067,601.7100830078125
2025-10-22,610.9000244140625,623.2000122070312,606.7000122070312,623.2000122070312,709684,607.9535522460938
2025-10-23,622.2999877929688,631.7000122070312,620.5999755859375,620.7999877929688,370311,605.6121826171875
2025-10-24,622.0,624.2000122070312,609.0,612.5,276678,597.5152587890625
2025-10-27,613.0,614.4000244140625,603.2000122070312,611.5,291320,596.5397338867188
2025-10-28,606.5999755859375,617.0,606.4000244140625,614.5999755859375,253829,599.5638427734375
2025-10-29,611.2999877929688,620.2000122070312,610.0,618.7999877929688,367283,603.6611328125
2025-10-30,614.9000244140625,618.5999755859375,605.2000122070312,610.0999755859375,286364,595.1739501953125
2025-10-31,607.2999877929688,613.7000122070312,605.7000122070312,612.0999755859375,367194,597.125
2025-11-03,612.7000122070312,621.7000122070312,609.0,616.7999877929688,310321,601.7100830078125
2025-11-04,609.9000244140625,612.5,602.0,611.2000122070312,291674,596.2470703125
2025-11-05,596.2999877929688,617.5999755859375,591.4000244140625,612.7999877929688,286517,597.807861328125
2025-11-06,610.7999877929688,617.0999755859375,598.5,600.0,403702,585.321044921875
2025-11-07,602.2000122070312,606.4000244140625,600.5999755859375,603.2000122070312,291704,588.4428100585938
2025-11-10,616.2000122070312,620.5999755859375,611.2000122070312,617.9000244140625,323780,602.783203125
2025-11-11,622.0999755859375,639.0999755859375,621.2999877929688,632.9000244140625,405420,617.4161987304688
2025-11-12,637.0,650.4000244140625,635.0,647.2000122070312,487410,631.3663940429688
2025-11-13,650.0,654.7000122070312,636.0,636.7999877929688,450276,621.220703125
2025-11-14,635.7999877929688,643.9000244140625,628.2999877929688,637.0,357865,621.4158935546875
2025-11-17,632.0,634.5,620.0999755859375,624.0,321628,608.73388671875
2025-11-18,615.0,617.7000122070312,606.0999755859375,611.2999877929688,499293,596.3446044921875
2025-11-19,608.7000122070312,614.7000122070312,603.7000122070312,609.5999755859375,329533,594.6862182617188
2025-11-20,614.0999755859375,626.7999877929688,611.9000244140625,619.5999755859375,406558,604.4415283203125
2025-11-21,610.7999877929688,623.0,609.0999755859375,623.0,451386,607.7583618164062
2025-11-24,630.0,630.7000122070312,620.7999877929688,621.7000122070312,654594,606.490234375
2025-11-25,621.7000122070312,623.5,613.5999755859375,619.2999877929688,381010,604.14892578125
2025-11-26,623.7000122070312,628.0999755859375,617.9000244140625,625.4000244140625,287616,610.0996704101562
2025-11-27,625.4000244140625,628.7000122070312,621.5999755859375,627.4000244140625,157842,612.0507202148438
2025-11-28,629.0999755859375,637.4000244140625,627.7000122070312,635.5,380928,619.9525756835938
2025-12-01,635.7999877929688,646.5,632.7000122070312,642.7000122070312,368728,626.9763793945312
2025-12-02,639.2000122070312,646.7000122070312,632.0,636.2000122070312,370567,625.9924926757812
2025-12-03,630.5,633.9000244140625,624.7000122070312,630.2999877929688,325251,620.1871337890625
2025-12-04,632.9000244140625,634.7999877929688,630.9000244140625,633.0999755859375,383235,622.9421997070312
2025-12-05,630.0999755859375,631.0,621.5999755859375,628.0999755859375,405642,618.0223999023438
2025-12-08,625.9000244140625,627.4000244140625,619.0,625.2000122070312,272878,615.1690063476562
2025-12-09,621.5,623.7999877929688,614.9000244140625,616.2999877929688,226771,606.4117431640625
2025-12-10,616.0,624.7999877929688,611.0,618.7999877929688,301108,608.8716430664062
2025-12-11,625.0,630.7999877929688,620.4000244140625,625.2000122070312,308923,615.1690063476562
2025-12-12,625.0,630.0,621.2999877929688,624.5,234630,614.480224609375
2025-12-15,625.5999755859375,636.7000122070312,624.9000244140625,626.0999755859375,288301,616.0545043945312
2025-12-16,622.7000122070312,638.0,622.4000244140625,636.5,439780,626.2876586914062
2025-12-17,635.7000122070312,636.0999755859375,624.5999755859375,631.7000122070312,310852,621.564697265625
2025-12-18,629.9000244140625,640.0,626.4000244140625,637.4000244140625,358735,627.1732788085938
2025-12-19,627.0999755859375,639.5999755859375,624.0999755859375,631.7000122070312,656414,621.564697265625
2025-12-22,631.0,634.7000122070312,625.7999877929688,627.7000122070312,242753,617.62890625
2025-12-23,627.7000122070312,630.5,625.2000122070312,627.2999877929688,161944,617.2352905273438
2025-12-24,629.7000122070312,634.7000122070312,629.5,632.0999755859375,55878,621.958251953125
2025-12-29,632.9000244140625,635.5999755859375,629.0999755859375,633.2000122070312,199081,623.0406494140625
2025-12-30,631.0999755859375,641.5999755859375,630.0999755859375,639.2999877929688,179559,629.042724609375
2025-12-31,636.9000244140625,645.0,635.7000122070312,645.0,105713,634.6513061523438
2026-01-02,641.5,646.2000122070312,637.9000244140625,641.7999877929688,313581,631.5026245117188
2026-01-05,643.7000122070312,649.0,635.7000122070312,642.7999877929688,266328,632.486572265625
2026-01-06,638.7000122070312,647.5999755859375,631.7000122070312,644.4000244140625,296253,634.0609741210938
2026-01-07,644.7999877929688,644.9000244140625,619.4000244140625,629.2999877929688,382674,619.2031860351562
2026-01-08,624.0,636.9000244140625,621.7999877929688,634.5,274288,624.3197631835938
2026-01-09,635.0999755859375,654.2999877929688,635.0999755859375,652.0999755859375,426319,641.6373291015625
2026-01-12,653.2999877929688,654.2000122070312,643.0999755859375,648.2999877929688,275960,637.8983154296875
2026-01-13,646.9000244140625,652.4000244140625,643.5999755859375,646.5999755859375,262288,636.2255859375
2026-01-14,648.2999877929688,652.0,635.4000244140625,637.9000244140625,478234,627.6652221679688
2026-01-15,645.7999877929688,647.2999877929688,622.7000122070312,625.7000122070312,570522,615.6609497070312
2026-01-16,623.5999755859375,626.0999755859375,602.2999877929688,609.2000122070312,574531,599.4257202148438
2026-01-19,585.0,590.2000122070312,580.0,582.7999877929688,568048,573.4492797851562
2026-01-20,576.2000122070312,577.2000122070312,564.2000122070312,570.0,775476,560.8546142578125
2026-01-21,576.9000244140625,587.0999755859375,575.2000122070312,585.2000122070312,401160,575.810791015625
2026-01-22,596.9000244140625,598.0,590.0,595.7000122070312,424103,586.142333984375
2026-01-23,592.5999755859375,596.5,586.2000122070312,591.4000244140625,307456,581.9113159179688
2026-01-26,589.9000244140625,592.2999877929688,585.2999877929688,588.0,324393,578.5658569335938
2026-01-27,586.7000122070312,593.4000244140625,584.5,589.2999877929688,351605,579.844970703125
2026-01-28,556.0,567.5,535.4000244140625,542.7999877929688,1402549,534.091064453125
2026-01-29,543.2999877929688,552.0,540.5999755859375,542.4000244140625,609605,533.697509765625
2026-01-30,548.7000122070312,551.2000122070312,541.9000244140625,546.9000244140625,579526,538.1253051757812
2026-02-02,547.0,548.9000244140625,538.2999877929688,538.2999877929688,670274,529.6632080078125
2026-02-03,543.4000244140625,543.5999755859375,522.9000244140625,529.0,668007,520.512451171875
2026-02-04,530.4000244140625,537.7000122070312,527.5,536.0999755859375,474341,527.49853515625
2026-02-05,538.7000122070312,543.0,532.0999755859375,538.2000122070312,400469,529.5648803710938
2026-02-06,534.0,537.5999755859375,527.4000244140625,536.2000122070312,328385,527.596923828125
2026-02-09,536.0999755859375,538.0,532.4000244140625,535.4000244140625,276311,526.809814453125
2026-02-10,540.0,543.9000244140625,527.0999755859375,537.7000122070312,424913,529.0728759765625
2026-02-11,536.5,538.2000122070312,525.0999755859375,525.0999755859375,389742,516.6749877929688
2026-02-12,533.0,534.7000122070312,524.2000122070312,524.5,452881,516.0846557617188
2026-02-13,524.0999755859375,524.0999755859375,512.0,514.2000122070312,575387,505.9499206542969
2026-02-16,521.7000122070312,527.9000244140625,518.0999755859375,518.2999877929688,270417,509.984130859375
2026-02-17,515.5,529.0999755859375,515.2000122070312,527.7000122070312,319076,519.2333374023438
2026-02-18,529.0,534.5,523.2000122070312,533.9000244140625,372173,525.3338623046875
2026-02-19,529.0999755859375,531.7999877929688,523.2999877929688,531.5,352903,522.9723510742188
2026-02-20,541.4000244140625,559.2000122070312,540.0999755859375,554.7000122070312,929807,545.8001098632812
2026-02-23,554.5,569.5999755859375,552.0,558.0,510414,549.0471801757812
2026-02-24,554.5999755859375,566.2999877929688,552.0999755859375,561.7999877929688,377541,552.7861938476562
2026-02-25,568.0,568.2000122070312,549.2999877929688,553.0,420512,544.1273803710938
2026-02-26,549.5999755859375,558.9000244140625,548.4000244140625,551.5999755859375,370208,542.7498168945312
2026-02-27,548.0,549.9000244140625,538.9000244140625,544.0999755859375,623509,535.3701782226562
2026-03-02,510.0,528.7999877929688,506.0,520.5,774130,512.1488647460938
2026-03-03,511.0,513.5999755859375,496.3500061035156,502.20001220703125,811981,494.1424560546875
2026-03-04,509.6000061035156,510.0,498.8500061035156,507.3999938964844,543674,499.2590026855469
2026-03-05,500.0,510.29998779296875,497.8500061035156,505.79998779296875,628564,497.6846923828125
2026-03-06,509.8999938964844,512.2000122070312,496.79998779296875,502.20001220703125,539491,494.1424560546875
2026-03-09,492.1000061035156,500.1000061035156,487.8500061035156,497.70001220703125,561652,489.71466064453125
2026-03-10,510.0,512.5,500.20001220703125,504.5,497768,496.4055480957031
2026-03-11,500.0,505.3999938964844,497.6499938964844,500.29998779296875,513248,492.2729187011719
2026-03-12,495.29998779296875,497.3999938964844,490.20001220703125,495.0,557471,487.0579833984375
2026-03-13,489.20001220703125,493.1499938964844,470.54998779296875,473.70001220703125,845874,466.0997314453125
2026-03-16,476.3500061035156,480.625,468.04998779296875,479.0,561707,471.314697265625
2026-03-17,481.04998779296875,481.20001220703125,470.8999938964844,472.25,474737,464.6729736328125
2026-03-18,473.79998779296875,478.1499938964844,464.79998779296875,468.54998779296875,772066,461.0323486328125
2026-03-19,461.6499938964844,465.1000061035156,458.8500061035156,460.25,772011,452.8655090332031
2026-03-20,465.0,468.6499938964844,453.6499938964844,457.95001220703125,1359678,450.6024475097656
2026-03-23,451.0,481.54998779296875,450.8999938964844,466.6000061035156,762197,459.1136474609375
2026-03-24,470.20001220703125,473.45001220703125,456.67498779296875,460.75,586208,453.35748291015625
2026-03-25,465.0,468.20001220703125,457.6000061035156,462.3500061035156,482280,454.93182373046875
2026-03-26,456.1499938964844,466.1499938964844,456.1499938964844,458.29998779296875,648041,450.9468078613281
2026-03-27,458.29998779296875,459.70001220703125,453.3500061035156,455.75,507326,448.4377136230469
2026-03-30,455.45001220703125,463.79998779296875,454.6499938964844,463.6499938964844,366692,456.2109680175781
2026-03-31,460.3500061035156,467.04998779296875,459.3500061035156,463.1000061035156,536097,455.6697998046875
2026-04-01,477.20001220703125,477.8999938964844,465.54998779296875,471.1000061035156,447850,463.54144287109375
2026-04-02,467.1000061035156,474.70001220703125,463.75,471.04998779296875,310354,463.4922180175781
2026-04-07,475.0,481.95001220703125,464.6499938964844,466.8500061035156,446476,459.359619140625
2026-04-08,498.25,505.5,492.75,498.8500061035156,948639,490.8462219238281
2026-04-09,493.04998779296875,494.8500061035156,475.67498779296875,483.95001220703125,631425,476.1852722167969
2026-04-10,488.45001220703125,492.8500061035156,483.29998779296875,483.29998779296875,495552,475.5456848144531
2026-04-13,476.0,481.75,473.20001220703125,481.75,505697,474.02056884765625
2026-04-14,476.0,487.6499938964844,466.5,481.45001220703125,988273,473.72540283203125
2026-04-15,478.8999938964844,483.45001220703125,468.25,481.8999938964844,562316,474.16815185546875
2026-04-16,484.1000061035156,490.0,481.75,484.04998779296875,419784,476.2836608886719
2026-04-17,485.79998779296875,503.70001220703125,483.3999938964844,499.3999938964844,875001,491.3873596191406
2026-04-20,488.95001220703125,492.6000061035156,484.6499938964844,490.54998779296875,482695,482.6793518066406
2026-04-21,490.3999938964844,497.3999938964844,486.0,486.0,530998,478.2023620605469
2026-04-22,483.75,484.95001220703125,473.5,474.29998779296875,458903,466.6900939941406
2026-04-23,470.0,477.6499938964844,468.1499938964844,475.20001220703125,562027,467.5756530761719
2026-04-24,469.8500061035156,474.79998779296875,464.25,471.6499938964844,472376,464.0826110839844
2026-04-27,473.25,474.25,466.3999938964844,467.45001220703125,373342,459.95001220703125
2026-04-28,461.0,464.5,454.75,454.75,507456,454.75
2026-04-29,452.6000061035156,453.3500061035156,445.3999938964844,448.45001220703125,482053,448.45001220703125
2026-04-30,444.8500061035156,452.29998779296875,440.0,451.3999938964844,663061,451.3999938964844
2026-05-04,453.5,455.3500061035156,443.20001220703125,444.95001220703125,639945,444.95001220703125
2026-05-05,442.04998779296875,453.1499938964844,441.25,450.95001220703125,467424,450.95001220703125
2026-05-06,455.0,479.8500061035156,454.1000061035156,474.0,755072,474.0
2026-05-07,477.45001220703125,493.5,476.6499938964844,478.29998779296875,625472,478.29998779296875
2026-05-08,474.0,477.45001220703125,471.5,472.70001220703125,338602,472.70001220703125
2026-05-11,470.3500061035156,471.6000061035156,450.0,452.0,683161,452.0
2026-05-12,451.0,460.95001220703125,449.79998779296875,453.04998779296875,494592,453.04998779296875
2026-05-13,452.20001220703125,454.3999938964844,444.75,452.29998779296875,556573,452.29998779296875
2026-05-14,456.8500061035156,462.54998779296875,453.79998779296875,460.8500061035156,461620,460.8500061035156
2026-05-15,454.5,459.79998779296875,452.79998779296875,455.6000061035156,530300,455.6000061035156
2026-05-18,445.75,461.25,444.3500061035156,456.25,488335,456.25
2026-05-19,456.04998779296875,465.8500061035156,454.6000061035156,462.0,528303,462.0
2026-05-20,460.70001220703125,480.0,458.8500061035156,473.79998779296875,574600,473.79998779296875
2026-05-21,472.8999938964844,480.6000061035156,468.54998779296875,473.54998779296875,569293,473.54998779296875
2026-05-22,481.0,484.5249938964844,469.79998779296875,472.6000061035156,433313,472.6000061035156
2026-05-25,476.20001220703125,480.6499938964844,473.95001220703125,477.8999938964844,375016,477.8999938964844
2026-05-26,477.0,477.0,469.1000061035156,469.20001220703125,347337,469.20001220703125
2026-05-27,474.1499938964844,493.1000061035156,473.3999938964844,483.95001220703125,723742,483.95001220703125
2026-05-28,479.75,486.6499938964844,473.95001220703125,480.95001220703125,417341,480.95001220703125
2026-05-29,486.0,491.1000061035156,473.04998779296875,473.04998779296875,1701998,473.04998779296875
2026-06-01,475.29998779296875,482.6499938964844,465.3999938964844,469.79998779296875,621288,469.79998779296875
2026-06-02,473.0,479.75,471.75,475.0,558401,475.0
2026-06-03,473.3999938964844,475.5,460.8500061035156,460.8500061035156,525369,460.8500061035156
2026-06-04,461.04998779296875,479.95001220703125,460.95001220703125,474.1000061035156,478113,474.1000061035156
2026-06-05,474.70001220703125,484.6000061035156,474.70001220703125,479.04998779296875,526691,479.04998779296875
2026-06-08,473.1499938964844,486.6499938964844,470.54998779296875,482.45001220703125,468807,482.45001220703125
2026-06-09,480.0,496.29998779296875,479.95001220703125,492.29998779296875,565574,492.29998779296875
2026-06-10,496.29998779296875,497.75,485.54998779296875,487.6499938964844,631718,487.6499938964844
2026-06-11,485.75,508.6000061035156,484.0,493.20001220703125,756418,493.20001220703125
2026-06-12,508.0,521.2000122070312,501.1000061035156,510.6000061035156,930219,510.6000061035156
2026-06-15,535.0,537.2000122070312,512.5999755859375,512.5999755859375,872269,512.5999755859375
2026-06-16,512.7999877929688,523.7999877929688,509.79998779296875,520.2999877929688,582796,520.2999877929688
2026-06-17,521.4000244140625,526.4000244140625,509.1000061035156,511.0,644240,511.0
2026-06-18,507.0,517.5,505.1000061035156,505.1000061035156,858552,505.1000061035156
2026-06-19,510.70001220703125,516.2999877929688,499.25,499.25,1653923,499.25
2026-06-22,499.20001220703125,501.5,481.3500061035156,481.3500061035156,1100825,481.3500061035156
2026-06-23,478.8500061035156,485.25,475.29998779296875,483.70001220703125,496595,483.70001220703125
2026-06-24,484.6499938964844,495.3999938964844,484.6499938964844,493.0,527249,493.0
2026-06-25,490.8999938964844,499.79998779296875,487.45001220703125,494.3999938964844,467979,494.3999938964844
2026-06-26,493.45001220703125,498.5,487.20001220703125,495.75,469731,495.75
2026-06-29,494.45001220703125,496.75,488.3999938964844,492.29998779296875,331762,492.29998779296875
2026-06-30,490.0,491.5,478.54998779296875,484.1000061035156,594173,484.1000061035156
2026-07-01,482.25,483.0,471.3500061035156,481.0,535982,481.0
2026-07-02,484.54998779296875,502.20001220703125,483.79998779296875,497.95001220703125,496575,497.95001220703125
2026-07-03,495.45001220703125,497.29998779296875,489.25,495.70001220703125,268319,495.70001220703125
2026-07-06,495.6499938964844,503.79998779296875,489.04998779296875,491.3999938964844,310889,491.3999938964844
2026-07-07,497.29998779296875,502.20001220703125,494.6000061035156,495.79998779296875,346975,495.79998779296875
2026-07-08,493.54998779296875,494.6000061035156,480.25,484.8999938964844,562427,484.8999938964844
2026-07-09,486.8500061035156,493.79998779296875,484.6000061035156,492.95001220703125,356874,492.95001220703125
2026-07-10,492.95001220703125,495.1499938964844,486.3500061035156,489.8999938964844,331061,489.8999938964844
2026-07-13,487.8500061035156,494.20001220703125,486.0,491.5,243416,491.5
2026-07-14,484.6499938964844,486.1000061035156,475.20001220703125,482.95001220703125,293665,482.95001220703125
2026-07-15,497.6499938964844,500.8999938964844,481.1499938964844,495.79998779296875,562190,495.79998779296875
2026-07-16,491.0,503.1000061035156,491.0,503.1000061035156,404055,503.1000061035156
2026-07-17,499.54998779296875,502.29998779296875,491.17498779296875,495.1000061035156,403029,495.1000061035156
2026-07-20,491.95001220703125,494.54998779296875,484.25,486.8500061035156,288346,486.8500061035156
2026-07-21,483.6000061035156,486.95001220703125,477.04998779296875,478.54998779296875,524344,478.54998779296875
2026-07-22,475.0,479.54998779296875,470.8500061035156,474.0,570614,474.0
2026-07-23,470.0,470.0,453.20001220703125,453.54998779296875,858456,453.54998779296875
2026-07-24,451.79998779296875,461.70001220703125,449.5,461.70001220703125,602580,461.70001220703125
