canonical_id,direction,n_events,mean_car,std_car,t_stat,p_value,positive_pct
MC.PA-management-0,precursor,4,-0.070581,0.132154,-1.0682,0.363765,50.0
MC.PA-management-1,precursor,1,0.027891703876061394,,,,1.0
MC.PA-management-10,precursor,4,-0.102336,0.085816,-2.385,0.097179,25.0
MC.PA-management-100,consequence,0,,,,,
MC.PA-management-101,consequence,0,,,,,
MC.PA-management-102,precursor,6,-0.009875,0.126476,-0.1913,0.855851,33.3
MC.PA-management-103,consequence,0,,,,,
MC.PA-management-104,consequence,0,,,,,
MC.PA-management-105,consequence,0,,,,,
MC.PA-management-106,precursor,6,-0.004711,0.155907,-0.074,0.943871,50.0
MC.PA-management-107,consequence,0,,,,,
MC.PA-management-108,precursor,3,-0.046613,0.073772,-1.0944,0.387994,0.0
MC.PA-management-109,precursor,4,-0.053064,0.086831,-1.2222,0.308889,50.0
MC.PA-management-11,precursor,1,-0.19881055906656786,,,,0.0
MC.PA-management-110,precursor,5,-0.109431,0.07315,-3.3451,0.028698,20.0
MC.PA-management-111,consequence,0,,,,,
MC.PA-management-112,precursor,8,-0.026083,0.133988,-0.5506,0.59903,25.0
MC.PA-management-113,consequence,0,,,,,
MC.PA-management-114,precursor,2,-0.119334,0.069667,-2.4224,0.249236,0.0
MC.PA-management-115,consequence,0,,,,,
MC.PA-management-116,consequence,0,,,,,
MC.PA-management-117,precursor,20,-0.028577,0.087467,-1.4611,0.160331,40.0
MC.PA-management-118,precursor,2,0.05894,0.269742,0.309,0.809202,50.0
MC.PA-management-119,consequence,0,,,,,
MC.PA-management-12,consequence,0,,,,,
MC.PA-management-120,precursor,6,-0.07555,0.104931,-1.7636,0.138077,16.7
MC.PA-management-121,consequence,0,,,,,
MC.PA-management-122,precursor,4,-0.021238,0.197861,-0.2147,0.843786,25.0
MC.PA-management-123,consequence,0,,,,,
MC.PA-management-124,precursor,3,-0.022872,0.164441,-0.2409,0.832067,66.7
MC.PA-management-125,precursor,6,-0.02516,0.173719,-0.3548,0.737235,33.3
MC.PA-management-126,consequence,0,,,,,
MC.PA-management-127,precursor,3,0.028966,0.154393,0.325,0.77606,33.3
MC.PA-management-128,consequence,0,,,,,
MC.PA-management-129,precursor,6,-0.063859,0.076326,-2.0494,0.095715,16.7
MC.PA-management-13,precursor,4,-0.252659,0.0,0.0,1.0,0.0
MC.PA-management-130,precursor,3,-0.119663,0.049265,-4.207,0.052122,0.0
MC.PA-management-131,precursor,2,0.05894,0.269742,0.309,0.809202,50.0
MC.PA-management-132,consequence,0,,,,,
MC.PA-management-133,consequence,0,,,,,
MC.PA-management-134,precursor,2,0.011936,0.022565,0.748,0.59114,50.0
MC.PA-management-135,consequence,0,,,,,
MC.PA-management-136,consequence,0,,,,,
MC.PA-management-137,precursor,8,-0.038226,0.113507,-0.9525,0.372557,37.5
MC.PA-management-138,consequence,0,,,,,
MC.PA-management-139,consequence,0,,,,,
MC.PA-management-14,consequence,0,,,,,
MC.PA-management-140,consequence,0,,,,,
MC.PA-management-141,consequence,0,,,,,
MC.PA-management-142,precursor,3,0.003309,0.028038,0.2044,0.856927,66.7
MC.PA-management-143,precursor,1,-0.16859600760531723,,,,0.0
MC.PA-management-144,precursor,3,-0.067264,0.275796,-0.4224,0.713792,33.3
MC.PA-management-145,consequence,0,,,,,
MC.PA-management-146,precursor,4,-0.018703,0.148268,-0.2523,0.817114,25.0
MC.PA-management-147,precursor,5,-0.131797,0.0,0.0,1.0,0.0
MC.PA-management-148,consequence,0,,,,,
MC.PA-management-149,consequence,0,,,,,
MC.PA-management-15,precursor,1,0.06191872447349513,,,,1.0
MC.PA-management-150,consequence,0,,,,,
MC.PA-management-151,precursor,4,-0.099477,0.0,0.0,1.0,0.0
MC.PA-management-152,consequence,0,,,,,
MC.PA-management-153,precursor,4,-0.049514,0.192101,-0.5155,0.641785,25.0
MC.PA-management-154,consequence,0,,,,,
MC.PA-management-155,consequence,0,,,,,
MC.PA-management-156,consequence,0,,,,,
MC.PA-management-157,precursor,3,-0.01386,0.081146,-0.2958,0.795249,33.3
MC.PA-management-158,precursor,12,-0.040838,0.083176,-1.7008,0.11704,41.7
MC.PA-management-159,consequence,0,,,,,
MC.PA-management-16,consequence,0,,,,,
MC.PA-management-160,precursor,2,-0.10489,0.021821,-6.798,0.092982,0.0
MC.PA-management-161,consequence,0,,,,,
MC.PA-management-162,consequence,0,,,,,
MC.PA-management-163,precursor,3,-0.114748,0.120386,-1.6509,0.240546,33.3
MC.PA-management-164,precursor,1,0.06191872447349513,,,,1.0
MC.PA-management-165,precursor,5,-0.169306,0.101508,-3.7295,0.020305,0.0
MC.PA-management-166,precursor,5,0.002418,0.056961,0.0949,0.928942,80.0
MC.PA-management-167,consequence,0,,,,,
MC.PA-management-168,consequence,0,,,,,
MC.PA-management-169,precursor,3,-0.132588,0.05735,-4.0043,0.057078,0.0
MC.PA-management-17,precursor,4,-0.099387,0.084256,-2.3592,0.099473,25.0
MC.PA-management-170,precursor,5,-0.012377,0.101667,-0.2722,0.798923,60.0
MC.PA-management-171,consequence,0,,,,,
MC.PA-management-172,precursor,2,-0.070072,0.0,0.0,1.0,0.0
MC.PA-management-173,precursor,3,-0.050343,0.067753,-1.287,0.326947,33.3
MC.PA-management-174,consequence,0,,,,,
MC.PA-management-175,precursor,5,0.050174,0.18588,0.6036,0.578683,40.0
MC.PA-management-176,precursor,2,-0.225735,0.038076,-8.3841,0.075575,0.0
MC.PA-management-177,precursor,2,-0.225735,0.038076,-8.3841,0.075575,0.0
MC.PA-management-178,consequence,0,,,,,
MC.PA-management-179,consequence,0,,,,,
MC.PA-management-18,consequence,0,,,,,
MC.PA-management-180,consequence,0,,,,,
MC.PA-management-181,precursor,2,-0.004021,0.0,0.0,1.0,0.0
MC.PA-management-182,consequence,0,,,,,
MC.PA-management-183,consequence,0,,,,,
MC.PA-management-184,consequence,0,,,,,
MC.PA-management-185,consequence,0,,,,,
MC.PA-management-186,precursor,1,-0.02722714932246971,,,,0.0
MC.PA-management-187,consequence,0,,,,,
MC.PA-management-188,consequence,0,,,,,
MC.PA-management-189,consequence,0,,,,,
MC.PA-management-19,precursor,5,0.037285,0.163695,0.5093,0.637348,60.0
MC.PA-management-190,consequence,0,,,,,
MC.PA-management-191,consequence,0,,,,,
MC.PA-management-192,consequence,0,,,,,
MC.PA-management-193,consequence,0,,,,,
MC.PA-management-194,consequence,0,,,,,
MC.PA-management-195,precursor,1,0.12694421200093436,,,,1.0
MC.PA-management-196,consequence,0,,,,,
MC.PA-management-197,consequence,0,,,,,
MC.PA-management-198,consequence,0,,,,,
MC.PA-management-199,consequence,0,,,,,
MC.PA-management-2,consequence,0,,,,,
MC.PA-management-20,precursor,1,-0.12032012789989026,,,,0.0
MC.PA-management-200,precursor,1,0.023163335243499346,,,,1.0
MC.PA-management-201,consequence,0,,,,,
MC.PA-management-202,consequence,0,,,,,
MC.PA-management-203,precursor,4,-0.096973,0.005008,-38.727,3.8e-05,0.0
MC.PA-management-204,consequence,0,,,,,
MC.PA-management-205,consequence,0,,,,,
MC.PA-management-206,precursor,5,-0.052567,0.079534,-1.4779,0.213503,20.0
MC.PA-management-207,consequence,0,,,,,
MC.PA-management-208,consequence,0,,,,,
MC.PA-management-209,consequence,0,,,,,
MC.PA-management-21,consequence,0,,,,,
MC.PA-management-210,precursor,2,0.061462,0.092606,0.9386,0.520156,50.0
MC.PA-management-211,precursor,4,0.010995,0.088799,0.2476,0.820388,75.0
MC.PA-management-212,consequence,0,,,,,
MC.PA-management-213,precursor,4,-0.055046,0.046676,-2.3587,0.099521,0.0
MC.PA-management-214,consequence,0,,,,,
MC.PA-management-215,precursor,2,0.080108,0.239806,0.4724,0.719032,50.0
MC.PA-management-216,precursor,2,-0.038157,0.08672,-0.6223,0.645643,50.0
MC.PA-management-217,consequence,0,,,,,
MC.PA-management-218,precursor,3,-0.042787,0.067146,-1.1037,0.384751,0.0
MC.PA-management-219,consequence,0,,,,,
MC.PA-management-22,precursor,6,0.00333,0.145932,0.0559,0.957593,66.7
MC.PA-management-220,precursor,2,-0.033411,0.051846,-0.9114,0.529499,50.0
MC.PA-management-221,consequence,0,,,,,
MC.PA-management-222,precursor,49,-0.018173,0.094999,-1.3391,0.186855,44.9
MC.PA-management-223,consequence,0,,,,,
MC.PA-management-224,precursor,2,-0.101416,0.137737,-1.0413,0.487127,0.0
MC.PA-management-225,consequence,0,,,,,
MC.PA-management-226,precursor,6,-0.048781,0.060151,-1.9865,0.103713,33.3
MC.PA-management-227,precursor,8,0.000222,0.130727,0.0048,0.996306,37.5
MC.PA-management-228,consequence,0,,,,,
MC.PA-management-229,consequence,0,,,,,
MC.PA-management-23,precursor,3,0.044569,0.168363,0.4585,0.691589,66.7
MC.PA-management-230,consequence,0,,,,,
MC.PA-management-231,consequence,0,,,,,
MC.PA-management-232,consequence,0,,,,,
MC.PA-management-233,consequence,0,,,,,
MC.PA-management-234,precursor,2,-0.094469,0.007082,-18.8635,0.033717,0.0
MC.PA-management-235,consequence,0,,,,,
MC.PA-management-236,precursor,10,-0.049432,0.11316,-1.3814,0.200491,10.0
MC.PA-management-237,consequence,0,,,,,
MC.PA-management-238,consequence,0,,,,,
MC.PA-management-239,consequence,0,,,,,
MC.PA-management-24,consequence,0,,,,,
MC.PA-management-240,precursor,5,-0.006943,0.051874,-0.2993,0.779625,40.0
MC.PA-management-241,consequence,0,,,,,
MC.PA-management-242,consequence,0,,,,,
MC.PA-management-243,precursor,1,-0.08946070970653752,,,,0.0
MC.PA-management-244,consequence,0,,,,,
MC.PA-management-245,precursor,4,-0.017329,0.168025,-0.2063,0.849784,25.0
MC.PA-management-246,consequence,0,,,,,
MC.PA-management-247,consequence,0,,,,,
MC.PA-management-248,consequence,0,,,,,
MC.PA-management-249,precursor,14,-0.055038,0.112817,-1.8254,0.090999,28.6
MC.PA-management-25,precursor,6,-0.113324,0.121916,-2.2769,0.071819,33.3
MC.PA-management-250,precursor,4,-0.02527,0.116672,-0.4332,0.69414,50.0
MC.PA-management-251,precursor,2,0.080108,0.239806,0.4724,0.719032,50.0
MC.PA-management-252,consequence,0,,,,,
MC.PA-management-253,precursor,7,-0.066646,0.073207,-2.4086,0.052674,28.6
MC.PA-management-254,consequence,0,,,,,
MC.PA-management-255,consequence,0,,,,,
MC.PA-management-256,precursor,8,0.027965,0.1342,0.5894,0.574119,37.5
MC.PA-management-257,consequence,0,,,,,
MC.PA-management-258,consequence,0,,,,,
MC.PA-management-259,precursor,4,-0.015226,0.055896,-0.5448,0.623779,50.0
MC.PA-management-26,consequence,0,,,,,
MC.PA-management-260,consequence,0,,,,,
MC.PA-management-261,consequence,0,,,,,
MC.PA-management-262,consequence,0,,,,,
MC.PA-management-263,precursor,4,0.023163,0.0,0.0,1.0,100.0
MC.PA-management-264,precursor,3,-0.053113,0.101844,-0.9033,0.461714,33.3
MC.PA-management-265,consequence,0,,,,,
MC.PA-management-266,consequence,0,,,,,
MC.PA-management-267,consequence,0,,,,,
MC.PA-management-268,precursor,3,-0.022779,0.067556,-0.584,0.618303,66.7
MC.PA-management-269,precursor,11,-0.022673,0.10629,-0.7075,0.495429,36.4
MC.PA-management-27,precursor,2,0.028949,0.046626,0.8781,0.54128,50.0
MC.PA-management-270,consequence,0,,,,,
MC.PA-management-271,precursor,2,-0.070072,0.0,0.0,1.0,0.0
MC.PA-management-272,consequence,0,,,,,
MC.PA-management-273,consequence,0,,,,,
MC.PA-management-274,consequence,0,,,,,
MC.PA-management-275,consequence,0,,,,,
MC.PA-management-276,consequence,0,,,,,
MC.PA-management-277,precursor,1,-0.004020563930957677,,,,0.0
MC.PA-management-278,consequence,0,,,,,
MC.PA-management-279,precursor,11,-0.01576,0.074119,-0.7052,0.496779,54.5
MC.PA-management-28,precursor,1,-0.1317966386665784,,,,0.0
MC.PA-management-280,precursor,1,-0.1317966386665784,,,,0.0
MC.PA-management-281,consequence,0,,,,,
MC.PA-management-282,consequence,0,,,,,
MC.PA-management-283,precursor,2,-0.034939,0.136977,-0.3607,0.779604,50.0
MC.PA-management-284,consequence,0,,,,,
MC.PA-management-285,consequence,0,,,,,
MC.PA-management-286,precursor,9,-0.067751,0.09685,-2.0986,0.069085,22.2
MC.PA-management-287,precursor,3,-0.004587,0.150423,-0.0528,0.962681,66.7
MC.PA-management-288,consequence,0,,,,,
MC.PA-management-289,precursor,2,-0.198811,0.0,0.0,1.0,0.0
MC.PA-management-29,consequence,0,,,,,
MC.PA-management-290,consequence,0,,,,,
MC.PA-management-291,precursor,1,0.003249207404874036,,,,1.0
MC.PA-management-292,consequence,0,,,,,
MC.PA-management-293,consequence,0,,,,,
MC.PA-management-294,precursor,2,-0.225735,0.038076,-8.3841,0.075575,0.0
MC.PA-management-295,precursor,3,-0.04388,0.062908,-1.2082,0.350456,33.3
MC.PA-management-296,consequence,0,,,,,
MC.PA-management-297,precursor,1,0.06191872447349513,,,,1.0
MC.PA-management-298,consequence,0,,,,,
MC.PA-management-299,consequence,0,,,,,
MC.PA-management-3,consequence,0,,,,,
MC.PA-management-30,precursor,3,-0.090132,0.11364,-1.3738,0.303228,33.3
MC.PA-management-300,precursor,8,-0.065571,0.081897,-2.2646,0.057938,37.5
MC.PA-management-301,precursor,3,-0.023136,0.04911,-0.816,0.50024,33.3
MC.PA-management-302,precursor,4,-0.01076,0.053197,-0.4046,0.712921,75.0
MC.PA-management-303,consequence,0,,,,,
MC.PA-management-304,consequence,0,,,,,
MC.PA-management-305,consequence,0,,,,,
MC.PA-management-306,consequence,0,,,,,
MC.PA-management-307,precursor,3,-0.064804,0.058328,-1.9243,0.1942,0.0
MC.PA-management-308,consequence,0,,,,,
MC.PA-management-309,precursor,8,0.026646,0.179638,0.4195,0.687399,50.0
MC.PA-management-31,precursor,4,-0.087117,0.012306,-14.1589,0.000763,0.0
MC.PA-management-310,precursor,3,-0.017326,0.124941,-0.2402,0.832561,33.3
MC.PA-management-311,consequence,0,,,,,
MC.PA-management-312,consequence,0,,,,,
MC.PA-management-313,consequence,0,,,,,
MC.PA-management-314,consequence,0,,,,,
MC.PA-management-315,consequence,0,,,,,
MC.PA-management-316,consequence,0,,,,,
MC.PA-management-317,precursor,3,0.001305,0.027611,0.0818,0.942229,66.7
MC.PA-management-318,consequence,0,,,,,
MC.PA-management-319,precursor,1,-0.12032012789989026,,,,0.0
MC.PA-management-32,precursor,3,-0.159142,0.161976,-1.7017,0.230911,33.3
MC.PA-management-320,precursor,1,-0.004020563930957677,,,,0.0
MC.PA-management-321,consequence,0,,,,,
MC.PA-management-322,precursor,2,-0.058344,0.044006,-1.875,0.311917,0.0
MC.PA-management-323,precursor,4,0.015843,0.081735,0.3877,0.724137,75.0
MC.PA-management-324,consequence,0,,,,,
MC.PA-management-325,consequence,0,,,,,
MC.PA-management-326,precursor,1,-0.004020563930957677,,,,0.0
MC.PA-management-327,consequence,0,,,,,
MC.PA-management-328,consequence,0,,,,,
MC.PA-management-329,consequence,0,,,,,
MC.PA-management-33,precursor,4,-0.0114,0.066438,-0.3432,0.754111,25.0
MC.PA-management-330,consequence,0,,,,,
MC.PA-management-331,precursor,1,-0.12032012789989026,,,,0.0
MC.PA-management-332,consequence,0,,,,,
MC.PA-management-333,precursor,1,-0.16859600760531723,,,,0.0
MC.PA-management-334,consequence,0,,,,,
MC.PA-management-335,consequence,0,,,,,
MC.PA-management-336,precursor,9,-0.027119,0.038651,-2.1049,0.068417,33.3
MC.PA-management-337,consequence,0,,,,,
MC.PA-management-338,precursor,27,-0.033281,0.063709,-2.7144,0.011633,37.0
MC.PA-management-339,consequence,0,,,,,
MC.PA-management-34,consequence,0,,,,,
MC.PA-management-340,precursor,4,-0.001174,0.099667,-0.0236,0.982682,50.0
MC.PA-management-341,consequence,0,,,,,
MC.PA-management-342,consequence,0,,,,,
MC.PA-management-343,consequence,0,,,,,
MC.PA-management-344,precursor,1,0.2035852515386666,,,,1.0
MC.PA-management-345,precursor,5,0.156804,0.182996,1.916,0.127855,80.0
MC.PA-management-346,consequence,0,,,,,
MC.PA-management-347,precursor,7,-0.1378,0.096852,-3.7643,0.009351,14.3
MC.PA-management-348,consequence,0,,,,,
MC.PA-management-349,consequence,0,,,,,
MC.PA-management-35,precursor,3,0.085713,0.071415,2.0788,0.173189,100.0
MC.PA-management-350,consequence,0,,,,,
MC.PA-management-351,precursor,4,-0.049514,0.192101,-0.5155,0.641785,25.0
MC.PA-management-352,consequence,0,,,,,
MC.PA-management-353,consequence,0,,,,,
MC.PA-management-354,consequence,0,,,,,
MC.PA-management-355,consequence,0,,,,,
MC.PA-management-356,consequence,0,,,,,
MC.PA-management-357,consequence,0,,,,,
MC.PA-management-358,consequence,0,,,,,
MC.PA-management-359,consequence,0,,,,,
MC.PA-management-36,precursor,3,-0.252659,0.0,0.0,1.0,0.0
MC.PA-management-360,consequence,0,,,,,
MC.PA-management-361,consequence,0,,,,,
MC.PA-management-362,consequence,0,,,,,
MC.PA-management-363,consequence,0,,,,,
MC.PA-management-364,consequence,0,,,,,
MC.PA-management-365,consequence,0,,,,,
MC.PA-management-366,consequence,0,,,,,
MC.PA-management-367,consequence,0,,,,,
MC.PA-management-368,consequence,0,,,,,
MC.PA-management-369,precursor,6,-0.112193,0.179757,-1.5288,0.186853,16.7
MC.PA-management-37,precursor,1,-0.2526586429694676,,,,0.0
MC.PA-management-370,precursor,1,0.023163335243499346,,,,1.0
MC.PA-management-371,precursor,2,0.04054,0.295764,0.1938,0.878105,50.0
MC.PA-management-372,consequence,0,,,,,
MC.PA-management-373,consequence,0,,,,,
MC.PA-management-374,consequence,0,,,,,
MC.PA-management-375,consequence,0,,,,,
MC.PA-management-376,consequence,0,,,,,
MC.PA-management-377,consequence,0,,,,,
MC.PA-management-378,precursor,1,-0.19881055906656786,,,,0.0
MC.PA-management-379,consequence,0,,,,,
MC.PA-management-38,precursor,1,-0.12032012789989026,,,,0.0
MC.PA-management-380,consequence,0,,,,,
MC.PA-management-381,consequence,0,,,,,
MC.PA-management-382,precursor,3,-0.234709,0.031089,-13.0762,0.005798,0.0
MC.PA-management-383,consequence,0,,,,,
MC.PA-management-384,precursor,4,0.062608,0.206275,0.607,0.586691,50.0
MC.PA-management-385,consequence,0,,,,,
MC.PA-management-386,consequence,0,,,,,
MC.PA-management-387,consequence,0,,,,,
MC.PA-management-388,consequence,0,,,,,
MC.PA-management-389,consequence,0,,,,,
MC.PA-management-39,consequence,0,,,,,
MC.PA-management-390,consequence,0,,,,,
MC.PA-management-391,consequence,0,,,,,
MC.PA-management-392,consequence,0,,,,,
MC.PA-management-393,consequence,0,,,,,
MC.PA-management-394,consequence,0,,,,,
MC.PA-management-395,consequence,0,,,,,
MC.PA-management-4,precursor,3,-0.032937,0.063876,-0.8931,0.466033,33.3
MC.PA-management-40,precursor,2,0.017495,0.263172,0.094,0.940326,50.0
MC.PA-management-41,consequence,0,,,,,
MC.PA-management-42,consequence,0,,,,,
MC.PA-management-43,precursor,4,-0.038561,0.074221,-1.0391,0.375147,25.0
MC.PA-management-44,consequence,0,,,,,
MC.PA-management-45,precursor,4,-0.026964,0.187753,-0.2872,0.792633,25.0
MC.PA-management-46,precursor,2,-0.058535,0.087377,-0.9474,0.517188,50.0
MC.PA-management-47,consequence,0,,,,,
MC.PA-management-48,precursor,4,0.035563,0.148447,0.4791,0.664601,50.0
MC.PA-management-49,consequence,0,,,,,
MC.PA-management-5,precursor,3,-0.028444,0.202387,-0.2434,0.830368,33.3
MC.PA-management-50,precursor,4,-0.067054,0.096557,-1.3889,0.259009,25.0
MC.PA-management-51,precursor,9,-0.062734,0.135367,-1.3903,0.201894,22.2
MC.PA-management-52,consequence,0,,,,,
MC.PA-management-53,consequence,0,,,,,
MC.PA-management-54,precursor,4,0.008523,0.137006,0.1244,0.908854,50.0
MC.PA-management-55,precursor,4,-0.045942,0.117666,-0.7809,0.491824,25.0
MC.PA-management-56,consequence,0,,,,,
MC.PA-management-57,precursor,1,-0.004020563930957677,,,,0.0
MC.PA-management-58,consequence,0,,,,,
MC.PA-management-59,consequence,0,,,,,
MC.PA-management-6,precursor,2,0.003312,0.174842,0.0268,0.982949,50.0
MC.PA-management-60,consequence,0,,,,,
MC.PA-management-61,precursor,3,0.034322,0.081648,0.7281,0.54226,66.7
MC.PA-management-62,precursor,3,-0.043627,0.045804,-1.6497,0.240784,33.3
MC.PA-management-63,consequence,0,,,,,
MC.PA-management-64,precursor,2,0.035894,0.237151,0.2141,0.865757,50.0
MC.PA-management-65,precursor,2,0.035894,0.237151,0.2141,0.865757,50.0
MC.PA-management-66,consequence,0,,,,,
MC.PA-management-67,consequence,0,,,,,
MC.PA-management-68,precursor,7,-0.001343,0.154536,-0.023,0.982403,42.9
MC.PA-management-69,precursor,5,0.097283,0.151256,1.4382,0.223773,60.0
MC.PA-management-7,consequence,0,,,,,
MC.PA-management-70,consequence,0,,,,,
MC.PA-management-71,consequence,0,,,,,
MC.PA-management-72,precursor,4,-0.015813,0.130123,-0.2431,0.823634,50.0
MC.PA-management-73,precursor,3,-0.136412,0.027872,-8.477,0.013632,0.0
MC.PA-management-74,precursor,3,-0.122786,0.067461,-3.1525,0.087599,0.0
MC.PA-management-75,consequence,0,,,,,
MC.PA-management-76,precursor,4,-0.072845,0.067873,-2.1465,0.121105,25.0
MC.PA-management-77,precursor,3,-0.133881,0.112462,-2.0619,0.175332,0.0
MC.PA-management-78,consequence,0,,,,,
MC.PA-management-79,consequence,0,,,,,
MC.PA-management-8,precursor,2,-0.043106,0.065556,-0.9299,0.523112,50.0
MC.PA-management-80,consequence,0,,,,,
MC.PA-management-81,precursor,10,-0.019937,0.098953,-0.6371,0.539899,40.0
MC.PA-management-82,consequence,0,,,,,
MC.PA-management-83,precursor,1,-0.1317966386665784,,,,0.0
MC.PA-management-84,consequence,0,,,,,
MC.PA-management-85,precursor,3,-0.135755,0.056883,-4.1336,0.053841,0.0
MC.PA-management-86,precursor,4,0.029561,0.067162,0.8803,0.44352,75.0
MC.PA-management-87,consequence,0,,,,,
MC.PA-management-88,precursor,3,0.030218,0.197118,0.2655,0.815474,33.3
MC.PA-management-89,consequence,0,,,,,
MC.PA-management-9,consequence,0,,,,,
MC.PA-management-90,precursor,2,-0.004077,0.093331,-0.0618,0.960726,50.0
MC.PA-management-91,precursor,1,-0.004020563930957677,,,,0.0
MC.PA-management-92,consequence,0,,,,,
MC.PA-management-93,precursor,3,-0.132588,0.05735,-4.0043,0.057078,0.0
MC.PA-management-94,precursor,7,0.013886,0.129275,0.2842,0.785813,71.4
MC.PA-management-95,consequence,0,,,,,
MC.PA-management-96,precursor,6,-0.049841,0.11626,-1.0501,0.341755,33.3
MC.PA-management-97,precursor,12,-0.046376,0.112059,-1.4336,0.179489,41.7
MC.PA-management-98,consequence,0,,,,,
MC.PA-management-99,precursor,17,-0.03294,0.097282,-1.3961,0.181759,41.2
MC.PA-management-noise-1,consequence,0,,,,,
MC.PA-management-noise-10,precursor,1,0.003249207404874036,,,,1.0
MC.PA-management-noise-100,consequence,0,,,,,
MC.PA-management-noise-1000,precursor,1,-0.08946070970653752,,,,0.0
MC.PA-management-noise-1001,precursor,1,-0.08946070970653752,,,,0.0
MC.PA-management-noise-1002,precursor,1,-0.08946070970653752,,,,0.0
MC.PA-management-noise-1003,precursor,1,-0.08946070970653752,,,,0.0
MC.PA-management-noise-1004,precursor,1,-0.08946070970653752,,,,0.0
MC.PA-management-noise-1005,consequence,0,,,,,
MC.PA-management-noise-1006,consequence,0,,,,,
MC.PA-management-noise-1007,precursor,1,-0.08946070970653752,,,,0.0
MC.PA-management-noise-1008,precursor,1,-0.08946070970653752,,,,0.0
MC.PA-management-noise-1009,precursor,1,-0.08946070970653752,,,,0.0
MC.PA-management-noise-101,consequence,0,,,,,
MC.PA-management-noise-1010,precursor,1,-0.08946070970653752,,,,0.0
MC.PA-management-noise-1011,precursor,1,-0.08946070970653752,,,,0.0
MC.PA-management-noise-1012,precursor,1,-0.08946070970653752,,,,0.0
MC.PA-management-noise-1013,consequence,0,,,,,
MC.PA-management-noise-1014,consequence,0,,,,,
MC.PA-management-noise-1015,precursor,1,-0.08946070970653752,,,,0.0
MC.PA-management-noise-1016,consequence,0,,,,,
MC.PA-management-noise-1017,precursor,1,-0.004020563930957677,,,,0.0
MC.PA-management-noise-1018,precursor,1,-0.004020563930957677,,,,0.0
MC.PA-management-noise-1019,precursor,1,-0.004020563930957677,,,,0.0
MC.PA-management-noise-102,consequence,0,,,,,
MC.PA-management-noise-1020,precursor,1,-0.004020563930957677,,,,0.0
MC.PA-management-noise-1021,consequence,0,,,,,
MC.PA-management-noise-1022,consequence,0,,,,,
MC.PA-management-noise-1023,precursor,1,-0.004020563930957677,,,,0.0
MC.PA-management-noise-1024,precursor,1,-0.004020563930957677,,,,0.0
MC.PA-management-noise-1025,precursor,1,-0.004020563930957677,,,,0.0
MC.PA-management-noise-1026,precursor,1,-0.004020563930957677,,,,0.0
MC.PA-management-noise-1027,precursor,1,-0.004020563930957677,,,,0.0
MC.PA-management-noise-1028,precursor,1,-0.004020563930957677,,,,0.0
MC.PA-management-noise-1029,precursor,1,-0.004020563930957677,,,,0.0
MC.PA-management-noise-103,consequence,0,,,,,
MC.PA-management-noise-1030,consequence,0,,,,,
MC.PA-management-noise-1031,precursor,1,-0.004020563930957677,,,,0.0
MC.PA-management-noise-1032,consequence,0,,,,,
MC.PA-management-noise-1033,consequence,0,,,,,
MC.PA-management-noise-1034,precursor,1,-0.004020563930957677,,,,0.0
MC.PA-management-noise-1035,consequence,0,,,,,
MC.PA-management-noise-1036,consequence,0,,,,,
MC.PA-management-noise-1037,consequence,0,,,,,
MC.PA-management-noise-1038,consequence,0,,,,,
MC.PA-management-noise-1039,consequence,0,,,,,
MC.PA-management-noise-104,consequence,0,,,,,
MC.PA-management-noise-1040,consequence,0,,,,,
MC.PA-management-noise-1041,precursor,1,-0.004020563930957677,,,,0.0
MC.PA-management-noise-1042,precursor,1,-0.004020563930957677,,,,0.0
MC.PA-management-noise-1043,precursor,1,-0.004020563930957677,,,,0.0
MC.PA-management-noise-1044,precursor,1,-0.004020563930957677,,,,0.0
MC.PA-management-noise-1045,precursor,1,-0.004020563930957677,,,,0.0
MC.PA-management-noise-1046,precursor,1,-0.004020563930957677,,,,0.0
MC.PA-management-noise-1047,precursor,1,-0.004020563930957677,,,,0.0
MC.PA-management-noise-1048,precursor,1,-0.004020563930957677,,,,0.0
MC.PA-management-noise-1049,precursor,1,-0.004020563930957677,,,,0.0
MC.PA-management-noise-105,precursor,1,-0.12032012789989026,,,,0.0
MC.PA-management-noise-1050,precursor,1,-0.004020563930957677,,,,0.0
MC.PA-management-noise-1051,precursor,1,-0.004020563930957677,,,,0.0
MC.PA-management-noise-1052,consequence,0,,,,,
MC.PA-management-noise-1053,consequence,0,,,,,
MC.PA-management-noise-1054,consequence,0,,,,,
MC.PA-management-noise-1055,consequence,0,,,,,
MC.PA-management-noise-1056,consequence,0,,,,,
MC.PA-management-noise-1057,consequence,0,,,,,
MC.PA-management-noise-1058,consequence,0,,,,,
MC.PA-management-noise-1059,precursor,1,-0.004020563930957677,,,,0.0
MC.PA-management-noise-106,precursor,1,-0.12032012789989026,,,,0.0
MC.PA-management-noise-1060,consequence,0,,,,,
MC.PA-management-noise-1061,consequence,0,,,,,
MC.PA-management-noise-1062,consequence,0,,,,,
MC.PA-management-noise-1063,consequence,0,,,,,
MC.PA-management-noise-1064,precursor,1,-0.004020563930957677,,,,0.0
MC.PA-management-noise-1065,consequence,0,,,,,
MC.PA-management-noise-1066,consequence,0,,,,,
MC.PA-management-noise-1067,consequence,0,,,,,
MC.PA-management-noise-1068,precursor,1,-0.004020563930957677,,,,0.0
MC.PA-management-noise-1069,consequence,0,,,,,
MC.PA-management-noise-107,precursor,1,-0.12032012789989026,,,,0.0
MC.PA-management-noise-1070,consequence,0,,,,,
MC.PA-management-noise-1071,consequence,0,,,,,
MC.PA-management-noise-1072,consequence,0,,,,,
MC.PA-management-noise-1073,precursor,1,-0.004020563930957677,,,,0.0
MC.PA-management-noise-1074,consequence,0,,,,,
MC.PA-management-noise-1075,precursor,1,-0.19881055906656786,,,,0.0
MC.PA-management-noise-1076,precursor,1,-0.19881055906656786,,,,0.0
MC.PA-management-noise-1077,precursor,1,-0.19881055906656786,,,,0.0
MC.PA-management-noise-1078,consequence,0,,,,,
MC.PA-management-noise-1079,consequence,0,,,,,
MC.PA-management-noise-108,precursor,1,-0.12032012789989026,,,,0.0
MC.PA-management-noise-1080,consequence,0,,,,,
MC.PA-management-noise-1081,consequence,0,,,,,
MC.PA-management-noise-1082,consequence,0,,,,,
MC.PA-management-noise-1083,precursor,1,-0.19881055906656786,,,,0.0
MC.PA-management-noise-1084,precursor,1,-0.19881055906656786,,,,0.0
MC.PA-management-noise-1085,consequence,0,,,,,
MC.PA-management-noise-1086,precursor,1,-0.19881055906656786,,,,0.0
MC.PA-management-noise-1087,consequence,0,,,,,
MC.PA-management-noise-1088,consequence,0,,,,,
MC.PA-management-noise-1089,consequence,0,,,,,
MC.PA-management-noise-109,precursor,1,-0.12032012789989026,,,,0.0
MC.PA-management-noise-1090,consequence,0,,,,,
MC.PA-management-noise-1091,consequence,0,,,,,
MC.PA-management-noise-1092,consequence,0,,,,,
MC.PA-management-noise-1093,consequence,0,,,,,
MC.PA-management-noise-1094,consequence,0,,,,,
MC.PA-management-noise-1095,consequence,0,,,,,
MC.PA-management-noise-1096,precursor,1,-0.19881055906656786,,,,0.0
MC.PA-management-noise-1097,precursor,1,-0.19881055906656786,,,,0.0
MC.PA-management-noise-1098,precursor,1,-0.19881055906656786,,,,0.0
MC.PA-management-noise-1099,consequence,0,,,,,
MC.PA-management-noise-11,precursor,1,0.003249207404874036,,,,1.0
MC.PA-management-noise-110,precursor,1,-0.12032012789989026,,,,0.0
MC.PA-management-noise-1100,consequence,0,,,,,
MC.PA-management-noise-1101,consequence,0,,,,,
MC.PA-management-noise-1102,consequence,0,,,,,
MC.PA-management-noise-1103,consequence,0,,,,,
MC.PA-management-noise-1104,consequence,0,,,,,
MC.PA-management-noise-1105,precursor,1,-0.19881055906656786,,,,0.0
MC.PA-management-noise-1106,precursor,1,-0.19881055906656786,,,,0.0
MC.PA-management-noise-1107,precursor,1,-0.19881055906656786,,,,0.0
MC.PA-management-noise-1108,precursor,1,-0.19881055906656786,,,,0.0
MC.PA-management-noise-1109,precursor,1,-0.19881055906656786,,,,0.0
MC.PA-management-noise-111,precursor,1,-0.12032012789989026,,,,0.0
MC.PA-management-noise-1110,consequence,0,,,,,
MC.PA-management-noise-1111,consequence,0,,,,,
MC.PA-management-noise-1112,consequence,0,,,,,
MC.PA-management-noise-1113,consequence,0,,,,,
MC.PA-management-noise-1114,consequence,0,,,,,
MC.PA-management-noise-1115,consequence,0,,,,,
MC.PA-management-noise-1116,consequence,0,,,,,
MC.PA-management-noise-1117,consequence,0,,,,,
MC.PA-management-noise-1118,consequence,0,,,,,
MC.PA-management-noise-1119,consequence,0,,,,,
MC.PA-management-noise-112,precursor,1,-0.12032012789989026,,,,0.0
MC.PA-management-noise-1120,consequence,0,,,,,
MC.PA-management-noise-1121,consequence,0,,,,,
MC.PA-management-noise-1122,consequence,0,,,,,
MC.PA-management-noise-1123,consequence,0,,,,,
MC.PA-management-noise-1124,consequence,0,,,,,
MC.PA-management-noise-1125,consequence,0,,,,,
MC.PA-management-noise-1126,consequence,0,,,,,
MC.PA-management-noise-1127,consequence,0,,,,,
MC.PA-management-noise-1128,consequence,0,,,,,
MC.PA-management-noise-1129,precursor,1,-0.19881055906656786,,,,0.0
MC.PA-management-noise-113,precursor,1,-0.12032012789989026,,,,0.0
MC.PA-management-noise-1130,precursor,1,-0.19881055906656786,,,,0.0
MC.PA-management-noise-1131,precursor,1,-0.19881055906656786,,,,0.0
MC.PA-management-noise-1132,precursor,1,-0.19881055906656786,,,,0.0
MC.PA-management-noise-1133,consequence,0,,,,,
MC.PA-management-noise-1134,consequence,0,,,,,
MC.PA-management-noise-1135,consequence,0,,,,,
MC.PA-management-noise-1136,consequence,0,,,,,
MC.PA-management-noise-1137,consequence,0,,,,,
MC.PA-management-noise-1138,consequence,0,,,,,
MC.PA-management-noise-1139,consequence,0,,,,,
MC.PA-management-noise-114,consequence,0,,,,,
MC.PA-management-noise-1140,precursor,1,-0.19881055906656786,,,,0.0
MC.PA-management-noise-1141,consequence,0,,,,,
MC.PA-management-noise-1142,precursor,1,-0.19881055906656786,,,,0.0
MC.PA-management-noise-1143,precursor,1,-0.19881055906656786,,,,0.0
MC.PA-management-noise-1144,consequence,0,,,,,
MC.PA-management-noise-1145,consequence,0,,,,,
MC.PA-management-noise-1146,consequence,0,,,,,
MC.PA-management-noise-1147,consequence,0,,,,,
MC.PA-management-noise-1148,consequence,0,,,,,
MC.PA-management-noise-1149,consequence,0,,,,,
MC.PA-management-noise-115,consequence,0,,,,,
MC.PA-management-noise-1150,consequence,0,,,,,
MC.PA-management-noise-1151,precursor,1,-0.19881055906656786,,,,0.0
MC.PA-management-noise-1152,consequence,0,,,,,
MC.PA-management-noise-1153,consequence,0,,,,,
MC.PA-management-noise-1154,consequence,0,,,,,
MC.PA-management-noise-1155,consequence,0,,,,,
MC.PA-management-noise-1156,precursor,1,-0.19881055906656786,,,,0.0
MC.PA-management-noise-1157,consequence,0,,,,,
MC.PA-management-noise-1158,consequence,0,,,,,
MC.PA-management-noise-1159,consequence,0,,,,,
MC.PA-management-noise-116,precursor,1,-0.12032012789989026,,,,0.0
MC.PA-management-noise-1160,consequence,0,,,,,
MC.PA-management-noise-1161,consequence,0,,,,,
MC.PA-management-noise-1162,consequence,0,,,,,
MC.PA-management-noise-1163,consequence,0,,,,,
MC.PA-management-noise-1164,consequence,0,,,,,
MC.PA-management-noise-1165,consequence,0,,,,,
MC.PA-management-noise-1166,consequence,0,,,,,
MC.PA-management-noise-1167,precursor,1,-0.19881055906656786,,,,0.0
MC.PA-management-noise-1168,precursor,1,-0.19881055906656786,,,,0.0
MC.PA-management-noise-1169,precursor,1,-0.19881055906656786,,,,0.0
MC.PA-management-noise-117,consequence,0,,,,,
MC.PA-management-noise-1170,precursor,1,-0.19881055906656786,,,,0.0
MC.PA-management-noise-1171,precursor,1,-0.19881055906656786,,,,0.0
MC.PA-management-noise-1172,consequence,0,,,,,
MC.PA-management-noise-1173,consequence,0,,,,,
MC.PA-management-noise-1174,consequence,0,,,,,
MC.PA-management-noise-1175,consequence,0,,,,,
MC.PA-management-noise-1176,consequence,0,,,,,
MC.PA-management-noise-1177,consequence,0,,,,,
MC.PA-management-noise-1178,consequence,0,,,,,
MC.PA-management-noise-1179,consequence,0,,,,,
MC.PA-management-noise-118,precursor,1,-0.12032012789989026,,,,0.0
MC.PA-management-noise-1180,consequence,0,,,,,
MC.PA-management-noise-1181,consequence,0,,,,,
MC.PA-management-noise-1182,precursor,1,-0.19881055906656786,,,,0.0
MC.PA-management-noise-1183,precursor,1,-0.19881055906656786,,,,0.0
MC.PA-management-noise-1184,consequence,0,,,,,
MC.PA-management-noise-1185,consequence,0,,,,,
MC.PA-management-noise-1186,consequence,0,,,,,
MC.PA-management-noise-1187,precursor,1,-0.09947673514661494,,,,0.0
MC.PA-management-noise-1188,precursor,1,-0.09947673514661494,,,,0.0
MC.PA-management-noise-1189,precursor,1,-0.09947673514661494,,,,0.0
MC.PA-management-noise-119,precursor,1,-0.12032012789989026,,,,0.0
MC.PA-management-noise-1190,precursor,1,-0.09947673514661494,,,,0.0
MC.PA-management-noise-1191,precursor,1,-0.09947673514661494,,,,0.0
MC.PA-management-noise-1192,precursor,1,-0.09947673514661494,,,,0.0
MC.PA-management-noise-1193,precursor,1,-0.09947673514661494,,,,0.0
MC.PA-management-noise-1194,precursor,1,-0.09947673514661494,,,,0.0
MC.PA-management-noise-1195,precursor,1,-0.09947673514661494,,,,0.0
MC.PA-management-noise-1196,precursor,1,-0.09947673514661494,,,,0.0
MC.PA-management-noise-1197,precursor,1,-0.09947673514661494,,,,0.0
MC.PA-management-noise-1198,precursor,1,-0.09947673514661494,,,,0.0
MC.PA-management-noise-1199,precursor,1,-0.09947673514661494,,,,0.0
MC.PA-management-noise-12,consequence,0,,,,,
MC.PA-management-noise-120,precursor,1,-0.12032012789989026,,,,0.0
MC.PA-management-noise-1200,precursor,1,-0.09947673514661494,,,,0.0
MC.PA-management-noise-1201,precursor,1,-0.09947673514661494,,,,0.0
MC.PA-management-noise-1202,consequence,0,,,,,
MC.PA-management-noise-1203,consequence,0,,,,,
MC.PA-management-noise-1204,consequence,0,,,,,
MC.PA-management-noise-1205,consequence,0,,,,,
MC.PA-management-noise-1206,consequence,0,,,,,
MC.PA-management-noise-1207,consequence,0,,,,,
MC.PA-management-noise-1208,consequence,0,,,,,
MC.PA-management-noise-1209,consequence,0,,,,,
MC.PA-management-noise-121,consequence,0,,,,,
MC.PA-management-noise-1210,consequence,0,,,,,
MC.PA-management-noise-1211,consequence,0,,,,,
MC.PA-management-noise-1212,precursor,1,-0.09947673514661494,,,,0.0
MC.PA-management-noise-1213,precursor,1,-0.09947673514661494,,,,0.0
MC.PA-management-noise-1214,consequence,0,,,,,
MC.PA-management-noise-1215,precursor,1,-0.09947673514661494,,,,0.0
MC.PA-management-noise-1216,consequence,0,,,,,
MC.PA-management-noise-1217,consequence,0,,,,,
MC.PA-management-noise-1218,consequence,0,,,,,
MC.PA-management-noise-1219,precursor,1,-0.09947673514661494,,,,0.0
MC.PA-management-noise-122,consequence,0,,,,,
MC.PA-management-noise-1220,precursor,1,-0.09947673514661494,,,,0.0
MC.PA-management-noise-1221,precursor,1,-0.09947673514661494,,,,0.0
MC.PA-management-noise-1222,precursor,1,-0.09947673514661494,,,,0.0
MC.PA-management-noise-1223,precursor,1,-0.09947673514661494,,,,0.0
MC.PA-management-noise-1224,precursor,1,-0.09947673514661494,,,,0.0
MC.PA-management-noise-1225,precursor,1,-0.09947673514661494,,,,0.0
MC.PA-management-noise-1226,precursor,1,-0.09947673514661494,,,,0.0
MC.PA-management-noise-1227,precursor,1,-0.09947673514661494,,,,0.0
MC.PA-management-noise-1228,consequence,0,,,,,
MC.PA-management-noise-1229,precursor,1,-0.09947673514661494,,,,0.0
MC.PA-management-noise-123,precursor,1,-0.12032012789989026,,,,0.0
MC.PA-management-noise-1230,consequence,0,,,,,
MC.PA-management-noise-1231,precursor,1,-0.09947673514661494,,,,0.0
MC.PA-management-noise-1232,precursor,1,-0.09947673514661494,,,,0.0
MC.PA-management-noise-1233,precursor,1,-0.09947673514661494,,,,0.0
MC.PA-management-noise-1234,precursor,1,-0.09947673514661494,,,,0.0
MC.PA-management-noise-1235,precursor,1,-0.09947673514661494,,,,0.0
MC.PA-management-noise-1236,precursor,1,-0.09947673514661494,,,,0.0
MC.PA-management-noise-1237,consequence,0,,,,,
MC.PA-management-noise-1238,consequence,0,,,,,
MC.PA-management-noise-1239,consequence,0,,,,,
MC.PA-management-noise-124,precursor,1,-0.12032012789989026,,,,0.0
MC.PA-management-noise-1240,consequence,0,,,,,
MC.PA-management-noise-1241,consequence,0,,,,,
MC.PA-management-noise-1242,consequence,0,,,,,
MC.PA-management-noise-1243,consequence,0,,,,,
MC.PA-management-noise-1244,consequence,0,,,,,
MC.PA-management-noise-1245,consequence,0,,,,,
MC.PA-management-noise-1246,precursor,1,-0.09947673514661494,,,,0.0
MC.PA-management-noise-1247,precursor,1,-0.09947673514661494,,,,0.0
MC.PA-management-noise-1248,precursor,1,-0.09947673514661494,,,,0.0
MC.PA-management-noise-1249,precursor,1,-0.09947673514661494,,,,0.0
MC.PA-management-noise-125,precursor,1,-0.12032012789989026,,,,0.0
MC.PA-management-noise-1250,precursor,1,-0.09947673514661494,,,,0.0
MC.PA-management-noise-1251,precursor,1,-0.09947673514661494,,,,0.0
MC.PA-management-noise-1252,precursor,1,-0.09947673514661494,,,,0.0
MC.PA-management-noise-1253,precursor,1,-0.09947673514661494,,,,0.0
MC.PA-management-noise-1254,precursor,1,-0.09947673514661494,,,,0.0
MC.PA-management-noise-1255,precursor,1,-0.09947673514661494,,,,0.0
MC.PA-management-noise-1256,precursor,1,-0.09947673514661494,,,,0.0
MC.PA-management-noise-1257,precursor,1,-0.09947673514661494,,,,0.0
MC.PA-management-noise-1258,precursor,1,-0.09947673514661494,,,,0.0
MC.PA-management-noise-1259,precursor,1,-0.09947673514661494,,,,0.0
MC.PA-management-noise-126,precursor,1,-0.12032012789989026,,,,0.0
MC.PA-management-noise-1260,consequence,0,,,,,
MC.PA-management-noise-1261,precursor,1,-0.09947673514661494,,,,0.0
MC.PA-management-noise-1262,precursor,1,-0.09947673514661494,,,,0.0
MC.PA-management-noise-1263,precursor,1,-0.09947673514661494,,,,0.0
MC.PA-management-noise-1264,precursor,1,-0.09947673514661494,,,,0.0
MC.PA-management-noise-1265,precursor,1,-0.09947673514661494,,,,0.0
MC.PA-management-noise-1266,precursor,1,-0.09947673514661494,,,,0.0
MC.PA-management-noise-1267,consequence,0,,,,,
MC.PA-management-noise-1268,consequence,0,,,,,
MC.PA-management-noise-1269,consequence,0,,,,,
MC.PA-management-noise-127,precursor,1,-0.12032012789989026,,,,0.0
MC.PA-management-noise-1270,precursor,1,-0.09947673514661494,,,,0.0
MC.PA-management-noise-1271,consequence,0,,,,,
MC.PA-management-noise-1272,precursor,1,-0.09947673514661494,,,,0.0
MC.PA-management-noise-1273,precursor,1,-0.09947673514661494,,,,0.0
MC.PA-management-noise-1274,consequence,0,,,,,
MC.PA-management-noise-1275,precursor,1,-0.09947673514661494,,,,0.0
MC.PA-management-noise-1276,precursor,1,-0.09947673514661494,,,,0.0
MC.PA-management-noise-1277,consequence,0,,,,,
MC.PA-management-noise-1278,consequence,0,,,,,
MC.PA-management-noise-1279,consequence,0,,,,,
MC.PA-management-noise-128,precursor,1,-0.12032012789989026,,,,0.0
MC.PA-management-noise-1280,consequence,0,,,,,
MC.PA-management-noise-1281,precursor,1,0.2035852515386666,,,,1.0
MC.PA-management-noise-1282,precursor,1,0.2035852515386666,,,,1.0
MC.PA-management-noise-1283,precursor,1,0.2035852515386666,,,,1.0
MC.PA-management-noise-1284,consequence,0,,,,,
MC.PA-management-noise-1285,consequence,0,,,,,
MC.PA-management-noise-1286,consequence,0,,,,,
MC.PA-management-noise-1287,consequence,0,,,,,
MC.PA-management-noise-1288,precursor,1,0.2035852515386666,,,,1.0
MC.PA-management-noise-1289,consequence,0,,,,,
MC.PA-management-noise-129,precursor,1,-0.12032012789989026,,,,0.0
MC.PA-management-noise-1290,consequence,0,,,,,
MC.PA-management-noise-1291,consequence,0,,,,,
MC.PA-management-noise-1292,consequence,0,,,,,
MC.PA-management-noise-1293,consequence,0,,,,,
MC.PA-management-noise-1294,precursor,1,0.2035852515386666,,,,1.0
MC.PA-management-noise-1295,precursor,1,0.2035852515386666,,,,1.0
MC.PA-management-noise-1296,precursor,1,0.2035852515386666,,,,1.0
MC.PA-management-noise-1297,precursor,1,0.2035852515386666,,,,1.0
MC.PA-management-noise-1298,precursor,1,0.2035852515386666,,,,1.0
MC.PA-management-noise-1299,precursor,1,0.2035852515386666,,,,1.0
MC.PA-management-noise-13,consequence,0,,,,,
MC.PA-management-noise-130,precursor,1,-0.12032012789989026,,,,0.0
MC.PA-management-noise-1300,precursor,1,0.2035852515386666,,,,1.0
MC.PA-management-noise-1301,precursor,1,0.2035852515386666,,,,1.0
MC.PA-management-noise-1302,precursor,1,0.2035852515386666,,,,1.0
MC.PA-management-noise-1303,precursor,1,0.2035852515386666,,,,1.0
MC.PA-management-noise-1304,precursor,1,0.2035852515386666,,,,1.0
MC.PA-management-noise-1305,precursor,1,0.2035852515386666,,,,1.0
MC.PA-management-noise-1306,precursor,1,0.2035852515386666,,,,1.0
MC.PA-management-noise-1307,precursor,1,0.2035852515386666,,,,1.0
MC.PA-management-noise-1308,precursor,1,0.2035852515386666,,,,1.0
MC.PA-management-noise-1309,precursor,1,0.2035852515386666,,,,1.0
MC.PA-management-noise-131,precursor,1,-0.12032012789989026,,,,0.0
MC.PA-management-noise-1310,precursor,1,0.2035852515386666,,,,1.0
MC.PA-management-noise-1311,precursor,1,0.2035852515386666,,,,1.0
MC.PA-management-noise-1312,precursor,1,0.2035852515386666,,,,1.0
MC.PA-management-noise-1313,precursor,1,0.2035852515386666,,,,1.0
MC.PA-management-noise-1314,precursor,1,0.2035852515386666,,,,1.0
MC.PA-management-noise-1315,precursor,1,0.2035852515386666,,,,1.0
MC.PA-management-noise-1316,precursor,1,0.2035852515386666,,,,1.0
MC.PA-management-noise-1317,precursor,1,0.2035852515386666,,,,1.0
MC.PA-management-noise-1318,precursor,1,0.2035852515386666,,,,1.0
MC.PA-management-noise-1319,precursor,1,0.2035852515386666,,,,1.0
MC.PA-management-noise-132,precursor,1,-0.12032012789989026,,,,0.0
MC.PA-management-noise-1320,consequence,0,,,,,
MC.PA-management-noise-1321,consequence,0,,,,,
MC.PA-management-noise-1322,precursor,1,0.2035852515386666,,,,1.0
MC.PA-management-noise-1323,precursor,1,0.2035852515386666,,,,1.0
MC.PA-management-noise-1324,precursor,1,0.2035852515386666,,,,1.0
MC.PA-management-noise-1325,precursor,1,0.2035852515386666,,,,1.0
MC.PA-management-noise-1326,precursor,1,0.2035852515386666,,,,1.0
MC.PA-management-noise-1327,precursor,1,0.2035852515386666,,,,1.0
MC.PA-management-noise-1328,precursor,1,0.2035852515386666,,,,1.0
MC.PA-management-noise-1329,precursor,1,0.2035852515386666,,,,1.0
MC.PA-management-noise-133,precursor,1,-0.12032012789989026,,,,0.0
MC.PA-management-noise-1330,precursor,1,0.2035852515386666,,,,1.0
MC.PA-management-noise-1331,precursor,1,0.2035852515386666,,,,1.0
MC.PA-management-noise-1332,precursor,1,0.2035852515386666,,,,1.0
MC.PA-management-noise-1333,precursor,1,0.2035852515386666,,,,1.0
MC.PA-management-noise-1334,consequence,0,,,,,
MC.PA-management-noise-1335,consequence,0,,,,,
MC.PA-management-noise-1336,consequence,0,,,,,
MC.PA-management-noise-1337,consequence,0,,,,,
MC.PA-management-noise-1338,consequence,0,,,,,
MC.PA-management-noise-1339,consequence,0,,,,,
MC.PA-management-noise-134,precursor,1,-0.12032012789989026,,,,0.0
MC.PA-management-noise-1340,consequence,0,,,,,
MC.PA-management-noise-1341,precursor,1,0.2035852515386666,,,,1.0
MC.PA-management-noise-1342,consequence,0,,,,,
MC.PA-management-noise-1343,consequence,0,,,,,
MC.PA-management-noise-1344,precursor,1,0.2035852515386666,,,,1.0
MC.PA-management-noise-1345,consequence,0,,,,,
MC.PA-management-noise-1346,consequence,0,,,,,
MC.PA-management-noise-1347,consequence,0,,,,,
MC.PA-management-noise-1348,consequence,0,,,,,
MC.PA-management-noise-1349,precursor,1,-0.2526586429694676,,,,0.0
MC.PA-management-noise-135,precursor,1,-0.12032012789989026,,,,0.0
MC.PA-management-noise-1350,precursor,1,-0.2526586429694676,,,,0.0
MC.PA-management-noise-1351,precursor,1,-0.2526586429694676,,,,0.0
MC.PA-management-noise-1352,consequence,0,,,,,
MC.PA-management-noise-1353,precursor,1,-0.2526586429694676,,,,0.0
MC.PA-management-noise-1354,consequence,0,,,,,
MC.PA-management-noise-1355,precursor,1,-0.2526586429694676,,,,0.0
MC.PA-management-noise-1356,precursor,1,-0.2526586429694676,,,,0.0
MC.PA-management-noise-1357,precursor,1,-0.2526586429694676,,,,0.0
MC.PA-management-noise-1358,precursor,1,-0.2526586429694676,,,,0.0
MC.PA-management-noise-1359,consequence,0,,,,,
MC.PA-management-noise-136,precursor,1,-0.12032012789989026,,,,0.0
MC.PA-management-noise-1360,consequence,0,,,,,
MC.PA-management-noise-1361,consequence,0,,,,,
MC.PA-management-noise-1362,consequence,0,,,,,
MC.PA-management-noise-1363,consequence,0,,,,,
MC.PA-management-noise-1364,consequence,0,,,,,
MC.PA-management-noise-1365,consequence,0,,,,,
MC.PA-management-noise-1366,consequence,0,,,,,
MC.PA-management-noise-1367,consequence,0,,,,,
MC.PA-management-noise-1368,consequence,0,,,,,
MC.PA-management-noise-1369,consequence,0,,,,,
MC.PA-management-noise-137,precursor,1,-0.12032012789989026,,,,0.0
MC.PA-management-noise-1370,consequence,0,,,,,
MC.PA-management-noise-1371,consequence,0,,,,,
MC.PA-management-noise-1372,precursor,1,-0.2526586429694676,,,,0.0
MC.PA-management-noise-1373,consequence,0,,,,,
MC.PA-management-noise-1374,consequence,0,,,,,
MC.PA-management-noise-1375,consequence,0,,,,,
MC.PA-management-noise-1376,consequence,0,,,,,
MC.PA-management-noise-1377,consequence,0,,,,,
MC.PA-management-noise-1378,consequence,0,,,,,
MC.PA-management-noise-1379,precursor,1,-0.2526586429694676,,,,0.0
MC.PA-management-noise-138,consequence,0,,,,,
MC.PA-management-noise-1380,consequence,0,,,,,
MC.PA-management-noise-1381,precursor,1,-0.2526586429694676,,,,0.0
MC.PA-management-noise-1382,consequence,0,,,,,
MC.PA-management-noise-1383,consequence,0,,,,,
MC.PA-management-noise-1384,consequence,0,,,,,
MC.PA-management-noise-1385,precursor,1,-0.2526586429694676,,,,0.0
MC.PA-management-noise-1386,precursor,1,-0.2526586429694676,,,,0.0
MC.PA-management-noise-1387,precursor,1,0.027891703876061394,,,,1.0
MC.PA-management-noise-1388,precursor,1,0.027891703876061394,,,,1.0
MC.PA-management-noise-1389,precursor,1,0.027891703876061394,,,,1.0
MC.PA-management-noise-139,consequence,0,,,,,
MC.PA-management-noise-1390,precursor,1,0.027891703876061394,,,,1.0
MC.PA-management-noise-1391,precursor,1,0.027891703876061394,,,,1.0
MC.PA-management-noise-1392,precursor,1,0.027891703876061394,,,,1.0
MC.PA-management-noise-1393,consequence,0,,,,,
MC.PA-management-noise-1394,precursor,1,0.027891703876061394,,,,1.0
MC.PA-management-noise-1395,consequence,0,,,,,
MC.PA-management-noise-1396,precursor,1,0.027891703876061394,,,,1.0
MC.PA-management-noise-1397,precursor,1,0.027891703876061394,,,,1.0
MC.PA-management-noise-1398,precursor,1,0.027891703876061394,,,,1.0
MC.PA-management-noise-1399,precursor,1,0.027891703876061394,,,,1.0
MC.PA-management-noise-14,consequence,0,,,,,
MC.PA-management-noise-140,consequence,0,,,,,
MC.PA-management-noise-1400,precursor,1,0.027891703876061394,,,,1.0
MC.PA-management-noise-1401,precursor,1,0.027891703876061394,,,,1.0
MC.PA-management-noise-1402,precursor,1,0.027891703876061394,,,,1.0
MC.PA-management-noise-1403,consequence,0,,,,,
MC.PA-management-noise-1404,consequence,0,,,,,
MC.PA-management-noise-1405,consequence,0,,,,,
MC.PA-management-noise-1406,consequence,0,,,,,
MC.PA-management-noise-1407,consequence,0,,,,,
MC.PA-management-noise-1408,consequence,0,,,,,
MC.PA-management-noise-1409,consequence,0,,,,,
MC.PA-management-noise-141,consequence,0,,,,,
MC.PA-management-noise-1410,precursor,1,0.027891703876061394,,,,1.0
MC.PA-management-noise-1411,precursor,1,0.027891703876061394,,,,1.0
MC.PA-management-noise-1412,precursor,1,0.027891703876061394,,,,1.0
MC.PA-management-noise-1413,precursor,1,0.027891703876061394,,,,1.0
MC.PA-management-noise-1414,precursor,1,0.027891703876061394,,,,1.0
MC.PA-management-noise-1415,precursor,1,0.027891703876061394,,,,1.0
MC.PA-management-noise-1416,precursor,1,0.027891703876061394,,,,1.0
MC.PA-management-noise-1417,precursor,1,0.027891703876061394,,,,1.0
MC.PA-management-noise-1418,precursor,1,0.027891703876061394,,,,1.0
MC.PA-management-noise-1419,precursor,1,0.027891703876061394,,,,1.0
MC.PA-management-noise-142,precursor,1,-0.12032012789989026,,,,0.0
MC.PA-management-noise-1420,precursor,1,0.027891703876061394,,,,1.0
MC.PA-management-noise-1421,consequence,0,,,,,
MC.PA-management-noise-1422,consequence,0,,,,,
MC.PA-management-noise-1423,consequence,0,,,,,
MC.PA-management-noise-1424,consequence,0,,,,,
MC.PA-management-noise-1425,precursor,1,0.027891703876061394,,,,1.0
MC.PA-management-noise-1426,precursor,1,0.027891703876061394,,,,1.0
MC.PA-management-noise-1427,precursor,1,0.027891703876061394,,,,1.0
MC.PA-management-noise-1428,precursor,1,0.027891703876061394,,,,1.0
MC.PA-management-noise-1429,consequence,0,,,,,
MC.PA-management-noise-143,consequence,0,,,,,
MC.PA-management-noise-1430,consequence,0,,,,,
MC.PA-management-noise-1431,precursor,1,0.027891703876061394,,,,1.0
MC.PA-management-noise-1432,precursor,1,0.027891703876061394,,,,1.0
MC.PA-management-noise-1433,consequence,0,,,,,
MC.PA-management-noise-1434,consequence,0,,,,,
MC.PA-management-noise-1435,precursor,1,0.027891703876061394,,,,1.0
MC.PA-management-noise-1436,precursor,1,0.027891703876061394,,,,1.0
MC.PA-management-noise-1437,precursor,1,0.027891703876061394,,,,1.0
MC.PA-management-noise-1438,precursor,1,0.027891703876061394,,,,1.0
MC.PA-management-noise-1439,precursor,1,0.027891703876061394,,,,1.0
MC.PA-management-noise-144,consequence,0,,,,,
MC.PA-management-noise-1440,precursor,1,0.027891703876061394,,,,1.0
MC.PA-management-noise-1441,precursor,1,0.027891703876061394,,,,1.0
MC.PA-management-noise-1442,consequence,0,,,,,
MC.PA-management-noise-1443,consequence,0,,,,,
MC.PA-management-noise-1444,precursor,1,0.027891703876061394,,,,1.0
MC.PA-management-noise-1445,consequence,0,,,,,
MC.PA-management-noise-1446,consequence,0,,,,,
MC.PA-management-noise-1447,consequence,0,,,,,
MC.PA-management-noise-1448,consequence,0,,,,,
MC.PA-management-noise-1449,precursor,1,0.027891703876061394,,,,1.0
MC.PA-management-noise-145,consequence,0,,,,,
MC.PA-management-noise-1450,precursor,1,0.027891703876061394,,,,1.0
MC.PA-management-noise-1451,precursor,1,0.027891703876061394,,,,1.0
MC.PA-management-noise-1452,precursor,1,0.027891703876061394,,,,1.0
MC.PA-management-noise-1453,precursor,1,0.027891703876061394,,,,1.0
MC.PA-management-noise-1454,precursor,1,0.027891703876061394,,,,1.0
MC.PA-management-noise-1455,precursor,1,0.027891703876061394,,,,1.0
MC.PA-management-noise-1456,precursor,1,0.027891703876061394,,,,1.0
MC.PA-management-noise-1457,consequence,0,,,,,
MC.PA-management-noise-1458,consequence,0,,,,,
MC.PA-management-noise-1459,consequence,0,,,,,
MC.PA-management-noise-146,precursor,1,-0.12032012789989026,,,,0.0
MC.PA-management-noise-1460,consequence,0,,,,,
MC.PA-management-noise-1461,consequence,0,,,,,
MC.PA-management-noise-1462,precursor,1,0.027891703876061394,,,,1.0
MC.PA-management-noise-1463,consequence,0,,,,,
MC.PA-management-noise-1464,consequence,0,,,,,
MC.PA-management-noise-1465,consequence,0,,,,,
MC.PA-management-noise-1466,consequence,0,,,,,
MC.PA-management-noise-1467,consequence,0,,,,,
MC.PA-management-noise-1468,consequence,0,,,,,
MC.PA-management-noise-1469,consequence,0,,,,,
MC.PA-management-noise-147,precursor,1,-0.12032012789989026,,,,0.0
MC.PA-management-noise-1470,consequence,0,,,,,
MC.PA-management-noise-1471,consequence,0,,,,,
MC.PA-management-noise-1472,consequence,0,,,,,
MC.PA-management-noise-1473,precursor,1,0.027891703876061394,,,,1.0
MC.PA-management-noise-1474,precursor,1,0.027891703876061394,,,,1.0
MC.PA-management-noise-1475,precursor,1,0.027891703876061394,,,,1.0
MC.PA-management-noise-1476,consequence,0,,,,,
MC.PA-management-noise-1477,consequence,0,,,,,
MC.PA-management-noise-1478,consequence,0,,,,,
MC.PA-management-noise-1479,consequence,0,,,,,
MC.PA-management-noise-148,precursor,1,-0.12032012789989026,,,,0.0
MC.PA-management-noise-1480,consequence,0,,,,,
MC.PA-management-noise-1481,consequence,0,,,,,
MC.PA-management-noise-1482,consequence,0,,,,,
MC.PA-management-noise-1483,precursor,1,0.027891703876061394,,,,1.0
MC.PA-management-noise-1484,consequence,0,,,,,
MC.PA-management-noise-1485,consequence,0,,,,,
MC.PA-management-noise-1486,consequence,0,,,,,
MC.PA-management-noise-1487,precursor,1,0.027891703876061394,,,,1.0
MC.PA-management-noise-1488,precursor,1,0.027891703876061394,,,,1.0
MC.PA-management-noise-1489,precursor,1,0.027891703876061394,,,,1.0
MC.PA-management-noise-149,precursor,1,-0.12032012789989026,,,,0.0
MC.PA-management-noise-1490,precursor,1,0.027891703876061394,,,,1.0
MC.PA-management-noise-1491,precursor,1,0.027891703876061394,,,,1.0
MC.PA-management-noise-1492,precursor,1,0.027891703876061394,,,,1.0
MC.PA-management-noise-1493,precursor,1,0.027891703876061394,,,,1.0
MC.PA-management-noise-1494,precursor,1,0.027891703876061394,,,,1.0
MC.PA-management-noise-1495,precursor,1,0.027891703876061394,,,,1.0
MC.PA-management-noise-15,consequence,0,,,,,
MC.PA-management-noise-150,precursor,1,-0.12032012789989026,,,,0.0
MC.PA-management-noise-151,precursor,1,-0.12032012789989026,,,,0.0
MC.PA-management-noise-152,precursor,1,-0.12032012789989026,,,,0.0
MC.PA-management-noise-153,precursor,1,-0.12032012789989026,,,,0.0
MC.PA-management-noise-154,precursor,1,-0.12032012789989026,,,,0.0
MC.PA-management-noise-155,precursor,1,-0.12032012789989026,,,,0.0
MC.PA-management-noise-156,precursor,1,-0.12032012789989026,,,,0.0
MC.PA-management-noise-157,precursor,1,-0.12032012789989026,,,,0.0
MC.PA-management-noise-158,precursor,1,-0.12032012789989026,,,,0.0
MC.PA-management-noise-159,precursor,1,-0.12032012789989026,,,,0.0
MC.PA-management-noise-16,consequence,0,,,,,
MC.PA-management-noise-160,precursor,1,-0.12032012789989026,,,,0.0
MC.PA-management-noise-161,precursor,1,-0.12032012789989026,,,,0.0
MC.PA-management-noise-162,precursor,1,-0.12032012789989026,,,,0.0
MC.PA-management-noise-163,consequence,0,,,,,
MC.PA-management-noise-164,precursor,1,-0.12032012789989026,,,,0.0
MC.PA-management-noise-165,consequence,0,,,,,
MC.PA-management-noise-166,consequence,0,,,,,
MC.PA-management-noise-167,consequence,0,,,,,
MC.PA-management-noise-168,precursor,1,-0.12032012789989026,,,,0.0
MC.PA-management-noise-169,consequence,0,,,,,
MC.PA-management-noise-17,precursor,1,0.003249207404874036,,,,1.0
MC.PA-management-noise-170,consequence,0,,,,,
MC.PA-management-noise-171,consequence,0,,,,,
MC.PA-management-noise-172,precursor,1,0.12694421200093436,,,,1.0
MC.PA-management-noise-173,precursor,1,0.12694421200093436,,,,1.0
MC.PA-management-noise-174,consequence,0,,,,,
MC.PA-management-noise-175,precursor,1,0.12694421200093436,,,,1.0
MC.PA-management-noise-176,precursor,1,0.12694421200093436,,,,1.0
MC.PA-management-noise-177,precursor,1,0.12694421200093436,,,,1.0
MC.PA-management-noise-178,precursor,1,0.12694421200093436,,,,1.0
MC.PA-management-noise-179,precursor,1,0.12694421200093436,,,,1.0
MC.PA-management-noise-18,precursor,1,0.003249207404874036,,,,1.0
MC.PA-management-noise-180,precursor,1,0.12694421200093436,,,,1.0
MC.PA-management-noise-181,precursor,1,0.12694421200093436,,,,1.0
MC.PA-management-noise-182,precursor,1,0.12694421200093436,,,,1.0
MC.PA-management-noise-183,precursor,1,0.12694421200093436,,,,1.0
MC.PA-management-noise-184,precursor,1,0.12694421200093436,,,,1.0
MC.PA-management-noise-185,precursor,1,0.12694421200093436,,,,1.0
MC.PA-management-noise-186,precursor,1,0.12694421200093436,,,,1.0
MC.PA-management-noise-187,precursor,1,0.12694421200093436,,,,1.0
MC.PA-management-noise-188,precursor,1,0.12694421200093436,,,,1.0
MC.PA-management-noise-189,precursor,1,0.12694421200093436,,,,1.0
MC.PA-management-noise-19,precursor,1,0.003249207404874036,,,,1.0
MC.PA-management-noise-190,precursor,1,0.12694421200093436,,,,1.0
MC.PA-management-noise-191,precursor,1,0.12694421200093436,,,,1.0
MC.PA-management-noise-192,precursor,1,0.12694421200093436,,,,1.0
MC.PA-management-noise-193,precursor,1,0.12694421200093436,,,,1.0
MC.PA-management-noise-194,precursor,1,0.12694421200093436,,,,1.0
MC.PA-management-noise-195,precursor,1,0.12694421200093436,,,,1.0
MC.PA-management-noise-196,consequence,0,,,,,
MC.PA-management-noise-197,consequence,0,,,,,
MC.PA-management-noise-198,precursor,1,0.12694421200093436,,,,1.0
MC.PA-management-noise-199,precursor,1,0.12694421200093436,,,,1.0
MC.PA-management-noise-2,precursor,1,0.003249207404874036,,,,1.0
MC.PA-management-noise-20,precursor,1,0.003249207404874036,,,,1.0
MC.PA-management-noise-200,precursor,1,0.12694421200093436,,,,1.0
MC.PA-management-noise-201,precursor,1,0.12694421200093436,,,,1.0
MC.PA-management-noise-202,precursor,1,0.12694421200093436,,,,1.0
MC.PA-management-noise-203,precursor,1,0.12694421200093436,,,,1.0
MC.PA-management-noise-204,precursor,1,0.12694421200093436,,,,1.0
MC.PA-management-noise-205,precursor,1,0.12694421200093436,,,,1.0
MC.PA-management-noise-206,consequence,0,,,,,
MC.PA-management-noise-207,precursor,1,0.12694421200093436,,,,1.0
MC.PA-management-noise-208,precursor,1,0.12694421200093436,,,,1.0
MC.PA-management-noise-209,precursor,1,0.12694421200093436,,,,1.0
MC.PA-management-noise-21,precursor,1,0.003249207404874036,,,,1.0
MC.PA-management-noise-210,precursor,1,0.12694421200093436,,,,1.0
MC.PA-management-noise-211,precursor,1,0.12694421200093436,,,,1.0
MC.PA-management-noise-212,precursor,1,0.12694421200093436,,,,1.0
MC.PA-management-noise-213,consequence,0,,,,,
MC.PA-management-noise-214,consequence,0,,,,,
MC.PA-management-noise-215,consequence,0,,,,,
MC.PA-management-noise-216,consequence,0,,,,,
MC.PA-management-noise-217,consequence,0,,,,,
MC.PA-management-noise-218,consequence,0,,,,,
MC.PA-management-noise-219,precursor,1,0.12694421200093436,,,,1.0
MC.PA-management-noise-22,precursor,1,0.003249207404874036,,,,1.0
MC.PA-management-noise-220,consequence,0,,,,,
MC.PA-management-noise-221,consequence,0,,,,,
MC.PA-management-noise-222,precursor,1,0.12694421200093436,,,,1.0
MC.PA-management-noise-223,consequence,0,,,,,
MC.PA-management-noise-224,precursor,1,0.12694421200093436,,,,1.0
MC.PA-management-noise-225,precursor,1,0.12694421200093436,,,,1.0
MC.PA-management-noise-226,precursor,1,0.12694421200093436,,,,1.0
MC.PA-management-noise-227,precursor,1,0.12694421200093436,,,,1.0
MC.PA-management-noise-228,precursor,1,0.12694421200093436,,,,1.0
MC.PA-management-noise-229,precursor,1,0.12694421200093436,,,,1.0
MC.PA-management-noise-23,precursor,1,0.003249207404874036,,,,1.0
MC.PA-management-noise-230,precursor,1,0.12694421200093436,,,,1.0
MC.PA-management-noise-231,precursor,1,0.12694421200093436,,,,1.0
MC.PA-management-noise-232,precursor,1,0.12694421200093436,,,,1.0
MC.PA-management-noise-233,precursor,1,0.12694421200093436,,,,1.0
MC.PA-management-noise-234,precursor,1,0.12694421200093436,,,,1.0
MC.PA-management-noise-235,precursor,1,0.12694421200093436,,,,1.0
MC.PA-management-noise-236,precursor,1,0.12694421200093436,,,,1.0
MC.PA-management-noise-237,precursor,1,0.12694421200093436,,,,1.0
MC.PA-management-noise-238,precursor,1,0.12694421200093436,,,,1.0
MC.PA-management-noise-239,consequence,0,,,,,
MC.PA-management-noise-24,precursor,1,0.003249207404874036,,,,1.0
MC.PA-management-noise-240,consequence,0,,,,,
MC.PA-management-noise-241,consequence,0,,,,,
MC.PA-management-noise-242,consequence,0,,,,,
MC.PA-management-noise-243,consequence,0,,,,,
MC.PA-management-noise-244,consequence,0,,,,,
MC.PA-management-noise-245,consequence,0,,,,,
MC.PA-management-noise-246,consequence,0,,,,,
MC.PA-management-noise-247,consequence,0,,,,,
MC.PA-management-noise-248,consequence,0,,,,,
MC.PA-management-noise-249,precursor,1,0.12694421200093436,,,,1.0
MC.PA-management-noise-25,precursor,1,0.003249207404874036,,,,1.0
MC.PA-management-noise-250,precursor,1,0.12694421200093436,,,,1.0
MC.PA-management-noise-251,precursor,1,0.12694421200093436,,,,1.0
MC.PA-management-noise-252,precursor,1,0.12694421200093436,,,,1.0
MC.PA-management-noise-253,consequence,0,,,,,
MC.PA-management-noise-254,consequence,0,,,,,
MC.PA-management-noise-255,consequence,0,,,,,
MC.PA-management-noise-256,consequence,0,,,,,
MC.PA-management-noise-257,consequence,0,,,,,
MC.PA-management-noise-258,consequence,0,,,,,
MC.PA-management-noise-259,consequence,0,,,,,
MC.PA-management-noise-26,precursor,1,0.003249207404874036,,,,1.0
MC.PA-management-noise-260,consequence,0,,,,,
MC.PA-management-noise-261,consequence,0,,,,,
MC.PA-management-noise-262,consequence,0,,,,,
MC.PA-management-noise-263,consequence,0,,,,,
MC.PA-management-noise-264,consequence,0,,,,,
MC.PA-management-noise-265,consequence,0,,,,,
MC.PA-management-noise-266,precursor,1,0.023163335243499346,,,,1.0
MC.PA-management-noise-267,consequence,0,,,,,
MC.PA-management-noise-268,precursor,1,0.023163335243499346,,,,1.0
MC.PA-management-noise-269,precursor,1,0.023163335243499346,,,,1.0
MC.PA-management-noise-27,consequence,0,,,,,
MC.PA-management-noise-270,precursor,1,0.023163335243499346,,,,1.0
MC.PA-management-noise-271,precursor,1,0.023163335243499346,,,,1.0
MC.PA-management-noise-272,precursor,1,0.023163335243499346,,,,1.0
MC.PA-management-noise-273,precursor,1,0.023163335243499346,,,,1.0
MC.PA-management-noise-274,precursor,1,0.023163335243499346,,,,1.0
MC.PA-management-noise-275,precursor,1,0.023163335243499346,,,,1.0
MC.PA-management-noise-276,precursor,1,0.023163335243499346,,,,1.0
MC.PA-management-noise-277,precursor,1,0.023163335243499346,,,,1.0
MC.PA-management-noise-278,precursor,1,0.023163335243499346,,,,1.0
MC.PA-management-noise-279,precursor,1,0.023163335243499346,,,,1.0
MC.PA-management-noise-28,consequence,0,,,,,
MC.PA-management-noise-280,precursor,1,0.023163335243499346,,,,1.0
MC.PA-management-noise-281,precursor,1,0.023163335243499346,,,,1.0
MC.PA-management-noise-282,precursor,1,0.023163335243499346,,,,1.0
MC.PA-management-noise-283,precursor,1,0.023163335243499346,,,,1.0
MC.PA-management-noise-284,precursor,1,0.023163335243499346,,,,1.0
MC.PA-management-noise-285,precursor,1,0.023163335243499346,,,,1.0
MC.PA-management-noise-286,consequence,0,,,,,
MC.PA-management-noise-287,consequence,0,,,,,
MC.PA-management-noise-288,consequence,0,,,,,
MC.PA-management-noise-289,consequence,0,,,,,
MC.PA-management-noise-29,precursor,1,0.003249207404874036,,,,1.0
MC.PA-management-noise-290,consequence,0,,,,,
MC.PA-management-noise-291,consequence,0,,,,,
MC.PA-management-noise-292,precursor,1,0.023163335243499346,,,,1.0
MC.PA-management-noise-293,consequence,0,,,,,
MC.PA-management-noise-294,consequence,0,,,,,
MC.PA-management-noise-295,consequence,0,,,,,
MC.PA-management-noise-296,consequence,0,,,,,
MC.PA-management-noise-297,consequence,0,,,,,
MC.PA-management-noise-298,consequence,0,,,,,
MC.PA-management-noise-299,consequence,0,,,,,
MC.PA-management-noise-3,precursor,1,0.003249207404874036,,,,1.0
MC.PA-management-noise-30,precursor,1,0.003249207404874036,,,,1.0
MC.PA-management-noise-300,precursor,1,0.023163335243499346,,,,1.0
MC.PA-management-noise-301,precursor,1,0.023163335243499346,,,,1.0
MC.PA-management-noise-302,consequence,0,,,,,
MC.PA-management-noise-303,precursor,1,0.023163335243499346,,,,1.0
MC.PA-management-noise-304,consequence,0,,,,,
MC.PA-management-noise-305,precursor,1,0.023163335243499346,,,,1.0
MC.PA-management-noise-306,consequence,0,,,,,
MC.PA-management-noise-307,consequence,0,,,,,
MC.PA-management-noise-308,consequence,0,,,,,
MC.PA-management-noise-309,precursor,1,0.023163335243499346,,,,1.0
MC.PA-management-noise-31,precursor,1,0.003249207404874036,,,,1.0
MC.PA-management-noise-310,consequence,0,,,,,
MC.PA-management-noise-311,consequence,0,,,,,
MC.PA-management-noise-312,precursor,1,0.023163335243499346,,,,1.0
MC.PA-management-noise-313,precursor,1,0.023163335243499346,,,,1.0
MC.PA-management-noise-314,precursor,1,0.023163335243499346,,,,1.0
MC.PA-management-noise-315,precursor,1,0.023163335243499346,,,,1.0
MC.PA-management-noise-316,consequence,0,,,,,
MC.PA-management-noise-317,precursor,1,0.023163335243499346,,,,1.0
MC.PA-management-noise-318,consequence,0,,,,,
MC.PA-management-noise-319,consequence,0,,,,,
MC.PA-management-noise-32,precursor,1,0.003249207404874036,,,,1.0
MC.PA-management-noise-320,consequence,0,,,,,
MC.PA-management-noise-321,consequence,0,,,,,
MC.PA-management-noise-322,precursor,1,0.023163335243499346,,,,1.0
MC.PA-management-noise-323,precursor,1,0.023163335243499346,,,,1.0
MC.PA-management-noise-324,precursor,1,0.023163335243499346,,,,1.0
MC.PA-management-noise-325,precursor,1,0.023163335243499346,,,,1.0
MC.PA-management-noise-326,consequence,0,,,,,
MC.PA-management-noise-327,consequence,0,,,,,
MC.PA-management-noise-328,consequence,0,,,,,
MC.PA-management-noise-329,consequence,0,,,,,
MC.PA-management-noise-33,precursor,1,0.003249207404874036,,,,1.0
MC.PA-management-noise-330,consequence,0,,,,,
MC.PA-management-noise-331,consequence,0,,,,,
MC.PA-management-noise-332,consequence,0,,,,,
MC.PA-management-noise-333,consequence,0,,,,,
MC.PA-management-noise-334,consequence,0,,,,,
MC.PA-management-noise-335,consequence,0,,,,,
MC.PA-management-noise-336,precursor,1,0.023163335243499346,,,,1.0
MC.PA-management-noise-337,precursor,1,0.023163335243499346,,,,1.0
MC.PA-management-noise-338,consequence,0,,,,,
MC.PA-management-noise-339,consequence,0,,,,,
MC.PA-management-noise-34,precursor,1,0.003249207404874036,,,,1.0
MC.PA-management-noise-340,consequence,0,,,,,
MC.PA-management-noise-341,precursor,1,0.023163335243499346,,,,1.0
MC.PA-management-noise-342,precursor,1,0.023163335243499346,,,,1.0
MC.PA-management-noise-343,precursor,1,0.023163335243499346,,,,1.0
MC.PA-management-noise-344,precursor,1,0.023163335243499346,,,,1.0
MC.PA-management-noise-345,precursor,1,0.023163335243499346,,,,1.0
MC.PA-management-noise-346,precursor,1,0.023163335243499346,,,,1.0
MC.PA-management-noise-347,consequence,0,,,,,
MC.PA-management-noise-348,consequence,0,,,,,
MC.PA-management-noise-349,consequence,0,,,,,
MC.PA-management-noise-35,precursor,1,0.003249207404874036,,,,1.0
MC.PA-management-noise-350,consequence,0,,,,,
MC.PA-management-noise-351,consequence,0,,,,,
MC.PA-management-noise-352,consequence,0,,,,,
MC.PA-management-noise-353,consequence,0,,,,,
MC.PA-management-noise-354,consequence,0,,,,,
MC.PA-management-noise-355,consequence,0,,,,,
MC.PA-management-noise-356,precursor,1,0.023163335243499346,,,,1.0
MC.PA-management-noise-357,precursor,1,0.023163335243499346,,,,1.0
MC.PA-management-noise-358,precursor,1,0.023163335243499346,,,,1.0
MC.PA-management-noise-359,precursor,1,0.023163335243499346,,,,1.0
MC.PA-management-noise-36,precursor,1,0.003249207404874036,,,,1.0
MC.PA-management-noise-360,precursor,1,0.009263588195730489,,,,1.0
MC.PA-management-noise-361,precursor,1,0.009263588195730489,,,,1.0
MC.PA-management-noise-362,precursor,1,0.009263588195730489,,,,1.0
MC.PA-management-noise-363,consequence,0,,,,,
MC.PA-management-noise-364,precursor,1,0.009263588195730489,,,,1.0
MC.PA-management-noise-365,consequence,0,,,,,
MC.PA-management-noise-366,precursor,1,0.009263588195730489,,,,1.0
MC.PA-management-noise-367,consequence,0,,,,,
MC.PA-management-noise-368,precursor,1,0.009263588195730489,,,,1.0
MC.PA-management-noise-369,precursor,1,0.009263588195730489,,,,1.0
MC.PA-management-noise-37,precursor,1,0.003249207404874036,,,,1.0
MC.PA-management-noise-370,consequence,0,,,,,
MC.PA-management-noise-371,precursor,1,0.009263588195730489,,,,1.0
MC.PA-management-noise-372,precursor,1,0.009263588195730489,,,,1.0
MC.PA-management-noise-373,precursor,1,0.009263588195730489,,,,1.0
MC.PA-management-noise-374,consequence,0,,,,,
MC.PA-management-noise-375,precursor,1,0.009263588195730489,,,,1.0
MC.PA-management-noise-376,precursor,1,0.009263588195730489,,,,1.0
MC.PA-management-noise-377,consequence,0,,,,,
MC.PA-management-noise-378,consequence,0,,,,,
MC.PA-management-noise-379,consequence,0,,,,,
MC.PA-management-noise-38,precursor,1,0.003249207404874036,,,,1.0
MC.PA-management-noise-380,consequence,0,,,,,
MC.PA-management-noise-381,consequence,0,,,,,
MC.PA-management-noise-382,consequence,0,,,,,
MC.PA-management-noise-383,consequence,0,,,,,
MC.PA-management-noise-384,precursor,1,0.009263588195730489,,,,1.0
MC.PA-management-noise-385,precursor,1,0.009263588195730489,,,,1.0
MC.PA-management-noise-386,consequence,0,,,,,
MC.PA-management-noise-387,consequence,0,,,,,
MC.PA-management-noise-388,consequence,0,,,,,
MC.PA-management-noise-389,consequence,0,,,,,
MC.PA-management-noise-39,consequence,0,,,,,
MC.PA-management-noise-390,consequence,0,,,,,
MC.PA-management-noise-391,consequence,0,,,,,
MC.PA-management-noise-392,consequence,0,,,,,
MC.PA-management-noise-393,consequence,0,,,,,
MC.PA-management-noise-394,precursor,1,0.009263588195730489,,,,1.0
MC.PA-management-noise-395,consequence,0,,,,,
MC.PA-management-noise-396,precursor,1,0.009263588195730489,,,,1.0
MC.PA-management-noise-397,consequence,0,,,,,
MC.PA-management-noise-398,consequence,0,,,,,
MC.PA-management-noise-399,precursor,1,0.009263588195730489,,,,1.0
MC.PA-management-noise-4,precursor,1,0.003249207404874036,,,,1.0
MC.PA-management-noise-40,precursor,1,0.003249207404874036,,,,1.0
MC.PA-management-noise-400,consequence,0,,,,,
MC.PA-management-noise-401,consequence,0,,,,,
MC.PA-management-noise-402,precursor,1,0.009263588195730489,,,,1.0
MC.PA-management-noise-403,precursor,1,0.009263588195730489,,,,1.0
MC.PA-management-noise-404,consequence,0,,,,,
MC.PA-management-noise-405,precursor,1,0.009263588195730489,,,,1.0
MC.PA-management-noise-406,consequence,0,,,,,
MC.PA-management-noise-407,consequence,0,,,,,
MC.PA-management-noise-408,precursor,1,0.009263588195730489,,,,1.0
MC.PA-management-noise-409,precursor,1,0.009263588195730489,,,,1.0
MC.PA-management-noise-41,precursor,1,0.003249207404874036,,,,1.0
MC.PA-management-noise-410,precursor,1,0.009263588195730489,,,,1.0
MC.PA-management-noise-411,precursor,1,0.009263588195730489,,,,1.0
MC.PA-management-noise-412,precursor,1,0.009263588195730489,,,,1.0
MC.PA-management-noise-413,precursor,1,0.009263588195730489,,,,1.0
MC.PA-management-noise-414,consequence,0,,,,,
MC.PA-management-noise-415,consequence,0,,,,,
MC.PA-management-noise-416,consequence,0,,,,,
MC.PA-management-noise-417,consequence,0,,,,,
MC.PA-management-noise-418,precursor,1,0.009263588195730489,,,,1.0
MC.PA-management-noise-419,consequence,0,,,,,
MC.PA-management-noise-42,precursor,1,0.003249207404874036,,,,1.0
MC.PA-management-noise-420,consequence,0,,,,,
MC.PA-management-noise-421,consequence,0,,,,,
MC.PA-management-noise-422,consequence,0,,,,,
MC.PA-management-noise-423,precursor,1,0.009263588195730489,,,,1.0
MC.PA-management-noise-424,precursor,1,0.009263588195730489,,,,1.0
MC.PA-management-noise-425,precursor,1,0.009263588195730489,,,,1.0
MC.PA-management-noise-426,consequence,0,,,,,
MC.PA-management-noise-427,consequence,0,,,,,
MC.PA-management-noise-428,precursor,1,0.009263588195730489,,,,1.0
MC.PA-management-noise-429,precursor,1,0.009263588195730489,,,,1.0
MC.PA-management-noise-43,consequence,0,,,,,
MC.PA-management-noise-430,precursor,1,0.009263588195730489,,,,1.0
MC.PA-management-noise-431,precursor,1,0.009263588195730489,,,,1.0
MC.PA-management-noise-432,consequence,0,,,,,
MC.PA-management-noise-433,consequence,0,,,,,
MC.PA-management-noise-434,precursor,1,0.009263588195730489,,,,1.0
MC.PA-management-noise-435,precursor,1,0.009263588195730489,,,,1.0
MC.PA-management-noise-436,precursor,1,0.009263588195730489,,,,1.0
MC.PA-management-noise-437,precursor,1,0.009263588195730489,,,,1.0
MC.PA-management-noise-438,consequence,0,,,,,
MC.PA-management-noise-439,consequence,0,,,,,
MC.PA-management-noise-44,precursor,1,0.003249207404874036,,,,1.0
MC.PA-management-noise-440,consequence,0,,,,,
MC.PA-management-noise-441,consequence,0,,,,,
MC.PA-management-noise-442,consequence,0,,,,,
MC.PA-management-noise-443,consequence,0,,,,,
MC.PA-management-noise-444,consequence,0,,,,,
MC.PA-management-noise-445,consequence,0,,,,,
MC.PA-management-noise-446,consequence,0,,,,,
MC.PA-management-noise-447,consequence,0,,,,,
MC.PA-management-noise-448,consequence,0,,,,,
MC.PA-management-noise-449,consequence,0,,,,,
MC.PA-management-noise-45,precursor,1,0.003249207404874036,,,,1.0
MC.PA-management-noise-450,consequence,0,,,,,
MC.PA-management-noise-451,consequence,0,,,,,
MC.PA-management-noise-452,precursor,1,0.009263588195730489,,,,1.0
MC.PA-management-noise-453,consequence,0,,,,,
MC.PA-management-noise-454,consequence,0,,,,,
MC.PA-management-noise-455,consequence,0,,,,,
MC.PA-management-noise-456,consequence,0,,,,,
MC.PA-management-noise-457,consequence,0,,,,,
MC.PA-management-noise-458,precursor,1,0.009263588195730489,,,,1.0
MC.PA-management-noise-459,precursor,1,0.009263588195730489,,,,1.0
MC.PA-management-noise-46,consequence,0,,,,,
MC.PA-management-noise-460,precursor,1,0.009263588195730489,,,,1.0
MC.PA-management-noise-461,precursor,1,0.009263588195730489,,,,1.0
MC.PA-management-noise-462,precursor,1,0.009263588195730489,,,,1.0
MC.PA-management-noise-463,precursor,1,0.009263588195730489,,,,1.0
MC.PA-management-noise-464,consequence,0,,,,,
MC.PA-management-noise-465,consequence,0,,,,,
MC.PA-management-noise-466,consequence,0,,,,,
MC.PA-management-noise-467,precursor,1,0.009263588195730489,,,,1.0
MC.PA-management-noise-468,precursor,1,0.009263588195730489,,,,1.0
MC.PA-management-noise-469,precursor,1,0.009263588195730489,,,,1.0
MC.PA-management-noise-47,precursor,1,0.003249207404874036,,,,1.0
MC.PA-management-noise-470,precursor,1,0.009263588195730489,,,,1.0
MC.PA-management-noise-471,precursor,1,0.009263588195730489,,,,1.0
MC.PA-management-noise-472,precursor,1,0.009263588195730489,,,,1.0
MC.PA-management-noise-473,consequence,0,,,,,
MC.PA-management-noise-474,consequence,0,,,,,
MC.PA-management-noise-475,consequence,0,,,,,
MC.PA-management-noise-476,consequence,0,,,,,
MC.PA-management-noise-477,consequence,0,,,,,
MC.PA-management-noise-478,consequence,0,,,,,
MC.PA-management-noise-479,consequence,0,,,,,
MC.PA-management-noise-48,consequence,0,,,,,
MC.PA-management-noise-480,consequence,0,,,,,
MC.PA-management-noise-481,consequence,0,,,,,
MC.PA-management-noise-482,consequence,0,,,,,
MC.PA-management-noise-483,consequence,0,,,,,
MC.PA-management-noise-484,consequence,0,,,,,
MC.PA-management-noise-485,consequence,0,,,,,
MC.PA-management-noise-486,consequence,0,,,,,
MC.PA-management-noise-487,consequence,0,,,,,
MC.PA-management-noise-488,consequence,0,,,,,
MC.PA-management-noise-489,consequence,0,,,,,
MC.PA-management-noise-49,consequence,0,,,,,
MC.PA-management-noise-490,consequence,0,,,,,
MC.PA-management-noise-491,consequence,0,,,,,
MC.PA-management-noise-492,consequence,0,,,,,
MC.PA-management-noise-493,consequence,0,,,,,
MC.PA-management-noise-494,precursor,1,0.009263588195730489,,,,1.0
MC.PA-management-noise-495,consequence,0,,,,,
MC.PA-management-noise-496,consequence,0,,,,,
MC.PA-management-noise-497,precursor,1,0.009263588195730489,,,,1.0
MC.PA-management-noise-498,precursor,1,0.009263588195730489,,,,1.0
MC.PA-management-noise-499,precursor,1,0.009263588195730489,,,,1.0
MC.PA-management-noise-5,precursor,1,0.003249207404874036,,,,1.0
MC.PA-management-noise-50,precursor,1,0.003249207404874036,,,,1.0
MC.PA-management-noise-500,precursor,1,0.009263588195730489,,,,1.0
MC.PA-management-noise-501,consequence,0,,,,,
MC.PA-management-noise-502,consequence,0,,,,,
MC.PA-management-noise-503,precursor,1,0.009263588195730489,,,,1.0
MC.PA-management-noise-504,precursor,1,0.009263588195730489,,,,1.0
MC.PA-management-noise-505,consequence,0,,,,,
MC.PA-management-noise-506,consequence,0,,,,,
MC.PA-management-noise-507,consequence,0,,,,,
MC.PA-management-noise-508,consequence,0,,,,,
MC.PA-management-noise-509,consequence,0,,,,,
MC.PA-management-noise-51,precursor,1,0.003249207404874036,,,,1.0
MC.PA-management-noise-510,consequence,0,,,,,
MC.PA-management-noise-511,consequence,0,,,,,
MC.PA-management-noise-512,consequence,0,,,,,
MC.PA-management-noise-513,consequence,0,,,,,
MC.PA-management-noise-514,consequence,0,,,,,
MC.PA-management-noise-515,consequence,0,,,,,
MC.PA-management-noise-516,consequence,0,,,,,
MC.PA-management-noise-517,consequence,0,,,,,
MC.PA-management-noise-518,consequence,0,,,,,
MC.PA-management-noise-519,precursor,1,-0.16859600760531723,,,,0.0
MC.PA-management-noise-52,precursor,1,0.003249207404874036,,,,1.0
MC.PA-management-noise-520,consequence,0,,,,,
MC.PA-management-noise-521,precursor,1,-0.16859600760531723,,,,0.0
MC.PA-management-noise-522,precursor,1,-0.16859600760531723,,,,0.0
MC.PA-management-noise-523,precursor,1,-0.16859600760531723,,,,0.0
MC.PA-management-noise-524,precursor,1,-0.16859600760531723,,,,0.0
MC.PA-management-noise-525,precursor,1,-0.16859600760531723,,,,0.0
MC.PA-management-noise-526,precursor,1,-0.16859600760531723,,,,0.0
MC.PA-management-noise-527,precursor,1,-0.16859600760531723,,,,0.0
MC.PA-management-noise-528,precursor,1,-0.16859600760531723,,,,0.0
MC.PA-management-noise-529,precursor,1,-0.16859600760531723,,,,0.0
MC.PA-management-noise-53,precursor,1,0.003249207404874036,,,,1.0
MC.PA-management-noise-530,precursor,1,-0.16859600760531723,,,,0.0
MC.PA-management-noise-531,precursor,1,-0.16859600760531723,,,,0.0
MC.PA-management-noise-532,precursor,1,-0.16859600760531723,,,,0.0
MC.PA-management-noise-533,consequence,0,,,,,
MC.PA-management-noise-534,consequence,0,,,,,
MC.PA-management-noise-535,consequence,0,,,,,
MC.PA-management-noise-536,consequence,0,,,,,
MC.PA-management-noise-537,precursor,1,-0.16859600760531723,,,,0.0
MC.PA-management-noise-538,precursor,1,-0.16859600760531723,,,,0.0
MC.PA-management-noise-539,precursor,1,-0.16859600760531723,,,,0.0
MC.PA-management-noise-54,consequence,0,,,,,
MC.PA-management-noise-540,precursor,1,-0.16859600760531723,,,,0.0
MC.PA-management-noise-541,precursor,1,-0.16859600760531723,,,,0.0
MC.PA-management-noise-542,precursor,1,-0.16859600760531723,,,,0.0
MC.PA-management-noise-543,precursor,1,-0.16859600760531723,,,,0.0
MC.PA-management-noise-544,precursor,1,-0.16859600760531723,,,,0.0
MC.PA-management-noise-545,precursor,1,-0.16859600760531723,,,,0.0
MC.PA-management-noise-546,precursor,1,-0.16859600760531723,,,,0.0
MC.PA-management-noise-547,consequence,0,,,,,
MC.PA-management-noise-548,consequence,0,,,,,
MC.PA-management-noise-549,consequence,0,,,,,
MC.PA-management-noise-55,consequence,0,,,,,
MC.PA-management-noise-550,consequence,0,,,,,
MC.PA-management-noise-551,consequence,0,,,,,
MC.PA-management-noise-552,consequence,0,,,,,
MC.PA-management-noise-553,consequence,0,,,,,
MC.PA-management-noise-554,consequence,0,,,,,
MC.PA-management-noise-555,precursor,1,-0.16859600760531723,,,,0.0
MC.PA-management-noise-556,consequence,0,,,,,
MC.PA-management-noise-557,consequence,0,,,,,
MC.PA-management-noise-558,consequence,0,,,,,
MC.PA-management-noise-559,consequence,0,,,,,
MC.PA-management-noise-56,precursor,1,0.003249207404874036,,,,1.0
MC.PA-management-noise-560,consequence,0,,,,,
MC.PA-management-noise-561,consequence,0,,,,,
MC.PA-management-noise-562,precursor,1,-0.16859600760531723,,,,0.0
MC.PA-management-noise-563,consequence,0,,,,,
MC.PA-management-noise-564,consequence,0,,,,,
MC.PA-management-noise-565,consequence,0,,,,,
MC.PA-management-noise-566,consequence,0,,,,,
MC.PA-management-noise-567,precursor,1,-0.16859600760531723,,,,0.0
MC.PA-management-noise-568,precursor,1,-0.16859600760531723,,,,0.0
MC.PA-management-noise-569,precursor,1,-0.16859600760531723,,,,0.0
MC.PA-management-noise-57,consequence,0,,,,,
MC.PA-management-noise-570,precursor,1,-0.16859600760531723,,,,0.0
MC.PA-management-noise-571,consequence,0,,,,,
MC.PA-management-noise-572,precursor,1,-0.16859600760531723,,,,0.0
MC.PA-management-noise-573,consequence,0,,,,,
MC.PA-management-noise-574,consequence,0,,,,,
MC.PA-management-noise-575,consequence,0,,,,,
MC.PA-management-noise-576,consequence,0,,,,,
MC.PA-management-noise-577,consequence,0,,,,,
MC.PA-management-noise-578,consequence,0,,,,,
MC.PA-management-noise-579,consequence,0,,,,,
MC.PA-management-noise-58,consequence,0,,,,,
MC.PA-management-noise-580,consequence,0,,,,,
MC.PA-management-noise-581,consequence,0,,,,,
MC.PA-management-noise-582,consequence,0,,,,,
MC.PA-management-noise-583,precursor,1,-0.16859600760531723,,,,0.0
MC.PA-management-noise-584,precursor,1,-0.07007179149677707,,,,0.0
MC.PA-management-noise-585,precursor,1,-0.07007179149677707,,,,0.0
MC.PA-management-noise-586,precursor,1,-0.07007179149677707,,,,0.0
MC.PA-management-noise-587,precursor,1,-0.07007179149677707,,,,0.0
MC.PA-management-noise-588,precursor,1,-0.07007179149677707,,,,0.0
MC.PA-management-noise-589,precursor,1,-0.07007179149677707,,,,0.0
MC.PA-management-noise-59,consequence,0,,,,,
MC.PA-management-noise-590,precursor,1,-0.07007179149677707,,,,0.0
MC.PA-management-noise-591,precursor,1,-0.07007179149677707,,,,0.0
MC.PA-management-noise-592,precursor,1,-0.07007179149677707,,,,0.0
MC.PA-management-noise-593,precursor,1,-0.07007179149677707,,,,0.0
MC.PA-management-noise-594,precursor,1,-0.07007179149677707,,,,0.0
MC.PA-management-noise-595,precursor,1,-0.07007179149677707,,,,0.0
MC.PA-management-noise-596,precursor,1,-0.07007179149677707,,,,0.0
MC.PA-management-noise-597,precursor,1,-0.07007179149677707,,,,0.0
MC.PA-management-noise-598,precursor,1,-0.07007179149677707,,,,0.0
MC.PA-management-noise-599,precursor,1,-0.07007179149677707,,,,0.0
MC.PA-management-noise-6,consequence,0,,,,,
MC.PA-management-noise-60,consequence,0,,,,,
MC.PA-management-noise-600,precursor,1,-0.07007179149677707,,,,0.0
MC.PA-management-noise-601,precursor,1,-0.07007179149677707,,,,0.0
MC.PA-management-noise-602,precursor,1,-0.07007179149677707,,,,0.0
MC.PA-management-noise-603,precursor,1,-0.07007179149677707,,,,0.0
MC.PA-management-noise-604,precursor,1,-0.07007179149677707,,,,0.0
MC.PA-management-noise-605,precursor,1,-0.07007179149677707,,,,0.0
MC.PA-management-noise-606,precursor,1,-0.07007179149677707,,,,0.0
MC.PA-management-noise-607,precursor,1,-0.07007179149677707,,,,0.0
MC.PA-management-noise-608,precursor,1,-0.07007179149677707,,,,0.0
MC.PA-management-noise-609,precursor,1,-0.07007179149677707,,,,0.0
MC.PA-management-noise-61,consequence,0,,,,,
MC.PA-management-noise-610,precursor,1,-0.07007179149677707,,,,0.0
MC.PA-management-noise-611,precursor,1,-0.07007179149677707,,,,0.0
MC.PA-management-noise-612,precursor,1,-0.07007179149677707,,,,0.0
MC.PA-management-noise-613,precursor,1,-0.07007179149677707,,,,0.0
MC.PA-management-noise-614,precursor,1,-0.07007179149677707,,,,0.0
MC.PA-management-noise-615,precursor,1,-0.07007179149677707,,,,0.0
MC.PA-management-noise-616,precursor,1,-0.07007179149677707,,,,0.0
MC.PA-management-noise-617,precursor,1,-0.07007179149677707,,,,0.0
MC.PA-management-noise-618,precursor,1,-0.07007179149677707,,,,0.0
MC.PA-management-noise-619,precursor,1,-0.07007179149677707,,,,0.0
MC.PA-management-noise-62,consequence,0,,,,,
MC.PA-management-noise-620,precursor,1,-0.07007179149677707,,,,0.0
MC.PA-management-noise-621,consequence,0,,,,,
MC.PA-management-noise-622,consequence,0,,,,,
MC.PA-management-noise-623,precursor,1,-0.07007179149677707,,,,0.0
MC.PA-management-noise-624,precursor,1,-0.07007179149677707,,,,0.0
MC.PA-management-noise-625,precursor,1,-0.07007179149677707,,,,0.0
MC.PA-management-noise-626,precursor,1,-0.07007179149677707,,,,0.0
MC.PA-management-noise-627,precursor,1,-0.07007179149677707,,,,0.0
MC.PA-management-noise-628,precursor,1,-0.07007179149677707,,,,0.0
MC.PA-management-noise-629,precursor,1,-0.07007179149677707,,,,0.0
MC.PA-management-noise-63,consequence,0,,,,,
MC.PA-management-noise-630,precursor,1,-0.07007179149677707,,,,0.0
MC.PA-management-noise-631,precursor,1,-0.07007179149677707,,,,0.0
MC.PA-management-noise-632,precursor,1,-0.07007179149677707,,,,0.0
MC.PA-management-noise-633,precursor,1,-0.07007179149677707,,,,0.0
MC.PA-management-noise-634,precursor,1,-0.07007179149677707,,,,0.0
MC.PA-management-noise-635,precursor,1,-0.07007179149677707,,,,0.0
MC.PA-management-noise-636,precursor,1,-0.07007179149677707,,,,0.0
MC.PA-management-noise-637,precursor,1,-0.07007179149677707,,,,0.0
MC.PA-management-noise-638,precursor,1,-0.07007179149677707,,,,0.0
MC.PA-management-noise-639,precursor,1,-0.07007179149677707,,,,0.0
MC.PA-management-noise-64,consequence,0,,,,,
MC.PA-management-noise-640,precursor,1,-0.07007179149677707,,,,0.0
MC.PA-management-noise-641,precursor,1,-0.07007179149677707,,,,0.0
MC.PA-management-noise-642,precursor,1,-0.07007179149677707,,,,0.0
MC.PA-management-noise-643,consequence,0,,,,,
MC.PA-management-noise-644,consequence,0,,,,,
MC.PA-management-noise-645,consequence,0,,,,,
MC.PA-management-noise-646,consequence,0,,,,,
MC.PA-management-noise-647,consequence,0,,,,,
MC.PA-management-noise-648,consequence,0,,,,,
MC.PA-management-noise-649,consequence,0,,,,,
MC.PA-management-noise-65,precursor,1,0.003249207404874036,,,,1.0
MC.PA-management-noise-650,precursor,1,-0.07007179149677707,,,,0.0
MC.PA-management-noise-651,consequence,0,,,,,
MC.PA-management-noise-652,precursor,1,-0.07007179149677707,,,,0.0
MC.PA-management-noise-653,precursor,1,-0.07007179149677707,,,,0.0
MC.PA-management-noise-654,consequence,0,,,,,
MC.PA-management-noise-655,precursor,1,0.06191872447349513,,,,1.0
MC.PA-management-noise-656,precursor,1,0.06191872447349513,,,,1.0
MC.PA-management-noise-657,precursor,1,0.06191872447349513,,,,1.0
MC.PA-management-noise-658,precursor,1,0.06191872447349513,,,,1.0
MC.PA-management-noise-659,consequence,0,,,,,
MC.PA-management-noise-66,precursor,1,0.003249207404874036,,,,1.0
MC.PA-management-noise-660,consequence,0,,,,,
MC.PA-management-noise-661,consequence,0,,,,,
MC.PA-management-noise-662,consequence,0,,,,,
MC.PA-management-noise-663,consequence,0,,,,,
MC.PA-management-noise-664,consequence,0,,,,,
MC.PA-management-noise-665,precursor,1,0.06191872447349513,,,,1.0
MC.PA-management-noise-666,consequence,0,,,,,
MC.PA-management-noise-667,precursor,1,0.06191872447349513,,,,1.0
MC.PA-management-noise-668,precursor,1,0.06191872447349513,,,,1.0
MC.PA-management-noise-669,precursor,1,0.06191872447349513,,,,1.0
MC.PA-management-noise-67,precursor,1,0.003249207404874036,,,,1.0
MC.PA-management-noise-670,precursor,1,0.06191872447349513,,,,1.0
MC.PA-management-noise-671,precursor,1,0.06191872447349513,,,,1.0
MC.PA-management-noise-672,consequence,0,,,,,
MC.PA-management-noise-673,precursor,1,0.06191872447349513,,,,1.0
MC.PA-management-noise-674,precursor,1,0.06191872447349513,,,,1.0
MC.PA-management-noise-675,precursor,1,0.06191872447349513,,,,1.0
MC.PA-management-noise-676,precursor,1,0.06191872447349513,,,,1.0
MC.PA-management-noise-677,precursor,1,0.06191872447349513,,,,1.0
MC.PA-management-noise-678,precursor,1,0.06191872447349513,,,,1.0
MC.PA-management-noise-679,precursor,1,0.06191872447349513,,,,1.0
MC.PA-management-noise-68,precursor,1,0.003249207404874036,,,,1.0
MC.PA-management-noise-680,precursor,1,0.06191872447349513,,,,1.0
MC.PA-management-noise-681,precursor,1,0.06191872447349513,,,,1.0
MC.PA-management-noise-682,precursor,1,0.06191872447349513,,,,1.0
MC.PA-management-noise-683,precursor,1,0.06191872447349513,,,,1.0
MC.PA-management-noise-684,precursor,1,0.06191872447349513,,,,1.0
MC.PA-management-noise-685,consequence,0,,,,,
MC.PA-management-noise-686,consequence,0,,,,,
MC.PA-management-noise-687,consequence,0,,,,,
MC.PA-management-noise-688,consequence,0,,,,,
MC.PA-management-noise-689,consequence,0,,,,,
MC.PA-management-noise-69,precursor,1,0.003249207404874036,,,,1.0
MC.PA-management-noise-690,consequence,0,,,,,
MC.PA-management-noise-691,consequence,0,,,,,
MC.PA-management-noise-692,precursor,1,0.06191872447349513,,,,1.0
MC.PA-management-noise-693,consequence,0,,,,,
MC.PA-management-noise-694,consequence,0,,,,,
MC.PA-management-noise-695,precursor,1,0.06191872447349513,,,,1.0
MC.PA-management-noise-696,precursor,1,0.06191872447349513,,,,1.0
MC.PA-management-noise-697,precursor,1,0.06191872447349513,,,,1.0
MC.PA-management-noise-698,consequence,0,,,,,
MC.PA-management-noise-699,consequence,0,,,,,
MC.PA-management-noise-7,consequence,0,,,,,
MC.PA-management-noise-70,precursor,1,0.003249207404874036,,,,1.0
MC.PA-management-noise-700,consequence,0,,,,,
MC.PA-management-noise-701,consequence,0,,,,,
MC.PA-management-noise-702,precursor,1,-0.02722714932246971,,,,0.0
MC.PA-management-noise-703,consequence,0,,,,,
MC.PA-management-noise-704,consequence,0,,,,,
MC.PA-management-noise-705,precursor,1,-0.02722714932246971,,,,0.0
MC.PA-management-noise-706,precursor,1,-0.02722714932246971,,,,0.0
MC.PA-management-noise-707,precursor,1,-0.02722714932246971,,,,0.0
MC.PA-management-noise-708,consequence,0,,,,,
MC.PA-management-noise-709,precursor,1,-0.02722714932246971,,,,0.0
MC.PA-management-noise-71,precursor,1,0.003249207404874036,,,,1.0
MC.PA-management-noise-710,precursor,1,-0.02722714932246971,,,,0.0
MC.PA-management-noise-711,precursor,1,-0.02722714932246971,,,,0.0
MC.PA-management-noise-712,consequence,0,,,,,
MC.PA-management-noise-713,consequence,0,,,,,
MC.PA-management-noise-714,consequence,0,,,,,
MC.PA-management-noise-715,consequence,0,,,,,
MC.PA-management-noise-716,consequence,0,,,,,
MC.PA-management-noise-717,precursor,1,-0.02722714932246971,,,,0.0
MC.PA-management-noise-718,precursor,1,-0.02722714932246971,,,,0.0
MC.PA-management-noise-719,precursor,1,-0.02722714932246971,,,,0.0
MC.PA-management-noise-72,precursor,1,0.003249207404874036,,,,1.0
MC.PA-management-noise-720,precursor,1,-0.02722714932246971,,,,0.0
MC.PA-management-noise-721,precursor,1,-0.02722714932246971,,,,0.0
MC.PA-management-noise-722,precursor,1,-0.02722714932246971,,,,0.0
MC.PA-management-noise-723,precursor,1,-0.02722714932246971,,,,0.0
MC.PA-management-noise-724,precursor,1,-0.02722714932246971,,,,0.0
MC.PA-management-noise-725,consequence,0,,,,,
MC.PA-management-noise-726,precursor,1,-0.02722714932246971,,,,0.0
MC.PA-management-noise-727,precursor,1,-0.02722714932246971,,,,0.0
MC.PA-management-noise-728,consequence,0,,,,,
MC.PA-management-noise-729,precursor,1,-0.02722714932246971,,,,0.0
MC.PA-management-noise-73,consequence,0,,,,,
MC.PA-management-noise-730,precursor,1,-0.02722714932246971,,,,0.0
MC.PA-management-noise-731,precursor,1,-0.02722714932246971,,,,0.0
MC.PA-management-noise-732,precursor,1,-0.02722714932246971,,,,0.0
MC.PA-management-noise-733,precursor,1,-0.02722714932246971,,,,0.0
MC.PA-management-noise-734,precursor,1,-0.02722714932246971,,,,0.0
MC.PA-management-noise-735,precursor,1,-0.02722714932246971,,,,0.0
MC.PA-management-noise-736,precursor,1,-0.02722714932246971,,,,0.0
MC.PA-management-noise-737,precursor,1,-0.02722714932246971,,,,0.0
MC.PA-management-noise-738,precursor,1,-0.02722714932246971,,,,0.0
MC.PA-management-noise-739,consequence,0,,,,,
MC.PA-management-noise-74,consequence,0,,,,,
MC.PA-management-noise-740,consequence,0,,,,,
MC.PA-management-noise-741,precursor,1,-0.02722714932246971,,,,0.0
MC.PA-management-noise-742,precursor,1,-0.02722714932246971,,,,0.0
MC.PA-management-noise-743,precursor,1,-0.02722714932246971,,,,0.0
MC.PA-management-noise-744,precursor,1,-0.02722714932246971,,,,0.0
MC.PA-management-noise-745,precursor,1,-0.02722714932246971,,,,0.0
MC.PA-management-noise-746,precursor,1,-0.02722714932246971,,,,0.0
MC.PA-management-noise-747,precursor,1,-0.02722714932246971,,,,0.0
MC.PA-management-noise-748,precursor,1,-0.02722714932246971,,,,0.0
MC.PA-management-noise-749,precursor,1,-0.02722714932246971,,,,0.0
MC.PA-management-noise-75,consequence,0,,,,,
MC.PA-management-noise-750,precursor,1,-0.02722714932246971,,,,0.0
MC.PA-management-noise-751,precursor,1,-0.02722714932246971,,,,0.0
MC.PA-management-noise-752,consequence,0,,,,,
MC.PA-management-noise-753,precursor,1,-0.02722714932246971,,,,0.0
MC.PA-management-noise-754,precursor,1,-0.02722714932246971,,,,0.0
MC.PA-management-noise-755,precursor,1,-0.02722714932246971,,,,0.0
MC.PA-management-noise-756,precursor,1,-0.02722714932246971,,,,0.0
MC.PA-management-noise-757,precursor,1,-0.02722714932246971,,,,0.0
MC.PA-management-noise-758,precursor,1,-0.02722714932246971,,,,0.0
MC.PA-management-noise-759,precursor,1,-0.02722714932246971,,,,0.0
MC.PA-management-noise-76,consequence,0,,,,,
MC.PA-management-noise-760,precursor,1,-0.02722714932246971,,,,0.0
MC.PA-management-noise-761,precursor,1,-0.02722714932246971,,,,0.0
MC.PA-management-noise-762,precursor,1,-0.02722714932246971,,,,0.0
MC.PA-management-noise-763,precursor,1,-0.02722714932246971,,,,0.0
MC.PA-management-noise-764,precursor,1,-0.02722714932246971,,,,0.0
MC.PA-management-noise-765,precursor,1,-0.02722714932246971,,,,0.0
MC.PA-management-noise-766,precursor,1,-0.02722714932246971,,,,0.0
MC.PA-management-noise-767,precursor,1,-0.02722714932246971,,,,0.0
MC.PA-management-noise-768,precursor,1,-0.02722714932246971,,,,0.0
MC.PA-management-noise-769,precursor,1,-0.02722714932246971,,,,0.0
MC.PA-management-noise-77,consequence,0,,,,,
MC.PA-management-noise-770,precursor,1,-0.02722714932246971,,,,0.0
MC.PA-management-noise-771,precursor,1,-0.02722714932246971,,,,0.0
MC.PA-management-noise-772,precursor,1,-0.02722714932246971,,,,0.0
MC.PA-management-noise-773,precursor,1,-0.02722714932246971,,,,0.0
MC.PA-management-noise-774,consequence,0,,,,,
MC.PA-management-noise-775,consequence,0,,,,,
MC.PA-management-noise-776,precursor,1,-0.02722714932246971,,,,0.0
MC.PA-management-noise-777,consequence,0,,,,,
MC.PA-management-noise-778,consequence,0,,,,,
MC.PA-management-noise-779,consequence,0,,,,,
MC.PA-management-noise-78,precursor,1,0.003249207404874036,,,,1.0
MC.PA-management-noise-780,consequence,0,,,,,
MC.PA-management-noise-781,consequence,0,,,,,
MC.PA-management-noise-782,precursor,1,-0.02722714932246971,,,,0.0
MC.PA-management-noise-783,precursor,1,-0.02722714932246971,,,,0.0
MC.PA-management-noise-784,consequence,0,,,,,
MC.PA-management-noise-785,precursor,1,-0.02722714932246971,,,,0.0
MC.PA-management-noise-786,precursor,1,-0.02722714932246971,,,,0.0
MC.PA-management-noise-787,precursor,1,-0.02722714932246971,,,,0.0
MC.PA-management-noise-788,precursor,1,-0.02722714932246971,,,,0.0
MC.PA-management-noise-789,precursor,1,-0.02722714932246971,,,,0.0
MC.PA-management-noise-79,consequence,0,,,,,
MC.PA-management-noise-790,consequence,0,,,,,
MC.PA-management-noise-791,precursor,1,-0.02722714932246971,,,,0.0
MC.PA-management-noise-792,precursor,1,-0.02722714932246971,,,,0.0
MC.PA-management-noise-793,consequence,0,,,,,
MC.PA-management-noise-794,consequence,0,,,,,
MC.PA-management-noise-795,precursor,1,-0.1317966386665784,,,,0.0
MC.PA-management-noise-796,consequence,0,,,,,
MC.PA-management-noise-797,consequence,0,,,,,
MC.PA-management-noise-798,precursor,1,-0.1317966386665784,,,,0.0
MC.PA-management-noise-799,consequence,0,,,,,
MC.PA-management-noise-8,precursor,1,0.003249207404874036,,,,1.0
MC.PA-management-noise-80,precursor,1,0.003249207404874036,,,,1.0
MC.PA-management-noise-800,consequence,0,,,,,
MC.PA-management-noise-801,precursor,1,-0.1317966386665784,,,,0.0
MC.PA-management-noise-802,precursor,1,-0.1317966386665784,,,,0.0
MC.PA-management-noise-803,precursor,1,-0.1317966386665784,,,,0.0
MC.PA-management-noise-804,precursor,1,-0.1317966386665784,,,,0.0
MC.PA-management-noise-805,precursor,1,-0.1317966386665784,,,,0.0
MC.PA-management-noise-806,precursor,1,-0.1317966386665784,,,,0.0
MC.PA-management-noise-807,precursor,1,-0.1317966386665784,,,,0.0
MC.PA-management-noise-808,precursor,1,-0.1317966386665784,,,,0.0
MC.PA-management-noise-809,precursor,1,-0.1317966386665784,,,,0.0
MC.PA-management-noise-81,precursor,1,0.003249207404874036,,,,1.0
MC.PA-management-noise-810,precursor,1,-0.1317966386665784,,,,0.0
MC.PA-management-noise-811,consequence,0,,,,,
MC.PA-management-noise-812,consequence,0,,,,,
MC.PA-management-noise-813,precursor,1,-0.1317966386665784,,,,0.0
MC.PA-management-noise-814,precursor,1,-0.1317966386665784,,,,0.0
MC.PA-management-noise-815,precursor,1,-0.1317966386665784,,,,0.0
MC.PA-management-noise-816,consequence,0,,,,,
MC.PA-management-noise-817,consequence,0,,,,,
MC.PA-management-noise-818,consequence,0,,,,,
MC.PA-management-noise-819,consequence,0,,,,,
MC.PA-management-noise-82,precursor,1,0.003249207404874036,,,,1.0
MC.PA-management-noise-820,consequence,0,,,,,
MC.PA-management-noise-821,consequence,0,,,,,
MC.PA-management-noise-822,consequence,0,,,,,
MC.PA-management-noise-823,precursor,1,-0.1317966386665784,,,,0.0
MC.PA-management-noise-824,consequence,0,,,,,
MC.PA-management-noise-825,consequence,0,,,,,
MC.PA-management-noise-826,consequence,0,,,,,
MC.PA-management-noise-827,consequence,0,,,,,
MC.PA-management-noise-828,consequence,0,,,,,
MC.PA-management-noise-829,consequence,0,,,,,
MC.PA-management-noise-83,consequence,0,,,,,
MC.PA-management-noise-830,consequence,0,,,,,
MC.PA-management-noise-831,consequence,0,,,,,
MC.PA-management-noise-832,consequence,0,,,,,
MC.PA-management-noise-833,precursor,1,-0.1317966386665784,,,,0.0
MC.PA-management-noise-834,precursor,1,-0.1317966386665784,,,,0.0
MC.PA-management-noise-835,consequence,0,,,,,
MC.PA-management-noise-836,consequence,0,,,,,
MC.PA-management-noise-837,consequence,0,,,,,
MC.PA-management-noise-838,consequence,0,,,,,
MC.PA-management-noise-839,consequence,0,,,,,
MC.PA-management-noise-84,consequence,0,,,,,
MC.PA-management-noise-840,consequence,0,,,,,
MC.PA-management-noise-841,consequence,0,,,,,
MC.PA-management-noise-842,consequence,0,,,,,
MC.PA-management-noise-843,precursor,1,-0.1317966386665784,,,,0.0
MC.PA-management-noise-844,precursor,1,-0.1317966386665784,,,,0.0
MC.PA-management-noise-845,precursor,1,-0.1317966386665784,,,,0.0
MC.PA-management-noise-846,consequence,0,,,,,
MC.PA-management-noise-847,consequence,0,,,,,
MC.PA-management-noise-848,consequence,0,,,,,
MC.PA-management-noise-849,consequence,0,,,,,
MC.PA-management-noise-85,consequence,0,,,,,
MC.PA-management-noise-850,consequence,0,,,,,
MC.PA-management-noise-851,consequence,0,,,,,
MC.PA-management-noise-852,precursor,1,0.2496767763040887,,,,1.0
MC.PA-management-noise-853,precursor,1,0.2496767763040887,,,,1.0
MC.PA-management-noise-854,consequence,0,,,,,
MC.PA-management-noise-855,consequence,0,,,,,
MC.PA-management-noise-856,consequence,0,,,,,
MC.PA-management-noise-857,consequence,0,,,,,
MC.PA-management-noise-858,consequence,0,,,,,
MC.PA-management-noise-859,precursor,1,0.2496767763040887,,,,1.0
MC.PA-management-noise-86,consequence,0,,,,,
MC.PA-management-noise-860,precursor,1,0.2496767763040887,,,,1.0
MC.PA-management-noise-861,precursor,1,0.2496767763040887,,,,1.0
MC.PA-management-noise-862,precursor,1,0.2496767763040887,,,,1.0
MC.PA-management-noise-863,precursor,1,0.2496767763040887,,,,1.0
MC.PA-management-noise-864,precursor,1,0.2496767763040887,,,,1.0
MC.PA-management-noise-865,precursor,1,0.2496767763040887,,,,1.0
MC.PA-management-noise-866,precursor,1,0.2496767763040887,,,,1.0
MC.PA-management-noise-867,precursor,1,0.2496767763040887,,,,1.0
MC.PA-management-noise-868,precursor,1,0.2496767763040887,,,,1.0
MC.PA-management-noise-869,precursor,1,0.2496767763040887,,,,1.0
MC.PA-management-noise-87,consequence,0,,,,,
MC.PA-management-noise-870,precursor,1,0.2496767763040887,,,,1.0
MC.PA-management-noise-871,consequence,0,,,,,
MC.PA-management-noise-872,consequence,0,,,,,
MC.PA-management-noise-873,consequence,0,,,,,
MC.PA-management-noise-874,consequence,0,,,,,
MC.PA-management-noise-875,consequence,0,,,,,
MC.PA-management-noise-876,consequence,0,,,,,
MC.PA-management-noise-877,precursor,1,0.2496767763040887,,,,1.0
MC.PA-management-noise-878,precursor,1,0.2496767763040887,,,,1.0
MC.PA-management-noise-879,precursor,1,0.2496767763040887,,,,1.0
MC.PA-management-noise-88,consequence,0,,,,,
MC.PA-management-noise-880,precursor,1,0.2496767763040887,,,,1.0
MC.PA-management-noise-881,precursor,1,0.2496767763040887,,,,1.0
MC.PA-management-noise-882,precursor,1,0.2496767763040887,,,,1.0
MC.PA-management-noise-883,consequence,0,,,,,
MC.PA-management-noise-884,consequence,0,,,,,
MC.PA-management-noise-885,precursor,1,0.2496767763040887,,,,1.0
MC.PA-management-noise-886,consequence,0,,,,,
MC.PA-management-noise-887,precursor,1,0.2496767763040887,,,,1.0
MC.PA-management-noise-888,precursor,1,0.2496767763040887,,,,1.0
MC.PA-management-noise-889,precursor,1,0.2496767763040887,,,,1.0
MC.PA-management-noise-89,consequence,0,,,,,
MC.PA-management-noise-890,consequence,0,,,,,
MC.PA-management-noise-891,consequence,0,,,,,
MC.PA-management-noise-892,consequence,0,,,,,
MC.PA-management-noise-893,precursor,1,0.2496767763040887,,,,1.0
MC.PA-management-noise-894,consequence,0,,,,,
MC.PA-management-noise-895,consequence,0,,,,,
MC.PA-management-noise-896,consequence,0,,,,,
MC.PA-management-noise-897,consequence,0,,,,,
MC.PA-management-noise-898,consequence,0,,,,,
MC.PA-management-noise-899,precursor,1,0.2496767763040887,,,,1.0
MC.PA-management-noise-9,precursor,1,0.003249207404874036,,,,1.0
MC.PA-management-noise-90,consequence,0,,,,,
MC.PA-management-noise-900,precursor,1,0.2496767763040887,,,,1.0
MC.PA-management-noise-901,precursor,1,0.2496767763040887,,,,1.0
MC.PA-management-noise-902,consequence,0,,,,,
MC.PA-management-noise-903,consequence,0,,,,,
MC.PA-management-noise-904,consequence,0,,,,,
MC.PA-management-noise-905,consequence,0,,,,,
MC.PA-management-noise-906,precursor,1,0.2496767763040887,,,,1.0
MC.PA-management-noise-907,precursor,1,0.2496767763040887,,,,1.0
MC.PA-management-noise-908,precursor,1,0.2496767763040887,,,,1.0
MC.PA-management-noise-909,consequence,0,,,,,
MC.PA-management-noise-91,consequence,0,,,,,
MC.PA-management-noise-910,consequence,0,,,,,
MC.PA-management-noise-911,precursor,1,0.2496767763040887,,,,1.0
MC.PA-management-noise-912,consequence,0,,,,,
MC.PA-management-noise-913,consequence,0,,,,,
MC.PA-management-noise-914,consequence,0,,,,,
MC.PA-management-noise-915,consequence,0,,,,,
MC.PA-management-noise-916,consequence,0,,,,,
MC.PA-management-noise-917,consequence,0,,,,,
MC.PA-management-noise-918,consequence,0,,,,,
MC.PA-management-noise-919,consequence,0,,,,,
MC.PA-management-noise-92,consequence,0,,,,,
MC.PA-management-noise-920,consequence,0,,,,,
MC.PA-management-noise-921,precursor,1,0.2496767763040887,,,,1.0
MC.PA-management-noise-922,consequence,0,,,,,
MC.PA-management-noise-923,consequence,0,,,,,
MC.PA-management-noise-924,consequence,0,,,,,
MC.PA-management-noise-925,consequence,0,,,,,
MC.PA-management-noise-926,consequence,0,,,,,
MC.PA-management-noise-927,consequence,0,,,,,
MC.PA-management-noise-928,consequence,0,,,,,
MC.PA-management-noise-929,consequence,0,,,,,
MC.PA-management-noise-93,consequence,0,,,,,
MC.PA-management-noise-930,consequence,0,,,,,
MC.PA-management-noise-931,precursor,1,0.2496767763040887,,,,1.0
MC.PA-management-noise-932,consequence,0,,,,,
MC.PA-management-noise-933,precursor,1,-0.08946070970653752,,,,0.0
MC.PA-management-noise-934,consequence,0,,,,,
MC.PA-management-noise-935,consequence,0,,,,,
MC.PA-management-noise-936,consequence,0,,,,,
MC.PA-management-noise-937,precursor,1,-0.08946070970653752,,,,0.0
MC.PA-management-noise-938,consequence,0,,,,,
MC.PA-management-noise-939,precursor,1,-0.08946070970653752,,,,0.0
MC.PA-management-noise-94,consequence,0,,,,,
MC.PA-management-noise-940,precursor,1,-0.08946070970653752,,,,0.0
MC.PA-management-noise-941,precursor,1,-0.08946070970653752,,,,0.0
MC.PA-management-noise-942,precursor,1,-0.08946070970653752,,,,0.0
MC.PA-management-noise-943,precursor,1,-0.08946070970653752,,,,0.0
MC.PA-management-noise-944,precursor,1,-0.08946070970653752,,,,0.0
MC.PA-management-noise-945,precursor,1,-0.08946070970653752,,,,0.0
MC.PA-management-noise-946,precursor,1,-0.08946070970653752,,,,0.0
MC.PA-management-noise-947,precursor,1,-0.08946070970653752,,,,0.0
MC.PA-management-noise-948,precursor,1,-0.08946070970653752,,,,0.0
MC.PA-management-noise-949,precursor,1,-0.08946070970653752,,,,0.0
MC.PA-management-noise-95,consequence,0,,,,,
MC.PA-management-noise-950,precursor,1,-0.08946070970653752,,,,0.0
MC.PA-management-noise-951,precursor,1,-0.08946070970653752,,,,0.0
MC.PA-management-noise-952,precursor,1,-0.08946070970653752,,,,0.0
MC.PA-management-noise-953,precursor,1,-0.08946070970653752,,,,0.0
MC.PA-management-noise-954,precursor,1,-0.08946070970653752,,,,0.0
MC.PA-management-noise-955,consequence,0,,,,,
MC.PA-management-noise-956,consequence,0,,,,,
MC.PA-management-noise-957,precursor,1,-0.08946070970653752,,,,0.0
MC.PA-management-noise-958,consequence,0,,,,,
MC.PA-management-noise-959,precursor,1,-0.08946070970653752,,,,0.0
MC.PA-management-noise-96,consequence,0,,,,,
MC.PA-management-noise-960,precursor,1,-0.08946070970653752,,,,0.0
MC.PA-management-noise-961,precursor,1,-0.08946070970653752,,,,0.0
MC.PA-management-noise-962,precursor,1,-0.08946070970653752,,,,0.0
MC.PA-management-noise-963,precursor,1,-0.08946070970653752,,,,0.0
MC.PA-management-noise-964,precursor,1,-0.08946070970653752,,,,0.0
MC.PA-management-noise-965,consequence,0,,,,,
MC.PA-management-noise-966,consequence,0,,,,,
MC.PA-management-noise-967,precursor,1,-0.08946070970653752,,,,0.0
MC.PA-management-noise-968,consequence,0,,,,,
MC.PA-management-noise-969,consequence,0,,,,,
MC.PA-management-noise-97,precursor,1,-0.12032012789989026,,,,0.0
MC.PA-management-noise-970,precursor,1,-0.08946070970653752,,,,0.0
MC.PA-management-noise-971,precursor,1,-0.08946070970653752,,,,0.0
MC.PA-management-noise-972,precursor,1,-0.08946070970653752,,,,0.0
MC.PA-management-noise-973,precursor,1,-0.08946070970653752,,,,0.0
MC.PA-management-noise-974,precursor,1,-0.08946070970653752,,,,0.0
MC.PA-management-noise-975,precursor,1,-0.08946070970653752,,,,0.0
MC.PA-management-noise-976,precursor,1,-0.08946070970653752,,,,0.0
MC.PA-management-noise-977,precursor,1,-0.08946070970653752,,,,0.0
MC.PA-management-noise-978,precursor,1,-0.08946070970653752,,,,0.0
MC.PA-management-noise-979,precursor,1,-0.08946070970653752,,,,0.0
MC.PA-management-noise-98,precursor,1,-0.12032012789989026,,,,0.0
MC.PA-management-noise-980,precursor,1,-0.08946070970653752,,,,0.0
MC.PA-management-noise-981,precursor,1,-0.08946070970653752,,,,0.0
MC.PA-management-noise-982,precursor,1,-0.08946070970653752,,,,0.0
MC.PA-management-noise-983,precursor,1,-0.08946070970653752,,,,0.0
MC.PA-management-noise-984,precursor,1,-0.08946070970653752,,,,0.0
MC.PA-management-noise-985,precursor,1,-0.08946070970653752,,,,0.0
MC.PA-management-noise-986,precursor,1,-0.08946070970653752,,,,0.0
MC.PA-management-noise-987,precursor,1,-0.08946070970653752,,,,0.0
MC.PA-management-noise-988,precursor,1,-0.08946070970653752,,,,0.0
MC.PA-management-noise-989,precursor,1,-0.08946070970653752,,,,0.0
MC.PA-management-noise-99,precursor,1,-0.12032012789989026,,,,0.0
MC.PA-management-noise-990,consequence,0,,,,,
MC.PA-management-noise-991,precursor,1,-0.08946070970653752,,,,0.0
MC.PA-management-noise-992,precursor,1,-0.08946070970653752,,,,0.0
MC.PA-management-noise-993,precursor,1,-0.08946070970653752,,,,0.0
MC.PA-management-noise-994,precursor,1,-0.08946070970653752,,,,0.0
MC.PA-management-noise-995,precursor,1,-0.08946070970653752,,,,0.0
MC.PA-management-noise-996,precursor,1,-0.08946070970653752,,,,0.0
MC.PA-management-noise-997,precursor,1,-0.08946070970653752,,,,0.0
MC.PA-management-noise-998,precursor,1,-0.08946070970653752,,,,0.0
MC.PA-management-noise-999,precursor,1,-0.08946070970653752,,,,0.0
