date,open,high,low,close,volume,adj_close
2000-01-03,9.469146728515625,9.71070671081543,9.469146728515625,9.61166763305664,1553113,4.174026966094971
2000-01-04,9.565771102905273,9.597173690795898,9.37252426147461,9.488471984863281,1469283,4.120528221130371
2000-01-05,9.493303298950195,9.589926719665527,9.239665985107422,9.37252426147461,1611521,4.070175647735596
2000-01-06,9.348367691040039,9.780759811401367,9.239665985107422,9.67447280883789,1852327,4.201301574707031
2000-01-07,9.771097183227539,10.012657165527344,9.722784996032715,10.012657165527344,5016097,4.348163604736328
2000-01-10,10.027151107788086,10.121358871459961,9.906371116638184,10.048891067504883,1536989,4.3638997077941895
2000-01-11,9.988500595092773,10.012657165527344,9.783175468444824,9.795252799987793,1247235,4.253751754760742
2000-01-12,9.795252799987793,9.903955459594727,9.444991111755371,9.67447280883789,1466555,4.201301574707031
2000-01-13,9.974007606506348,9.85805892944336,9.459485054016113,9.664811134338379,2021444,4.197105407714844
2000-01-14,9.616498947143555,9.891877174377441,9.46190071105957,9.855643272399902,2175000,4.279976844787598
2000-01-17,9.903955459594727,9.903955459594727,9.48122501373291,9.541614532470703,2006065,4.143606185913086
2000-01-18,9.582680702209473,9.626160621643066,9.251744270324707,9.33145809173584,2230080,4.052341938018799
2000-01-19,9.37252426147461,9.37252426147461,9.058496475219727,9.179276466369629,2636273,3.9862544536590576
2000-01-20,9.27106761932373,9.300056457519531,8.889404296875,8.915974617004395,2857887,3.871910810470581
2000-01-21,9.104392051696777,9.058496475219727,8.744467735290527,8.889404296875,3030200,3.8603720664978027
2000-01-24,8.923221588134766,9.034339904785156,8.86524772644043,8.937715530395508,4094773,3.8813514709472656
2000-01-25,8.937715530395508,8.937715530395508,8.804858207702637,8.841092109680176,1300356,3.8393924236297607
2000-01-26,8.889404296875,8.913559913635254,8.688908576965332,8.725143432617188,1729678,3.789039373397827
2000-01-27,8.889404296875,8.889404296875,8.768624305725098,8.768624305725098,1294196,3.8079216480255127
2000-01-28,8.816935539245605,8.901481628417969,8.792779922485352,8.841092109680176,1420641,3.8393924236297607
2000-01-31,8.889404296875,8.889404296875,8.722726821899414,8.722726821899414,1236786,3.787989377975464
2000-02-01,8.850753784179688,9.051248550415039,8.838676452636719,8.937715530395508,3272757,3.8813514709472656
2000-02-02,9.08265209197998,9.08265209197998,8.816935539245605,8.937715530395508,1720538,3.8813514709472656
2000-02-03,8.836260795593262,8.937715530395508,8.696155548095703,8.771039009094238,2668745,3.8089704513549805
2000-02-04,8.841092109680176,8.841092109680176,8.623687744140625,8.841092109680176,2159100,3.8393924236297607
2000-02-07,8.93529987335205,8.937715530395508,8.768624305725098,8.86524772644043,1476404,3.8498833179473877
2000-02-08,8.841092109680176,9.051248550415039,8.780701637268066,9.044001579284668,1897355,3.92750883102417
2000-02-09,9.044001579284668,9.046418190002441,8.901481628417969,9.034339904785156,1150501,3.9233129024505615
2000-02-10,8.913559913635254,8.937715530395508,8.720312118530273,8.937715530395508,1888732,3.8813514709472656
2000-02-11,8.937715530395508,8.937715530395508,8.623687744140625,8.814519882202148,2165553,3.827853202819824
2000-02-14,8.816935539245605,8.90872859954834,8.720312118530273,8.804858207702637,1484128,3.8236567974090576
2000-02-15,8.783117294311523,8.816935539245605,8.59228515625,8.720312118530273,1665139,3.7869417667388916
2000-02-16,8.63576602935791,8.729973793029785,8.454595565795898,8.483583450317383,2738492,3.684138059616089
2000-02-17,8.471505165100098,8.587453842163086,8.471505165100098,8.502907752990723,1455365,3.6925301551818848
2000-02-18,8.48116683959961,8.597116470336914,8.242023468017578,8.287919998168945,2702600,3.5991671085357666
2000-02-21,8.237192153930664,8.357972145080566,8.203373908996582,8.309659957885742,1836165,3.6086084842681885
2000-02-22,8.237192153930664,8.309659957885742,8.024619102478027,8.092255592346191,4214159,3.514197587966919
2000-02-23,8.133320808410645,8.24927043914795,7.971476078033447,8.068099975585938,3345633,3.50370717048645
2000-02-24,8.200958251953125,8.394206047058105,7.944904804229736,7.971476078033447,2364842,3.46174693107605
2000-02-25,7.971476078033447,8.08500862121582,7.812047004699707,7.886929988861084,1800054,3.4250311851501465
2000-02-28,7.959397792816162,8.007710456848145,7.744410037994385,7.804800033569336,2626015,3.3893649578094482
2000-02-29,7.874852180480957,8.133320808410645,7.831370830535889,7.833786964416504,3196851,3.4019529819488525
2000-03-01,7.995632171630859,8.019787788391113,7.790306091308594,7.874852180480957,2090483,3.419785976409912
2000-03-02,7.954566955566406,7.9569830894470215,7.6936821937561035,7.790306091308594,2339047,3.383070230484009
2000-03-03,7.729916095733643,7.766149997711182,7.541499137878418,7.708176136016846,2946486,3.3474044799804688
2000-03-06,7.848280906677246,7.889346122741699,7.729916095733643,7.754072189331055,2039924,3.3673343658447266
2000-03-07,7.843449115753174,7.845864772796631,7.611551761627197,7.633292198181152,2112440,3.314884901046753
2000-03-08,7.6936821937561035,7.7226691246032715,7.623630046844482,7.667110919952393,1256040,3.329570770263672
2000-03-09,7.717837810516357,7.746825218200684,7.560823917388916,7.7057600021362305,1327318,3.3463549613952637
2000-03-10,7.729916095733643,7.729916095733643,7.541499137878418,7.657447814941406,1705490,3.3253746032714844
2000-03-13,7.729916095733643,7.802383899688721,7.560823917388916,7.7057600021362305,1603734,3.3463549613952637
2000-03-14,7.729916095733643,7.862773895263672,7.611551761627197,7.720253944396973,2166700,3.352649450302124
2000-03-15,7.754072189331055,8.092255592346191,7.7250847816467285,7.983553886413574,3357457,3.466992139816284
2000-03-16,8.140567779541016,8.447348594665527,8.128490447998047,8.37488079071045,5473408,3.636931896209717
2000-03-17,8.457012176513672,8.471505165100098,8.215452194213867,8.326568603515625,2037287,3.6159515380859375
2000-03-20,8.430439949035645,8.483583450317383,8.331399917602539,8.357972145080566,1653730,3.629589319229126
2000-03-21,8.40628433227539,8.48116683959961,8.357972145080566,8.40628433227539,1310056,3.6505696773529053
2000-03-22,8.490830421447754,8.572959899902344,8.384544372558594,8.50532341003418,2007307,3.6935787200927734
2000-03-23,8.454595565795898,8.676831245422363,8.41836166381836,8.551219940185547,1980680,3.713510513305664
2000-03-24,8.599532127380371,8.693739891052246,8.290334701538086,8.411114692687988,1564311,3.652667999267578
2000-03-27,8.51257038116455,8.51257038116455,8.227529525756836,8.261347770690918,2055726,3.587627649307251
2000-03-28,8.29999828338623,8.29999828338623,8.1526460647583,8.171971321105957,1366576,3.5488152503967285
2000-03-29,8.244439125061035,8.244439125061035,8.08500862121582,8.140567779541016,1865462,3.5351781845092773
2000-03-30,8.18887996673584,8.237192153930664,8.142984390258789,8.213035583496094,1549301,3.566648006439209
2000-03-31,8.307244300842285,8.307244300842285,7.971476078033447,8.07776165008545,1781115,3.5079033374786377
2000-04-03,8.18887996673584,8.198541641235352,7.901423931121826,8.019787788391113,757257,3.4827263355255127
2000-04-04,8.237192153930664,8.647844314575195,8.162307739257812,8.5753755569458,2151077,3.7240006923675537
2000-04-05,8.647844314575195,8.647844314575195,8.319321632385254,8.319321632385254,1935288,3.6128039360046387
2000-04-06,8.454595565795898,8.500492095947266,8.261347770690918,8.307244300842285,812514,3.607560157775879
2000-04-07,8.309659957885742,8.40628433227539,8.198541641235352,8.29999828338623,836045,3.6044137477874756
2000-04-10,8.38212776184082,8.44251823425293,8.111580848693848,8.215452194213867,1073982,3.5676968097686768
2000-04-11,8.377297401428223,8.768624305725098,8.377297401428223,8.756546020507812,5154158,3.8026769161224365
2000-04-12,8.795194625854492,9.155119895935059,8.795194625854492,8.961872100830078,4065579,3.8918426036834717
2000-04-13,8.792779922485352,9.058496475219727,8.783117294311523,9.034339904785156,2023465,3.9233129024505615
2000-04-14,9.08265209197998,9.237250328063965,8.937715530395508,9.126132011413574,2370679,3.9631752967834473
2000-04-17,8.459426879882812,9.060911178588867,8.459426879882812,8.937715530395508,1390744,3.8813514709472656
2000-04-18,9.053664207458496,9.111639022827148,8.937715530395508,9.0319242477417,1447454,3.922264337539673
2000-04-19,9.11888599395752,9.11888599395752,8.82901382446289,8.937715530395508,1287821,3.8813514709472656
2000-04-20,8.937715530395508,9.0319242477417,8.870079040527344,8.937715530395508,745111,3.8813514709472656
2000-04-21,8.937715530395508,8.937715530395508,8.937715530395508,8.937715530395508,0,3.8813514709472656
2000-04-24,8.937715530395508,8.937715530395508,8.937715530395508,8.937715530395508,0,3.8813514709472656
2000-04-25,9.007767677307129,9.155119895935059,8.86524772644043,8.990859031677246,860353,3.904431104660034
2000-04-26,9.155119895935059,9.4208345413208,9.080236434936523,9.227587699890137,2277029,4.007235050201416
2000-04-27,9.348367691040039,9.348367691040039,9.000520706176758,9.12130069732666,1633536,3.96107816696167
2000-04-28,9.179276466369629,9.227587699890137,8.940131187438965,9.046418190002441,1015098,3.928557872772217
2000-05-01,8.816935539245605,8.816935539245605,8.816935539245605,8.816935539245605,0,3.8289012908935547
2000-05-02,9.179276466369629,9.179276466369629,8.853170394897461,8.918391227722168,1546568,3.872960329055786
2000-05-03,9.056079864501953,9.056079864501953,8.855585098266602,8.986027717590332,820881,3.902333974838257
2000-05-04,8.998106002807617,9.128547668457031,8.86524772644043,9.106807708740234,808321,3.9547836780548096
2000-05-05,9.106807708740234,9.176859855651855,8.998106002807617,9.155119895935059,1481396,3.9757637977600098
2000-05-08,9.275899887084961,9.275899887084961,9.106807708740234,9.143041610717773,809020,3.970517873764038
2000-05-09,9.179276466369629,9.246912002563477,9.056079864501953,9.104392051696777,940669,3.9537346363067627
2000-05-10,9.130964279174805,9.292808532714844,9.126132011413574,9.227587699890137,1333896,4.007235050201416
2000-05-11,9.273484230041504,9.297639846801758,9.11888599395752,9.283145904541016,1285109,4.031361103057861
2000-05-12,9.300056457519531,9.300056457519531,9.179276466369629,9.300056457519531,892842,4.038704872131348
2000-05-15,9.203432083129883,9.275899887084961,9.193769454956055,9.203432083129883,623671,3.996743679046631
2000-05-16,9.275899887084961,9.287978172302246,9.169612884521484,9.203432083129883,3661352,3.996743679046631
2000-05-17,9.27106761932373,9.370107650756836,9.215510368347168,9.275899887084961,1083015,4.028213977813721
2000-05-18,9.348367691040039,9.4208345413208,9.203432083129883,9.263821601867676,815280,4.022968769073486
2000-05-19,9.208263397216797,9.33629035949707,9.08265209197998,9.155119895935059,757812,3.9757637977600098
2000-05-22,9.179276466369629,9.234833717346191,9.058496475219727,9.203432083129883,1005257,3.996743679046631
2000-05-23,9.143041610717773,9.4208345413208,9.133378982543945,9.287978172302246,10028138,4.033461093902588
2000-05-24,9.287978172302246,9.401511192321777,9.133378982543945,9.300056457519531,2320666,4.038704872131348
2000-05-25,9.203432083129883,9.273484230041504,9.11888599395752,9.11888599395752,838123,3.9600281715393066
2000-05-26,9.12130069732666,9.176859855651855,8.894234657287598,8.913559913635254,1861062,3.8708627223968506
2000-05-29,9.005352020263672,9.058496475219727,8.82176685333252,8.944961547851562,1005626,3.8844997882843018
2000-05-30,8.86524772644043,9.010184288024902,8.766207695007324,8.82901382446289,1195368,3.9090991020202637
2000-05-31,8.915974617004395,8.93529987335205,8.283087730407715,8.5753755569458,3385934,3.7967987060546875
2000-06-01,8.5753755569458,8.816935539245605,8.5753755569458,8.744467735290527,844304,3.8716650009155273
2000-06-02,8.611610412597656,8.82901382446289,8.606779098510742,8.696155548095703,5182317,3.8502755165100098
2000-06-05,8.787948608398438,8.816935539245605,8.659921646118164,8.69857120513916,1237655,3.8513448238372803
2000-06-06,8.768624305725098,8.768624305725098,8.647844314575195,8.669584274291992,1256206,3.8385112285614014
2000-06-07,8.696155548095703,8.696155548095703,8.5753755569458,8.623687744140625,1760002,3.8181891441345215
2000-06-08,8.577791213989258,8.720312118530273,8.534311294555664,8.696155548095703,4673598,3.8502755165100098
2000-06-09,8.599532127380371,8.691325187683105,8.490830421447754,8.599532127380371,1186140,3.8074944019317627
2000-06-12,8.599532127380371,8.599532127380371,8.599532127380371,8.599532127380371,0,3.8074944019317627
2000-06-13,8.5753755569458,8.599532127380371,8.302412986755371,8.370050430297852,2156193,3.7058894634246826
2000-06-14,8.370050430297852,8.444933891296387,8.333815574645996,8.357972145080566,1211182,3.7005422115325928
2000-06-15,8.430439949035645,8.430439949035645,8.285504341125488,8.345893859863281,777682,3.6951956748962402
2000-06-16,8.40628433227539,8.428024291992188,8.116412162780762,8.118827819824219,1893306,3.5946600437164307
2000-06-19,8.116412162780762,8.164724349975586,7.911086082458496,7.911086082458496,2724578,3.5026814937591553
2000-06-20,7.925580024719238,8.031866073608398,7.850696086883545,7.959397792816162,2312892,3.52407169342041
2000-06-21,7.94973611831665,7.995632171630859,7.669526100158691,7.737163066864014,3579803,3.425675630569458
2000-06-22,7.7419939041137695,7.850696086883545,7.681603908538818,7.700929164886475,1502128,3.4096333980560303
2000-06-23,7.7057600021362305,7.860359191894531,7.669526100158691,7.751657009124756,3409961,3.4320926666259766
2000-06-26,7.874852180480957,8.184048652648926,7.802383899688721,8.106749534606934,4740517,3.5893120765686035
2000-06-27,8.273426055908203,8.38212776184082,8.225113868713379,8.333815574645996,2714920,3.6898462772369385
2000-06-28,8.357972145080566,8.41836166381836,8.273426055908203,8.33623218536377,1964692,3.690917730331421
2000-06-29,8.44251823425293,8.454595565795898,8.010126113891602,8.03911304473877,6259519,3.5593652725219727
2000-06-30,8.092255592346191,8.18887996673584,8.03911304473877,8.118827819824219,2610313,3.5946600437164307
2000-07-03,8.140567779541016,8.40628433227539,8.128490447998047,8.40628433227539,855680,3.7219316959381104
2000-07-04,8.4497652053833,8.4497652053833,8.261347770690918,8.333815574645996,678535,3.6898462772369385
2000-07-05,8.454595565795898,8.572959899902344,8.333815574645996,8.452179908752441,6683468,3.742253065109253
2000-07-06,8.652674674987793,8.70340347290039,8.454595565795898,8.67199993133545,2520737,3.8395802974700928
2000-07-07,8.67199993133545,8.889404296875,8.599532127380371,8.86524772644043,1777927,3.9251418113708496
2000-07-10,8.67441463470459,8.957039833068848,8.67441463470459,8.937715530395508,1938260,3.957226514816284
2000-07-11,8.937715530395508,8.986027717590332,8.901481628417969,8.986027717590332,1021440,3.978618621826172
2000-07-12,8.937715530395508,9.010184288024902,8.807272911071777,8.896651268005371,4016916,3.9390451908111572
2000-07-13,8.896651268005371,8.937715530395508,8.816935539245605,8.937715530395508,1245922,3.957226514816284
2000-07-14,8.937715530395508,8.937715530395508,8.937715530395508,8.937715530395508,0,3.957226514816284
2000-07-17,8.896651268005371,8.973950386047363,8.831428527832031,8.90872859954834,567312,3.9443938732147217
2000-07-18,8.896651268005371,8.986027717590332,8.831428527832031,8.983612060546875,819552,3.977548122406006
2000-07-19,8.795194625854492,9.022261619567871,8.795194625854492,9.022261619567871,874470,3.994661569595337
2000-07-20,8.841092109680176,9.034339904785156,8.773454666137695,8.92805290222168,760854,3.952949285507202
2000-07-21,8.841092109680176,9.034339904785156,8.82901382446289,9.010184288024902,817983,3.9893126487731934
2000-07-24,8.841092109680176,8.961872100830078,8.843506813049316,8.973950386047363,1319780,3.9732704162597656
2000-07-25,9.058496475219727,9.058496475219727,8.86524772644043,9.034339904785156,1327227,4.0000081062316895
2000-07-26,9.034339904785156,9.058496475219727,8.913559913635254,8.998106002807617,1393120,3.9839658737182617
2000-07-27,8.333815574645996,8.40628433227539,8.116412162780762,8.191295623779297,9300554,3.6267452239990234
2000-07-28,8.213035583496094,8.213035583496094,8.012540817260742,8.012540817260742,2694114,3.5476014614105225
2000-07-31,8.04152774810791,8.04152774810791,7.729916095733643,7.802383899688721,2275597,3.454552412033081
2000-08-01,7.802383899688721,7.899007797241211,7.645370006561279,7.814462184906006,3041510,3.459899663925171
2000-08-02,7.778227806091309,7.850696086883545,7.7057600021362305,7.819293022155762,3613695,3.4620392322540283
2000-08-03,7.826539993286133,7.83861780166626,7.60913610458374,7.7057600021362305,2366477,3.411771059036255
2000-08-04,7.790306091308594,7.845864772796631,7.671942234039307,7.671942234039307,1737374,3.396799087524414
2000-08-07,7.792722225189209,7.814462184906006,7.713006973266602,7.79996919631958,1033520,3.4534831047058105
2000-08-08,7.729916095733643,7.778227806091309,7.60913610458374,7.633292198181152,1375099,3.379686117172241
2000-08-09,7.657447814941406,7.802383899688721,7.616383075714111,7.645370006561279,1560921,3.385032892227173
2000-08-10,7.812047004699707,7.983553886413574,7.669526100158691,7.754072189331055,3082030,3.4331607818603516
2000-08-11,7.826539993286133,7.889346122741699,7.754072189331055,7.766149997711182,1065677,3.438509702682495
2000-08-14,7.882099151611328,7.882099151611328,7.778227806091309,7.826539993286133,666522,3.465247392654419
2000-08-15,7.872437000274658,7.894176959991455,7.766149997711182,7.894176959991455,927281,3.4951937198638916
2000-08-16,7.935242176055908,8.213035583496094,7.913502216339111,8.092255592346191,1981918,3.582894802093506
2000-08-17,8.196126937866211,8.200958251953125,8.092255592346191,8.164724349975586,1145649,3.6149814128875732
2000-08-18,8.164724349975586,8.331399917602539,8.142984390258789,8.215452194213867,1099511,3.637439489364624
2000-08-21,8.328985214233398,8.466673851013184,8.271010398864746,8.326568603515625,1866079,3.6866378784179688
2000-08-22,8.430439949035645,8.430439949035645,8.285504341125488,8.38212776184082,2065421,3.711237668991089
2000-08-23,8.38212776184082,8.40628433227539,8.019787788391113,8.089839935302734,3103073,3.581824779510498
2000-08-24,8.027034759521484,8.106749534606934,7.877267837524414,8.092255592346191,2393944,3.582894802093506
2000-08-25,7.947319984436035,8.266179084777832,7.947319984436035,8.213035583496094,986173,3.6363701820373535
2000-08-28,8.394206047058105,8.502907752990723,8.345893859863281,8.502907752990723,7555376,3.764714002609253
2000-08-29,8.490830421447754,8.490830421447754,8.263764381408691,8.377297401428223,1675377,3.7090981006622314
2000-08-30,8.370050430297852,8.430439949035645,8.215452194213867,8.273426055908203,2970993,3.663109064102173
2000-08-31,8.213035583496094,8.341062545776367,7.971476078033447,7.971476078033447,2389353,3.529418468475342
2000-09-01,8.128490447998047,8.225113868713379,7.969060897827148,8.068099975585938,2337329,3.5721993446350098
2000-09-04,8.196126937866211,8.345893859863281,8.123659133911133,8.295166015625,1284004,3.672734498977661
2000-09-05,8.164724349975586,8.297581672668457,8.159893035888672,8.271010398864746,1006955,3.6620380878448486
2000-09-06,8.18887996673584,8.285504341125488,8.18887996673584,8.261347770690918,525269,3.6577603816986084
2000-09-07,8.213035583496094,8.283087730407715,8.126073837280273,8.18887996673584,998783,3.625676393508911
2000-09-08,8.174386024475098,8.200958251953125,7.995632171630859,8.06568431854248,1123050,3.5711302757263184
2000-09-11,8.174386024475098,8.174386024475098,8.019787788391113,8.092255592346191,452852,3.582894802093506
2000-09-12,8.019787788391113,8.198541641235352,8.019787788391113,8.104333877563477,862278,3.588243007659912
2000-09-13,8.104333877563477,8.138152122497559,8.031866073608398,8.056021690368652,276022,3.566851854324341
2000-09-14,8.019787788391113,8.18887996673584,7.983553886413574,8.007710456848145,1047322,3.5454623699188232
2000-09-15,8.031866073608398,8.130906105041504,7.971476078033447,7.971476078033447,703361,3.529418468475342
2000-09-18,7.983553886413574,8.058438301086426,7.778227806091309,7.923163890838623,1400290,3.508028030395508
2000-09-19,7.729916095733643,7.814462184906006,7.270952224731445,7.814462184906006,3645033,3.459899663925171
2000-09-20,7.778227806091309,8.031866073608398,7.669526100158691,7.754072189331055,2036289,3.4331607818603516
2000-09-21,7.766149997711182,7.85311222076416,7.488356113433838,7.621213912963867,2251073,3.374338150024414
2000-09-22,7.307186126708984,7.645370006561279,7.307186126708984,7.592226982116699,2192450,3.361504316329956
2000-09-25,7.7226691246032715,7.7226691246032715,7.524590015411377,7.548746109008789,1143513,3.3422515392303467
2000-09-26,7.488356113433838,7.604304790496826,7.476277828216553,7.488356113433838,1070119,3.3155148029327393
2000-09-27,7.488356113433838,7.488356113433838,7.307186126708984,7.432797908782959,2062440,3.2909159660339355
2000-09-28,7.415887832641602,7.669526100158691,7.415887832641602,7.667110919952393,3196176,3.394658088684082
2000-09-29,7.536667823791504,7.6308770179748535,7.44970703125,7.60913610458374,2205581,3.3689897060394287
2000-10-02,7.476277828216553,7.787890911102295,7.452122211456299,7.7057600021362305,1609426,3.411771059036255
2000-10-03,7.60913610458374,7.703344821929932,7.464200019836426,7.572902202606201,1230034,3.352947950363159
2000-10-04,7.51251220703125,7.589810848236084,7.454537868499756,7.490771770477295,1690880,3.3165841102600098
2000-10-05,7.464200019836426,7.754072189331055,7.454537868499756,7.700929164886475,1425004,3.4096333980560303
2000-10-06,7.587396144866943,7.754072189331055,7.488356113433838,7.500433921813965,1011165,3.320862054824829
2000-10-09,7.488356113433838,7.601889133453369,7.386900901794434,7.464200019836426,1213173,3.304818630218506
2000-10-10,7.3675761222839355,7.626045227050781,7.3675761222839355,7.490771770477295,951958,3.3165841102600098
2000-10-11,7.440043926239014,7.56565523147583,7.3675761222839355,7.548746109008789,1809621,3.3422515392303467
2000-10-12,7.382070064544678,7.7057600021362305,7.382070064544678,7.447290897369385,1133081,3.297333240509033
2000-10-13,7.343420028686523,7.483524799346924,7.270952224731445,7.464200019836426,1058718,3.304818630218506
2000-10-16,7.488356113433838,7.548746109008789,7.324096202850342,7.420720100402832,850290,3.2855687141418457
2000-10-17,7.548746109008789,7.7057600021362305,7.440043926239014,7.444876194000244,843008,3.2962629795074463
2000-10-18,7.3337578773498535,7.65261697769165,7.326510906219482,7.425550937652588,1000729,3.287707567214966
2000-10-19,7.35549783706665,7.51251220703125,7.35549783706665,7.427966117858887,685713,3.288776159286499
2000-10-20,7.440043926239014,7.679189205169678,7.440043926239014,7.536667823791504,1033669,3.336905002593994
2000-10-23,7.51251220703125,7.6598639488220215,7.500433921813965,7.568070888519287,2431732,3.350808620452881
2000-10-24,7.51251220703125,7.597057819366455,7.464200019836426,7.522174835205078,975633,3.330488443374634
2000-10-25,7.490771770477295,7.626045227050781,7.454537868499756,7.524590015411377,820740,3.331557512283325
2000-10-26,7.548746109008789,7.621213912963867,7.442460060119629,7.531836986541748,1044184,3.334765672683716
2000-10-27,7.536667823791504,7.790306091308594,7.49318790435791,7.7057600021362305,1460999,3.411771059036255
2000-10-30,7.681603908538818,7.7057600021362305,7.440043926239014,7.667110919952393,755791,3.394658088684082
2000-10-31,7.657447814941406,8.333815574645996,7.60913610458374,8.237192153930664,3483040,3.6470673084259033
2000-11-01,8.321738243103027,8.430439949035645,8.031866073608398,8.18887996673584,741253,3.625676393508911
2000-11-02,8.18887996673584,8.285504341125488,8.019787788391113,8.092255592346191,1553896,3.582894802093506
2000-11-03,8.200958251953125,8.258932113647461,7.932826995849609,8.258932113647461,2469184,3.656691551208496
2000-11-06,8.18887996673584,8.490830421447754,8.094672203063965,8.454595565795898,1727724,3.743321180343628
2000-11-07,8.44251823425293,8.560881614685059,8.287919998168945,8.454595565795898,1766907,3.743321180343628
2000-11-08,8.394206047058105,8.41836166381836,8.213035583496094,8.285504341125488,1059223,3.66845703125
2000-11-09,8.285504341125488,8.454595565795898,8.237192153930664,8.324153900146484,515764,3.685568332672119
2000-11-10,8.285504341125488,8.454595565795898,8.285504341125488,8.350725173950195,879057,3.6973328590393066
2000-11-13,8.261347770690918,8.514986038208008,8.244439125061035,8.394206047058105,938537,3.716585397720337
2000-11-14,8.237192153930664,8.5753755569458,8.237192153930664,8.5753755569458,1163819,3.7967987060546875
2000-11-15,8.394206047058105,8.539141654968262,8.360387802124023,8.502907752990723,751076,3.764714002609253
2000-11-16,8.454595565795898,8.476335525512695,8.18887996673584,8.225113868713379,1507791,3.641718864440918
2000-11-17,8.164724349975586,8.271010398864746,8.00287914276123,8.213035583496094,2411480,3.6363701820373535
2000-11-20,8.097086906433105,8.271010398864746,7.901423931121826,8.118827819824219,1830858,3.5946600437164307
2000-11-21,7.9738922119140625,8.126073837280273,7.886929988861084,8.027034759521484,1160921,3.55401873588562
2000-11-22,7.971476078033447,8.092255592346191,7.899007797241211,7.978723049163818,768844,3.532628059387207
2000-11-23,7.971476078033447,8.116412162780762,7.918333053588867,8.043944358825684,962146,3.5615041255950928
2000-11-24,8.043944358825684,8.285504341125488,8.019787788391113,8.215452194213867,1915052,3.637439489364624
2000-11-27,8.000462532043457,8.18887996673584,8.000462532043457,8.080178260803223,1158859,3.577547311782837
2000-11-28,8.092255592346191,8.186464309692383,8.019787788391113,8.031866073608398,8353878,3.556156873703003
2000-11-29,8.005293846130371,8.113995552062988,7.983553886413574,7.995632171630859,815441,3.5422446727752686
2000-11-30,7.995632171630859,8.024619102478027,7.790306091308594,7.971476078033447,1654972,3.5315420627593994
2000-12-01,7.923163890838623,8.140567779541016,7.923163890838623,8.08500862121582,1164506,3.5818400382995605
2000-12-04,7.971476078033447,8.087425231933594,7.911086082458496,8.019787788391113,1477318,3.552945613861084
2000-12-05,7.899007797241211,8.213035583496094,7.899007797241211,8.060853004455566,3683376,3.571138620376587
2000-12-06,8.213035583496094,8.357972145080566,8.104333877563477,8.155061721801758,1763711,3.612875461578369
2000-12-07,8.111580848693848,8.155061721801758,8.068099975585938,8.1526460647583,1220649,3.611804485321045
2000-12-08,8.116412162780762,8.309659957885742,8.116412162780762,8.266179084777832,1790793,3.662101984024048
2000-12-11,8.357972145080566,8.41836166381836,8.237192153930664,8.33864688873291,3556095,3.6942081451416016
2000-12-12,8.357972145080566,8.38212776184082,8.060853004455566,8.150230407714844,1869743,3.610734462738037
2000-12-13,8.261347770690918,8.324153900146484,7.976306915283203,8.092255592346191,1165470,3.585050344467163
2000-12-14,7.971476078033447,8.333815574645996,7.802383899688721,8.18887996673584,4201073,3.6278574466705322
2000-12-15,8.213035583496094,8.611610412597656,8.126073837280273,8.46184253692627,2282551,3.748786211013794
2000-12-18,8.357972145080566,8.570545196533203,8.357972145080566,8.527064323425293,1318472,3.7776803970336914
2000-12-19,8.454595565795898,9.058496475219727,8.454595565795898,9.058496475219727,4720423,4.013118267059326
2000-12-20,8.961872100830078,9.283145904541016,8.961872100830078,9.179276466369629,4297000,4.066625118255615
2000-12-21,8.841092109680176,9.300056457519531,8.841092109680176,9.297639846801758,3575903,4.119062900543213
2000-12-22,9.179276466369629,9.416004180908203,9.058496475219727,9.416004180908203,1805899,4.1715006828308105
2000-12-25,9.416004180908203,9.416004180908203,9.416004180908203,9.416004180908203,0,4.1715006828308105
2000-12-26,9.416004180908203,9.416004180908203,9.416004180908203,9.416004180908203,0,4.1715006828308105
2000-12-27,9.179276466369629,9.4208345413208,9.135794639587402,9.37252426147461,1502339,4.152238845825195
2000-12-28,9.3121337890625,9.37252426147461,9.227587699890137,9.300056457519531,870781,4.1201348304748535
2000-12-29,9.191353797912598,9.394264221191406,9.18169116973877,9.3121337890625,703564,4.125484466552734
2001-01-01,9.3121337890625,9.3121337890625,9.3121337890625,9.3121337890625,0,4.125484466552734
2001-01-02,9.08265209197998,9.408757209777832,9.060911178588867,9.106807708740234,1168931,4.034520626068115
2001-01-03,9.058496475219727,9.08265209197998,8.86524772644043,8.961872100830078,1787759,3.970311403274536
2001-01-04,9.37252426147461,9.37252426147461,9.058496475219727,9.203432083129883,3760450,4.077326774597168
2001-01-05,9.203432083129883,9.4208345413208,9.094730377197266,9.324212074279785,3438848,4.130834579467773
2001-01-08,9.242080688476562,9.4208345413208,9.143041610717773,9.300056457519531,1343575,4.1201348304748535
2001-01-09,9.391847610473633,9.638238906860352,9.362860679626465,9.589926719665527,3747985,4.248551845550537
2001-01-10,9.565771102905273,9.918449401855469,9.469146728515625,9.879798889160156,4135732,4.376973628997803
2001-01-11,9.759018898010254,9.855643272399902,9.698629379272461,9.855643272399902,2462946,4.366270065307617
2001-01-12,9.899124145507812,10.338763236999512,9.855643272399902,9.903955459594727,5883704,4.3876752853393555
2001-01-15,9.795252799987793,9.995747566223145,9.785591125488281,9.785591125488281,1213235,4.335236072540283
2001-01-16,9.71070671081543,9.783175468444824,9.616498947143555,9.746940612792969,2539179,4.318112850189209
2001-01-17,9.662394523620605,9.952266693115234,9.662394523620605,9.903955459594727,2812449,4.3876752853393555
2001-01-18,9.783175468444824,9.92811107635498,9.73486328125,9.807331085205078,1219631,4.344867706298828
2001-01-19,9.783175468444824,9.92811107635498,9.662394523620605,9.923279762268066,1315549,4.396235466003418
2001-01-22,9.899124145507812,10.048891067504883,9.759018898010254,9.966760635375977,1347413,4.415499687194824
2001-01-23,9.903955459594727,10.010242462158203,9.698629379272461,9.71070671081543,2034692,4.302061080932617
2001-01-24,9.71070671081543,9.71070671081543,9.71070671081543,9.71070671081543,0,4.302061080932617
2001-01-25,10.024735450744629,10.085124969482422,9.783175468444824,9.96434497833252,2611298,4.414428234100342
2001-01-26,9.96434497833252,9.96434497833252,9.96434497833252,9.96434497833252,0,4.414428234100342
2001-01-29,9.92811107635498,10.145515441894531,9.92811107635498,10.027151107788086,6754465,4.442253589630127
2001-01-30,10.145515441894531,10.430556297302246,10.121358871459961,10.121358871459961,2583951,4.483989238739014
2001-01-31,10.145515441894531,10.167256355285645,9.860474586486816,9.903955459594727,2424260,4.3876752853393555
2001-02-01,10.024735450744629,10.121358871459961,9.976423263549805,10.000578880310059,2510189,4.430481433868408
2001-02-02,10.024735450744629,10.073046684265137,9.903955459594727,9.903955459594727,1761952,4.3876752853393555
2001-02-05,10.024735450744629,10.048891067504883,9.693798065185547,9.976423263549805,2203896,4.4197797775268555
2001-02-06,9.903955459594727,10.010242462158203,9.73486328125,9.916032791137695,2321134,4.393025875091553
2001-02-07,9.976423263549805,9.976423263549805,9.725200653076172,9.916032791137695,1518443,4.393025875091553
2001-02-08,9.855643272399902,9.855643272399902,9.546446800231934,9.722784996032715,3234146,4.3074116706848145
2001-02-09,9.614083290100098,9.722784996032715,9.5923433303833,9.681719779968262,608242,4.289217472076416
2001-02-12,9.662394523620605,9.816993713378906,9.638238906860352,9.7517728805542,1216104,4.320254802703857
2001-02-13,9.688966751098633,9.867720603942871,9.638238906860352,9.783175468444824,1441625,4.334166049957275
2001-02-14,9.783175468444824,9.952266693115234,9.783175468444824,9.916032791137695,1800298,4.393025875091553
2001-02-15,9.903955459594727,10.145515441894531,9.872551918029785,10.121358871459961,1510325,4.483989238739014
2001-02-16,10.145515441894531,10.280789375305176,9.952266693115234,10.266295433044434,2426661,4.548199653625488
2001-02-19,10.145515441894531,10.205904960632324,10.087540626525879,10.188996315002441,913657,4.513953685760498
2001-02-20,10.15517807006836,10.15517807006836,9.916032791137695,9.988500595092773,1434882,4.425128936767578
2001-02-21,9.819409370422363,10.266295433044434,9.819409370422363,10.227645874023438,1571548,4.531076908111572
2001-02-22,10.21798324584961,10.507855415344238,10.109280586242676,10.360503196716309,2396113,4.589935779571533
2001-02-23,10.314606666564941,10.495777130126953,10.290451049804688,10.471620559692383,2122057,4.639162540435791
2001-02-26,10.459543228149414,10.471620559692383,10.338763236999512,10.387075424194336,5615398,4.601707935333252
2001-02-27,10.024735450744629,10.060969352722168,9.61166763305664,9.954683303833008,6859681,4.410146713256836
2001-02-28,9.954683303833008,10.058553695678711,9.903955459594727,10.024735450744629,2890773,4.441182613372803
2001-03-01,9.848397254943848,9.903955459594727,9.490887641906738,9.807331085205078,3629782,4.344867706298828
2001-03-02,9.783175468444824,9.797669410705566,9.56093978881836,9.759018898010254,933739,4.3234663009643555
2001-03-05,9.570603370666504,9.843564987182617,9.452238082885742,9.713123321533203,1807775,4.303132057189941
2001-03-06,9.662394523620605,9.676889419555664,9.47881031036377,9.652732849121094,1240731,4.276377201080322
2001-03-07,9.505380630493164,9.855643272399902,9.493303298950195,9.771097183227539,713239,4.32881498336792
2001-03-08,9.771097183227539,9.903955459594727,9.662394523620605,9.768681526184082,561368,4.327744007110596
2001-03-09,9.829071998596191,9.903955459594727,9.67447280883789,9.759018898010254,648944,4.3234663009643555
2001-03-12,9.662394523620605,9.783175468444824,9.589926719665527,9.73486328125,719631,4.31276273727417
2001-03-13,9.662394523620605,9.686551094055176,9.495718955993652,9.539199829101562,1749549,4.226080417633057
2001-03-14,9.539199829101562,9.539199829101562,9.539199829101562,9.539199829101562,0,4.226080417633057
2001-03-15,9.191353797912598,9.360445976257324,9.058496475219727,9.176859855651855,1103829,4.065553665161133
2001-03-16,9.300056457519531,9.370107650756836,9.203432083129883,9.251744270324707,722822,4.098731994628906
2001-03-19,9.251744270324707,9.46190071105957,9.1575345993042,9.300056457519531,744999,4.1201348304748535
2001-03-20,9.408757209777832,9.408757209777832,9.089898109436035,9.179276466369629,888798,4.066625118255615
2001-03-21,9.08265209197998,9.280731201171875,8.478752136230469,8.804858207702637,2101909,3.900749444961548
2001-03-22,8.67199993133545,8.696155548095703,8.266179084777832,8.44251823425293,3313828,3.740224599838257
2001-03-23,8.454595565795898,8.645427703857422,8.239607810974121,8.430439949035645,2580403,3.7348744869232178
2001-03-26,8.457012176513672,8.981196403503418,8.333815574645996,8.874910354614258,2749881,3.9317843914031982
2001-03-27,8.93529987335205,8.998106002807617,8.647844314575195,8.998106002807617,1777778,3.9863624572753906
2001-03-28,8.998106002807617,9.176859855651855,8.655091285705566,8.836260795593262,1095488,3.9146616458892822
2001-03-29,8.696155548095703,8.744467735290527,8.507739067077637,8.71548080444336,1798618,3.8611557483673096
2001-03-30,8.621272087097168,8.981196403503418,8.582622528076172,8.911144256591797,2228648,3.947836399078369
2001-04-02,9.056079864501953,9.056079864501953,8.708233833312988,8.949793815612793,1276126,3.9649598598480225
2001-04-03,8.841092109680176,8.913559913635254,8.580206871032715,8.664752960205078,985680,3.838679552078247
2001-04-04,8.251686096191406,8.69857120513916,8.251686096191406,8.67199993133545,1212370,3.841890811920166
2001-04-05,8.5753755569458,8.800026893615723,8.519817352294922,8.640597343444824,1456351,3.82797908782959
2001-04-06,8.816935539245605,8.90872859954834,8.104333877563477,8.345893859863281,3090119,3.697418689727783
2001-04-09,8.333815574645996,8.430439949035645,7.976306915283203,8.213035583496094,3023606,3.638559579849243
2001-04-10,8.213035583496094,8.54880428314209,8.213035583496094,8.33864688873291,1637403,3.6942081451416016
2001-04-11,8.394206047058105,8.403867721557617,8.092255592346191,8.225113868713379,2509087,3.6439099311828613
2001-04-12,8.237192153930664,8.394206047058105,8.14539909362793,8.348310470581055,1300008,3.6984879970550537
2001-04-13,8.348310470581055,8.348310470581055,8.348310470581055,8.348310470581055,0,3.6984879970550537
2001-04-16,8.348310470581055,8.348310470581055,8.348310470581055,8.348310470581055,0,3.6984879970550537
2001-04-17,8.348310470581055,8.454595565795898,8.280673027038574,8.447348594665527,976648,3.742365837097168
2001-04-18,8.454595565795898,8.628519058227539,8.25651741027832,8.357972145080566,1121887,3.7027699947357178
2001-04-19,8.430439949035645,8.502907752990723,8.244439125061035,8.367633819580078,5525304,3.7070512771606445
2001-04-20,8.51257038116455,8.551219940185547,8.357972145080566,8.502907752990723,2847902,3.766979694366455
2001-04-23,8.478752136230469,8.732390403747559,8.41836166381836,8.623687744140625,2100112,3.8204879760742188
2001-04-24,8.514986038208008,8.860417366027832,8.514986038208008,8.659921646118164,1931537,3.836540460586548
2001-04-25,8.599532127380371,8.768624305725098,8.599532127380371,8.659921646118164,1967818,3.836540460586548
2001-04-26,8.691325187683105,8.807272911071777,8.333815574645996,8.761377334594727,8523223,3.8814868927001953
2001-04-27,8.814519882202148,9.143041610717773,8.758960723876953,8.870079040527344,8008837,3.9296438694000244
2001-04-30,9.053664207458496,9.155119895935059,8.940131187438965,9.036754608154297,2762623,4.003485202789307
2001-05-01,9.036754608154297,9.036754608154297,9.036754608154297,9.036754608154297,0,4.003485202789307
2001-05-02,9.08265209197998,9.227587699890137,8.913559913635254,9.227587699890137,3978607,4.088028430938721
2001-05-03,9.251744270324707,9.275899887084961,9.133378982543945,9.203432083129883,2717032,4.077326774597168
2001-05-04,9.172028541564941,9.251744270324707,8.889404296875,9.010184288024902,1347181,3.991713047027588
2001-05-07,9.155119895935059,9.244497299194336,9.010184288024902,9.193769454956055,688230,4.073047161102295
2001-05-08,9.251744270324707,9.348367691040039,9.089898109436035,9.179276466369629,634819,4.066625118255615
2001-05-09,9.176859855651855,9.237250328063965,8.986027717590332,9.237250328063965,907398,4.092309951782227
2001-05-10,9.070573806762695,9.394264221191406,9.070573806762695,9.324212074279785,1166182,4.130834579467773
2001-05-11,9.263821601867676,9.403925895690918,9.155119895935059,9.300056457519531,747984,4.1201348304748535
2001-05-14,9.205846786499023,9.416004180908203,9.198599815368652,9.37252426147461,2344834,4.152238845825195
2001-05-15,9.302471160888672,9.541614532470703,9.254158973693848,9.541614532470703,6153645,4.227149963378906
2001-05-16,9.541614532470703,9.662394523620605,9.444991111755371,9.469146728515625,3505747,4.195044994354248
2001-05-17,9.638238906860352,9.802499771118164,9.565771102905273,9.686551094055176,4330619,4.291359901428223
2001-05-18,9.614083290100098,9.759018898010254,9.614083290100098,9.662394523620605,6051923,4.2806572914123535
2001-05-21,9.626160621643066,9.659979820251465,9.469146728515625,9.589926719665527,900269,4.248551845550537
2001-05-22,9.71070671081543,10.048891067504883,9.71070671081543,9.896707534790039,8348099,4.474632263183594
2001-05-23,9.879798889160156,10.338763236999512,9.855643272399902,10.242138862609863,7927214,4.630812644958496
2001-05-24,10.314606666564941,10.314606666564941,10.145515441894531,10.169671058654785,5871049,4.598049640655518
2001-05-25,10.205904960632324,10.295282363891602,9.903955459594727,9.911202430725098,3274649,4.481186866760254
2001-05-28,9.903955459594727,9.974007606506348,9.819409370422363,9.92811107635498,1884683,4.488830089569092
2001-05-29,9.906371116638184,10.080293655395508,9.807331085205078,10.017487525939941,1382617,4.529239654541016
2001-05-30,10.024735450744629,10.070631980895996,9.737278938293457,9.843564987182617,6016470,4.45060396194458
2001-05-31,9.763851165771484,10.092371940612793,9.763851165771484,9.930526733398438,1762829,4.48992395401001
2001-06-01,10.097203254699707,10.097203254699707,9.92811107635498,9.990917205810547,1827012,4.517227649688721
2001-06-04,9.990917205810547,9.990917205810547,9.990917205810547,9.990917205810547,0,4.517227649688721
2001-06-05,10.024735450744629,10.18174934387207,10.000578880310059,10.147931098937988,2682117,4.58821964263916
2001-06-06,10.121358871459961,10.193826675415039,10.060969352722168,10.128605842590332,2082257,4.57948112487793
2001-06-07,10.128605842590332,10.290451049804688,10.121358871459961,10.145515441894531,1786786,4.587127208709717
2001-06-08,10.145515441894531,10.21798324584961,9.903955459594727,9.92811107635498,3314788,4.488830089569092
2001-06-11,9.903955459594727,9.940189361572266,9.746940612792969,9.903955459594727,2936439,4.477908611297607
2001-06-12,9.759018898010254,9.773512840270996,9.544031143188477,9.659979820251465,5064429,4.367599964141846
2001-06-13,9.659979820251465,9.73486328125,9.62857723236084,9.73486328125,1885242,4.401456832885742
2001-06-14,9.553692817687988,9.61166763305664,9.432912826538086,9.546446800231934,1501201,4.316268444061279
2001-06-15,9.4208345413208,9.589926719665527,9.26865291595459,9.4208345413208,2461012,4.259474277496338
2001-06-18,9.285561561584473,9.580265045166016,9.285561561584473,9.4208345413208,1045906,4.259474277496338
2001-06-19,9.191353797912598,9.297639846801758,8.988443374633789,9.051248550415039,4498217,4.092372894287109
2001-06-20,9.106807708740234,9.106807708740234,8.841092109680176,8.940131187438965,4842728,4.042131423950195
2001-06-21,9.010184288024902,9.056079864501953,8.775871276855469,8.911144256591797,2095732,4.029026985168457
2001-06-22,8.82901382446289,9.010184288024902,8.826598167419434,8.913559913635254,1279276,4.030117034912109
2001-06-25,8.913559913635254,8.998106002807617,8.889404296875,8.899065971374512,1816369,4.023565292358398
2001-06-26,8.816935539245605,8.838676452636719,8.551219940185547,8.725143432617188,1837544,3.944927930831909
2001-06-27,8.816935539245605,8.862832069396973,8.478752136230469,8.732390403747559,1563243,3.9482054710388184
2001-06-28,8.601946830749512,9.056079864501953,8.587453842163086,8.918391227722168,1609849,4.0323028564453125
2001-06-29,9.053664207458496,9.126132011413574,8.773454666137695,9.027092933654785,1041687,4.081450462341309
2001-07-02,9.126132011413574,9.179276466369629,8.853170394897461,8.986027717590332,2298999,4.0628838539123535
2001-07-03,8.937715530395508,9.106807708740234,8.896651268005371,9.085066795349121,1720004,4.107662200927734
2001-07-04,9.167198181152344,9.167198181152344,8.986027717590332,9.092313766479492,550149,4.110938549041748
2001-07-05,9.072989463806152,9.143041610717773,8.886987686157227,8.886987686157227,913491,4.018104076385498
2001-07-06,8.727559089660645,9.034339904785156,8.727559089660645,8.949793815612793,856710,4.046501159667969
2001-07-09,8.937715530395508,9.019845962524414,8.82901382446289,8.937715530395508,692180,4.041039943695068
2001-07-10,8.937715530395508,9.080236434936523,8.879740715026855,8.986027717590332,1110532,4.0628838539123535
2001-07-11,9.002937316894531,9.11888599395752,8.720312118530273,8.720312118530273,1192789,3.942744255065918
2001-07-12,8.944961547851562,9.051248550415039,8.599532127380371,8.746883392333984,4419943,3.9547576904296875
2001-07-13,8.833845138549805,8.913559913635254,8.611610412597656,8.824183464050293,1255175,3.989708423614502
2001-07-16,8.894234657287598,8.911144256591797,8.720312118530273,8.819351196289062,1141812,3.987523317337036
2001-07-17,8.768624305725098,8.771039009094238,8.563298225402832,8.771039009094238,1501809,3.9656801223754883
2001-07-18,8.780701637268066,8.867663383483887,8.630934715270996,8.633350372314453,4143146,3.9034268856048584
2001-07-19,8.570545196533203,8.754130363464355,8.38212776184082,8.693739891052246,1972860,3.9307308197021484
2001-07-20,8.659921646118164,8.693739891052246,8.41836166381836,8.5753755569458,1435693,3.877214193344116
2001-07-23,8.454595565795898,8.645427703857422,8.345893859863281,8.618857383728027,1041745,3.896873712539673
2001-07-24,8.618857383728027,8.633350372314453,8.413531303405762,8.546388626098633,1101242,3.864108085632324
2001-07-25,8.647844314575195,8.669584274291992,8.360387802124023,8.611610412597656,972044,3.89359712600708
2001-07-26,8.696155548095703,8.768624305725098,8.370050430297852,8.430439949035645,6971016,3.8116841316223145
2001-07-27,8.41836166381836,8.502907752990723,8.365219116210938,8.454595565795898,5056108,3.8226053714752197
2001-07-30,8.333815574645996,8.502907752990723,8.309659957885742,8.437686920166016,2238707,3.814960479736328
2001-07-31,8.215452194213867,8.41836166381836,8.031866073608398,8.389374732971191,7613225,3.7931175231933594
2001-08-01,8.326568603515625,8.333815574645996,8.092255592346191,8.333815574645996,1351842,3.767996311187744
2001-08-02,8.328985214233398,8.502907752990723,8.258932113647461,8.478752136230469,2304314,3.8335275650024414
2001-08-03,8.40628433227539,8.539141654968262,8.333815574645996,8.483583450317383,2193547,3.8357107639312744
2001-08-06,8.321738243103027,8.454595565795898,8.321738243103027,8.396621704101562,1084513,3.7963931560516357
2001-08-07,8.36280345916748,8.498077392578125,8.331399917602539,8.444933891296387,802554,3.8182380199432373
2001-08-08,8.444933891296387,8.51257038116455,8.268594741821289,8.437686920166016,2249665,3.814960479736328
2001-08-09,8.268594741821289,8.430439949035645,8.196126937866211,8.309659957885742,1819693,3.757075071334839
2001-08-10,8.324153900146484,8.39903736114502,8.213035583496094,8.237192153930664,998166,3.7243103981018066
2001-08-13,8.314491271972656,8.321738243103027,8.104333877563477,8.208205223083496,1448849,3.711204767227173
2001-08-14,8.225113868713379,8.430439949035645,8.213035583496094,8.357972145080566,849627,3.778918743133545
2001-08-15,8.357972145080566,8.444933891296387,8.283087730407715,8.283087730407715,420926,3.745060443878174
2001-08-16,8.29999828338623,8.604363441467285,8.285504341125488,8.604363441467285,978937,3.8903205394744873
2001-08-17,8.606779098510742,8.611610412597656,8.333815574645996,8.333815574645996,1430717,3.767996311187744
2001-08-20,8.333815574645996,8.476335525512695,8.285504341125488,8.415946006774902,976908,3.805131673812866
2001-08-21,8.430439949035645,8.452179908752441,8.23236083984375,8.273426055908203,653187,3.7406930923461914
2001-08-22,8.237192153930664,8.478752136230469,8.18887996673584,8.27584171295166,1148961,3.7417855262756348
2001-08-23,8.321738243103027,8.454595565795898,8.213035583496094,8.454595565795898,708793,3.8226053714752197
2001-08-24,8.454595565795898,8.5753755569458,8.38212776184082,8.527064323425293,861566,3.8553709983825684
2001-08-27,8.490830421447754,8.597116470336914,8.435271263122559,8.435271263122559,408722,3.8138680458068848
2001-08-28,8.435271263122559,8.536725997924805,8.225113868713379,8.285504341125488,1388028,3.746154308319092
2001-08-29,8.285504341125488,8.420778274536133,8.237192153930664,8.341062545776367,8004221,3.771273612976074
2001-08-30,8.309659957885742,8.372466087341309,8.164724349975586,8.237192153930664,1408963,3.7243103981018066
2001-08-31,8.237192153930664,8.357972145080566,8.155061721801758,8.321738243103027,820483,3.762535810470581
2001-09-03,8.41836166381836,8.41836166381836,8.1526460647583,8.237192153930664,728299,3.7243103981018066
2001-09-04,8.285504341125488,8.321738243103027,8.007710456848145,8.205788612365723,1526664,3.7101118564605713
2001-09-05,8.1526460647583,8.227529525756836,7.9859700202941895,8.213035583496094,904839,3.713388204574585
2001-09-06,8.210619926452637,8.213035583496094,7.783059120178223,7.850696086883545,2851007,3.5495622158050537
2001-09-07,7.729916095733643,8.060853004455566,7.729916095733643,7.850696086883545,1071150,3.5495622158050537
2001-09-10,7.729916095733643,8.03911304473877,7.686435222625732,7.812047004699707,1473079,3.532087802886963
2001-09-11,7.850696086883545,8.186464309692383,7.210562229156494,7.321680068969727,2886675,3.3103764057159424
2001-09-12,6.6259870529174805,7.6888508796691895,6.594584941864014,7.490771770477295,1860946,3.386828660964966
2001-09-13,7.488356113433838,7.536667823791504,7.070457935333252,7.261290073394775,2140102,3.2830727100372314
2001-09-14,7.246796131134033,7.343420028686523,6.884457111358643,7.0535478591918945,2152397,3.1891441345214844
2001-09-17,6.799911022186279,7.041471004486084,6.795079231262207,7.005237102508545,1871589,3.167301893234253
2001-09-18,6.944847106933594,6.99315881729126,6.606663227081299,6.66705322265625,4537665,3.014397382736206
2001-09-19,6.606663227081299,6.642897129058838,6.280557155609131,6.324038028717041,2839432,2.859309196472168
2001-09-20,6.256401062011719,6.473804950714111,6.01967191696167,6.01967191696167,1823916,2.7216956615448
2001-09-21,5.918217182159424,6.884457111358643,5.758787155151367,6.66705322265625,4877030,3.014397382736206
2001-09-24,6.811988830566406,7.246796131134033,6.642897129058838,7.159834861755371,2385470,3.2372000217437744
2001-09-25,6.889287948608398,7.234717845916748,6.889287948608398,7.155004024505615,1920231,3.2350165843963623
2001-09-26,6.9593400955200195,7.152587890625,6.647727966308594,6.696040153503418,3729141,3.027503490447998
2001-09-27,6.696040153503418,6.821650981903076,6.691208839416504,6.76367712020874,1832928,3.0580849647521973
2001-09-28,6.790247917175293,7.101860046386719,6.790247917175293,6.99315881729126,3062586,3.1618404388427734
2001-10-01,6.884457111358643,7.00282096862793,6.8482232093811035,6.956924915313721,1740338,3.145458698272705
2001-10-02,6.9255218505859375,7.0004048347473145,6.473804950714111,6.698454856872559,1542905,3.028594970703125
2001-10-03,6.879624843597412,7.05596399307251,6.739521026611328,6.930353164672852,2221891,3.13344407081604
2001-10-04,7.089782238006592,7.343420028686523,7.089782238006592,7.174327850341797,1822314,3.24375319480896
2001-10-05,7.246796131134033,7.754072189331055,7.186406135559082,7.466616153717041,3118112,3.3759071826934814
2001-10-08,7.466616153717041,7.466616153717041,7.200900077819824,7.391732215881348,1055444,3.3420493602752686
2001-10-09,7.273367881774902,7.514927864074707,7.212977886199951,7.425550937652588,1498179,3.357340097427368
2001-10-10,7.319263935089111,7.481110095977783,7.210562229156494,7.469031810760498,1744846,3.3769986629486084
2001-10-11,7.500433921813965,7.60913610458374,7.447290897369385,7.584980010986328,2982361,3.429422378540039
2001-10-12,7.60913610458374,7.778227806091309,7.391732215881348,7.778227806091309,2196527,3.516796827316284
2001-10-15,7.727500915527344,7.775813102722168,7.447290897369385,7.488356113433838,1178212,3.3857369422912598
2001-10-16,7.50285005569458,7.9569830894470215,7.488356113433838,7.83861780166626,2682974,3.5441012382507324
2001-10-17,7.971476078033447,8.360387802124023,7.816877841949463,8.174386024475098,2760085,3.6959125995635986
2001-10-18,8.051191329956055,8.283087730407715,7.874852180480957,8.157477378845215,1646469,3.6882681846618652
2001-10-19,8.092255592346191,8.135737419128418,7.937657833099365,8.043944358825684,1697835,3.6369361877441406
2001-10-22,8.043944358825684,8.203373908996582,7.906254768371582,8.18887996673584,982100,3.7024667263031006
2001-10-23,8.18887996673584,8.237192153930664,7.998047828674316,8.225113868713379,1358342,3.7188498973846436
2001-10-24,8.164724349975586,8.502907752990723,8.159893035888672,8.430439949035645,1448249,3.8116841316223145
2001-10-25,8.430439949035645,8.51257038116455,8.092255592346191,8.237192153930664,988889,3.7243103981018066
2001-10-26,8.213035583496094,8.37488079071045,8.113995552062988,8.357972145080566,938769,3.778918743133545
2001-10-29,8.261347770690918,8.316906929016113,8.072931289672852,8.164724349975586,1830001,3.691545009613037
2001-10-30,8.000462532043457,8.14539909362793,7.911086082458496,8.126073837280273,825629,3.674070119857788
2001-10-31,8.022204399108887,8.316906929016113,7.923163890838623,8.29275131225586,1399354,3.749429941177368
2001-11-01,8.213035583496094,8.333815574645996,8.140567779541016,8.261347770690918,1009045,3.73523211479187
2001-11-02,8.213035583496094,8.307244300842285,8.024619102478027,8.213035583496094,1062316,3.713388204574585
2001-11-05,8.104333877563477,8.309659957885742,8.104333877563477,8.213035583496094,690085,3.713388204574585
2001-11-06,8.176801681518555,8.254100799560547,7.925580024719238,8.213035583496094,1742917,3.713388204574585
2001-11-07,8.283087730407715,8.333815574645996,8.051191329956055,8.273426055908203,1943207,3.7406930923461914
2001-11-08,8.273426055908203,8.507739067077637,8.242023468017578,8.466673851013184,995864,3.8280670642852783
2001-11-09,8.309659957885742,8.527064323425293,8.297581672668457,8.355555534362793,1057075,3.7778255939483643
2001-11-12,8.229945182800293,8.483583450317383,8.229945182800293,8.370050430297852,4951645,3.784379720687866
2001-11-13,8.302412986755371,8.599532127380371,8.302412986755371,8.558466911315918,726039,3.86956787109375
2001-11-14,8.50532341003418,8.86524772644043,8.50532341003418,8.853170394897461,1423005,4.002813816070557
2001-11-15,8.732390403747559,9.022261619567871,8.732390403747559,8.944961547851562,1186753,4.04431676864624
2001-11-16,9.056079864501953,9.348367691040039,9.046418190002441,9.11888599395752,4694955,4.122951984405518
2001-11-19,9.251744270324707,9.444991111755371,9.135794639587402,9.37252426147461,1175534,4.237630844116211
2001-11-20,9.457069396972656,9.473978996276855,9.251744270324707,9.382185935974121,1895310,4.242000102996826
2001-11-21,9.377354621887207,9.444991111755371,8.889404296875,9.034339904785156,2285106,4.0847272872924805
2001-11-22,9.010184288024902,9.034339904785156,8.918391227722168,8.998106002807617,1226383,4.0683441162109375
2001-11-23,8.870079040527344,9.10197639465332,8.720312118530273,9.058496475219727,2095198,4.095649719238281
2001-11-26,9.058496475219727,9.444991111755371,9.058496475219727,9.384601593017578,1901992,4.2430925369262695
2001-11-27,9.464316368103027,9.464316368103027,9.063326835632324,9.246912002563477,1711144,4.180838584899902
2001-11-28,9.036754608154297,9.179276466369629,8.86524772644043,8.925638198852539,8771836,4.035579681396484
2001-11-29,8.804858207702637,8.961872100830078,8.804858207702637,8.937715530395508,1018600,4.0432281494140625
2001-11-30,8.824183464050293,8.93529987335205,8.720312118530273,8.824183464050293,1460884,3.9918689727783203
2001-12-03,8.696155548095703,8.889404296875,8.604363441467285,8.889404296875,1446639,4.021374225616455
2001-12-04,8.7348051071167,8.814519882202148,8.659921646118164,8.814519882202148,1669755,3.987497329711914
2001-12-05,8.841092109680176,9.179276466369629,8.693739891052246,9.179276466369629,1797376,4.152505874633789
2001-12-06,9.08265209197998,9.275899887084961,8.966703414916992,9.198599815368652,1460122,4.1612467765808105
2001-12-07,9.203432083129883,9.343536376953125,9.167198181152344,9.208263397216797,1324441,4.165618419647217
2001-12-10,9.005352020263672,9.362860679626465,8.986027717590332,9.203432083129883,1120305,4.163432598114014
2001-12-11,9.179276466369629,9.4208345413208,9.109223365783691,9.201016426086426,2168013,4.162341117858887
2001-12-12,9.2952241897583,9.324212074279785,8.964286804199219,9.0150146484375,2090367,4.078197479248047
2001-12-13,8.961872100830078,9.172028541564941,8.623687744140625,9.0150146484375,2411257,4.078197479248047
2001-12-14,8.937715530395508,9.058496475219727,8.746883392333984,8.841092109680176,1013810,3.9995193481445312
2001-12-17,8.669584274291992,9.029507637023926,8.652674674987793,8.954625129699707,1360109,4.050878524780273
2001-12-18,8.756546020507812,8.913559913635254,8.756546020507812,8.816935539245605,2045173,3.9885900020599365
2001-12-19,8.611610412597656,8.906312942504883,8.611610412597656,8.906312942504883,1515744,4.029021739959717
2001-12-20,8.705818176269531,8.841092109680176,8.705818176269531,8.78553295135498,1062887,3.974384307861328
2001-12-21,8.611610412597656,8.816935539245605,8.611610412597656,8.816935539245605,1543103,3.9885900020599365
2001-12-24,8.732390403747559,8.792779922485352,8.710648536682129,8.746883392333984,150683,3.956899404525757
2001-12-25,8.746883392333984,8.746883392333984,8.746883392333984,8.746883392333984,0,3.956899404525757
2001-12-26,8.746883392333984,8.746883392333984,8.746883392333984,8.746883392333984,0,3.956899404525757
2001-12-27,8.633350372314453,9.046418190002441,8.633350372314453,8.976365089416504,1548083,4.060712814331055
2001-12-28,8.797611236572266,9.022261619567871,8.797611236572266,8.949793815612793,1129430,4.04869270324707
2001-12-31,8.949793815612793,8.949793815612793,8.949793815612793,8.949793815612793,0,4.04869270324707
2002-01-01,8.949793815612793,8.949793815612793,8.949793815612793,8.949793815612793,0,4.04869270324707
2002-01-02,9.16478157043457,9.16478157043457,8.783117294311523,8.901481628417969,953920,4.0268378257751465
2002-01-03,8.901481628417969,9.058496475219727,8.843506813049316,8.998106002807617,1462730,4.070547580718994
2002-01-04,9.167198181152344,9.48122501373291,9.133378982543945,9.292808532714844,2163401,4.203866004943848
2002-01-07,9.179276466369629,9.360445976257324,9.085066795349121,9.227587699890137,1009372,4.1743597984313965
2002-01-08,9.046418190002441,9.408757209777832,9.017430305480957,9.227587699890137,1900894,4.1743597984313965
2002-01-09,9.087483406066895,9.360445976257324,9.087483406066895,9.23241901397705,1475720,4.176546096801758
2002-01-10,9.343536376953125,9.4208345413208,9.234833717346191,9.3121337890625,2774020,4.212606906890869
2002-01-11,9.275899887084961,9.614083290100098,9.275899887084961,9.541614532470703,2662362,4.3164191246032715
2002-01-14,9.432912826538086,9.626160621643066,9.326626777648926,9.447406768798828,1721196,4.273802280426025
2002-01-15,9.37252426147461,9.469146728515625,9.33629035949707,9.382185935974121,1584989,4.244297504425049
2002-01-16,9.3121337890625,9.37252426147461,9.203432083129883,9.251744270324707,2391837,4.185288429260254
2002-01-17,9.251744270324707,9.47881031036377,9.22517204284668,9.430498123168945,1962697,4.266152858734131
2002-01-18,9.4208345413208,9.529537200927734,9.324212074279785,9.362860679626465,1643430,4.23555326461792
2002-01-21,9.266237258911133,9.686551094055176,9.266237258911133,9.580265045166016,1811658,4.333903789520264
2002-01-22,9.457069396972656,9.662394523620605,9.457069396972656,9.662394523620605,1680084,4.371058940887451
2002-01-23,9.64790153503418,9.911202430725098,9.589926719665527,9.90153980255127,2570447,4.479242324829102
2002-01-24,9.899124145507812,10.034398078918457,9.836318969726562,9.855643272399902,3542284,4.4584784507751465
2002-01-25,9.812163352966309,9.899124145507812,9.761434555053711,9.850811958312988,1658549,4.456293106079102
2002-01-28,9.759018898010254,10.019904136657715,9.759018898010254,9.976423263549805,1414518,4.513117790222168
2002-01-29,9.809746742248535,9.988500595092773,9.804916381835938,9.96434497833252,1644656,4.507653713226318
2002-01-30,9.761434555053711,10.010242462158203,9.761434555053711,9.903955459594727,2407585,4.48033332824707
2002-01-31,9.911202430725098,10.000578880310059,9.790422439575195,9.935358047485352,1752600,4.494539737701416
2002-02-01,9.783175468444824,10.143099784851074,9.783175468444824,10.11169719696045,2736000,4.574312210083008
2002-02-04,9.903955459594727,10.145515441894531,9.903955459594727,10.024735450744629,1625220,4.534973621368408
2002-02-05,9.826656341552734,9.959513664245605,9.688966751098633,9.81457805633545,2505535,4.439902305603027
2002-02-06,9.676889419555664,9.952266693115234,9.609251976013184,9.609251976013184,2751218,4.347017288208008
2002-02-07,9.444991111755371,9.58509635925293,9.444991111755371,9.541614532470703,3467040,4.3164191246032715
2002-02-08,9.541614532470703,9.749357223510742,9.37252426147461,9.597173690795898,2049499,4.341551780700684
2002-02-11,9.495718955993652,9.831486701965332,9.495718955993652,9.662394523620605,2838844,4.371058940887451
2002-02-12,9.626160621643066,9.693798065185547,9.490887641906738,9.565771102905273,2300162,4.327347278594971
2002-02-13,9.662394523620605,9.71070671081543,9.495718955993652,9.698629379272461,1897922,4.387449741363525
2002-02-14,9.541614532470703,9.930526733398438,9.541614532470703,9.874967575073242,1627836,4.467220783233643
2002-02-15,9.77834415435791,9.879798889160156,9.763851165771484,9.807331085205078,1276569,4.436624526977539
2002-02-18,9.686551094055176,9.722784996032715,9.62857723236084,9.659979820251465,489857,4.369965076446533
2002-02-19,9.594758987426758,9.708292007446289,9.471563339233398,9.515044212341309,1969838,4.304399490356445
2002-02-20,9.432912826538086,9.594758987426758,9.430498123168945,9.52470588684082,832956,4.308770179748535
2002-02-21,9.541614532470703,9.722784996032715,9.48122501373291,9.541614532470703,972578,4.3164191246032715
2002-02-22,9.457069396972656,9.536784172058105,9.353199005126953,9.510212898254395,469577,4.3022141456604
2002-02-25,9.469146728515625,9.662394523620605,9.437745094299316,9.633407592773438,1554128,4.357945442199707
2002-02-26,10.048891067504883,10.121358871459961,9.843564987182617,10.121358871459961,10538744,4.578683853149414
2002-02-27,10.145515441894531,10.589984893798828,10.048891067504883,10.580323219299316,6567754,4.786308288574219
2002-02-28,10.553750991821289,10.650375366210938,10.459543228149414,10.60447883605957,4764474,4.797236919403076
2002-03-01,10.616557121276855,10.725258827209473,10.317023277282715,10.41123104095459,2544813,4.709815979003906
2002-03-04,10.387075424194336,10.732505798339844,10.341178894042969,10.652791023254395,3941448,4.819092750549316
2002-03-05,10.507855415344238,10.77115535736084,10.507855415344238,10.737337112426758,2567868,4.857339859008789
2002-03-06,10.701103210449219,10.701103210449219,10.532011032104492,10.60447883605957,2334675,4.797236919403076
2002-03-07,10.592400550842285,10.662452697753906,10.587570190429688,10.633465766906738,2613252,4.810349464416504
2002-03-08,10.399152755737305,10.74699878692627,10.399152755737305,10.713180541992188,2611902,4.846411228179932
2002-03-11,10.62863540649414,10.696271896362305,10.556166648864746,10.592400550842285,2980531,4.791773319244385
2002-03-12,10.413646697998047,10.62863540649414,10.413646697998047,10.589984893798828,1918795,4.790679931640625
2002-03-13,10.495777130126953,10.870195388793945,10.495777130126953,10.867778778076172,2647388,4.916346073150635
2002-03-14,10.850870132446289,10.870195388793945,10.689024925231934,10.870195388793945,2280345,4.917440414428711
2002-03-15,10.749415397644043,10.882272720336914,10.652791023254395,10.79772663116455,2634497,4.884657382965088
2002-03-18,10.633465766906738,10.870195388793945,10.633465766906738,10.701103210449219,1553109,4.840945720672607
2002-03-19,10.749415397644043,10.870195388793945,10.703518867492676,10.867778778076172,1860176,4.916346073150635
2002-03-20,10.867778778076172,10.867778778076172,10.563413619995117,10.77115535736084,2461037,4.872636318206787
2002-03-21,10.568244934082031,10.744584083557129,10.55858325958252,10.580323219299316,2589357,4.786308288574219
2002-03-22,10.592400550842285,10.676946640014648,10.570660591125488,10.62863540649414,2697103,4.808164119720459
2002-03-25,10.532011032104492,10.821883201599121,10.529595375061035,10.606895446777344,1667942,4.798328399658203
2002-03-26,10.471620559692383,10.60447883605957,10.423309326171875,10.459543228149414,1550700,4.7316694259643555
2002-03-27,10.428139686584473,10.474037170410156,10.292866706848145,10.430556297302246,1994685,4.718557357788086
2002-03-28,10.507855415344238,10.614141464233398,10.338763236999512,10.51751708984375,3355159,4.75789737701416
2002-03-29,10.430556297302246,10.430556297302246,10.430556297302246,10.430556297302246,0,4.718557357788086
2002-04-01,10.430556297302246,10.430556297302246,10.430556297302246,10.430556297302246,0,4.718557357788086
2002-04-02,10.510271072387695,10.592400550842285,10.362918853759766,10.387075424194336,3054873,4.698888301849365
2002-04-03,10.41123104095459,10.41123104095459,10.208320617675781,10.314606666564941,3576545,4.666104316711426
2002-04-04,10.145515441894531,10.230060577392578,9.952266693115234,10.121358871459961,3081248,4.578683853149414
2002-04-05,10.266295433044434,10.377412796020508,10.172086715698242,10.266295433044434,1191017,4.644248962402344
2002-04-08,10.266295433044434,10.362918853759766,10.024735450744629,10.109280586242676,1718803,4.573219299316406
2002-04-09,10.21798324584961,10.302529335021973,10.060969352722168,10.11411190032959,952264,4.575406074523926
2002-04-10,10.060969352722168,10.37499713897705,10.060969352722168,10.249385833740234,2060913,4.636599540710449
2002-04-11,10.432971000671387,10.435386657714844,10.271125793457031,10.387075424194336,1989626,4.698888301849365
2002-04-12,10.21798324584961,10.362918853759766,10.205904960632324,10.362918853759766,1927724,4.687958717346191
2002-04-15,10.387075424194336,10.652791023254395,10.35084056854248,10.476451873779297,2879058,4.739319324493408
2002-04-16,10.507855415344238,10.507855415344238,10.387075424194336,10.41123104095459,1877956,4.709815979003906
2002-04-17,10.507855415344238,10.553750991821289,10.430556297302246,10.483698844909668,2523514,4.742598533630371
2002-04-18,10.483698844909668,10.532011032104492,10.319437980651855,10.4547119140625,1325236,4.729485034942627
2002-04-19,10.365335464477539,10.507855415344238,10.365335464477539,10.384658813476562,1251035,4.697795391082764
2002-04-22,10.387075424194336,10.435386657714844,10.07787799835205,10.399152755737305,1614510,4.70435094833374
2002-04-23,10.278372764587402,10.616557121276855,10.278372764587402,10.461958885192871,1945153,4.732762813568115
2002-04-24,10.471620559692383,10.62863540649414,10.387075424194336,10.435386657714844,2774583,4.720741271972656
2002-04-25,10.599648475646973,10.599648475646973,10.092371940612793,10.362918853759766,4022749,4.687958717346191
2002-04-26,10.302529335021973,10.503024101257324,10.290451049804688,10.483698844909668,2757527,4.742598533630371
2002-04-29,10.387075424194336,10.556166648864746,10.338763236999512,10.459543228149414,2596999,4.7316694259643555
2002-04-30,10.338763236999512,10.459543228149414,10.290451049804688,10.387075424194336,2086004,4.698888301849365
2002-05-01,10.387075424194336,10.387075424194336,10.387075424194336,10.387075424194336,0,4.698888301849365
2002-05-02,10.205904960632324,10.435386657714844,10.205904960632324,10.333931922912598,2331177,4.674846649169922
2002-05-03,10.435386657714844,10.565829277038574,10.365335464477539,10.440217971801758,11901391,4.722928524017334
2002-05-06,10.254217147827148,10.527179718017578,10.254217147827148,10.459543228149414,5835935,4.7316694259643555
2002-05-07,10.33151626586914,10.495777130126953,10.33151626586914,10.442633628845215,2227538,4.724020957946777
2002-05-08,10.464373588562012,10.580323219299316,10.437803268432617,10.556166648864746,2478027,4.775379657745361
2002-05-09,10.464373588562012,10.614141464233398,10.464373588562012,10.51751708984375,1239332,4.75789737701416
2002-05-10,10.387075424194336,10.62863540649414,10.387075424194336,10.53442668914795,1329235,4.765545845031738
2002-05-13,10.507855415344238,10.60447883605957,10.469204902648926,10.536842346191406,959178,4.766639232635498
2002-05-14,10.483698844909668,10.60447883605957,10.464373588562012,10.565829277038574,3508065,4.779752254486084
2002-05-15,10.587570190429688,10.60447883605957,10.507855415344238,10.556166648864746,6613850,4.775379657745361
2002-05-16,10.510271072387695,10.580323219299316,10.510271072387695,10.556166648864746,2368551,4.775379657745361
2002-05-17,10.62863540649414,10.62863540649414,10.437803268432617,10.599648475646973,1774284,4.795051097869873
2002-05-20,10.62863540649414,10.62863540649414,10.507855415344238,10.616557121276855,738661,4.802699565887451
2002-05-21,10.52234935760498,10.614141464233398,10.493361473083496,10.510271072387695,1425464,4.754618167877197
2002-05-22,10.285619735717773,10.435386657714844,10.145515441894531,10.399152755737305,5838146,4.798084735870361
2002-05-23,10.391905784606934,10.519932746887207,10.222813606262207,10.242138862609863,1385027,4.725639820098877
2002-05-24,10.302529335021973,10.333931922912598,10.063385009765625,10.208320617675781,4274269,4.710036754608154
2002-05-27,10.060969352722168,10.430556297302246,10.060969352722168,10.249385833740234,757551,4.728982925415039
2002-05-28,10.254217147827148,10.481283187866211,10.11169719696045,10.184165000915527,1657820,4.6988911628723145
2002-05-29,10.145515441894531,10.338763236999512,10.097203254699707,10.099618911743164,16159395,4.65988302230835
2002-05-30,10.097203254699707,10.15517807006836,9.930526733398438,10.058553695678711,2278039,4.640935897827148
2002-05-31,10.024735450744629,10.145515441894531,10.024735450744629,10.097203254699707,1447011,4.658768653869629
2002-06-03,10.097203254699707,10.205904960632324,9.976423263549805,10.073046684265137,1077765,4.647623062133789
2002-06-04,9.92811107635498,10.143099784851074,9.855643272399902,10.024735450744629,2235942,4.625332355499268
2002-06-05,9.942605018615723,10.024735450744629,9.809746742248535,9.903955459594727,2826214,4.569604873657227
2002-06-06,9.92811107635498,10.070631980895996,9.906371116638184,10.048891067504883,3183454,4.636477470397949
2002-06-07,9.92811107635498,10.145515441894531,9.923279762268066,10.145515441894531,2628234,4.68105936050415
2002-06-10,10.09478759765625,10.391905784606934,10.085124969482422,10.288036346435547,2341700,4.746816158294678
2002-06-11,10.278372764587402,10.507855415344238,10.263879776000977,10.35084056854248,2239432,4.775794982910156
2002-06-12,10.266295433044434,10.317023277282715,10.172086715698242,10.210736274719238,1553643,4.711151123046875
2002-06-13,10.15517807006836,10.326684951782227,9.959513664245605,10.126190185546875,1288467,4.672142028808594
2002-06-14,10.070631980895996,10.145515441894531,9.698629379272461,9.71070671081543,7452578,4.480442047119141
2002-06-17,9.662394523620605,9.903955459594727,9.541614532470703,9.771097183227539,2776342,4.50830602645874
2002-06-18,9.783175468444824,9.903955459594727,9.645485877990723,9.843564987182617,2466613,4.541741371154785
2002-06-19,9.4208345413208,9.92569637298584,9.37493896484375,9.843564987182617,2740657,4.541741371154785
2002-06-20,9.71070671081543,9.831486701965332,9.360445976257324,9.48122501373291,3411236,4.374560832977295
2002-06-21,9.314549446105957,9.708292007446289,8.763792991638184,9.565771102905273,5919670,4.413569927215576
2002-06-24,9.759018898010254,9.759018898010254,9.444991111755371,9.529537200927734,3722447,4.396851062774658
2002-06-25,9.544031143188477,9.7179536819458,9.51745891571045,9.684136390686035,2699082,4.468182563781738
2002-06-26,9.287978172302246,10.121358871459961,9.287978172302246,9.833903312683105,3815380,4.5372843742370605
2002-06-27,9.85805892944336,9.974007606506348,9.667226791381836,9.676889419555664,2990666,4.464838027954102
2002-06-28,9.783175468444824,10.012657165527344,9.664811134338379,9.911202430725098,2785776,4.572948932647705
2002-07-01,9.911202430725098,10.063385009765625,9.587512016296387,9.831486701965332,1581495,4.536169052124023
2002-07-02,9.783175468444824,9.783175468444824,9.589926719665527,9.662394523620605,2785338,4.458151340484619
2002-07-03,9.662394523620605,9.686551094055176,9.3121337890625,9.54886245727539,4003516,4.40576696395874
2002-07-04,9.638238906860352,9.686551094055176,9.483640670776367,9.62857723236084,2514295,4.442547798156738
2002-07-05,9.614083290100098,9.879798889160156,9.609251976013184,9.831486701965332,3901827,4.536169052124023
2002-07-08,9.829071998596191,9.855643272399902,9.459485054016113,9.541614532470703,2474831,4.40242338180542
2002-07-09,9.4208345413208,9.698629379272461,9.290392875671387,9.512627601623535,2738840,4.389050006866455
2002-07-10,9.51745891571045,9.565771102905273,9.290392875671387,9.362860679626465,1250832,4.319947719573975
2002-07-11,8.708233833312988,9.27106761932373,8.708233833312988,9.179276466369629,2245852,4.235244274139404
2002-07-12,9.058496475219727,9.399094581604004,8.853170394897461,9.024677276611328,1910772,4.163912773132324
2002-07-15,8.86524772644043,9.08265209197998,8.454595565795898,8.565712928771973,1882998,3.952150583267212
2002-07-16,8.727559089660645,8.756546020507812,8.454595565795898,8.459426879882812,2244159,3.903111696243286
2002-07-17,8.4497652053833,8.90872859954834,8.38212776184082,8.756546020507812,2215616,4.040199279785156
2002-07-18,8.816935539245605,9.07781982421875,8.766207695007324,8.986027717590332,4694636,4.146080493927002
2002-07-19,9.130964279174805,9.130964279174805,8.696155548095703,8.797611236572266,1627637,4.059146404266357
2002-07-22,8.696155548095703,8.696155548095703,8.394206047058105,8.411114692687988,2579906,3.8808200359344482
2002-07-23,8.452179908752441,8.551219940185547,8.155061721801758,8.42560863494873,2919694,3.887507677078247
2002-07-24,8.285504341125488,8.452179908752441,7.9738922119140625,8.261347770690918,4764060,3.8117189407348633
2002-07-25,8.413531303405762,9.03917121887207,8.343478202819824,9.03917121887207,3078710,4.170600891113281
2002-07-26,8.93529987335205,9.179276466369629,8.710648536682129,9.010184288024902,2335321,4.157225608825684
2002-07-29,9.176859855651855,9.541614532470703,9.060911178588867,9.37252426147461,3589821,4.324408054351807
2002-07-30,9.746940612792969,9.952266693115234,9.565771102905273,9.749357223510742,6531278,4.498275279998779
2002-07-31,9.952266693115234,10.147931098937988,9.713123321533203,9.771097183227539,5260053,4.50830602645874
2002-08-01,9.974007606506348,9.974007606506348,9.544031143188477,9.662394523620605,1397293,4.458151340484619
2002-08-02,9.899124145507812,9.899124145507812,9.602005004882812,9.819409370422363,2440686,4.530595302581787
2002-08-05,9.643071174621582,9.867720603942871,9.4208345413208,9.473978996276855,1878589,4.371218204498291
2002-08-06,9.3121337890625,9.51745891571045,9.246912002563477,9.4208345413208,3367616,4.346696853637695
2002-08-07,9.4208345413208,9.662394523620605,9.343536376953125,9.495718955993652,2062515,4.3812479972839355
2002-08-08,9.52470588684082,9.662394523620605,9.425666809082031,9.589926719665527,1697347,4.424714088439941
2002-08-09,9.589926719665527,9.655149459838867,9.242080688476562,9.541614532470703,1624317,4.40242338180542
2002-08-12,9.4208345413208,9.539199829101562,9.239665985107422,9.382185935974121,1228390,4.328865051269531
2002-08-13,9.314549446105957,9.48122501373291,9.205846786499023,9.37252426147461,1619511,4.324408054351807
2002-08-14,9.205846786499023,9.425666809082031,9.179276466369629,9.239665985107422,1961368,4.263106346130371
2002-08-15,9.365277290344238,9.469146728515625,9.242080688476562,9.300056457519531,1769076,4.290970802307129
2002-08-16,9.314549446105957,9.457069396972656,8.913559913635254,9.14545726776123,1488446,4.219639778137207
2002-08-19,9.179276466369629,9.476393699645996,9.08265209197998,9.408757209777832,1878859,4.341124057769775
2002-08-20,9.367691993713379,9.367691993713379,9.215510368347168,9.263821601867676,2248378,4.274252414703369
2002-08-21,9.201016426086426,9.37252426147461,9.135794639587402,9.23241901397705,1153332,4.259763717651367
2002-08-22,9.304886817932129,9.488471984863281,9.251744270324707,9.471563339233398,2101321,4.370102882385254
2002-08-23,9.469146728515625,9.51745891571045,9.316965103149414,9.423251152038574,962146,4.347812652587891
2002-08-26,9.37252426147461,9.493303298950195,9.097145080566406,9.23241901397705,1041720,4.259763717651367
2002-08-27,9.239665985107422,9.37493896484375,9.186521530151367,9.333873748779297,5837686,4.30657434463501
2002-08-28,9.205846786499023,9.3121337890625,8.913559913635254,8.913559913635254,12829397,4.112644195556641
2002-08-29,8.82176685333252,9.048832893371582,8.792779922485352,8.92805290222168,1651242,4.1193318367004395
2002-08-30,8.937715530395508,8.949793815612793,8.768624305725098,8.816935539245605,1582038,4.0680623054504395
2002-09-02,8.749299049377441,8.877326011657715,8.647844314575195,8.693739891052246,832783,4.011220932006836
2002-09-03,8.756546020507812,8.758960723876953,8.29999828338623,8.360387802124023,2211426,3.8574156761169434
2002-09-04,8.213035583496094,8.51257038116455,8.174386024475098,8.357972145080566,2071134,3.8563010692596436
2002-09-05,8.514986038208008,8.514986038208008,8.080178260803223,8.130906105041504,2452923,3.7515347003936768
2002-09-06,8.213035583496094,8.309659957885742,8.116412162780762,8.210619926452637,2255407,3.7883141040802
2002-09-09,8.23236083984375,8.261347770690918,8.092255592346191,8.123659133911133,1243405,3.74819016456604
2002-09-10,8.213035583496094,8.51257038116455,8.167140007019043,8.48841381072998,2904062,3.916485071182251
2002-09-11,8.457012176513672,8.621272087097168,8.333815574645996,8.621272087097168,1469809,3.9777863025665283
2002-09-12,8.560881614685059,8.572959899902344,8.33623218536377,8.389374732971191,1562871,3.8707897663116455
2002-09-13,8.333815574645996,8.447348594665527,8.092255592346191,8.097086906433105,1332688,3.7359302043914795
2002-09-16,8.1526460647583,8.41836166381836,8.116412162780762,8.237192153930664,947384,3.8005740642547607
2002-09-17,8.527064323425293,8.647844314575195,8.092255592346191,8.116412162780762,2435723,3.744846820831299
2002-09-18,8.019787788391113,8.205788612365723,7.575317859649658,7.729916095733643,2383437,3.566521406173706
2002-09-19,7.763734817504883,8.138152122497559,7.6888508796691895,7.89176082611084,1631574,3.6411948204040527
2002-09-20,7.886929988861084,8.135737419128418,7.729916095733643,7.729916095733643,3514784,3.566521406173706
2002-09-23,7.778227806091309,7.911086082458496,7.444876194000244,7.524590015411377,1549512,3.471785068511963
2002-09-24,7.60913610458374,7.7057600021362305,7.16225004196167,7.181574821472168,3548809,3.313520669937134
2002-09-25,7.097029209136963,7.464200019836426,7.092197895050049,7.427966117858887,1920418,3.427204132080078
2002-09-26,7.488356113433838,7.621213912963867,7.377239227294922,7.621213912963867,8947404,3.516366481781006
2002-09-27,7.517343997955322,7.756487846374512,7.3675761222839355,7.452122211456299,1922343,3.438349723815918
2002-09-30,7.246796131134033,7.341004848480225,6.739521026611328,6.865131855010986,3966560,3.167515993118286
2002-10-01,6.840976238250732,7.155004024505615,6.81682014465332,7.126016139984131,2142172,3.287886619567871
2002-10-02,7.270952224731445,7.473863124847412,7.138093948364258,7.275784015655518,1748965,3.356987476348877
2002-10-03,7.246796131134033,7.246796131134033,6.802326202392578,6.8603010177612305,2688625,3.165287971496582
2002-10-04,6.836144924163818,7.043886184692383,6.741936206817627,6.802326202392578,1945919,3.1385385990142822
2002-10-07,6.787833213806152,6.821650981903076,6.613908767700195,6.630818843841553,1570757,3.059406280517578
2002-10-08,6.739521026611328,6.751598834991455,6.232244968414307,6.26364803314209,2765864,2.8899967670440674
2002-10-09,6.338531017303467,6.377181053161621,5.942372798919678,6.022088050842285,2761248,2.7785425186157227
2002-10-10,6.022088050842285,6.2370758056640625,5.918217182159424,6.135621070861816,2600162,2.8309266567230225
2002-10-11,6.37959623336792,6.930353164672852,6.212920188903809,6.9231061935424805,3512925,3.1942648887634277
2002-10-14,6.8482232093811035,6.911027908325195,6.642897129058838,6.727443218231201,2258657,3.1039884090423584
2002-10-15,6.778170108795166,7.077703952789307,6.76367712020874,6.966587066650391,2166845,3.214327573776245
2002-10-16,6.9714179039001465,7.244380950927734,6.862716197967529,7.176743984222412,3421399,3.3112919330596924
2002-10-17,7.237133979797363,7.312017917633057,7.140510082244873,7.270952224731445,4476678,3.3547587394714355
2002-10-18,7.488356113433838,7.488356113433838,7.210562229156494,7.25887393951416,3344756,3.3491859436035156
2002-10-21,7.246796131134033,7.35549783706665,7.210562229156494,7.2516279220581055,2296962,3.3458430767059326
2002-10-22,7.270952224731445,7.51251220703125,7.186406135559082,7.418303966522217,3119296,3.422746181488037
2002-10-23,7.3675761222839355,7.60913610458374,7.229887008666992,7.25887393951416,2840003,3.3491859436035156
2002-10-24,7.0124831199646,7.44970703125,7.0124831199646,7.220224857330322,2369445,3.331353187561035
2002-10-25,7.075288772583008,7.135678768157959,6.886871814727783,7.034224033355713,1438599,3.2455341815948486
2002-10-28,7.186406135559082,7.283030033111572,7.0124831199646,7.155004024505615,2060068,3.3012616634368896
2002-10-29,7.169497013092041,7.266120910644531,6.688793182373047,6.727443218231201,1814560,3.1039884090423584
2002-10-30,6.795079231262207,6.94967794418335,6.686377048492432,6.814404010772705,2746921,3.144110918045044
2002-10-31,6.867547035217285,7.113937854766846,6.814404010772705,7.092197895050049,2238020,3.272282600402832
2002-11-01,6.978664875030518,7.2395501136779785,6.778170108795166,7.126016139984131,1390085,3.287886619567871
2002-11-04,7.341004848480225,7.3675761222839355,7.077703952789307,7.183990955352783,2149048,3.314636468887329
2002-11-05,7.082536220550537,7.183990955352783,6.981081008911133,7.106691837310791,2578755,3.27897047996521
2002-11-06,7.126016139984131,7.254043102264404,7.014898777008057,7.089782238006592,1573249,3.2711687088012695
2002-11-07,7.2033162117004395,7.2033162117004395,6.807157039642334,6.8603010177612305,1715951,3.165287971496582
2002-11-08,6.76367712020874,7.051133155822754,6.76367712020874,6.891703128814697,959857,3.1797757148742676
2002-11-11,6.886871814727783,6.918274879455566,6.715364933013916,6.811988830566406,1475551,3.1429967880249023
2002-11-12,6.840976238250732,6.9061970710754395,6.76367712020874,6.811988830566406,2222268,3.1429967880249023
2002-11-13,6.76367712020874,6.8482232093811035,6.710533142089844,6.821650981903076,1097421,3.1474545001983643
2002-11-14,6.886871814727783,7.092197895050049,6.754014015197754,6.985911846160889,1180498,3.223242998123169
2002-11-15,7.029393196105957,7.041471004486084,6.81682014465332,6.867547035217285,1478618,3.168631076812744
2002-11-18,6.985911846160889,7.220224857330322,6.879624843597412,7.147757053375244,1816969,3.297916889190674
2002-11-19,7.126016139984131,7.130847930908203,7.005237102508545,7.077703952789307,2101752,3.2655954360961914
2002-11-20,7.169497013092041,7.246796131134033,6.908613204956055,6.983496189117432,1454231,3.2221295833587646
2002-11-21,7.222640037536621,7.529420852661133,7.029393196105957,7.529420852661133,3481103,3.4740138053894043
2002-11-22,7.621213912963867,8.225113868713379,7.531836986541748,8.191295623779297,4250966,3.77939772605896
2002-11-25,8.184048652648926,8.210619926452637,7.947319984436035,8.167140007019043,2114469,3.76825213432312
2002-11-26,8.162307739257812,8.237192153930664,7.708176136016846,7.78547477722168,3358959,3.5921554565429688
2002-11-27,7.906254768371582,8.18887996673584,7.708176136016846,8.159893035888672,18587398,3.7672460079193115
2002-11-28,8.208205223083496,8.23236083984375,7.993216037750244,8.130906105041504,1861422,3.753864049911499
2002-11-29,8.080178260803223,8.551219940185547,8.080178260803223,8.428024291992188,2097065,3.8910365104675293
2002-12-02,8.447348594665527,8.67199993133545,8.36280345916748,8.36280345916748,1778167,3.8609254360198975
2002-12-03,8.447348594665527,8.476335525512695,8.242023468017578,8.27584171295166,1452409,3.8207778930664062
2002-12-04,8.104333877563477,8.321738243103027,7.9738922119140625,8.193711280822754,2788687,3.7828593254089355
2002-12-05,8.104333877563477,8.345893859863281,8.024619102478027,8.029450416564941,2909021,3.7070236206054688
2002-12-06,8.029450416564941,8.118827819824219,7.862773895263672,8.092255592346191,2298659,3.7360191345214844
2002-12-09,8.309659957885742,8.309659957885742,7.802383899688721,7.826539993286133,1256785,3.613344669342041
2002-12-10,7.865190029144287,8.019787788391113,7.83861780166626,7.976306915283203,1617834,3.682488441467285
2002-12-11,8.08500862121582,8.191295623779297,7.942489147186279,8.06568431854248,1122926,3.723752498626709
2002-12-12,7.993216037750244,8.043944358825684,7.780643939971924,7.833786964416504,2236882,3.616690158843994
2002-12-13,7.766149997711182,7.918333053588867,7.698513031005859,7.802383899688721,1227463,3.6021933555603027
2002-12-16,7.715423107147217,7.990800857543945,7.657447814941406,7.884514808654785,1313885,3.640110492706299
2002-12-17,7.862773895263672,7.959397792816162,7.541499137878418,7.60913610458374,2978275,3.5129740238189697
2002-12-18,7.657447814941406,7.845864772796631,7.584980010986328,7.623630046844482,3053387,3.5196659564971924
2002-12-19,7.49318790435791,7.778227806091309,7.49318790435791,7.7057600021362305,3775258,3.5575835704803467
2002-12-20,7.768566131591797,7.85311222076416,7.633292198181152,7.754072189331055,3776881,3.579887866973877
2002-12-23,7.778227806091309,7.778227806091309,7.514927864074707,7.756487846374512,1893439,3.581002712249756
2002-12-24,7.831370830535889,7.850696086883545,7.584980010986328,7.850696086883545,404516,3.624497413635254
2002-12-25,7.850696086883545,7.850696086883545,7.850696086883545,7.850696086883545,0,3.624497413635254
2002-12-26,7.850696086883545,7.850696086883545,7.850696086883545,7.850696086883545,0,3.624497413635254
2002-12-27,7.633292198181152,7.754072189331055,7.500433921813965,7.527006149291992,837651,3.4750564098358154
2002-12-30,7.7057600021362305,7.89176082611084,7.541499137878418,7.778227806091309,2731450,3.5910401344299316
2002-12-31,7.850696086883545,8.092255592346191,7.792722225189209,7.937657833099365,1559894,3.6646456718444824
2003-01-01,7.947319984436035,7.947319984436035,7.932826995849609,7.932826995849609,0,3.662415027618408
2003-01-02,7.935242176055908,8.128490447998047,7.804800033569336,8.068099975585938,1888020,3.724868059158325
2003-01-03,8.092255592346191,8.176801681518555,7.961813926696777,8.031866073608398,1852575,3.708139181137085
2003-01-06,8.019787788391113,8.171971321105957,7.713006973266602,7.826539993286133,2277178,3.613344669342041
2003-01-07,7.935242176055908,8.060853004455566,7.809630870819092,7.855526924133301,3284141,3.6267271041870117
2003-01-08,7.754072189331055,7.923163890838623,7.575317859649658,7.686435222625732,2077894,3.548661470413208
2003-01-09,7.681603908538818,7.807215213775635,7.582564830780029,7.717837810516357,1626288,3.563159465789795
2003-01-10,7.729916095733643,7.935242176055908,7.60913610458374,7.899007797241211,2034778,3.6468019485473633
2003-01-13,7.932826995849609,7.966644763946533,7.737163066864014,7.899007797241211,1254177,3.6468019485473633
2003-01-14,7.83861780166626,7.959397792816162,7.6598639488220215,7.773396968841553,2162569,3.588809013366699
2003-01-15,7.7589030265808105,7.947319984436035,7.7589030265808105,7.870020866394043,2112117,3.6334187984466553
2003-01-16,7.780643939971924,7.971476078033447,7.761319160461426,7.857943058013916,1122773,3.627842426300049
2003-01-17,7.850696086883545,7.923163890838623,7.507680892944336,7.548746109008789,2293120,3.485093832015991
2003-01-20,7.543914794921875,7.7226691246032715,7.3675761222839355,7.471446990966797,2156500,3.4494056701660156
2003-01-21,7.488356113433838,7.60913610458374,7.377239227294922,7.469031810760498,2287026,3.448291063308716
2003-01-22,7.430381774902344,7.469031810760498,7.133263111114502,7.319263935089111,3202394,3.379146099090576
2003-01-23,7.3313422203063965,7.35549783706665,7.041471004486084,7.082536220550537,1397090,3.269853353500366
2003-01-24,7.06562614440918,7.25887393951416,7.005237102508545,7.130847930908203,1710954,3.292158842086792
2003-01-27,7.029393196105957,7.130847930908203,6.833728790283203,6.8699631690979,2064278,3.1717143058776855
2003-01-28,6.872378826141357,6.99315881729126,6.76367712020874,6.9134440422058105,2217197,3.191788911819458
2003-01-29,6.811988830566406,6.8482232093811035,6.642897129058838,6.787833213806152,4317488,3.133796215057373
2003-01-30,6.884457111358643,7.0076518058776855,6.799911022186279,6.9424309730529785,2944400,3.205171585083008
2003-01-31,6.76367712020874,7.309601783752441,6.708117961883545,7.174327850341797,2951425,3.312232255935669
2003-02-03,7.391732215881348,7.423134803771973,7.171913146972656,7.246796131134033,1486728,3.3456897735595703
2003-02-04,7.128431797027588,7.167081832885742,6.9134440422058105,6.940014839172363,1277674,3.2040555477142334
2003-02-05,6.886871814727783,7.101860046386719,6.766091823577881,7.051133155822754,1865309,3.255356550216675
2003-02-06,6.884457111358643,7.077703952789307,6.715364933013916,6.795079231262207,2002248,3.1371407508850098
2003-02-07,6.696040153503418,6.81682014465332,6.304712772369385,6.647727966308594,4661874,3.0691120624542236
2003-02-10,6.66705322265625,6.703287124633789,6.546273231506348,6.5728440284729,1724371,3.0345396995544434
2003-02-11,6.710533142089844,6.944847106933594,6.594584941864014,6.874794006347656,2610561,3.1739442348480225
2003-02-12,6.833728790283203,6.855469226837158,6.570428848266602,6.703287124633789,2669785,3.09476375579834
2003-02-13,6.546273231506348,6.732274055480957,6.539025783538818,6.592168807983398,2321254,3.043461799621582
2003-02-14,6.541441917419434,6.725027084350586,6.5221171379089355,6.618741035461426,2355924,3.055730104446411
2003-02-17,6.739521026611328,6.76367712020874,6.618741035461426,6.691208839416504,820463,3.089186429977417
2003-02-18,6.691208839416504,6.81682014465332,6.640480995178223,6.766091823577881,1631516,3.1237595081329346
2003-02-19,6.775754928588867,6.819234848022461,6.6090779304504395,6.621156215667725,1504479,3.056844711303711
2003-02-20,6.618741035461426,6.679131031036377,6.435154914855957,6.51003885269165,4160297,3.005544424057007
2003-02-21,6.447233200073242,6.640480995178223,6.432740211486816,6.546273231506348,1787519,3.022273302078247
2003-02-24,6.449648857116699,6.5341949462890625,6.191180229187012,6.191180229187012,1945807,2.85833477973938
2003-02-25,6.495544910430908,6.845807075500488,6.401337146759033,6.780585765838623,5645614,3.1304497718811035
2003-02-26,6.867547035217285,6.879624843597412,6.604247093200684,6.630818843841553,13278528,3.0613059997558594
2003-02-27,6.828897953033447,6.9593400955200195,6.630818843841553,6.9593400955200195,2471954,3.212977170944214
2003-02-28,7.464200019836426,7.464200019836426,6.932768821716309,7.270952224731445,4027940,3.356841802597046
2003-03-03,7.35308313369751,7.401394844055176,7.0535478591918945,7.058380126953125,3593932,3.2587015628814697
2003-03-04,6.956924915313721,7.145340919494629,6.6622209548950195,6.6622209548950195,4347087,3.075803518295288
2003-03-05,6.594584941864014,6.76367712020874,6.5728440284729,6.618741035461426,4211559,3.055730104446411
2003-03-06,6.623571872711182,6.811988830566406,6.406167984008789,6.5970001220703125,3509456,3.0456926822662354
2003-03-07,6.584921836853027,6.594584941864014,6.452064037322998,6.539025783538818,3457895,3.0189268589019775
2003-03-10,6.606663227081299,6.681546211242676,6.483467102050781,6.594584941864014,1980382,3.04457688331604
2003-03-11,6.5221171379089355,6.582507133483887,6.256401062011719,6.268478870391846,4661663,2.89402174949646
2003-03-12,6.2829718589782715,6.362687110900879,6.1597771644592285,6.186347961425781,2508905,2.8561036586761475
2003-03-13,6.186347961425781,6.5728440284729,6.186347961425781,6.560766220092773,3809891,3.028964042663574
2003-03-14,6.732274055480957,6.732274055480957,6.439986228942871,6.604247093200684,3769123,3.0490384101867676
2003-03-17,6.500376224517822,7.005237102508545,6.357855796813965,6.886871814727783,1783719,3.179520606994629
2003-03-18,6.985911846160889,7.261290073394775,6.884457111358643,7.19606876373291,3534055,3.3222696781158447
2003-03-19,7.2395501136779785,7.411056995391846,7.022146224975586,7.234717845916748,1720177,3.3401126861572266
2003-03-20,7.128431797027588,7.246796131134033,6.952093124389648,7.097029209136963,1650505,3.276545524597168
2003-03-21,7.118770122528076,7.220224857330322,6.964170932769775,7.072873115539551,2862304,3.265393018722534
2003-03-24,7.036639213562012,7.036639213562012,6.391674041748047,6.46655797958374,5663191,2.9854700565338135
2003-03-25,6.473804950714111,6.739521026611328,6.437571048736572,6.647727966308594,4289606,3.0691120624542236
2003-03-26,6.604247093200684,6.819234848022461,6.51003885269165,6.618741035461426,1836948,3.055730104446411
2003-03-27,6.502791881561279,6.594584941864014,6.309544086456299,6.367517948150635,2317131,2.939746379852295
2003-03-28,6.396505832672119,6.425492763519287,6.210504055023193,6.42307710647583,2409501,2.9653961658477783
2003-03-31,6.292634963989258,6.32645320892334,6.051074981689453,6.087308883666992,2308383,2.81037974357605
2003-04-01,6.1428680419921875,6.280557155609131,6.043828010559082,6.089725017547607,2234327,2.8114945888519287
2003-04-02,6.229828834533691,6.290218830108643,6.118711948394775,6.164608001708984,5520564,2.846066474914551
2003-04-03,6.1887640953063965,6.442401885986328,6.1887640953063965,6.304712772369385,3437557,2.910750150680542
2003-04-04,6.304712772369385,6.5800909996032715,6.152530193328857,6.314374923706055,3127750,2.915210723876953
2003-04-07,6.5172858238220215,6.737104892730713,6.449648857116699,6.654974937438965,4450101,3.072458267211914
2003-04-08,6.642897129058838,6.717780113220215,6.473804950714111,6.558351039886475,4750233,3.0278491973876953
2003-04-09,6.512454032897949,6.836144924163818,6.425492763519287,6.691208839416504,7503940,3.089186429977417
2003-04-10,6.642897129058838,6.66705322265625,6.497961044311523,6.5221171379089355,3114076,3.0111215114593506
2003-04-11,6.47622013092041,6.787833213806152,6.47622013092041,6.654974937438965,3393593,3.072458267211914
2003-04-14,6.6453118324279785,6.884457111358643,6.6453118324279785,6.799911022186279,2687685,3.1393721103668213
2003-04-15,6.8699631690979,7.198483943939209,6.840976238250732,7.075288772583008,4603094,3.266508102416992
2003-04-16,7.234717845916748,7.246796131134033,6.884457111358643,7.005237102508545,3553913,3.2341668605804443
2003-04-17,6.886871814727783,7.391732215881348,6.884457111358643,7.3675761222839355,3596457,3.4014503955841064
2003-04-18,7.3675761222839355,7.3675761222839355,7.3675761222839355,7.3675761222839355,0,3.4014503955841064
2003-04-21,7.3675761222839355,7.3675761222839355,7.3675761222839355,7.3675761222839355,0,3.4014503955841064
2003-04-22,7.391732215881348,7.440043926239014,7.261290073394775,7.3675761222839355,2987859,3.4014503955841064
2003-04-23,7.597057819366455,7.879683017730713,7.522174835205078,7.78547477722168,5088170,3.594386100769043
2003-04-24,7.78547477722168,7.78547477722168,7.128431797027588,7.246796131134033,4776682,3.3456897735595703
2003-04-25,7.24921178817749,7.415887832641602,7.183990955352783,7.270952224731445,3059253,3.356841802597046
2003-04-28,7.29994010925293,7.715423107147217,7.292693138122559,7.618799209594727,1425348,3.51743483543396
2003-04-29,7.669526100158691,8.068099975585938,7.633292198181152,7.792722225189209,5699364,3.5977320671081543
2003-04-30,7.778227806091309,8.111580848693848,7.746825218200684,8.007710456848145,4583848,3.696986675262451
2003-05-01,8.007710456848145,8.007710456848145,8.007710456848145,8.007710456848145,0,3.696986675262451
2003-05-02,7.971476078033447,8.10916519165039,7.83861780166626,7.947319984436035,4648938,3.6691060066223145
2003-05-05,7.947319984436035,8.261347770690918,7.935242176055908,8.203373908996582,2100000,3.787320852279663
2003-05-06,8.213035583496094,8.213035583496094,7.971476078033447,8.092255592346191,2751069,3.7360191345214844
2003-05-07,8.118827819824219,8.138152122497559,7.857943058013916,7.889346122741699,3643543,3.642340660095215
2003-05-08,7.814462184906006,7.947319984436035,7.587396144866943,7.729916095733643,1718567,3.5687358379364014
2003-05-09,7.729916095733643,7.9569830894470215,7.592226982116699,7.915916919708252,2299110,3.6546077728271484
2003-05-12,7.959397792816162,7.969060897827148,7.684020042419434,7.7419939041137695,1357414,3.574310779571533
2003-05-13,7.7057600021362305,7.862773895263672,7.584980010986328,7.6936821937561035,1812842,3.552006721496582
2003-05-14,7.729916095733643,7.89659309387207,7.698513031005859,7.746825218200684,1173692,3.576542377471924
2003-05-15,7.713006973266602,7.870020866394043,7.621213912963867,7.790306091308594,7914939,3.596616268157959
2003-05-16,7.790306091308594,7.872437000274658,7.60913610458374,7.671942234039307,6307102,3.541970729827881
2003-05-19,7.655033111572266,7.664694786071777,7.3144330978393555,7.377239227294922,3327145,3.405912399291992
2003-05-20,7.234717845916748,7.427966117858887,7.082536220550537,7.280614852905273,3044309,3.4668755531311035
2003-05-21,7.270952224731445,7.29994010925293,7.04630184173584,7.241964817047119,2724665,3.4484715461730957
2003-05-22,7.326510906219482,7.456954002380371,7.24921178817749,7.384486198425293,1946159,3.516336679458618
2003-05-23,7.476277828216553,7.476277828216553,7.150172233581543,7.19606876373291,3718013,3.4266164302825928
2003-05-26,7.222640037536621,7.3313422203063965,7.150172233581543,7.241964817047119,1140367,3.4484715461730957
2003-05-27,7.198483943939209,7.246796131134033,7.024560928344727,7.222640037536621,4009162,3.4392693042755127
2003-05-28,7.246796131134033,7.3675761222839355,7.089782238006592,7.171913146972656,2322413,3.4151153564453125
2003-05-29,7.126016139984131,7.427966117858887,7.126016139984131,7.39656400680542,947810,3.522087812423706
2003-05-30,7.319263935089111,7.51251220703125,7.3144330978393555,7.488356113433838,5222953,3.56579852104187
2003-06-02,7.488356113433838,7.60913610458374,7.403810024261475,7.495603084564209,2002319,3.5692484378814697
2003-06-03,7.507680892944336,7.51251220703125,7.3337578773498535,7.39656400680542,2035884,3.522087812423706
2003-06-04,7.476277828216553,7.930410861968994,7.295107841491699,7.884514808654785,4988361,3.7544400691986084
2003-06-05,7.915916919708252,7.959397792816162,7.657447814941406,7.684020042419434,3627671,3.658968448638916
2003-06-06,7.768566131591797,8.072931289672852,7.7589030265808105,8.068099975585938,3136025,3.841859817504883
2003-06-09,8.010126113891602,8.080178260803223,7.877267837524414,7.947319984436035,954314,3.78434681892395
2003-06-10,7.877267837524414,8.03911304473877,7.877267837524414,8.019787788391113,1564506,3.8188533782958984
2003-06-11,8.111580848693848,8.193711280822754,7.927995204925537,8.184048652648926,2602095,3.897071123123169
2003-06-12,8.213035583496094,8.24927043914795,8.03911304473877,8.060853004455566,2703242,3.838408946990967
2003-06-13,8.135737419128418,8.140567779541016,7.935242176055908,7.978723049163818,2019196,3.799300193786621
2003-06-16,8.007710456848145,8.184048652648926,7.89176082611084,8.135737419128418,1768940,3.8740663528442383
2003-06-17,8.258932113647461,8.454595565795898,8.239607810974121,8.432855606079102,3140782,4.0155487060546875
2003-06-18,8.452179908752441,8.466673851013184,8.171971321105957,8.287919998168945,4608848,3.9465339183807373
2003-06-19,8.193711280822754,8.326568603515625,8.08259391784668,8.089839935302734,3616332,3.8522112369537354
2003-06-20,7.9569830894470215,8.213035583496094,7.9569830894470215,8.193711280822754,2668721,3.901672601699829
2003-06-23,8.10191822052002,8.133320808410645,7.911086082458496,7.964229106903076,1478515,3.792397975921631
2003-06-24,7.923163890838623,8.005293846130371,7.831370830535889,7.882099151611328,2978230,3.7532896995544434
2003-06-25,7.923163890838623,8.072931289672852,7.918333053588867,8.019787788391113,2943712,3.8188533782958984
2003-06-26,7.930410861968994,8.089839935302734,7.884514808654785,8.068099975585938,1303026,3.841859817504883
2003-06-27,8.070515632629395,8.304828643798828,8.070515632629395,8.229945182800293,3568742,3.918926954269409
2003-06-30,8.167140007019043,8.244439125061035,8.099502563476562,8.213035583496094,3775527,3.910874843597412
2003-07-01,8.142984390258789,8.200958251953125,7.993216037750244,8.019787788391113,3251562,3.8188533782958984
2003-07-02,8.056021690368652,8.227529525756836,8.056021690368652,8.196126937866211,2926193,3.9028234481811523
2003-07-03,8.215452194213867,8.261347770690918,8.130906105041504,8.203373908996582,4018266,3.9062740802764893
2003-07-04,8.213035583496094,8.213035583496094,8.113995552062988,8.162307739257812,1485453,3.886719226837158
2003-07-07,8.186464309692383,8.386959075927734,8.186464309692383,8.345893859863281,2469851,3.97413969039917
2003-07-08,8.290334701538086,8.348310470581055,8.237192153930664,8.331399917602539,1965305,3.9672372341156006
2003-07-09,8.309659957885742,8.391790390014648,8.080178260803223,8.227529525756836,2237838,3.9177772998809814
2003-07-10,8.213035583496094,8.3120756149292,8.142984390258789,8.208205223083496,2358003,3.9085745811462402
2003-07-11,8.140567779541016,8.413531303405762,8.097086906433105,8.413531303405762,3662482,4.006347179412842
2003-07-14,8.331399917602539,8.38212776184082,8.261347770690918,8.321738243103027,1747127,3.9626376628875732
2003-07-15,8.237192153930664,8.333815574645996,8.237192153930664,8.266179084777832,1550042,3.93618106842041
2003-07-16,8.244439125061035,8.309659957885742,8.1526460647583,8.1526460647583,2275236,3.8821187019348145
2003-07-17,8.18887996673584,8.196126937866211,7.89176082611084,8.111580848693848,2859038,3.8625645637512207
2003-07-18,8.04636001586914,8.159893035888672,8.04636001586914,8.068099975585938,2214208,3.841859817504883
2003-07-21,8.092255592346191,8.135737419128418,7.867605209350586,7.918333053588867,1987548,3.770543098449707
2003-07-22,7.923163890838623,7.971476078033447,7.768566131591797,7.843449115753174,1254628,3.7348859310150146
2003-07-23,7.848280906677246,7.993216037750244,7.826539993286133,7.954566955566406,1821378,3.787797451019287
2003-07-24,7.884514808654785,8.072931289672852,7.729916095733643,8.048774719238281,3081757,3.832657814025879
2003-07-25,7.969060897827148,8.092255592346191,7.969060897827148,8.092255592346191,2443737,3.853362560272217
2003-07-28,8.092255592346191,8.138152122497559,7.9859700202941895,8.087425231933594,1643190,3.8510615825653076
2003-07-29,8.08500862121582,8.092255592346191,7.729916095733643,7.918333053588867,5777515,3.770543098449707
2003-07-30,7.862773895263672,7.961813926696777,7.560823917388916,7.601889133453369,5584333,3.6198599338531494
2003-07-31,7.645370006561279,7.826539993286133,7.60913610458374,7.783059120178223,4172774,3.7061290740966797
2003-08-01,7.778227806091309,7.848280906677246,7.669526100158691,7.681603908538818,1665168,3.65781831741333
2003-08-04,7.713006973266602,7.713006973266602,7.360330104827881,7.3796539306640625,3907933,3.514035701751709
2003-08-05,7.447290897369385,7.568070888519287,7.420720100402832,7.488356113433838,5142115,3.56579852104187
2003-08-06,7.435213088989258,7.435213088989258,7.2033162117004395,7.328927040100098,5120096,3.489881753921509
2003-08-07,7.394147872924805,7.394147872924805,7.222640037536621,7.254043102264404,3074951,3.4542226791381836
2003-08-08,7.30235481262207,7.3047709465026855,7.210562229156494,7.217809200286865,2555101,3.4369688034057617
2003-08-11,7.246796131134033,7.365160942077637,7.222640037536621,7.270952224731445,1910880,3.4622740745544434
2003-08-12,7.2564592361450195,7.466616153717041,7.2564592361450195,7.3796539306640625,2123382,3.514035701751709
2003-08-13,7.447290897369385,7.6936821937561035,7.423134803771973,7.597057819366455,4123391,3.617558717727661
2003-08-14,7.626045227050781,7.671942234039307,7.495603084564209,7.626045227050781,1843878,3.6313624382019043
2003-08-15,7.679189205169678,7.7057600021362305,7.572902202606201,7.671942234039307,1098684,3.6532177925109863
2003-08-18,7.717837810516357,7.717837810516357,7.568070888519287,7.635707855224609,1488843,3.6359634399414062
2003-08-19,7.708176136016846,7.911086082458496,7.633292198181152,7.857943058013916,3275792,3.7417876720428467
2003-08-20,7.850696086883545,7.923163890838623,7.802383899688721,7.911086082458496,2833384,3.767092704772949
2003-08-21,7.911086082458496,8.271010398864746,7.911086082458496,8.210619926452637,6266814,3.9097249507904053
2003-08-22,8.203373908996582,8.386959075927734,8.1526460647583,8.273426055908203,4311928,3.939631700515747
2003-08-25,8.222698211669922,8.24927043914795,8.104333877563477,8.225113868713379,2949496,3.916626453399658
2003-08-26,8.213035583496094,8.266179084777832,8.200958251953125,8.213035583496094,2964900,3.910874843597412
2003-08-27,8.225113868713379,8.357972145080566,8.225113868713379,8.309659957885742,4240389,3.95688533782959
2003-08-28,8.353140830993652,8.626103401184082,8.333815574645996,8.551219940185547,5923234,4.071910858154297
2003-08-29,8.580206871032715,9.010184288024902,8.580206871032715,8.932884216308594,10877269,4.253650665283203
2003-09-01,8.944961547851562,9.08265209197998,8.86524772644043,8.889404296875,5420104,4.23294734954834
2003-09-02,8.860417366027832,8.913559913635254,8.708233833312988,8.756546020507812,5123996,4.169683456420898
2003-09-03,8.97153377532959,9.205846786499023,8.797611236572266,9.092313766479492,5780914,4.329568386077881
2003-09-04,9.0319242477417,9.089898109436035,8.930468559265137,9.087483406066895,3209419,4.327269077301025
2003-09-05,9.022261619567871,9.128547668457031,8.792779922485352,8.889404296875,2773361,4.23294734954834
2003-09-08,8.841092109680176,8.986027717590332,8.700986862182617,8.744467735290527,3496979,4.163931369781494
2003-09-09,8.746883392333984,8.77828598022461,8.539141654968262,8.543972969055176,2962453,4.068459510803223
2003-09-10,8.54880428314209,8.577791213989258,8.33623218536377,8.48841381072998,4060773,4.042004108428955
2003-09-11,8.413531303405762,8.63576602935791,8.333815574645996,8.577791213989258,3269607,4.084563732147217
2003-09-12,8.647844314575195,8.647844314575195,8.33623218536377,8.40628433227539,2332349,4.002895832061768
2003-09-15,8.40628433227539,8.5753755569458,8.40628433227539,8.41836166381836,1786467,4.0086469650268555
2003-09-16,8.42560863494873,8.560881614685059,8.370050430297852,8.53189468383789,2159021,4.062708854675293
2003-09-17,8.534311294555664,8.780701637268066,8.495660781860352,8.618857383728027,3730838,4.104118347167969
2003-09-18,8.67199993133545,8.720312118530273,8.522233009338379,8.614025115966797,2038434,4.1018171310424805
2003-09-19,8.647844314575195,8.647844314575195,8.490830421447754,8.527064323425293,2052646,4.060408592224121
2003-09-22,8.48599910736084,8.48599910736084,8.099502563476562,8.208205223083496,4077833,3.9085745811462402
2003-09-23,8.208205223083496,8.297581672668457,7.976306915283203,8.092255592346191,2890314,3.853362560272217
2003-09-24,8.099502563476562,8.186464309692383,8.034281730651855,8.072931289672852,1998369,3.844160318374634
2003-09-25,7.995632171630859,8.04152774810791,7.812047004699707,7.845864772796631,2934684,3.7360355854034424
2003-09-26,7.780643939971924,7.920749187469482,7.780643939971924,7.877267837524414,2618865,3.7509899139404297
2003-09-29,7.918333053588867,8.174386024475098,7.862773895263672,7.915916919708252,2351242,3.7693934440612793
2003-09-30,7.964229106903076,8.056021690368652,7.6477861404418945,7.713006973266602,3661091,3.6727726459503174
2003-10-01,7.729916095733643,7.942489147186279,7.729916095733643,7.89659309387207,2129976,3.7601921558380127
2003-10-02,8.056021690368652,8.056021690368652,7.775813102722168,7.860359191894531,2019871,3.7429378032684326
2003-10-03,7.860359191894531,8.10191822052002,7.802383899688721,8.04152774810791,2153954,3.829206943511963
2003-10-06,8.04636001586914,8.092255592346191,7.899007797241211,8.031866073608398,2122562,3.824605703353882
2003-10-07,8.08500862121582,8.138152122497559,7.971476078033447,7.988385200500488,1810565,3.803901433944702
2003-10-08,8.027034759521484,8.118827819824219,7.923163890838623,7.969060897827148,2083599,3.7946996688842773
2003-10-09,8.00287914276123,8.215452194213867,7.925580024719238,8.157477378845215,2587258,3.8844187259674072
2003-10-10,8.111580848693848,8.261347770690918,7.932826995849609,7.978723049163818,1649342,3.799300193786621
2003-10-13,7.9569830894470215,8.200958251953125,7.9569830894470215,8.03911304473877,1338363,3.828057050704956
2003-10-14,8.138152122497559,8.237192153930664,8.03911304473877,8.186464309692383,1881686,3.898221731185913
2003-10-15,8.261347770690918,8.391790390014648,8.155061721801758,8.29999828338623,2285623,3.9522852897644043
2003-10-16,8.222698211669922,8.454595565795898,8.191295623779297,8.222698211669922,1541489,3.915475845336914
2003-10-17,8.29999828338623,8.333815574645996,8.1526460647583,8.181632995605469,1217685,3.895920753479004
2003-10-20,8.200958251953125,8.357972145080566,8.164724349975586,8.321738243103027,1510358,3.9626376628875732
2003-10-21,8.401453018188477,8.401453018188477,8.007710456848145,8.213035583496094,3269847,3.910874843597412
2003-10-22,8.116412162780762,8.213035583496094,7.886929988861084,7.925580024719238,4766606,3.7739944458007812
2003-10-23,7.906254768371582,7.906254768371582,7.686435222625732,7.746825218200684,2893899,3.688875436782837
2003-10-24,7.850696086883545,7.850696086883545,7.6888508796691895,7.7057600021362305,2109865,3.669321298599243
2003-10-27,7.816877841949463,7.870020866394043,7.715423107147217,7.732332229614258,2055655,3.681973934173584
2003-10-28,7.802383899688721,8.080178260803223,7.768566131591797,8.03911304473877,4743473,3.828057050704956
2003-10-29,8.06568431854248,8.118827819824219,7.983553886413574,8.00287914276123,1899528,3.810802936553955
2003-10-30,8.04152774810791,8.164724349975586,7.942489147186279,8.058438301086426,2182502,3.837258815765381
2003-10-31,8.094672203063965,8.164724349975586,7.998047828674316,8.1526460647583,1545691,3.8821187019348145
2003-11-03,8.193711280822754,8.307244300842285,8.14539909362793,8.200958251953125,2282030,3.9051239490509033
2003-11-04,8.268594741821289,8.297581672668457,8.034281730651855,8.094672203063965,2802518,3.854513168334961
2003-11-05,8.027034759521484,8.25651741027832,8.027034759521484,8.229945182800293,2549446,3.918926954269409
2003-11-06,8.220282554626465,8.239607810974121,8.111580848693848,8.138152122497559,1319039,3.875216484069824
2003-11-07,8.186464309692383,8.285504341125488,8.167140007019043,8.217866897583008,1503395,3.913175344467163
2003-11-10,8.222698211669922,8.285504341125488,8.18887996673584,8.24927043914795,754628,3.928129196166992
2003-11-11,8.18887996673584,8.210619926452637,8.113995552062988,8.210619926452637,602893,3.9097249507904053
2003-11-12,8.092255592346191,8.222698211669922,8.092255592346191,8.205788612365723,935188,3.907423973083496
2003-11-13,8.251686096191406,8.372466087341309,8.179218292236328,8.200958251953125,1874404,3.9051239490509033
2003-11-14,8.164724349975586,8.333815574645996,8.164724349975586,8.25651741027832,1277819,3.931580066680908
2003-11-17,8.123659133911133,8.18887996673584,7.993216037750244,8.022204399108887,1491576,3.820005416870117
2003-11-18,8.133320808410645,8.157477378845215,7.882099151611328,7.89176082611084,1681255,3.7578909397125244
2003-11-19,7.841033935546875,7.89176082611084,7.754072189331055,7.83861780166626,2569594,3.7325847148895264
2003-11-20,7.911086082458496,7.959397792816162,7.7419939041137695,7.908670902252197,2955167,3.7659432888031006
2003-11-21,7.906254768371582,7.988385200500488,7.857943058013916,7.966644763946533,1298899,3.793548107147217
2003-11-24,7.971476078033447,8.072931289672852,7.923163890838623,8.058438301086426,1834472,3.837258815765381
2003-11-25,8.080178260803223,8.18887996673584,8.060853004455566,8.150230407714844,2078722,3.8809688091278076
2003-11-26,8.184048652648926,8.370050430297852,8.08500862121582,8.203373908996582,2335710,3.9062740802764893
2003-11-27,8.23236083984375,8.302412986755371,8.1526460647583,8.239607810974121,1102811,3.9235281944274902
2003-11-28,8.297581672668457,8.348310470581055,7.995632171630859,7.995632171630859,7580119,3.8073513507843018
2003-12-01,8.068099975585938,8.24927043914795,8.068099975585938,8.184048652648926,2084261,3.897071123123169
2003-12-02,8.104333877563477,8.203373908996582,8.104333877563477,8.193711280822754,2279161,3.901672601699829
2003-12-03,8.179218292236328,8.239607810974121,8.14539909362793,8.18887996673584,2085789,3.8993725776672363
2003-12-04,8.25651741027832,8.37488079071045,8.1526460647583,8.316906929016113,2959083,3.9603357315063477
2003-12-05,8.372466087341309,8.50532341003418,8.246853828430176,8.473920822143555,5829332,4.0351033210754395
2003-12-08,8.454595565795898,8.67441463470459,8.40628433227539,8.67441463470459,4864665,4.1305742263793945
2003-12-09,8.720312118530273,8.744467735290527,8.454595565795898,8.454595565795898,4868212,4.025901794433594
2003-12-10,8.478752136230469,8.527064323425293,8.386959075927734,8.420778274536133,3172256,4.009798049926758
2003-12-11,8.452179908752441,8.63576602935791,8.394206047058105,8.543972969055176,2921345,4.068459510803223
2003-12-12,8.667168617248535,8.681661605834961,8.50532341003418,8.5753755569458,2129074,4.083414077758789
2003-12-15,8.696155548095703,8.816935539245605,8.633350372314453,8.633350372314453,3406645,4.111020565032959
2003-12-16,8.5753755569458,8.611610412597656,8.420778274536133,8.464258193969727,3697041,4.0305023193359375
2003-12-17,8.428024291992188,8.611610412597656,8.413531303405762,8.5753755569458,3972422,4.083414077758789
2003-12-18,8.50532341003418,8.626103401184082,8.500492095947266,8.597116470336914,2677861,4.093765735626221
2003-12-19,8.471505165100098,8.659921646118164,8.471505165100098,8.589868545532227,2341940,4.090315341949463
2003-12-22,8.514986038208008,8.616440773010254,8.514986038208008,8.570545196533203,1496858,4.081112861633301
2003-12-23,8.553634643554688,8.669584274291992,8.507739067077637,8.643013000488281,1282456,4.115621566772461
2003-12-24,8.667168617248535,8.67199993133545,8.556051254272461,8.67199993133545,610262,4.129424095153809
2003-12-25,8.67199993133545,8.67199993133545,8.67199993133545,8.67199993133545,0,4.129424095153809
2003-12-26,8.67199993133545,8.67199993133545,8.67199993133545,8.67199993133545,0,4.129424095153809
2003-12-29,8.647844314575195,8.696155548095703,8.577791213989258,8.645427703857422,1892069,4.1167707443237305
2003-12-30,8.688908576965332,8.729973793029785,8.599532127380371,8.696155548095703,1099540,4.140927791595459
2003-12-31,8.589868545532227,8.812105178833008,8.589868545532227,8.787948608398438,957625,4.18463659286499
2004-01-01,8.787948608398438,8.787948608398438,8.787948608398438,8.787948608398438,0,4.18463659286499
2004-01-02,8.812105178833008,8.86524772644043,8.710648536682129,8.86524772644043,723402,4.221445083618164
2004-01-05,8.853170394897461,9.143041610717773,8.836260795593262,8.976365089416504,4038335,4.274355888366699
2004-01-06,8.990859031677246,9.012598991394043,8.792779922485352,8.906312942504883,2199918,4.240997791290283
2004-01-07,8.937715530395508,8.942546844482422,8.720312118530273,8.833845138549805,2535197,4.206491947174072
2004-01-08,8.800026893615723,8.959456443786621,8.725143432617188,8.783117294311523,2538293,4.18233585357666
2004-01-09,8.867663383483887,8.894234657287598,8.5753755569458,8.771039009094238,2072773,4.176584720611572
2004-01-12,8.729973793029785,8.882157325744629,8.684078216552734,8.816935539245605,2036724,4.198439598083496
2004-01-13,8.82901382446289,9.08265209197998,8.816935539245605,9.0319242477417,3437101,4.300812244415283
2004-01-14,8.973950386047363,9.239665985107422,8.973950386047363,9.172028541564941,4317363,4.367527008056641
2004-01-15,9.147872924804688,9.266237258911133,9.116470336914062,9.191353797912598,3581558,4.3767290115356445
2004-01-16,9.172028541564941,9.23241901397705,9.099560737609863,9.176859855651855,3544810,4.3698272705078125
2004-01-19,9.174444198608398,9.261405944824219,9.1575345993042,9.261405944824219,2086525,4.410086631774902
2004-01-20,9.205846786499023,9.285561561584473,9.027092933654785,9.058496475219727,3062532,4.313465595245361
2004-01-21,9.046418190002441,9.227587699890137,8.978780746459961,9.179276466369629,3197492,4.370978832244873
2004-01-22,9.191353797912598,9.275899887084961,9.152704238891602,9.205846786499023,3395662,4.383630275726318
2004-01-23,9.251744270324707,9.304886817932129,9.13821029663086,9.251744270324707,3272765,4.405486583709717
2004-01-26,9.254158973693848,9.319379806518555,9.133378982543945,9.172028541564941,2897629,4.367527008056641
2004-01-27,9.300056457519531,9.319379806518555,9.167198181152344,9.172028541564941,1904865,4.367527008056641
2004-01-28,9.070573806762695,9.217925071716309,9.070573806762695,9.133378982543945,1961766,4.349122524261475
2004-01-29,9.058496475219727,9.208263397216797,8.97153377532959,9.147872924804688,2951839,4.356024265289307
2004-01-30,9.213093757629395,9.360445976257324,9.147872924804688,9.326626777648926,4311324,4.4411444664001465
2004-02-02,9.2952241897583,9.406341552734375,9.11888599395752,9.147872924804688,3409344,4.356024265289307
2004-02-03,9.167198181152344,9.215510368347168,8.771039009094238,8.92805290222168,4794160,4.251351833343506
2004-02-04,8.92805290222168,9.0319242477417,8.841092109680176,8.99569034576416,2080452,4.283558368682861
2004-02-05,8.937715530395508,9.0319242477417,8.86524772644043,8.899065971374512,1563943,4.237548351287842
2004-02-06,8.889404296875,9.126132011413574,8.816935539245605,9.072989463806152,1714307,4.320367336273193
2004-02-09,9.11888599395752,9.179276466369629,9.010184288024902,9.08265209197998,990516,4.324967384338379
2004-02-10,9.058496475219727,9.13821029663086,8.906312942504883,9.007767677307129,1939320,4.289309978485107
2004-02-11,9.007767677307129,9.258990287780762,8.940131187438965,9.172028541564941,1518236,4.367527008056641
2004-02-12,9.176859855651855,9.263821601867676,8.930468559265137,9.002937316894531,3933053,4.287008762359619
2004-02-13,9.07781982421875,9.176859855651855,9.002937316894531,9.11888599395752,4534233,4.342220783233643
2004-02-16,9.11888599395752,9.227587699890137,9.036754608154297,9.140625953674316,1194415,4.352574825286865
2004-02-17,9.07781982421875,9.246912002563477,9.070573806762695,9.111639022827148,3194300,4.338771343231201
2004-02-18,9.155119895935059,9.275899887084961,9.128547668457031,9.23241901397705,1806160,4.396284103393555
2004-02-19,9.273484230041504,9.505380630493164,9.234833717346191,9.505380630493164,2863488,4.526262283325195
2004-02-20,9.432912826538086,9.493303298950195,9.227587699890137,9.348367691040039,1383669,4.451496124267578
2004-02-23,9.399094581604004,9.635824203491211,9.37252426147461,9.565771102905273,3164817,4.555018901824951
2004-02-24,9.423251152038574,9.541614532470703,9.130964279174805,9.239665985107422,5670266,4.3997344970703125
2004-02-25,9.215510368347168,9.297639846801758,9.017430305480957,9.196185111999512,6401319,4.379029750823975
2004-02-26,9.162365913391113,9.251744270324707,9.147872924804688,9.237250328063965,5065149,4.398584365844727
2004-02-27,9.309718132019043,9.437745094299316,9.309718132019043,9.37252426147461,2376569,4.46299934387207
2004-03-01,9.365277290344238,9.51745891571045,9.365277290344238,9.41841983795166,2780035,4.4848527908325195
2004-03-02,9.432912826538086,9.510212898254395,9.399094581604004,9.483640670776367,2870244,4.5159101486206055
2004-03-03,9.4208345413208,9.502965927124023,9.411172866821289,9.457069396972656,2797115,4.503256797790527
2004-03-04,9.4546537399292,9.490887641906738,9.350783348083496,9.41841983795166,2598266,4.4848527908325195
2004-03-05,9.403925895690918,9.529537200927734,9.33629035949707,9.437745094299316,1614825,4.49405574798584
2004-03-08,9.432912826538086,9.48122501373291,9.324212074279785,9.379770278930664,1119150,4.466449737548828
2004-03-09,9.33629035949707,9.379770278930664,9.184106826782227,9.244497299194336,1699619,4.402034759521484
2004-03-10,9.251744270324707,9.283145904541016,9.150287628173828,9.27106761932373,1217457,4.414687633514404
2004-03-11,9.143041610717773,9.143041610717773,8.899065971374512,8.966703414916992,2965268,4.2697553634643555
2004-03-12,8.824183464050293,8.944961547851562,8.725143432617188,8.889404296875,2244697,4.23294734954834
2004-03-15,8.843506813049316,8.911144256591797,8.659921646118164,8.746883392333984,2397748,4.16508150100708
2004-03-16,8.705818176269531,8.831428527832031,8.623687744140625,8.7348051071167,2823320,4.159329414367676
2004-03-17,8.809688568115234,8.923221588134766,8.688908576965332,8.855585098266602,1698526,4.216843605041504
2004-03-18,8.870079040527344,8.889404296875,8.611610412597656,8.744467735290527,3669334,4.163931369781494
2004-03-19,8.812105178833008,8.833845138549805,8.696155548095703,8.754130363464355,1693753,4.168531894683838
2004-03-22,8.696155548095703,8.700986862182617,8.411114692687988,8.519817352294922,3672174,4.056957721710205
2004-03-23,8.502907752990723,8.669584274291992,8.502907752990723,8.587453842163086,2223742,4.089164733886719
2004-03-24,8.572959899902344,8.633350372314453,8.459426879882812,8.546388626098633,2471842,4.069610118865967
2004-03-25,8.655091285705566,8.67199993133545,8.539141654968262,8.652674674987793,2872496,4.120222091674805
2004-03-26,8.720312118530273,8.7348051071167,8.614025115966797,8.696155548095703,2290914,4.140927791595459
2004-03-29,8.659921646118164,8.850753784179688,8.659921646118164,8.804858207702637,1540230,4.19268798828125
2004-03-30,8.804858207702637,8.93529987335205,8.722726821899414,8.920806884765625,2514883,4.24790096282959
2004-03-31,8.937715530395508,8.988443374633789,8.783117294311523,8.903897285461426,3882991,4.239847660064697
2004-04-01,8.993273735046387,8.993273735046387,8.816935539245605,8.937715530395508,2212569,4.255951881408691
2004-04-02,8.959456443786621,9.205846786499023,8.940131187438965,9.16478157043457,1751764,4.364076614379883
2004-04-05,9.275899887084961,9.333873748779297,9.222756385803223,9.324212074279785,2021668,4.439992904663086
2004-04-06,9.285561561584473,9.33629035949707,9.196185111999512,9.234833717346191,2480063,4.397433757781982
2004-04-07,9.227587699890137,9.300056457519531,9.080236434936523,9.208263397216797,3045455,4.384781837463379
2004-04-08,9.244497299194336,9.396679878234863,9.234833717346191,9.287978172302246,1423100,4.422740936279297
2004-04-09,9.287978172302246,9.287978172302246,9.287978172302246,9.287978172302246,0,4.422740936279297
2004-04-12,9.287978172302246,9.287978172302246,9.287978172302246,9.287978172302246,0,4.422740936279297
2004-04-13,9.227587699890137,9.425666809082031,9.227587699890137,9.367691993713379,1775741,4.460697174072266
2004-04-14,9.246912002563477,9.287978172302246,9.063326835632324,9.217925071716309,2429778,4.389380931854248
2004-04-15,9.13821029663086,9.333873748779297,9.13821029663086,9.244497299194336,4259192,4.402034759521484
2004-04-16,9.263821601867676,9.394264221191406,9.258990287780762,9.362860679626465,2615198,4.4583964347839355
2004-04-19,9.396679878234863,9.408757209777832,9.263821601867676,9.287978172302246,1846676,4.422740936279297
2004-04-20,9.33629035949707,9.502965927124023,9.33145809173584,9.43532943725586,3153685,4.492906093597412
2004-04-21,9.302471160888672,9.396679878234863,9.186521530151367,9.297639846801758,2843116,4.427340984344482
2004-04-22,9.367691993713379,9.452238082885742,9.304886817932129,9.440159797668457,3186087,4.495205402374268
2004-04-23,9.444991111755371,9.602005004882812,9.423251152038574,9.577849388122559,4492277,4.560770511627197
2004-04-26,9.589926719665527,9.686551094055176,9.51745891571045,9.5923433303833,2701197,4.567671775817871
2004-04-27,9.56818675994873,9.918449401855469,9.565771102905273,9.766265869140625,6368374,4.650489807128906
2004-04-28,9.71070671081543,9.71070671081543,9.573018074035645,9.681719779968262,4499111,4.610231399536133
2004-04-29,9.662394523620605,9.662394523620605,9.464316368103027,9.48122501373291,2540707,4.514759540557861
2004-04-30,9.507797241210938,9.623745918273926,9.343536376953125,9.430498123168945,2884849,4.490605354309082
2004-05-03,9.490887641906738,9.662394523620605,9.396679878234863,9.662394523620605,2511468,4.601029396057129
2004-05-04,9.61166763305664,9.703460693359375,9.500550270080566,9.531952857971191,2605949,4.538914680480957
2004-05-05,9.539199829101562,9.809746742248535,9.457069396972656,9.783175468444824,3119180,4.658542156219482
2004-05-06,9.67205810546875,9.732447624206543,9.573018074035645,9.587512016296387,5601207,4.565371513366699
2004-05-07,9.67205810546875,9.708292007446289,9.430498123168945,9.51745891571045,2598585,4.532013416290283
2004-05-10,9.3290433883667,9.48605728149414,9.169612884521484,9.341120719909668,6125010,4.44804573059082
2004-05-11,9.387017250061035,9.623745918273926,9.387017250061035,9.575433731079102,6477573,4.559619903564453
2004-05-12,9.536784172058105,9.618914604187012,9.428082466125488,9.430498123168945,2075576,4.490605354309082
2004-05-13,9.437745094299316,9.594758987426758,9.437745094299316,9.541614532470703,5731071,4.543516159057617
2004-05-14,9.635824203491211,9.638238906860352,9.457069396972656,9.529537200927734,1826673,4.537765026092529
2004-05-17,9.444991111755371,9.444991111755371,9.159951210021973,9.3121337890625,3578280,4.4342427253723145
2004-05-18,9.152704238891602,9.283145904541016,9.10197639465332,9.242080688476562,2409530,4.566731929779053
2004-05-19,9.326626777648926,9.464316368103027,9.263821601867676,9.396679878234863,2285027,4.643123626708984
2004-05-20,9.316965103149414,9.348367691040039,9.186521530151367,9.222756385803223,1636492,4.557183265686035
2004-05-21,9.290392875671387,9.358030319213867,9.18893814086914,9.266237258911133,4185342,4.578668117523193
2004-05-24,9.300056457519531,9.515044212341309,9.300056457519531,9.370107650756836,2348013,4.629993438720703
2004-05-25,9.350783348083496,9.403925895690918,9.290392875671387,9.309718132019043,1561658,4.600153923034668
2004-05-26,9.457069396972656,9.662394523620605,9.440159797668457,9.662394523620605,3011286,4.774420738220215
2004-05-27,9.662394523620605,9.768681526184082,9.594758987426758,9.67205810546875,7964608,4.779195785522461
2004-05-28,9.705876350402832,9.732447624206543,9.652732849121094,9.662394523620605,3853909,4.774420738220215
2004-05-31,9.609251976013184,9.759018898010254,9.609251976013184,9.7517728805542,441861,4.818583011627197
2004-06-01,9.744525909423828,9.744525909423828,9.553692817687988,9.62857723236084,5537322,4.757709503173828
2004-06-02,9.701045036315918,9.768681526184082,9.621330261230469,9.67447280883789,2245347,4.780388832092285
2004-06-03,9.64790153503418,9.75418758392334,9.616498947143555,9.75418758392334,2302741,4.819777011871338
2004-06-04,9.749357223510742,10.196243286132812,9.698629379272461,10.167256355285645,5794558,5.023883819580078
2004-06-07,10.242138862609863,10.242138862609863,10.053722381591797,10.145515441894531,3324868,5.013142108917236
2004-06-08,10.208320617675781,10.208320617675781,10.07787799835205,10.169671058654785,2324235,5.025076389312744
2004-06-09,10.22523021697998,10.254217147827148,10.145515441894531,10.150345802307129,2504931,5.015527725219727
2004-06-10,10.145515441894531,10.244555473327637,10.145515441894531,10.234891891479492,1359091,5.0573039054870605
2004-06-11,10.167256355285645,10.213151931762695,10.104450225830078,10.1745023727417,1380630,5.027464389801025
2004-06-14,10.191411972045898,10.191411972045898,10.036812782287598,10.104450225830078,1652766,4.992849826812744
2004-06-15,10.131022453308105,10.172086715698242,10.031982421875,10.143099784851074,1715371,5.011947154998779
2004-06-16,10.162424087524414,10.389491081237793,10.109280586242676,10.309776306152344,4202212,5.094306945800781
2004-06-17,10.280789375305176,10.459543228149414,10.273542404174805,10.36775016784668,4750987,5.122951984405518
2004-06-18,10.280789375305176,10.79772663116455,10.280789375305176,10.686609268188477,7897221,5.2805094718933105
2004-06-21,10.689024925231934,10.870195388793945,10.68419361114502,10.737337112426758,4712851,5.305574417114258
2004-06-22,10.669699668884277,10.74699878692627,10.512685775756836,10.546504974365234,3726893,5.211280345916748
2004-06-23,10.577906608581543,10.674530982971191,10.570660591125488,10.660037994384766,1609319,5.267379283905029
2004-06-24,10.698686599731445,10.773571014404297,10.655206680297852,10.727675437927246,2476338,5.3007988929748535
2004-06-25,10.399152755737305,10.785649299621582,10.399152755737305,10.718011856079102,2523692,5.296024799346924
2004-06-28,10.693856239318848,10.998222351074219,10.689024925231934,10.978897094726562,3756997,5.4249348640441895
2004-06-29,10.89676570892334,10.966818809509277,10.882272720336914,10.93783187866211,2998196,5.404642105102539
2004-06-30,10.966818809509277,11.029623985290527,10.8943510055542,10.978897094726562,3373444,5.4249348640441895
2004-07-01,11.005468368530273,11.053779602050781,10.720428466796875,10.74699878692627,3344967,5.310347080230713
2004-07-02,10.749415397644043,10.8943510055542,10.739752769470215,10.783232688903809,2626156,5.32825231552124
2004-07-05,10.74699878692627,10.809804916381836,10.62863540649414,10.686609268188477,1087543,5.2805094718933105
2004-07-06,10.633465766906738,10.701103210449219,10.49819278717041,10.544089317321777,2238446,5.210085391998291
2004-07-07,10.52234935760498,10.580323219299316,10.413646697998047,10.452296257019043,3496085,5.164728164672852
2004-07-08,10.41123104095459,10.611725807189941,10.399152755737305,10.483698844909668,3441390,5.180245399475098
2004-07-09,10.483698844909668,10.609310150146484,10.452296257019043,10.594817161560059,2271817,5.2351508140563965
2004-07-12,10.532011032104492,10.650375366210938,10.532011032104492,10.62863540649414,2482560,5.251862049102783
2004-07-13,10.722843170166016,10.89676570892334,10.693856239318848,10.819466590881348,5523950,5.346156120300293
2004-07-14,10.74699878692627,10.843623161315918,10.70835018157959,10.819466590881348,2183607,5.346156120300293
2004-07-15,10.807389259338379,10.831544876098633,10.732505798339844,10.780817985534668,2087966,5.3270583152771
2004-07-16,10.744584083557129,10.8943510055542,10.744584083557129,10.829130172729492,2573258,5.350933074951172
2004-07-19,10.79047966003418,10.867778778076172,10.749415397644043,10.809804916381836,2370567,5.34138298034668
2004-07-20,10.809804916381836,10.877442359924316,10.763909339904785,10.846038818359375,3198602,5.359287261962891
2004-07-21,10.877442359924316,11.162482261657715,10.870195388793945,11.119002342224121,3403338,5.494164943695068
2004-07-22,11.070690155029297,11.08759880065918,10.947493553161621,10.990975379943848,3153929,5.430902481079102
2004-07-23,11.003052711486816,11.121417045593262,11.003052711486816,11.063443183898926,2292826,5.466711521148682
2004-07-26,11.019962310791016,11.104508399963379,10.954740524291992,11.032039642333984,1351706,5.451194763183594
2004-07-27,11.046533584594727,11.225288391113281,11.017545700073242,11.135910987854004,1758180,5.502519130706787
2004-07-28,11.208378791809082,11.353315353393555,11.152819633483887,11.319496154785156,2484539,5.59323263168335
2004-07-29,11.353315353393555,11.471678733825684,11.292924880981445,11.425783157348633,2360648,5.645751476287842
2004-07-30,11.539316177368164,11.546563148498535,11.05136489868164,11.160066604614258,6805587,5.514454364776611
2004-08-02,11.073104858398438,11.174559593200684,11.041702270507812,11.174559593200684,2583814,5.5216169357299805
2004-08-03,11.239782333374023,11.391963958740234,11.172144889831543,11.346068382263184,2740334,5.606362342834473
2004-08-04,11.309833526611328,11.34123706817627,11.174559593200684,11.29775619506836,2753101,5.582491397857666
2004-08-05,11.29775619506836,11.396795272827148,11.220457077026367,11.268769264221191,2098953,5.568166732788086
2004-08-06,11.11175537109375,11.135910987854004,10.930584907531738,10.959571838378906,3969114,5.415386199951172
2004-08-09,10.908843994140625,10.945077896118164,10.79772663116455,10.846038818359375,2274235,5.359287261962891
2004-08-10,10.79772663116455,10.846038818359375,10.715597152709961,10.83396053314209,3764420,5.353318214416504
2004-08-11,10.848454475402832,10.848454475402832,10.242138862609863,10.469204902648926,5641623,5.173083305358887
2004-08-12,10.507855415344238,10.577906608581543,10.280789375305176,10.384658813476562,3334195,5.131308078765869
2004-08-13,10.283204078674316,10.389491081237793,10.239724159240723,10.317023277282715,3201069,5.09788703918457
2004-08-16,10.249385833740234,10.493361473083496,10.172086715698242,10.420892715454102,2609758,5.149211406707764
2004-08-17,10.413646697998047,10.505438804626465,10.309776306152344,10.449880599975586,2932332,5.163535118103027
2004-08-18,10.418478012084961,10.459543228149414,10.222813606262207,10.346010208129883,2026872,5.112210750579834
2004-08-19,10.355671882629395,10.399152755737305,10.123774528503418,10.172086715698242,2582523,5.026270866394043
2004-08-20,10.126190185546875,10.21798324584961,10.034398078918457,10.172086715698242,2006872,5.026270866394043
2004-08-23,10.266295433044434,10.495777130126953,10.232477188110352,10.387075424194336,2055800,5.132500648498535
2004-08-24,10.423309326171875,10.493361473083496,10.36775016784668,10.401569366455078,2270633,5.139663219451904
2004-08-25,10.403984069824219,10.56099796295166,10.384658813476562,10.52234935760498,3155391,5.199343681335449
2004-08-26,10.60447883605957,10.749415397644043,10.587570190429688,10.713180541992188,3605354,5.293638706207275
2004-08-27,10.69144058227539,10.773571014404297,10.62863540649414,10.650375366210938,2702567,5.2626051902771
2004-08-30,10.606895446777344,10.62863540649414,10.551336288452148,10.587570190429688,1191658,5.231569290161133
2004-08-31,10.585153579711914,10.660037994384766,10.435386657714844,10.500608444213867,4024529,5.188599586486816
2004-09-01,10.510271072387695,10.62138843536377,10.461958885192871,10.539258003234863,1873535,5.207697868347168
2004-09-02,10.493361473083496,10.623804092407227,10.437803268432617,10.60447883605957,1636037,5.239925384521484
2004-09-03,10.565829277038574,10.7518310546875,10.52234935760498,10.67211627960205,1448663,5.273346900939941
2004-09-06,10.70835018157959,10.846038818359375,10.70835018157959,10.817051887512207,837258,5.344963073730469
2004-09-07,10.853285789489746,10.8943510055542,10.778402328491211,10.85811710357666,1565566,5.365255355834961
2004-09-08,10.877442359924316,10.916090965270996,10.766324043273926,10.899182319641113,1683615,5.38554573059082
2004-09-09,10.899182319641113,10.993390083312988,10.802557945251465,10.949910163879395,2421399,5.410611629486084
2004-09-10,10.978897094726562,10.978897094726562,10.732505798339844,10.761492729187012,4165948,5.317509174346924
2004-09-13,10.7518310546875,10.918506622314453,10.643129348754883,10.821883201599121,2664850,5.347350120544434
2004-09-14,10.780817985534668,10.821883201599121,10.722843170166016,10.732505798339844,2332485,5.303187847137451
2004-09-15,10.674530982971191,10.749415397644043,10.495777130126953,10.500608444213867,3834075,5.188599586486816
2004-09-16,10.51751708984375,10.62863540649414,10.416062355041504,10.529595375061035,1856566,5.202925205230713
2004-09-17,10.556166648864746,10.626218795776367,10.41123104095459,10.56099796295166,1712809,5.218440055847168
2004-09-20,10.52234935760498,10.551336288452148,10.249385833740234,10.309776306152344,2980142,5.094306945800781
2004-09-21,10.292866706848145,10.64071273803711,10.292866706848145,10.575491905212402,4506571,5.225602149963379
2004-09-22,10.616557121276855,10.674530982971191,10.51510238647461,10.580323219299316,4808186,5.227990627288818
2004-09-23,10.556166648864746,10.577906608581543,9.990917205810547,10.358087539672852,9564849,5.118178367614746
2004-09-24,10.362918853759766,10.362918853759766,10.133437156677246,10.230060577392578,3237135,5.054915904998779
2004-09-27,10.234891891479492,10.239724159240723,9.976423263549805,10.133437156677246,2403668,5.00717306137085
2004-09-28,10.053722381591797,10.184165000915527,10.046476364135742,10.09478759765625,2429877,4.98807430267334
2004-09-29,10.109280586242676,10.230060577392578,10.109280586242676,10.135852813720703,2753875,5.008366107940674
2004-09-30,10.145515441894531,10.290451049804688,9.819409370422363,9.88463020324707,7048819,4.884231090545654
2004-10-01,10.000578880310059,10.1575927734375,9.97159194946289,10.1575927734375,5338402,5.019108772277832
2004-10-04,10.259048461914062,10.536842346191406,10.232477188110352,10.425724983215332,3777166,5.151600360870361
2004-10-05,10.418478012084961,10.464373588562012,10.205904960632324,10.26871109008789,2364473,5.074014663696289
2004-10-06,10.26871109008789,10.346010208129883,10.123774528503418,10.23730754852295,2929911,5.058499336242676
2004-10-07,10.254217147827148,10.362918853759766,9.995747566223145,10.012657165527344,3598440,4.947493076324463
2004-10-08,9.92811107635498,10.017487525939941,9.860474586486816,9.957098007202148,4533972,4.920039653778076
2004-10-11,9.894292831420898,10.002994537353516,9.882214546203613,10.000578880310059,2901433,4.941524982452393
2004-10-12,10.089956283569336,10.089956283569336,9.771097183227539,9.86530590057373,1986165,4.874682903289795
2004-10-13,10.00782585144043,10.073046684265137,9.957098007202148,10.058553695678711,3396441,4.9701714515686035
2004-10-14,10.048891067504883,10.048891067504883,9.800085067749023,9.841150283813477,3322202,4.862746715545654
2004-10-15,9.7517728805542,9.918449401855469,9.7517728805542,9.918449401855469,2469209,4.900941848754883
2004-10-18,10.00782585144043,10.00782585144043,9.831486701965332,9.838733673095703,2261509,4.861553192138672
2004-10-19,9.872551918029785,10.123774528503418,9.872551918029785,10.063385009765625,3238960,4.972558498382568
2004-10-20,9.988500595092773,10.09478759765625,9.906371116638184,9.983670234680176,2952009,4.933169841766357
2004-10-21,10.058553695678711,10.058553695678711,9.845980644226074,9.930526733398438,2366568,4.906910419464111
2004-10-22,9.903955459594727,9.993331909179688,9.870137214660645,9.903955459594727,2583967,4.893779277801514
2004-10-25,9.795252799987793,9.807331085205078,9.676889419555664,9.742110252380371,1990860,4.813807487487793
2004-10-26,9.737278938293457,10.002994537353516,9.737278938293457,9.976423263549805,2916022,4.9295878410339355
2004-10-27,10.063385009765625,10.208320617675781,9.96434497833252,10.145515441894531,3180171,5.013142108917236
2004-10-28,10.256632804870605,10.41123104095459,10.196243286132812,10.21798324584961,5412214,5.048949241638184
2004-10-29,10.22523021697998,10.338763236999512,10.152762413024902,10.302529335021973,3750523,5.090724468231201
2004-11-01,10.259048461914062,10.370165824890137,10.22523021697998,10.35084056854248,1140363,5.114596366882324
2004-11-02,10.387075424194336,10.471620559692383,10.254217147827148,10.382244110107422,2933632,5.130114555358887
2004-11-03,10.4547119140625,10.507855415344238,10.249385833740234,10.387075424194336,2734112,5.132500648498535
2004-11-04,10.290451049804688,10.476451873779297,10.246970176696777,10.324270248413086,1390334,5.101467609405518
2004-11-05,10.418478012084961,10.633465766906738,10.348424911499023,10.53442668914795,5148085,5.2053117752075195
2004-11-08,10.437803268432617,10.602063179016113,10.41123104095459,10.573076248168945,2771192,5.224409103393555
2004-11-09,10.60447883605957,10.645544052124023,10.55858325958252,10.587570190429688,2090545,5.231569290161133
2004-11-10,10.589984893798828,10.783232688903809,10.546504974365234,10.7349214553833,3146060,5.304380416870117
2004-11-11,10.75424575805664,10.889519691467285,10.701103210449219,10.889519691467285,2114701,5.380771160125732
2004-11-12,10.882272720336914,10.918506622314453,10.792896270751953,10.884688377380371,2238831,5.378383636474609
2004-11-15,10.882272720336914,10.906429290771484,10.766324043273926,10.802557945251465,1398804,5.337801456451416
2004-11-16,10.739752769470215,10.79772663116455,10.51510238647461,10.56099796295166,2782895,5.218440055847168
2004-11-17,10.56099796295166,10.66486930847168,10.387075424194336,10.626218795776367,3680234,5.250669002532959
2004-11-18,10.532011032104492,10.739752769470215,10.507855415344238,10.7349214553833,2112155,5.304380416870117
2004-11-19,10.773571014404297,10.795310974121094,10.623804092407227,10.652791023254395,1890235,5.263799667358398
2004-11-22,10.52234935760498,10.616557121276855,10.4547119140625,10.616557121276855,1900692,5.245893955230713
2004-11-23,10.519932746887207,10.62863540649414,10.519932746887207,10.585153579711914,1724946,5.230376243591309
2004-11-24,10.62863540649414,10.62863540649414,10.490945816040039,10.541672706604004,1523088,5.208890438079834
2004-11-25,10.55858325958252,10.599648475646973,10.510271072387695,10.548919677734375,1600998,5.212472438812256
2004-11-26,10.55858325958252,10.565829277038574,10.500608444213867,10.529595375061035,904881,5.202925205230713
2004-11-29,10.527179718017578,10.71076488494873,10.527179718017578,10.568244934082031,2252741,5.222020626068115
2004-11-30,10.62863540649414,10.650375366210938,10.495777130126953,10.503024101257324,1775385,5.189794063568115
2004-12-01,10.563413619995117,10.62138843536377,10.483698844909668,10.565829277038574,2635255,5.220828056335449
2004-12-02,10.64071273803711,10.7349214553833,10.631051063537598,10.68419361114502,3560880,5.279314994812012
2004-12-03,10.53442668914795,10.749415397644043,10.53442668914795,10.660037994384766,4219839,5.267379283905029
2004-12-06,10.62863540649414,10.660037994384766,10.524764060974121,10.527179718017578,1213814,5.2017292976379395
2004-12-07,10.476451873779297,10.575491905212402,10.476451873779297,10.529595375061035,2640541,5.202925205230713
2004-12-08,10.580323219299316,10.626218795776367,10.474037170410156,10.532011032104492,2648908,5.2041168212890625
2004-12-09,10.532011032104492,10.5972318649292,10.495777130126953,10.582738876342773,2758769,5.229182720184326
2004-12-10,10.582738876342773,10.602063179016113,10.41123104095459,10.580323219299316,2295476,5.227990627288818
2004-12-13,10.510271072387695,10.62863540649414,10.49819278717041,10.62863540649414,2184153,5.251862049102783
2004-12-14,10.744584083557129,11.123832702636719,10.737337112426758,10.981311798095703,7350475,5.426128387451172
2004-12-15,11.11175537109375,11.138325691223145,10.990975379943848,11.104508399963379,3174144,5.487002372741699
2004-12-16,11.106924057006836,11.372638702392578,10.990975379943848,11.372638702392578,3762288,5.619490623474121
2004-12-17,11.273599624633789,11.329158782958984,11.196301460266113,11.29775619506836,4107892,5.582491397857666
2004-12-20,11.30500316619873,11.30500316619873,11.1914701461792,11.19388484954834,1555949,5.53116512298584
2004-12-21,11.189053535461426,11.3001708984375,11.138325691223145,11.160066604614258,2555126,5.514454364776611
2004-12-22,11.227704048156738,11.30500316619873,11.167313575744629,11.30500316619873,1668964,5.586070537567139
2004-12-23,11.278430938720703,11.336404800415039,11.259105682373047,11.317081451416016,1394652,5.592040061950684
2004-12-24,11.30500316619873,11.350898742675781,11.23736572265625,11.350898742675781,156520,5.6087493896484375
2004-12-27,11.348483085632324,11.382302284240723,11.317081451416016,11.382302284240723,1424106,5.624267101287842
2004-12-28,11.372638702392578,11.413704872131348,11.353315353393555,11.40404224395752,646456,5.635008335113525
2004-12-29,11.42336654663086,11.459601402282715,11.36780834197998,11.430614471435547,1079951,5.648138999938965
2004-12-30,11.430614471435547,11.462017059326172,11.384716987609863,11.462017059326172,915122,5.663656711578369
2004-12-31,11.437861442565918,11.471678733825684,11.353315353393555,11.399210929870605,806967,5.6326212882995605
2005-01-03,11.399210929870605,11.667343139648438,11.396795272827148,11.604537010192871,2138177,5.734078407287598
2005-01-04,11.563471794128418,11.768797874450684,11.524822235107422,11.664926528930664,2680428,5.763918399810791
2005-01-05,11.664926528930664,11.667343139648438,11.317081451416016,11.317081451416016,4095866,5.592040061950684
2005-01-06,11.30500316619873,11.568303108215332,11.30500316619873,11.532069206237793,3757668,5.698268890380859
2005-01-07,11.52965259552002,11.53448486328125,11.34123706817627,11.355730056762695,2561426,5.611135482788086
2005-01-10,11.428197860717773,11.44752311706543,11.268769264221191,11.268769264221191,2883429,5.568166732788086
2005-01-11,11.307417869567871,11.307417869567871,11.176976203918457,11.222871780395508,2682113,5.545488357543945
2005-01-12,11.210794448852539,11.29775619506836,11.085183143615723,11.123832702636719,2418389,5.496550559997559
2005-01-13,11.179391860961914,11.295339584350586,11.09484577178955,11.247028350830078,3182688,5.557426452636719
2005-01-14,11.162482261657715,11.413704872131348,11.143157958984375,11.41128921508789,2262726,5.638590335845947
2005-01-17,11.425783157348633,11.488588333129883,11.362977027893066,11.488588333129883,1215603,5.676785469055176
2005-01-18,11.481341361999512,11.582797050476074,11.37988567352295,11.546563148498535,1690181,5.705431938171387
2005-01-19,11.568303108215332,11.778459548950195,11.548977851867676,11.778459548950195,3693932,5.820018768310547
2005-01-20,11.715655326843262,11.730148315429688,11.570718765258789,11.730148315429688,2364312,5.796146392822266
2005-01-21,11.689083099365234,11.730148315429688,11.655264854431152,11.667343139648438,4118212,5.765110969543457
2005-01-24,11.592458724975586,11.662510871887207,11.478925704956055,11.606952667236328,2594015,5.735271453857422
2005-01-25,11.577964782714844,11.846096992492676,11.577964782714844,11.83401870727539,4433360,5.847470760345459
2005-01-26,11.891992568969727,12.039344787597656,11.838850021362305,12.012772560119629,4968424,5.935797214508057
2005-01-27,12.053837776184082,12.174617767333984,11.887162208557129,12.017603874206543,3632291,5.93818473815918
2005-01-28,12.029682159423828,12.029682159423828,11.925811767578125,11.93305778503418,2553333,5.896407127380371
2005-01-31,11.971708297729492,12.056254386901855,11.908902168273926,11.988616943359375,1579695,5.923861503601074
2005-02-01,12.051423072814941,12.051423072814941,11.947551727294922,12.007942199707031,2139589,5.933410167694092
2005-02-02,12.029682159423828,12.090071678161621,11.988616943359375,12.041760444641113,2520542,5.950120449066162
2005-02-03,12.005525588989258,12.319554328918457,12.005525588989258,12.319554328918457,3330445,6.087385177612305
2005-02-04,12.319554328918457,12.561114311218262,12.198774337768555,12.561114311218262,3776218,6.206745147705078
2005-02-07,12.561114311218262,12.802674293518066,12.476568222045898,12.790596008300781,2955544,6.3201375007629395
2005-02-08,12.754362106323242,13.068389892578125,12.718128204345703,12.838908195495605,5559283,6.344010353088379
2005-02-09,12.838908195495605,12.899297714233398,12.766440391540527,12.790596008300781,2087979,6.3201375007629395
2005-02-10,12.561114311218262,12.778517723083496,12.561114311218262,12.5973482131958,3812346,6.224649906158447
2005-02-11,12.585269927978516,12.923454284667969,12.585269927978516,12.875142097473145,1801466,6.36191463470459
2005-02-14,12.585269927978516,12.790596008300781,12.355788230895996,12.681894302368164,4820485,6.266427516937256
2005-02-15,12.657737731933594,12.693971633911133,12.63358211517334,12.669816017150879,3180109,6.260458946228027
2005-02-16,12.63358211517334,12.718128204345703,12.5973482131958,12.693971633911133,3182399,6.272393226623535
2005-02-17,12.63358211517334,13.044234275817871,12.60942554473877,12.959688186645508,4148043,6.403690338134766
2005-02-18,13.008000373840332,13.237482070922852,12.971766471862793,13.152935981750488,5808551,6.499178886413574
2005-02-21,13.08046817779541,13.140857696533203,12.923454284667969,13.044234275817871,1735134,6.445468425750732
2005-02-22,12.983843803405762,13.044234275817871,12.802674293518066,12.899297714233398,1846664,6.373852252960205
2005-02-23,12.802674293518066,12.802674293518066,12.476568222045898,12.5973482131958,3880350,6.224649906158447
2005-02-24,12.500723838806152,12.766440391540527,12.488645553588867,12.754362106323242,2894391,6.302233695983887
2005-02-25,12.766440391540527,13.104623794555664,12.742283821105957,13.092546463012695,2119648,6.469338893890381
2005-02-28,13.140857696533203,13.177091598510742,12.911375999450684,13.0200777053833,2517681,6.433530807495117
2005-03-01,12.971766471862793,13.128780364990234,12.88722038269043,13.044234275817871,3740521,6.445468425750732
2005-03-02,13.032155990600586,13.032155990600586,12.82682991027832,12.911375999450684,1737221,6.379818439483643
2005-03-03,12.657737731933594,13.0200777053833,12.657737731933594,12.88722038269043,3382593,6.367883682250977
2005-03-04,12.923454284667969,13.261637687683105,12.814751625061035,13.261637687683105,3026475,6.552890777587891
2005-03-07,13.261637687683105,13.442808151245117,13.213326454162598,13.406574249267578,3373705,6.624508380889893
2005-03-08,13.442808151245117,13.515275955200195,13.297871589660645,13.406574249267578,2558698,6.624508380889893
2005-03-09,13.479042053222656,13.575666427612305,13.285794258117676,13.346183776855469,1862345,6.594667434692383
2005-03-10,13.479042053222656,13.52735424041748,13.27371597290039,13.430729866027832,3285739,6.636443614959717
2005-03-11,13.50319766998291,13.515275955200195,13.249560356140137,13.297871589660645,2982759,6.570796489715576
2005-03-14,13.3341064453125,13.3341064453125,13.08046817779541,13.128780364990234,3357730,6.487242221832275
2005-03-15,12.754362106323242,12.899297714233398,12.452411651611328,12.452411651611328,8497561,6.153033256530762
2005-03-16,12.452411651611328,12.585269927978516,12.307476043701172,12.307476043701172,6292083,6.081417560577393
2005-03-17,12.319554328918457,12.488645553588867,12.222929954528809,12.319554328918457,3443820,6.087385177612305
2005-03-18,12.355788230895996,12.367865562438965,12.247085571289062,12.295397758483887,2311757,6.075448989868164
2005-03-21,12.283320426940918,12.367865562438965,12.247085571289062,12.271242141723633,2428192,6.063513278961182
2005-03-22,12.247085571289062,12.247085571289062,12.077994346618652,12.12630558013916,3374463,5.991897106170654
2005-03-23,12.077994346618652,12.355788230895996,12.077994346618652,12.355788230895996,2561464,6.105288505554199
2005-03-24,12.367865562438965,12.63358211517334,12.259163856506348,12.60942554473877,2862358,6.230617046356201
2005-03-25,12.60942554473877,12.60942554473877,12.60942554473877,12.60942554473877,0,6.230617046356201
2005-03-28,12.60942554473877,12.60942554473877,12.60942554473877,12.60942554473877,0,6.230617046356201
2005-03-29,12.44033432006836,12.524880409240723,12.283320426940918,12.476568222045898,2610574,6.164968967437744
2005-03-30,12.295397758483887,12.343709945678711,12.15046215057373,12.198774337768555,3468075,6.027703762054443
2005-03-31,12.222929954528809,12.464489936828613,12.222929954528809,12.247085571289062,3407875,6.051577568054199
2005-04-01,12.222929954528809,12.536957740783691,12.222929954528809,12.44033432006836,2961046,6.147066116333008
2005-04-04,12.416177749633789,12.416177749633789,12.174617767333984,12.319554328918457,2461058,6.087385177612305
2005-04-05,12.343709945678711,12.561114311218262,12.307476043701172,12.44033432006836,5024625,6.147066116333008
2005-04-06,12.416177749633789,12.645660400390625,12.367865562438965,12.645660400390625,4996512,6.2485222816467285
2005-04-07,12.57319164276123,12.681894302368164,12.452411651611328,12.561114311218262,3153371,6.206745147705078
2005-04-08,12.585269927978516,12.790596008300781,12.585269927978516,12.693971633911133,2379306,6.272393226623535
2005-04-11,12.561114311218262,12.63358211517334,12.488645553588867,12.488645553588867,2437598,6.170937538146973
2005-04-12,12.428256034851074,12.512802124023438,12.283320426940918,12.307476043701172,2739316,6.081417560577393
2005-04-13,12.343709945678711,12.44033432006836,12.210851669311523,12.222929954528809,3541254,6.039641380310059
2005-04-14,12.198774337768555,12.235008239746094,12.138383865356445,12.198774337768555,3215587,6.027703762054443
2005-04-15,12.102149963378906,12.114228248596191,11.78329086303711,11.78329086303711,4473958,5.822404384613037
2005-04-18,11.689083099365234,11.689083099365234,11.474095344543457,11.582797050476074,4980752,5.723336696624756
2005-04-19,11.679421424865723,11.780876159667969,11.541730880737305,11.643186569213867,3074396,5.753175735473633
2005-04-20,11.635939598083496,11.691498756408691,11.548977851867676,11.548977851867676,1853979,5.706624507904053
2005-04-21,11.53689956665039,11.792954444885254,11.53689956665039,11.606952667236328,2648175,5.735271453857422
2005-04-22,11.691498756408691,11.703577041625977,11.606952667236328,11.628692626953125,1950303,5.7460150718688965
2005-04-25,11.655264854431152,11.751888275146484,11.546563148498535,11.650432586669922,2540885,5.75675630569458
2005-04-26,11.563471794128418,11.652849197387695,11.507912635803223,11.59487533569336,2258114,5.72930383682251
2005-04-27,11.452354431152344,11.527237892150879,11.23736572265625,11.34123706817627,3745394,5.603974342346191
2005-04-28,11.338821411132812,11.519990921020508,11.338821411132812,11.507912635803223,3498407,5.686333656311035
2005-04-29,11.401626586914062,11.568303108215332,11.302586555480957,11.317081451416016,2665645,5.592040061950684
2005-05-02,11.40404224395752,11.476510047912598,11.34123706817627,11.382302284240723,1288467,5.624267101287842
2005-05-03,11.474095344543457,11.474095344543457,11.30500316619873,11.36056137084961,2625154,5.613524436950684
2005-05-04,11.401626586914062,11.469263076782227,11.266352653503418,11.292924880981445,4741813,5.580102443695068
2005-05-05,11.276016235351562,11.488588333129883,11.276016235351562,11.437861442565918,1970227,5.6517205238342285
2005-05-06,11.437861442565918,11.457184791564941,11.350898742675781,11.413704872131348,1791203,5.63978385925293
2005-05-09,11.331574440002441,11.394379615783691,11.30500316619873,11.370223999023438,2913161,5.6182990074157715
2005-05-10,11.399210929870605,11.440276145935059,11.278430938720703,11.317081451416016,1476250,5.592040061950684
2005-05-11,11.28084659576416,11.459601402282715,11.28084659576416,11.353315353393555,2006554,5.609943866729736
2005-05-12,11.391963958740234,11.539316177368164,11.377470970153809,11.539316177368164,2200199,5.7018513679504395
2005-05-13,11.563471794128418,12.003110885620117,11.527237892150879,11.945136070251465,6231195,5.902377128601074
2005-05-16,11.819524765014648,11.913734436035156,11.70840835571289,11.756719589233398,2819408,5.809274196624756
2005-05-17,11.860589981079102,11.904070854187012,11.776043891906738,11.841265678405762,7075512,5.851050853729248
2005-05-18,11.843681335449219,12.198774337768555,11.841265678405762,12.18669605255127,2783715,6.021738529205322
2005-05-19,12.12630558013916,12.355788230895996,12.12630558013916,12.271242141723633,2763298,6.063513278961182
2005-05-20,12.331631660461426,12.392022132873535,12.210851669311523,12.319554328918457,1349317,6.087385177612305
2005-05-23,12.416177749633789,12.549036026000977,12.343709945678711,12.247085571289062,2537300,6.051577568054199
2005-05-24,12.198774337768555,12.247085571289062,11.964461326599121,12.017603874206543,2845203,6.088290214538574
2005-05-25,12.065916061401367,12.102149963378906,11.945136070251465,12.073163032531738,2277186,6.116436004638672
2005-05-26,12.12630558013916,12.235008239746094,12.102149963378906,12.138383865356445,2205804,6.14948034286499
2005-05-27,12.102149963378906,12.198774337768555,11.993448257446289,12.032097816467285,1919842,6.095632553100586
2005-05-30,12.065916061401367,12.210851669311523,11.981369972229004,12.18669605255127,1182447,6.173956394195557
2005-05-31,12.174617767333984,12.476568222045898,12.15046215057373,12.40410041809082,4236692,6.284095764160156
2005-06-01,12.355788230895996,12.464489936828613,12.271242141723633,12.319554328918457,2828818,6.241262912750244
2005-06-02,12.319554328918457,12.44033432006836,12.271242141723633,12.40410041809082,2925634,6.284095764160156
2005-06-03,12.416177749633789,12.5973482131958,12.392022132873535,12.512802124023438,1937776,6.339164733886719
2005-06-06,12.452411651611328,12.536957740783691,12.37994384765625,12.524880409240723,1571009,6.345284461975098
2005-06-07,12.536957740783691,12.778517723083496,12.428256034851074,12.754362106323242,3451934,6.46154260635376
2005-06-08,12.657737731933594,12.681894302368164,12.57319164276123,12.621503829956055,1281408,6.394234657287598
2005-06-09,12.60942554473877,12.60942554473877,12.392022132873535,12.452411651611328,2355345,6.308570384979248
2005-06-10,12.488645553588867,12.5973482131958,12.476568222045898,12.524880409240723,1611703,6.345284461975098
2005-06-13,12.476568222045898,12.706049919128418,12.476568222045898,12.669816017150879,1327571,6.4187116622924805
2005-06-14,12.681894302368164,12.681894302368164,12.416177749633789,12.488645553588867,2141299,6.326927661895752
2005-06-15,12.536957740783691,12.681894302368164,12.452411651611328,12.488645553588867,1389088,6.326927661895752
2005-06-16,12.512802124023438,12.57319164276123,12.355788230895996,12.512802124023438,1772848,6.339164733886719
2005-06-17,12.561114311218262,12.60942554473877,12.392022132873535,12.44033432006836,2304062,6.3024516105651855
2005-06-20,12.077994346618652,12.355788230895996,12.053837776184082,12.307476043701172,4709552,6.235144138336182
2005-06-21,12.283320426940918,12.488645553588867,12.283320426940918,12.37994384765625,1656462,6.271857738494873
2005-06-22,12.452411651611328,12.63358211517334,12.355788230895996,12.60942554473877,1516886,6.388115406036377
2005-06-23,12.60942554473877,12.681894302368164,12.452411651611328,12.512802124023438,1799172,6.339164733886719
2005-06-24,12.40410041809082,12.464489936828613,12.198774337768555,12.247085571289062,2736762,6.204549789428711
2005-06-27,12.235008239746094,12.235008239746094,12.02001953125,12.114228248596191,2437734,6.137241363525391
2005-06-28,12.077994346618652,12.259163856506348,12.041760444641113,12.235008239746094,3141692,6.198431491851807
2005-06-29,12.222929954528809,12.343709945678711,12.102149963378906,12.331631660461426,3069810,6.24738073348999
2005-06-30,12.271242141723633,12.355788230895996,12.114228248596191,12.162540435791016,3259464,6.161717414855957
2005-07-01,12.162540435791016,12.331631660461426,12.138383865356445,12.307476043701172,2284452,6.235144138336182
2005-07-04,12.319554328918457,12.392022132873535,12.15046215057373,12.247085571289062,2931542,6.204549789428711
2005-07-05,12.271242141723633,12.307476043701172,11.715655326843262,11.715655326843262,10176933,5.935319423675537
2005-07-06,11.768797874450684,11.83401870727539,11.655264854431152,11.674589157104492,6542580,5.914514064788818
2005-07-07,11.643186569213867,11.751888275146484,10.932999610900879,11.457184791564941,6564098,5.804375171661377
2005-07-08,11.606952667236328,11.616615295410156,11.401626586914062,11.515159606933594,5291143,5.833745956420898
2005-07-11,11.628692626953125,11.715655326843262,11.590043067932129,11.669757843017578,3887623,5.912066459655762
2005-07-12,11.691498756408691,11.734978675842285,11.59487533569336,11.652849197387695,3433430,5.903500080108643
2005-07-13,11.725317001342773,11.83401870727539,11.609368324279785,11.788122177124023,5458575,5.97203254699707
2005-07-14,11.836434364318848,11.962045669555664,11.732563972473145,11.93305778503418,3103400,6.045456886291504
2005-07-15,11.89682388305664,11.95721435546875,11.776043891906738,11.836434364318848,2670853,5.996508598327637
2005-07-18,11.916149139404297,11.916149139404297,11.705991744995117,11.737395286560059,2802497,5.946332931518555
2005-07-19,11.739810943603516,11.945136070251465,11.730148315429688,11.884745597839355,3813580,6.02098274230957
2005-07-20,11.79053783416748,11.908902168273926,11.669757843017578,11.710823059082031,3004625,5.932870388031006
2005-07-21,11.80744743347168,12.295397758483887,11.788122177124023,12.174617767333984,5779597,6.167835712432861
2005-07-22,12.247085571289062,12.428256034851074,12.102149963378906,12.15046215057373,3658781,6.155600070953369
2005-07-25,12.259163856506348,12.355788230895996,12.114228248596191,12.18669605255127,2201909,6.173956394195557
2005-07-26,12.138383865356445,12.222929954528809,12.053837776184082,12.053837776184082,1984195,6.1066460609436035
2005-07-27,12.247085571289062,12.331631660461426,12.073163032531738,12.210851669311523,3552659,6.186193943023682
2005-07-28,12.295397758483887,12.549036026000977,12.210851669311523,12.37994384765625,4039495,6.271857738494873
2005-07-29,12.452411651611328,12.621503829956055,12.283320426940918,12.283320426940918,3556712,6.222907066345215
2005-08-01,12.319554328918457,12.561114311218262,12.259163856506348,12.37994384765625,2770430,6.271857738494873
2005-08-02,12.37994384765625,12.669816017150879,12.37994384765625,12.669816017150879,3813323,6.4187116622924805
2005-08-03,12.60942554473877,12.706049919128418,12.57319164276123,12.63358211517334,4457581,6.400354862213135
2005-08-04,12.63358211517334,12.706049919128418,12.500723838806152,12.561114311218262,4192612,6.363639831542969
2005-08-05,12.959688186645508,13.225403785705566,12.790596008300781,12.802674293518066,8860361,6.486019611358643
2005-08-08,12.875142097473145,12.911375999450684,12.718128204345703,12.802674293518066,5107784,6.486019611358643
2005-08-09,12.778517723083496,12.850985527038574,12.730205535888672,12.766440391540527,8638830,6.467661380767822
2005-08-10,12.754362106323242,12.850985527038574,12.693971633911133,12.693971633911133,2671941,6.430947303771973
2005-08-11,12.681894302368164,12.742283821105957,12.60942554473877,12.657737731933594,1831355,6.412591934204102
2005-08-12,12.669816017150879,12.706049919128418,12.452411651611328,12.524880409240723,2533769,6.345284461975098
2005-08-15,12.549036026000977,12.549036026000977,12.392022132873535,12.416177749633789,1130270,6.290213584899902
2005-08-16,12.500723838806152,12.549036026000977,12.319554328918457,12.355788230895996,1357009,6.259618759155273
2005-08-17,12.355788230895996,12.500723838806152,12.259163856506348,12.319554328918457,1333354,6.241262912750244
2005-08-18,12.343709945678711,12.37994384765625,12.210851669311523,12.247085571289062,1469602,6.204549789428711
2005-08-19,12.307476043701172,12.355788230895996,12.222929954528809,12.307476043701172,2047666,6.235144138336182
2005-08-22,12.331631660461426,12.488645553588867,12.271242141723633,12.343709945678711,2420604,6.2535014152526855
2005-08-23,12.331631660461426,12.343709945678711,12.114228248596191,12.138383865356445,2660478,6.14948034286499
2005-08-24,12.452411651611328,12.452411651611328,12.061084747314453,12.138383865356445,2078101,6.14948034286499
2005-08-25,12.046591758728027,12.090071678161621,12.005525588989258,12.029682159423828,1882435,6.094409465789795
2005-08-26,12.075578689575195,12.075578689575195,11.901656150817871,11.954798698425293,1955862,6.056473731994629
2005-08-29,11.923396110534668,12.029682159423828,11.884745597839355,11.966876983642578,1712577,6.062590599060059
2005-08-30,12.056254386901855,12.056254386901855,11.858175277709961,11.858175277709961,1640818,6.007521629333496
2005-08-31,11.863005638122559,11.954798698425293,11.817110061645508,11.904070854187012,2359468,6.030772686004639
2005-09-01,11.94030475616455,12.005525588989258,11.891992568969727,11.95721435546875,1987651,6.057695388793945
2005-09-02,11.962045669555664,12.090071678161621,11.631109237670898,11.74705696105957,3438087,5.951227188110352
2005-09-05,11.74464225769043,11.875083923339844,11.730148315429688,11.848511695861816,1847765,6.002625465393066
2005-09-06,11.83401870727539,11.993448257446289,11.82677173614502,11.966876983642578,2390988,6.062590599060059
2005-09-07,11.928227424621582,12.12630558013916,11.913734436035156,12.114228248596191,3783252,6.137241363525391
2005-09-08,12.15046215057373,12.162540435791016,12.010357856750488,12.053837776184082,2740790,6.1066460609436035
2005-09-09,12.12630558013916,12.343709945678711,12.114228248596191,12.259163856506348,3893903,6.210668087005615
2005-09-12,12.271242141723633,12.428256034851074,12.271242141723633,12.37994384765625,2358483,6.271857738494873
2005-09-13,12.40410041809082,12.416177749633789,12.12630558013916,12.18669605255127,2174350,6.173956394195557
2005-09-14,12.18669605255127,12.295397758483887,12.053837776184082,12.15046215057373,1720889,6.155600070953369
2005-09-15,12.102149963378906,12.319554328918457,12.077994346618652,12.259163856506348,1880291,6.210668087005615
2005-09-16,12.307476043701172,12.367865562438965,12.18669605255127,12.367865562438965,2651458,6.265737056732178
2005-09-19,12.259163856506348,12.295397758483887,12.138383865356445,12.174617767333984,1562482,6.167835712432861
2005-09-20,12.235008239746094,12.295397758483887,12.174617767333984,12.247085571289062,1466865,6.204549789428711
2005-09-21,12.15046215057373,12.259163856506348,12.017603874206543,12.077994346618652,1679450,6.118885517120361
2005-09-22,12.077994346618652,12.114228248596191,11.860589981079102,11.860589981079102,2712569,6.008745193481445
2005-09-23,11.872668266296387,12.017603874206543,11.867836952209473,11.959630012512207,2341845,6.058919906616211
2005-09-26,12.02001953125,12.12630558013916,11.95721435546875,12.046591758728027,3140479,6.102975845336914
2005-09-27,12.046591758728027,12.046591758728027,11.93305778503418,11.945136070251465,3117827,6.051578044891357
2005-09-28,11.945136070251465,12.041760444641113,11.817110061645508,11.853343963623047,6997394,6.0050740242004395
2005-09-29,11.882330894470215,11.964461326599121,11.821941375732422,11.848511695861816,2123017,6.002625465393066
2005-09-30,11.962045669555664,12.003110885620117,11.756719589233398,11.80744743347168,3001504,5.981821537017822
2005-10-03,11.860589981079102,11.891992568969727,11.809863090515137,11.85092830657959,3253110,6.003849506378174
2005-10-04,11.887162208557129,12.331631660461426,11.836434364318848,12.307476043701172,5041569,6.235144138336182
2005-10-05,12.271242141723633,12.271242141723633,12.029682159423828,12.056254386901855,3147720,6.107871055603027
2005-10-06,12.053837776184082,12.090071678161621,11.734978675842285,11.763965606689453,5696723,5.959794521331787
2005-10-07,11.759135246276855,11.925811767578125,11.742225646972656,11.913734436035156,4238244,6.035667419433594
2005-10-10,11.93305778503418,12.114228248596191,11.771212577819824,11.773629188537598,4174596,5.964690208435059
2005-10-11,11.763965606689453,11.83401870727539,11.462017059326172,11.486172676086426,6780165,5.8190598487854
2005-10-12,11.474095344543457,11.667343139648438,11.430614471435547,11.609368324279785,4605569,5.881472587585449
2005-10-13,11.611783981323242,11.737395286560059,11.5972900390625,11.621445655822754,3605581,5.8875908851623535
2005-10-14,11.59487533569336,11.754303932189941,11.59487533569336,11.751888275146484,4622762,5.95367431640625
2005-10-17,11.730148315429688,11.904070854187012,11.660096168518066,11.802616119384766,3263211,5.979374885559082
2005-10-18,11.776043891906738,12.077994346618652,11.776043891906738,12.068331718444824,8514430,6.11398983001709
2005-10-19,11.920980453491211,11.97653865814209,11.691498756408691,11.85092830657959,5929775,6.003849506378174
2005-10-20,11.95721435546875,11.97653865814209,11.756719589233398,11.838850021362305,4938212,5.997732162475586
2005-10-21,11.703577041625977,11.901656150817871,11.703577041625977,11.872668266296387,3291498,6.01486349105835
2005-10-24,11.848511695861816,12.068331718444824,11.843681335449219,12.041760444641113,2980900,6.100528240203857
2005-10-25,11.585211753845215,11.715655326843262,11.039286613464355,11.109338760375977,20409716,5.628149032592773
2005-10-26,11.174559593200684,11.249444007873535,11.003052711486816,11.053779602050781,6015828,5.600002288818359
2005-10-27,11.003052711486816,11.063443183898926,10.722843170166016,10.74699878692627,4840219,5.444583415985107
2005-10-28,10.74699878692627,10.817051887512207,10.64071273803711,10.67211627960205,4732213,5.406647205352783
2005-10-31,10.792896270751953,10.906429290771484,10.749415397644043,10.879857063293457,2448316,5.511890888214111
2005-11-01,10.918506622314453,10.978897094726562,10.882272720336914,10.93783187866211,3106339,5.541261672973633
2005-11-02,10.906429290771484,11.010299682617188,10.713180541992188,10.807389259338379,3610330,5.47517728805542
2005-11-03,10.870195388793945,10.918506622314453,10.759077072143555,10.867778778076172,2395153,5.505772113800049
2005-11-04,10.916090965270996,10.918506622314453,10.795310974121094,10.843623161315918,2895389,5.493534564971924
2005-11-07,10.916090965270996,10.918506622314453,10.83396053314209,10.843623161315918,2272347,5.493534564971924
2005-11-08,10.884688377380371,11.027209281921387,10.870195388793945,10.971650123596191,3458343,5.558396339416504
2005-11-09,10.990975379943848,11.003052711486816,10.763909339904785,10.763909339904785,2300638,5.453149795532227
2005-11-10,10.763909339904785,10.817051887512207,10.568244934082031,10.5972318649292,3713596,5.368709564208984
2005-11-11,10.725258827209473,10.732505798339844,10.635882377624512,10.68419361114502,3243684,5.412765979766846
2005-11-14,10.701103210449219,10.850870132446289,10.701103210449219,10.795310974121094,2397094,5.469058990478516
2005-11-15,10.850870132446289,10.92092227935791,10.802557945251465,10.89676570892334,3362400,5.520457744598389
2005-11-16,10.928169250488281,10.928169250488281,10.713180541992188,10.773571014404297,2036285,5.458045959472656
2005-11-17,10.843623161315918,10.843623161315918,10.689024925231934,10.727675437927246,1791435,5.434792995452881
2005-11-18,10.79047966003418,10.831544876098633,10.737337112426758,10.795310974121094,3147467,5.469058990478516
2005-11-21,10.935416221618652,10.935416221618652,10.79772663116455,10.85811710357666,1674313,5.50087833404541
2005-11-22,10.911259651184082,10.911259651184082,10.727675437927246,10.7518310546875,2719735,5.447031021118164
2005-11-23,10.819466590881348,10.824297904968262,10.64795970916748,10.701103210449219,4463054,5.421331405639648
2005-11-24,10.70835018157959,10.732505798339844,10.669699668884277,10.713180541992188,2521246,5.427452087402344
2005-11-25,10.7349214553833,10.800143241882324,10.701103210449219,10.761492729187012,4470837,5.451925754547119
2005-11-28,10.785649299621582,10.889519691467285,10.763909339904785,10.804973602294922,5702763,5.473954200744629
2005-11-29,10.838791847229004,11.232535362243652,10.804973602294922,11.179391860961914,7709561,5.66364049911499
2005-11-30,11.198716163635254,11.309833526611328,10.981311798095703,11.172144889831543,6578608,5.659968852996826
2005-12-01,11.230118751525879,11.251859664916992,11.116585731506348,11.174559593200684,3237114,5.661193370819092
2005-12-02,11.283262252807617,11.312249183654785,11.186637878417969,11.227704048156738,3448949,5.68811559677124
2005-12-05,11.259105682373047,11.3001708984375,11.068273544311523,11.102091789245605,3791101,5.624479293823242
2005-12-06,11.11175537109375,11.181806564331055,11.082768440246582,11.11175537109375,2745906,5.629374027252197
2005-12-07,11.085183143615723,11.085183143615723,10.906429290771484,10.906429290771484,3870832,5.525352478027344
2005-12-08,10.911259651184082,11.073104858398438,10.841208457946777,11.073104858398438,3714515,5.609793663024902
2005-12-09,11.005468368530273,11.048949241638184,10.935416221618652,10.954740524291992,3427605,5.54982852935791
2005-12-12,10.952324867248535,11.099677085876465,10.952324867248535,11.039286613464355,3946408,5.592660427093506
2005-12-13,11.05136489868164,11.215625762939453,11.05136489868164,11.13107967376709,4720307,5.639166355133057
2005-12-14,11.147989273071289,11.174559593200684,11.048949241638184,11.048949241638184,2912842,5.5975565910339355
2005-12-15,11.11175537109375,11.11175537109375,11.019962310791016,11.019962310791016,1791261,5.582870960235596
2005-12-16,11.184223175048828,11.184223175048828,11.017545700073242,11.022377967834473,3426313,5.584094524383545
2005-12-19,11.022377967834473,11.085183143615723,10.966818809509277,11.034456253051758,2405929,5.590214252471924
2005-12-20,10.969234466552734,11.290509223937988,10.966818809509277,11.232535362243652,5728256,5.690562725067139
2005-12-21,11.276016235351562,11.295339584350586,11.05136489868164,11.251859664916992,5435724,5.700353145599365
2005-12-22,11.266352653503418,11.338821411132812,11.222871780395508,11.338821411132812,5789143,5.744410037994385
2005-12-23,11.30500316619873,11.435444831848145,11.256690979003906,11.428197860717773,2593845,5.789690017700195
2005-12-26,11.428197860717773,11.428197860717773,11.428197860717773,11.428197860717773,0,5.789690017700195
2005-12-27,11.474095344543457,11.474095344543457,11.331574440002441,11.382302284240723,1218265,5.766437530517578
2005-12-28,11.377470970153809,11.561056137084961,11.329158782958984,11.478925704956055,1733913,5.81538724899292
2005-12-29,11.524822235107422,11.524822235107422,11.437861442565918,11.503082275390625,1436128,5.827627182006836
2005-12-30,11.433029174804688,11.505496978759766,11.362977027893066,11.469263076782227,1084008,5.8104939460754395
2006-01-02,11.430614471435547,11.532069206237793,11.430614471435547,11.498250961303711,755965,5.825179100036621
2006-01-03,11.466848373413086,11.686667442321777,11.440276145935059,11.563471794128418,3185652,5.858221054077148
2006-01-04,11.689083099365234,11.689083099365234,11.563471794128418,11.626276969909668,4494545,5.890038013458252
2006-01-05,11.713238716125488,11.812277793884277,11.703577041625977,11.763965606689453,4055470,5.959794521331787
2006-01-06,11.761550903320312,11.93789005279541,11.761550903320312,11.918564796447754,3846010,6.038116455078125
2006-01-09,11.884745597839355,11.969291687011719,11.82677173614502,11.935474395751953,3337805,6.046682834625244
2006-01-10,11.89682388305664,12.138383865356445,11.848511695861816,12.12630558013916,6059598,6.1433610916137695
2006-01-11,12.12630558013916,12.283320426940918,12.114228248596191,12.247085571289062,6192621,6.204549789428711
2006-01-12,12.222929954528809,12.40410041809082,12.18669605255127,12.367865562438965,3210226,6.265737056732178
2006-01-13,12.343709945678711,12.40410041809082,12.102149963378906,12.138383865356445,2762354,6.14948034286499
2006-01-16,12.15046215057373,12.15046215057373,12.029682159423828,12.090071678161621,1217085,6.125004768371582
2006-01-17,11.969291687011719,12.017603874206543,11.882330894470215,11.908902168273926,2946470,6.033219814300537
2006-01-18,11.754303932189941,11.812277793884277,11.635939598083496,11.759135246276855,5529522,5.957345485687256
2006-01-19,11.739810943603516,11.918564796447754,11.696330070495605,11.855758666992188,2961708,6.006297588348389
2006-01-20,11.841265678405762,11.952383041381836,11.643186569213867,11.643186569213867,3456658,5.898604869842529
2006-01-23,11.522406578063965,11.546563148498535,11.452354431152344,11.474095344543457,4576889,5.8129425048828125
2006-01-24,11.476510047912598,11.655264854431152,11.476510047912598,11.59487533569336,3133665,5.874129295349121
2006-01-25,11.686667442321777,11.882330894470215,11.59487533569336,11.751888275146484,4022737,5.95367431640625
2006-01-26,11.809863090515137,11.986202239990234,11.788122177124023,11.899239540100098,2127840,6.02832555770874
2006-01-27,12.034514427185059,12.051423072814941,11.819524765014648,11.89682388305664,1823642,6.027101516723633
2006-01-30,11.82677173614502,12.077994346618652,11.82677173614502,12.070748329162598,2331367,6.115215301513672
2006-01-31,11.908902168273926,11.920980453491211,11.79053783416748,11.872668266296387,5712657,6.01486349105835
2006-02-01,11.70840835571289,11.942721366882324,11.507912635803223,11.911317825317383,7222167,6.034445285797119
2006-02-02,11.93789005279541,12.041760444641113,11.773629188537598,11.778459548950195,2829468,5.967137336730957
2006-02-03,12.077994346618652,12.319554328918457,11.969291687011719,12.319554328918457,7529850,6.241262912750244
2006-02-06,12.307476043701172,12.718128204345703,12.307476043701172,12.681894302368164,6974953,6.424829959869385
2006-02-07,12.681894302368164,12.706049919128418,12.44033432006836,12.561114311218262,4575113,6.363639831542969
2006-02-08,12.452411651611328,12.488645553588867,12.319554328918457,12.392022132873535,3325067,6.277976036071777
2006-02-09,12.524880409240723,12.549036026000977,12.37994384765625,12.549036026000977,3258028,6.357522487640381
2006-02-10,12.500723838806152,12.60942554473877,12.452411651611328,12.57319164276123,3485562,6.369759559631348
2006-02-13,12.57319164276123,13.213326454162598,12.536957740783691,13.213326454162598,8591173,6.6940598487854
2006-02-14,12.814751625061035,12.850985527038574,12.40410041809082,12.500723838806152,7985886,6.333045482635498
2006-02-15,12.476568222045898,12.60942554473877,12.210851669311523,12.452411651611328,6356651,6.308570384979248
2006-02-16,12.464489936828613,12.561114311218262,12.235008239746094,12.37994384765625,4352982,6.271857738494873
2006-02-17,12.319554328918457,12.57319164276123,12.295397758483887,12.464489936828613,3377017,6.3146891593933105
2006-02-20,12.500723838806152,12.500723838806152,12.283320426940918,12.428256034851074,2378047,6.296331405639648
2006-02-21,12.452411651611328,12.524880409240723,12.355788230895996,12.428256034851074,2180684,6.296331405639648
2006-02-22,12.452411651611328,12.585269927978516,12.331631660461426,12.561114311218262,1884865,6.363639831542969
2006-02-23,12.512802124023438,12.766440391540527,12.44033432006836,12.60942554473877,4249194,6.388115406036377
2006-02-24,12.488645553588867,12.669816017150879,12.488645553588867,12.585269927978516,1704715,6.375878810882568
2006-02-27,12.561114311218262,12.669816017150879,12.500723838806152,12.669816017150879,2063844,6.4187116622924805
2006-02-28,12.645660400390625,12.681894302368164,12.319554328918457,12.367865562438965,3764283,6.265737056732178
2006-03-01,12.319554328918457,12.585269927978516,12.319554328918457,12.464489936828613,2447827,6.3146891593933105
2006-03-02,12.416177749633789,12.500723838806152,12.053837776184082,12.18669605255127,4670025,6.173956394195557
2006-03-03,12.114228248596191,12.198774337768555,11.89682388305664,12.005525588989258,3242632,6.082170486450195
2006-03-06,12.034514427185059,12.343709945678711,12.034514427185059,12.235008239746094,4272195,6.198431491851807
2006-03-07,12.235008239746094,12.271242141723633,12.15046215057373,12.210851669311523,2759530,6.186193943023682
2006-03-08,12.210851669311523,12.222929954528809,11.812277793884277,11.998279571533203,4341039,6.078499794006348
2006-03-09,12.061084747314453,12.12630558013916,11.991032600402832,12.0369291305542,3302212,6.098083019256592
2006-03-10,12.024850845336914,12.222929954528809,11.959630012512207,12.198774337768555,1958466,6.180072784423828
2006-03-13,12.210851669311523,12.247085571289062,12.015189170837402,12.041760444641113,2510731,6.100528240203857
2006-03-14,11.969291687011719,12.15046215057373,11.969291687011719,12.12630558013916,3017201,6.1433610916137695
2006-03-15,12.039344787597656,12.295397758483887,12.039344787597656,12.295397758483887,3537768,6.229024410247803
2006-03-16,12.283320426940918,12.319554328918457,12.138383865356445,12.235008239746094,2309505,6.198431491851807
2006-03-17,12.222929954528809,12.343709945678711,12.12630558013916,12.15046215057373,3818187,6.155600070953369
2006-03-20,12.210851669311523,12.367865562438965,12.18669605255127,12.307476043701172,2325758,6.235144138336182
2006-03-21,12.367865562438965,12.549036026000977,12.174617767333984,12.476568222045898,3310922,6.320807933807373
2006-03-22,12.210851669311523,12.5973482131958,12.198774337768555,12.57319164276123,2160193,6.369759559631348
2006-03-23,12.585269927978516,12.742283821105957,12.524880409240723,12.718128204345703,3526144,6.443186283111572
2006-03-24,12.742283821105957,12.959688186645508,12.718128204345703,12.86306381225586,3812023,6.516613483428955
2006-03-27,13.0200777053833,13.092546463012695,12.706049919128418,12.742283821105957,4147799,6.455423831939697
2006-03-28,12.742283821105957,12.802674293518066,12.500723838806152,12.549036026000977,3076210,6.357522487640381
2006-03-29,12.488645553588867,12.561114311218262,12.488645553588867,12.561114311218262,3693113,6.363639831542969
2006-03-30,12.681894302368164,12.706049919128418,12.488645553588867,12.57319164276123,3772699,6.369759559631348
2006-03-31,12.500723838806152,12.60942554473877,12.488645553588867,12.524880409240723,2607614,6.345284461975098
2006-04-03,12.585269927978516,12.971766471862793,12.536957740783691,12.971766471862793,5631464,6.571682929992676
2006-04-04,12.995922088623047,13.261637687683105,12.875142097473145,12.911375999450684,4442985,6.541088104248047
2006-04-05,12.935531616210938,13.008000373840332,12.766440391540527,12.82682991027832,3426247,6.498255252838135
2006-04-06,13.11670207977295,13.491120338439941,13.032155990600586,13.261637687683105,10765412,6.71853494644165
2006-04-07,13.213326454162598,13.672289848327637,13.189169883728027,13.346183776855469,8601071,6.761368274688721
2006-04-10,13.285794258117676,13.599822044372559,13.27371597290039,13.575666427612305,6818880,6.877627849578857
2006-04-11,13.491120338439941,13.575666427612305,13.382417678833008,13.406574249267578,5054746,6.791963577270508
2006-04-12,13.454886436462402,13.454886436462402,13.177091598510742,13.382417678833008,5371785,6.779725551605225
2006-04-13,13.466963768005371,13.466963768005371,13.297871589660645,13.418651580810547,2447277,6.7980804443359375
2006-04-18,13.418651580810547,13.466963768005371,13.3341064453125,13.406574249267578,3912971,6.791963577270508
2006-04-19,13.52735424041748,13.611900329589844,13.479042053222656,13.56358814239502,4161373,6.871509075164795
2006-04-20,13.491120338439941,13.611900329589844,13.491120338439941,13.56358814239502,4337404,6.871509075164795
2006-04-21,13.611900329589844,13.708523750305176,13.575666427612305,13.708523750305176,3550138,6.944934844970703
2006-04-24,13.599822044372559,13.720602035522461,13.551509857177734,13.648134231567383,2725891,6.914340019226074
2006-04-25,13.696446418762207,13.889694213867188,13.672289848327637,13.81722640991211,3466059,7.00000524520874
2006-04-26,13.636055946350098,14.01047420501709,13.346183776855469,13.793069839477539,6128653,6.987766742706299
2006-04-27,13.780991554260254,13.901771545410156,13.599822044372559,13.841382026672363,4870667,7.012242794036865
2006-04-28,13.780991554260254,13.98631763458252,13.720602035522461,13.81722640991211,4531571,7.00000524520874
2006-05-02,13.81722640991211,14.252033233642578,13.768914222717285,14.191642761230469,5163294,7.189689636230469
2006-05-03,14.143330574035645,14.1795654296875,13.829303741455078,13.889694213867188,5628496,7.036718845367432
2006-05-04,13.865537643432617,13.962162017822266,13.708523750305176,13.853460311889648,5089449,7.018360614776611
2006-05-05,13.925928115844727,13.97424030303955,13.780991554260254,13.913849830627441,6252983,7.048955917358398
2006-05-08,13.998395919799805,14.107096672058105,13.925928115844727,13.98631763458252,2740206,7.08566951751709
2006-05-09,13.98631763458252,14.37281322479248,13.962162017822266,14.252033233642578,4110636,7.220285892486572
2006-05-10,14.252033233642578,14.638528823852539,14.227876663208008,14.493593215942383,7750905,7.342663764953613
2006-05-11,14.505670547485352,14.590216636657715,14.34865665435791,14.38489055633545,12924914,7.28759241104126
2006-05-12,14.264110565185547,14.312422752380371,13.177091598510742,13.177091598510742,16166768,6.675704002380371
2006-05-15,13.189169883728027,13.370340347290039,12.875142097473145,13.11670207977295,7534946,6.645109176635742
2006-05-16,12.875142097473145,12.88722038269043,12.57319164276123,12.63358211517334,6634590,6.563535690307617
2006-05-17,12.60942554473877,12.802674293518066,12.247085571289062,12.271242141723633,5371280,6.375288963317871
2006-05-18,12.37994384765625,12.488645553588867,12.102149963378906,12.18669605255127,5178148,6.331366062164307
2006-05-19,12.247085571289062,12.742283821105957,12.138383865356445,12.319554328918457,5550540,6.400388240814209
2006-05-22,12.355788230895996,12.355788230895996,11.771212577819824,11.812277793884277,4978396,6.136842250823975
2006-05-23,11.95721435546875,12.259163856506348,11.947551727294922,12.073163032531738,7859375,6.272380828857422
2006-05-24,11.969291687011719,12.102149963378906,11.836434364318848,11.865422248840332,6263788,6.164453029632568
2006-05-25,11.867836952209473,12.162540435791016,11.730148315429688,12.049007415771484,3648138,6.259829998016357
2006-05-26,12.283320426940918,12.37994384765625,12.12630558013916,12.367865562438965,3445807,6.4254865646362305
2006-05-29,12.198774337768555,12.40410041809082,12.12630558013916,12.307476043701172,2517470,6.394113540649414
2006-05-30,12.222929954528809,12.247085571289062,12.010357856750488,12.02001953125,5579787,6.244770050048828
2006-05-31,11.971708297729492,12.355788230895996,11.797784805297852,12.343709945678711,5750068,6.412938594818115
2006-06-01,12.271242141723633,12.355788230895996,12.053837776184082,12.068331718444824,5006468,6.269870758056641
2006-06-02,12.102149963378906,12.307476043701172,12.049007415771484,12.18669605255127,4384432,6.331366062164307
2006-06-05,12.198774337768555,12.198774337768555,11.966876983642578,11.988616943359375,1666505,6.228456497192383
2006-06-06,11.94030475616455,11.998279571533203,11.730148315429688,11.737395286560059,4523089,6.097938060760498
2006-06-07,11.756719589233398,11.860589981079102,11.36780834197998,11.474095344543457,9876759,5.961147308349609
2006-06-08,11.290509223937988,11.570718765258789,11.247028350830078,11.457184791564941,6344567,5.952361583709717
2006-06-09,11.59487533569336,11.739810943603516,11.522406578063965,11.672174453735352,5173325,6.064054489135742
2006-06-12,11.70116138458252,11.70116138458252,11.462017059326172,11.592458724975586,5145792,6.022640228271484
2006-06-13,11.377470970153809,11.652849197387695,11.329158782958984,11.389549255371094,4744442,5.917222023010254
2006-06-14,11.435444831848145,11.435444831848145,11.00063705444336,11.201131820678711,4029340,5.819333553314209
2006-06-15,11.283262252807617,11.440276145935059,11.23736572265625,11.408872604370117,5228728,5.927260398864746
2006-06-16,11.611783981323242,11.715655326843262,11.333990097045898,11.377470970153809,5706518,5.910947799682617
2006-06-19,11.38713264465332,11.739810943603516,11.38713264465332,11.602121353149414,3734858,6.027660846710205
2006-06-20,11.582797050476074,11.739810943603516,11.462017059326172,11.662510871887207,3202423,6.059034824371338
2006-06-21,11.655264854431152,11.667343139648438,11.365392684936523,11.478925704956055,2872347,5.963654518127441
2006-06-22,11.662510871887207,11.703577041625977,11.41128921508789,11.507912635803223,3598759,5.978714942932129
2006-06-23,11.599705696105957,11.631109237670898,11.44752311706543,11.505496978759766,2019391,5.9774603843688965
2006-06-26,11.59487533569336,11.631109237670898,11.321911811828613,11.358145713806152,3504857,5.900907516479492
2006-06-27,11.184223175048828,11.201131820678711,10.971650123596191,11.068273544311523,5499232,5.750309944152832
2006-06-28,11.032039642333984,11.263937950134277,10.945077896118164,11.128664016723633,4753529,5.781684398651123
2006-06-29,11.251859664916992,11.36056137084961,11.160066604614258,11.30500316619873,2953822,5.873297691345215
2006-06-30,11.510329246520996,11.510329246520996,11.29775619506836,11.353315353393555,4295874,5.898397922515869
2006-07-03,11.38713264465332,11.498250961303711,11.215625762939453,11.271183967590332,4888837,5.855728626251221
2006-07-04,11.353315353393555,11.353315353393555,11.068273544311523,11.30500316619873,5733232,5.873297691345215
2006-07-05,11.169729232788086,11.244612693786621,11.039286613464355,11.172144889831543,4696553,5.804274082183838
2006-07-06,11.176976203918457,11.26152229309082,10.993390083312988,11.106924057006836,4328143,5.770389556884766
2006-07-07,11.039286613464355,11.23736572265625,10.990975379943848,11.184223175048828,3005258,5.810549736022949
2006-07-10,11.135910987854004,11.28084659576416,11.015130996704102,11.271183967590332,2935358,5.855728626251221
2006-07-11,11.26152229309082,11.350898742675781,11.15523624420166,11.239782333374023,4814892,5.839413166046143
2006-07-12,11.319496154785156,11.40404224395752,11.26152229309082,11.290509223937988,2812503,5.865768909454346
2006-07-13,11.205963134765625,11.21804141998291,11.00063705444336,11.036870956420898,3980561,5.73399543762207
2006-07-14,10.988558769226074,11.015130996704102,10.809804916381836,10.819466590881348,3497799,5.621046543121338
2006-07-17,10.829130172729492,10.908843994140625,10.701103210449219,10.838791847229004,3488998,5.631086826324463
2006-07-18,10.848454475402832,10.850870132446289,10.64071273803711,10.674530982971191,3622538,5.545747756958008
2006-07-19,10.652791023254395,10.947493553161621,10.652791023254395,10.89676570892334,2394942,5.661205768585205
2006-07-20,10.988558769226074,11.039286613464355,10.872610092163086,10.908843994140625,3524438,5.66748046875
2006-07-21,10.918506622314453,10.918506622314453,10.459543228149414,10.478867530822754,4519934,5.444095134735107
2006-07-24,10.53442668914795,10.686609268188477,10.437803268432617,10.614141464233398,4639317,5.514373779296875
2006-07-25,10.713180541992188,10.959571838378906,10.676946640014648,10.916090965270996,7346186,5.6712470054626465
2006-07-26,10.846038818359375,10.916090965270996,10.713180541992188,10.846038818359375,5999112,5.634851455688477
2006-07-27,10.908843994140625,10.990975379943848,10.7518310546875,10.966818809509277,7643826,5.6975998878479
2006-07-28,10.60447883605957,11.797784805297852,10.60447883605957,11.715655326843262,17462149,6.086644649505615
2006-07-31,11.74464225769043,11.763965606689453,11.474095344543457,11.488588333129883,5461866,5.96867561340332
2006-08-01,11.527237892150879,11.568303108215332,11.382302284240723,11.416119575500488,4813568,5.931027412414551
2006-08-02,11.512743949890137,11.587628364562988,11.474095344543457,11.532069206237793,2891883,5.9912638664245605
2006-08-03,11.53448486328125,11.53689956665039,11.225288391113281,11.30500316619873,3726992,5.873297691345215
2006-08-04,11.307417869567871,11.425783157348633,11.208378791809082,11.365392684936523,2805602,5.904672622680664
2006-08-07,11.285677909851074,11.331574440002441,11.065857887268066,11.11175537109375,2893141,5.772899150848389
2006-08-08,11.147989273071289,11.3001708984375,10.990975379943848,11.00063705444336,4788332,5.7151713371276855
2006-08-09,11.00063705444336,11.317081451416016,10.978897094726562,11.312249183654785,4305549,5.877061367034912
2006-08-10,11.140742301940918,11.249444007873535,11.08759880065918,11.208378791809082,2884953,5.823099136352539
2006-08-11,11.290509223937988,11.580381393432617,11.290509223937988,11.469263076782227,6554361,5.95863676071167
2006-08-14,11.604537010192871,11.70116138458252,11.481341361999512,11.657679557800293,4364648,6.056525230407715
2006-08-15,11.691498756408691,11.74464225769043,11.548977851867676,11.734978675842285,3009017,6.096683502197266
2006-08-16,11.785707473754883,11.925811767578125,11.604537010192871,11.841265678405762,5445026,6.151902198791504
2006-08-17,11.800200462341309,12.102149963378906,11.715655326843262,12.012772560119629,5039416,6.2410054206848145
2006-08-18,12.007942199707031,12.210851669311523,11.981369972229004,12.114228248596191,6038994,6.293715476989746
2006-08-21,12.075578689575195,12.102149963378906,11.93789005279541,11.993448257446289,3106591,6.230966091156006
2006-08-22,12.012772560119629,12.12630558013916,11.986202239990234,12.114228248596191,3732676,6.293715476989746
2006-08-23,12.15046215057373,12.392022132873535,12.061084747314453,12.259163856506348,5770179,6.369014263153076
2006-08-24,12.210851669311523,12.367865562438965,12.102149963378906,12.331631660461426,5659660,6.406662940979004
2006-08-25,12.367865562438965,12.766440391540527,12.355788230895996,12.57319164276123,5746409,6.532160758972168
2006-08-28,12.549036026000977,12.561114311218262,12.392022132873535,12.524880409240723,1930018,6.50706148147583
2006-08-29,12.536957740783691,12.621503829956055,12.416177749633789,12.549036026000977,3893787,6.5196123123168945
2006-08-30,12.5973482131958,12.86306381225586,12.585269927978516,12.82682991027832,4702556,6.663932800292969
2006-08-31,12.790596008300781,12.875142097473145,12.681894302368164,12.802674293518066,4293034,6.651383876800537
2006-09-01,12.778517723083496,12.971766471862793,12.693971633911133,12.899297714233398,3283069,6.701584815979004
2006-09-04,12.899297714233398,13.032155990600586,12.86306381225586,12.971766471862793,4076690,6.739233493804932
2006-09-05,12.947609901428223,12.959688186645508,12.778517723083496,12.911375999450684,4339764,6.707858085632324
2006-09-06,12.899297714233398,12.935531616210938,12.57319164276123,12.60942554473877,7578248,6.550984859466553
2006-09-07,12.561114311218262,12.561114311218262,12.295397758483887,12.37994384765625,5552535,6.431763172149658
2006-09-08,12.392022132873535,12.621503829956055,12.392022132873535,12.536957740783691,3368907,6.513337135314941
2006-09-11,12.536957740783691,12.935531616210938,12.512802124023438,12.742283821105957,5796487,6.620009899139404
2006-09-12,12.778517723083496,13.0200777053833,12.645660400390625,12.983843803405762,4445394,6.745506763458252
2006-09-13,13.044234275817871,13.092546463012695,12.875142097473145,12.935531616210938,5443213,6.7204084396362305
2006-09-14,12.995922088623047,13.104623794555664,12.959688186645508,13.092546463012695,4314615,6.801982879638672
2006-09-15,13.128780364990234,13.261637687683105,12.790596008300781,12.959688186645508,10139352,6.7329583168029785
2006-09-18,13.008000373840332,13.008000373840332,12.82682991027832,12.88722038269043,4120472,6.695309162139893
2006-09-19,12.86306381225586,13.394495964050293,12.718128204345703,13.213326454162598,12385333,6.864730358123779
2006-09-20,13.201248168945312,13.611900329589844,13.128780364990234,13.370340347290039,8535696,6.9463043212890625
2006-09-21,13.382417678833008,13.696446418762207,13.3341064453125,13.672289848327637,6501820,7.103177070617676
2006-09-22,13.52735424041748,13.575666427612305,13.285794258117676,13.346183776855469,6820436,6.933755397796631
2006-09-25,13.346183776855469,13.430729866027832,13.249560356140137,13.285794258117676,3953719,6.902377128601074
2006-09-26,13.346183776855469,13.515275955200195,13.165014266967773,13.430729866027832,6862757,6.977677822113037
2006-09-27,13.442808151245117,13.708523750305176,13.261637687683105,13.696446418762207,8714120,7.115727424621582
2006-09-28,13.636055946350098,13.925928115844727,13.611900329589844,13.877615928649902,7434156,7.209849834442139
2006-09-29,13.841382026672363,14.191642761230469,13.841382026672363,13.962162017822266,5896065,7.253772258758545
2006-10-02,13.95008373260498,14.022551536560059,13.793069839477539,13.877615928649902,3852982,7.209849834442139
2006-10-03,13.780991554260254,13.877615928649902,13.708523750305176,13.805148124694824,4066420,7.172201633453369
2006-10-04,13.841382026672363,14.070863723754883,13.744757652282715,14.058786392211914,5341846,7.303973197937012
2006-10-05,14.058786392211914,14.276188850402832,14.058786392211914,14.227876663208008,4782399,7.391820430755615
2006-10-06,14.203721046447754,14.276188850402832,13.97424030303955,14.1795654296875,3161253,7.366723537445068
2006-10-09,14.1795654296875,14.1795654296875,14.046708106994629,14.107096672058105,2263728,7.329071998596191
2006-10-10,14.15540885925293,14.300345420837402,14.058786392211914,14.300345420837402,3285549,7.429471492767334
2006-10-11,14.143330574035645,14.396968841552734,14.143330574035645,14.396968841552734,5275436,7.479668140411377
2006-10-12,14.396968841552734,14.396968841552734,14.252033233642578,14.38489055633545,3285044,7.473394393920898
2006-10-13,14.529827117919922,14.916322708129883,14.517748832702637,14.553982734680176,9631669,7.561244964599609
2006-10-16,14.505670547485352,14.674762725830078,14.505670547485352,14.614373207092285,2082121,7.592617034912109
2006-10-17,14.529827117919922,14.553982734680176,14.1795654296875,14.227876663208008,5875043,7.391820430755615
2006-10-18,14.276188850402832,14.529827117919922,14.252033233642578,14.421125411987305,6101447,7.4922194480896
2006-10-19,14.40904712677002,15.025025367736816,14.40904712677002,14.892167091369629,6514727,7.736939430236816
2006-10-20,14.964634895324707,15.194116592407227,14.783465385437012,14.868011474609375,4738555,7.724389553070068
2006-10-23,14.940479278564453,15.08541488647461,14.880088806152344,15.061259269714355,3187689,7.824789047241211
2006-10-24,15.097493171691895,15.097493171691895,14.83177661895752,14.83177661895752,3138815,7.705565452575684
2006-10-25,15.097493171691895,15.314896583557129,14.976713180541992,15.24242877960205,7095904,7.918911933898926
2006-10-26,15.218273162841797,15.326974868774414,15.194116592407227,15.326974868774414,4327916,7.962834358215332
2006-10-27,15.314896583557129,15.520222663879395,15.24242877960205,15.459833145141602,3863103,8.031861305236816
2006-10-30,15.351131439208984,15.351131439208984,15.169960975646973,15.266585350036621,3274616,7.931459903717041
2006-10-31,15.218273162841797,15.556456565856934,15.169960975646973,15.435676574707031,5098482,8.019311904907227
2006-11-01,15.351131439208984,15.411520957946777,15.182039260864258,15.351131439208984,4881315,7.9753875732421875
2006-11-02,15.314896583557129,15.435676574707031,15.10957145690918,15.24242877960205,5582652,7.918911933898926
2006-11-03,15.230351448059082,15.266585350036621,15.133727073669434,15.194116592407227,4127696,7.893813133239746
2006-11-06,15.206194877624512,15.53230094909668,15.194116592407227,15.508145332336426,2972252,8.056960105895996
2006-11-07,15.471911430358887,15.641002655029297,15.447754859924316,15.592691421508789,3812143,8.100882530212402
2006-11-08,15.53230094909668,15.665159225463867,15.471911430358887,15.556456565856934,2653387,8.082059860229492
2006-11-09,15.520222663879395,15.653080940246582,15.399442672729492,15.49606704711914,3579066,8.05068588256836
2006-11-10,15.520222663879395,15.628925323486328,15.471911430358887,15.544379234313965,2626524,8.075785636901855
2006-11-13,15.520222663879395,16.3052921295166,15.508145332336426,15.822173118591309,7717696,8.220107078552246
2006-11-14,15.930874824523926,16.329448699951172,15.930874824523926,16.220746994018555,5934060,8.427177429199219
2006-11-15,16.281137466430664,16.522695541381836,16.160356521606445,16.281137466430664,4138220,8.4585542678833
2006-11-16,16.256980895996094,16.474384307861328,16.208669662475586,16.42607307434082,3408454,8.533851623535156
2006-11-17,16.42607307434082,16.474384307861328,16.112045288085938,16.208669662475586,4052133,8.420905113220215
2006-11-20,15.967108726501465,16.208669662475586,15.942953109741211,16.136201858520508,2459100,8.383255004882812
2006-11-21,16.0758113861084,16.208669662475586,15.942953109741211,16.01542091369629,3304054,8.320503234863281
2006-11-22,16.148279190063477,16.571008682250977,16.112045288085938,16.353605270385742,7131481,8.496203422546387
2006-11-23,16.42607307434082,16.42607307434082,16.196590423583984,16.41399574279785,2717686,8.527576446533203
2006-11-24,16.41399574279785,16.546852111816406,16.112045288085938,16.40191650390625,5079063,8.521302223205566
2006-11-27,16.317371368408203,16.42607307434082,15.72554874420166,15.74970531463623,5274021,8.182458877563477
2006-11-28,15.653080940246582,15.846328735351562,15.411520957946777,15.74970531463623,3771279,8.182458877563477
2006-11-29,15.810094833374023,16.0758113861084,15.810094833374023,16.027498245239258,3237706,8.32677936553955
2006-11-30,16.03957748413086,16.232824325561523,15.810094833374023,15.846328735351562,2560118,8.232657432556152
2006-12-01,15.737627029418945,15.991265296936035,15.399442672729492,15.568534851074219,3252009,8.088332176208496
2006-12-04,15.592691421508789,15.74970531463623,15.483988761901855,15.665159225463867,3182328,8.138533592224121
2006-12-05,15.701393127441406,15.822173118591309,15.556456565856934,15.7617826461792,3031380,8.188733100891113
2006-12-06,15.74970531463623,15.906719207763672,15.701393127441406,15.78593921661377,2290106,8.201282501220703
2006-12-07,15.822173118591309,16.160356521606445,15.7617826461792,16.03957748413086,3632742,8.33305549621582
2006-12-08,15.97918701171875,16.087888717651367,15.846328735351562,16.027498245239258,2514088,8.32677936553955
2006-12-11,16.148279190063477,16.4985408782959,16.148279190063477,16.42607307434082,4548490,8.533851623535156
2006-12-12,16.522695541381836,16.522695541381836,16.269058227539062,16.353605270385742,2495654,8.496203422546387
2006-12-13,16.41399574279785,16.993738174438477,16.377761840820312,16.84880256652832,5647696,8.753471374511719
2006-12-14,16.909191131591797,17.102439880371094,16.86087989807129,17.066205978393555,5209689,8.866419792175293
2006-12-15,17.090362548828125,17.23529815673828,16.993738174438477,17.078283309936523,5367927,8.872694969177246
2006-12-18,17.029972076416016,17.126596450805664,16.909191131591797,17.054128646850586,2555453,8.86014461517334
2006-12-19,16.993738174438477,17.23529815673828,16.969581604003906,17.174907684326172,3974649,8.922895431518555
2006-12-20,17.199064254760742,17.63387107849121,17.199064254760742,17.513092041015625,4065385,9.098591804504395
2006-12-21,17.428546905517578,17.585559844970703,17.428546905517578,17.561403274536133,2546478,9.123690605163574
2006-12-22,17.476858139038086,17.63387107849121,17.319843292236328,17.33192253112793,2265881,9.004469871520996
2006-12-27,17.30776596069336,17.706340789794922,17.30776596069336,17.561403274536133,3929489,9.123690605163574
2006-12-28,17.476858139038086,17.621793746948242,17.464780807495117,17.537248611450195,1924723,9.111143112182617
2006-12-29,17.476858139038086,17.597637176513672,17.33192253112793,17.513092041015625,1509393,9.098591804504395
2007-01-02,17.549325942993164,17.63387107849121,17.464780807495117,17.549325942993164,3695501,9.117416381835938
2007-01-03,17.513092041015625,17.706340789794922,17.428546905517578,17.597637176513672,3602038,9.142515182495117
2007-01-04,17.404390335083008,17.488935470581055,17.223220825195312,17.28360939025879,6535497,8.979369163513184
2007-01-05,17.1507511138916,17.23529815673828,16.534774780273438,16.667631149291992,11419391,8.65934944152832
2007-01-08,16.583086013793945,16.909191131591797,16.43815040588379,16.76425552368164,5717919,8.709549903869629
2007-01-09,16.740100860595703,16.81256866455078,16.691787719726562,16.7280216217041,3501880,8.690723419189453
2007-01-10,16.595163345336914,16.88503646850586,16.571008682250977,16.7280216217041,2860449,8.690723419189453
2007-01-11,16.76425552368164,16.88503646850586,16.619319915771484,16.776334762573242,7095672,8.715824127197266
2007-01-12,16.76425552368164,16.83672332763672,16.36568260192871,16.679710388183594,9533962,8.665623664855957
2007-01-15,16.715944290161133,16.83672332763672,16.595163345336914,16.80048942565918,3315306,8.728372573852539
2007-01-16,16.752178192138672,16.80048942565918,16.522695541381836,16.607242584228516,5864007,8.62797737121582
2007-01-17,16.607242584228516,16.81256866455078,16.571008682250977,16.691787719726562,4237764,8.671897888183594
2007-01-18,16.7280216217041,16.969581604003906,16.7280216217041,16.909191131591797,5599447,8.784845352172852
2007-01-19,16.83672332763672,16.969581604003906,16.7280216217041,16.909191131591797,3748018,8.784845352172852
2007-01-22,16.909191131591797,17.042049407958984,16.83672332763672,16.981660842895508,4538273,8.822497367858887
2007-01-23,16.94542694091797,17.114517211914062,16.94542694091797,17.114517211914062,3799074,8.891519546508789
2007-01-24,17.126596450805664,17.513092041015625,17.126596450805664,17.488935470581055,5889942,9.086041450500488
2007-01-25,17.440624237060547,17.476858139038086,17.223220825195312,17.356077194213867,4535272,9.017016410827637
2007-01-26,17.392311096191406,17.488935470581055,17.223220825195312,17.380233764648438,4123892,9.029566764831543
2007-01-29,17.36815643310547,17.585559844970703,17.29568862915039,17.573482513427734,2647359,9.129966735839844
2007-01-30,17.464780807495117,17.537248611450195,17.33192253112793,17.428546905517578,2578143,9.054667472839355
2007-01-31,17.29568862915039,17.416467666625977,16.84880256652832,16.957504272460938,9692800,8.809946060180664
2007-02-01,17.017894744873047,17.114517211914062,16.9212703704834,17.017894744873047,7186457,8.841320037841797
2007-02-02,16.957504272460938,17.090362548828125,16.86087989807129,17.017894744873047,4745067,8.841320037841797
2007-02-05,16.9212703704834,17.078283309936523,16.84880256652832,17.005815505981445,3185003,8.835046768188477
2007-02-06,16.909191131591797,17.174907684326172,16.909191131591797,17.138673782348633,3485321,8.904070854187012
2007-02-07,17.223220825195312,17.223220825195312,17.029972076416016,17.078283309936523,2438211,8.872694969177246
2007-02-08,17.005815505981445,17.114517211914062,16.83672332763672,16.969581604003906,3324868,8.816221237182617
2007-02-09,17.102439880371094,17.23529815673828,17.042049407958984,17.174907684326172,3370965,8.922895431518555
2007-02-12,17.162830352783203,17.162830352783203,16.86087989807129,16.969581604003906,2708752,8.816221237182617
2007-02-13,16.969581604003906,17.25945472717285,16.969581604003906,17.25945472717285,3284630,8.96682071685791
2007-02-14,17.3439998626709,18.503488540649414,17.3439998626709,18.10491371154785,9235440,9.406061172485352
2007-02-15,18.358552932739258,19.397258758544922,18.358552932739258,19.324790954589844,21652857,10.039825439453125
2007-02-16,19.361024856567383,20.556747436523438,19.361024856567383,19.95284652709961,18093003,10.366118431091309
2007-02-19,19.877962112426758,20.291030883789062,19.84172821044922,19.986665725708008,6122456,10.38369083404541
2007-02-20,20.06637954711914,20.170251846313477,19.88037872314453,20.068796157836914,5454440,10.426358222961426
2007-02-21,20.167835235595703,20.167835235595703,19.735443115234375,19.832067489624023,3734808,10.303369522094727
2007-02-22,19.95043182373047,20.047054290771484,19.720949172973633,19.747520446777344,4927746,10.259446144104004
2007-02-23,19.650896072387695,19.795833587646484,19.547025680541992,19.602584838867188,4299240,10.1841459274292
2007-02-26,19.60500144958496,19.718534469604492,19.324790954589844,19.45764923095703,5169223,10.108850479125977
2007-02-27,19.348947525024414,19.37310218811035,18.786113739013672,18.82476234436035,7865423,9.780044555664062
2007-02-28,18.358552932739258,19.261985778808594,18.334396362304688,18.991439819335938,6784805,9.866639137268066
2007-03-01,19.095308303833008,19.41900062561035,18.334396362304688,18.534889221191406,7517576,9.62944507598877
2007-03-02,18.653255462646484,18.952789306640625,18.232940673828125,18.496240615844727,5511117,9.609368324279785
2007-03-05,18.25226593017578,18.336811065673828,17.839197158813477,18.153226852416992,4961763,9.43116283416748
2007-03-06,18.27642059326172,18.356136322021484,18.008289337158203,18.317487716674805,4267628,9.516499519348145
2007-03-07,18.368213653564453,18.667747497558594,18.331979751586914,18.493825912475586,3105006,9.608113288879395
2007-03-08,18.72089195251465,18.793359756469727,18.52764320373535,18.67258071899414,3655673,9.700981140136719
2007-03-09,18.571123123168945,18.665332794189453,18.433435440063477,18.595279693603516,2472666,9.660820007324219
2007-03-12,18.68707275390625,18.689489364624023,18.336811065673828,18.530059814453125,2321842,9.626936912536621
2007-03-13,18.286083221435547,18.522811889648438,18.129070281982422,18.131484985351562,4600233,9.419865608215332
2007-03-14,17.889925003051758,18.005874633789062,17.68218421936035,17.77880859375,4290385,9.236639022827148
2007-03-15,17.984134674072266,18.182212829589844,17.706340789794922,18.116992950439453,4462905,9.412336349487305
2007-03-16,18.129070281982422,18.14114761352539,17.80779457092285,18.10491371154785,8701051,9.406061172485352
2007-03-19,18.191875457763672,18.428604125976562,18.124238967895508,18.365798950195312,3963190,9.541596412658691
2007-03-20,18.331979751586914,18.539722442626953,18.259511947631836,18.496240615844727,3786953,9.609368324279785
2007-03-21,18.493825912475586,18.803022384643555,18.479331970214844,18.752294540405273,3932614,9.74239730834961
2007-03-22,19.063907623291016,19.276479721069336,18.8875675201416,19.10497283935547,5100486,9.92562484741211
2007-03-23,19.141206741333008,19.928691864013672,19.117050170898438,19.81515884399414,6160124,10.294587135314941
2007-03-26,20.134017944335938,20.42388916015625,19.699209213256836,19.836898803710938,5691934,10.305879592895508
2007-03-27,19.931106567382812,20.042224884033203,19.609832763671875,19.735443115234375,3553743,10.253172874450684
2007-03-28,19.71611785888672,19.899703979492188,19.60500144958496,19.694377899169922,4442330,10.231836318969727
2007-03-29,19.85380744934082,20.131601333618164,19.73785972595215,20.06637954711914,3964060,10.425103187561035
2007-03-30,20.015653610229492,20.117107391357422,19.81757354736328,19.969755172729492,2885826,10.374903678894043
2007-04-02,19.97700309753418,20.194406509399414,19.95284652709961,20.06396484375,3102282,10.423847198486328
2007-04-03,20.12677001953125,20.94565773010254,20.10261344909668,20.588150024414062,4680019,10.696179389953613
2007-04-04,20.650955200195312,20.899761199951172,20.566408157348633,20.899761199951172,3646122,10.858072280883789
2007-04-05,20.815216064453125,20.890098571777344,20.539838790893555,20.706514358520508,2267909,10.757672309875488
2007-04-10,20.7717342376709,20.974645614624023,20.58331871032715,20.916671752929688,3043178,10.86685848236084
2007-04-11,21.003633499145508,21.228282928466797,20.762073516845703,21.061607360839844,3155912,10.942156791687012
2007-04-12,20.911840438842773,20.991554260253906,20.655786514282227,20.909423828125,2467152,10.863089561462402
2007-04-13,20.774150848388672,20.96015167236328,20.6461238861084,20.827293395996094,2574467,10.820423126220703
2007-04-16,20.964982986450195,21.4698429107666,20.84903335571289,21.240360260009766,3599335,11.035025596618652
2007-04-17,21.073684692382812,21.240360260009766,20.926332473754883,21.136491775512695,2913707,10.981059074401855
2007-04-18,21.17030906677246,21.17030906677246,20.83454132080078,21.066438674926758,2195434,10.94466495513916
2007-04-19,20.991554260253906,21.462596893310547,20.682357788085938,21.283842086791992,6962024,11.057611465454102
2007-04-20,21.32973861694336,21.39254379272461,21.225868225097656,21.28142547607422,3822058,11.056356430053711
2007-04-23,21.25727081298828,21.61719512939453,21.250024795532227,21.3442325592041,3796814,11.088985443115234
2007-04-24,21.177555084228516,21.547142028808594,21.027788162231445,21.378049850463867,3592827,11.10655689239502
2007-04-25,22.027847290039062,22.54961585998535,22.01576805114746,22.317718505859375,7841239,11.594746589660645
2007-04-26,22.46265411376953,22.465070724487305,22.221094131469727,22.351537704467773,3534924,11.61231517791748
2007-04-27,22.254913330078125,22.358783721923828,22.020599365234375,22.2235107421875,2928209,11.545798301696777
2007-04-30,22.18727684020996,22.70663070678711,22.18727684020996,22.663148880004883,2602162,11.774206161499023
2007-05-02,22.948190689086914,22.97234535217285,22.754941940307617,22.904708862304688,6211949,11.899699211120605
2007-05-03,22.827409744262695,22.948190689086914,22.564109802246094,22.68247413635254,5245510,11.784244537353516
2007-05-04,22.70663070678711,23.18975067138672,22.689720153808594,23.15593147277832,3374438,12.030220031738281
2007-05-07,23.177671432495117,23.184917449951172,22.636577606201172,22.70663070678711,2512714,11.796795845031738
2007-05-08,22.646240234375,22.754941940307617,22.479564666748047,22.61000633239746,2276524,11.74659538269043
2007-05-09,22.57135581970215,22.747695922851562,22.119638442993164,22.276653289794922,3044172,11.573407173156738
2007-05-10,22.44574546813965,22.46023941040039,22.16312026977539,22.2235107421875,3385056,11.545798301696777
2007-05-11,21.7887020111084,22.366029739379883,21.77903938293457,22.332212448120117,3035197,11.602273941040039
2007-05-14,22.46023941040039,22.827409744262695,22.196937561035156,22.22834014892578,3963517,11.548307418823242
2007-05-15,21.89015769958496,22.006105422973633,21.682416915893555,21.957794189453125,3617554,11.590388298034668
2007-05-16,22.044755935668945,22.573772430419922,21.800779342651367,22.293561935424805,3723672,11.767618179321289
2007-05-17,22.308055877685547,22.46265411376953,22.071327209472656,22.097898483276367,968248,11.664339065551758
2007-05-18,21.98919677734375,22.257328033447266,21.933637619018555,22.07615852355957,2873933,11.652865409851074
2007-05-21,22.054418563842773,22.054418563842773,21.800779342651367,21.824935913085938,2815545,11.520256996154785
2007-05-22,21.7887020111084,22.00127410888672,21.68966293334961,21.858755111694336,2349611,11.538107872009277
2007-05-23,21.86358642578125,22.068912506103516,21.800779342651367,21.945716857910156,2239047,11.584012985229492
2007-05-24,21.757299423217773,22.023014068603516,21.5954532623291,21.708986282348633,2851677,11.459052085876465
2007-05-25,21.817689895629883,21.832183837890625,21.404621124267578,21.498830795288086,5131124,11.348122596740723
2007-05-28,21.498830795288086,21.800779342651367,21.498830795288086,21.800779342651367,494519,11.507506370544434
2007-05-29,21.861169815063477,22.196937561035156,21.69207763671875,22.090652465820312,4287681,11.660517692565918
2007-05-30,21.969871520996094,22.948190689086914,21.967456817626953,22.940942764282227,6744621,12.10934066772461
2007-05-31,23.18250274658203,23.634220123291016,22.97234535217285,23.51827049255371,7252259,12.414077758789062
2007-06-01,23.411985397338867,23.866117477416992,23.30811309814453,23.757415771484375,4660653,12.540312767028809
2007-06-04,23.60523223876953,24.155988693237305,23.55208969116211,23.781570434570312,4376695,12.553064346313477
2007-06-05,23.866117477416992,24.102846145629883,23.409568786621094,23.482036590576172,4876401,12.3949556350708
2007-06-06,23.33951759338379,23.50377655029297,22.786344528198242,22.815332412719727,5420080,12.043035507202148
2007-06-07,23.00857925415039,23.298452377319336,22.667980194091797,22.667980194091797,4363745,11.96525764465332
2007-06-08,22.57135581970215,22.9095401763916,22.317718505859375,22.786344528198242,2743870,12.02773666381836
2007-06-11,22.897462844848633,23.22115135192871,22.803253173828125,23.18250274658203,2231069,12.236845970153809
2007-06-12,23.13177490234375,23.344348907470703,22.965099334716797,23.12936019897461,3930623,12.2087984085083
2007-06-13,23.16559410095215,23.233230590820312,22.899877548217773,23.097957611083984,3408620,12.192219734191895
2007-06-14,23.334686279296875,24.426536560058594,23.31777572631836,24.264690399169922,6119600,12.808075904846191
2007-06-15,24.29850959777832,25.020774841308594,24.209131240844727,24.639108657836914,7374071,13.005714416503906
2007-06-18,24.639108657836914,24.805784225463867,24.26227569580078,24.414457321166992,3236878,12.887128829956055
2007-06-19,24.39754867553711,24.614952087402344,24.12458610534668,24.499004364013672,3874223,12.931757926940918
2007-06-20,24.51108169555664,25.093242645263672,24.51108169555664,24.83235740661621,3446755,13.107720375061035
2007-06-21,24.585966110229492,24.74539566040039,24.197053909301758,24.527990341186523,4405532,12.947059631347656
2007-06-22,24.465185165405273,24.83235740661621,24.069028854370117,24.168067932128906,4334792,12.75707721710205
2007-06-25,24.03520965576172,24.313003540039062,23.858871459960938,24.216379165649414,3286857,12.782576560974121
2007-06-26,24.03520965576172,24.197053909301758,23.76466178894043,24.08835220336914,3712959,12.714998245239258
2007-06-27,23.89027214050293,24.216379165649414,23.81780433654785,24.168067932128906,3333972,12.75707721710205
2007-06-28,24.614952087402344,24.825109481811523,24.44827651977539,24.72123908996582,4696102,13.049066543579102
2007-06-29,24.88066864013672,25.085994720458984,24.735733032226562,25.085994720458984,5270249,13.24160385131836
2007-07-02,24.88066864013672,24.962799072265625,24.63427734375,24.878253936767578,3279857,13.131948471069336
2007-07-03,24.764720916748047,25.605348587036133,24.764720916748047,25.26474952697754,3797931,13.335955619812012
2007-07-04,25.098072052001953,25.47490692138672,25.040098190307617,25.32996940612793,1524950,13.370382308959961
2007-07-05,25.472490310668945,25.484569549560547,24.938642501831055,25.32996940612793,4521752,13.370382308959961
2007-07-06,24.941059112548828,25.557037353515625,24.941059112548828,25.496646881103516,2865500,13.458365440368652
2007-07-09,25.402437210083008,25.77444076538086,25.363788604736328,25.634336471557617,3231629,13.53104019165039
2007-07-10,25.484569549560547,25.71405029296875,25.040098190307617,25.093242645263672,3188074,13.245429039001465
2007-07-11,24.706745147705078,24.955551147460938,24.552146911621094,24.86859130859375,4502692,13.12684440612793
2007-07-12,24.759889602661133,25.300983428955078,24.72123908996582,25.25750160217285,2584187,13.332134246826172
2007-07-13,25.44350242614746,25.71405029296875,25.20435905456543,25.409685134887695,2513761,13.41246223449707
2007-07-16,25.31547737121582,25.535295486450195,25.156047821044922,25.26716423034668,1652103,13.33723258972168
2007-07-17,25.146385192871094,25.532880783081055,25.066669464111328,25.33963394165039,2177977,13.375486373901367
2007-07-18,25.071500778198242,25.218852996826172,24.687421798706055,24.69708251953125,3225229,13.03631591796875
2007-07-19,24.88066864013672,25.286489486694336,24.863759994506836,25.08357810974121,2568605,13.240324974060059
2007-07-20,25.001449584960938,25.300983428955078,24.62220001220703,24.62220001220703,2773817,12.996788024902344
2007-07-23,24.479679107666016,25.30339813232422,24.41204261779785,25.298568725585938,2754062,13.35380744934082
2007-07-24,25.146385192871094,25.653661727905273,24.56905746459961,24.65843391418457,4165881,13.015913963317871
2007-07-25,24.48209571838379,24.624614715576172,23.866117477416992,24.06178092956543,6043937,12.700971603393555
2007-07-26,24.030378341674805,24.180145263671875,22.467485427856445,24.06178092956543,8907335,12.700971603393555
2007-07-27,21.74039077758789,23.023073196411133,21.493999481201172,21.759714126586914,15813928,11.485830307006836
2007-07-30,21.981950759887695,22.730785369873047,21.981950759887695,22.590681076049805,8963383,11.924453735351562
2007-07-31,22.88538360595703,23.866117477416992,22.88538360595703,23.631803512573242,6265352,12.474008560180664
2007-08-01,23.064138412475586,23.298452377319336,22.518213272094727,22.902292251586914,5072944,12.088940620422363
2007-08-02,23.076215744018555,23.209074020385742,22.491641998291016,22.52304458618164,4047116,11.888751029968262
2007-08-03,22.52304458618164,22.812915802001953,22.080989837646484,22.151042938232422,3928582,11.69239330291748
2007-08-06,21.858755111694336,22.027847290039062,21.322492599487305,21.324907302856445,8416864,11.256318092346191
2007-08-07,21.74039077758789,21.832183837890625,20.689605712890625,20.88285255432129,9895984,11.022978782653809
2007-08-08,21.138906478881836,21.339401245117188,20.766904830932617,21.298336029052734,6180284,11.242292404174805
2007-08-09,21.175140380859375,21.192049026489258,20.711345672607422,20.96739959716797,6375263,11.067608833312988
2007-08-10,20.677526473999023,20.704097747802734,20.30069351196289,20.36349868774414,9150600,10.7488374710083
2007-08-13,20.84661865234375,21.496414184570312,20.653371810913086,21.45293426513672,6005744,11.323897361755371
2007-08-14,21.472259521484375,21.65584373474121,20.989139556884766,21.288673400878906,4312110,11.237191200256348
2007-08-15,21.015710830688477,21.339401245117188,20.875606536865234,21.20895767211914,3517326,11.195114135742188
2007-08-16,20.774150848388672,20.87318992614746,20.28619956970215,20.33934211730957,7511669,10.736089706420898
2007-08-17,20.121938705444336,20.89493179321289,19.873132705688477,20.16300392150879,11898916,10.643011093139648
2007-08-20,20.612306594848633,20.940826416015625,20.5205135345459,20.655786514282227,4722903,10.903124809265137
2007-08-21,20.815216064453125,21.361141204833984,20.67269515991211,21.28142547607422,5776327,11.233365058898926
2007-08-22,21.370803833007812,21.904651641845703,21.334569931030273,21.834598541259766,5043647,11.525357246398926
2007-08-23,21.984365463256836,22.366029739379883,21.87566375732422,21.95296287536621,4009212,11.587838172912598
2007-08-24,21.74039077758789,22.291147232055664,21.74039077758789,22.2114315032959,2133292,11.724268913269043
2007-08-27,22.238004684448242,22.568941116333008,22.22592544555664,22.271821975708008,1683156,11.756146430969238
2007-08-28,22.16312026977539,22.31288719177246,21.53264808654785,21.559219360351562,3174446,11.38000202178955
2007-08-29,21.315244674682617,22.095483779907227,21.221036911010742,22.054418563842773,4416726,11.641390800476074
2007-08-30,22.2235107421875,22.380523681640625,21.984365463256836,22.22834014892578,4252282,11.733189582824707
2007-08-31,22.404680252075195,22.404680252075195,22.054418563842773,22.33704376220703,3060524,11.790572166442871
2007-09-03,22.515798568725586,22.89263153076172,22.34670639038086,22.844318389892578,2252609,12.058337211608887
2007-09-04,22.812915802001953,22.861228942871094,22.47231674194336,22.67281150817871,3365550,11.967808723449707
2007-09-05,22.33704376220703,22.65831756591797,21.986780166625977,22.01576805114746,4046640,11.620986938476562
2007-09-06,22.018184661865234,22.276653289794922,21.730728149414062,21.904651641845703,3480714,11.562335968017578
2007-09-07,21.87807846069336,22.0640811920166,21.138906478881836,21.138906478881836,3343295,11.158136367797852
2007-09-10,21.138906478881836,21.30316734313965,20.532590866088867,20.54708480834961,4080702,10.845746994018555
2007-09-11,20.79589080810547,21.240360260009766,20.675111770629883,21.066438674926758,4269926,11.119888305664062
2007-09-12,20.989139556884766,21.32732391357422,20.84661865234375,21.158231735229492,3579451,11.168340682983398
2007-09-13,21.027788162231445,21.457765579223633,20.740331649780273,21.40703773498535,3425568,11.299668312072754
2007-09-14,21.25727081298828,21.448102951049805,21.066438674926758,21.240360260009766,2245215,11.211692810058594
2007-09-17,21.240360260009766,21.24277687072754,20.506019592285156,20.506019592285156,4260707,10.824069023132324
2007-09-18,20.503604888916016,20.551916122436523,20.117107391357422,20.440797805786133,6735853,10.789641380310059
2007-09-19,21.25727081298828,21.96262550354004,21.160646438598633,21.87807846069336,11506053,11.548308372497559
2007-09-20,21.583375930786133,21.723480224609375,21.378049850463867,21.59062385559082,4475680,11.396575927734375
2007-09-21,21.498830795288086,22.11480712890625,21.498830795288086,22.11239242553711,4562499,11.671988487243652
2007-09-24,22.216262817382812,22.6124210357666,22.054418563842773,22.494056701660156,3769537,11.87345027923584
2007-09-25,22.32496452331543,22.43849754333496,22.056833267211914,22.206600189208984,2648254,11.72171688079834
2007-09-26,22.327381134033203,22.875722885131836,22.2114315032959,22.815332412719727,4311874,12.043035507202148
2007-09-27,23.07138442993164,23.187334060668945,22.757356643676758,22.8056697845459,4444938,12.037931442260742
2007-09-28,22.88296890258789,23.160762786865234,22.55927848815918,22.774267196655273,2609576,12.021360397338867
2007-10-01,22.57135581970215,23.568998336791992,22.57135581970215,23.55208969116211,4371665,12.431934356689453
2007-10-02,23.697025299072266,24.0521183013916,23.600400924682617,23.76224708557129,5207499,12.542863845825195
2007-10-03,23.716350555419922,24.380640029907227,23.55208969116211,23.643882751464844,4766436,12.480385780334473
2007-10-04,23.513439178466797,23.711519241333008,23.3322696685791,23.48928451538086,2535131,12.39877986907959
2007-10-05,23.581077575683594,23.672868728637695,23.300867080688477,23.535179138183594,3054704,12.42300796508789
2007-10-08,23.581077575683594,23.660791397094727,23.390243530273438,23.445802688598633,2027435,12.375828742980957
2007-10-09,23.513439178466797,23.909597396850586,23.395076751708984,23.767078399658203,2708148,12.545414924621582
2007-10-10,23.99897575378418,24.3709774017334,23.626972198486328,23.805727005004883,4470332,12.565814971923828
2007-10-11,23.88785743713379,24.438613891601562,23.682531356811523,24.276769638061523,3539002,12.814456939697266
2007-10-12,23.924091339111328,24.08835220336914,23.593154907226562,24.08835220336914,2350634,12.714998245239258
2007-10-15,23.943416595458984,24.03520965576172,23.373334884643555,23.390243530273438,2959617,12.346503257751465
2007-10-16,23.0689697265625,23.358842849731445,22.851566314697266,22.914371490478516,4084672,12.095315933227539
2007-10-17,22.996501922607422,23.30811309814453,22.837072372436523,23.136606216430664,3251711,12.212618827819824
2007-10-18,23.233230590820312,23.617311477661133,22.924034118652344,22.96993064880371,3316688,12.124641418457031
2007-10-19,22.899877548217773,23.395076751708984,22.80808448791504,22.863643646240234,3767305,12.068537712097168
2007-10-22,22.271821975708008,22.481979370117188,22.090652465820312,22.397432327270508,3955151,11.82244873046875
2007-10-23,22.581018447875977,23.486867904663086,22.56169319152832,23.271879196166992,4883935,12.284025192260742
2007-10-24,23.29120445251465,23.29120445251465,22.614837646484375,22.65831756591797,3713066,11.960156440734863
2007-10-25,22.71146011352539,23.04481315612793,22.484394073486328,22.948190689086914,3450047,12.113165855407715
2007-10-26,22.94577407836914,23.7549991607666,22.791175842285156,23.568998336791992,5280826,12.440857887268066
2007-10-29,23.841960906982422,24.107677459716797,23.25497055053711,23.55208969116211,3771838,12.431934356689453
2007-10-30,22.95543670654297,22.95543670654297,21.96504020690918,22.003690719604492,10606185,11.614611625671387
2007-10-31,22.006105422973633,22.477148056030273,22.006105422973633,22.327381134033203,6869418,11.785473823547363
2007-11-01,22.52545928955078,22.58584976196289,21.619609832763672,22.023014068603516,4789797,11.6248140335083
2007-11-02,21.711402893066406,21.89015769958496,21.358726501464844,21.474674224853516,5455243,11.335371017456055
2007-11-05,21.390127182006836,21.390127182006836,20.977060317993164,21.23311424255371,3250924,11.207866668701172
2007-11-06,21.24277687072754,21.638935089111328,21.066438674926758,21.448102951049805,3291469,11.32135009765625
2007-11-07,21.274179458618164,21.378049850463867,20.416641235351562,20.815216064453125,12255701,10.98727798461914
2007-11-08,20.385238647460938,20.84420394897461,20.315187454223633,20.716175079345703,7501162,10.9350004196167
2007-11-09,21.378049850463867,21.800779342651367,20.728254318237305,20.85869789123535,7798351,11.010229110717773
2007-11-12,20.617137908935547,21.571298599243164,20.617137908935547,21.373218536376953,4033840,11.281820297241211
2007-11-13,21.19446563720703,21.276594161987305,20.769319534301758,20.914255142211914,5166714,11.039554595947266
2007-11-14,21.037450790405273,21.237945556640625,20.57365608215332,20.653371810913086,6478596,10.901850700378418
2007-11-15,20.532590866088867,20.706514358520508,19.810327529907227,19.91661262512207,8317576,10.512951850891113
2007-11-16,19.81757354736328,19.85622215270996,19.14603614807129,19.196765899658203,7806415,10.132981300354004
2007-11-19,19.322376251220703,19.56635093688965,18.136316299438477,18.286083221435547,8283171,9.652277946472168
2007-11-20,18.431020736694336,19.204011917114258,18.14114761352539,19.148452758789062,9493844,10.107481956481934
2007-11-21,18.87307357788086,18.882736206054688,18.242603302001953,18.302993774414062,6570242,9.661206245422363
2007-11-22,18.462421417236328,18.641176223754883,18.01795196533203,18.17496681213379,4328396,9.5936279296875
2007-11-23,18.266759872436523,18.96003532409668,17.996212005615234,18.841670989990234,4740501,9.945542335510254
2007-11-26,19.08323097229004,19.29580307006836,18.667747497558594,18.759540557861328,4083889,9.90219497680664
2007-11-27,18.530059814453125,18.786113739013672,18.068679809570312,18.20395278930664,5237359,9.608928680419922
2007-11-28,18.392370223999023,19.261985778808594,17.996212005615234,19.037334442138672,7229494,10.048828125
2007-11-29,19.266817092895508,19.351362228393555,18.841670989990234,19.14603614807129,4447762,10.10620403289795
2007-11-30,19.15811538696289,19.614662170410156,19.119464874267578,19.573598861694336,5670630,10.331892967224121
2007-12-03,19.56635093688965,19.774093627929688,19.249908447265625,19.363441467285156,3784440,10.22096061706543
2007-12-04,19.30788230895996,19.324790954589844,18.191875457763672,18.242603302001953,7779892,9.629328727722168
2007-12-05,18.52522850036621,18.945541381835938,18.312654495239258,18.889982223510742,6145113,9.971044540405273
2007-12-06,19.0469970703125,19.249908447265625,18.566293716430664,18.793359756469727,4604121,9.9200439453125
2007-12-07,19.005931854248047,19.249908447265625,18.841670989990234,19.049413681030273,4006691,10.05520248413086
2007-12-10,18.856164932250977,19.276479721069336,18.74746322631836,19.1846866607666,4778897,10.126605033874512
2007-12-11,19.290973663330078,19.498714447021484,18.889982223510742,19.112218856811523,5118767,10.088353157043457
2007-12-12,18.81026840209961,19.26923179626465,18.617021560668945,19.204011917114258,5785165,10.136805534362793
2007-12-13,19.02042579650879,19.12188148498535,18.382707595825195,18.435850143432617,6805757,9.73133373260498
2007-12-14,18.583202362060547,19.08323097229004,18.00104331970215,18.331979751586914,6382992,9.676506996154785
2007-12-17,17.984134674072266,18.182212829589844,17.438207626342773,17.706340789794922,6804602,9.346264839172363
2007-12-18,17.63387107849121,18.614604949951172,17.614547729492188,18.05418586730957,5731663,9.52987289428711
2007-12-19,18.14114761352539,18.348888397216797,17.875431060791016,18.020368576049805,5454117,9.512022972106934
2007-12-20,18.061433792114258,18.418941497802734,18.037277221679688,18.30057716369629,3837300,9.659931182861328
2007-12-21,18.665332794189453,19.005931854248047,18.539722442626953,19.005931854248047,7322407,10.032249450683594
2007-12-24,18.940710067749023,19.119464874267578,18.865827560424805,19.03491973876953,633950,10.047551155090332
2007-12-27,19.061491012573242,19.252323150634766,18.865827560424805,18.9552059173584,2671354,10.005474090576172
2007-12-28,18.77161979675293,19.242660522460938,18.696735382080078,19.167776107788086,2005688,10.117680549621582
2007-12-31,19.10497283935547,19.117050170898438,18.962451934814453,18.962451934814453,315768,10.009300231933594
2008-01-02,19.03491973876953,19.300634384155273,18.460006713867188,18.578371047973633,2207597,9.806561470031738
2008-01-03,18.58803367614746,18.781282424926758,18.095251083374023,18.334396362304688,3524591,9.67778205871582
2008-01-04,18.28849983215332,18.35130500793457,16.96233558654785,17.153167724609375,8848604,9.054272651672363
2008-01-07,17.153167724609375,17.51067543029785,16.78841209411621,16.863296508789062,6771132,8.901264190673828
2008-01-08,17.022724151611328,17.228050231933594,16.713529586791992,16.805322647094727,6999502,8.870662689208984
2008-01-09,16.691787719726562,16.694204330444336,15.648249626159668,15.810094833374023,9879694,8.345332145690918
2008-01-10,16.13136863708496,16.232824325561523,15.57578182220459,15.737627029418945,7902698,8.30708122253418
2008-01-11,15.78593921661377,16.0758113861084,15.418767929077148,15.906719207763672,7396422,8.396336555480957
2008-01-14,15.880146980285645,16.36326789855957,15.78593921661377,16.177265167236328,4690087,8.539144515991211
2008-01-15,16.083057403564453,16.184513092041016,15.061259269714355,15.179622650146484,6669025,8.01253890991211
2008-01-16,14.964634895324707,15.520222663879395,14.447696685791016,14.870427131652832,9957451,7.849330425262451
2008-01-17,14.976713180541992,15.38494873046875,14.367981910705566,14.529827117919922,9316430,7.669547080993652
2008-01-18,14.53948974609375,14.85593318939209,13.896940231323242,14.450113296508789,8385704,7.627469539642334
2008-01-21,14.203721046447754,14.737568855285645,13.698861122131348,14.442866325378418,12894843,7.62364387512207
2008-01-22,13.648134231567383,15.143388748168945,13.314781188964844,14.894582748413086,11389692,7.862082481384277
2008-01-23,15.401859283447266,15.483988761901855,13.916264533996582,14.167487144470215,12773453,7.478285312652588
2008-01-24,14.735153198242188,15.677236557006836,14.614373207092285,15.677236557006836,9050260,8.275203704833984
2008-01-25,15.822173118591309,16.184513092041016,15.517807006835938,15.715886116027832,8137079,8.295604705810547
2008-01-28,15.517807006835938,16.281137466430664,15.351131439208984,16.15311050415039,7418487,8.526394844055176
2008-01-29,16.41399574279785,16.78841209411621,16.394670486450195,16.69662094116211,6165688,8.813285827636719
2008-01-30,15.957446098327637,16.22799301147461,15.76902961730957,16.046823501586914,8058932,8.470290184020996
2008-01-31,15.964693069458008,16.237655639648438,14.97912883758545,15.479158401489258,9508221,8.170648574829102
2008-02-01,15.549209594726562,16.206253051757812,15.549209594726562,16.063732147216797,8090527,8.479216575622559
2008-02-04,16.232824325561523,16.691787719726562,16.2014217376709,16.57583999633789,7060211,8.749529838562012
2008-02-05,16.563762664794922,16.563762664794922,15.182039260864258,15.182039260864258,9739857,8.013815879821777
2008-02-06,15.097493171691895,15.148221015930176,14.626450538635254,15.02260971069336,8823240,7.929659843444824
2008-02-07,15.027441024780273,15.027441024780273,14.082942008972168,14.387307167053223,10050405,7.594317436218262
2008-02-08,14.614373207092285,14.70616626739502,14.203721046447754,14.387307167053223,5380644,7.594317436218262
2008-02-11,14.174734115600586,14.505670547485352,14.133668899536133,14.218214988708496,4257565,7.505061149597168
2008-02-12,14.273774147033691,14.940479278564453,14.191642761230469,14.887335777282715,6615526,7.858255863189697
2008-02-13,14.727906227111816,15.469494819641113,14.573307991027832,15.194116592407227,8002619,8.02019214630127
2008-02-14,15.459833145141602,15.672406196594238,14.74964714050293,14.783465385437012,8910796,7.803429126739502
2008-02-15,14.37281322479248,14.686841011047363,14.167487144470215,14.363150596618652,12232022,7.581565856933594
2008-02-18,14.423541069030762,15.0419340133667,14.423541069030762,15.000868797302246,4010533,7.918184757232666
2008-02-19,14.904245376586914,15.276247024536133,14.566061019897461,14.935647964477539,7768677,7.883758068084717
2008-02-20,14.83902359008789,15.020194053649902,14.464606285095215,14.602294921875,6771132,7.707798480987549
2008-02-21,14.817283630371094,15.206194877624512,14.614373207092285,14.938063621520996,6550300,7.8850321769714355
2008-02-22,14.797959327697754,14.921154022216797,14.421125411987305,14.921154022216797,12505958,7.8761067390441895
2008-02-25,15.068506240844727,15.397027015686035,14.940479278564453,15.227934837341309,10102127,8.038041114807129
2008-02-26,15.283493995666504,16.063732147216797,15.264168739318848,16.063732147216797,8126365,8.479216575622559
2008-02-27,16.35118865966797,16.776334762573242,16.112045288085938,16.70145034790039,12545695,8.815831184387207
2008-02-28,16.474384307861328,16.78841209411621,16.213499069213867,16.346357345581055,9049494,8.628398895263672
2008-02-29,16.25214958190918,16.372928619384766,15.74245834350586,15.84874439239502,6701157,8.365735054016113
2008-03-03,15.74245834350586,15.950200080871582,15.42601490020752,15.913966178894043,5398598,8.400162696838379
2008-03-04,16.00334358215332,16.01542091369629,15.02260971069336,15.078167915344238,8201787,7.958985805511475
2008-03-05,15.194116592407227,15.737627029418945,15.080583572387695,15.672406196594238,4581306,8.27265453338623
2008-03-06,15.68206787109375,15.70622444152832,15.271415710449219,15.341468811035156,3615691,8.097970008850098
2008-03-07,15.157882690429688,15.3390531539917,14.771387100219727,14.971881866455078,7046600,7.9028825759887695
2008-03-10,14.896998405456543,15.288325309753418,14.737568855285645,14.892167091369629,6855003,7.860806465148926
2008-03-11,15.012947082519531,15.285909652709961,14.638528823852539,14.991207122802734,7298032,7.913085460662842
2008-03-12,15.372871398925781,15.59510612487793,15.24242877960205,15.503314018249512,5971359,8.18340015411377
2008-03-13,15.225520133972168,15.225520133972168,14.607126235961914,15.087830543518066,11376913,7.964086532592773
2008-03-14,15.218273162841797,15.57578182220459,14.74964714050293,15.099908828735352,6448682,7.970462799072266
2008-03-17,14.735153198242188,14.98154354095459,14.288267135620117,14.498424530029297,8285162,7.652969837188721
2008-03-18,14.829361915588379,15.351131439208984,14.602294921875,15.232767105102539,6290973,8.040593147277832
2008-03-19,15.455001831054688,15.720718383789062,15.000868797302246,15.225520133972168,7777127,8.03676700592041
2008-03-20,14.993621826171875,15.74245834350586,14.974297523498535,15.669989585876465,7536495,8.271378517150879
2008-03-25,15.967108726501465,16.57583999633789,15.967108726501465,16.57583999633789,6806084,8.749529838562012
2008-03-26,16.45264434814453,16.643476486206055,16.230409622192383,16.27872085571289,5597737,8.592696189880371
2008-03-27,16.16518783569336,16.266643524169922,15.455001831054688,15.798016548156738,11864713,8.338956832885742
2008-03-28,15.909133911132812,15.988848686218262,15.715886116027832,15.8994722366333,5110185,8.392511367797852
2008-03-31,15.756952285766602,16.027498245239258,15.614431381225586,15.971940040588379,3991709,8.430763244628906
2008-04-01,15.86806869506836,16.70145034790039,15.853575706481934,16.6241512298584,6190891,8.775032997131348
2008-04-02,16.766672134399414,16.766672134399414,16.223161697387695,16.684541702270508,5956125,8.80690860748291
2008-04-03,16.522695541381836,16.529943466186523,16.00334358215332,16.063732147216797,5051695,8.479216575622559
2008-04-04,16.06856346130371,16.087888717651367,15.377702713012695,15.517807006835938,6150884,8.191049575805664
2008-04-07,15.694146156311035,15.781107902526855,15.551626205444336,15.677236557006836,4526674,8.275203704833984
2008-04-08,15.648249626159668,15.696561813354492,15.186869621276855,15.30281925201416,3449057,8.077569007873535
2008-04-09,15.196533203125,15.447754859924316,15.121648788452148,15.157882690429688,3910346,8.001066207885742
2008-04-10,15.107154846191406,15.133727073669434,14.785881042480469,15.111987113952637,5572617,7.976840019226074
2008-04-11,15.256922721862793,15.423599243164062,14.882505416870117,15.211026191711426,4191250,8.0291166305542
2008-04-14,15.034687995910645,15.392195701599121,14.85593318939209,15.196533203125,5042012,8.021465301513672
2008-04-15,15.211026191711426,15.27866268157959,14.800374031066895,14.884920120239258,4567802,7.856982707977295
2008-04-16,15.119233131408691,15.360793113708496,14.935647964477539,15.348714828491211,2948904,8.101795196533203
2008-04-17,15.372871398925781,15.612015724182129,15.194116592407227,15.411520957946777,3111948,8.134946823120117
2008-04-18,15.529885292053223,16.010589599609375,15.435676574707031,15.969524383544922,4632416,8.429487228393555
2008-04-21,15.897055625915527,16.037160873413086,15.612015724182129,15.752120018005371,3015984,8.314732551574707
2008-04-22,15.648249626159668,15.860821723937988,15.411520957946777,15.512975692749023,3549686,8.188498497009277
2008-04-23,15.541962623596191,15.930874824523926,15.471911430358887,15.894640922546387,3759175,8.389960289001465
2008-04-24,15.70622444152832,15.870485305786133,15.317313194274902,15.491235733032227,5492302,8.177023887634277
2008-04-25,15.70622444152832,16.38983917236328,15.566119194030762,16.22557830810547,6664852,8.564644813537598
2008-04-28,16.235240936279297,16.496124267578125,16.06614875793457,16.124122619628906,2933102,8.511094093322754
2008-04-29,14.578139305114746,14.991207122802734,14.517748832702637,14.643360137939453,21660387,7.729475021362305
2008-04-30,14.643360137939453,14.665101051330566,14.041875839233398,14.1964750289917,10487817,7.493587017059326
2008-05-02,14.469436645507812,14.479100227355957,14.157825469970703,14.189228057861328,9461305,7.489759922027588
2008-05-05,14.201306343078613,14.34865665435791,14.150577545166016,14.307592391967773,2332005,7.552238941192627
2008-05-06,14.227876663208008,14.319669723510742,14.01288890838623,14.114343643188477,3140504,7.4502339363098145
2008-05-07,14.194059371948242,14.723074913024902,14.114343643188477,14.624035835266113,5354742,7.719273090362549
2008-05-08,14.375228881835938,14.614373207092285,14.363150596618652,14.517748832702637,2904757,7.66317081451416
2008-05-09,14.377644538879395,14.493593215942383,14.046708106994629,14.290682792663574,5343010,7.71008825302124
2008-05-12,14.324501037597656,14.604710578918457,14.324501037597656,14.527412414550781,2069300,7.837807655334473
2008-05-13,14.566061019897461,14.653022766113281,14.297929763793945,14.585386276245117,3789627,7.869086265563965
2008-05-14,14.735153198242188,14.759308815002441,14.447696685791016,14.582969665527344,2940732,8.040904998779297
2008-05-15,14.585386276245117,14.797959327697754,14.45252799987793,14.771387100219727,2315616,8.144794464111328
2008-05-16,14.843854904174805,15.285909652709961,14.735153198242188,15.121648788452148,6943652,8.337929725646973
2008-05-19,15.266585350036621,15.556456565856934,15.230351448059082,15.121648788452148,5279891,8.337929725646973
2008-05-20,15.073336601257324,15.073336601257324,14.686841011047363,14.768972396850586,5187611,8.35706615447998
2008-05-21,14.739983558654785,14.761725425720215,14.181981086730957,14.324501037597656,7992771,8.105559349060059
2008-05-22,14.15540885925293,14.592633247375488,14.022551536560059,14.508087158203125,4442707,8.209442138671875
2008-05-23,14.464606285095215,14.503255844116211,14.148162841796875,14.181981086730957,2640463,8.024913787841797
2008-05-26,14.102266311645508,14.191642761230469,13.834135055541992,13.93075942993164,2462403,7.882759094238281
2008-05-27,14.000810623168945,14.140915870666504,13.611900329589844,13.952499389648438,4713667,7.89506196975708
2008-05-28,14.068448066711426,14.382475852966309,13.749588966369629,13.959746360778809,6252631,7.899160385131836
2008-05-29,13.96940803527832,14.107096672058105,13.63364028930664,13.768914222717285,8323016,7.791179656982422
2008-05-30,14.008057594299316,14.034629821777344,13.778575897216797,13.889694213867188,5702556,7.859522342681885
2008-06-02,13.814809799194336,13.901771545410156,13.152935981750488,13.210909843444824,8027946,7.475429534912109
2008-06-03,13.254390716552734,13.406574249267578,12.986260414123535,13.264053344726562,8500347,7.505504608154297
2008-06-04,13.16018295288086,13.215741157531738,12.836491584777832,13.138442039489746,6806816,7.434425354003906
2008-06-05,13.247143745422363,13.52735424041748,13.068389892578125,13.165014266967773,6964790,7.449460506439209
2008-06-06,13.251975059509277,13.375170707702637,12.585269927978516,12.645660400390625,8514807,7.155581951141357
2008-06-09,12.57319164276123,12.594932556152344,12.326801300048828,12.413763046264648,4477659,7.024362564086914
2008-06-10,12.37994384765625,12.488645553588867,12.203605651855469,12.326801300048828,6501878,6.975155830383301
2008-06-11,12.421009063720703,12.549036026000977,11.522406578063965,11.541730880737305,9414484,6.530921459197998
2008-06-12,11.55380916595459,11.667343139648438,11.302586555480957,11.5972900390625,8180029,6.562358856201172
2008-06-13,12.077994346618652,12.500723838806152,11.904070854187012,12.418594360351562,12525791,7.027097225189209
2008-06-16,12.44033432006836,12.563529968261719,12.039344787597656,12.077994346618652,4634821,6.834368705749512
2008-06-17,12.16737174987793,12.517633438110352,12.082825660705566,12.406516075134277,6072721,7.020262718200684
2008-06-18,12.321969985961914,12.324384689331055,11.742225646972656,11.829188346862793,6910170,6.69357967376709
2008-06-19,11.72048568725586,11.836434364318848,11.507912635803223,11.737395286560059,5879440,6.6416401863098145
2008-06-20,11.812277793884277,11.819524765014648,11.21804141998291,11.362977027893066,6056216,6.429773330688477
2008-06-23,11.234950065612793,11.266352653503418,10.959571838378906,10.990975379943848,6016602,6.21927547454834
2008-06-24,10.932999610900879,11.027209281921387,10.486115455627441,10.925753593444824,8382976,6.182370185852051
2008-06-25,10.911259651184082,11.689083099365234,10.872610092163086,11.59487533569336,8588031,6.5609941482543945
2008-06-26,11.481341361999512,11.539316177368164,10.802557945251465,10.838791847229004,6979122,6.1331610679626465
2008-06-27,10.821883201599121,11.109338760375977,10.507855415344238,10.986144065856934,7198715,6.216541767120361
2008-06-30,11.022377967834473,11.08759880065918,10.652791023254395,11.024792671203613,5950052,6.238410472869873
2008-07-01,11.017545700073242,11.160066604614258,10.399152755737305,11.090014457702637,9537779,6.2753167152404785
2008-07-02,11.172144889831543,11.582797050476074,10.959571838378906,11.073104858398438,9134603,6.265746593475342
2008-07-03,10.8943510055542,11.445107460021973,10.732505798339844,11.425783157348633,8895590,6.465311050415039
2008-07-04,11.433029174804688,11.53448486328125,11.053779602050781,11.290509223937988,5059295,6.388767719268799
2008-07-07,11.34365177154541,11.672174453735352,11.266352653503418,11.544146537780762,4770137,6.532289028167725
2008-07-08,10.870195388793945,11.256690979003906,10.720428466796875,11.169729232788086,9401808,6.320422172546387
2008-07-09,11.382302284240723,11.51757526397705,11.220457077026367,11.481341361999512,6382644,6.496748924255371
2008-07-10,11.244612693786621,11.391963958740234,10.990975379943848,11.085183143615723,4731041,6.272582054138184
2008-07-11,10.812219619750977,10.954740524291992,10.362918853759766,10.362918853759766,6943060,5.86388635635376
2008-07-14,10.882272720336914,11.292924880981445,10.503024101257324,10.568244934082031,8818690,5.980071544647217
2008-07-15,10.452296257019043,10.725258827209473,10.085124969482422,10.544089317321777,10495777,5.966402530670166
2008-07-16,10.580323219299316,11.128664016723633,10.230060577392578,11.046533584594727,10095222,6.250711917877197
2008-07-17,11.353315353393555,12.075578689575195,11.28084659576416,11.802616119384766,12761774,6.6785430908203125
2008-07-18,11.5972900390625,11.749472618103027,11.015130996704102,11.058611869812012,14002750,6.257546424865723
2008-07-21,11.128664016723633,11.495835304260254,10.906429290771484,11.384716987609863,6009913,6.442072868347168
2008-07-22,11.11175537109375,11.172144889831543,10.556166648864746,11.13107967376709,8404395,6.298552989959717
2008-07-23,11.353315353393555,11.689083099365234,11.259105682373047,11.645602226257324,10908474,6.589697360992432
2008-07-24,12.058670043945312,12.058670043945312,11.312249183654785,11.420950889587402,9865714,6.4625773429870605
2008-07-25,11.317081451416016,11.631109237670898,11.027209281921387,11.546563148498535,6194749,6.533655166625977
2008-07-28,11.53448486328125,11.53448486328125,10.904012680053711,10.988558769226074,6077233,6.217907428741455
2008-07-29,10.79772663116455,10.850870132446289,10.532011032104492,10.66486930847168,8838387,6.0347466468811035
2008-07-30,10.41123104095459,10.930584907531738,10.336347579956055,10.377412796020508,14003566,5.872087478637695
2008-07-31,10.326684951782227,10.544089317321777,10.246970176696777,10.280789375305176,8479470,5.817413806915283
2008-08-01,10.140684127807617,10.215567588806152,9.85805892944336,9.903955459594727,8118483,5.604181289672852
2008-08-04,9.862890243530273,10.097203254699707,9.780759811401367,9.836318969726562,5070792,5.565907955169678
2008-08-05,10.024735450744629,10.353257179260254,9.952266693115234,10.288036346435547,13017061,5.821515083312988
2008-08-06,10.442633628845215,10.918506622314453,10.399152755737305,10.618972778320312,11463409,6.008775234222412
2008-08-07,10.51751708984375,10.819466590881348,10.488530158996582,10.577906608581543,4285065,5.985538959503174
2008-08-08,10.483698844909668,11.15040397644043,10.341178894042969,11.05136489868164,11594639,6.253446102142334
2008-08-11,11.104508399963379,11.585211753845215,11.068273544311523,11.585211753845215,7770329,6.555524826049805
2008-08-12,11.522406578063965,12.18669605255127,11.34365177154541,11.829188346862793,13081641,6.69357967376709
2008-08-13,11.672174453735352,11.681836128234863,11.00788402557373,11.024792671203613,7266520,6.238410472869873
2008-08-14,11.058611869812012,11.1914701461792,10.846038818359375,11.061026573181152,5012007,6.258913993835449
2008-08-15,11.109338760375977,11.350898742675781,10.981311798095703,11.239782333374023,4889470,6.360063076019287
2008-08-18,11.123832702636719,11.377470970153809,11.027209281921387,11.121417045593262,4123441,6.29308557510376
2008-08-19,10.966818809509277,11.056196212768555,10.846038818359375,10.8943510055542,3714648,6.164599418640137
2008-08-20,10.899182319641113,11.046533584594727,10.568244934082031,10.749415397644043,4987649,6.0825886726379395
2008-08-21,10.62863540649414,10.722843170166016,10.30494499206543,10.384658813476562,5429936,5.876189231872559
2008-08-22,10.399152755737305,10.850870132446289,10.365335464477539,10.829130172729492,4329145,6.127694129943848
2008-08-25,10.756662368774414,10.870195388793945,10.611725807189941,10.662452697753906,2275121,6.033379554748535
2008-08-26,10.60447883605957,10.71076488494873,10.394322395324707,10.55858325958252,3600051,5.974604606628418
2008-08-27,10.602063179016113,10.626218795776367,10.346010208129883,10.51751708984375,2670054,5.951366901397705
2008-08-28,10.507855415344238,10.838791847229004,10.314606666564941,10.749415397644043,3257096,6.0825886726379395
2008-08-29,10.804973602294922,10.932999610900879,10.614141464233398,10.715597152709961,4317947,6.063451766967773
2008-09-01,11.036870956420898,11.424571990966797,10.877442359924316,11.29896354675293,6606585,6.393550872802734
2008-09-02,11.348483085632324,12.045384407043457,11.29775619506836,11.85092830657959,9151755,6.705881118774414
2008-09-03,11.993448257446289,12.295397758483887,11.812277793884277,12.119059562683105,10831110,6.85760498046875
2008-09-04,12.102149963378906,12.14442253112793,11.546563148498535,11.57192611694336,9106134,6.548007965087891
2008-09-05,11.474095344543457,11.565887451171875,11.234950065612793,11.336404800415039,7038511,6.414737224578857
2008-09-08,11.679421424865723,11.97653865814209,11.500665664672852,11.648017883300781,6292936,6.591063976287842
2008-09-09,11.645602226257324,12.271242141723633,11.631109237670898,12.068331718444824,9957538,6.828900337219238
2008-09-10,12.077994346618652,12.410139083862305,11.916149139404297,12.378735542297363,8209413,7.004542350769043
2008-09-11,12.367865562438965,12.511591911315918,11.669757843017578,12.063501358032227,11569536,6.826165199279785
2008-09-12,12.222929954528809,12.222929954528809,11.70116138458252,12.086448669433594,7186076,6.839151859283447
2008-09-15,11.353315353393555,11.696330070495605,11.353315353393555,11.474095344543457,11237784,6.492649078369141
2008-09-16,11.30500316619873,11.788122177124023,11.232535362243652,11.567092895507812,10977861,6.545273303985596
2008-09-17,11.853343963623047,11.87629222869873,10.966818809509277,10.966818809509277,9124536,6.205606937408447
2008-09-18,10.96440315246582,11.25427532196045,10.563413619995117,10.62863540649414,12075116,6.014244556427002
2008-09-19,11.353315353393555,11.884745597839355,11.186637878417969,11.847302436828613,14499455,6.703830718994141
2008-09-22,11.610575675964355,11.7627592086792,11.244612693786621,11.400419235229492,5729245,6.450960636138916
2008-09-23,11.302586555480957,11.353315353393555,10.87864875793457,11.147989273071289,6228682,6.3081207275390625
2008-09-24,11.145572662353516,11.359354019165039,10.959571838378906,11.029623985290527,5493167,6.241143226623535
2008-09-25,11.038079261779785,11.474095344543457,10.8943510055542,11.352107048034668,5004381,6.423621654510498
2008-09-26,11.162482261657715,11.221665382385254,10.782023429870605,11.122623443603516,4352158,6.293767929077148
2008-09-29,11.1576509475708,11.184223175048828,10.592400550842285,10.649168014526367,4862462,6.025862693786621
2008-09-30,10.505438804626465,11.029623985290527,10.41123104095459,10.978897094726562,8059537,6.212440013885498
2008-10-01,11.082768440246582,11.082768440246582,10.097203254699707,10.21798324584961,9401730,5.781875133514404
2008-10-02,10.278372764587402,10.278372764587402,9.903955459594727,9.913618087768555,9238689,5.60964822769165
2008-10-03,9.983670234680176,10.42934799194336,9.856850624084473,10.42934799194336,7844021,5.90147590637207
2008-10-06,9.994540214538574,10.027151107788086,9.350783348083496,9.472770690917969,8066748,5.360194683074951
2008-10-07,9.773512840270996,10.209528923034668,9.290392875671387,9.771097183227539,10106938,5.529003143310547
2008-10-08,9.364068984985352,10.35084056854248,8.958248138427734,9.783175468444824,13295658,5.535836696624756
2008-10-09,9.829071998596191,10.521141052246094,9.768681526184082,9.92086410522461,7453414,5.613749027252197
2008-10-10,9.300056457519531,10.333931922912598,9.174444198608398,9.903955459594727,19348286,5.604181289672852
2008-10-13,10.432971000671387,11.11175537109375,10.41123104095459,11.11175537109375,8300400,6.2876176834106445
2008-10-14,11.475301742553711,11.963253021240234,10.785649299621582,11.172144889831543,10902057,6.3217902183532715
2008-10-15,11.158859252929688,11.169729232788086,10.191411972045898,10.394322395324707,8737319,5.881656169891357
2008-10-16,9.676889419555664,10.521141052246094,9.650317192077637,9.954683303833008,8983726,5.632885456085205
2008-10-17,10.399152755737305,10.447464942932129,9.662394523620605,10.023527145385742,8023128,5.671841144561768
2008-10-20,10.432971000671387,10.681777954101562,10.145515441894531,10.387075424194336,5501153,5.877556324005127
2008-10-21,10.68419361114502,10.975273132324219,10.440217971801758,10.55858325958252,6888680,5.974604606628418
2008-10-22,10.267502784729004,10.749415397644043,9.905162811279297,9.957098007202148,5250370,5.634252071380615
2008-10-23,10.009034156799316,10.0259428024292,8.830222129821777,9.092313766479492,11379583,5.144911289215088
2008-10-24,8.326568603515625,8.514986038208008,7.919540882110596,8.436478614807129,10621109,4.773805141448975
2008-10-27,8.153854370117188,8.301204681396484,7.586187839508057,7.756487846374512,7360149,4.389030933380127
2008-10-28,7.988385200500488,8.441309928894043,7.743202209472656,7.975100040435791,8462803,4.512733459472656
2008-10-29,8.454595565795898,8.902689933776855,8.36401081085205,8.63576602935791,7095850,4.88657283782959
2008-10-30,8.790364265441895,9.704668045043945,8.370050430297852,9.332663536071777,9272499,5.280914783477783
2008-10-31,9.262614250183105,9.71553897857666,8.981196403503418,9.69017505645752,6328198,5.483213901519775
2008-11-03,9.67447280883789,9.96434497833252,9.49813461303711,9.617707252502441,4633741,5.442206382751465
2008-11-04,9.801292419433594,10.556166648864746,9.662394523620605,10.481283187866211,5578202,5.930864334106445
2008-11-05,10.483698844909668,10.829130172729492,10.097203254699707,10.73371410369873,4699107,6.073702812194824
2008-11-06,10.308568000793457,10.440217971801758,9.783175468444824,9.86530590057373,4686957,5.582310676574707
2008-11-07,9.854433059692383,10.070631980895996,9.633407592773438,9.838733673095703,3788385,5.567275524139404
2008-11-10,10.145515441894531,10.53442668914795,9.995747566223145,10.047682762145996,5525606,5.68550968170166
2008-11-11,9.918449401855469,9.98970890045166,9.285561561584473,9.285561561584473,5293295,5.254261493682861
2008-11-12,9.609251976013184,9.746940612792969,8.848339080810547,8.93529987335205,6111767,5.056064605712891
2008-11-13,8.90872859954834,9.2952241897583,8.577791213989258,8.97757339477539,4797745,5.079985618591309
2008-11-14,9.3121337890625,9.487263679504395,8.897857666015625,8.943755149841309,3768237,5.060849189758301
2008-11-17,8.937715530395508,9.204639434814453,8.507739067077637,8.606779098510742,3600332,4.870170593261719
2008-11-18,8.67441463470459,8.88819408416748,8.510154724121094,8.775871276855469,3540711,4.9658522605896
2008-11-19,8.812105178833008,8.812105178833008,7.899007797241211,7.950943946838379,4926157,4.499063968658447
2008-11-20,7.807215213775635,7.903839111328125,7.440043926239014,7.592226982116699,8587803,4.296083450317383
2008-11-21,7.6888508796691895,8.103123664855957,7.403810024261475,7.615174770355225,6087475,4.309068202972412
2008-11-24,7.843449115753174,8.229945182800293,7.752863883972168,8.167140007019043,5292699,4.621399879455566
2008-11-25,8.171971321105957,8.691325187683105,7.925580024719238,8.210619926452637,6837153,4.646002769470215
2008-11-26,8.285504341125488,8.986027717590332,8.165931701660156,8.8833646774292,10095222,5.026677131652832
2008-11-27,9.056079864501953,9.252950668334961,8.78553295135498,9.011390686035156,6095295,5.09912109375
2008-11-28,9.019845962524414,9.158742904663086,8.667168617248535,9.092313766479492,5553968,5.144911289215088
2008-12-01,9.051248550415039,9.152704238891602,8.484790802001953,8.612817764282227,10095222,4.873587131500244
2008-12-02,8.412322998046875,9.335082054138184,8.39903736114502,9.176859855651855,6544422,5.192751884460449
2008-12-03,9.09593677520752,9.397887229919434,8.909934043884277,9.344743728637695,10095222,5.287750720977783
2008-12-04,9.382185935974121,9.998164176940918,9.196185111999512,9.26865291595459,6823636,5.244693279266357
2008-12-05,9.10318374633789,9.178068161010742,8.792779922485352,8.813311576843262,4564813,4.9870381355285645
2008-12-08,9.33629035949707,9.58509635925293,9.196185111999512,9.554901123046875,3489022,5.406667232513428
2008-12-09,9.4546537399292,10.422101020812988,9.348367691040039,10.180541038513184,7526203,5.760688304901123
2008-12-10,10.292866706848145,10.503024101257324,9.998164176940918,10.18174934387207,5320411,5.761371612548828
2008-12-11,10.106865882873535,10.236100196838379,9.56818675994873,9.853227615356445,6137753,5.575476169586182
2008-12-12,9.360445976257324,9.602005004882812,9.080236434936523,9.44257640838623,6882239,5.343109130859375
2008-12-15,9.56818675994873,9.708292007446289,9.130964279174805,9.174444198608398,4472633,5.191385746002197
2008-12-16,9.071781158447266,9.547654151916504,9.058496475219727,9.382185935974121,3634394,5.308936595916748
2008-12-17,9.242080688476562,9.541614532470703,9.068158149719238,9.196185111999512,4422493,5.2036871910095215
2008-12-18,9.27106761932373,9.615290641784668,9.227587699890137,9.333873748779297,5363626,5.281599521636963
2008-12-19,9.196185111999512,9.385808944702148,8.89181900024414,8.97757339477539,6072630,5.079985618591309
2008-12-22,8.937715530395508,8.937715530395508,8.490830421447754,8.696155548095703,4732950,4.920743942260742
2008-12-23,8.822975158691406,9.114053726196289,8.700986862182617,8.923221588134766,3013828,5.04923152923584
2008-12-24,8.920806884765625,8.943755149841309,8.5753755569458,8.594700813293457,660283,4.863336086273193
2008-12-29,8.639389038085938,8.923221588134766,8.63818073272705,8.848339080810547,1668989,5.006856918334961
2008-12-30,8.923221588134766,9.010184288024902,8.806065559387207,8.986027717590332,1423895,5.084770202636719
2008-12-31,9.010184288024902,9.41841983795166,9.010184288024902,9.07540512084961,1223481,5.135343551635742
2009-01-02,9.406341552734375,9.518667221069336,9.202223777770996,9.489680290222168,1669469,5.369762420654297
2009-01-05,9.529537200927734,9.722784996032715,9.337496757507324,9.701045036315918,2987399,5.4893646240234375
2009-01-06,9.676889419555664,9.810955047607422,9.389432907104492,9.452238082885742,4390774,5.348575115203857
2009-01-07,9.385808944702148,9.7517728805542,9.137002944946289,9.501757621765137,4454741,5.376596450805664
2009-01-08,9.465523719787598,9.553692817687988,9.104392051696777,9.228795051574707,4775163,5.222140312194824
2009-01-09,9.419628143310547,9.598381996154785,9.230003356933594,9.414793968200684,4108219,5.327388763427734
2009-01-12,9.4208345413208,9.686551094055176,9.323003768920898,9.451029777526855,3803412,5.347891807556152
2009-01-13,9.505380630493164,9.505380630493164,9.210678100585938,9.359237670898438,5244256,5.295950889587402
2009-01-14,9.662394523620605,9.765057563781738,8.961872100830078,9.10318374633789,6873500,5.151061534881592
2009-01-15,9.152704238891602,9.191353797912598,8.66112995147705,8.749299049377441,6222394,4.950815677642822
2009-01-16,8.97757339477539,9.053664207458496,8.554842948913574,8.600740432739258,4360471,4.866753578186035
2009-01-19,8.773454666137695,9.04037857055664,8.40024471282959,8.50653076171875,4336083,4.813444137573242
2009-01-20,8.558466911315918,8.71668815612793,8.31328296661377,8.384544372558594,4502390,4.744419097900391
2009-01-21,8.279464721679688,8.48599910736084,8.02099609375,8.205788612365723,8923600,4.643268585205078
2009-01-22,8.3120756149292,8.438895225524902,7.749240875244141,7.826539993286133,6076617,4.428669452667236
2009-01-23,7.8615641593933105,7.899007797241211,7.369991779327393,7.472654819488525,9505406,4.22842264175415
2009-01-26,7.453330039978027,7.461784839630127,7.198483943939209,7.270952224731445,8924709,4.1142897605896
2009-01-27,7.309601783752441,7.4678239822387695,7.104276180267334,7.279407024383545,7800392,4.119072914123535
2009-01-28,7.4412522315979,7.5946431159973145,7.298731803894043,7.476277828216553,16138167,4.230473041534424
2009-01-29,7.4678239822387695,7.572902202606201,7.2516279220581055,7.374823093414307,7048164,4.173064708709717
2009-01-30,7.366368770599365,7.494394779205322,7.270952224731445,7.420720100402832,5752465,4.19903564453125
2009-02-02,7.343420028686523,7.421926975250244,6.977457046508789,7.150172233581543,5375391,4.045945644378662
2009-02-03,7.19606876373291,7.413473129272461,7.060794830322266,7.305978775024414,4658612,4.134109020233154
2009-02-04,7.3627448081970215,7.812047004699707,7.2878618240356445,7.535459995269775,7482396,4.263962268829346
2009-02-05,7.426758766174316,7.60913610458374,7.273367881774902,7.514927864074707,4097451,4.25234317779541
2009-02-06,7.430381774902344,7.6960978507995605,7.30235481262207,7.65261697769165,9844630,4.330254554748535
2009-02-09,7.638123035430908,7.990800857543945,7.56565523147583,7.849487781524658,11633164,4.441655158996582
2009-02-10,7.7589030265808105,7.843449115753174,7.640539169311523,7.640539169311523,7219190,4.323421478271484
2009-02-11,7.638123035430908,7.990800857543945,7.56565523147583,7.636916160583496,11633164,4.321370601654053
2009-02-12,7.535459995269775,7.68039608001709,7.405017852783203,7.478693962097168,5901426,4.231840133666992
2009-02-13,7.708176136016846,7.832579135894775,7.324096202850342,7.711799144744873,10815594,4.363743782043457
2009-02-16,7.60913610458374,7.611551761627197,7.357913970947266,7.3796539306640625,4464412,4.175798416137695
2009-02-17,7.462993144989014,7.476277828216553,6.790247917175293,7.017314910888672,9250314,3.9707674980163574
2009-02-18,7.0004048347473145,7.060794830322266,6.570428848266602,6.66705322265625,8208912,3.772570848464966
2009-02-19,6.739521026611328,6.9061970710754395,6.473804950714111,6.720195770263672,8644568,3.802642345428467
2009-02-20,6.553520202636719,6.624780178070068,6.403751850128174,6.42307710647583,6618101,3.634516477584839
2009-02-23,6.499168872833252,6.5221171379089355,6.164608001708984,6.2080888748168945,5015994,3.5128650665283203
2009-02-24,6.093348026275635,6.2080888748168945,5.824008941650391,6.140451908111572,8730464,3.4745917320251465
2009-02-25,6.290218830108643,6.555934906005859,6.2080888748168945,6.473804950714111,10643554,3.6632208824157715
2009-02-26,6.546273231506348,6.717780113220215,6.495544910430908,6.592168807983398,8263180,3.7301979064941406
2009-02-27,6.541441917419434,6.541441917419434,6.179101943969727,6.243114948272705,7493789,3.532684803009033
2009-03-02,6.038997173309326,6.2249979972839355,6.0088019371032715,6.040205001831055,5085686,3.417867422103882
2009-03-03,6.014841079711914,6.221374988555908,5.965321063995361,6.049867153167725,6121848,3.4233345985412598
2009-03-04,6.152530193328857,6.2986741065979,6.048658847808838,6.226205825805664,7150462,3.523116111755371
2009-03-05,6.185141086578369,6.215335845947266,5.560708045959473,5.640422821044922,8405219,3.1916489601135254
2009-03-06,5.628345012664795,5.866281986236572,5.628345012664795,5.764825820922852,10097296,3.262042999267578
2009-03-09,5.776904106140137,5.792605876922607,5.48099422454834,5.5884881019592285,6935286,3.162261486053467
2009-03-10,5.537759780883789,6.1597771644592285,5.4834089279174805,6.060737133026123,8898716,3.429485559463501
2009-03-11,6.07281494140625,6.546273231506348,5.921840190887451,6.464141845703125,8647167,3.657752275466919
2009-03-12,6.414622783660889,6.543857097625732,6.1670241355896,6.5052080154418945,4864453,3.68099045753479
2009-03-13,6.610286235809326,6.712948799133301,6.425492763519287,6.565598011016846,4602013,3.7151622772216797
2009-03-16,6.673091888427734,6.805950164794922,6.51003885269165,6.725027084350586,4868871,3.805375099182129
2009-03-17,6.757637977600098,6.865131855010986,6.63444185256958,6.814404010772705,4892244,3.855949878692627
2009-03-18,6.948470115661621,6.966587066650391,6.548687934875488,6.688793182373047,4212557,3.784872055053711
2009-03-19,6.7624688148498535,6.973834037780762,6.656181812286377,6.889287948608398,5394815,3.898322582244873
2009-03-20,6.872378826141357,7.005237102508545,6.720195770263672,6.987120151519775,4198718,3.953681230545044
2009-03-23,7.042677879333496,7.159834861755371,6.944847106933594,7.106691837310791,4177684,4.021341800689697
2009-03-24,7.190030097961426,7.222640037536621,6.859093189239502,7.0124831199646,4621433,3.9680335521698
2009-03-25,6.985911846160889,7.198483943939209,6.94967794418335,7.031807899475098,3642959,3.978968381881714
2009-03-26,7.036639213562012,7.082536220550537,6.969003200531006,7.051133155822754,2980987,3.9899041652679443
2009-03-27,7.047510147094727,7.3506669998168945,7.039054870605469,7.246796131134033,4644152,4.100620269775391
2009-03-30,7.063210964202881,7.063210964202881,6.481051921844482,6.526947975158691,4803156,3.6932919025421143
2009-03-31,6.5728440284729,6.78420877456665,6.5728440284729,6.746767044067383,3391109,3.8176770210266113
2009-04-01,6.732274055480957,6.770923137664795,6.52815580368042,6.756430149078369,5104071,3.823145627975464
2009-04-02,7.005237102508545,8.04152774810791,6.891703128814697,7.874852180480957,13967715,4.456007957458496
2009-04-03,7.734746932983398,8.295166015625,7.734746932983398,8.252893447875977,8152979,4.669922828674316
2009-04-06,8.333815574645996,8.40628433227539,7.6477861404418945,7.766149997711182,7760824,4.394497394561768
2009-04-07,7.849487781524658,7.944904804229736,7.444876194000244,7.634500026702881,4070087,4.320003509521484
2009-04-08,7.529420852661133,8.421984672546387,7.440043926239014,8.309659957885742,7595979,4.70204496383667
2009-04-09,8.432855606079102,8.614025115966797,8.124863624572754,8.587453842163086,6473073,4.859234809875488
2009-04-14,8.333815574645996,8.578998565673828,8.123659133911133,8.519817352294922,6566623,4.820963382720947
2009-04-15,8.384544372558594,8.500492095947266,8.155061721801758,8.269803047180176,4982081,4.679491996765137
2009-04-16,8.353140830993652,8.732390403747559,8.191295623779297,8.633350372314453,4677783,4.8852057456970215
2009-04-17,8.68045425415039,9.297639846801758,8.600740432739258,9.191353797912598,6715742,5.200953483581543
2009-04-20,9.179276466369629,9.275899887084961,8.357972145080566,8.405074119567871,5049033,4.756034851074219
2009-04-21,8.41836166381836,8.609193801879883,8.070515632629395,8.39903736114502,4709457,4.752619743347168
2009-04-22,8.428024291992188,8.657505989074707,8.254100799560547,8.469088554382324,4822356,4.792257785797119
2009-04-23,8.42440128326416,8.843506813049316,8.39903736114502,8.611610412597656,4034717,4.872904300689697
2009-04-24,8.649051666259766,9.13941764831543,8.593493461608887,9.071781158447266,5157002,5.133294105529785
2009-04-27,8.874910354614258,8.973950386047363,8.746883392333984,8.856793403625488,3911659,5.011641979217529
2009-04-28,8.761377334594727,8.783117294311523,8.430439949035645,8.612817764282227,4005184,4.873587131500244
2009-04-29,9.179276466369629,9.343536376953125,9.017430305480957,9.251744270324707,8413722,5.235125541687012
2009-04-30,9.482433319091797,9.589926719665527,9.208263397216797,9.419628143310547,7821124,5.330122947692871
2009-05-04,9.4208345413208,9.90153980255127,9.294013977050781,9.88583755493164,3584999,5.593930244445801
2009-05-05,9.879798889160156,10.242138862609863,9.664811134338379,10.11290454864502,5364971,5.722415447235107
2009-05-06,10.0259428024292,10.571867942810059,10.0259428024292,10.338763236999512,6522109,5.850218772888184
2009-05-07,10.546504974365234,10.744584083557129,10.359292984008789,10.360503196716309,7059963,5.862520217895508
2009-05-08,10.391905784606934,10.49819278717041,10.116527557373047,10.382244110107422,5636846,5.87482213973999
2009-05-11,10.20107364654541,10.336347579956055,9.75298023223877,9.937773704528809,6227233,5.623317718505859
2009-05-12,9.801292419433594,10.341178894042969,9.785591125488281,9.980047225952148,5002154,5.6472392082214355
2009-05-13,10.102033615112305,10.133437156677246,9.209470748901367,9.209470748901367,7257504,5.211204528808594
2009-05-14,9.097145080566406,9.300056457519531,8.725143432617188,9.227587699890137,6955181,5.221457004547119
2009-05-15,9.371313095092773,9.408757209777832,9.058496475219727,9.155119895935059,4257002,5.180450439453125
2009-05-18,9.0319242477417,9.829071998596191,8.938922882080078,9.807331085205078,4304261,5.549506664276123
2009-05-19,9.855643272399902,10.140684127807617,9.832695007324219,9.941396713256836,3638637,5.625366687774658
2009-05-20,9.937773704528809,10.519932746887207,9.891877174377441,10.420892715454102,4507594,5.896692752838135
2009-05-21,10.303736686706543,10.408815383911133,10.080293655395508,10.116527557373047,4094620,5.724465847015381
2009-05-22,9.903955459594727,9.978838920593262,9.437745094299316,9.711915016174316,5631468,5.629944324493408
2009-05-25,9.664811134338379,9.816993713378906,9.37252426147461,9.61166763305664,1568455,5.571832180023193
2009-05-26,9.853227615356445,10.024735450744629,9.49934196472168,9.872551918029785,5734946,5.723066329956055
2009-05-27,10.062176704406738,10.230060577392578,9.90153980255127,10.196243286132812,5946396,5.910707473754883
2009-05-28,10.082710266113281,10.254217147827148,9.963136672973633,10.082710266113281,4289019,5.844893455505371
2009-05-29,10.21798324584961,10.359292984008789,10.150345802307129,10.337553024291992,3879278,5.992624282836914
2009-06-01,10.493361473083496,10.719220161437988,10.424516677856445,10.638297080993652,3619913,6.166964054107666
2009-06-02,10.650375366210938,11.160066604614258,10.64071273803711,10.875025749206543,5201807,6.304194450378418
2009-06-03,10.918506622314453,10.976481437683105,10.26146411895752,10.387075424194336,4998213,6.021332740783691
2009-06-04,10.458333015441895,10.559789657592773,10.242138862609863,10.507855415344238,4647393,6.091347694396973
2009-06-05,10.524764060974121,10.629842758178711,10.285619735717773,10.611725807189941,6014947,6.151560306549072
2009-06-08,10.486115455627441,10.625012397766113,10.317023277282715,10.606895446777344,3753131,6.148759365081787
2009-06-09,10.62863540649414,10.78927230834961,10.33151626586914,10.510271072387695,3412553,6.092747688293457
2009-06-10,10.569453239440918,10.837583541870117,10.569453239440918,10.74699878692627,3888965,6.229978561401367
2009-06-11,10.785649299621582,10.890727043151855,10.70955753326416,10.838791847229004,2820194,6.283189296722412
2009-06-12,10.783232688903809,10.91488265991211,10.641921043395996,10.768739700317383,2864072,6.242579936981201
2009-06-15,10.765115737915039,10.765115737915039,10.221607208251953,10.236100196838379,3309526,5.933812618255615
2009-06-16,10.288036346435547,10.440217971801758,10.064593315124512,10.379828453063965,3506861,6.01713228225708
2009-06-17,10.279581069946289,10.290451049804688,9.790422439575195,9.888254165649414,4554551,5.732167720794678
2009-06-18,9.701045036315918,9.945019721984863,9.47881031036377,9.716744422912598,5367161,5.632745265960693
2009-06-19,9.806123733520508,9.899124145507812,9.510212898254395,9.833903312683105,4888249,5.700660705566406
2009-06-22,9.88583755493164,9.891877174377441,9.4437837600708,9.444991111755371,4135760,5.475209712982178
2009-06-23,9.326626777648926,9.470355033874512,9.13821029663086,9.338705062866211,4510483,5.413597106933594
2009-06-24,9.360445976257324,9.693798065185547,9.208263397216797,9.62978458404541,3401437,5.582334518432617
2009-06-25,9.623745918273926,9.819409370422363,9.447406768798828,9.819409370422363,3461567,5.692258358001709
2009-06-26,9.986085891723633,10.239724159240723,9.614083290100098,9.779552459716797,3642939,5.669154167175293
2009-06-29,9.702253341674805,9.959513664245605,9.688966751098633,9.959513664245605,3491962,5.773475646972656
2009-06-30,9.961930274963379,10.00782585144043,9.662394523620605,9.808539390563965,3029654,5.685957908630371
2009-07-01,9.867720603942871,10.03318977355957,9.670849800109863,10.000578880310059,2702335,5.7972822189331055
2009-07-02,9.982461929321289,9.982461929321289,9.447406768798828,9.487263679504395,4137926,5.499716281890869
2009-07-03,9.535573959350586,9.582680702209473,9.37252426147461,9.512627601623535,2049367,5.514420032501221
2009-07-06,9.458276748657227,9.458276748657227,9.179276466369629,9.31334114074707,2502273,5.398894309997559
2009-07-07,9.393054008483887,9.576642036437988,9.261405944824219,9.338705062866211,2099632,5.413597106933594
2009-07-08,9.333873748779297,9.396679878234863,8.940131187438965,8.94616985321045,3904952,5.186046600341797
2009-07-09,8.992064476013184,9.179276466369629,8.86524772644043,8.940131187438965,2997103,5.1825456619262695
2009-07-10,8.944961547851562,9.174444198608398,8.877326011657715,9.010184288024902,2568824,5.2231550216674805
2009-07-13,8.964286804199219,9.220340728759766,8.89061164855957,9.173233985900879,1873133,5.317674160003662
2009-07-14,9.217925071716309,9.531952857971191,9.109223365783691,9.51745891571045,3064867,5.517220497131348
2009-07-15,9.620121955871582,9.756604194641113,9.546446800231934,9.756604194641113,4629315,5.655851364135742
2009-07-16,9.785591125488281,9.8894624710083,9.669642448425293,9.819409370422363,3506736,5.692258358001709
2009-07-17,9.819409370422363,9.951059341430664,9.759018898010254,9.951059341430664,2155034,5.768575668334961
2009-07-20,10.060969352722168,10.139473915100098,9.783175468444824,10.012657165527344,3344818,5.80428409576416
2009-07-21,10.070631980895996,10.11411190032959,9.970383644104004,10.09478759765625,3717682,5.851894378662109
2009-07-22,10.145515441894531,10.465581893920898,9.988500595092773,10.353257179260254,4090600,6.00172758102417
2009-07-23,10.370165824890137,10.62863540649414,10.196243286132812,10.614141464233398,4882350,6.152961730957031
2009-07-24,10.602063179016113,10.817051887512207,10.495777130126953,10.740960121154785,3435578,6.226475715637207
2009-07-27,10.837583541870117,10.954740524291992,10.541672706604004,10.663661003112793,2771561,6.181668281555176
2009-07-28,10.67211627960205,11.024792671203613,10.596023559570312,10.660037994384766,3493601,6.179566860198975
2009-07-29,10.713180541992188,11.126248359680176,10.651582717895508,10.990975379943848,4199165,6.371409893035889
2009-07-30,11.063443183898926,11.55380916595459,10.62863540649414,11.475301742553711,4332118,6.652169227600098
2009-07-31,11.763965606689453,12.384775161743164,11.763965606689453,12.23742389678955,10535548,7.093969345092773
2009-08-03,12.222929954528809,13.232650756835938,12.222929954528809,12.947609901428223,7195929,7.505659580230713
2009-08-04,12.995922088623047,13.073221206665039,12.4596586227417,12.995922088623047,5293771,7.533664703369141
2009-08-05,12.850985527038574,12.99350643157959,12.551451683044434,12.60942554473877,4084755,7.309617519378662
2009-08-06,12.684309959411621,12.90654468536377,12.626335144042969,12.691555976867676,5307830,7.357226848602295
2009-08-07,12.635997772216797,12.669816017150879,12.218098640441895,12.48381519317627,4062392,7.236800193786621
2009-08-10,12.433087348937988,12.623920440673828,12.263995170593262,12.319554328918457,3258955,7.141580581665039
2009-08-11,12.309891700744629,12.46690559387207,12.109396934509277,12.15046215057373,3816597,7.043558597564697
2009-08-12,12.152877807617188,12.350956916809082,12.114228248596191,12.319554328918457,2878896,7.141580581665039
2009-08-13,12.295397758483887,12.793011665344238,12.196358680725098,12.657737731933594,3944549,7.337622165679932
2009-08-14,12.67706298828125,12.971766471862793,12.621503829956055,12.759193420410156,4591130,7.396434783935547
2009-08-17,12.619089126586914,12.693971633911133,12.032097816467285,12.08041000366211,3981637,7.002948760986328
2009-08-18,12.077994346618652,12.210851669311523,11.864213943481445,12.070748329162598,3299852,6.997348785400391
2009-08-19,11.91977310180664,12.065916061401367,11.739810943603516,11.968082427978516,3665413,6.937832355499268
2009-08-20,12.16737174987793,12.474152565002441,12.128722190856934,12.370282173156738,3271192,7.170985698699951
2009-08-21,12.317138671875,13.01283073425293,12.27365779876709,12.918622970581055,4293572,7.488855361938477
2009-08-24,12.995922088623047,13.201248168945312,12.966935157775879,13.111870765686035,3275299,7.6008806228637695
2009-08-25,13.087715148925781,13.198831558227539,12.988675117492676,13.111870765686035,2201218,7.6008806228637695
2009-08-26,13.11670207977295,13.283377647399902,12.923454284667969,13.044234275817871,2517710,7.561674118041992
2009-08-27,12.954856872558594,13.152935981750488,12.355788230895996,12.474152565002441,3510392,7.231198310852051
2009-08-28,12.684309959411621,12.908960342407227,12.6311674118042,12.82682991027832,2512701,7.435643672943115
2009-08-31,12.681894302368164,12.81958293914795,12.607010841369629,12.679478645324707,1741282,7.350226402282715
2009-09-01,12.831661224365234,12.947609901428223,12.23742389678955,12.259163856506348,2555291,7.106571197509766
2009-09-02,12.198774337768555,12.210851669311523,11.74464225769043,11.986202239990234,4657035,6.948338031768799
2009-09-03,11.998279571533203,12.14804744720459,11.70116138458252,11.960838317871094,4118614,6.933633327484131
2009-09-04,11.983785629272461,12.469321250915527,11.983785629272461,12.367865562438965,4039002,7.169583320617676
2009-09-07,12.488645553588867,12.942778587341309,12.48381519317627,12.836491584777832,2801156,7.441245079040527
2009-09-08,12.8944673538208,13.092546463012695,12.768856048583984,12.865480422973633,2877985,7.458049297332764
2009-09-09,12.831661224365234,13.189169883728027,12.807504653930664,13.184338569641113,3916697,7.642891883850098
2009-09-10,13.261637687683105,13.261637687683105,12.718128204345703,12.952441215515137,3443593,7.508462429046631
2009-09-11,12.947609901428223,13.249560356140137,12.899297714233398,13.201248168945312,2912155,7.652692794799805
2009-09-14,12.90654468536377,13.322028160095215,12.848569869995117,13.293041229248047,3026425,7.705905914306641
2009-09-15,13.406574249267578,13.703692436218262,13.346183776855469,13.672289848327637,5930628,7.925753116607666
2009-09-16,13.744757652282715,13.979070663452148,13.720602035522461,13.882447242736816,3387789,8.047581672668457
2009-09-17,14.01047420501709,14.01047420501709,13.491120338439941,13.587743759155273,5620382,7.876741409301758
2009-09-18,13.623977661132812,13.684368133544922,13.22298812866211,13.22298812866211,4118796,7.6652960777282715
2009-09-21,13.322028160095215,13.358262062072754,13.044234275817871,13.177091598510742,3383343,7.638689994812012
2009-09-22,13.278547286987305,13.744757652282715,13.256807327270508,13.638470649719238,3603677,7.906147480010986
2009-09-23,13.660211563110352,13.735095024108887,13.297871589660645,13.319611549377441,2983756,7.721307277679443
2009-09-24,13.177091598510742,13.430729866027832,12.971766471862793,13.044234275817871,3125075,7.561674118041992
2009-09-25,12.991090774536133,13.30994987487793,12.988675117492676,13.1795072555542,2661766,7.64008903503418
2009-09-28,13.000753402709961,13.469379425048828,12.807504653930664,13.469379425048828,4358310,7.808125972747803
2009-09-29,13.491120338439941,13.52735424041748,13.128780364990234,13.16018295288086,3530341,7.6288886070251465
2009-09-30,13.244729042053223,13.285794258117676,12.843738555908203,12.95002555847168,3607382,7.507061004638672
2009-10-01,12.91379165649414,12.921037673950195,12.271242141723633,12.314723014831543,7058270,7.138779640197754
2009-10-02,12.251916885375977,12.384775161743164,12.00190258026123,12.164956092834473,6090663,7.051958084106445
2009-10-05,12.174617767333984,12.667401313781738,12.090071678161621,12.536957740783691,5203533,7.267606258392334
2009-10-06,12.657737731933594,12.710881233215332,12.433087348937988,12.655323028564453,4276951,7.336221218109131
2009-10-07,12.742283821105957,12.848569869995117,12.674647331237793,12.747115135192871,3050208,7.389432907104492
2009-10-08,13.044234275817871,13.33652114868164,12.925869941711426,13.30994987487793,4619632,7.715705394744873
2009-10-09,13.283377647399902,13.430729866027832,13.015247344970703,13.017662048339844,3259046,7.546270370483398
2009-10-12,13.177091598510742,13.324442863464355,13.16018295288086,13.220573425292969,2375278,7.663895130157471
2009-10-13,13.194001197814941,13.285794258117676,13.097376823425293,13.174675941467285,2876094,7.637288570404053
2009-10-14,13.203662872314453,13.346183776855469,13.203662872314453,13.343768119812012,3208554,7.735311031341553
2009-10-15,13.30994987487793,13.744757652282715,13.30994987487793,13.744757652282715,5199509,7.967763900756836
2009-10-16,13.814809799194336,14.172319412231445,13.50319766998291,13.599822044372559,4842376,7.8837432861328125
2009-10-19,13.667457580566406,14.082942008972168,13.662627220153809,13.998395919799805,3900059,8.114792823791504
2009-10-20,14.01047420501709,14.095020294189453,13.650548934936523,13.665042877197266,3076619,7.921551704406738
2009-10-21,13.75200366973877,13.75200366973877,13.249560356140137,13.450055122375488,3568270,7.796924591064453
2009-10-22,13.285794258117676,13.469379425048828,13.11670207977295,13.31236457824707,2560954,7.717105388641357
2009-10-23,13.396910667419434,13.442808151245117,13.128780364990234,13.196416854858398,4128648,7.649893283843994
2009-10-26,13.259222030639648,13.382417678833008,12.802674293518066,12.884803771972656,2622248,7.46925163269043
2009-10-27,12.981428146362305,13.208495140075684,12.669816017150879,12.901714324951172,5308439,7.479055404663086
2009-10-28,12.899297714233398,12.95002555847168,11.854551315307617,12.138383865356445,9216397,7.036556243896484
2009-10-29,12.077994346618652,12.580438613891602,11.947551727294922,12.486230850219727,4347799,7.238202095031738
2009-10-30,12.5973482131958,12.652907371520996,12.102149963378906,12.210851669311523,4404129,7.07856559753418
2009-11-02,12.15046215057373,12.575608253479004,12.00190258026123,12.476568222045898,3163058,7.232598781585693
2009-11-03,12.319554328918457,12.40410041809082,11.983785629272461,12.094903945922852,5383621,7.011350154876709
2009-11-04,12.18669605255127,12.425841331481934,12.172203063964844,12.312307357788086,3133541,7.137378215789795
2009-11-05,12.198774337768555,12.88722038269043,12.104565620422363,12.747115135192871,3686228,7.389432907104492
2009-11-06,12.747115135192871,13.0200777053833,12.59010124206543,12.831661224365234,2779757,7.4384446144104
2009-11-09,13.022494316101074,13.104623794555664,12.860648155212402,13.008000373840332,2059352,7.5406670570373535
2009-11-10,12.983843803405762,13.049064636230469,12.684309959411621,12.809921264648438,2870683,7.425843238830566
2009-11-11,12.879973411560059,13.008000373840332,12.843738555908203,12.923454284667969,1315748,7.491655349731445
2009-11-12,12.892050743103027,13.174675941467285,12.892050743103027,12.95002555847168,1450600,7.507061004638672
2009-11-13,12.95002555847168,13.049064636230469,12.766440391540527,13.0200777053833,1635784,7.547669887542725
2009-11-16,13.172261238098145,13.541847229003906,13.085298538208008,13.48387336730957,2198278,7.816530704498291
2009-11-17,13.4766263961792,13.541847229003906,13.143274307250977,13.169844627380371,1870438,7.634489059448242
2009-11-18,13.1795072555542,13.355846405029297,13.068389892578125,13.140857696533203,1767172,7.617684841156006
2009-11-19,13.128780364990234,13.128780364990234,12.790596008300781,12.81958293914795,1674259,7.431443214416504
2009-11-20,12.875142097473145,12.947609901428223,12.469321250915527,12.515217781066895,5172675,7.255004405975342
2009-11-23,12.698802947998047,12.850985527038574,12.63358211517334,12.742283821105957,2427890,7.38663387298584
2009-11-24,12.585269927978516,13.027324676513672,12.558698654174805,12.749530792236328,2740761,7.390833377838135
2009-11-25,12.795427322387695,12.925869941711426,12.561114311218262,12.72054386138916,4617016,7.374030113220215
2009-11-26,12.684309959411621,12.696388244628906,12.063501358032227,12.143216133117676,3645000,7.039357662200928
2009-11-27,11.890783309936523,12.696388244628906,11.860589981079102,12.56594467163086,7403555,7.284411907196045
2009-11-30,12.713296890258789,12.802674293518066,12.196358680725098,12.198774337768555,3366485,7.071564674377441
2009-12-01,12.384775161743164,12.561114311218262,12.355788230895996,12.445164680480957,2263732,7.214394569396973
2009-12-02,12.464489936828613,12.592516899108887,12.346125602722168,12.462075233459473,5357155,7.224197864532471
2009-12-03,12.6311674118042,12.703634262084961,12.522464752197266,12.563529968261719,3750365,7.283010959625244
2009-12-04,12.558698654174805,12.923454284667969,12.445164680480957,12.776102066040039,2403863,7.406237602233887
2009-12-07,12.730205535888672,13.073221206665039,12.640829086303711,12.981428146362305,4284502,7.525265216827393
2009-12-08,12.995922088623047,13.23023509979248,12.821998596191406,12.93311595916748,5706038,7.497257709503174
2009-12-09,12.923454284667969,13.046649932861328,12.621503829956055,12.771270751953125,1861832,7.403439521789551
2009-12-10,12.681894302368164,12.754362106323242,12.585269927978516,12.703634262084961,3334158,7.36422872543335
2009-12-11,12.681894302368164,12.831661224365234,12.681894302368164,12.785764694213867,2769081,7.411839962005615
2009-12-14,12.935531616210938,12.97659683227539,12.72054386138916,12.841323852539062,1682713,7.444046974182129
2009-12-15,12.850985527038574,12.935531616210938,12.730205535888672,12.923454284667969,2277493,7.491655349731445
2009-12-16,12.928284645080566,13.220573425292969,12.896882057189941,13.220573425292969,3917703,7.663895130157471
2009-12-17,13.210909843444824,13.220573425292969,12.875142097473145,12.971766471862793,4653214,7.519661903381348
2009-12-18,12.95002555847168,13.08046817779541,12.809921264648438,12.892050743103027,2958611,7.473451137542725
2009-12-21,12.957271575927734,13.041817665100098,12.708465576171875,12.865480422973633,2085242,7.458049297332764
2009-12-22,12.879973411560059,13.065974235534668,12.879973411560059,13.049064636230469,3527439,7.564472675323486
2009-12-23,13.148104667663574,13.165014266967773,12.875142097473145,13.003169059753418,2166344,7.537866115570068
2009-12-24,12.93311595916748,13.068389892578125,12.921037673950195,13.005583763122559,389385,7.539267063140869
2009-12-28,13.068389892578125,13.08046817779541,12.838908195495605,12.925869941711426,884252,7.493056774139404
2009-12-29,13.000753402709961,13.049064636230469,12.843738555908203,12.889636039733887,2018099,7.472052574157715
2009-12-30,12.821998596191406,12.979013442993164,12.802674293518066,12.899297714233398,936136,7.477652072906494
2009-12-31,12.899297714233398,12.988675117492676,12.831661224365234,12.942778587341309,816981,7.502859115600586
2010-01-04,12.959688186645508,13.343768119812012,12.923454284667969,13.288208961486816,5520759,7.703104496002197
2010-01-05,13.30994987487793,13.660211563110352,13.220573425292969,13.623977661132812,6092137,7.8977460861206055
2010-01-06,13.732680320739746,13.858290672302246,13.648134231567383,13.809979438781738,5535745,8.005569458007812
2010-01-07,13.710939407348633,13.875200271606445,13.447639465332031,13.761667251586914,5894827,7.977565288543701
2010-01-08,13.831719398498535,13.96940803527832,13.754420280456543,13.901771545410156,3109357,8.058780670166016
2010-01-11,14.107096672058105,14.464606285095215,14.058786392211914,14.131253242492676,5206923,8.191811561584473
2010-01-12,14.189228057861328,14.232708930969238,13.665042877197266,13.718186378479004,3525775,7.952359676361084
2010-01-13,13.708523750305176,13.981486320495605,13.708523750305176,13.959746360778809,2353196,8.092389106750488
2010-01-14,14.032214164733887,14.566061019897461,14.024967193603516,14.566061019897461,5704560,8.443868637084961
2010-01-15,14.553982734680176,14.701334953308105,14.462190628051758,14.498424530029297,4217935,8.404659271240234
2010-01-18,14.541905403137207,14.665101051330566,14.382475852966309,14.524995803833008,2220310,8.420062065124512
2010-01-19,14.517748832702637,14.580554962158203,14.174734115600586,14.425956726074219,2406326,8.362648963928223
2010-01-20,14.377644538879395,14.454943656921387,14.024967193603516,14.11676025390625,3607867,8.18341064453125
2010-01-21,14.186812400817871,14.25928020477295,13.846213340759277,13.90660285949707,5331336,8.061583518981934
2010-01-22,13.858290672302246,14.003227233886719,13.50319766998291,13.848628044128418,4484933,8.027975082397461
2010-01-25,13.732680320739746,13.81964111328125,13.338936805725098,13.404157638549805,4048229,7.770318508148193
2010-01-26,13.31236457824707,13.6022367477417,13.215741157531738,13.573249816894531,4258711,7.868338584899902
2010-01-27,13.696446418762207,13.800315856933594,13.370340347290039,13.474210739135742,4627903,7.8109283447265625
2010-01-28,13.754420280456543,13.971823692321777,13.408988952636719,13.408988952636719,4486328,7.773118019104004
2010-01-29,13.479042053222656,13.814809799194336,13.348599433898926,13.6022367477417,3820547,7.885143756866455
2010-02-01,13.529768943786621,14.070863723754883,13.408988952636719,14.020135879516602,4032167,8.127396583557129
2010-02-02,14.078109741210938,14.080526351928711,13.725433349609375,13.988733291625977,3361257,8.109193801879883
2010-02-03,14.114343643188477,14.34865665435791,14.01288890838623,14.075695037841797,3880482,8.159605979919434
2010-02-04,14.124007225036621,14.235123634338379,13.457301139831543,13.529768943786621,4488683,7.843134880065918
2010-02-05,13.4766263961792,13.486289024353027,12.899297714233398,12.93311595916748,8398517,7.497257709503174
2010-02-08,13.015247344970703,13.058728218078613,12.442749977111816,12.78093433380127,5064371,7.409040451049805
2010-02-09,12.923454284667969,13.145689010620117,12.78093433380127,12.97418212890625,4280453,7.521062850952148
2010-02-10,13.150520324707031,13.297871589660645,12.981428146362305,13.046649932861328,3734183,7.563073635101318
2010-02-11,13.189169883728027,13.198831558227539,12.34129524230957,12.563529968261719,7270925,7.283010959625244
2010-02-12,12.940362930297852,12.95002555847168,12.033306121826172,12.19394302368164,13493353,7.06876277923584
2010-02-15,12.261580467224121,12.462075233459473,12.225345611572266,12.346125602722168,3246432,7.156982898712158
2010-02-16,12.488645553588867,12.592516899108887,12.15046215057373,12.500723838806152,4445133,7.246603488922119
2010-02-17,12.706049919128418,12.882389068603516,12.580438613891602,12.768856048583984,4442401,7.40203857421875
2010-02-18,12.797842979431152,12.899297714233398,12.350956916809082,12.621503829956055,5541358,7.316619396209717
2010-02-19,12.428256034851074,12.829245567321777,12.416177749633789,12.718128204345703,3563911,7.372630596160889
2010-02-22,12.81958293914795,12.843738555908203,12.568361282348633,12.592516899108887,3070261,7.299814701080322
2010-02-23,12.619089126586914,12.838908195495605,12.235008239746094,12.288150787353516,4658343,7.123374938964844
2010-02-24,12.295397758483887,12.437918663024902,12.104565620422363,12.367865562438965,4881729,7.169583320617676
2010-02-25,12.365450859069824,12.568361282348633,12.104565620422363,12.160124778747559,4325204,7.049158573150635
2010-02-26,12.33646297454834,12.42342472076416,12.164956092834473,12.375112533569336,3315343,7.173785209655762
2010-03-01,12.507970809936523,12.6311674118042,12.27365779876709,12.594932556152344,2757891,7.301214218139648
2010-03-02,12.710881233215332,12.952441215515137,12.57077693939209,12.86306381225586,3306687,7.456648826599121
2010-03-03,12.865480422973633,13.044234275817871,12.718128204345703,13.015247344970703,2999645,7.544869899749756
2010-03-04,12.983843803405762,13.114286422729492,12.8944673538208,13.029740333557129,2996751,7.5532684326171875
2010-03-05,13.107040405273438,13.394495964050293,13.041817665100098,13.367923736572266,3361365,7.749313831329346
2010-03-08,13.406574249267578,13.491120338439941,13.237482070922852,13.27371597290039,1838682,7.694701194763184
2010-03-09,13.290624618530273,13.365509033203125,13.078051567077637,13.210909843444824,2367855,7.658292293548584
2010-03-10,13.167428970336914,13.657795906066895,13.12394905090332,13.657795906066895,4097352,7.917349815368652
2010-03-11,13.638470649719238,13.884861946105957,13.599822044372559,13.75200366973877,4028624,7.971961498260498
2010-03-12,13.773744583129883,13.940421104431152,13.706108093261719,13.720602035522461,2766038,7.953759670257568
2010-03-15,13.768914222717285,13.773744583129883,13.488703727722168,13.493535041809082,2254049,7.8221282958984375
2010-03-16,13.561171531677246,13.764081954956055,13.493535041809082,13.684368133544922,2812035,7.932754039764404
2010-03-17,13.81722640991211,13.880030632019043,13.62639331817627,13.805148124694824,2939092,8.002769470214844
2010-03-18,13.785822868347168,13.877615928649902,13.703692436218262,13.7399263381958,2481454,7.964961528778076
2010-03-19,13.805148124694824,13.889694213867188,13.587743759155273,13.63364028930664,3211029,7.903347969055176
2010-03-22,13.515275955200195,13.75925064086914,13.469379425048828,13.754420280456543,3425320,7.973361968994141
2010-03-23,13.807562828063965,14.230293273925781,13.768914222717285,14.080526351928711,3932415,8.162405014038086
2010-03-24,14.114343643188477,14.225461959838867,13.865537643432617,14.020135879516602,2248676,8.127396583557129
2010-03-25,13.976655006408691,14.247201919555664,13.96699333190918,14.189228057861328,2438877,8.225419044494629
2010-03-26,14.126421928405762,14.237540245056152,13.947668075561523,13.979070663452148,3597128,8.103592872619629
2010-03-29,13.98631763458252,14.095020294189453,13.723016738891602,13.768914222717285,3990140,7.981764793395996
2010-03-30,13.788237571716309,13.800315856933594,13.261637687683105,13.288208961486816,6836039,7.703104496002197
2010-03-31,13.358262062072754,13.418651580810547,13.01283073425293,13.1795072555542,4860417,7.64008903503418
2010-04-01,12.995922088623047,13.26646900177002,12.831661224365234,13.1795072555542,8434996,7.64008903503418
2010-04-06,13.283377647399902,13.283377647399902,12.824414253234863,13.032155990600586,8519514,7.554670333862305
2010-04-07,13.044234275817871,13.044234275817871,12.838908195495605,12.882389068603516,5919024,7.467852592468262
2010-04-08,12.838908195495605,12.850985527038574,12.561114311218262,12.657737731933594,7289839,7.337622165679932
2010-04-09,12.621503829956055,12.742283821105957,12.503140449523926,12.648076057434082,7542344,7.332021713256836
2010-04-12,12.773687362670898,12.87031078338623,12.701218605041504,12.855816841125488,5643246,7.452449321746826
2010-04-13,12.802674293518066,13.16259765625,12.802674293518066,13.094962120056152,7403103,7.591078281402588
2010-04-14,13.16018295288086,13.283377647399902,13.08046817779541,13.20607852935791,4861709,7.655491352081299
2010-04-15,13.227819442749023,13.297871589660645,13.126363754272461,13.220573425292969,3469151,7.663895130157471
2010-04-16,13.11670207977295,13.235066413879395,12.872726440429688,12.957271575927734,6512728,7.511260509490967
2010-04-19,12.81958293914795,12.986260414123535,12.718128204345703,12.725375175476074,4050461,7.3768310546875
2010-04-20,12.901714324951172,13.23023509979248,12.834076881408691,13.068389892578125,6908692,7.575675964355469
2010-04-21,13.157767295837402,13.177091598510742,12.771270751953125,12.802674293518066,5304170,7.4216413497924805
2010-04-22,12.889636039733887,13.107040405273438,12.761609077453613,12.778517723083496,5223338,7.407638072967529
2010-04-23,12.947609901428223,13.165014266967773,12.793011665344238,13.090129852294922,7547531,7.588277816772461
2010-04-26,13.280962944030762,13.322028160095215,13.143274307250977,13.220573425292969,5435533,7.663895130157471
2010-04-27,13.174675941467285,13.31236457824707,12.947609901428223,12.947609901428223,4512446,7.505659580230713
2010-04-28,12.86306381225586,13.065974235534668,12.563529968261719,12.681894302368164,9679367,7.351625919342041
2010-04-29,12.764023780822754,12.947609901428223,12.549036026000977,12.91379165649414,5575842,7.486055850982666
2010-04-30,13.285794258117676,13.314781188964844,13.087715148925781,13.254390716552734,9111371,7.683499813079834
2010-05-03,13.145689010620117,13.358262062072754,13.099793434143066,13.27371597290039,1897338,7.694701194763184
2010-05-04,13.382417678833008,13.382417678833008,12.575608253479004,12.643244743347168,6797721,7.329220294952393
2010-05-05,12.710881233215332,12.817168235778809,12.319554328918457,12.585269927978516,7434644,7.295613765716553
2010-05-06,12.568361282348633,13.027324676513672,12.44033432006836,12.60942554473877,7712956,7.309617519378662
2010-05-07,12.235008239746094,12.82682991027832,12.15046215057373,12.60942554473877,13084642,7.309617519378662
2010-05-10,12.747115135192871,13.140857696533203,12.44033432006836,13.102208137512207,9049403,7.595279216766357
2010-05-11,12.850985527038574,13.329275131225586,12.681894302368164,13.329275131225586,6614636,7.7269086837768555
2010-05-12,13.346183776855469,13.648134231567383,13.208495140075684,13.60948371887207,4726777,7.889346122741699
2010-05-13,13.691614151000977,13.829303741455078,13.650548934936523,13.737510681152344,3189507,7.963560581207275
2010-05-14,13.457301139831543,13.466963768005371,12.962103843688965,13.058728218078613,6534511,7.705569267272949
2010-05-17,12.945194244384766,13.351015090942383,12.850985527038574,12.983843803405762,4081989,7.661381244659424
2010-05-18,13.20607852935791,13.437976837158203,13.044234275817871,13.326859474182129,4048685,7.8637847900390625
2010-05-19,13.143274307250977,13.37275505065918,12.90654468536377,13.058728218078613,5252361,7.705569267272949
2010-05-20,13.150520324707031,13.288208961486816,12.476568222045898,12.78334903717041,6309805,7.543076515197754
2010-05-21,12.942778587341309,13.058728218078613,12.462075233459473,12.73745346069336,8539977,7.515994548797607
2010-05-24,12.896882057189941,12.896882057189941,12.551451683044434,12.855816841125488,3282966,7.585836887359619
2010-05-25,12.539374351501465,12.5973482131958,12.097318649291992,12.179450035095215,5272750,7.186732292175293
2010-05-26,12.428256034851074,12.824414253234863,12.331631660461426,12.657737731933594,5877465,7.468956470489502
2010-05-27,12.689141273498535,13.126363754272461,12.689141273498535,13.078051567077637,3477104,7.7169694900512695
2010-05-28,13.104623794555664,13.20607852935791,12.966935157775879,13.126363754272461,3534705,7.74547815322876
2010-05-31,13.034571647644043,13.271300315856934,13.022494316101074,13.165014266967773,1233698,7.768284797668457
2010-06-01,13.090129852294922,13.220573425292969,12.7567777633667,13.152935981750488,3509787,7.761158466339111
2010-06-02,12.986260414123535,13.280962944030762,12.879973411560059,13.22298812866211,3353338,7.802492618560791
2010-06-03,13.52735424041748,13.7568359375,13.52735424041748,13.655380249023438,4054696,8.057636260986328
2010-06-04,13.621562004089355,13.747173309326172,13.155351638793945,13.215741157531738,5173006,7.798218727111816
2010-06-07,12.957271575927734,13.367923736572266,12.952441215515137,13.20607852935791,3486733,7.792514801025391
2010-06-08,13.244729042053223,13.31236457824707,12.860648155212402,13.008000373840332,2728557,7.675634860992432
2010-06-09,13.18675422668457,13.38000202178955,13.008000373840332,13.35343074798584,3102261,7.879464149475098
2010-06-10,13.232650756835938,13.805148124694824,13.210909843444824,13.797901153564453,3383723,8.14173412322998
2010-06-11,13.935589790344238,14.249617576599121,13.865537643432617,14.152994155883789,5659022,8.351263046264648
2010-06-14,14.254448890686035,14.404215812683105,14.177149772644043,14.394554138183594,4099981,8.49380111694336
2010-06-15,14.208553314208984,14.626450538635254,14.1964750289917,14.524995803833008,4258020,8.570769309997559
2010-06-16,14.56364631652832,14.614373207092285,14.070863723754883,14.191642761230469,4245948,8.374069213867188
2010-06-17,14.15540885925293,14.602294921875,14.024967193603516,14.508087158203125,4300842,8.56079387664795
2010-06-18,14.49600887298584,14.607126235961914,14.440449714660645,14.534659385681152,4542575,8.576473236083984
2010-06-21,14.650607109069824,14.843854904174805,14.643360137939453,14.730321884155273,2365463,8.691927909851074
2010-06-22,14.517748832702637,14.83177661895752,14.425956726074219,14.81245231628418,3296656,8.740388870239258
2010-06-23,14.570892333984375,14.896998405456543,14.549152374267578,14.657854080200195,2357485,8.649168014526367
2010-06-24,14.73273754119873,14.805206298828125,14.365567207336426,14.40904712677002,3286418,8.502351760864258
2010-06-25,14.38489055633545,14.418709754943848,13.97424030303955,14.008057594299316,2996652,8.265740394592285
2010-06-28,14.05636978149414,14.411462783813477,14.039461135864258,14.34865665435791,2329923,8.466718673706055
2010-06-29,14.184396743774414,14.184396743774414,13.650548934936523,13.720602035522461,3455499,8.096120834350586
2010-06-30,13.81722640991211,14.087773323059082,13.597406387329102,13.945252418518066,3275436,8.228681564331055
2010-07-01,13.662627220153809,13.802732467651367,13.406574249267578,13.512860298156738,3826549,7.973538875579834
2010-07-02,13.578081130981445,13.766497611999512,13.532184600830078,13.568419456481934,2400125,8.00632381439209
2010-07-05,13.64571762084961,13.723016738891602,13.474210739135742,13.510444641113281,1413140,7.972114086151123
2010-07-06,13.549094200134277,14.191642761230469,13.549094200134277,14.00564193725586,2827166,8.264313697814941
2010-07-07,13.797901153564453,14.1626558303833,13.720602035522461,14.1626558303833,2520654,8.356963157653809
2010-07-08,14.295514106750488,14.37281322479248,14.109513282775879,14.300345420837402,2102149,8.438210487365723
2010-07-09,14.341410636901855,14.37281322479248,14.194059371948242,14.220630645751953,2905026,8.39117431640625
2010-07-12,14.252033233642578,14.53948974609375,14.206136703491211,14.430788040161133,1970534,8.515180587768555
2010-07-13,14.406632423400879,14.75206184387207,14.406632423400879,14.701334953308105,3129716,8.674822807312012
2010-07-14,14.735153198242188,14.83177661895752,14.307592391967773,14.404215812683105,2755763,8.499502182006836
2010-07-15,14.382475852966309,14.626450538635254,14.09985065460205,14.247201919555664,3057957,8.406852722167969
2010-07-16,14.341410636901855,14.607126235961914,14.11917495727539,14.22304630279541,3997501,8.392600059509277
2010-07-19,14.114343643188477,14.297929763793945,13.925928115844727,14.053954124450684,2059580,8.292821884155273
2010-07-20,14.181981086730957,14.225461959838867,13.718186378479004,13.858290672302246,2408793,8.177366256713867
2010-07-21,14.027382850646973,14.254448890686035,13.95008373260498,14.184396743774414,2549661,8.369791984558105
2010-07-22,14.080526351928711,14.614373207092285,14.070863723754883,14.585386276245117,2618791,8.606404304504395
2010-07-23,14.52016544342041,14.735153198242188,14.418709754943848,14.655438423156738,2119904,8.647741317749023
2010-07-26,14.797959327697754,14.887335777282715,14.515334129333496,14.887335777282715,2022670,8.784575462341309
2010-07-27,14.894582748413086,14.996038436889648,14.45252799987793,14.52016544342041,3288298,8.567920684814453
2010-07-28,14.570892333984375,14.648192405700684,14.220630645751953,14.491177558898926,2974703,8.550816535949707
2010-07-29,14.486347198486328,14.522581100463867,14.278605461120605,14.336579322814941,3024388,8.45959186553955
2010-07-30,14.252033233642578,14.566061019897461,14.09260368347168,14.121590614318848,4186729,8.332732200622559
2010-08-02,14.319669723510742,14.75206184387207,14.264110565185547,14.747230529785156,3247753,8.701905250549316
2010-08-03,14.783465385437012,15.206194877624512,14.778634071350098,15.167545318603516,5048731,8.949919700622559
2010-08-04,15.111987113952637,15.510560035705566,14.983960151672363,15.297987937927246,5363100,9.026890754699707
2010-08-05,15.283493995666504,15.701393127441406,15.283493995666504,15.479158401489258,3606430,9.133794784545898
2010-08-06,15.520222663879395,15.78593921661377,15.310066223144531,15.435676574707031,6827031,9.108135223388672
2010-08-09,15.515392303466797,15.645833969116211,15.285909652709961,15.377702713012695,2508363,9.073927879333496
2010-08-10,15.256922721862793,15.305234909057617,14.889752388000488,15.034687995910645,3973320,8.871526718139648
2010-08-11,14.925986289978027,14.962220191955566,14.573307991027832,14.597463607788086,3173610,8.613531112670898
2010-08-12,14.643360137939453,14.858348846435547,14.380060195922852,14.515334129333496,3298829,8.565069198608398
2010-08-13,14.544321060180664,14.694087982177734,14.34865665435791,14.532242774963379,2324069,8.57504653930664
2010-08-16,14.573307991027832,14.607126235961914,14.307592391967773,14.464606285095215,2065322,8.535135269165039
2010-08-17,14.49600887298584,14.814867973327637,14.4597749710083,14.800374031066895,2367429,8.73326301574707
2010-08-18,14.783465385437012,14.802789688110352,14.534659385681152,14.68925666809082,1549652,8.667695999145508
2010-08-19,14.744815826416016,14.911492347717285,14.367981910705566,14.423541069030762,3269073,8.510907173156738
2010-08-20,14.396968841552734,14.524995803833008,14.11676025390625,14.227876663208008,2478176,8.3954496383667
2010-08-23,14.203721046447754,14.396968841552734,14.143330574035645,14.227876663208008,1214394,8.3954496383667
2010-08-24,14.140915870666504,14.225461959838867,13.96699333190918,14.111928939819336,1871564,8.327032089233398
2010-08-25,14.085356712341309,14.133668899536133,13.727848052978516,13.894524574279785,2532295,8.198748588562012
2010-08-26,14.290682792663574,14.358320236206055,14.169902801513672,14.25928020477295,3383802,8.413979530334473
2010-08-27,14.186812400817871,14.508087158203125,14.111928939819336,14.498424530029297,2422686,8.555091857910156
2010-08-30,14.534659385681152,14.553982734680176,14.085356712341309,14.208553314208984,1628171,8.38404655456543
2010-08-31,14.032214164733887,14.203721046447754,13.889694213867188,14.157825469970703,3045960,8.354114532470703
2010-09-01,14.276188850402832,14.723074913024902,14.189228057861328,14.703749656677246,2520708,8.676247596740723
2010-09-02,14.730321884155273,14.933232307434082,14.686841011047363,14.829361915588379,2256678,8.7503662109375
2010-09-03,14.930816650390625,15.070920944213867,14.73273754119873,14.964634895324707,1842110,8.830187797546387
2010-09-06,15.095076560974121,15.095076560974121,14.843854904174805,14.877674102783203,1116654,8.778877258300781
2010-09-07,14.78829574584961,14.83177661895752,14.587801933288574,14.737568855285645,1803540,8.696203231811523
2010-09-08,14.70616626739502,15.039519309997559,14.597463607788086,15.000868797302246,1680452,8.851570129394531
2010-09-09,14.991207122802734,15.324559211730957,14.928400993347168,15.203779220581055,2300270,8.971302032470703
2010-09-10,15.131311416625977,15.370455741882324,15.054012298583984,15.329390525817871,2373340,9.04542064666748
2010-09-13,15.590274810791016,15.674820899963379,15.416352272033691,15.476741790771484,3001218,9.132368087768555
2010-09-14,15.406689643859863,15.53230094909668,15.266585350036621,15.440507888793945,2001979,9.110986709594727
2010-09-15,15.459833145141602,15.57094955444336,15.227934837341309,15.290740966796875,2647703,9.022612571716309
2010-09-16,15.377702713012695,15.549209594726562,15.186869621276855,15.508145332336426,2864535,9.150897026062012
2010-09-17,15.580613136291504,15.78593921661377,15.49606704711914,15.592691421508789,8527512,9.200785636901855
2010-09-20,15.674820899963379,15.909133911132812,15.590274810791016,15.897055625915527,2051168,9.38038158416748
2010-09-21,15.802847862243652,16.126537322998047,15.74245834350586,15.74245834350586,2826388,9.289159774780273
2010-09-22,15.662742614746094,15.72554874420166,15.372871398925781,15.397027015686035,3062929,9.08533000946045
2010-09-23,15.512975692749023,15.57578182220459,15.13614273071289,15.305234909057617,1836621,9.031167030334473
2010-09-24,15.237598419189453,15.880146980285645,15.237598419189453,15.86806869506836,2485507,9.363279342651367
2010-09-27,15.834251403808594,15.930874824523926,15.718301773071289,15.764198303222656,1307584,9.301986694335938
2010-09-28,14.493593215942383,14.698919296264648,13.90660285949707,14.15540885925293,24965232,8.352686882019043
2010-09-29,14.237540245056152,14.239954948425293,13.793069839477539,13.925928115844727,12746515,8.217277526855469
2010-09-30,13.899999618530273,14.1899995803833,13.720000267028809,13.952500343322754,16855260,8.23295783996582
2010-10-01,13.977499961853027,14.052499771118164,13.4375,13.512499809265137,11162932,7.973327159881592
2010-10-04,13.625,13.770000457763672,13.4375,13.71500015258789,11809200,8.092815399169922
2010-10-05,13.6875,14.0600004196167,13.649999618530273,14.012499809265137,12316464,8.268360137939453
2010-10-06,14.087499618530273,14.225000381469727,13.9350004196167,14.167499542236328,12702132,8.359822273254395
2010-10-07,14.212499618530273,14.217499732971191,13.992500305175781,14.055000305175781,9911512,8.293438911437988
2010-10-08,14.09749984741211,14.119999885559082,13.744999885559082,13.875,9676616,8.187228202819824
2010-10-11,13.762499809265137,13.979999542236328,13.762499809265137,13.90250015258789,9457340,8.20345401763916
2010-10-12,13.837499618530273,14.397500038146973,13.779999732971191,14.3125,16712796,8.445382118225098
2010-10-13,14.27750015258789,14.6899995803833,14.274999618530273,14.422499656677246,12777548,8.510292053222656
2010-10-14,14.507499694824219,14.670000076293945,14.462499618530273,14.524999618530273,6333284,8.570771217346191
2010-10-15,14.619999885559082,14.619999885559082,14.375,14.487500190734863,4099200,8.54864501953125
2010-10-18,14.5,14.6850004196167,14.385000228881836,14.667499542236328,3400176,8.654858589172363
2010-10-19,14.699999809265137,14.842499732971191,14.412500381469727,14.444999694824219,4296184,8.523568153381348
2010-10-20,14.420000076293945,14.704999923706055,14.3774995803833,14.612500190734863,2864480,8.622404098510742
2010-10-21,14.602499961853027,14.967499732971191,14.537500381469727,14.867500305175781,4382076,8.772871971130371
2010-10-22,14.699999809265137,14.994999885559082,14.625,14.947500228881836,4452068,8.820077896118164
2010-10-25,15.022500038146973,15.154999732971191,14.989999771118164,15.0649995803833,3636600,8.889409065246582
2010-10-26,15.050000190734863,15.095000267028809,14.7475004196167,14.8100004196167,4244432,8.738943099975586
2010-10-27,14.5,14.6850004196167,14.324999809265137,14.447500228881836,6494304,8.525043487548828
2010-10-28,14.5,14.555000305175781,14.359999656677246,14.414999961853027,4377884,8.505867004394531
2010-10-29,14.444999694824219,14.444999694824219,14.182499885559082,14.287500381469727,4447956,8.430630683898926
2010-11-01,14.399999618530273,14.467499732971191,14.0625,14.34749984741211,3234100,8.466035842895508
2010-11-02,14.307499885559082,14.427499771118164,14.172499656677246,14.382499694824219,3307928,8.486688613891602
2010-11-03,14.324999809265137,14.492500305175781,14.1875,14.287500381469727,4202024,8.430630683898926
2010-11-04,14.487500190734863,14.567500114440918,14.270000457763672,14.425000190734863,4500564,8.511765480041504
2010-11-05,14.512499809265137,14.512499809265137,14.039999961853027,14.052499771118164,4910340,8.29196548461914
2010-11-08,14.052499771118164,14.337499618530273,13.942500114440918,14.28499984741211,4732568,8.429156303405762
2010-11-09,14.272500038146973,14.417499542236328,14.125,14.364999771118164,3660560,8.476360321044922
2010-11-10,14.225000381469727,14.279999732971191,13.8725004196167,13.8725004196167,7191616,8.185751914978027
2010-11-11,13.975000381469727,14.005000114440918,13.729999542236328,13.897500038146973,3292844,8.200504302978516
2010-11-12,13.727499961853027,14.02750015258789,13.585000038146973,13.875,5068632,8.187228202819824
2010-11-15,13.787500381469727,14.167499542236328,13.774999618530273,14.149999618530273,3301060,8.349495887756348
2010-11-16,14.072500228881836,14.175000190734863,13.827500343322754,13.829999923706055,3036644,8.160674095153809
2010-11-17,13.8725004196167,14.032500267028809,13.8125,13.914999961853027,2368408,8.210829734802246
2010-11-18,14.010000228881836,14.130000114440918,13.949999809265137,14.037500381469727,4288064,8.283114433288574
2010-11-19,14.087499618530273,14.087499618530273,13.772500038146973,13.837499618530273,3573732,8.165098190307617
2010-11-22,13.947500228881836,13.994999885559082,13.640000343322754,13.6875,3630128,8.076589584350586
2010-11-23,13.625,13.862500190734863,13.524999618530273,13.524999618530273,5236400,7.980702877044678
2010-11-24,13.567500114440918,13.6875,13.262499809265137,13.524999618530273,6446292,7.980702877044678
2010-11-25,13.5,13.774999618530273,13.4399995803833,13.667499542236328,3081936,8.064786911010742
2010-11-26,13.587499618530273,13.657500267028809,13.359999656677246,13.524999618530273,3385760,7.980702877044678
2010-11-29,13.532500267028809,13.612500190734863,13.042499542236328,13.042499542236328,5737160,7.6959919929504395
2010-11-30,13.042499542236328,13.28499984741211,12.885000228881836,13.029999732971191,5310848,7.68861722946167
2010-12-01,13.095000267028809,13.359999656677246,13.0,13.350000381469727,4683384,7.877440929412842
2010-12-02,13.40250015258789,13.994999885559082,13.385000228881836,13.925000190734863,7048220,8.216731071472168
2010-12-03,13.925000190734863,14.119999885559082,13.824999809265137,14.0625,5707132,8.297865867614746
2010-12-06,13.977499961853027,13.9975004196167,13.619999885559082,13.645000457763672,4834220,8.051512718200684
2010-12-07,13.710000038146973,13.867500305175781,13.539999961853027,13.59749984741211,4843544,8.023481369018555
2010-12-08,13.5649995803833,13.8725004196167,13.547499656677246,13.692500114440918,3921492,8.07953929901123
2010-12-09,13.835000038146973,13.890000343322754,13.407500267028809,13.407500267028809,5830764,7.9113688468933105
2010-12-10,13.537500381469727,13.7524995803833,13.475000381469727,13.6225004196167,4465224,8.03823184967041
2010-12-13,13.727499961853027,13.807499885559082,13.675000190734863,13.71500015258789,3172416,8.092815399169922
2010-12-14,13.744999885559082,13.774999618530273,13.532500267028809,13.609999656677246,2710988,8.03085994720459
2010-12-15,13.529999732971191,13.6875,13.427499771118164,13.625,2362000,8.039709091186523
2010-12-16,13.649999618530273,13.835000038146973,13.59749984741211,13.71500015258789,3155900,8.092815399169922
2010-12-17,13.762499809265137,13.797499656677246,13.4350004196167,13.4350004196167,6004780,7.927596569061279
2010-12-20,13.567500114440918,13.664999961853027,13.494999885559082,13.649999618530273,2699568,8.054460525512695
2010-12-21,13.6899995803833,13.8100004196167,13.664999961853027,13.737500190734863,2361696,8.106091499328613
2010-12-22,13.717499732971191,13.90999984741211,13.692500114440918,13.829999923706055,2457868,8.160674095153809
2010-12-23,13.835000038146973,13.944999694824219,13.720000267028809,13.787500381469727,1829244,8.13559627532959
2010-12-27,13.675000190734863,13.792499542236328,13.425000190734863,13.5,1505572,7.9659504890441895
2010-12-28,13.4975004196167,13.800000190734863,13.467499732971191,13.65250015258789,1504908,8.055935859680176
2010-12-29,13.702500343322754,13.737500190734863,13.567500114440918,13.574999809265137,1220344,8.010207176208496
2010-12-30,13.625,13.699999809265137,13.5,13.53499984741211,1171240,7.986603736877441
2011-01-03,13.574999809265137,13.895000457763672,13.532500267028809,13.742500305175781,2464656,8.109042167663574
2011-01-04,13.789999961853027,13.835000038146973,13.46500015258789,13.569999694824219,3969356,8.007254600524902
2011-01-05,13.550000190734863,13.6875,13.432499885559082,13.6875,3948128,8.076589584350586
2011-01-06,13.53499984741211,13.6875,13.364999771118164,13.387499809265137,4768540,7.8995680809021
2011-01-07,13.397500038146973,13.52750015258789,13.364999771118164,13.390000343322754,3119140,7.901042938232422
2011-01-10,13.387499809265137,13.397500038146973,13.255000114440918,13.274999618530273,2775820,7.833183765411377
2011-01-11,13.27750015258789,13.532500267028809,13.262499809265137,13.505000114440918,3728092,7.96890115737915
2011-01-12,13.300000190734863,13.59000015258789,13.225000381469727,13.404999732971191,5579492,7.909894943237305
2011-01-13,13.412500381469727,13.422499656677246,13.157500267028809,13.227499961853027,6098956,7.805157661437988
2011-01-14,13.199999809265137,13.265000343322754,13.0,13.25,6026452,7.81843376159668
2011-01-17,13.295000076293945,13.524999618530273,13.229999542236328,13.414999961853027,3556820,7.915796756744385
2011-01-18,13.452500343322754,13.65999984741211,13.342499732971191,13.65999984741211,5224140,8.060361862182617
2011-01-19,13.6899995803833,13.837499618530273,13.52750015258789,13.552499771118164,6308944,7.9969282150268555
2011-01-20,13.557499885559082,13.587499618530273,13.15250015258789,13.4350004196167,5337676,7.927596569061279
2011-01-21,13.467499732971191,13.800000190734863,13.305000305175781,13.667499542236328,6160504,8.064786911010742
2011-01-24,13.677499771118164,13.867500305175781,13.505000114440918,13.699999809265137,6310600,8.083965301513672
2011-01-25,13.699999809265137,13.734999656677246,13.449999809265137,13.467499732971191,6639284,7.946772575378418
2011-01-26,13.59749984741211,13.71500015258789,13.479999542236328,13.637499809265137,6058324,8.047086715698242
2011-01-27,13.664999961853027,13.664999961853027,13.367500305175781,13.420000076293945,5631504,7.918746471405029
2011-01-28,13.287500381469727,13.645000457763672,13.162500381469727,13.364999771118164,8890176,7.886291027069092
2011-01-31,13.350000381469727,13.512499809265137,13.192500114440918,13.292499542236328,5616836,7.843511581420898
2011-02-01,13.40999984741211,13.702500343322754,13.364999771118164,13.592499732971191,6184360,8.020532608032227
2011-02-02,13.734999656677246,13.77750015258789,13.617500305175781,13.7475004196167,5034916,8.111994743347168
2011-02-03,13.737500190734863,13.7475004196167,13.484999656677246,13.670000076293945,3754500,8.066262245178223
2011-02-04,13.710000038146973,13.912500381469727,13.6875,13.895000457763672,3803120,8.199028968811035
2011-02-07,13.917499542236328,14.167499542236328,13.832500457763672,14.135000228881836,4400452,8.340644836425781
2011-02-08,14.1850004196167,14.305000305175781,13.989999771118164,14.300000190734863,5454560,8.438006401062012
2011-02-09,14.375,14.569999694824219,14.017499923706055,14.042499542236328,7203472,8.286064147949219
2011-02-10,14.0024995803833,14.319999694824219,13.807499885559082,14.270000457763672,5912176,8.420306205749512
2011-02-11,14.772500038146973,14.899999618530273,14.324999809265137,14.795000076293945,14718788,8.730091094970703
2011-02-14,14.987500190734863,15.047499656677246,14.667499542236328,14.760000228881836,6618776,8.709440231323242
2011-02-15,14.755000114440918,15.194999694824219,14.6899995803833,15.085000038146973,5864732,8.901212692260742
2011-02-16,15.085000038146973,15.3725004196167,14.824999809265137,15.295000076293945,6502124,9.025128364562988
2011-02-17,15.300000190734863,15.352499961853027,14.90999984741211,15.069999694824219,4675916,8.892361640930176
2011-02-18,15.074999809265137,15.079999923706055,14.8149995803833,14.899999618530273,4333864,8.792049407958984
2011-02-21,14.90999984741211,15.212499618530273,14.772500038146973,14.832500457763672,3963488,8.752219200134277
2011-02-22,14.734999656677246,14.942500114440918,14.567500114440918,14.805000305175781,4275308,8.735991477966309
2011-02-23,14.7524995803833,14.9375,14.505000114440918,14.574999809265137,4066324,8.600275993347168
2011-02-24,14.479999542236328,14.550000190734863,14.22249984741211,14.357500076293945,4195748,8.471936225891113
2011-02-25,14.40999984741211,14.75,14.387499809265137,14.65250015258789,3466916,8.646007537841797
2011-02-28,14.6225004196167,14.819999694824219,14.444999694824219,14.75,3318640,8.703537940979004
2011-03-01,14.7524995803833,14.975000381469727,14.532500267028809,14.630000114440918,3721668,8.632730484008789
2011-03-02,14.524999618530273,14.537500381469727,14.255000114440918,14.467499732971191,4563364,8.536843299865723
2011-03-03,14.550000190734863,14.829999923706055,14.427499771118164,14.710000038146973,3844312,8.679936408996582
2011-03-04,14.765000343322754,14.862500190734863,14.385000228881836,14.40999984741211,3365064,8.502914428710938
2011-03-07,14.404999732971191,14.694999694824219,14.25,14.4350004196167,3136248,8.517666816711426
2011-03-08,14.744999885559082,14.954999923706055,14.585000038146973,14.859999656677246,5263824,8.76844596862793
2011-03-09,14.97249984741211,15.375,14.922499656677246,15.157500267028809,7696032,8.943994522094727
2011-03-10,15.042499542236328,15.130000114440918,14.824999809265137,14.8725004196167,5451496,8.775823593139648
2011-03-11,14.795000076293945,15.100000381469727,14.765000343322754,14.824999809265137,4891760,8.747794151306152
2011-03-14,14.7524995803833,15.012499809265137,14.614999771118164,14.869999885559082,5523488,8.774346351623535
2011-03-15,14.550000190734863,14.71500015258789,14.225000381469727,14.654999732971191,8382696,8.647480010986328
2011-03-16,14.6875,14.962499618530273,14.180000305175781,14.180000305175781,6971928,8.367197036743164
2011-03-17,14.25,14.324999809265137,14.055000305175781,14.170000076293945,6049976,8.361297607421875
2011-03-18,14.267499923706055,14.5625,14.164999961853027,14.5024995803833,7935900,8.557496070861816
2011-03-21,14.6899995803833,14.967499732971191,14.635000228881836,14.947500228881836,5125052,8.820077896118164
2011-03-22,14.925000190734863,14.925000190734863,14.630000114440918,14.649999618530273,3469608,8.644530296325684
2011-03-23,14.595000267028809,14.90999984741211,14.539999961853027,14.84749984741211,3620180,8.76107120513916
2011-03-24,14.755000114440918,15.244999885559082,14.662500381469727,15.180000305175781,3904352,8.957268714904785
2011-03-25,15.192500114440918,15.25,15.005000114440918,15.055000305175781,3123280,8.883508682250977
2011-03-28,14.994999885559082,15.149999618530273,14.805000305175781,15.100000381469727,3703868,8.910063743591309
2011-03-29,15.15250015258789,15.297499656677246,15.0600004196167,15.257499694824219,3083924,9.002999305725098
2011-03-30,15.342499732971191,15.430000305175781,15.09000015258789,15.140000343322754,4278232,8.933666229248047
2011-03-31,15.149999618530273,15.212499618530273,14.857500076293945,14.899999618530273,3536248,8.792049407958984
2011-04-01,15.005000114440918,15.125,14.907500267028809,15.117500305175781,3237848,8.920389175415039
2011-04-04,15.132499694824219,15.432499885559082,15.017499923706055,15.382499694824219,4770456,9.07675838470459
2011-04-05,15.404999732971191,15.484999656677246,15.297499656677246,15.457500457763672,2618816,9.121014595031738
2011-04-06,15.482500076293945,15.72249984741211,15.444999694824219,15.52750015258789,4311992,9.162318229675293
2011-04-07,15.4399995803833,15.5,15.22249984741211,15.265000343322754,3876416,9.007425308227539
2011-04-08,15.345000267028809,15.395000457763672,15.1274995803833,15.262499809265137,2989464,9.005950927734375
2011-04-11,15.1899995803833,15.242500305175781,14.922499656677246,15.1225004196167,3575504,8.92333984375
2011-04-12,15.0,15.067500114440918,14.792499542236328,14.897500038146973,3604856,8.790574073791504
2011-04-13,14.9375,15.202500343322754,14.90250015258789,15.050000190734863,2616608,8.880559921264648
2011-04-14,15.0024995803833,15.149999618530273,14.875,14.904999732971191,3635556,8.795001983642578
2011-04-15,14.944999694824219,15.164999961853027,14.920000076293945,15.164999961853027,3839392,8.948418617248535
2011-04-18,15.1225004196167,15.345000267028809,14.774999618530273,14.920000076293945,4094812,8.803851127624512
2011-04-19,15.09000015258789,15.362500190734863,14.957500457763672,15.220000267028809,4438300,8.980871200561523
2011-04-20,15.522500038146973,15.912500381469727,15.505000114440918,15.912500381469727,6801476,9.389495849609375
2011-04-21,15.947500228881836,15.97249984741211,15.7524995803833,15.925000190734863,3347752,9.396871566772461
2011-04-26,16.075000762939453,16.772499084472656,16.075000762939453,16.737499237060547,9914560,9.876302719116211
2011-04-27,16.727500915527344,16.850000381469727,16.489999771118164,16.600000381469727,4761824,9.795169830322266
2011-04-28,16.610000610351562,16.6299991607666,16.3799991607666,16.459999084472656,4854148,9.712557792663574
2011-04-29,16.427499771118164,16.97249984741211,16.262500762939453,16.917499542236328,5432092,9.982514381408691
2011-05-02,17.0,17.135000228881836,16.72249984741211,16.752500534057617,2855912,9.885156631469727
2011-05-03,16.6299991607666,16.747499465942383,16.272499084472656,16.610000610351562,4429068,9.801068305969238
2011-05-04,16.510000228881836,16.822500228881836,16.477500915527344,16.627500534057617,5748900,9.811395645141602
2011-05-05,16.665000915527344,16.725000381469727,16.385000228881836,16.512500762939453,5463524,9.743538856506348
2011-05-06,16.52750015258789,16.895000457763672,16.405000686645508,16.8075008392334,5232636,9.917609214782715
2011-05-09,16.84000015258789,16.899999618530273,16.502500534057617,16.690000534057617,3044596,9.848274230957031
2011-05-10,16.75,17.075000762939453,16.690000534057617,16.947500228881836,3242948,10.000219345092773
2011-05-11,17.02750015258789,17.0625,16.485000610351562,16.582500457763672,5082268,9.784843444824219
2011-05-12,16.417499542236328,16.5674991607666,16.2549991607666,16.4424991607666,4018012,9.702231407165527
2011-05-13,16.545000076293945,16.565000534057617,16.217500686645508,16.332500457763672,3296444,9.63732624053955
2011-05-16,16.25,16.575000762939453,16.137500762939453,16.524999618530273,2950252,9.7509126663208
2011-05-17,16.479999542236328,16.479999542236328,16.010000228881836,16.087499618530273,4711788,9.492757797241211
2011-05-18,16.19499969482422,16.297500610351562,16.06999969482422,16.197500228881836,2878500,9.557665824890137
2011-05-19,16.252500534057617,16.537500381469727,16.107500076293945,16.450000762939453,5822024,9.706658363342285
2011-05-20,16.042499542236328,16.122499465942383,15.677499771118164,15.732500076293945,5073136,9.541393280029297
2011-05-23,15.574999809265137,15.704999923706055,15.407500267028809,15.4375,3680044,9.362482070922852
2011-05-24,15.467499732971191,15.819999694824219,15.467499732971191,15.737500190734863,3816460,9.544426918029785
2011-05-25,15.619999885559082,15.822500228881836,15.487500190734863,15.712499618530273,3398844,9.529265403747559
2011-05-26,15.90999984741211,16.03499984741211,15.694999694824219,15.792499542236328,3777924,9.57778263092041
2011-05-27,16.0049991607666,16.149999618530273,15.862500190734863,15.9399995803833,3410316,9.667237281799316
2011-05-30,15.970000267028809,16.049999237060547,15.8725004196167,15.917499542236328,914960,9.653590202331543
2011-05-31,16.032499313354492,16.30500030517578,16.02750015258789,16.282499313354492,3837128,9.874956130981445
2011-06-01,16.342500686645508,16.342500686645508,16.045000076293945,16.082500457763672,2292120,9.75365924835205
2011-06-02,15.920000076293945,15.9975004196167,15.739999771118164,15.744999885559082,2558056,9.548974990844727
2011-06-03,15.842499732971191,15.949999809265137,15.649999618530273,15.800000190734863,2431880,9.582332611083984
2011-06-06,15.755000114440918,15.802499771118164,15.569999694824219,15.682499885559082,2501776,9.511070251464844
2011-06-07,15.914999961853027,16.172500610351562,15.882499694824219,15.947500228881836,5828880,9.671786308288574
2011-06-08,16.247499465942383,16.247499465942383,15.772500038146973,15.925000190734863,5061972,9.658141136169434
2011-06-09,15.97249984741211,16.3125,15.882499694824219,16.297500610351562,3816768,9.884052276611328
2011-06-10,16.292499542236328,16.337499618530273,15.795000076293945,15.829999923706055,4361376,9.600525856018066
2011-06-13,15.75,15.789999961853027,15.52750015258789,15.6899995803833,3007884,9.515618324279785
2011-06-14,15.770000457763672,16.065000534057617,15.770000457763672,15.987500190734863,3351412,9.696043968200684
2011-06-15,15.949999809265137,16.09000015258789,15.694999694824219,15.75,4067836,9.552005767822266
2011-06-16,15.602499961853027,15.680000305175781,15.399999618530273,15.680000305175781,4665152,9.509553909301758
2011-06-17,15.6225004196167,15.787500381469727,15.362500190734863,15.6899995803833,5179960,9.515618324279785
2011-06-20,15.40250015258789,15.832500457763672,15.27750015258789,15.824999809265137,3566112,9.597493171691895
2011-06-21,15.9350004196167,16.24250030517578,15.887499809265137,16.212499618530273,4480400,9.832502365112305
2011-06-22,16.227500915527344,16.315000534057617,16.092500686645508,16.25,2637480,9.855245590209961
2011-06-23,16.147499084472656,16.190000534057617,15.774999618530273,15.899999618530273,3352160,9.64297866821289
2011-06-24,16.040000915527344,16.412500381469727,15.960000038146973,16.014999389648438,4254544,9.712722778320312
2011-06-27,16.020000457763672,16.232500076293945,15.887499809265137,16.052499771118164,2542528,9.735464096069336
2011-06-28,16.09000015258789,16.397499084472656,16.042499542236328,16.397499084472656,3534380,9.944701194763184
2011-06-29,16.424999237060547,16.717500686645508,16.38249969482422,16.645000457763672,4511828,10.094804763793945
2011-06-30,16.719999313354492,16.862499237060547,16.542499542236328,16.860000610351562,3806504,10.225197792053223
2011-07-01,16.895000457763672,16.895000457763672,16.665000915527344,16.795000076293945,2496824,10.185774803161621
2011-07-04,16.842500686645508,16.969999313354492,16.78499984741211,16.924999237060547,1941136,10.264616012573242
2011-07-05,16.934999465942383,16.987499237060547,16.799999237060547,16.895000457763672,2265680,10.246423721313477
2011-07-06,16.88249969482422,16.895000457763672,16.479999542236328,16.655000686645508,4649944,10.100868225097656
2011-07-07,16.752500534057617,16.8799991607666,16.719999313354492,16.735000610351562,2829708,10.14938735961914
2011-07-08,16.780000686645508,16.8125,16.274999618530273,16.292499542236328,5080640,9.881019592285156
2011-07-11,16.162500381469727,16.274999618530273,15.75,15.90999984741211,3966692,9.649044036865234
2011-07-12,15.699999809265137,16.165000915527344,15.324999809265137,16.059999465942383,6405108,9.740015029907227
2011-07-13,16.00749969482422,16.5049991607666,15.90250015258789,16.40250015258789,4208712,9.947732925415039
2011-07-14,16.237499237060547,16.3700008392334,16.065000534057617,16.149999618530273,3563260,9.794595718383789
2011-07-15,16.122499465942383,16.36750030517578,16.075000762939453,16.334999084472656,4142008,9.906794548034668
2011-07-18,16.209999084472656,16.447500228881836,15.944999694824219,15.979999542236328,2696380,9.691496849060059
2011-07-19,16.125,16.190000534057617,15.802499771118164,15.899999618530273,3667568,9.64297866821289
2011-07-20,15.930000305175781,15.96500015258789,15.640000343322754,15.824999809265137,3611120,9.597493171691895
2011-07-21,15.8774995803833,15.960000038146973,15.479999542236328,15.802499771118164,3706272,9.583847045898438
2011-07-22,15.975000381469727,15.984999656677246,15.755000114440918,15.880000114440918,2061356,9.630849838256836
2011-07-25,15.787500381469727,16.2450008392334,15.682499885559082,16.22249984741211,3046928,9.838566780090332
2011-07-26,16.247499465942383,16.272499084472656,15.694999694824219,15.817500114440918,4133152,9.592945098876953
2011-07-27,15.662500381469727,15.739999771118164,15.210000038146973,15.467499732971191,7029324,9.380678176879883
2011-07-28,15.467499732971191,15.637499809265137,14.944999694824219,15.305000305175781,7102848,9.282126426696777
2011-07-29,15.039999961853027,15.067500114440918,14.3125,14.664999961853027,13322852,8.8939790725708
2011-08-01,14.899999618530273,15.012499809265137,13.944999694824219,14.042499542236328,8321736,8.516447067260742
2011-08-02,14.024999618530273,14.180000305175781,13.675000190734863,13.7524995803833,5608276,8.340570449829102
2011-08-03,13.550000190734863,13.987500190734863,13.317500114440918,13.422499656677246,7879516,8.140432357788086
2011-08-04,13.727499961853027,13.7475004196167,12.550000190734863,12.6274995803833,8963620,7.658282279968262
2011-08-05,12.1899995803833,13.75,12.055000305175781,12.782500267028809,12287516,7.7522873878479
2011-08-08,12.550000190734863,12.882499694824219,11.667499542236328,11.736249923706055,8891572,7.117762088775635
2011-08-09,11.792499542236328,12.475000381469727,11.182499885559082,12.283746719360352,12101544,7.449805736541748
2011-08-10,12.675000190734863,12.917499542236328,11.770000457763672,11.911250114440918,9508424,7.2238945960998535
2011-08-11,12.276249885559082,12.545000076293945,11.574999809265137,12.477499961853027,6601192,7.567312717437744
2011-08-12,12.491250038146973,13.1850004196167,12.1875,13.140000343322754,6167572,7.969103813171387
2011-08-15,13.274999618530273,13.322500228881836,12.8774995803833,12.975000381469727,3105740,7.869035243988037
2011-08-16,12.927499771118164,12.927499771118164,12.512499809265137,12.875,2817788,7.808385848999023
2011-08-17,12.822500228881836,13.119999885559082,12.550000190734863,12.914999961853027,2753800,7.832644462585449
2011-08-18,12.792499542236328,12.864999771118164,11.819999694824219,11.93375015258789,6886408,7.237542629241943
2011-08-19,11.887499809265137,12.074999809265137,11.301250457763672,11.712499618530273,5223076,7.103357791900635
2011-08-22,11.501250267028809,11.768750190734863,11.2524995803833,11.25374984741211,6997268,6.825136661529541
2011-08-23,11.423749923706055,11.720000267028809,11.25,11.391249656677246,4948192,6.908525466918945
2011-08-24,11.506250381469727,12.043749809265137,11.382499694824219,11.876250267028809,4997120,7.202667713165283
2011-08-25,12.047499656677246,12.229999542236328,11.772500038146973,11.916250228881836,4597904,7.226926803588867
2011-08-26,11.875,12.103750228881836,11.6875,12.072500228881836,4021036,7.321689128875732
2011-08-29,12.333749771118164,12.388750076293945,12.098750114440918,12.098750114440918,2254196,7.337610244750977
2011-08-30,12.493746757507324,12.524999618530273,12.130000114440918,12.130000114440918,3728896,7.356561660766602
2011-08-31,12.327500343322754,12.7475004196167,12.272500038146973,12.7475004196167,4800124,7.731060028076172
2011-09-01,12.779999732971191,12.8100004196167,12.306246757507324,12.5600004196167,3458792,7.617346286773682
2011-09-02,12.361249923706055,12.391249656677246,11.8774995803833,11.908746719360352,4108876,7.222376823425293
2011-09-05,11.74625015258789,11.896249771118164,11.227499961853027,11.512499809265137,4515804,6.982063293457031
2011-09-06,11.327500343322754,11.451250076293945,11.033746719360352,11.130000114440918,5059836,6.750086307525635
2011-09-07,11.487500190734863,11.757499694824219,11.375,11.568750381469727,4746600,7.016177177429199
2011-09-08,11.793749809265137,11.925000190734863,11.547499656677246,11.59000015258789,3362280,7.029063701629639
2011-09-09,11.65625,11.762499809265137,11.2162504196167,11.2162504196167,5594340,6.802392959594727
2011-09-12,10.975000381469727,11.037500381469727,10.725000381469727,10.887499809265137,5701496,6.60301399230957
2011-09-13,10.978750228881836,11.232500076293945,10.5,11.09000015258789,6118928,6.725825786590576
2011-09-14,10.914999961853027,11.680000305175781,10.887499809265137,11.602499961853027,6809504,7.036645412445068
2011-09-15,11.748749732971191,12.198746681213379,11.675000190734863,11.954999923706055,6181772,7.250428199768066
2011-09-16,12.22249984741211,12.295000076293945,11.891249656677246,12.22249984741211,6212120,7.412661075592041
2011-09-19,11.739999771118164,11.739999771118164,11.295000076293945,11.381250381469727,6302604,6.902462482452393
2011-09-20,11.267499923706055,11.68375015258789,11.210000038146973,11.658746719360352,4095920,7.07075834274292
2011-09-21,11.670000076293945,11.6899995803833,11.476249694824219,11.521249771118164,3259500,6.987369060516357
2011-09-22,11.1875,11.268750190734863,10.8125,10.8125,4950548,6.557528495788574
2011-09-23,10.938750267028809,10.984999656677246,10.300000190734863,10.765000343322754,5839932,6.528721332550049
2011-09-26,10.5024995803833,11.244999885559082,10.4375,11.073746681213379,5677140,6.715969085693359
2011-09-27,11.4975004196167,11.9975004196167,11.337499618530273,11.967499732971191,6523440,7.258009910583496
2011-09-28,11.81624984741211,12.116250038146973,11.635000228881836,11.801250457763672,4569276,7.157183647155762
2011-09-29,11.681246757507324,11.956250190734863,11.126250267028809,11.723750114440918,7171332,7.110180377960205
2011-09-30,11.661250114440918,11.661250114440918,11.137499809265137,11.302499771118164,5411844,6.854701519012451
2011-10-03,11.029999732971191,11.149999618530273,10.71500015258789,10.853750228881836,4764876,6.582546234130859
2011-10-04,10.704999923706055,10.771249771118164,10.050000190734863,10.182499885559082,5678272,6.175449371337891
2011-10-05,10.598750114440918,10.904999732971191,10.291250228881836,10.904999732971191,4344292,6.61362886428833
2011-10-06,11.03125,11.28499984741211,10.938750267028809,11.25,4693620,6.822862148284912
2011-10-07,11.2524995803833,11.470000267028809,11.015000343322754,11.31624984741211,4254128,6.863040924072266
2011-10-10,11.423749923706055,11.824999809265137,11.170000076293945,11.733750343322754,3392764,7.116245746612549
2011-10-11,11.688750267028809,11.788749694824219,11.484999656677246,11.645000457763672,3525388,7.062420845031738
2011-10-12,11.5912504196167,12.346246719360352,11.587499618530273,12.293749809265137,6184328,7.455872535705566
2011-10-13,12.274999618530273,12.3774995803833,12.106249809265137,12.198746681213379,5416572,7.398255825042725
2011-10-14,12.322500228881836,12.647500038146973,12.178750038146973,12.457500457763672,4197820,7.555182456970215
2011-10-17,12.5649995803833,12.9350004196167,12.201250076293945,12.319999694824219,7326132,7.471792697906494
2011-10-18,12.298749923706055,12.667499542236328,12.0625,12.662500381469727,6049368,7.679510116577148
2011-10-19,12.757499694824219,12.835000038146973,12.318750381469727,12.3725004196167,4021548,7.50363302230835
2011-10-20,12.279999732971191,12.567500114440918,12.103750228881836,12.133749961853027,4757600,7.358835220336914
2011-10-21,12.471246719360352,12.744999885559082,12.326250076293945,12.710000038146973,5250028,7.708318710327148
2011-10-24,12.782500267028809,13.09000015258789,12.492500305175781,13.012499809265137,3984144,7.891777038574219
2011-10-25,12.922499656677246,13.21500015258789,12.829999923706055,13.005000114440918,4341988,7.887228965759277
2011-10-26,12.9350004196167,13.337499618530273,12.897500038146973,13.069999694824219,3921040,7.9266486167907715
2011-10-27,13.47249984741211,13.779999732971191,13.460000038146973,13.734999656677246,10556452,8.3299560546875
2011-10-28,13.779999732971191,13.984999656677246,13.457500457763672,13.927499771118164,6165940,8.446702003479004
2011-10-31,13.75,13.829999923706055,13.170000076293945,13.170000076293945,4722124,7.987297058105469
2011-11-01,12.987500190734863,13.024999618530273,12.206250190734863,12.291250228881836,7729140,7.454357147216797
2011-11-02,12.52750015258789,12.635000228881836,12.234999656677246,12.547499656677246,4297776,7.60976505279541
2011-11-03,12.239999771118164,13.074999809265137,12.182499885559082,12.970000267028809,4568320,7.866001605987549
2011-11-04,13.050000190734863,13.109999656677246,12.505000114440918,12.59749984741211,3127352,7.64008903503418
2011-11-07,12.4975004196167,12.914999961853027,12.368746757507324,12.595000267028809,2991892,7.63857364654541
2011-11-08,12.6274995803833,12.987500190734863,12.625,12.637499809265137,4794344,7.664349555969238
2011-11-09,12.807499885559082,12.914999961853027,12.1274995803833,12.166250228881836,6768508,7.37854528427124
2011-11-10,12.0,12.524999618530273,11.899999618530273,12.202500343322754,5705572,7.400529861450195
2011-11-11,12.241250038146973,12.5,12.048749923706055,12.471246719360352,3465188,7.563519477844238
2011-11-14,12.630000114440918,12.670000076293945,12.077500343322754,12.229999542236328,3955324,7.417209148406982
2011-11-15,12.142499923706055,12.233750343322754,11.8125,11.882499694824219,4897172,7.20645809173584
2011-11-16,11.823746681213379,12.0,11.5649995803833,11.632499694824219,5823088,7.054840087890625
2011-11-17,11.577500343322754,11.595000267028809,11.288749694824219,11.328749656677246,5759064,6.870622634887695
2011-11-18,11.276249885559082,11.327500343322754,11.126250267028809,11.175000190734863,3886856,6.7773756980896
2011-11-21,11.188750267028809,11.188750267028809,10.772500038146973,10.772500038146973,6111196,6.533270835876465
2011-11-22,10.886246681213379,11.072500228881836,10.512499809265137,10.515000343322754,4569008,6.377102851867676
2011-11-23,10.40625,10.6850004196167,10.359999656677246,10.454999923706055,5049696,6.340712070465088
2011-11-24,10.543749809265137,10.821249961853027,10.4037504196167,10.478750228881836,4672992,6.355117321014404
2011-11-25,10.4375,10.698746681213379,10.15250015258789,10.572500228881836,5647160,6.4119744300842285
2011-11-28,10.75,11.326250076293945,10.72249984741211,11.258749961853027,6899976,6.828169345855713
2011-11-29,11.2475004196167,11.4662504196167,11.136246681213379,11.244999885559082,4374472,6.819830417633057
2011-11-30,11.149999618530273,11.946249961853027,11.005000114440918,11.795000076293945,8404144,7.153392314910889
2011-12-01,11.789999961853027,11.987500190734863,11.592499732971191,11.731249809265137,3792120,7.114729404449463
2011-12-02,11.908746719360352,12.196249961853027,11.881250381469727,11.9375,4537996,7.239814281463623
2011-12-05,12.107500076293945,12.204999923706055,11.97249984741211,12.15625,2873172,7.3724822998046875
2011-12-06,11.986249923706055,12.103750228881836,11.882499694824219,11.946249961853027,2790044,7.245121479034424
2011-12-07,12.098750114440918,12.225000381469727,11.53499984741211,11.699999809265137,4076072,7.095776081085205
2011-12-08,11.797499656677246,12.0,11.449999809265137,11.520000457763672,5622020,6.986611843109131
2011-12-09,11.3725004196167,11.87125015258789,11.332500457763672,11.791250228881836,3838120,7.151118278503418
2011-12-12,11.702500343322754,11.81624984741211,11.4399995803833,11.479999542236328,2697012,6.962353229522705
2011-12-13,11.537500381469727,11.818750381469727,11.460000038146973,11.619999885559082,3735352,7.047257900238037
2011-12-14,11.526249885559082,11.576250076293945,11.133749961853027,11.192500114440918,4119380,6.787990570068359
2011-12-15,11.241250038146973,11.3774995803833,10.971246719360352,11.055000305175781,3720700,6.704599380493164
2011-12-16,11.086250305175781,11.1225004196167,10.630000114440918,10.733750343322754,6857216,6.509769916534424
2011-12-19,10.5912504196167,10.958749771118164,10.576250076293945,10.686249732971191,3051044,6.480960369110107
2011-12-20,10.756250381469727,11.270000457763672,10.699999809265137,11.213749885559082,3572548,6.800878047943115
2011-12-21,11.351249694824219,11.5,11.199999809265137,11.28125,2969612,6.8418145179748535
2011-12-22,11.336250305175781,11.492500305175781,11.268750190734863,11.391249656677246,1817244,6.908525466918945
2011-12-23,11.5024995803833,11.5024995803833,11.3100004196167,11.354999542236328,1163472,6.886542797088623
2011-12-27,11.452500343322754,11.508749961853027,11.37125015258789,11.4037504196167,807896,6.916109085083008
2011-12-28,11.395000457763672,11.436249732971191,11.09000015258789,11.163749694824219,1608120,6.770553112030029
2011-12-29,11.201250076293945,11.262499809265137,11.057499885559082,11.262499809265137,1389512,6.830442905426025
2011-12-30,11.300000190734863,11.44124984741211,11.194999694824219,11.418749809265137,1071472,6.925204277038574
2012-01-02,11.443750381469727,11.6225004196167,11.40250015258789,11.602499961853027,1808324,7.036645412445068
2012-01-03,11.6850004196167,12.001250267028809,11.592499732971191,11.931246757507324,3694092,7.236022472381592
2012-01-04,11.875,12.05875015258789,11.782500267028809,11.81624984741211,3903620,7.1662797927856445
2012-01-05,11.866250038146973,12.021249771118164,11.647500038146973,11.74625015258789,3262532,7.123826026916504
2012-01-06,11.833749771118164,11.987500190734863,11.592499732971191,11.661250114440918,2950708,7.0722761154174805
2012-01-09,11.743746757507324,11.848750114440918,11.612500190734863,11.720000267028809,2458668,7.10790491104126
2012-01-10,11.861249923706055,12.244999885559082,11.826250076293945,11.998749732971191,4758824,7.276961803436279
2012-01-11,11.854999542236328,11.987500190734863,11.600000381469727,11.895000457763672,6836808,7.214040756225586
2012-01-12,11.961250305175781,12.329999923706055,11.936249732971191,12.0287504196167,4305216,7.295156002044678
2012-01-13,12.146249771118164,12.257499694824219,11.666250228881836,11.994999885559082,4381040,7.274687767028809
2012-01-16,11.888750076293945,12.475000381469727,11.798749923706055,12.438750267028809,4134288,7.543811321258545
2012-01-17,12.552499771118164,12.8725004196167,12.510000228881836,12.635000228881836,3444828,7.662832260131836
2012-01-18,12.467499732971191,12.637499809265137,12.376250267028809,12.5600004196167,3795848,7.617346286773682
2012-01-19,12.600000381469727,12.960000038146973,12.572500228881836,12.960000038146973,4186600,7.8599371910095215
2012-01-20,13.0,13.007499694824219,12.710000038146973,12.982500076293945,4090364,7.873582363128662
2012-01-23,13.0,13.175000190734863,12.84000015258789,13.104999542236328,3697456,7.947875499725342
2012-01-24,13.017499923706055,13.03499984741211,12.720000267028809,12.96500015258789,2557008,7.862969398498535
2012-01-25,13.029999732971191,13.162500381469727,12.845000267028809,13.095000267028809,3021240,7.941812992095947
2012-01-26,13.162500381469727,13.449999809265137,13.082500457763672,13.352499961853027,3494180,8.097978591918945
2012-01-27,13.28499984741211,13.467499732971191,13.037500381469727,13.037500381469727,3594940,7.906939506530762
2012-01-30,12.9375,13.067500114440918,12.805000305175781,12.970000267028809,2972720,7.866001605987549
2012-01-31,13.03499984741211,13.257499694824219,12.957500457763672,13.074999809265137,2880704,7.929680824279785
2012-02-01,13.1225004196167,13.59749984741211,13.057499885559082,13.550000190734863,4662372,8.21776008605957
2012-02-02,13.612500190734863,13.680000305175781,13.350000381469727,13.572500228881836,3076616,8.231404304504395
2012-02-03,13.550000190734863,13.699999809265137,13.4375,13.699999809265137,5019084,8.30872917175293
2012-02-06,13.5,13.637499809265137,13.244999885559082,13.585000038146973,3818140,8.238985061645508
2012-02-07,13.625,13.7475004196167,13.390000343322754,13.734999656677246,3466756,8.3299560546875
2012-02-08,13.725000381469727,13.975000381469727,13.602499961853027,13.712499618530273,3932288,8.31631088256836
2012-02-09,13.774999618530273,14.117500305175781,13.732500076293945,13.932499885559082,4649572,8.449735641479492
2012-02-10,13.875,14.482500076293945,13.442500114440918,13.510000228881836,9893724,8.193498611450195
2012-02-13,13.625,13.734999656677246,13.417499542236328,13.557499885559082,3645772,8.222306251525879
2012-02-14,13.520000457763672,13.6274995803833,13.25,13.359999656677246,3340848,8.102527618408203
2012-02-15,13.47249984741211,13.6850004196167,13.305000305175781,13.364999771118164,3066308,8.105560302734375
2012-02-16,13.270000457763672,13.302499771118164,13.042499542236328,13.117500305175781,6001140,7.95545768737793
2012-02-17,13.25,13.704999923706055,13.234999656677246,13.670000076293945,6407372,8.290535926818848
2012-02-20,13.75,13.97249984741211,13.670000076293945,13.932499885559082,2970180,8.449735641479492
2012-02-21,13.975000381469727,14.022500038146973,13.654999732971191,13.755000114440918,3386200,8.342085838317871
2012-02-22,13.824999809265137,13.832500457763672,13.454999923706055,13.46500015258789,3570672,8.166206359863281
2012-02-23,13.475000381469727,13.657500267028809,13.007499694824219,13.237500190734863,4987328,8.028233528137207
2012-02-24,13.329999923706055,13.422499656677246,13.154999732971191,13.257499694824219,3366600,8.040365219116211
2012-02-27,13.177499771118164,13.1875,12.802499771118164,12.914999961853027,5236436,7.832644462585449
2012-02-28,13.0024995803833,13.210000038146973,12.930000305175781,13.15250015258789,4147996,7.976684093475342
2012-02-29,13.217499732971191,13.272500038146973,12.885000228881836,12.9399995803833,4923820,7.847806930541992
2012-03-01,12.895000457763672,13.140000343322754,12.817500114440918,13.03499984741211,3969492,7.905423164367676
2012-03-02,13.09000015258789,13.109999656677246,12.942500114440918,12.989999771118164,3194156,7.878130912780762
2012-03-05,12.947500228881836,13.045000076293945,12.734999656677246,12.927499771118164,3895340,7.840226650238037
2012-03-06,12.904999732971191,12.907500267028809,12.44124984741211,12.44124984741211,5439636,7.545328140258789
2012-03-07,12.425000190734863,12.677499771118164,12.317500114440918,12.585000038146973,4993864,7.632507801055908
2012-03-08,12.725000381469727,13.09749984741211,12.697500228881836,13.03499984741211,4963436,7.905423164367676
2012-03-09,13.095000267028809,13.119999885559082,12.897500038146973,13.017499923706055,3435912,7.894810199737549
2012-03-12,13.050000190734863,13.545000076293945,12.904999732971191,13.537500381469727,6172232,8.210177421569824
2012-03-13,13.710000038146973,13.914999961853027,13.625,13.880000114440918,6399296,8.41789436340332
2012-03-14,13.9375,14.4350004196167,13.869999885559082,14.354999542236328,7940292,8.705972671508789
2012-03-15,14.327500343322754,14.5,14.257499694824219,14.427499771118164,5239288,8.749940872192383
2012-03-16,14.414999961853027,14.555000305175781,14.292499542236328,14.555000305175781,7501296,8.82726764678955
2012-03-19,14.482500076293945,14.517499923706055,14.282500267028809,14.407500267028809,3377168,8.737812995910645
2012-03-20,14.289999961853027,14.345000267028809,14.045000076293945,14.217499732971191,5237060,8.622580528259277
2012-03-21,14.300000190734863,14.475000381469727,13.827500343322754,14.0,4281180,8.49067497253418
2012-03-22,14.0,14.007499694824219,13.704999923706055,13.742500305175781,4432196,8.334505081176758
2012-03-23,13.802499771118164,13.957500457763672,13.5600004196167,13.925000190734863,2568940,8.445188522338867
2012-03-26,13.992500305175781,14.1875,13.837499618530273,14.130000114440918,2165984,8.5695161819458
2012-03-27,14.204999923706055,14.329999923706055,13.9975004196167,14.020000457763672,2672252,8.502803802490234
2012-03-28,13.975000381469727,14.125,13.807499885559082,13.817500114440918,2282960,8.379990577697754
2012-03-29,13.789999961853027,13.84749984741211,13.585000038146973,13.637499809265137,4283316,8.270825386047363
2012-03-30,13.744999885559082,14.114999771118164,13.6875,13.957500457763672,3584548,8.464898109436035
2012-04-02,14.020000457763672,14.207500457763672,13.699999809265137,14.192500114440918,3192796,8.607419967651367
2012-04-03,14.220000267028809,14.2475004196167,13.944999694824219,13.944999694824219,2360496,8.457315444946289
2012-04-04,13.859999656677246,13.907500267028809,13.532500267028809,13.600000381469727,4568168,8.248083114624023
2012-04-05,13.654999732971191,13.762499809265137,13.300000190734863,13.697500228881836,3538640,8.307212829589844
2012-04-10,13.417499542236328,13.572500228881836,13.260000228881836,13.260000228881836,5848736,8.04188060760498
2012-04-11,13.262499809265137,13.545000076293945,13.227499961853027,13.420000076293945,4011652,8.13891887664795
2012-04-12,13.40999984741211,13.604999542236328,13.382499694824219,13.557499885559082,4027172,8.222306251525879
2012-04-13,13.492500305175781,13.582500457763672,13.305000305175781,13.337499618530273,5663576,8.088881492614746
2012-04-16,13.27750015258789,13.612500190734863,13.25,13.449999809265137,2810940,8.157111167907715
2012-04-17,13.367500305175781,13.789999961853027,13.274999618530273,13.75,4378960,8.3390531539917
2012-04-18,13.625,13.682499885559082,13.25,13.297499656677246,6663848,8.064621925354004
2012-04-19,13.317500114440918,13.470000267028809,13.024999618530273,13.037500381469727,6712676,7.906939506530762
2012-04-20,13.0024995803833,13.132499694824219,12.757499694824219,12.9975004196167,5393056,7.882680892944336
2012-04-23,12.774999618530273,12.792499542236328,12.489999771118164,12.662500381469727,4650144,7.679510116577148
2012-04-24,13.5,13.640000343322754,13.302499771118164,13.4375,8486324,8.149530410766602
2012-04-25,13.507499694824219,13.984999656677246,13.467499732971191,13.96500015258789,4890836,8.46944522857666
2012-04-26,13.947500228881836,14.204999923706055,13.84749984741211,14.039999961853027,4254884,8.514931678771973
2012-04-27,13.880000114440918,14.242500305175781,13.8149995803833,14.194999694824219,4257984,8.608935356140137
2012-04-30,14.210000038146973,14.2475004196167,14.042499542236328,14.104999542236328,2788524,8.554351806640625
2012-05-02,14.25,14.369999885559082,14.050000190734863,14.149999618530273,2984280,8.581643104553223
2012-05-03,14.175000190734863,14.307499885559082,13.982500076293945,14.117500305175781,3376736,8.561933517456055
2012-05-04,14.109999656677246,14.15250015258789,13.4975004196167,13.612500190734863,3798528,8.25566291809082
2012-05-07,13.342499732971191,13.917499542236328,13.2475004196167,13.8774995803833,1788968,8.416379928588867
2012-05-08,13.822500228881836,13.842499732971191,13.1875,13.262499809265137,3396980,8.043396949768066
2012-05-09,13.3725004196167,13.619999885559082,13.147500038146973,13.507499694824219,2804684,8.191981315612793
2012-05-10,13.675000190734863,13.677499771118164,13.079999923706055,13.199999809265137,4316424,8.005491256713867
2012-05-11,13.1875,13.717499732971191,13.074999809265137,13.682499885559082,4828896,8.298116683959961
2012-05-14,13.567500114440918,13.577500343322754,13.039999961853027,13.130000114440918,4496888,7.963037490844727
2012-05-15,13.272500038146973,13.390000343322754,12.949999809265137,13.077500343322754,3005836,7.931198596954346
2012-05-16,12.984999656677246,13.057499885559082,12.649999618530273,12.897500038146973,5945332,7.822033405303955
2012-05-17,12.9975004196167,13.042499542236328,12.742500305175781,12.800000190734863,2519132,7.762901782989502
2012-05-18,12.161250114440918,12.2162504196167,11.975000381469727,12.073746681213379,4718856,7.635625839233398
2012-05-21,12.06624984741211,12.399999618530273,12.053750038146973,12.242500305175781,3334084,7.742347717285156
2012-05-22,12.451250076293945,12.729999542236328,12.388750076293945,12.649999618530273,3743172,8.0000581741333
2012-05-23,12.354999542236328,12.470000267028809,12.032500267028809,12.083749771118164,4541500,7.641951084136963
2012-05-24,12.171250343322754,12.263750076293945,11.928750038146973,12.137499809265137,4309368,7.6759443283081055
2012-05-25,12.15625,12.300000190734863,12.098750114440918,12.151249885559082,3466068,7.684639930725098
2012-05-28,12.25,12.3125,12.051250457763672,12.12874984741211,1673120,7.670409202575684
2012-05-29,12.233750343322754,12.569999694824219,12.1850004196167,12.478750228881836,3422464,7.891756057739258
2012-05-30,12.375,12.393750190734863,12.020000457763672,12.061249732971191,4063476,7.627721786499023
2012-05-31,12.147500038146973,12.208749771118164,11.699999809265137,11.8125,5278408,7.470407962799072
2012-06-01,11.913749694824219,11.914999961853027,11.380000114440918,11.625,6940424,7.351830959320068
2012-06-04,11.523750305175781,11.767499923706055,11.328749656677246,11.569999694824219,3528836,7.317047595977783
2012-06-05,11.696249961853027,11.837499618530273,11.62874984741211,11.772500038146973,5417608,7.445112705230713
2012-06-06,11.824999809265137,12.194999694824219,11.774999618530273,12.1850004196167,6075928,7.7059831619262695
2012-06-07,12.244999885559082,12.595000267028809,12.113750457763672,12.346246719360352,4443664,7.807959079742432
2012-06-08,12.28499984741211,12.302499771118164,11.90250015258789,12.164999961853027,4021976,7.693334102630615
2012-06-11,12.5,12.600000381469727,12.063750267028809,12.085000038146973,3441404,7.6427412033081055
2012-06-12,12.09000015258789,12.220000267028809,11.890000343322754,12.024999618530273,3182300,7.604796886444092
2012-06-13,12.077500343322754,12.163749694824219,11.460000038146973,11.598750114440918,7315064,7.335230350494385
2012-06-14,11.598750114440918,11.682499885559082,11.40250015258789,11.596246719360352,3713804,7.33364725112915
2012-06-15,11.710000038146973,11.9975004196167,11.646249771118164,11.880000114440918,4247400,7.513098239898682
2012-06-18,12.039999961853027,12.170000076293945,11.912500381469727,12.074999809265137,3268840,7.636417388916016
2012-06-19,12.071249961853027,12.367500305175781,12.050000190734863,12.34375,2906792,7.806379318237305
2012-06-20,12.375,12.59749984741211,12.257499694824219,12.476249694824219,3451248,7.890174388885498
2012-06-21,12.396249771118164,12.4037504196167,12.074999809265137,12.114999771118164,6116012,7.66171407699585
2012-06-22,12.03499984741211,12.210000038146973,11.987500190734863,12.082500457763672,2761440,7.64116096496582
2012-06-25,12.046250343322754,12.052499771118164,11.626250267028809,11.642499923706055,3151332,7.362898349761963
2012-06-26,11.625,11.782500267028809,11.542499542236328,11.727499961853027,2765580,7.416653156280518
2012-06-27,11.78499984741211,12.117500305175781,11.75,12.109999656677246,3764000,7.6585516929626465
2012-06-28,12.125,12.2524995803833,11.975000381469727,12.194999694824219,3412064,7.712307453155518
2012-06-29,12.572500228881836,12.887499809265137,12.416250228881836,12.869999885559082,4335508,8.139188766479492
2012-07-02,12.8774995803833,13.0,12.699999809265137,12.875,3486712,8.142349243164062
2012-07-03,12.944999694824219,13.079999923706055,12.90250015258789,13.067500114440918,3551780,8.264090538024902
2012-07-04,13.045000076293945,13.125,12.9375,13.037500381469727,2891496,8.245118141174316
2012-07-05,13.037500381469727,13.125,12.727499961853027,12.885000228881836,4474552,8.148674011230469
2012-07-06,12.805000305175781,12.832500457763672,12.532500267028809,12.5600004196167,3262628,7.943138599395752
2012-07-09,12.569999694824219,12.630000114440918,12.421250343322754,12.510000228881836,2668468,7.911519527435303
2012-07-10,12.614999771118164,12.892499923706055,12.489999771118164,12.779999732971191,2548800,8.082271575927734
2012-07-11,12.657500267028809,12.675000190734863,12.473750114440918,12.529999732971191,2205380,7.924166679382324
2012-07-12,12.46500015258789,12.587499618530273,12.265000343322754,12.323746681213379,2978052,7.793728828430176
2012-07-13,12.401249885559082,12.4975004196167,12.221246719360352,12.493746757507324,3116576,7.90123987197876
2012-07-16,12.529999732971191,12.852499961853027,12.393750190734863,12.8100004196167,2993720,8.101244926452637
2012-07-17,12.850000381469727,13.0,12.767499923706055,12.835000038146973,2544844,8.11705493927002
2012-07-18,12.882499694824219,13.237500190734863,12.857500076293945,13.21500015258789,3156852,8.35737133026123
2012-07-19,13.25,13.444999694824219,13.079999923706055,13.390000343322754,5280328,8.468043327331543
2012-07-20,13.375,13.404999732971191,13.050000190734863,13.087499618530273,4092784,8.276740074157715
2012-07-23,12.917499542236328,12.992500305175781,12.4662504196167,12.555000305175781,5199152,7.939977645874023
2012-07-24,12.617500305175781,12.72249984741211,12.350000381469727,12.404999732971191,4995852,7.8451151847839355
2012-07-25,12.342499732971191,12.725000381469727,12.342499732971191,12.5,2789172,7.9051923751831055
2012-07-26,12.545000076293945,12.917499542236328,12.232500076293945,12.800000190734863,3933704,8.094919204711914
2012-07-27,13.4399995803833,13.8725004196167,13.302499771118164,13.789999961853027,8979844,8.721010208129883
2012-07-30,13.927499771118164,14.3774995803833,13.927499771118164,14.257499694824219,4956076,9.016663551330566
2012-07-31,14.0,14.095000267028809,13.774999618530273,13.854999542236328,5299224,8.762118339538574
2012-08-01,13.854999542236328,13.917499542236328,13.550000190734863,13.832500457763672,3763900,8.747889518737793
2012-08-02,13.792499542236328,14.217499732971191,13.65999984741211,13.7524995803833,5032384,8.697296142578125
2012-08-03,13.882499694824219,14.4399995803833,13.819999694824219,14.397500038146973,4127068,9.105201721191406
2012-08-06,14.300000190734863,14.6225004196167,14.289999961853027,14.399999618530273,2915668,9.106783866882324
2012-08-07,14.412500381469727,14.632499694824219,14.092499732971191,14.522500038146973,3001416,9.184255599975586
2012-08-08,14.467499732971191,14.550000190734863,14.399999618530273,14.532500267028809,2345368,9.19057846069336
2012-08-09,14.545000076293945,14.602499961853027,14.109999656677246,14.467499732971191,3496980,9.149471282958984
2012-08-10,14.404999732971191,14.422499656677246,13.982500076293945,14.324999809265137,2949816,9.059354782104492
2012-08-13,14.270000457763672,14.307499885559082,14.125,14.237500190734863,1496064,9.00401496887207
2012-08-14,14.337499618530273,14.585000038146973,14.3100004196167,14.507499694824219,2811688,9.174768447875977
2012-08-15,14.357500076293945,14.557499885559082,14.292499542236328,14.475000381469727,1026128,9.154214859008789
2012-08-16,14.552499771118164,14.552499771118164,14.3725004196167,14.532500267028809,1525312,9.19057846069336
2012-08-17,14.574999809265137,14.710000038146973,14.569999694824219,14.667499542236328,2015744,9.275956153869629
2012-08-20,14.585000038146973,14.667499542236328,14.375,14.479999542236328,1386892,9.157376289367676
2012-08-21,14.470000267028809,14.895000457763672,14.470000267028809,14.857500076293945,3503268,9.39611530303955
2012-08-22,14.697500228881836,14.850000381469727,14.524999618530273,14.795000076293945,1708124,9.356587409973145
2012-08-23,14.774999618530273,14.979999542236328,14.59000015258789,14.732500076293945,2131192,9.317062377929688
2012-08-24,14.645000457763672,14.654999732971191,14.257499694824219,14.449999809265137,2371640,9.138405799865723
2012-08-27,14.470000267028809,14.602499961853027,14.417499542236328,14.507499694824219,1392972,9.174768447875977
2012-08-28,14.449999809265137,14.489999771118164,14.3125,14.4375,1346500,9.130498886108398
2012-08-29,14.4375,14.572500228881836,14.350000381469727,14.572500228881836,1748840,9.215876579284668
2012-08-30,14.477499961853027,14.477499961853027,14.0,14.010000228881836,2696244,8.86014175415039
2012-08-31,14.015000343322754,14.447500228881836,14.012499809265137,14.262499809265137,3435484,9.01982593536377
2012-09-03,14.25,14.462499618530273,14.170000076293945,14.382499694824219,1888680,9.095717430114746
2012-09-04,14.412500381469727,14.449999809265137,14.170000076293945,14.295000076293945,2475236,9.040380477905273
2012-09-05,14.244999885559082,14.354999542236328,14.087499618530273,14.192500114440918,2062932,8.975558280944824
2012-09-06,14.3125,14.952500343322754,14.307499885559082,14.895000457763672,5252528,9.419830322265625
2012-09-07,14.962499618530273,15.199999809265137,14.797499656677246,14.817500114440918,4822240,9.370818138122559
2012-09-10,14.770000457763672,15.03499984741211,14.770000457763672,14.895000457763672,2613884,9.419830322265625
2012-09-11,14.779999732971191,15.244999885559082,14.765000343322754,15.244999885559082,3101260,9.64117431640625
2012-09-12,15.25,15.475000381469727,15.1875,15.475000381469727,3631944,9.786630630493164
2012-09-13,15.5,15.647500038146973,15.342499732971191,15.572500228881836,3808132,9.84829330444336
2012-09-14,15.792499542236328,16.25,15.65999984741211,16.06999969482422,5992112,10.162919044494629
2012-09-17,15.912500381469727,15.912500381469727,15.510000228881836,15.662500381469727,2611396,9.905207633972168
2012-09-18,15.4975004196167,15.574999809265137,15.217499732971191,15.460000038146973,4002596,9.777145385742188
2012-09-19,15.717499732971191,15.850000381469727,15.352499961853027,15.692500114440918,5129052,9.924181938171387
2012-09-20,15.619999885559082,15.772500038146973,15.40250015258789,15.772500038146973,3696052,9.974774360656738
2012-09-21,15.8100004196167,15.922499656677246,15.637499809265137,15.882499694824219,5226500,10.044339179992676
2012-09-24,15.805000305175781,15.824999809265137,15.520000457763672,15.552499771118164,2324416,9.83564281463623
2012-09-25,15.479999542236328,15.604999542236328,15.244999885559082,15.574999809265137,4359356,9.849873542785645
2012-09-26,15.375,15.404999732971191,15.164999961853027,15.229999542236328,4704476,9.63169002532959
2012-09-27,15.319999694824219,15.3774995803833,15.077500343322754,15.3774995803833,3163972,9.724970817565918
2012-09-28,15.587499618530273,15.587499618530273,15.239999771118164,15.239999771118164,3727212,9.638012886047363
2012-10-01,15.324999809265137,15.942500114440918,15.274999618530273,15.854999542236328,4612240,10.026947021484375
2012-10-02,15.720000267028809,15.9375,15.600000381469727,15.827500343322754,4298604,10.009557723999023
2012-10-03,15.7524995803833,15.932499885559082,15.704999923706055,15.899999618530273,2349152,10.055407524108887
2012-10-04,16.0,16.3799991607666,15.975000381469727,16.3799991607666,5189908,10.358965873718262
2012-10-05,16.3075008392334,16.522499084472656,16.267499923706055,16.482500076293945,3563684,10.423789024353027
2012-10-08,16.36750030517578,16.36750030517578,16.075000762939453,16.079999923706055,2586856,10.169241905212402
2012-10-09,16.15999984741211,16.274999618530273,15.899999618530273,16.147499084472656,2977028,10.211929321289062
2012-10-10,16.125,16.325000762939453,15.957500457763672,16.260000228881836,2854088,10.283077239990234
2012-10-11,16.1875,16.457500457763672,16.1875,16.427499771118164,2124176,10.389006614685059
2012-10-12,16.322500228881836,16.5,16.232500076293945,16.274999618530273,1801264,10.292561531066895
2012-10-15,16.260000228881836,16.489999771118164,16.239999771118164,16.327499389648438,1880320,10.325764656066895
2012-10-16,16.375,16.397499084472656,15.482500076293945,15.744999885559082,8962816,9.957382202148438
2012-10-17,15.742500305175781,15.805000305175781,15.52750015258789,15.647500038146973,3275684,9.895722389221191
2012-10-18,15.607500076293945,15.6875,15.362500190734863,15.664999961853027,3764004,9.90678882598877
2012-10-19,15.602499961853027,15.869999885559082,15.587499618530273,15.702500343322754,2825580,9.930506706237793
2012-10-22,15.5,15.672499656677246,15.282500267028809,15.46500015258789,3631128,9.780305862426758
2012-10-23,16.0,16.415000915527344,15.850000381469727,15.992500305175781,9489640,10.11390495300293
2012-10-24,15.984999656677246,16.299999237060547,15.862500190734863,16.167499542236328,3780344,10.224577903747559
2012-10-25,16.149999618530273,16.2549991607666,15.962499618530273,16.09000015258789,2709236,10.175566673278809
2012-10-26,15.982500076293945,16.282499313354492,15.725000381469727,16.014999389648438,2884076,10.128134727478027
2012-10-29,16.012500762939453,16.299999237060547,15.90999984741211,16.229999542236328,2784268,10.264103889465332
2012-10-30,16.217500686645508,16.787500381469727,16.21500015258789,16.760000228881836,3519212,10.599285125732422
2012-10-31,16.752500534057617,16.93000030517578,16.565000534057617,16.565000534057617,2998728,10.475963592529297
2012-11-01,16.512500762939453,16.8700008392334,16.387500762939453,16.84000015258789,2730140,10.649877548217773
2012-11-02,16.832500457763672,17.122499465942383,16.7450008392334,17.0,3138644,10.75106430053711
2012-11-05,16.852500915527344,16.922500610351562,16.674999237060547,16.737499237060547,2097260,10.585054397583008
2012-11-06,16.7450008392334,16.987499237060547,16.657499313354492,16.752500534057617,1914888,10.594542503356934
2012-11-07,16.792499542236328,16.922500610351562,16.447500228881836,16.56999969482422,2714528,10.479125022888184
2012-11-08,16.670000076293945,16.729999542236328,16.337499618530273,16.412500381469727,3205696,10.379521369934082
2012-11-09,16.412500381469727,16.512500762939453,16.165000915527344,16.417499542236328,2135672,10.382681846618652
2012-11-12,16.424999237060547,16.447500228881836,16.229999542236328,16.387500762939453,1510296,10.363709449768066
2012-11-13,16.252500534057617,16.36750030517578,16.002500534057617,16.290000915527344,1952232,10.30204963684082
2012-11-14,16.25,16.377500534057617,16.165000915527344,16.204999923706055,1734988,10.24829387664795
2012-11-15,16.077499389648438,16.30500030517578,16.0625,16.274999618530273,1854080,10.292561531066895
2012-11-16,16.274999618530273,16.665000915527344,16.25,16.302499771118164,4030076,10.309953689575195
2012-11-19,16.459999084472656,16.815000534057617,16.385000228881836,16.737499237060547,1950628,10.585054397583008
2012-11-20,16.614999771118164,16.997499465942383,16.537500381469727,16.977500915527344,1971596,10.736836433410645
2012-11-21,16.922500610351562,17.112499237060547,16.834999084472656,17.112499237060547,1999260,10.822211265563965
2012-11-22,17.125,17.28499984741211,17.114999771118164,17.2450008392334,1894032,10.906004905700684
2012-11-23,17.125,17.375,17.049999237060547,17.350000381469727,1722444,10.97240924835205
2012-11-26,17.252500534057617,17.350000381469727,16.907499313354492,16.927499771118164,2211412,10.70521354675293
2012-11-27,16.967500686645508,17.084999084472656,16.774999618530273,17.084999084472656,2368260,10.804819107055664
2012-11-28,17.104999542236328,17.262500762939453,17.052499771118164,17.25749969482422,2152416,10.913910865783691
2012-11-29,17.392499923706055,17.572500228881836,17.3799991607666,17.545000076293945,2626616,11.095730781555176
2012-11-30,17.479999542236328,17.912500381469727,17.452499389648438,17.877500534057617,2971828,11.306009292602539
2012-12-03,17.7549991607666,17.927499771118164,17.65250015258789,17.725000381469727,1940240,11.209565162658691
2012-12-04,17.61750030517578,17.844999313354492,17.612499237060547,17.797500610351562,1410612,11.255416870117188
2012-12-05,17.875,17.99250030517578,17.497499465942383,17.587499618530273,2453704,11.122608184814453
2012-12-06,17.707500457763672,17.93000030517578,17.68000030517578,17.8174991607666,2599280,11.26806354522705
2012-12-07,17.84000015258789,17.857500076293945,17.6299991607666,17.725000381469727,2313536,11.209565162658691
2012-12-10,17.5575008392334,17.72249984741211,17.469999313354492,17.645000457763672,2072792,11.15897274017334
2012-12-11,17.614999771118164,17.854999542236328,17.614999771118164,17.825000762939453,1979624,11.272808074951172
2012-12-12,17.772499084472656,18.049999237060547,17.772499084472656,18.045000076293945,2421020,11.411938667297363
2012-12-13,18.0,18.145000457763672,17.799999237060547,18.065000534057617,2296440,11.424586296081543
2012-12-14,18.017499923706055,18.100000381469727,17.8075008392334,17.892499923706055,2009012,11.315496444702148
2012-12-17,17.815000534057617,17.922500610351562,17.780000686645508,17.86750030517578,1516964,11.299683570861816
2012-12-18,17.912500381469727,17.9375,17.6200008392334,17.780000686645508,2300008,11.244349479675293
2012-12-19,17.77750015258789,17.8075008392334,17.579999923706055,17.790000915527344,2331048,11.2506742477417
2012-12-20,17.662500381469727,17.90999984741211,17.662500381469727,17.829999923706055,2025548,11.275968551635742
2012-12-21,17.649999618530273,17.997499465942383,17.642499923706055,17.997499465942383,3130932,11.38189697265625
2012-12-27,17.747499465942383,17.9375,17.747499465942383,17.877500534057617,1070428,11.306009292602539
2012-12-28,17.8799991607666,17.97249984741211,17.704999923706055,17.80500030517578,825128,11.260159492492676
2013-01-02,18.102500915527344,18.462499618530273,18.102500915527344,18.399999618530273,1885672,11.636445999145508
2013-01-03,18.3700008392334,18.454999923706055,18.235000610351562,18.405000686645508,1547904,11.639608383178711
2013-01-04,18.270000457763672,18.47249984741211,18.102500915527344,18.47249984741211,2149396,11.682296752929688
2013-01-07,18.362499237060547,18.434999465942383,18.207500457763672,18.225000381469727,1842576,11.525772094726562
2013-01-08,18.27750015258789,18.282499313354492,17.985000610351562,18.0,2133596,11.3834810256958
2013-01-09,18.022499084472656,18.09000015258789,17.727500915527344,17.860000610351562,2250748,11.294941902160645
2013-01-10,17.940000534057617,18.125,17.795000076293945,17.84749984741211,2379668,11.287036895751953
2013-01-11,17.625,17.625,17.172500610351562,17.482500076293945,3801124,11.056203842163086
2013-01-14,17.4950008392334,18.24250030517578,17.487499237060547,17.8125,3346844,11.264902114868164
2013-01-15,17.774999618530273,18.077499389648438,17.770000457763672,18.03499984741211,2015224,11.405614852905273
2013-01-16,18.072500228881836,18.162500381469727,17.84000015258789,18.049999237060547,2157584,11.415101051330566
2013-01-17,17.80500030517578,18.09749984741211,17.65250015258789,17.81999969482422,2892152,11.269644737243652
2013-01-18,17.837499618530273,18.065000534057617,17.747499465942383,18.024999618530273,2345148,11.399290084838867
2013-01-21,18.037500381469727,18.295000076293945,17.9325008392334,18.25,1231788,11.541583061218262
2013-01-22,18.0,18.0,17.502500534057617,17.774999618530273,4014660,11.241186141967773
2013-01-23,17.74250030517578,17.850000381469727,17.469999313354492,17.594999313354492,2494084,11.127351760864258
2013-01-24,17.532499313354492,17.542499542236328,17.155000686645508,17.3125,4227084,10.948694229125977
2013-01-25,17.364999771118164,17.6200008392334,17.18000030517578,17.6200008392334,2931812,11.14316177368164
2013-01-28,17.524999618530273,17.582500457763672,17.34000015258789,17.375,3157168,10.988219261169434
2013-01-29,17.377500534057617,17.559999465942383,17.209999084472656,17.469999313354492,3032780,11.048299789428711
2013-01-30,17.405000686645508,17.56999969482422,17.075000762939453,17.094999313354492,2556568,10.811142921447754
2013-01-31,17.030000686645508,17.44499969482422,16.93000030517578,17.13249969482422,4085876,10.834857940673828
2013-02-01,17.125,17.864999771118164,17.125,17.774999618530273,4503168,11.241186141967773
2013-02-04,17.864999771118164,17.924999237060547,17.139999389648438,17.139999389648438,3646660,10.83960247039795
2013-02-05,17.149999618530273,17.372499465942383,17.02750015258789,17.207500457763672,2189988,10.882290840148926
2013-02-06,17.137500762939453,17.344999313354492,16.934999465942383,17.157499313354492,2875816,10.850668907165527
2013-02-07,17.19499969482422,17.450000762939453,17.147499084472656,17.252500534057617,2654204,10.910751342773438
2013-02-08,17.385000228881836,17.885000228881836,17.375,17.774999618530273,3554872,11.241186141967773
2013-02-11,17.799999237060547,18.174999237060547,17.725000381469727,18.174999237060547,3685484,11.49415111541748
2013-02-12,17.637500762939453,17.81999969482422,17.21500015258789,17.387500762939453,8716228,10.996126174926758
2013-02-13,17.469999313354492,17.532499313354492,17.209999084472656,17.232500076293945,3416940,10.898102760314941
2013-02-14,17.2450008392334,17.272499084472656,16.702499389648438,16.727500915527344,6594960,10.57873249053955
2013-02-15,16.625,16.782499313354492,16.417499542236328,16.627500534057617,5089168,10.51548957824707
2013-02-18,16.52750015258789,16.739999771118164,16.47249984741211,16.530000686645508,2173268,10.453829765319824
2013-02-19,16.520000457763672,17.110000610351562,16.512500762939453,16.989999771118164,5028712,10.74474048614502
2013-02-20,16.9424991607666,17.344999313354492,16.822500228881836,17.1875,3541340,10.86964225769043
2013-02-21,17.11750030517578,17.11750030517578,16.752500534057617,16.752500534057617,2612124,10.594542503356934
2013-02-22,16.887500762939453,16.940000534057617,16.56999969482422,16.602500915527344,3214004,10.499680519104004
2013-02-25,16.674999237060547,16.977500915527344,16.627500534057617,16.795000076293945,2905024,10.621418952941895
2013-02-26,16.5,16.7450008392334,16.475000381469727,16.55500030517578,3647868,10.469639778137207
2013-02-27,16.59000015258789,17.122499465942383,16.502500534057617,17.122499465942383,3087552,10.828535079956055
2013-02-28,17.22249984741211,17.247499465942383,16.889999389648438,17.110000610351562,2713052,10.820630073547363
2013-03-01,16.895000457763672,17.149999618530273,16.627500534057617,16.802499771118164,2675272,10.626160621643066
2013-03-04,16.770000457763672,16.899999618530273,16.540000915527344,16.7450008392334,1927848,10.589799880981445
2013-03-05,16.922500610351562,17.375,16.899999618530273,17.34749984741211,2788604,10.970829010009766
2013-03-06,17.3700008392334,17.5674991607666,16.979999542236328,16.9950008392334,3838528,10.747902870178223
2013-03-07,16.962499618530273,17.350000381469727,16.954999923706055,17.09000015258789,2894688,10.807981491088867
2013-03-08,17.15999984741211,17.287500381469727,16.8799991607666,16.959999084472656,2631344,10.72576904296875
2013-03-11,16.9325008392334,17.25,16.889999389648438,17.125,2399052,10.830116271972656
2013-03-12,17.052499771118164,17.375,16.94499969482422,17.237499237060547,2525616,10.901262283325195
2013-03-13,17.19499969482422,17.364999771118164,17.049999237060547,17.350000381469727,1866332,10.97240924835205
2013-03-14,17.40250015258789,17.412500381469727,16.997499465942383,17.24250030517578,3430240,10.904424667358398
2013-03-15,17.162500381469727,17.232500076293945,16.799999237060547,16.97249984741211,3874992,10.733675003051758
2013-03-18,16.862499237060547,17.082500457763672,16.787500381469727,17.02750015258789,1909616,10.768455505371094
2013-03-19,16.997499465942383,16.997499465942383,16.512500762939453,16.549999237060547,3547844,10.466475486755371
2013-03-20,16.774999618530273,16.782499313354492,16.540000915527344,16.6200008392334,2479744,10.510747909545898
2013-03-21,16.612499237060547,16.639999389648438,16.262500762939453,16.342500686645508,3340988,10.335251808166504
2013-03-22,16.299999237060547,16.587499618530273,16.202499389648438,16.36750030517578,3301564,10.35106086730957
2013-03-25,16.5575008392334,16.717500686645508,16.107500076293945,16.1924991607666,2945680,10.240387916564941
2013-03-26,16.467500686645508,16.725000381469727,16.334999084472656,16.670000076293945,2893272,10.542367935180664
2013-03-27,16.829999923706055,16.832500457763672,16.235000610351562,16.40999984741211,2261384,10.377938270568848
2013-03-28,16.385000228881836,16.502500534057617,16.290000915527344,16.3125,1741792,10.316278457641602
2013-04-02,16.344999313354492,16.65250015258789,16.200000762939453,16.572500228881836,2703312,10.480707168579102
2013-04-03,16.579999923706055,16.9375,16.579999923706055,16.610000610351562,2566772,10.504422187805176
2013-04-04,16.592500686645508,16.75749969482422,16.174999237060547,16.1875,3807724,10.237226486206055
2013-04-05,16.270000457763672,16.332500457763672,15.592499732971191,15.832500457763672,4579984,10.01271915435791
2013-04-08,15.835000038146973,15.892499923706055,15.524999618530273,15.699999809265137,3604008,9.928921699523926
2013-04-09,15.800000190734863,15.925000190734863,15.635000228881836,15.7524995803833,3006280,9.962125778198242
2013-04-10,15.52750015258789,15.887499809265137,15.47249984741211,15.6875,5152252,9.921019554138184
2013-04-11,15.707500457763672,16.047500610351562,15.65250015258789,15.967499732971191,4257668,10.098094940185547
2013-04-12,15.90999984741211,15.987500190734863,15.524999618530273,15.600000381469727,3659824,9.865683555603027
2013-04-15,15.539999961853027,15.59000015258789,14.992500305175781,15.147500038146973,4757696,9.579512596130371
2013-04-16,14.957500457763672,15.462499618530273,14.862500190734863,15.175000190734863,4200460,9.596906661987305
2013-04-17,15.354999542236328,15.362500190734863,14.78499984741211,14.960000038146973,3445164,9.460936546325684
2013-04-18,15.0024995803833,15.055000305175781,14.727499961853027,14.800000190734863,2798064,9.35975170135498
2013-04-19,14.8100004196167,15.157500267028809,14.71500015258789,15.012499809265137,3565988,9.49413776397705
2013-04-22,15.029999732971191,15.154999732971191,14.8725004196167,15.0,3711132,9.48623275756836
2013-04-23,14.524999618530273,15.567500114440918,14.307499885559082,15.550000190734863,6227232,9.834062576293945
2013-04-24,15.512499809265137,15.6850004196167,15.212499618530273,15.577500343322754,3766960,9.851452827453613
2013-04-25,15.432499885559082,15.857500076293945,15.390000343322754,15.802499771118164,3041428,9.99374771118164
2013-04-26,15.744999885559082,15.984999656677246,15.542499542236328,15.962499618530273,2873224,10.094932556152344
2013-04-29,16.0,16.322500228881836,15.890000343322754,16.322500228881836,3950456,10.322603225708008
2013-04-30,16.274999618530273,16.357500076293945,15.975000381469727,16.032499313354492,3723276,10.139202117919922
2013-05-02,15.9350004196167,16.184999465942383,15.762499809265137,16.024999618530273,3016068,10.134459495544434
2013-05-03,16.032499313354492,16.642499923706055,15.984999656677246,16.61750030517578,3225396,10.50916576385498
2013-05-06,16.610000610351562,16.74250030517578,16.524999618530273,16.737499237060547,1367644,10.585054397583008
2013-05-07,16.737499237060547,16.787500381469727,16.52750015258789,16.665000915527344,2087472,10.539205551147461
2013-05-08,16.75,16.889999389648438,16.697500228881836,16.850000381469727,2670272,10.656203269958496
2013-05-09,16.850000381469727,16.899999618530273,16.545000076293945,16.7450008392334,1830304,10.589799880981445
2013-05-10,16.6825008392334,16.924999237060547,16.665000915527344,16.772499084472656,2408520,10.607187271118164
2013-05-13,16.719999313354492,16.834999084472656,16.6924991607666,16.774999618530273,1466812,10.608770370483398
2013-05-14,16.850000381469727,17.012500762939453,16.704999923706055,16.864999771118164,2048740,10.665687561035156
2013-05-15,16.844999313354492,17.072500228881836,16.809999465942383,17.037500381469727,2150884,10.774781227111816
2013-05-16,16.9325008392334,17.052499771118164,16.827499389648438,17.012500762939453,1660420,10.758968353271484
2013-05-17,17.135000228881836,17.86750030517578,17.052499771118164,17.772499084472656,6892664,11.239605903625488
2013-05-20,17.834999084472656,17.952499389648438,17.674999237060547,17.74250030517578,2222456,11.220633506774902
2013-05-21,17.635000228881836,17.700000762939453,17.127500534057617,17.700000762939453,4046428,11.193754196166992
2013-05-22,17.772499084472656,17.797500610351562,17.56999969482422,17.732500076293945,2684140,11.214306831359863
2013-05-23,17.375,17.375,16.8700008392334,17.075000762939453,5884180,10.79849624633789
2013-05-24,16.552499771118164,16.657499313354492,16.36750030517578,16.514999389648438,3660424,10.824712753295898
2013-05-27,16.6924991607666,16.719999313354492,16.49250030517578,16.53499984741211,1475992,10.837821960449219
2013-05-28,16.6924991607666,16.989999771118164,16.662500381469727,16.875,2747628,11.060675621032715
2013-05-29,16.842500686645508,16.90999984741211,16.649999618530273,16.719999313354492,2086680,10.95907974243164
2013-05-30,16.74250030517578,17.084999084472656,16.74250030517578,16.790000915527344,2628360,11.004961967468262
2013-05-31,16.832500457763672,17.1200008392334,16.6299991607666,16.94499969482422,3301416,11.10655689239502
2013-06-03,16.979999542236328,17.322500228881836,16.774999618530273,17.02750015258789,2682288,11.160628318786621
2013-06-04,17.237499237060547,17.309999465942383,16.782499313354492,16.850000381469727,1933692,11.044288635253906
2013-06-05,16.822500228881836,17.06999969482422,16.725000381469727,16.762500762939453,2231568,10.986936569213867
2013-06-06,16.799999237060547,16.96500015258789,16.725000381469727,16.81999969482422,2050236,11.024622917175293
2013-06-07,16.9375,17.167499542236328,16.74250030517578,17.100000381469727,2753044,11.208149909973145
2013-06-10,17.292499542236328,17.292499542236328,16.950000762939453,17.100000381469727,2376824,11.208149909973145
2013-06-11,17.135000228881836,17.135000228881836,16.469999313354492,16.502500534057617,3485104,10.816520690917969
2013-06-12,16.440000534057617,16.75,16.21500015258789,16.440000534057617,5266264,10.775554656982422
2013-06-13,16.25,16.690000534057617,16.1299991607666,16.6299991607666,3246816,10.900089263916016
2013-06-14,16.997499465942383,17.52750015258789,16.959999084472656,17.407499313354492,5452764,11.409699440002441
2013-06-17,17.510000228881836,17.862499237060547,17.4375,17.657499313354492,5196008,11.573561668395996
2013-06-18,17.61750030517578,17.68000030517578,17.427499771118164,17.5,2890848,11.470328330993652
2013-06-19,17.559999465942383,17.602500915527344,17.27750015258789,17.350000381469727,3137284,11.372013092041016
2013-06-20,17.122499465942383,17.147499084472656,16.799999237060547,16.872499465942383,4506176,11.059037208557129
2013-06-21,16.90999984741211,17.079999923706055,16.547500610351562,16.55500030517578,4473820,10.850931167602539
2013-06-24,16.635000228881836,16.940000534057617,16.34000015258789,16.377500534057617,3357020,10.734589576721191
2013-06-25,16.552499771118164,16.86750030517578,16.420000076293945,16.8174991607666,3432664,11.02298641204834
2013-06-26,16.907499313354492,17.03499984741211,16.68000030517578,17.00749969482422,2788160,11.14752197265625
2013-06-27,16.979999542236328,17.662500381469727,16.915000915527344,17.53499984741211,4002116,11.493268966674805
2013-06-28,17.5,17.635000228881836,17.082500457763672,17.174999237060547,3443696,11.257308006286621
2013-07-01,17.262500762939453,17.427499771118164,16.987499237060547,17.28499984741211,1790420,11.329408645629883
2013-07-02,17.7450008392334,17.9325008392334,17.4325008392334,17.637500762939453,3881028,11.560452461242676
2013-07-03,17.512500762939453,17.649999618530273,17.165000915527344,17.649999618530273,3020848,11.568645477294922
2013-07-04,17.737499237060547,18.190000534057617,17.68000030517578,18.190000534057617,4037904,11.922587394714355
2013-07-05,18.145000457763672,18.22249984741211,17.635000228881836,17.647499084472656,3268540,11.567008972167969
2013-07-08,17.809999465942383,18.072500228881836,17.8075008392334,17.8700008392334,2089264,11.712845802307129
2013-07-09,17.8700008392334,18.149999618530273,17.829999923706055,18.1200008392334,2157356,11.87670612335205
2013-07-10,18.11750030517578,18.204999923706055,17.872499465942383,18.200000762939453,2108696,11.929143905639648
2013-07-11,18.25,18.27750015258789,18.077499389648438,18.2450008392334,2202220,11.958638191223145
2013-07-12,18.267499923706055,18.354999542236328,18.149999618530273,18.270000457763672,2203244,11.975024223327637
2013-07-15,18.247499465942383,18.385000228881836,18.047500610351562,18.122499465942383,1643856,11.878345489501953
2013-07-16,18.262500762939453,18.739999771118164,18.262500762939453,18.59000015258789,3868832,12.18476676940918
2013-07-17,18.5575008392334,18.782499313354492,18.417499542236328,18.75749969482422,2886312,12.29455280303955
2013-07-18,18.65999984741211,19.137500762939453,18.65999984741211,19.137500762939453,3308500,12.543624877929688
2013-07-19,19.0,19.184999465942383,18.920000076293945,19.02750015258789,2746304,12.471526145935059
2013-07-22,19.122499465942383,19.40250015258789,18.94499969482422,19.40250015258789,2939092,12.717316627502441
2013-07-23,19.412500381469727,19.4950008392334,18.985000610351562,19.075000762939453,2554512,12.502660751342773
2013-07-24,19.225000381469727,19.4325008392334,18.985000610351562,19.229999542236328,3606968,12.60425090789795
2013-07-25,18.700000762939453,19.0049991607666,18.204999923706055,18.959999084472656,7278900,12.427281379699707
2013-07-26,19.0,19.030000686645508,18.677499771118164,18.8075008392334,2382624,12.327327728271484
2013-07-29,18.792499542236328,18.985000610351562,18.774999618530273,18.84000015258789,2315856,12.34862995147705
2013-07-30,18.857500076293945,19.184999465942383,18.857500076293945,19.0575008392334,2142848,12.491188049316406
2013-07-31,19.087499618530273,19.18000030517578,18.832500457763672,18.8700008392334,2416516,12.368292808532715
2013-08-01,18.975000381469727,19.122499465942383,18.7549991607666,19.049999237060547,2349316,12.486271858215332
2013-08-02,19.147499084472656,19.1875,18.787500381469727,18.862499237060547,2153880,12.36337661743164
2013-08-05,18.875,19.024999618530273,18.822500228881836,18.975000381469727,1682684,12.437112808227539
2013-08-06,18.9424991607666,18.977500915527344,18.565000534057617,18.635000228881836,2218364,12.214262962341309
2013-08-07,18.607500076293945,18.625,18.352500915527344,18.49250030517578,2143552,12.120861053466797
2013-08-08,18.575000762939453,18.607500076293945,18.302499771118164,18.392499923706055,2169044,12.055315017700195
2013-08-09,18.489999771118164,18.782499313354492,18.397499084472656,18.732500076293945,2082632,12.278166770935059
2013-08-12,18.8125,18.852500915527344,18.487499237060547,18.809999465942383,1411688,12.328964233398438
2013-08-13,18.875,18.985000610351562,18.792499542236328,18.90999984741211,1271772,12.394509315490723
2013-08-14,18.959999084472656,19.049999237060547,18.8125,19.022499084472656,1576584,12.468246459960938
2013-08-15,19.0049991607666,19.037500381469727,18.56999969482422,18.719999313354492,1444740,12.269974708557129
2013-08-16,18.760000228881836,18.934999465942383,18.572500228881836,18.934999465942383,1513772,12.410896301269531
2013-08-19,18.8799991607666,18.899999618530273,18.665000915527344,18.8174991607666,1303640,12.333880424499512
2013-08-20,18.690000534057617,18.75,18.34000015258789,18.665000915527344,1888028,12.23392391204834
2013-08-21,18.674999237060547,18.84000015258789,18.5575008392334,18.74250030517578,1261624,12.284722328186035
2013-08-22,18.732500076293945,19.094999313354492,18.712499618530273,18.9950008392334,1991440,12.450223922729492
2013-08-23,19.037500381469727,19.042499542236328,18.665000915527344,18.897499084472656,1550068,12.386316299438477
2013-08-26,18.924999237060547,18.975000381469727,18.670000076293945,18.822500228881836,792696,12.337156295776367
2013-08-27,18.592500686645508,18.6875,18.2549991607666,18.377500534057617,2938244,12.045482635498047
2013-08-28,18.292499542236328,18.332500457763672,17.9375,18.059999465942383,2590836,11.837380409240723
2013-08-29,18.202499389648438,18.530000686645508,18.122499465942383,18.469999313354492,2084728,12.106112480163574
2013-08-30,18.479999542236328,18.479999542236328,18.075000762939453,18.09749984741211,2169676,11.861958503723145
2013-09-02,18.344999313354492,18.524999618530273,18.31999969482422,18.427499771118164,1343044,12.07825756072998
2013-09-03,18.6825008392334,18.797500610351562,18.30500030517578,18.662500381469727,2926956,12.232283592224121
2013-09-04,18.697500228881836,18.697500228881836,18.13249969482422,18.53499984741211,2601376,12.148715019226074
2013-09-05,18.639999389648438,18.834999084472656,18.485000610351562,18.795000076293945,2216588,12.319132804870605
2013-09-06,18.387500762939453,18.6875,18.204999923706055,18.594999313354492,5060164,12.188042640686035
2013-09-09,18.582500457763672,18.71500015258789,18.512500762939453,18.604999542236328,1966096,12.194598197937012
2013-09-10,18.75,19.264999389648438,18.747499465942383,19.167499542236328,2787788,12.563285827636719
2013-09-11,19.200000762939453,19.4375,19.049999237060547,19.424999237060547,2323576,12.732063293457031
2013-09-12,19.450000762939453,19.5,19.172500610351562,19.232500076293945,2580652,12.605892181396484
2013-09-13,19.28499984741211,19.704999923706055,19.262500762939453,19.704999923706055,3505664,12.915589332580566
2013-09-16,19.729999542236328,19.9325008392334,19.610000610351562,19.864999771118164,2420248,13.020462989807129
2013-09-17,19.737499237060547,19.747499465942383,19.447500228881836,19.6200008392334,2225424,12.859878540039062
2013-09-18,19.690000534057617,20.0,19.47249984741211,19.950000762939453,3851988,13.076175689697266
2013-09-19,21.145000457763672,21.177499771118164,20.5049991607666,20.672500610351562,4260224,13.549736022949219
2013-09-20,20.63249969482422,20.829999923706055,20.4325008392334,20.537500381469727,2852520,13.461249351501465
2013-09-23,20.5,20.649999618530273,20.292499542236328,20.350000381469727,2320180,13.338354110717773
2013-09-24,20.4375,20.667499542236328,20.219999313354492,20.459999084472656,2359380,13.410449981689453
2013-09-25,20.422500610351562,20.575000762939453,20.28499984741211,20.459999084472656,1859216,13.410449981689453
2013-09-26,20.467500686645508,20.572500228881836,20.27750015258789,20.477500915527344,1620472,13.42192554473877
2013-09-27,20.512500762939453,20.927499771118164,20.387500762939453,20.852500915527344,2681924,13.667716979980469
2013-09-30,20.610000610351562,20.645000457763672,20.272499084472656,20.49250030517578,3200920,13.431754112243652
2013-10-01,20.604999542236328,20.917499542236328,20.559999465942383,20.912500381469727,2256648,13.70704174041748
2013-10-02,20.732500076293945,20.854999542236328,19.985000610351562,20.1875,6859096,13.231843948364258
2013-10-03,19.75,19.887500762939453,19.5674991607666,19.647499084472656,5965416,12.877903938293457
2013-10-04,19.5575008392334,20.024999618530273,19.337499618530273,19.86750030517578,3946848,13.022100448608398
2013-10-07,19.799999237060547,19.875,19.530000686645508,19.542499542236328,3367684,12.809080123901367
2013-10-08,19.592500686645508,19.622499465942383,19.337499618530273,19.387500762939453,2917568,12.707487106323242
2013-10-09,19.344999313354492,19.530000686645508,19.002500534057617,19.082500457763672,3628984,12.507574081420898
2013-10-10,19.18000030517578,19.712499618530273,19.0,19.68000030517578,3716028,12.89920425415039
2013-10-11,19.8075008392334,19.912500381469727,19.454999923706055,19.8174991607666,2300372,12.989328384399414
2013-10-14,19.75,19.787500381469727,19.44499969482422,19.547500610351562,2350480,12.812359809875488
2013-10-15,19.9325008392334,20.0575008392334,19.672500610351562,19.927499771118164,3203548,13.06142807006836
2013-10-16,19.934999465942383,19.982500076293945,19.725000381469727,19.90250015258789,2052660,13.045042037963867
2013-10-17,19.912500381469727,20.037500381469727,19.737499237060547,19.770000457763672,2064632,12.958194732666016
2013-10-18,19.864999771118164,20.197500228881836,19.827499389648438,20.184999465942383,2342504,13.230206489562988
2013-10-21,20.247499465942383,20.295000076293945,19.887500762939453,20.227500915527344,2261004,13.258060455322266
2013-10-22,20.217500686645508,20.71500015258789,20.197500228881836,20.482500076293945,2984444,13.425200462341309
2013-10-23,20.417499542236328,20.479999542236328,20.112499237060547,20.299999237060547,2389824,13.305582046508789
2013-10-24,20.407499313354492,20.4950008392334,20.322500228881836,20.38249969482422,1851616,13.35965633392334
2013-10-25,20.297500610351562,20.352500915527344,20.082500457763672,20.104999542236328,2074052,13.177769660949707
2013-10-28,20.165000915527344,20.200000762939453,19.84000015258789,19.9375,2660840,13.06798267364502
2013-10-29,19.25,19.287500381469727,19.024999618530273,19.19499969482422,7482308,12.581311225891113
2013-10-30,19.217500686645508,19.549999237060547,19.202499389648438,19.315000534057617,2687872,12.659967422485352
2013-10-31,19.2549991607666,19.364999771118164,19.11750030517578,19.2549991607666,2906848,12.620636940002441
2013-11-01,19.337499618530273,19.385000228881836,19.079999923706055,19.149999618530273,1633444,12.551816940307617
2013-11-04,19.5625,19.5625,19.1825008392334,19.327499389648438,1832240,12.668158531188965
2013-11-05,19.415000915527344,19.4375,19.05500030517578,19.092500686645508,2280556,12.514131546020508
2013-11-06,19.122499465942383,19.354999542236328,19.110000610351562,19.19499969482422,1842952,12.581311225891113
2013-11-07,19.200000762939453,19.850000381469727,19.200000762939453,19.645000457763672,4213400,12.876263618469238
2013-11-08,19.524999618530273,19.642499923706055,19.350000381469727,19.607500076293945,2031576,12.851685523986816
2013-11-11,19.639999389648438,19.717500686645508,19.5674991607666,19.645000457763672,981896,12.876263618469238
2013-11-12,19.56999969482422,19.762500762939453,19.537500381469727,19.645000457763672,1343824,12.876263618469238
2013-11-13,19.565000534057617,19.635000228881836,19.229999542236328,19.522499084472656,1734964,12.795970916748047
2013-11-14,19.700000762939453,19.702499389648438,19.542499542236328,19.610000610351562,1542684,12.853323936462402
2013-11-15,19.712499618530273,19.887500762939453,19.700000762939453,19.852500915527344,2587252,13.01226806640625
2013-11-18,19.8799991607666,20.342500686645508,19.797500610351562,20.262500762939453,2500112,13.281001091003418
2013-11-19,20.165000915527344,20.292499542236328,19.967500686645508,20.0625,2058628,13.149914741516113
2013-11-20,20.020000457763672,20.22249984741211,19.99250030517578,20.165000915527344,1545484,13.217094421386719
2013-11-21,19.790000915527344,19.912500381469727,19.674999237060547,19.75,2184848,12.945086479187012
2013-11-22,19.7549991607666,20.1875,19.7549991607666,20.137500762939453,2112520,13.199071884155273
2013-11-25,20.0,20.1825008392334,19.985000610351562,20.112499237060547,2194384,13.182683944702148
2013-11-26,19.957500457763672,20.190000534057617,19.924999237060547,19.924999237060547,3283776,13.059788703918457
2013-11-27,20.024999618530273,20.084999084472656,19.90250015258789,20.02750015258789,2311712,13.126974105834961
2013-11-28,20.002500534057617,20.122499465942383,19.952499389648438,20.022499084472656,1226632,13.12369441986084
2013-11-29,19.90250015258789,20.0049991607666,19.90250015258789,19.987499237060547,1748612,13.100753784179688
2013-12-02,19.987499237060547,20.059999465942383,19.860000610351562,19.860000610351562,1343516,13.017186164855957
2013-12-03,19.790000915527344,19.850000381469727,19.415000915527344,19.415000915527344,1763352,12.72551155090332
2013-12-04,19.622499465942383,19.905000686645508,19.25,19.34749984741211,2473568,12.681267738342285
2013-12-05,19.34749984741211,19.427499771118164,19.127500534057617,19.200000762939453,1962164,12.584589958190918
2013-12-06,19.1924991607666,19.387500762939453,19.024999618530273,19.302499771118164,1715364,12.651771545410156
2013-12-09,19.362499237060547,19.475000381469727,19.225000381469727,19.280000686645508,1633156,12.6370267868042
2013-12-10,19.309999465942383,19.309999465942383,18.987499237060547,18.987499237060547,1657676,12.445306777954102
2013-12-11,18.977500915527344,19.157499313354492,18.897499084472656,18.920000076293945,1610116,12.401062965393066
2013-12-12,18.875,18.99250030517578,18.774999618530273,18.8075008392334,1764780,12.327327728271484
2013-12-13,18.8174991607666,19.09000015258789,18.774999618530273,18.905000686645508,1878308,12.39123249053955
2013-12-16,18.78499984741211,19.06999969482422,18.712499618530273,18.977500915527344,1867244,12.438753128051758
2013-12-17,18.90999984741211,18.94499969482422,18.625,18.625,2525960,12.207708358764648
2013-12-18,18.747499465942383,18.8700008392334,18.579999923706055,18.625,3878896,12.207708358764648
2013-12-19,18.81999969482422,19.147499084472656,18.625,18.625,4989656,12.207708358764648
2013-12-20,18.787500381469727,18.872499465942383,18.584999084472656,18.677499771118164,4373956,12.242118835449219
2013-12-23,18.6875,19.0575008392334,18.6875,18.922500610351562,1930620,12.402703285217285
2013-12-24,19.042499542236328,19.149999618530273,18.895000457763672,18.975000381469727,487512,12.437112808227539
2013-12-27,19.125,19.212499618530273,19.084999084472656,19.15250015258789,1633080,12.553455352783203
2013-12-30,19.212499618530273,19.247499465942383,19.110000610351562,19.157499313354492,1084376,12.556734085083008
2013-12-31,19.25,19.322500228881836,19.100000381469727,19.3125,438200,12.658329010009766
2014-01-02,19.372499465942383,19.375,18.989999771118164,19.020000457763672,1839828,12.466607093811035
2014-01-03,19.082500457763672,19.162500381469727,18.997499465942383,19.0049991607666,978128,12.456775665283203
2014-01-06,19.047500610351562,19.114999771118164,18.825000762939453,18.885000228881836,1748888,12.37812328338623
2014-01-07,18.94499969482422,18.950000762939453,18.81999969482422,18.875,4118840,12.371569633483887
2014-01-08,18.899999618530273,19.225000381469727,18.84749984741211,19.225000381469727,3814080,12.60097599029541
2014-01-09,19.3075008392334,19.612499237060547,19.274999618530273,19.375,3537572,12.699292182922363
2014-01-10,19.537500381469727,19.612499237060547,19.397499084472656,19.462499618530273,2710828,12.756644248962402
2014-01-13,19.600000381469727,19.767499923706055,19.5049991607666,19.6924991607666,2178252,12.907397270202637
2014-01-14,19.5,19.895000457763672,19.422500610351562,19.782499313354492,2198312,12.966386795043945
2014-01-15,19.899999618530273,20.145000457763672,19.872499465942383,20.042499542236328,2232488,13.136804580688477
2014-01-16,20.135000228881836,20.135000228881836,19.80500030517578,20.02750015258789,2070060,13.126974105834961
2014-01-17,20.09749984741211,20.424999237060547,20.075000762939453,20.299999237060547,2747920,13.305582046508789
2014-01-20,20.25,20.357500076293945,20.149999618530273,20.22249984741211,1881592,13.25478458404541
2014-01-21,20.225000381469727,20.434999465942383,20.225000381469727,20.360000610351562,2229496,13.344908714294434
2014-01-22,20.4424991607666,20.4424991607666,20.012500762939453,20.045000076293945,2375128,13.138444900512695
2014-01-23,19.97249984741211,20.075000762939453,19.709999084472656,19.799999237060547,2062356,12.977858543395996
2014-01-24,19.957500457763672,20.212499618530273,19.3174991607666,19.405000686645508,3970576,12.71895694732666
2014-01-27,19.337499618530273,19.612499237060547,19.225000381469727,19.375,2391340,12.699292182922363
2014-01-28,19.46500015258789,19.727500915527344,19.407499313354492,19.674999237060547,2722476,12.895925521850586
2014-01-29,19.802499771118164,19.924999237060547,19.207500457763672,19.674999237060547,4091652,12.895925521850586
2014-01-30,19.604999542236328,19.799999237060547,19.4325008392334,19.707500457763672,2067404,12.917229652404785
2014-01-31,19.667499542236328,19.707500457763672,19.34000015258789,19.579999923706055,3528260,12.833660125732422
2014-02-03,19.405000686645508,19.7450008392334,19.309999465942383,19.407499313354492,2352172,12.720595359802246
2014-02-04,19.332500457763672,19.489999771118164,19.155000686645508,19.395000457763672,2343476,12.712401390075684
2014-02-05,19.415000915527344,19.4424991607666,19.25749969482422,19.287500381469727,2538176,12.641942977905273
2014-02-06,19.4325008392334,19.86750030517578,19.375,19.75,3048576,12.945086479187012
2014-02-07,19.8075008392334,20.047500610351562,19.7450008392334,19.97249984741211,2903236,13.090924263000488
2014-02-10,20.13249969482422,20.342500686645508,19.889999389648438,20.25,4311452,13.272809982299805
2014-02-11,20.627500534057617,21.122499465942383,20.272499084472656,20.917499542236328,8906132,13.710319519042969
2014-02-12,21.25,21.967500686645508,21.077499389648438,21.780000686645508,6361680,14.275642395019531
2014-02-13,21.75,21.787500381469727,21.452499389648438,21.770000457763672,3425696,14.269091606140137
2014-02-14,21.837499618530273,21.954999923706055,21.6825008392334,21.739999771118164,2874492,14.249425888061523
2014-02-17,21.834999084472656,21.94499969482422,21.797500610351562,21.799999237060547,1771516,14.288753509521484
2014-02-18,21.9375,21.9375,21.405000686645508,21.5575008392334,2830356,14.12980842590332
2014-02-19,21.625,21.747499465942383,21.4375,21.56999969482422,1590720,14.137999534606934
2014-02-20,21.475000381469727,21.90999984741211,21.375,21.875,2988928,14.337908744812012
2014-02-21,21.987499237060547,22.227500915527344,21.924999237060547,22.227500915527344,3359760,14.56895923614502
2014-02-24,22.137500762939453,22.25,21.985000610351562,22.1875,2312432,14.542737007141113
2014-02-25,22.202499389648438,22.262500762939453,22.002500534057617,22.184999465942383,1879908,14.541099548339844
2014-02-26,22.237499237060547,22.3174991607666,22.104999542236328,22.207500457763672,1560548,14.555846214294434
2014-02-27,22.165000915527344,22.25749969482422,21.815000534057617,21.927499771118164,2941536,14.372319221496582
2014-02-28,21.94499969482422,22.149999618530273,21.860000610351562,22.142499923706055,1977848,14.51324462890625
2014-03-03,21.735000610351562,21.950000762939453,21.607500076293945,21.809999465942383,3685720,14.295308113098145
2014-03-04,22.02750015258789,22.572500228881836,21.9325008392334,22.545000076293945,3318828,14.777059555053711
2014-03-05,22.44499969482422,22.537500381469727,22.28499984741211,22.520000457763672,2915428,14.760673522949219
2014-03-06,22.667499542236328,23.34749984741211,22.614999771118164,23.334999084472656,4491344,15.2948637008667
2014-03-07,23.287500381469727,23.299999237060547,22.637500762939453,22.674999237060547,3236728,14.86226749420166
2014-03-10,22.697500228881836,22.885000228881836,22.204999923706055,22.342500686645508,2275432,14.64433479309082
2014-03-11,22.487499237060547,22.497499465942383,22.0,22.09000015258789,2037376,14.478833198547363
2014-03-12,21.9950008392334,22.024999618530273,21.549999237060547,21.892499923706055,2747904,14.349379539489746
2014-03-13,21.99250030517578,22.247499465942383,21.614999771118164,21.690000534057617,2318084,14.216653823852539
2014-03-14,21.587499618530273,21.834999084472656,21.389999389648438,21.802499771118164,3276676,14.290393829345703
2014-03-17,21.917499542236328,22.21500015258789,21.739999771118164,22.204999923706055,2197684,14.554206848144531
2014-03-18,22.260000228881836,22.797500610351562,22.167499542236328,22.642499923706055,3570916,14.840968132019043
2014-03-19,22.7549991607666,22.982500076293945,22.5625,22.639999389648438,2748112,14.83932876586914
2014-03-20,22.52750015258789,22.592500686645508,22.282499313354492,22.4325008392334,2595872,14.703320503234863
2014-03-21,22.49250030517578,22.53499984741211,22.0674991607666,22.375,3466780,14.66563606262207
2014-03-24,22.487499237060547,22.610000610351562,22.102500915527344,22.209999084472656,2348264,14.557486534118652
2014-03-25,22.212499618530273,22.457500457763672,22.142499923706055,22.290000915527344,1783384,14.609922409057617
2014-03-26,22.422500610351562,22.834999084472656,22.30500030517578,22.762500762939453,2843036,14.919621467590332
2014-03-27,22.7450008392334,22.77750015258789,22.450000762939453,22.647499084472656,1853960,14.844244956970215
2014-03-28,22.75,22.8799991607666,22.6924991607666,22.842500686645508,1229488,14.97205638885498
2014-03-31,22.899999618530273,23.110000610351562,22.602500915527344,22.69499969482422,1694532,14.87537670135498
2014-04-01,22.827499389648438,23.200000762939453,22.627500534057617,23.072500228881836,1942936,15.122810363769531
2014-04-02,23.100000381469727,23.225000381469727,22.829999923706055,22.907499313354492,1489460,15.014660835266113
2014-04-03,22.8799991607666,23.100000381469727,22.707500457763672,22.8700008392334,1830924,14.990081787109375
2014-04-04,22.924999237060547,23.190000534057617,22.795000076293945,23.037500381469727,1322292,15.099868774414062
2014-04-07,22.94499969482422,23.0625,22.709999084472656,22.9424991607666,1686352,15.037599563598633
2014-04-08,23.014999389648438,23.042499542236328,22.38249969482422,22.4950008392334,2775028,14.74428939819336
2014-04-09,22.612499237060547,23.045000076293945,22.572500228881836,22.75749969482422,1973036,14.916343688964844
2014-04-10,22.899999618530273,23.092500686645508,22.537500381469727,22.582500457763672,1931076,14.801641464233398
2014-04-11,22.40250015258789,22.412500381469727,22.03499984741211,22.344999313354492,2635540,14.645971298217773
2014-04-14,22.282499313354492,22.424999237060547,21.979999542236328,22.084999084472656,2043420,14.475554466247559
2014-04-15,22.207500457763672,22.454999923706055,21.834999084472656,21.84749984741211,2962536,14.3198881149292
2014-04-16,22.077499389648438,22.52750015258789,22.0625,22.469999313354492,2754128,14.727901458740234
2014-04-17,22.469999313354492,22.90999984741211,22.46500015258789,22.850000381469727,2868120,14.976972579956055
2014-04-22,23.045000076293945,23.420000076293945,22.989999771118164,23.420000076293945,2325528,15.350576400756836
2014-04-23,23.524999618530273,23.582500457763672,23.100000381469727,23.1875,2261052,15.198186874389648
2014-04-24,22.49250030517578,22.5,22.020000457763672,22.207500457763672,5675664,14.555846214294434
2014-04-25,22.207500457763672,22.352500915527344,21.927499771118164,22.077499389648438,2166396,14.4706392288208
2014-04-28,22.102500915527344,22.1924991607666,21.924999237060547,22.072500228881836,1932856,14.46735954284668
2014-04-29,22.170000076293945,22.292499542236328,21.959999084472656,22.06999969482422,2321628,14.465723037719727
2014-04-30,21.989999771118164,22.1875,21.877500534057617,22.0,2461312,14.419844627380371
2014-05-01,22.0,22.0,22.0,22.0,0,14.419844627380371
2014-05-02,22.047500610351562,22.337499618530273,21.93000030517578,22.21500015258789,2661948,14.560762405395508
2014-05-05,22.19499969482422,22.2450008392334,21.877500534057617,22.137500762939453,1658244,14.509963035583496
2014-05-06,22.239999771118164,22.287500381469727,21.9325008392334,22.084999084472656,1759944,14.475554466247559
2014-05-07,22.0575008392334,22.19499969482422,21.75,21.837499618530273,2250048,14.313333511352539
2014-05-08,21.950000762939453,22.209999084472656,21.75749969482422,22.18000030517578,2199844,14.537824630737305
2014-05-09,22.122499465942383,22.209999084472656,21.827499389648438,21.97249984741211,1943452,14.401816368103027
2014-05-12,22.052499771118164,22.237499237060547,21.962499618530273,22.139999389648438,1487400,14.511604309082031
2014-05-13,22.125,22.44499969482422,22.084999084472656,22.165000915527344,1895824,14.52799129486084
2014-05-14,22.272499084472656,22.542499542236328,22.18000030517578,22.522499084472656,2253984,14.762313842773438
2014-05-15,22.587499618530273,22.997499465942383,22.272499084472656,22.34000015258789,3046968,14.642693519592285
2014-05-16,22.362499237060547,22.43000030517578,21.762500762939453,21.917499542236328,2732532,14.365771293640137
2014-05-19,21.924999237060547,22.3174991607666,21.709999084472656,22.149999618530273,2028928,14.518159866333008
2014-05-20,21.52750015258789,21.887500762939453,21.520000457763672,21.735000610351562,2049988,14.659801483154297
2014-05-21,21.700000762939453,21.854999542236328,21.44499969482422,21.764999389648438,2015008,14.680033683776855
2014-05-22,21.850000381469727,21.97249984741211,21.674999237060547,21.962499618530273,1730388,14.813243865966797
2014-05-23,22.059999465942383,22.299999237060547,21.985000610351562,22.287500381469727,1605708,15.032451629638672
2014-05-26,22.327499389648438,22.59000015258789,22.322500228881836,22.579999923706055,1466424,15.229735374450684
2014-05-27,22.537500381469727,22.61750030517578,22.385000228881836,22.389999389648438,1628596,15.101582527160645
2014-05-28,22.462499618530273,22.707500457763672,22.357500076293945,22.377500534057617,1741896,15.093154907226562
2014-05-29,22.397499084472656,22.552499771118164,22.25,22.552499771118164,1033020,15.211185455322266
2014-05-30,22.540000915527344,22.6875,22.4950008392334,22.600000381469727,2299400,15.243226051330566
2014-06-02,22.950000762939453,22.97249984741211,22.75,22.799999237060547,2122524,15.378119468688965
2014-06-03,22.877500534057617,22.920000076293945,22.7549991607666,22.774999618530273,1326652,15.36125659942627
2014-06-04,22.88249969482422,22.88249969482422,22.3174991607666,22.760000228881836,1834464,15.351140022277832
2014-06-05,22.747499465942383,23.102500915527344,22.344999313354492,23.049999237060547,3175924,15.546736717224121
2014-06-06,23.052499771118164,23.149999618530273,23.002500534057617,23.112499237060547,2586964,15.58889389038086
2014-06-09,23.135000228881836,23.135000228881836,22.885000228881836,22.959999084472656,1253412,15.486039161682129
2014-06-10,22.90250015258789,22.952499389648438,22.657499313354492,22.842500686645508,1654204,15.406785011291504
2014-06-11,22.862499237060547,23.110000610351562,22.725000381469727,23.052499771118164,1943076,15.548425674438477
2014-06-12,23.0,23.267499923706055,22.940000534057617,23.225000381469727,1892596,15.664774894714355
2014-06-13,23.157499313354492,23.19499969482422,22.6875,23.06999969482422,1853108,15.560227394104004
2014-06-16,22.989999771118164,23.125,22.854999542236328,23.024999618530273,1519828,15.529877662658691
2014-06-17,23.125,23.375,22.969999313354492,23.209999084472656,1954280,15.654655456542969
2014-06-18,23.190000534057617,23.207500457763672,22.787500381469727,22.912500381469727,2481676,15.453998565673828
2014-06-19,23.110000610351562,23.239999771118164,22.897499084472656,22.90999984741211,1780916,15.452310562133789
2014-06-20,22.8700008392334,23.049999237060547,22.575000762939453,22.582500457763672,5239548,15.231422424316406
2014-06-23,22.65999984741211,22.674999237060547,22.147499084472656,22.207500457763672,2113452,14.978490829467773
2014-06-24,22.3075008392334,22.450000762939453,22.24250030517578,22.372499465942383,1424616,15.08978271484375
2014-06-25,22.290000915527344,22.40250015258789,22.014999389648438,22.272499084472656,1995408,15.022333145141602
2014-06-26,22.302499771118164,22.322500228881836,21.81999969482422,22.022499084472656,2254392,14.853708267211914
2014-06-27,22.09000015258789,22.172500610351562,21.829999923706055,22.002500534057617,1720976,14.84022331237793
2014-06-30,22.09749984741211,22.155000686645508,21.75,21.815000534057617,1719800,14.713759422302246
2014-07-01,21.84749984741211,22.11750030517578,21.6875,22.072500228881836,1938828,14.887434005737305
2014-07-02,22.142499923706055,22.27750015258789,22.059999465942383,22.149999618530273,1472340,14.939709663391113
2014-07-03,22.127500534057617,22.287500381469727,21.927499771118164,22.264999389648438,1740912,15.0172758102417
2014-07-04,22.337499618530273,22.40250015258789,22.042499542236328,22.065000534057617,1037896,14.882379531860352
2014-07-07,22.012500762939453,22.25,21.709999084472656,21.7549991607666,1350356,14.673291206359863
2014-07-08,21.80500030517578,21.875,21.4424991607666,21.489999771118164,1619944,14.494551658630371
2014-07-09,21.49250030517578,21.68000030517578,20.985000610351562,21.532499313354492,2882648,14.52321720123291
2014-07-10,21.545000076293945,21.6924991607666,21.219999313354492,21.25,2757340,14.332677841186523
2014-07-11,21.262500762939453,21.395000457763672,21.1299991607666,21.1924991607666,2074056,14.29389476776123
2014-07-14,21.252500534057617,21.5625,21.25,21.452499389648438,1700620,14.469261169433594
2014-07-15,21.487499237060547,21.872499465942383,21.392499923706055,21.477500915527344,2059016,14.486122131347656
2014-07-16,21.592500686645508,21.672500610351562,21.427499771118164,21.6200008392334,1551164,14.582236289978027
2014-07-17,21.517499923706055,21.665000915527344,21.392499923706055,21.5625,2323712,14.543450355529785
2014-07-18,21.440000534057617,21.4950008392334,21.077499389648438,21.352500915527344,2813932,14.401811599731445
2014-07-21,21.392499923706055,21.392499923706055,21.02750015258789,21.147499084472656,1617852,14.263545036315918
2014-07-22,21.225000381469727,21.337499618530273,21.102500915527344,21.27750015258789,1797660,14.351228713989258
2014-07-23,21.24250030517578,21.577499389648438,21.219999313354492,21.282499313354492,1710756,14.354596138000488
2014-07-24,21.297500610351562,21.417499542236328,21.114999771118164,21.247499465942383,2039900,14.33099365234375
2014-07-25,21.200000762939453,21.212499618530273,20.594999313354492,20.635000228881836,3234672,13.917874336242676
2014-07-28,20.74250030517578,20.912500381469727,20.487499237060547,20.717500686645508,2790292,13.973517417907715
2014-07-29,20.100000381469727,21.602500915527344,20.072500228881836,21.084999084472656,4724160,14.221389770507812
2014-07-30,21.547500610351562,21.549999237060547,20.827499389648438,20.967500686645508,3676284,14.142139434814453
2014-07-31,21.0,21.02750015258789,20.407499313354492,20.514999389648438,4157580,13.836936950683594
2014-08-01,20.452499389648438,20.510000228881836,19.864999771118164,20.322500228881836,3793056,13.707100868225098
2014-08-04,20.332500457763672,20.524999618530273,20.100000381469727,20.3075008392334,2721004,13.696982383728027
2014-08-05,20.3700008392334,20.47249984741211,19.987499237060547,20.127500534057617,2921540,13.575578689575195
2014-08-06,20.045000076293945,20.127500534057617,19.610000610351562,20.014999389648438,3469492,13.499693870544434
2014-08-07,19.94499969482422,20.030000686645508,19.420000076293945,19.49250030517578,3762508,13.1472806930542
2014-08-08,19.219999313354492,19.837499618530273,19.107500076293945,19.7450008392334,3726168,13.317586898803711
2014-08-11,19.987499237060547,20.15250015258789,19.84749984741211,20.110000610351562,2080012,13.563772201538086
2014-08-12,19.989999771118164,20.104999542236328,19.729999542236328,19.772499084472656,2190068,13.336134910583496
2014-08-13,19.927499771118164,20.079999923706055,19.792499542236328,19.97249984741211,2232724,13.47103214263916
2014-08-14,19.922500610351562,20.375,19.844999313354492,20.264999389648438,2169596,13.668316841125488
2014-08-15,20.290000915527344,20.49250030517578,19.915000915527344,19.954999923706055,2258040,13.45922565460205
2014-08-18,20.217500686645508,20.352500915527344,20.15999984741211,20.287500381469727,1336620,13.683492660522461
2014-08-19,20.375,20.579999923706055,20.3125,20.53499984741211,1467136,13.850423812866211
2014-08-20,20.577499389648438,20.625,20.287500381469727,20.4950008392334,1643608,13.823447227478027
2014-08-21,20.552499771118164,20.809999465942383,20.415000915527344,20.752500534057617,1385640,13.997124671936035
2014-08-22,20.774999618530273,20.77750015258789,20.475000381469727,20.6200008392334,1357000,13.907755851745605
2014-08-25,20.825000762939453,20.872499465942383,20.65999984741211,20.8075008392334,1167344,14.034222602844238
2014-08-26,20.774999618530273,21.190000534057617,20.747499465942383,21.1299991607666,2118808,14.251739501953125
2014-08-27,21.114999771118164,21.157499313354492,20.832500457763672,21.139999389648438,2132456,14.25848388671875
2014-08-28,21.09000015258789,21.149999618530273,20.885000228881836,21.010000228881836,2168432,14.170802116394043
2014-08-29,21.024999618530273,21.149999618530273,20.737499237060547,21.037500381469727,2346132,14.189352035522461
2014-09-01,21.084999084472656,21.084999084472656,20.752500534057617,20.897499084472656,1230032,14.09492301940918
2014-09-02,20.912500381469727,20.97249984741211,20.81999969482422,20.8799991607666,1974776,14.083118438720703
2014-09-03,20.94499969482422,21.274999618530273,20.907499313354492,21.1875,1815948,14.29052448272705
2014-09-04,21.184999465942383,21.434999465942383,21.03499984741211,21.270000457763672,1861940,14.34616756439209
2014-09-05,21.252500534057617,21.297500610351562,21.06999969482422,21.217500686645508,2101188,14.310757637023926
2014-09-08,21.252500534057617,21.329999923706055,21.010000228881836,21.042499542236328,1743604,14.19272232055664
2014-09-09,20.9950008392334,21.21500015258789,20.852500915527344,20.917499542236328,2017800,14.108412742614746
2014-09-10,20.872499465942383,20.915000915527344,20.612499237060547,20.80500030517578,2139356,14.0325345993042
2014-09-11,20.80500030517578,20.86750030517578,20.100000381469727,20.225000381469727,4368956,13.641337394714355
2014-09-12,20.059999465942383,20.065000534057617,19.7549991607666,19.844999313354492,3903744,13.385037422180176
2014-09-15,19.825000762939453,19.829999923706055,19.612499237060547,19.665000915527344,1917716,13.263629913330078
2014-09-16,19.72249984741211,19.864999771118164,19.587499618530273,19.690000534057617,1950488,13.280489921569824
2014-09-17,19.850000381469727,19.885000228881836,19.657499313354492,19.737499237060547,2473580,13.31252670288086
2014-09-18,19.752500534057617,20.0575008392334,19.709999084472656,19.905000686645508,2632704,13.425504684448242
2014-09-19,20.162500381469727,20.3125,19.899999618530273,19.9325008392334,3478584,13.444053649902344
2014-09-22,19.897499084472656,19.912500381469727,19.405000686645508,19.459999084472656,3140440,13.125362396240234
2014-09-23,19.239999771118164,19.3125,18.707500457763672,18.764999389648438,8033236,12.656598091125488
2014-09-24,18.802499771118164,18.9424991607666,18.604999542236328,18.9424991607666,3473400,12.77631664276123
2014-09-25,18.977500915527344,19.040000915527344,18.530000686645508,18.582500457763672,3343676,12.5335054397583
2014-09-26,18.602500915527344,18.77750015258789,18.485000610351562,18.647499084472656,2305696,12.577346801757812
2014-09-29,18.65999984741211,18.940000534057617,18.55500030517578,18.6825008392334,2515468,12.600953102111816
2014-09-30,18.582500457763672,18.732500076293945,18.487499237060547,18.670000076293945,3482340,12.592522621154785
2014-10-01,18.649999618530273,18.99250030517578,18.3799991607666,18.497499465942383,3287212,12.476173400878906
2014-10-02,18.5,18.772499084472656,18.0625,18.0625,3853996,12.18277359008789
2014-10-03,18.177499771118164,18.292499542236328,18.0,18.122499465942383,2799320,12.223244667053223
2014-10-06,18.34000015258789,18.469999313354492,18.139999389648438,18.200000762939453,2737968,12.275518417358398
2014-10-07,18.142499923706055,18.337499618530273,17.975000381469727,17.997499465942383,3226324,12.138933181762695
2014-10-08,17.787500381469727,17.829999923706055,17.487499237060547,17.522499084472656,4933212,11.81855583190918
2014-10-09,17.8174991607666,17.86750030517578,17.38249969482422,17.4375,3590672,11.761226654052734
2014-10-10,17.302499771118164,17.357500076293945,17.100000381469727,17.1924991607666,4139032,11.595978736877441
2014-10-13,17.0575008392334,17.614999771118164,17.010000228881836,17.309999465942383,2761168,11.6752290725708
2014-10-14,17.174999237060547,17.81999969482422,17.107500076293945,17.610000610351562,4440196,11.877574920654297
2014-10-15,17.594999313354492,17.802499771118164,17.032499313354492,17.087499618530273,3823816,11.52515983581543
2014-10-16,17.229999542236328,17.53499984741211,16.582500457763672,17.422500610351562,6785512,11.751111030578613
2014-10-17,17.415000915527344,17.885000228881836,17.264999389648438,17.827499389648438,5100820,12.024272918701172
2014-10-20,17.6825008392334,17.77750015258789,17.424999237060547,17.5,4254192,11.803380966186523
2014-10-21,17.417499542236328,17.832500457763672,17.25749969482422,17.622499465942383,4605512,11.886005401611328
2014-10-22,17.690000534057617,17.8174991607666,17.537500381469727,17.625,2772700,11.887691497802734
2014-10-23,16.752500534057617,17.0049991607666,16.59000015258789,16.760000228881836,9183140,11.304268836975098
2014-10-24,16.762500762939453,16.8799991607666,16.565000534057617,16.6924991607666,4230324,11.25873851776123
2014-10-27,16.862499237060547,16.907499313354492,16.274999618530273,16.532499313354492,3442748,11.1508207321167
2014-10-28,16.657499313354492,16.915000915527344,16.637500762939453,16.862499237060547,3146472,11.373400688171387
2014-10-29,16.875,17.184999465942383,16.854999542236328,17.040000915527344,2416944,11.493122100830078
2014-10-30,17.239999771118164,17.387500762939453,16.832500457763672,17.107500076293945,3637540,11.538649559020996
2014-10-31,17.325000762939453,17.46500015258789,17.15999984741211,17.297500610351562,2864696,11.666800498962402
2014-11-03,17.274999618530273,17.485000610351562,17.165000915527344,17.2450008392334,2881872,11.631389617919922
2014-11-04,17.252500534057617,17.545000076293945,17.010000228881836,17.09000015258789,2366568,11.526845932006836
2014-11-05,17.232500076293945,17.282499313354492,17.03499984741211,17.174999237060547,2333572,11.584176063537598
2014-11-06,17.170000076293945,17.889999389648438,17.170000076293945,17.667499542236328,4308780,11.916356086730957
2014-11-07,17.762500762939453,17.857500076293945,17.457500457763672,17.604999542236328,2601224,11.874201774597168
2014-11-10,17.502500534057617,17.795000076293945,17.434999465942383,17.74250030517578,1828072,11.966943740844727
2014-11-11,17.717500686645508,17.829999923706055,17.5674991607666,17.780000686645508,1937760,11.992236137390137
2014-11-12,17.747499465942383,17.799999237060547,17.405000686645508,17.5625,3322292,11.845536231994629
2014-11-13,17.622499465942383,17.77750015258789,17.600000381469727,17.674999237060547,2462844,11.921414375305176
2014-11-14,17.799999237060547,18.065000534057617,17.59000015258789,17.969999313354492,3037580,12.120387077331543
2014-11-17,17.862499237060547,18.05500030517578,17.77750015258789,17.9375,2103800,12.098466873168945
2014-11-18,17.46500015258789,17.832500457763672,17.40250015258789,17.792499542236328,4545948,12.000666618347168
2014-11-19,17.825000762939453,17.84749984741211,17.6200008392334,17.799999237060547,1904324,12.005724906921387
2014-11-20,17.825000762939453,17.90250015258789,17.610000610351562,17.752500534057617,1926564,11.973688125610352
2014-11-21,17.75749969482422,18.190000534057617,17.625,18.1200008392334,3524532,12.221558570861816
2014-11-24,18.18000030517578,18.415000915527344,18.00749969482422,18.200000762939453,3536596,12.275518417358398
2014-11-25,18.375,18.735000610351562,18.357500076293945,18.674999237060547,4442032,12.595892906188965
2014-11-26,18.75,18.790000915527344,18.579999923706055,18.68000030517578,2336600,12.599265098571777
2014-11-27,18.602500915527344,18.65999984741211,18.412500381469727,18.552499771118164,1840180,12.513273239135742
2014-11-28,18.540000915527344,18.587499618530273,18.424999237060547,18.487499237060547,1989408,12.469430923461914
2014-12-01,18.415000915527344,18.662500381469727,18.332500457763672,18.642499923706055,2215248,12.573973655700684
2014-12-02,18.6924991607666,18.86750030517578,18.600000381469727,18.825000762939453,2282532,12.697067260742188
2014-12-03,18.844999313354492,18.94499969482422,18.787500381469727,18.850000381469727,1893252,12.713929176330566
2014-12-04,18.842500686645508,19.037500381469727,18.46500015258789,18.690000534057617,2845780,12.606011390686035
2014-12-05,18.862499237060547,19.157499313354492,18.829999923706055,19.135000228881836,1942468,12.906155586242676
2014-12-08,19.024999618530273,19.135000228881836,18.875,18.897499084472656,1404144,12.745965003967285
2014-12-09,18.7450008392334,18.827499389648438,18.467500686645508,18.542499542236328,2433256,12.506525039672852
2014-12-10,18.59000015258789,18.792499542236328,18.387500762939453,18.46500015258789,1626820,12.454254150390625
2014-12-11,18.487499237060547,18.524999618530273,18.24250030517578,18.350000381469727,2031296,12.376688957214355
2014-12-12,18.25,18.280000686645508,17.782499313354492,17.850000381469727,2491520,12.039449691772461
2014-12-15,17.764999389648438,18.0674991607666,17.354999542236328,17.399999618530273,2762332,11.735934257507324
2014-12-16,17.40250015258789,17.802499771118164,17.112499237060547,17.772499084472656,4034232,11.987176895141602
2014-12-17,17.674999237060547,18.104999542236328,17.579999923706055,17.982500076293945,3357132,12.128819465637207
2014-12-18,18.267499923706055,18.5625,18.212499618530273,18.52750015258789,3152836,12.49640941619873
2014-12-19,18.5674991607666,18.6825008392334,18.225000381469727,18.5,4006812,12.477859497070312
2014-12-22,18.587499618530273,18.7549991607666,18.532499313354492,18.645000457763672,1536888,12.575662612915039
2014-12-23,18.677499771118164,19.024999618530273,18.6299991607666,18.97249984741211,1829568,12.796551704406738
2014-12-24,19.045000076293945,19.052499771118164,18.872499465942383,18.892499923706055,603076,12.742591857910156
2014-12-29,18.862499237060547,18.967500686645508,18.625,18.947500228881836,1486468,12.779692649841309
2014-12-30,18.8700008392334,18.959999084472656,18.684999465942383,18.71500015258789,1133592,12.622873306274414
2014-12-31,18.700000762939453,18.872499465942383,18.700000762939453,18.8174991607666,300840,12.692008018493652
2015-01-02,18.837499618530273,18.962499618530273,18.485000610351562,18.59000015258789,1155312,12.53856372833252
2015-01-05,18.53499984741211,18.802499771118164,18.077499389648438,18.165000915527344,2247884,12.251912117004395
2015-01-06,18.1875,18.235000610351562,17.899999618530273,17.957500457763672,2648560,12.111955642700195
2015-01-07,18.05500030517578,18.342500686645508,17.977500915527344,18.042499542236328,2128112,12.16928768157959
2015-01-08,18.280000686645508,18.837499618530273,18.21500015258789,18.760000228881836,2768512,12.653225898742676
2015-01-09,18.735000610351562,18.924999237060547,18.427499771118164,18.575000762939453,2413296,12.528448104858398
2015-01-12,18.592500686645508,19.022499084472656,18.50749969482422,18.940000534057617,2938708,12.774632453918457
2015-01-13,18.927499771118164,19.477500915527344,18.922500610351562,19.3075008392334,3393624,13.022500991821289
2015-01-14,19.112499237060547,19.125,18.7549991607666,18.857500076293945,3038908,12.718985557556152
2015-01-15,18.997499465942383,19.327499389648438,18.454999923706055,19.209999084472656,3163704,12.956740379333496
2015-01-16,19.114999771118164,19.5,19.077499389648438,19.5,3306700,13.152339935302734
2015-01-19,19.540000915527344,19.950000762939453,19.52750015258789,19.780000686645508,3447152,13.341194152832031
2015-01-20,19.81999969482422,19.9950008392334,19.8125,19.93000030517578,2962004,13.442364692687988
2015-01-21,19.94499969482422,20.207500457763672,19.80500030517578,20.1875,3439676,13.616044044494629
2015-01-22,20.247499465942383,20.924999237060547,20.077499389648438,20.842500686645508,5768784,14.057828903198242
2015-01-23,20.979999542236328,21.325000762939453,20.922500610351562,21.184999465942383,6575848,14.288837432861328
2015-01-26,21.012500762939453,21.362499237060547,21.0,21.337499618530273,3589952,14.391694068908691
2015-01-27,21.25749969482422,21.40250015258789,20.727500915527344,20.88249969482422,4322108,14.084808349609375
2015-01-28,21.110000610351562,21.162500381469727,20.739999771118164,21.100000381469727,3594848,14.231507301330566
2015-01-29,21.022499084472656,21.540000915527344,20.985000610351562,21.537500381469727,3971624,14.526592254638672
2015-01-30,21.767499923706055,21.9424991607666,21.547500610351562,21.6825008392334,5736788,14.6243896484375
2015-02-02,21.8799991607666,22.0575008392334,21.65250015258789,22.0575008392334,4262596,14.877321243286133
2015-02-03,21.875,22.247499465942383,21.84749984741211,22.049999237060547,4906980,14.87226390838623
2015-02-04,22.03499984741211,22.100000381469727,21.875,22.0575008392334,4116796,14.877321243286133
2015-02-05,21.899999618530273,22.34000015258789,21.837499618530273,22.272499084472656,4441924,15.022333145141602
2015-02-06,22.25,22.322500228881836,21.982500076293945,22.049999237060547,2837932,14.87226390838623
2015-02-09,21.977500915527344,22.0575008392334,21.44499969482422,21.584999084472656,4122176,14.558626174926758
2015-02-10,20.822500228881836,21.0625,20.38249969482422,21.032499313354492,11093276,14.185980796813965
2015-02-11,21.024999618530273,21.047500610351562,20.592500686645508,21.0,4241524,14.164057731628418
2015-02-12,21.125,21.352500915527344,21.022499084472656,21.06999969482422,4708220,14.21126937866211
2015-02-13,21.002500534057617,21.3125,20.90250015258789,21.040000915527344,3037640,14.191039085388184
2015-02-16,21.00749969482422,21.0674991607666,20.844999313354492,20.969999313354492,2426840,14.14382266998291
2015-02-17,20.782499313354492,20.877500534057617,20.604999542236328,20.877500534057617,3398496,14.081436157226562
2015-02-18,21.0,21.34000015258789,20.954999923706055,21.237499237060547,2914392,14.324243545532227
2015-02-19,21.197500228881836,21.350000381469727,21.010000228881836,21.28499984741211,3140364,14.356285095214844
2015-02-20,21.232500076293945,21.397499084472656,21.145000457763672,21.392499923706055,3032776,14.428791999816895
2015-02-23,21.497499465942383,21.610000610351562,21.452499389648438,21.5,2873460,14.501296043395996
2015-02-24,21.604999542236328,21.625,21.297500610351562,21.565000534057617,2636212,14.545138359069824
2015-02-25,21.592500686645508,21.612499237060547,21.084999084472656,21.135000228881836,2951124,14.255112648010254
2015-02-26,21.02750015258789,21.155000686645508,20.875,21.042499542236328,2988712,14.19272232055664
2015-02-27,21.047500610351562,21.4950008392334,21.032499313354492,21.4950008392334,2983144,14.497926712036133
2015-03-02,21.600000381469727,21.625,21.172500610351562,21.309999465942383,2330988,14.373146057128906
2015-03-03,21.40999984741211,21.489999771118164,20.895000457763672,20.897499084472656,3094824,14.09492301940918
2015-03-04,21.0,21.137500762939453,20.5049991607666,20.885000228881836,4796924,14.086495399475098
2015-03-05,20.97249984741211,21.235000610351562,20.899999618530273,20.989999771118164,2848816,14.157312393188477
2015-03-06,21.049999237060547,21.219999313354492,21.020000457763672,21.127500534057617,2636008,14.250054359436035
2015-03-09,21.107500076293945,21.395000457763672,20.94499969482422,21.372499465942383,2933096,14.415300369262695
2015-03-10,21.360000610351562,21.547500610351562,20.97249984741211,21.137500762939453,2752652,14.256799697875977
2015-03-11,21.125,21.767499923706055,21.125,21.735000610351562,4303188,14.659801483154297
2015-03-12,21.690000534057617,21.799999237060547,21.46500015258789,21.762500762939453,2423964,14.678349494934082
2015-03-13,21.9375,22.645000457763672,21.93000030517578,22.637500762939453,5447804,15.268518447875977
2015-03-16,22.662500381469727,23.11750030517578,22.649999618530273,22.997499465942383,4495388,15.51132869720459
2015-03-17,22.987499237060547,23.235000610351562,22.822500228881836,22.899999618530273,3781276,15.44556999206543
2015-03-18,23.022499084472656,23.237499237060547,22.49250030517578,22.764999389648438,3953728,15.354515075683594
2015-03-19,22.739999771118164,23.06999969482422,22.420000076293945,22.84749984741211,3302684,15.410157203674316
2015-03-20,22.897499084472656,22.99250030517578,22.614999771118164,22.8125,3645940,15.386550903320312
2015-03-23,22.760000228881836,22.792499542236328,22.325000762939453,22.387500762939453,2195504,15.099897384643555
2015-03-24,22.4375,22.86750030517578,22.385000228881836,22.770000457763672,2995120,15.357885360717773
2015-03-25,22.735000610351562,23.047500610351562,22.645000457763672,22.700000762939453,3286440,15.310673713684082
2015-03-26,22.53499984741211,22.959999084472656,22.274999618530273,22.959999084472656,3712204,15.486039161682129
2015-03-27,23.0,23.46500015258789,22.90250015258789,22.934999465942383,3789804,15.469175338745117
2015-03-30,23.122499465942383,23.34749984741211,22.997499465942383,23.290000915527344,2786220,15.708616256713867
2015-03-31,23.21500015258789,23.3700008392334,23.06999969482422,23.15250015258789,2857792,15.615874290466309
2015-04-01,23.049999237060547,23.31999969482422,22.97249984741211,23.184999465942383,2404232,15.637798309326172
2015-04-02,23.225000381469727,23.322500228881836,23.149999618530273,23.309999465942383,1695468,15.722102165222168
2015-04-07,23.362499237060547,23.489999771118164,23.157499313354492,23.229999542236328,2349764,15.668146133422852
2015-04-08,23.22249984741211,23.44499969482422,23.075000762939453,23.375,2174896,15.765945434570312
2015-04-09,23.5,23.94499969482422,23.424999237060547,23.88249969482422,2793492,16.10824203491211
2015-04-10,23.924999237060547,24.0674991607666,23.795000076293945,24.030000686645508,2462528,16.20772933959961
2015-04-13,24.030000686645508,24.212499618530273,23.834999084472656,23.967500686645508,1787400,16.165573120117188
2015-04-14,23.975000381469727,24.052499771118164,23.47249984741211,23.625,2159904,15.934564590454102
2015-04-15,24.0,24.395000457763672,23.827499389648438,24.104999542236328,3137008,16.258312225341797
2015-04-16,24.100000381469727,24.56999969482422,24.052499771118164,24.172500610351562,3130676,16.30384635925293
2015-04-17,24.139999389648438,24.49250030517578,23.924999237060547,23.967500686645508,3256736,16.165573120117188
2015-04-20,24.100000381469727,24.264999389648438,23.905000686645508,24.114999771118164,2232784,16.265058517456055
2015-04-21,24.1299991607666,24.4325008392334,23.889999389648438,23.940000534057617,3165648,16.14702796936035
2015-04-22,23.940000534057617,24.014999389648438,23.522499084472656,23.947500228881836,3305828,16.15208625793457
2015-04-23,25.0,25.725000381469727,24.950000762939453,25.5,8563564,17.19921112060547
2015-04-24,25.5,25.850000381469727,24.852500915527344,25.462499618530273,3524904,17.173921585083008
2015-04-27,25.375,25.700000762939453,25.075000762939453,25.625,2812836,17.28352165222168
2015-04-28,25.625,25.674999237060547,24.885000228881836,25.137500762939453,3348324,16.954715728759766
2015-04-29,25.362499237060547,25.412500381469727,24.469999313354492,24.545000076293945,3683944,16.555082321166992
2015-04-30,25.0,25.112499237060547,24.649999618530273,24.917499542236328,3070552,16.80632972717285
2015-05-04,25.037500381469727,25.125,24.625,24.959999084472656,1891792,16.834993362426758
2015-05-05,24.9424991607666,25.462499618530273,24.729999542236328,24.78499984741211,2503168,16.716960906982422
2015-05-06,24.864999771118164,25.1875,24.517499923706055,24.915000915527344,3736004,16.804641723632812
2015-05-07,24.922500610351562,25.299999237060547,24.5625,25.0625,3606776,16.904129028320312
2015-05-08,25.174999237060547,25.549999237060547,25.149999618530273,25.524999618530273,2459688,17.216075897216797
2015-05-11,25.5,25.524999618530273,25.012500762939453,25.174999237060547,1624088,16.98000717163086
2015-05-12,25.024999618530273,25.237499237060547,24.552499771118164,24.727500915527344,3560228,16.678178787231445
2015-05-13,24.822500228881836,25.200000762939453,24.702499389648438,24.822500228881836,1833056,16.74225616455078
2015-05-14,24.799999237060547,25.362499237060547,24.600000381469727,25.3125,1546644,17.072750091552734
2015-05-15,25.450000762939453,25.537500381469727,24.934999465942383,25.024999618530273,2031288,16.878833770751953
2015-05-18,25.112499237060547,25.412500381469727,24.9424991607666,25.375,1622104,17.114904403686523
2015-05-19,25.537500381469727,25.950000762939453,25.450000762939453,25.762500762939453,2570896,17.376264572143555
2015-05-20,25.762500762939453,25.975000381469727,25.537500381469727,25.612499237060547,2627396,17.275089263916016
2015-05-21,25.5625,25.850000381469727,25.462499618530273,25.8125,1829988,17.409988403320312
2015-05-22,25.762500762939453,25.850000381469727,25.512500762939453,25.649999618530273,1399244,17.300386428833008
2015-05-25,25.700000762939453,25.75,25.5,25.637500762939453,428692,17.291954040527344
2015-05-26,25.299999237060547,25.4375,24.997499465942383,25.1875,2315656,17.41293716430664
2015-05-27,25.162500381469727,25.75,25.162500381469727,25.600000381469727,2072228,17.69811248779297
2015-05-28,25.537500381469727,25.549999237060547,24.8174991607666,24.97249984741211,2794632,17.264301300048828
2015-05-29,24.997499465942383,25.0625,24.392499923706055,24.392499923706055,3698960,16.863327026367188
2015-06-01,24.375,24.712499618530273,24.25749969482422,24.627500534057617,1763868,17.02579116821289
2015-06-02,24.6200008392334,24.6924991607666,24.190000534057617,24.399999618530273,2552512,16.868511199951172
2015-06-03,24.385000228881836,24.762500762939453,24.3174991607666,24.587499618530273,2264516,16.998138427734375
2015-06-04,24.540000915527344,24.549999237060547,23.96500015258789,24.290000915527344,2598376,16.792465209960938
2015-06-05,24.122499465942383,24.282499313354492,23.899999618530273,24.139999389648438,2263584,16.688766479492188
2015-06-08,24.125,24.167499542236328,23.8075008392334,23.90250015258789,2250764,16.524578094482422
2015-06-09,23.852500915527344,24.482500076293945,23.649999618530273,24.450000762939453,4375128,16.903079986572266
2015-06-10,24.512500762939453,25.424999237060547,24.38249969482422,25.350000381469727,5095852,17.525278091430664
2015-06-11,25.262500762939453,25.587499618530273,25.174999237060547,25.237499237060547,2306672,17.4475040435791
2015-06-12,25.0,25.25,24.61750030517578,24.799999237060547,2814840,17.14504623413086
2015-06-15,24.375,24.6825008392334,24.360000610351562,24.53499984741211,2074404,16.961841583251953
2015-06-16,24.3700008392334,24.63249969482422,24.13249969482422,24.53499984741211,2915308,16.961841583251953
2015-06-17,24.577499389648438,24.592500686645508,24.122499465942383,24.1924991607666,2618564,16.725061416625977
2015-06-18,24.079999923706055,24.162500381469727,23.719999313354492,24.112499237060547,3011820,16.669754028320312
2015-06-19,24.149999618530273,24.5575008392334,24.1200008392334,24.457500457763672,4526892,16.908266067504883
2015-06-22,24.969999313354492,25.037500381469727,24.657499313354492,24.837499618530273,2975964,17.170970916748047
2015-06-23,24.975000381469727,25.100000381469727,24.8174991607666,24.977500915527344,2110344,17.267757415771484
2015-06-24,24.950000762939453,25.037500381469727,24.502500534057617,24.649999618530273,3215608,17.041345596313477
2015-06-25,24.497499465942383,24.860000610351562,24.482500076293945,24.74250030517578,3472840,17.105295181274414
2015-06-26,24.625,24.799999237060547,24.4325008392334,24.642499923706055,2173008,17.036161422729492
2015-06-29,23.524999618530273,24.209999084472656,23.25,23.872499465942383,3299404,16.503833770751953
2015-06-30,23.792499542236328,23.954999923706055,23.497499465942383,23.497499465942383,4880568,16.244585037231445
2015-07-01,23.752500534057617,24.212499618530273,23.627500534057617,23.927499771118164,2974308,16.54185676574707
2015-07-02,23.94499969482422,24.052499771118164,23.600000381469727,23.61750030517578,2285220,16.327545166015625
2015-07-03,23.612499237060547,23.704999923706055,23.362499237060547,23.5,1651856,16.246313095092773
2015-07-06,23.122499465942383,23.4424991607666,23.00749969482422,23.219999313354492,2444892,16.052743911743164
2015-07-07,23.297500610351562,23.40999984741211,22.837499618530273,22.887500762939453,3282936,15.822874069213867
2015-07-08,22.897499084472656,23.024999618530273,22.61750030517578,22.68000030517578,2919664,15.679420471191406
2015-07-09,22.885000228881836,23.5575008392334,22.792499542236328,23.354999542236328,2879608,16.146068572998047
2015-07-10,23.8174991607666,23.844999313354492,23.479999542236328,23.537500381469727,2705840,16.27223777770996
2015-07-13,23.9424991607666,24.1299991607666,23.707500457763672,23.885000228881836,2643832,16.512474060058594
2015-07-14,23.9375,24.010000228881836,23.577499389648438,24.002500534057617,2199600,16.59370994567871
2015-07-15,24.02750015258789,24.030000686645508,23.8075008392334,23.862499237060547,2086740,16.496919631958008
2015-07-16,23.889999389648438,24.579999923706055,23.889999389648438,24.25,2752096,16.764814376831055
2015-07-17,24.462499618530273,24.610000610351562,24.145000457763672,24.325000762939453,1821784,16.81666374206543
2015-07-20,24.47249984741211,24.68000030517578,24.334999084472656,24.612499237060547,1673148,17.015422821044922
2015-07-21,24.795000076293945,24.950000762939453,24.627500534057617,24.702499389648438,1995348,17.0776424407959
2015-07-22,24.6200008392334,24.702499389648438,24.469999313354492,24.612499237060547,1536200,17.015422821044922
2015-07-23,24.81999969482422,24.837499618530273,24.512500762939453,24.6825008392334,1725704,17.06381607055664
2015-07-24,24.639999389648438,24.704999923706055,24.072500228881836,24.162500381469727,1978752,16.704320907592773
2015-07-27,24.045000076293945,24.142499923706055,23.462499618530273,23.625,3383784,16.33272933959961
2015-07-28,22.725000381469727,22.75,21.950000762939453,22.190000534057617,9422824,15.340670585632324
2015-07-29,22.424999237060547,22.427499771118164,21.875,22.030000686645508,4830288,15.230053901672363
2015-07-30,22.21500015258789,22.427499771118164,22.0049991607666,22.325000762939453,2847184,15.433999061584473
2015-07-31,22.350000381469727,22.38249969482422,22.149999618530273,22.299999237060547,2454956,15.41671371459961
2015-08-03,22.397499084472656,22.477500915527344,22.142499923706055,22.477500915527344,2391012,15.539427757263184
2015-08-04,22.584999084472656,22.832500457763672,22.352500915527344,22.625,2985404,15.641397476196289
2015-08-05,22.700000762939453,23.30500030517578,22.635000228881836,23.165000915527344,2588524,16.014719009399414
2015-08-06,23.170000076293945,23.302499771118164,22.854999542236328,22.872499465942383,1931828,15.812500953674316
2015-08-07,22.84000015258789,23.024999618530273,22.702499389648438,22.905000686645508,1548968,15.834972381591797
2015-08-10,23.0674991607666,23.100000381469727,22.662500381469727,22.907499313354492,1404908,15.836697578430176
2015-08-11,22.80500030517578,22.850000381469727,22.292499542236328,22.315000534057617,3225560,15.42708683013916
2015-08-12,22.332500457763672,22.405000686645508,21.954999923706055,22.2549991607666,4211368,15.385604858398438
2015-08-13,22.545000076293945,22.697500228881836,22.424999237060547,22.607500076293945,2077100,15.629298210144043
2015-08-14,22.565000534057617,22.822500228881836,22.43000030517578,22.582500457763672,1393672,15.612017631530762
2015-08-17,22.792499542236328,22.88249969482422,22.31999969482422,22.514999389648438,1282672,15.565352439880371
2015-08-18,22.502500534057617,22.665000915527344,22.147499084472656,22.260000228881836,1684020,15.38906192779541
2015-08-19,22.127500534057617,22.197500228881836,21.86750030517578,21.897499084472656,1446160,15.138453483581543
2015-08-20,21.8174991607666,21.8174991607666,21.424999237060547,21.639999389648438,2176204,14.960433006286621
2015-08-21,21.27750015258789,21.8174991607666,21.25749969482422,21.297500610351562,2697640,14.723654747009277
2015-08-24,20.827499389648438,21.022499084472656,19.770000457763672,20.797500610351562,6946364,14.377988815307617
2015-08-25,21.012500762939453,21.649999618530273,20.799999237060547,21.4325008392334,5073608,14.816981315612793
2015-08-26,21.217500686645508,21.649999618530273,20.899999618530273,21.30500030517578,3227004,14.728838920593262
2015-08-27,21.697500228881836,22.094999313354492,21.530000686645508,21.927499771118164,2456556,15.159191131591797
2015-08-28,21.950000762939453,21.982500076293945,21.5049991607666,21.670000076293945,2177084,14.981178283691406
2015-08-31,21.5575008392334,21.600000381469727,21.329999923706055,21.572500228881836,1547340,14.913771629333496
2015-09-01,21.3174991607666,21.40999984741211,20.9424991607666,21.184999465942383,1963028,14.645880699157715
2015-09-02,21.25,21.459999084472656,21.00749969482422,21.142499923706055,1793888,14.616496086120605
2015-09-03,21.385000228881836,21.8075008392334,21.282499313354492,21.6875,2472064,14.99327278137207
2015-09-04,21.5,21.52750015258789,20.887500762939453,21.024999618530273,2287576,14.53526782989502
2015-09-07,21.207500457763672,21.28499984741211,21.042499542236328,21.274999618530273,1042520,14.708096504211426
2015-09-08,21.44499969482422,21.712499618530273,21.3799991607666,21.3799991607666,2756308,14.780688285827637
2015-09-09,21.88249969482422,21.88249969482422,21.510000228881836,21.524999618530273,3155536,14.880931854248047
2015-09-10,21.287500381469727,21.46500015258789,20.987499237060547,21.075000762939453,2684480,14.569833755493164
2015-09-11,21.19499969482422,21.19499969482422,20.75,20.772499084472656,2138692,14.36070442199707
2015-09-14,20.772499084472656,20.864999771118164,20.354999542236328,20.5,2431140,14.17231559753418
2015-09-15,20.587499618530273,20.889999389648438,20.475000381469727,20.75749969482422,1681212,14.350336074829102
2015-09-16,20.892499923706055,21.21500015258789,20.872499465942383,21.147499084472656,2072980,14.619955062866211
2015-09-17,21.225000381469727,21.459999084472656,21.1200008392334,21.280000686645508,2144164,14.711557388305664
2015-09-18,21.114999771118164,21.212499618530273,20.649999618530273,21.024999618530273,3660440,14.53526782989502
2015-09-21,20.872499465942383,20.897499084472656,20.44499969482422,20.774999618530273,3214088,14.362433433532715
2015-09-22,20.75749969482422,20.797500610351562,19.917499542236328,20.030000686645508,5233224,13.847393035888672
2015-09-23,20.077499389648438,20.72249984741211,19.65250015258789,20.219999313354492,4136044,13.978741645812988
2015-09-24,20.325000762939453,20.559999465942383,19.549999237060547,19.815000534057617,5179296,13.698751449584961
2015-09-25,20.177499771118164,20.575000762939453,20.15999984741211,20.295000076293945,3609088,14.030593872070312
2015-09-28,20.225000381469727,20.232500076293945,19.700000762939453,19.80500030517578,3631288,13.691840171813965
2015-09-29,19.625,20.165000915527344,19.420000076293945,19.844999313354492,4388036,13.71949577331543
2015-09-30,20.25,20.457500457763672,20.104999542236328,20.354999542236328,3159420,14.07207202911377
2015-10-01,20.487499237060547,20.7450008392334,20.1875,20.322500228881836,2698524,14.049607276916504
2015-10-02,20.542499542236328,20.707500457763672,20.104999542236328,20.469999313354492,2627584,14.15157413482666
2015-10-05,20.739999771118164,20.950000762939453,20.4950008392334,20.90999984741211,2530908,14.455761909484863
2015-10-06,20.920000076293945,21.225000381469727,20.80500030517578,21.0049991607666,2822688,14.521437644958496
2015-10-07,21.102500915527344,21.672500610351562,21.047500610351562,21.372499465942383,2853316,14.775504112243652
2015-10-08,21.3700008392334,21.822500228881836,21.36750030517578,21.670000076293945,2624892,14.981178283691406
2015-10-09,21.825000762939453,21.872499465942383,21.299999237060547,21.497499465942383,2982780,14.861919403076172
2015-10-12,21.55500030517578,21.80500030517578,21.5,21.614999771118164,1733124,14.943153381347656
2015-10-13,21.6299991607666,21.647499084472656,20.86750030517578,21.280000686645508,2916048,14.711557388305664
2015-10-14,20.875,21.34000015258789,20.72249984741211,21.017499923706055,2409216,14.530082702636719
2015-10-15,21.247499465942383,21.49250030517578,21.172500610351562,21.459999084472656,2011348,14.83599853515625
2015-10-16,21.59749984741211,21.610000610351562,21.352500915527344,21.415000915527344,2147060,14.804884910583496
2015-10-19,21.364999771118164,21.774999618530273,21.364999771118164,21.55500030517578,1905468,14.90167236328125
2015-10-20,21.600000381469727,21.627500534057617,21.11750030517578,21.24250030517578,2116524,14.68563175201416
2015-10-21,21.354999542236328,21.604999542236328,21.079999923706055,21.412500381469727,2006392,14.8031587600708
2015-10-22,21.3125,21.90250015258789,21.225000381469727,21.772499084472656,3665964,15.052035331726074
2015-10-23,22.25,22.717500686645508,22.0,22.700000762939453,5264848,15.693249702453613
2015-10-26,22.700000762939453,22.782499313354492,22.467500686645508,22.5674991607666,2340608,15.601648330688477
2015-10-27,22.575000762939453,22.600000381469727,22.1825008392334,22.362499237060547,2075252,15.45992374420166
2015-10-28,22.422500610351562,22.602500915527344,22.322500228881836,22.520000457763672,1834880,15.568807601928711
2015-10-29,22.5625,22.6825008392334,22.3075008392334,22.43000030517578,2086960,15.506587028503418
2015-10-30,22.5,22.69499969482422,22.40999984741211,22.649999618530273,2223532,15.658681869506836
2015-11-02,22.457500457763672,23.09749984741211,22.454999923706055,22.997499465942383,1986368,15.898920059204102
2015-11-03,23.032499313354492,23.077499389648438,22.510000228881836,23.024999618530273,2762984,15.91793155670166
2015-11-04,23.0,23.295000076293945,22.782499313354492,22.924999237060547,2909784,15.848798751831055
2015-11-05,23.022499084472656,23.145000457763672,22.75,22.985000610351562,2388540,15.890275955200195
2015-11-06,22.934999465942383,23.4424991607666,22.825000762939453,23.372499465942383,1851656,16.15816879272461
2015-11-09,23.399999618530273,23.469999313354492,23.02750015258789,23.049999237060547,2935180,15.935212135314941
2015-11-10,23.114999771118164,23.237499237060547,22.792499542236328,23.204999923706055,2234708,16.042367935180664
2015-11-11,23.209999084472656,23.497499465942383,23.157499313354492,23.337499618530273,1826532,16.13397216796875
2015-11-12,23.272499084472656,23.329999923706055,22.967500686645508,23.102500915527344,1719108,15.971508026123047
2015-11-13,23.012500762939453,23.28499984741211,22.762500762939453,22.985000610351562,1837228,15.890275955200195
2015-11-16,22.75,23.327499389648438,22.75,23.24250030517578,1781024,16.068296432495117
2015-11-17,23.497499465942383,23.7450008392334,23.4424991607666,23.7450008392334,2253800,16.415693283081055
2015-11-18,23.577499389648438,23.65250015258789,23.280000686645508,23.357500076293945,2236100,16.147798538208008
2015-11-19,23.487499237060547,23.75,23.467500686645508,23.670000076293945,1961112,16.363840103149414
2015-11-20,23.709999084472656,23.719999313354492,23.290000915527344,23.485000610351562,2443208,16.235944747924805
2015-11-23,23.36750030517578,23.55500030517578,23.15999984741211,23.459999084472656,1281580,16.218660354614258
2015-11-24,23.450000762939453,23.53499984741211,22.950000762939453,23.100000381469727,2101272,15.969781875610352
2015-11-25,23.077499389648438,23.454999923706055,22.940000534057617,23.354999542236328,1666112,16.146068572998047
2015-11-26,23.40999984741211,23.792499542236328,23.3799991607666,23.61750030517578,1498092,16.327545166015625
2015-11-27,23.5,23.787500381469727,23.454999923706055,23.712499618530273,956588,16.39322280883789
2015-11-30,23.72249984741211,23.8125,23.5,23.725000381469727,2912392,16.40186309814453
2015-12-01,23.725000381469727,23.962499618530273,23.52750015258789,23.545000076293945,1627860,16.27742576599121
2015-12-02,23.572500228881836,23.709999084472656,23.309999465942383,23.459999084472656,1662484,16.218660354614258
2015-12-03,23.47249984741211,23.71500015258789,22.524999618530273,22.540000915527344,3464424,15.582633972167969
2015-12-04,22.5,22.77750015258789,22.322500228881836,22.725000381469727,2867040,15.710530281066895
2015-12-07,22.829999923706055,23.05500030517578,22.6875,22.920000076293945,1475324,15.84533977508545
2015-12-08,22.920000076293945,23.1299991607666,22.559999465942383,22.790000915527344,1881840,15.755465507507324
2015-12-09,22.764999389648438,22.899999618530273,22.322500228881836,22.40250015258789,2771656,15.48757553100586
2015-12-10,22.287500381469727,22.600000381469727,22.217500686645508,22.354999542236328,2231068,15.45473575592041
2015-12-11,22.329999923706055,22.34000015258789,21.552499771118164,21.709999084472656,3384576,15.008827209472656
2015-12-14,21.80500030517578,21.969999313354492,21.174999237060547,21.235000610351562,2497468,14.680448532104492
2015-12-15,21.450000762939453,21.947500228881836,21.450000762939453,21.762500762939453,2752768,15.045125007629395
2015-12-16,21.81999969482422,22.072500228881836,21.612499237060547,21.895000457763672,2274812,15.136726379394531
2015-12-17,22.2450008392334,22.532499313354492,21.90999984741211,22.010000228881836,3140908,15.216225624084473
2015-12-18,21.864999771118164,21.9375,21.610000610351562,21.875,3238224,15.122897148132324
2015-12-21,21.84749984741211,22.190000534057617,21.625,21.625,1630220,14.950064659118652
2015-12-22,21.737499237060547,21.825000762939453,21.3174991607666,21.65250015258789,2409408,14.969076156616211
2015-12-23,21.8075008392334,22.264999389648438,21.8075008392334,22.1924991607666,1488300,15.342395782470703
2015-12-24,22.295000076293945,22.75,22.075000762939453,22.112499237060547,360500,15.287090301513672
2015-12-28,22.137500762939453,22.174999237060547,21.864999771118164,21.86750030517578,768152,15.117712020874023
2015-12-29,22.079999923706055,22.202499389648438,21.907499313354492,22.202499389648438,1170168,15.349308967590332
2015-12-30,22.102500915527344,22.21500015258789,22.02750015258789,22.11750030517578,679556,15.290544509887695
2016-01-04,21.75,21.75,21.25749969482422,21.397499084472656,1822252,14.792786598205566
2016-01-05,21.667499542236328,21.672500610351562,21.107500076293945,21.239999771118164,2366824,14.6839017868042
2016-01-06,21.137500762939453,21.174999237060547,20.530000686645508,20.670000076293945,2360704,14.289840698242188
2016-01-07,20.197500228881836,20.53499984741211,20.06999969482422,20.40999984741211,3494104,14.110097885131836
2016-01-08,20.4325008392334,20.857500076293945,20.34000015258789,20.360000610351562,2476568,14.075531005859375
2016-01-11,20.272499084472656,20.737499237060547,20.25,20.315000534057617,2199348,14.04442310333252
2016-01-12,20.34000015258789,20.940000534057617,20.3174991607666,20.709999084472656,2069504,14.317497253417969
2016-01-13,20.969999313354492,21.012500762939453,20.5,20.729999542236328,2375664,14.33132266998291
2016-01-14,20.5,20.545000076293945,20.002500534057617,20.397499084472656,4080972,14.101451873779297
2016-01-15,20.274999618530273,20.4424991607666,19.4325008392334,19.760000228881836,4207956,13.660731315612793
2016-01-18,19.760000228881836,20.107500076293945,19.719999313354492,19.950000762939453,2100368,13.792084693908691
2016-01-19,20.200000762939453,20.31999969482422,19.989999771118164,20.1825008392334,2361300,13.95281982421875
2016-01-20,19.787500381469727,19.827499389648438,19.350000381469727,19.577499389648438,3267776,13.534561157226562
2016-01-21,19.625,20.047500610351562,19.487499237060547,20.0049991607666,2775452,13.830106735229492
2016-01-22,20.325000762939453,20.6825008392334,20.239999771118164,20.4424991607666,2176248,14.132564544677734
2016-01-25,20.575000762939453,20.600000381469727,20.1924991607666,20.270000457763672,1383348,14.013311386108398
2016-01-26,20.075000762939453,21.217500686645508,20.05500030517578,21.155000686645508,3176784,14.625140190124512
2016-01-27,21.135000228881836,21.3174991607666,20.967500686645508,21.3125,1976028,14.734025001525879
2016-01-28,21.177499771118164,21.50749969482422,20.854999542236328,20.8700008392334,1818180,14.428110122680664
2016-01-29,21.135000228881836,21.174999237060547,20.809999465942383,21.014999389648438,2249580,14.528350830078125
2016-02-01,21.052499771118164,21.09749984741211,20.80500030517578,21.05500030517578,1632156,14.55600643157959
2016-02-02,20.9950008392334,21.100000381469727,20.530000686645508,20.737499237060547,2267768,14.336507797241211
2016-02-03,20.6825008392334,20.8174991607666,20.36750030517578,20.579999923706055,3434176,14.22762393951416
2016-02-04,20.815000534057617,20.832500457763672,20.184999465942383,20.5625,2714296,14.215526580810547
2016-02-05,20.575000762939453,20.917499542236328,20.53499984741211,20.604999542236328,3156016,14.244906425476074
2016-02-08,20.752500534057617,20.842500686645508,20.047500610351562,20.170000076293945,2518788,13.94417667388916
2016-02-09,20.110000610351562,20.267499923706055,19.427499771118164,20.112499237060547,3642864,13.904423713684082
2016-02-10,20.309999465942383,20.645000457763672,20.172500610351562,20.295000076293945,2727116,14.030593872070312
2016-02-11,20.082500457763672,20.147499084472656,19.43000030517578,19.607500076293945,3177776,13.555303573608398
2016-02-12,19.72249984741211,19.872499465942383,19.44499969482422,19.802499771118164,2886472,13.690113067626953
2016-02-15,20.200000762939453,20.575000762939453,20.200000762939453,20.422500610351562,2308572,14.118739128112793
2016-02-16,21.200000762939453,21.357500076293945,20.55500030517578,21.107500076293945,4830892,14.592299461364746
2016-02-17,21.287500381469727,21.417499542236328,21.149999618530273,21.232500076293945,3335312,14.678718566894531
2016-02-18,21.280000686645508,21.434999465942383,20.93000030517578,21.264999389648438,3456004,14.701187133789062
2016-02-19,21.147499084472656,21.5049991607666,21.147499084472656,21.322500228881836,2333400,14.740939140319824
2016-02-22,21.5625,21.75,21.395000457763672,21.469999313354492,1852380,14.842907905578613
2016-02-23,21.302499771118164,21.452499389648438,21.135000228881836,21.1825008392334,1652204,14.644152641296387
2016-02-24,21.1825008392334,21.1825008392334,20.4424991607666,20.707500457763672,2618412,14.315770149230957
2016-02-25,20.952499389648438,21.032499313354492,20.607500076293945,20.672500610351562,2323308,14.291571617126465
2016-02-26,20.899999618530273,21.059999465942383,20.665000915527344,20.72249984741211,2700340,14.326138496398926
2016-02-29,20.514999389648438,20.889999389648438,20.3799991607666,20.850000381469727,2445664,14.414281845092773
2016-03-01,20.737499237060547,21.299999237060547,20.662500381469727,21.299999237060547,2536568,14.725380897521973
2016-03-02,21.469999313354492,21.700000762939453,21.385000228881836,21.604999542236328,2484404,14.936241149902344
2016-03-03,21.6299991607666,21.71500015258789,21.420000076293945,21.65250015258789,1937592,14.969076156616211
2016-03-04,21.735000610351562,21.832500457763672,21.5049991607666,21.712499618530273,2177604,15.010557174682617
2016-03-07,21.690000534057617,21.850000381469727,21.5625,21.844999313354492,1678520,15.102157592773438
2016-03-08,21.700000762939453,21.877500534057617,21.52750015258789,21.65250015258789,2960056,14.969076156616211
2016-03-09,21.637500762939453,21.924999237060547,21.5625,21.732500076293945,1801020,15.024384498596191
2016-03-10,21.809999465942383,22.024999618530273,20.940000534057617,20.940000534057617,4192792,14.476503372192383
2016-03-11,21.3174991607666,21.797500610351562,21.217500686645508,21.592500686645508,2212564,14.92759895324707
2016-03-14,21.674999237060547,21.887500762939453,21.602500915527344,21.747499465942383,1606176,15.034751892089844
2016-03-15,21.625,21.887500762939453,21.592500686645508,21.860000610351562,2198148,15.112529754638672
2016-03-16,21.959999084472656,22.5,21.9375,22.482500076293945,2990384,15.542882919311523
2016-03-17,22.542499542236328,22.5674991607666,21.967500686645508,22.375,2568152,15.468565940856934
2016-03-18,22.309999465942383,22.524999618530273,22.2450008392334,22.36750030517578,3157212,15.463380813598633
2016-03-21,22.25,22.477500915527344,22.165000915527344,22.247499465942383,1174340,15.380419731140137
2016-03-22,22.177499771118164,22.575000762939453,21.947500228881836,22.547500610351562,1984264,15.58781909942627
2016-03-23,22.625,22.729999542236328,22.364999771118164,22.540000915527344,1413308,15.582633972167969
2016-03-24,22.40250015258789,22.487499237060547,22.082500457763672,22.135000228881836,1531864,15.30264663696289
2016-03-29,22.262500762939453,22.417499542236328,21.97249984741211,22.232500076293945,1508704,15.370049476623535
2016-03-30,22.30500030517578,22.885000228881836,22.25,22.832500457763672,2359284,15.784847259521484
2016-03-31,22.74250030517578,22.74250030517578,22.364999771118164,22.482500076293945,2265920,15.542882919311523
2016-04-01,22.270000457763672,22.270000457763672,21.844999313354492,22.122499465942383,2597500,15.294002532958984
2016-04-04,22.075000762939453,22.25749969482422,21.907499313354492,21.9950008392334,1314864,15.205862998962402
2016-04-05,21.80500030517578,21.825000762939453,21.375,21.482500076293945,1742652,14.851553916931152
2016-04-06,21.5625,21.71500015258789,21.407499313354492,21.71500015258789,1785312,15.012284278869629
2016-04-07,21.75749969482422,21.827499389648438,21.4375,21.582500457763672,1882156,14.920683860778809
2016-04-08,21.674999237060547,22.125,21.662500381469727,22.072500228881836,1850228,15.259434700012207
2016-04-11,21.975000381469727,22.252500534057617,21.792499542236328,22.147499084472656,1484292,15.311286926269531
2016-04-12,22.5,22.704999923706055,22.127500534057617,22.674999237060547,2054748,15.6759614944458
2016-04-13,22.88249969482422,23.200000762939453,22.852500915527344,23.15250015258789,2278656,16.006074905395508
2016-04-14,23.149999618530273,23.19499969482422,22.982500076293945,23.19499969482422,2249296,16.035457611083984
2016-04-15,23.112499237060547,23.22249984741211,22.9375,23.024999618530273,1938176,15.91793155670166
2016-04-18,22.75,23.274999618530273,22.647499084472656,23.25,1427352,16.0734806060791
2016-04-19,23.227500915527344,23.622499465942383,23.112499237060547,23.584999084472656,2092156,16.305076599121094
2016-04-20,23.5,23.59000015258789,23.342500686645508,23.545000076293945,2511268,16.27742576599121
2016-04-21,23.8125,24.190000534057617,23.670000076293945,23.877500534057617,3230296,16.507291793823242
2016-04-22,23.75,24.075000762939453,23.6299991607666,24.075000762939453,2473556,16.643831253051758
2016-04-25,23.989999771118164,24.145000457763672,23.895000457763672,24.05500030517578,2256088,16.630008697509766
2016-04-26,24.15250015258789,24.232500076293945,23.822500228881836,23.997499465942383,1983424,16.590253829956055
2016-04-27,24.0,24.397499084472656,24.0,24.38249969482422,2431164,16.856414794921875
2016-04-28,23.927499771118164,24.059999465942383,23.71500015258789,23.895000457763672,3057088,16.51938819885254
2016-04-29,23.6299991607666,23.752500534057617,22.787500381469727,22.787500381469727,4139156,15.753740310668945
2016-05-02,22.887500762939453,23.1825008392334,22.887500762939453,23.017499923706055,1645568,15.912744522094727
2016-05-03,22.9375,22.99250030517578,22.592500686645508,22.700000762939453,2402008,15.693249702453613
2016-05-04,22.6825008392334,22.772499084472656,22.440000534057617,22.50749969482422,1694056,15.56016731262207
2016-05-05,22.549999237060547,22.674999237060547,22.337499618530273,22.545000076293945,1557104,15.586088180541992
2016-05-06,22.450000762939453,22.735000610351562,22.389999389648438,22.587499618530273,1471416,15.615472793579102
2016-05-09,22.797500610351562,22.912500381469727,22.559999465942383,22.579999923706055,1966924,15.610289573669434
2016-05-10,22.780000686645508,23.075000762939453,22.7549991607666,22.895000457763672,1984748,15.8280611038208
2016-05-11,22.915000915527344,22.922500610351562,22.5625,22.762500762939453,2130744,15.736455917358398
2016-05-12,22.697500228881836,22.912500381469727,22.422500610351562,22.639999389648438,2428776,15.651766777038574
2016-05-13,22.46500015258789,22.717500686645508,22.092500686645508,22.712499618530273,2695560,15.701888084411621
2016-05-16,22.575000762939453,22.625,22.34000015258789,22.510000228881836,1212544,15.561895370483398
2016-05-17,21.94499969482422,22.072500228881836,21.584999084472656,21.727500915527344,3214140,15.511919975280762
2016-05-18,21.655000686645508,21.760000228881836,21.514999389648438,21.702499389648438,1675800,15.494070053100586
2016-05-19,21.63249969482422,21.762500762939453,21.440000534057617,21.594999313354492,1984720,15.41732120513916
2016-05-20,21.832500457763672,22.162500381469727,21.7549991607666,22.094999313354492,3125740,15.774290084838867
2016-05-23,22.262500762939453,22.280000686645508,21.727500915527344,21.952499389648438,2251560,15.672550201416016
2016-05-24,21.852500915527344,22.47249984741211,21.725000381469727,22.434999465942383,1830080,16.017024993896484
2016-05-25,22.547500610351562,22.850000381469727,22.497499465942383,22.665000915527344,1832416,16.181232452392578
2016-05-26,22.5674991607666,22.985000610351562,22.547500610351562,22.9424991607666,1565276,16.379343032836914
2016-05-27,22.9424991607666,22.982500076293945,22.690000534057617,22.8174991607666,2248444,16.29010009765625
2016-05-30,22.844999313354492,23.094999313354492,22.837499618530273,22.94499969482422,992064,16.38113021850586
2016-05-31,22.997499465942383,23.11750030517578,22.719999313354492,22.834999084472656,4499160,16.302595138549805
2016-06-01,23.094999313354492,23.280000686645508,23.012500762939453,23.149999618530273,4468404,16.527481079101562
2016-06-02,23.072500228881836,23.530000686645508,23.0,23.457500457763672,3202240,16.747018814086914
2016-06-03,23.5,23.582500457763672,23.122499465942383,23.177499771118164,2531448,16.547117233276367
2016-06-06,23.100000381469727,23.362499237060547,23.087499618530273,23.207500457763672,1741336,16.56853485107422
2016-06-07,23.087499618530273,23.482500076293945,23.049999237060547,23.462499618530273,2512460,16.75058937072754
2016-06-08,23.350000381469727,23.5,23.155000686645508,23.350000381469727,1817624,16.670269012451172
2016-06-09,23.227500915527344,23.25,22.96500015258789,23.032499313354492,1683880,16.443599700927734
2016-06-10,22.907499313354492,22.927499771118164,22.592500686645508,22.732500076293945,2095956,16.229419708251953
2016-06-13,22.469999313354492,22.537500381469727,22.052499771118164,22.1200008392334,2843612,15.792137145996094
2016-06-14,21.977500915527344,22.114999771118164,21.697500228881836,21.8125,2542504,15.572600364685059
2016-06-15,21.8075008392334,21.899999618530273,21.30500030517578,21.637500762939453,3509164,15.44766616821289
2016-06-16,21.3799991607666,21.517499923706055,21.25,21.424999237060547,2417296,15.295954704284668
2016-06-17,21.552499771118164,21.7450008392334,21.475000381469727,21.5575008392334,2905112,15.390552520751953
2016-06-20,22.13249969482422,22.485000610351562,21.954999923706055,22.357500076293945,2201652,15.961694717407227
2016-06-21,22.372499465942383,22.372499465942383,22.040000915527344,22.170000076293945,1738528,15.827835083007812
2016-06-22,22.34000015258789,22.405000686645508,22.049999237060547,22.049999237060547,1608892,15.742162704467773
2016-06-23,22.200000762939453,22.5,22.110000610351562,22.485000610351562,2044844,16.052722930908203
2016-06-24,20.184999465942383,21.747499465942383,19.950000762939453,21.43000030517578,8361728,15.29952621459961
2016-06-27,21.274999618530273,21.344999313354492,20.354999542236328,20.600000381469727,4019044,14.706962585449219
2016-06-28,21.184999465942383,21.202499389648438,20.88249969482422,20.9325008392334,3286144,14.944344520568848
2016-06-29,21.137500762939453,21.424999237060547,20.88249969482422,21.049999237060547,3236572,15.028228759765625
2016-06-30,21.059999465942383,21.3799991607666,20.90250015258789,21.302499771118164,2298244,15.20849895477295
2016-07-01,21.427499771118164,22.03499984741211,21.399999618530273,21.957500457763672,2327960,15.676122665405273
2016-07-04,22.094999313354492,22.094999313354492,21.517499923706055,21.61750030517578,1085908,15.43338680267334
2016-07-05,21.530000686645508,21.63249969482422,20.832500457763672,20.922500610351562,2214620,14.937206268310547
2016-07-06,20.760000228881836,20.84000015258789,20.329999923706055,20.700000762939453,2504516,14.778356552124023
2016-07-07,20.832500457763672,21.200000762939453,20.8125,20.832500457763672,1825796,14.872950553894043
2016-07-08,21.0,21.459999084472656,20.892499923706055,21.350000381469727,2408316,15.242408752441406
2016-07-11,21.4375,21.71500015258789,21.217500686645508,21.450000762939453,1628540,15.313802719116211
2016-07-12,21.462499618530273,22.315000534057617,21.462499618530273,22.122499465942383,2474984,15.793919563293457
2016-07-13,22.145000457763672,22.235000610351562,21.940000534057617,21.959999084472656,1728672,15.67790699005127
2016-07-14,22.172500610351562,22.457500457763672,22.11750030517578,22.3700008392334,1589516,15.970623016357422
2016-07-15,22.290000915527344,22.332500457763672,21.987499237060547,22.107500076293945,1404380,15.783212661743164
2016-07-18,22.102500915527344,22.5049991607666,22.072500228881836,22.177499771118164,1329188,15.833186149597168
2016-07-19,22.100000381469727,22.122499465942383,21.854999542236328,21.907499313354492,2460980,15.640426635742188
2016-07-20,22.030000686645508,22.364999771118164,21.954999923706055,22.267499923706055,1983856,15.897443771362305
2016-07-21,22.28499984741211,22.375,22.032499313354492,22.102500915527344,1608684,15.779644012451172
2016-07-22,22.03499984741211,22.225000381469727,21.9325008392334,22.037500381469727,1099652,15.733238220214844
2016-07-25,22.0,22.375,21.920000076293945,22.184999465942383,1916728,15.838540077209473
2016-07-26,22.55500030517578,22.737499237060547,21.950000762939453,22.510000228881836,3790180,16.070568084716797
2016-07-27,22.584999084472656,23.11750030517578,22.584999084472656,23.002500534057617,3084320,16.422182083129883
2016-07-28,22.93000030517578,23.049999237060547,22.6200008392334,22.727500915527344,2362060,16.225849151611328
2016-07-29,22.8700008392334,23.017499923706055,22.790000915527344,22.860000610351562,2288336,16.320444107055664
2016-08-01,22.940000534057617,23.065000534057617,22.815000534057617,22.877500534057617,1566852,16.33293914794922
2016-08-02,22.809999465942383,22.94499969482422,22.614999771118164,22.684999465942383,2230512,16.195507049560547
2016-08-03,22.697500228881836,22.802499771118164,22.38249969482422,22.707500457763672,2218436,16.211572647094727
2016-08-04,22.825000762939453,23.022499084472656,22.75,22.912500381469727,1841320,16.357925415039062
2016-08-05,22.985000610351562,23.479999542236328,22.985000610351562,23.440000534057617,2151148,16.73452377319336
2016-08-08,23.5,23.737499237060547,23.475000381469727,23.5674991607666,2057796,16.825550079345703
2016-08-09,23.5,23.829999923706055,23.44499969482422,23.8075008392334,1913660,16.99689292907715
2016-08-10,23.674999237060547,23.84000015258789,23.614999771118164,23.80500030517578,1401572,16.9951114654541
2016-08-11,23.850000381469727,24.235000610351562,23.822500228881836,24.135000228881836,2445524,17.2307071685791
2016-08-12,24.077499389648438,24.122499465942383,23.862499237060547,23.950000762939453,1436880,17.0986270904541
2016-08-15,23.950000762939453,24.142499923706055,23.950000762939453,24.002500534057617,1003084,17.136112213134766
2016-08-16,23.862499237060547,23.99250030517578,23.662500381469727,23.662500381469727,1663608,16.893375396728516
2016-08-17,23.725000381469727,23.84000015258789,23.52750015258789,23.607500076293945,1226812,16.85410499572754
2016-08-18,23.725000381469727,23.8125,23.6200008392334,23.795000076293945,1214592,16.987966537475586
2016-08-19,23.7450008392334,23.792499542236328,23.522499084472656,23.772499084472656,1174200,16.971906661987305
2016-08-22,23.6924991607666,23.915000915527344,23.517499923706055,23.607500076293945,1498240,16.85410499572754
2016-08-23,23.72249984741211,24.020000457763672,23.690000534057617,23.827499389648438,1614052,17.011171340942383
2016-08-24,23.732500076293945,24.0,23.614999771118164,23.959999084472656,1277696,17.10576820373535
2016-08-25,23.844999313354492,23.844999313354492,23.545000076293945,23.677499771118164,1135404,16.904083251953125
2016-08-26,23.657499313354492,23.975000381469727,23.604999542236328,23.8075008392334,1053028,16.99689292907715
2016-08-29,23.725000381469727,23.850000381469727,23.592500686645508,23.782499313354492,969628,16.97904396057129
2016-08-30,23.80500030517578,23.954999923706055,23.727500915527344,23.837499618530273,1662748,17.018314361572266
2016-08-31,23.799999237060547,24.087499618530273,23.799999237060547,23.825000762939453,1879956,17.009387969970703
2016-09-01,23.799999237060547,24.11750030517578,23.55500030517578,23.704999923706055,2530644,16.923717498779297
2016-09-02,23.77750015258789,24.0575008392334,23.674999237060547,24.0,1610760,17.134328842163086
2016-09-05,24.0,24.1200008392334,23.915000915527344,23.9424991607666,1636176,17.09327507019043
2016-09-06,23.985000610351562,24.102500915527344,23.8174991607666,23.97249984741211,1393960,17.11469078063965
2016-09-07,24.0,24.665000915527344,24.0,24.55500030517578,3001428,17.530553817749023
2016-09-08,24.565000534057617,24.725000381469727,24.149999618530273,24.385000228881836,2236900,17.40918731689453
2016-09-09,24.282499313354492,24.477500915527344,24.1875,24.2549991607666,1708216,17.316377639770508
2016-09-12,23.889999389648438,23.9375,23.4950008392334,23.782499313354492,2903064,16.97904396057129
2016-09-13,23.854999542236328,23.982500076293945,23.665000915527344,23.670000076293945,1273156,16.898725509643555
2016-09-14,23.75,23.825000762939453,23.5674991607666,23.587499618530273,1736508,16.839826583862305
2016-09-15,23.5575008392334,23.875,23.372499465942383,23.832500457763672,2355544,17.014741897583008
2016-09-16,23.772499084472656,23.99250030517578,23.532499313354492,23.582500457763672,3415308,16.836259841918945
2016-09-19,23.732500076293945,24.049999237060547,23.700000762939453,23.850000381469727,1144384,17.027236938476562
2016-09-20,23.81999969482422,24.170000076293945,23.780000686645508,23.934999465942383,1283316,17.087923049926758
2016-09-21,24.25,24.302499771118164,23.9950008392334,24.022499084472656,1282104,17.150388717651367
2016-09-22,24.177499771118164,24.545000076293945,24.02750015258789,24.3075008392334,1471908,17.353858947753906
2016-09-23,24.297500610351562,24.44499969482422,24.219999313354492,24.364999771118164,1589492,17.39491081237793
2016-09-26,24.165000915527344,24.21500015258789,23.897499084472656,24.072500228881836,1622948,17.186086654663086
2016-09-27,24.177499771118164,24.34749984741211,24.0,24.34749984741211,2422920,17.382415771484375
2016-09-28,24.434999465942383,24.88249969482422,24.424999237060547,24.8075008392334,2133000,17.710824966430664
2016-09-29,24.815000534057617,25.075000762939453,24.462499618530273,24.520000457763672,3228608,17.505569458007812
2016-09-30,24.252500534057617,24.719999313354492,24.072500228881836,24.614999771118164,2446196,17.57339096069336
2016-10-03,24.6299991607666,24.739999771118164,24.517499923706055,24.572500228881836,1049816,17.543048858642578
2016-10-04,24.6200008392334,24.822500228881836,24.5674991607666,24.752500534057617,2817328,17.671558380126953
2016-10-05,24.59749984741211,24.8125,24.3700008392334,24.702499389648438,1747360,17.635860443115234
2016-10-06,24.7549991607666,24.885000228881836,24.645000457763672,24.645000457763672,1903920,17.594810485839844
2016-10-07,24.6299991607666,24.6299991607666,24.1825008392334,24.479999542236328,2142300,17.47701072692871
2016-10-10,24.485000610351562,24.809999465942383,24.454999923706055,24.672500610351562,1209936,17.614444732666016
2016-10-11,24.677499771118164,24.737499237060547,24.357500076293945,24.415000915527344,1388128,17.430606842041016
2016-10-12,24.482500076293945,24.5674991607666,24.329999923706055,24.40999984741211,1495600,17.427038192749023
2016-10-13,24.200000762939453,24.299999237060547,23.982500076293945,24.170000076293945,2342488,17.255695343017578
2016-10-14,24.267499923706055,24.549999237060547,24.200000762939453,24.21500015258789,2183248,17.28782081604004
2016-10-17,24.112499237060547,24.272499084472656,23.9950008392334,24.092500686645508,1911608,17.200363159179688
2016-10-18,24.0,24.377500534057617,23.887500762939453,24.09000015258789,2379772,17.19858169555664
2016-10-19,24.0674991607666,24.21500015258789,23.93000030517578,24.0674991607666,2237168,17.18251609802246
2016-10-20,24.1299991607666,24.725000381469727,24.017499923706055,24.280000686645508,3974348,17.334226608276367
2016-10-21,24.252500534057617,24.440000534057617,24.1825008392334,24.397499084472656,2144628,17.41811180114746
2016-10-24,24.487499237060547,24.767499923706055,24.485000610351562,24.697500228881836,1531272,17.632291793823242
2016-10-25,24.6825008392334,24.927499771118164,24.59000015258789,24.732500076293945,2160876,17.657278060913086
2016-10-26,24.6825008392334,24.7450008392334,24.36750030517578,24.732500076293945,2130096,17.657278060913086
2016-10-27,24.700000762939453,24.792499542236328,24.354999542236328,24.487499237060547,2465844,17.482362747192383
2016-10-28,24.362499237060547,24.727500915527344,24.149999618530273,24.610000610351562,2996608,17.569826126098633
2016-10-31,24.5,24.704999923706055,24.4325008392334,24.657499313354492,1964016,17.603734970092773
2016-11-01,24.74250030517578,24.832500457763672,24.337499618530273,24.395000457763672,1821520,17.41632652282715
2016-11-02,24.207500457763672,24.217500686645508,23.9424991607666,24.155000686645508,1830504,17.244983673095703
2016-11-03,24.094999313354492,24.157499313354492,23.84000015258789,23.90250015258789,1995636,17.06471824645996
2016-11-04,23.825000762939453,23.825000762939453,23.547500610351562,23.71500015258789,1558800,16.930856704711914
2016-11-07,23.950000762939453,24.15250015258789,23.895000457763672,24.112499237060547,1921920,17.21463966369629
2016-11-08,24.094999313354492,24.174999237060547,23.889999389648438,23.979999542236328,1645288,17.120046615600586
2016-11-09,23.219999313354492,24.0674991607666,23.02750015258789,24.0674991607666,2466356,17.18251609802246
2016-11-10,24.149999618530273,24.184999465942383,23.4424991607666,23.649999618530273,2720324,16.884449005126953
2016-11-11,23.71500015258789,23.975000381469727,23.579999923706055,23.639999389648438,1875948,16.877309799194336
2016-11-14,23.732500076293945,24.09749984741211,23.707500457763672,23.75,2249904,16.955841064453125
2016-11-15,23.8125,24.262500762939453,23.795000076293945,24.209999084472656,1831464,17.284250259399414
2016-11-16,24.167499542236328,24.322500228881836,23.982500076293945,24.190000534057617,1797036,17.26997184753418
2016-11-17,24.1299991607666,24.572500228881836,24.1299991607666,24.457500457763672,2056748,17.46095085144043
2016-11-18,24.522499084472656,24.8174991607666,24.46500015258789,24.657499313354492,2050848,17.603734970092773
2016-11-21,24.75749969482422,24.977500915527344,24.34000015258789,24.887500762939453,1608104,17.767942428588867
2016-11-22,24.822500228881836,25.212499618530273,24.822500228881836,25.149999618530273,2709172,17.95534324645996
2016-11-23,25.325000762939453,25.549999237060547,25.1875,25.1875,2620312,17.982118606567383
2016-11-24,25.125,25.375,25.125,25.350000381469727,1103296,18.09813117980957
2016-11-25,25.325000762939453,25.387500762939453,25.174999237060547,25.325000762939453,1470976,18.080286026000977
2016-11-28,25.225000381469727,25.325000762939453,25.049999237060547,25.174999237060547,1601168,17.973194122314453
2016-11-29,25.174999237060547,25.362499237060547,25.112499237060547,25.350000381469727,1844720,18.09813117980957
2016-11-30,25.375,25.462499618530273,25.1875,25.25,3000704,18.026737213134766
2016-12-01,25.112499237060547,25.299999237060547,24.93000030517578,25.200000762939453,1899548,17.991044998168945
2016-12-02,25.037500381469727,25.387500762939453,24.90250015258789,25.25,1697792,18.026737213134766
2016-12-05,25.112499237060547,25.799999237060547,25.037500381469727,25.3125,2328408,18.071359634399414
2016-12-06,25.337499618530273,25.487499237060547,25.200000762939453,25.4375,1528560,18.160598754882812
2016-12-07,25.600000381469727,26.237499237060547,25.600000381469727,26.200000762939453,2504260,18.704973220825195
2016-12-08,26.299999237060547,26.575000762939453,26.162500381469727,26.212499618530273,3269132,18.71389389038086
2016-12-09,26.212499618530273,26.462499618530273,26.200000762939453,26.387500762939453,2218676,18.838836669921875
2016-12-12,26.287500381469727,26.450000762939453,26.100000381469727,26.212499618530273,1787504,18.71389389038086
2016-12-13,26.037500381469727,26.325000762939453,25.825000762939453,25.899999618530273,2767948,18.49079132080078
2016-12-14,25.75,26.262500762939453,25.712499618530273,26.200000762939453,2647688,18.704973220825195
2016-12-15,26.125,26.337499618530273,26.049999237060547,26.274999618530273,2052188,18.758514404296875
2016-12-16,26.225000381469727,26.4375,26.137500762939453,26.274999618530273,2869088,18.758514404296875
2016-12-19,26.1875,26.225000381469727,26.087499618530273,26.174999237060547,1404616,18.687124252319336
2016-12-20,26.25,26.637500762939453,26.174999237060547,26.5625,1962680,18.96377182006836
2016-12-21,26.487499237060547,26.625,26.3125,26.512500762939453,1202900,18.928077697753906
2016-12-22,26.462499618530273,26.612499237060547,26.325000762939453,26.462499618530273,897948,18.892379760742188
2016-12-23,26.424999237060547,26.649999618530273,26.424999237060547,26.612499237060547,596496,18.999467849731445
2016-12-27,26.587499618530273,26.700000762939453,26.475000381469727,26.5625,617568,18.96377182006836
2016-12-28,26.5625,26.600000381469727,26.475000381469727,26.587499618530273,646264,18.98162078857422
2016-12-29,26.424999237060547,26.487499237060547,26.200000762939453,26.350000381469727,831112,18.812063217163086
2016-12-30,26.3125,26.462499618530273,26.237499237060547,26.424999237060547,763460,18.865604400634766
2017-01-02,26.375,26.75,26.350000381469727,26.725000381469727,623320,19.07978630065918
2017-01-03,26.75,26.975000381469727,26.612499237060547,26.612499237060547,2002908,18.999467849731445
2017-01-04,26.25,26.337499618530273,25.912500381469727,26.0,2419120,18.56218910217285
2017-01-05,26.012500762939453,26.174999237060547,25.762500762939453,26.162500381469727,2202136,18.678199768066406
2017-01-06,26.125,26.274999618530273,26.024999618530273,26.1875,1481204,18.696048736572266
2017-01-09,26.537500381469727,26.625,26.287500381469727,26.4375,1835976,18.874528884887695
2017-01-10,26.0,26.387500762939453,25.962499618530273,26.125,2209960,18.651430130004883
2017-01-11,26.112499237060547,26.600000381469727,26.112499237060547,26.487499237060547,1979080,18.91022491455078
2017-01-12,26.387500762939453,26.512500762939453,26.049999237060547,26.125,1790400,18.651430130004883
2017-01-13,26.299999237060547,26.5625,26.149999618530273,26.475000381469727,1734512,18.901302337646484
2017-01-16,26.25,26.350000381469727,25.8125,26.012500762939453,1663380,18.571109771728516
2017-01-17,25.962499618530273,26.137500762939453,25.712499618530273,26.0625,1671080,18.606809616088867
2017-01-18,26.049999237060547,26.125,25.787500381469727,25.899999618530273,1922260,18.49079132080078
2017-01-19,25.887500762939453,26.024999618530273,25.712499618530273,25.787500381469727,2246880,18.410478591918945
2017-01-20,25.637500762939453,25.737499237060547,25.299999237060547,25.512500762939453,2670080,18.214143753051758
2017-01-23,25.387500762939453,25.475000381469727,25.162500381469727,25.237499237060547,2135872,18.017812728881836
2017-01-24,25.225000381469727,25.399999618530273,24.982500076293945,25.287500381469727,2102052,18.053508758544922
2017-01-25,25.387500762939453,25.674999237060547,25.337499618530273,25.600000381469727,3225236,18.2766170501709
2017-01-26,25.712499618530273,25.712499618530273,25.3125,25.412500381469727,1972408,18.14275360107422
2017-01-27,25.5,25.537500381469727,25.287500381469727,25.424999237060547,1507544,18.151676177978516
2017-01-30,25.25,25.287500381469727,24.950000762939453,25.0,2102808,17.848257064819336
2017-01-31,25.037500381469727,25.1875,24.844999313354492,24.844999313354492,2406352,17.737594604492188
2017-02-01,25.725000381469727,25.875,25.5,25.612499237060547,4038332,18.28553581237793
2017-02-02,25.5,25.649999618530273,25.350000381469727,25.537500381469727,2933056,18.231992721557617
2017-02-03,26.049999237060547,26.950000762939453,25.799999237060547,25.850000381469727,4484404,18.455097198486328
2017-02-06,25.787500381469727,25.899999618530273,25.462499618530273,25.549999237060547,2227604,18.240915298461914
2017-02-07,25.5,25.674999237060547,25.3125,25.337499618530273,2268224,18.089208602905273
2017-02-08,25.399999618530273,25.587499618530273,24.967500686645508,25.024999618530273,4310156,17.86610221862793
2017-02-09,25.112499237060547,25.412500381469727,24.732500076293945,25.375,3185516,18.115978240966797
2017-02-10,25.450000762939453,25.575000762939453,25.337499618530273,25.375,2047184,18.115978240966797
2017-02-13,25.424999237060547,26.112499237060547,25.399999618530273,26.0,2732264,18.56218910217285
2017-02-14,26.625,26.75,26.237499237060547,26.4375,3680248,18.874528884887695
2017-02-15,26.450000762939453,26.637500762939453,26.225000381469727,26.587499618530273,3111928,18.98162078857422
2017-02-16,26.625,26.737499237060547,26.337499618530273,26.475000381469727,2184488,18.901302337646484
2017-02-17,26.362499237060547,26.450000762939453,26.1875,26.337499618530273,1853632,18.803136825561523
2017-02-20,26.4375,26.524999618530273,26.1875,26.337499618530273,1350524,18.803136825561523
2017-02-21,26.262500762939453,26.774999618530273,26.262500762939453,26.737499237060547,1894352,19.088706970214844
2017-02-22,26.850000381469727,27.274999618530273,26.625,26.887500762939453,1972932,19.195798873901367
2017-02-23,26.862499237060547,27.162500381469727,26.862499237060547,26.9375,1900488,19.231496810913086
2017-02-24,26.975000381469727,27.112499237060547,26.412500381469727,26.637500762939453,2156536,19.017314910888672
2017-02-27,26.762500762939453,26.825000762939453,26.450000762939453,26.524999618530273,1382124,18.937000274658203
2017-02-28,26.537500381469727,26.625,26.462499618530273,26.512500762939453,1953196,18.928077697753906
2017-03-01,26.637500762939453,26.950000762939453,26.587499618530273,26.825000762939453,1798824,19.15117835998535
2017-03-02,26.712499618530273,26.787500381469727,26.587499618530273,26.75,2046692,19.097633361816406
2017-03-03,26.737499237060547,26.8125,26.612499237060547,26.625,1528496,19.008392333984375
2017-03-06,26.575000762939453,26.674999237060547,26.475000381469727,26.512500762939453,1460204,18.928077697753906
2017-03-07,26.700000762939453,26.799999237060547,26.575000762939453,26.674999237060547,1647204,19.044090270996094
2017-03-08,26.5,26.825000762939453,26.387500762939453,26.662500381469727,1457832,19.035167694091797
2017-03-09,26.649999618530273,26.649999618530273,26.200000762939453,26.262500762939453,2080172,18.749591827392578
2017-03-10,26.274999618530273,26.674999237060547,26.274999618530273,26.537500381469727,1920792,18.945924758911133
2017-03-13,26.600000381469727,26.962499618530273,26.524999618530273,26.875,2242368,19.186874389648438
2017-03-14,26.875,26.912500381469727,26.662500381469727,26.862499237060547,2105588,19.177949905395508
2017-03-15,26.8125,27.024999618530273,26.787500381469727,26.837499618530273,2083936,19.16010093688965
2017-03-16,27.024999618530273,27.125,26.799999237060547,26.987499237060547,2041116,19.267196655273438
2017-03-17,26.875,27.125,26.737499237060547,27.125,2423140,19.3653621673584
2017-03-20,27.0,27.299999237060547,26.962499618530273,27.25,1328724,19.454601287841797
2017-03-21,27.274999618530273,27.337499618530273,27.012500762939453,27.137500762939453,2244664,19.374282836914062
2017-03-22,26.975000381469727,27.237499237060547,26.850000381469727,27.1875,2000416,19.40998077392578
2017-03-23,27.162500381469727,27.674999237060547,27.049999237060547,27.674999237060547,2785140,19.75801658630371
2017-03-24,27.637500762939453,27.962499618530273,27.575000762939453,27.962499618530273,1784844,19.963274002075195
2017-03-27,27.725000381469727,27.762500762939453,27.4375,27.762500762939453,2224060,19.820486068725586
2017-03-28,27.975000381469727,28.112499237060547,27.737499237060547,27.924999237060547,1851492,19.936500549316406
2017-03-29,27.862499237060547,28.037500381469727,27.662500381469727,27.762500762939453,1832780,19.820486068725586
2017-03-30,27.774999618530273,28.100000381469727,27.700000762939453,28.075000762939453,1899372,20.04359245300293
2017-03-31,28.087499618530273,28.462499618530273,27.887500762939453,28.462499618530273,3170252,20.320241928100586
2017-04-03,28.5,28.549999237060547,28.075000762939453,28.212499618530273,2325652,20.141756057739258
2017-04-04,28.112499237060547,28.3125,27.912500381469727,28.3125,2126988,20.213150024414062
2017-04-05,28.274999618530273,28.4375,28.0625,28.112499237060547,1768168,20.070363998413086
2017-04-06,27.875,28.4375,27.787500381469727,28.212499618530273,2095340,20.141756057739258
2017-04-07,28.112499237060547,28.237499237060547,28.024999618530273,28.212499618530273,1377836,20.141756057739258
2017-04-10,28.225000381469727,28.237499237060547,27.899999618530273,27.912500381469727,1913168,19.92757797241211
2017-04-11,27.8125,28.237499237060547,27.712499618530273,28.100000381469727,1917404,20.061437606811523
2017-04-12,28.287500381469727,28.399999618530273,27.899999618530273,27.975000381469727,1680628,19.972198486328125
2017-04-13,28.012500762939453,28.075000762939453,27.799999237060547,27.987499237060547,1960896,19.981122970581055
2017-04-18,28.125,28.149999618530273,27.524999618530273,27.524999618530273,3179940,19.650930404663086
2017-04-19,27.575000762939453,27.950000762939453,27.537500381469727,27.850000381469727,1972352,19.882959365844727
2017-04-20,27.75,28.4375,27.712499618530273,28.3125,2230800,20.213150024414062
2017-04-21,28.5,29.087499618530273,28.274999618530273,29.024999618530273,4232472,20.721824645996094
2017-04-24,29.75,29.875,29.375,29.600000381469727,3559404,21.132335662841797
2017-04-25,29.700000762939453,29.875,29.4375,29.5,2224812,21.060941696166992
2017-04-26,29.4375,29.700000762939453,29.350000381469727,29.700000762939453,2187412,21.2037296295166
2017-04-27,29.637500762939453,29.662500381469727,29.462499618530273,29.625,2281004,21.150182723999023
2017-04-28,29.5625,30.012500762939453,29.524999618530273,29.987499237060547,2680908,21.40898323059082
2017-05-02,30.162500381469727,30.162500381469727,29.725000381469727,29.912500381469727,2252244,21.355436325073242
2017-05-03,29.837499618530273,29.850000381469727,29.487499237060547,29.625,2422576,21.150182723999023
2017-05-04,29.737499237060547,30.0,29.612499237060547,29.924999237060547,1941488,21.364362716674805
2017-05-05,29.862499237060547,30.225000381469727,29.862499237060547,30.1875,1860676,21.55177116394043
2017-05-08,30.475000381469727,30.475000381469727,30.1875,30.299999237060547,2204896,21.6320858001709
2017-05-09,30.362499237060547,30.424999237060547,29.962499618530273,30.225000381469727,2152024,21.578540802001953
2017-05-10,30.450000762939453,30.774999618530273,30.225000381469727,30.5625,2272608,21.819494247436523
2017-05-11,30.587499618530273,30.649999618530273,30.25,30.375,1635576,21.685632705688477
2017-05-12,30.0625,30.487499237060547,30.0625,30.487499237060547,1543664,21.765947341918945
2017-05-15,30.5,30.524999618530273,30.087499618530273,30.174999237060547,2163484,21.542844772338867
2017-05-16,30.137500762939453,30.237499237060547,29.75,29.987499237060547,2366796,21.40898323059082
2017-05-17,29.5,29.924999237060547,29.475000381469727,29.700000762939453,3094520,21.2037296295166
2017-05-18,29.5625,29.725000381469727,29.137500762939453,29.350000381469727,2787696,20.953853607177734
2017-05-19,29.424999237060547,29.799999237060547,29.424999237060547,29.700000762939453,2291968,21.2037296295166
2017-05-22,29.625,29.674999237060547,29.3125,29.399999618530273,1765272,20.989547729492188
2017-05-23,29.375,29.700000762939453,29.237499237060547,29.337499618530273,2041388,20.944929122924805
2017-05-24,28.475000381469727,28.737499237060547,28.287500381469727,28.737499237060547,1805120,21.10095977783203
2017-05-25,28.887500762939453,29.049999237060547,28.762500762939453,28.950000762939453,1472348,21.256994247436523
2017-05-26,29.024999618530273,29.024999618530273,28.612499237060547,28.850000381469727,1258812,21.183563232421875
2017-05-29,28.774999618530273,28.825000762939453,28.575000762939453,28.625,776188,21.01835823059082
2017-05-30,28.549999237060547,28.850000381469727,28.412500381469727,28.774999618530273,1630488,21.12849235534668
2017-05-31,28.799999237060547,28.799999237060547,27.912500381469727,28.0,6978104,20.55944061279297
2017-06-01,28.0,28.575000762939453,27.975000381469727,28.549999237060547,2453036,20.963285446166992
2017-06-02,28.700000762939453,29.1875,28.549999237060547,29.137500762939453,2647620,21.39466667175293
2017-06-05,29.012500762939453,29.049999237060547,28.737499237060547,28.762500762939453,1390388,21.11931610107422
2017-06-06,28.875,28.9375,28.637500762939453,28.9375,2271144,21.247814178466797
2017-06-07,28.875,29.399999618530273,28.762500762939453,29.037500381469727,1861580,21.321239471435547
2017-06-08,29.0,29.200000762939453,28.862499237060547,29.0,1980356,21.293704986572266
2017-06-09,29.075000762939453,29.587499618530273,28.962499618530273,29.5,2102248,21.660837173461914
2017-06-12,29.362499237060547,29.899999618530273,29.3125,29.575000762939453,2988148,21.71590805053711
2017-06-13,29.649999618530273,29.762500762939453,29.549999237060547,29.587499618530273,1245512,21.72508430480957
2017-06-14,29.75,30.462499618530273,29.75,30.125,4299064,22.119754791259766
2017-06-15,30.037500381469727,30.075000762939453,29.549999237060547,29.899999618530273,2925636,21.95454216003418
2017-06-16,30.012500762939453,30.299999237060547,29.887500762939453,30.225000381469727,4227416,22.193180084228516
2017-06-19,30.487499237060547,30.725000381469727,30.125,30.225000381469727,2039724,22.193180084228516
2017-06-20,30.325000762939453,30.325000762939453,29.787500381469727,29.850000381469727,2031632,21.917831420898438
2017-06-21,29.774999618530273,30.037500381469727,29.537500381469727,29.924999237060547,1793696,21.972900390625
2017-06-22,29.875,30.087499618530273,29.612499237060547,30.0625,1395920,22.073862075805664
2017-06-23,30.012500762939453,30.1875,29.637500762939453,29.787500381469727,1385160,21.871936798095703
2017-06-26,29.9375,30.412500381469727,29.924999237060547,30.225000381469727,1953756,22.193180084228516
2017-06-27,29.875,30.037500381469727,29.625,29.837499618530273,2483836,21.90865135192871
2017-06-28,29.662500381469727,30.049999237060547,29.412500381469727,29.850000381469727,1718100,21.917831420898438
2017-06-29,29.950000762939453,30.0,29.037500381469727,29.3125,2133936,21.523160934448242
2017-06-30,29.325000762939453,29.5625,29.100000381469727,29.100000381469727,2274484,21.367130279541016
2017-07-03,29.262500762939453,29.762500762939453,29.225000381469727,29.637500762939453,1687264,21.761798858642578
2017-07-04,29.424999237060547,29.674999237060547,29.25,29.3125,1134004,21.523160934448242
2017-07-05,29.325000762939453,29.5,29.212499618530273,29.475000381469727,1370160,21.642480850219727
2017-07-06,29.537500381469727,29.6875,29.387500762939453,29.612499237060547,1610832,21.743444442749023
2017-07-07,29.5625,29.75,29.475000381469727,29.75,1163124,21.844402313232422
2017-07-10,29.825000762939453,29.924999237060547,29.625,29.8125,1098548,21.890295028686523
2017-07-11,29.837499618530273,29.950000762939453,29.725000381469727,29.787500381469727,1039296,21.871936798095703
2017-07-12,29.962499618530273,30.362499237060547,29.825000762939453,30.299999237060547,1870936,22.248249053955078
2017-07-13,30.274999618530273,30.75,30.225000381469727,30.575000762939453,1689196,22.45017433166504
2017-07-14,30.6875,30.912500381469727,30.537500381469727,30.662500381469727,1100324,22.514421463012695
2017-07-17,30.737499237060547,30.962499618530273,30.662500381469727,30.674999237060547,1048564,22.523601531982422
2017-07-18,30.649999618530273,30.649999618530273,29.912500381469727,29.950000762939453,2980220,21.991256713867188
2017-07-19,30.162500381469727,30.287500381469727,30.0,30.287500381469727,1415968,22.239070892333984
2017-07-20,30.25,30.387500762939453,29.725000381469727,29.75,2409512,21.844402313232422
2017-07-21,29.762500762939453,29.862499237060547,29.087499618530273,29.337499618530273,2952728,21.541519165039062
2017-07-24,29.3125,29.362499237060547,28.837499618530273,29.125,2636400,21.385488510131836
2017-07-25,29.1875,29.299999237060547,29.049999237060547,29.100000381469727,1615532,21.367130279541016
2017-07-26,28.725000381469727,29.262500762939453,28.487499237060547,28.987499237060547,2506644,21.284523010253906
2017-07-27,29.024999618530273,29.075000762939453,28.737499237060547,28.875,2882732,21.201923370361328
2017-07-28,28.799999237060547,28.837499618530273,28.362499237060547,28.700000762939453,3582348,21.073423385620117
2017-07-31,28.737499237060547,29.012500762939453,28.524999618530273,28.587499618530273,2428212,20.990819931030273
2017-08-01,28.75,28.862499237060547,28.462499618530273,28.662500381469727,1642416,21.04589080810547
2017-08-02,28.625,28.962499618530273,28.5,28.674999237060547,1887984,21.05506706237793
2017-08-03,28.612499237060547,29.125,28.5,29.0,2343648,21.293704986572266
2017-08-04,29.0,29.375,28.725000381469727,29.174999237060547,1555632,21.42220115661621
2017-08-07,29.362499237060547,29.424999237060547,29.237499237060547,29.337499618530273,1207288,21.541519165039062
2017-08-08,29.362499237060547,29.725000381469727,29.287500381469727,29.662500381469727,1440676,21.7801570892334
2017-08-09,29.549999237060547,29.637500762939453,29.225000381469727,29.412500381469727,1220988,21.596588134765625
2017-08-10,29.387500762939453,29.424999237060547,29.100000381469727,29.424999237060547,1104084,21.605770111083984
2017-08-11,29.212499618530273,29.237499237060547,28.875,29.024999618530273,1504000,21.312063217163086
2017-08-14,29.125,29.375,29.125,29.287500381469727,914580,21.50480842590332
2017-08-15,29.450000762939453,29.450000762939453,29.125,29.1875,1061204,21.431379318237305
2017-08-16,29.287500381469727,29.462499618530273,29.149999618530273,29.4375,1417072,21.614946365356445
2017-08-17,29.4375,29.575000762939453,29.112499237060547,29.200000762939453,1367716,21.4405574798584
2017-08-18,29.075000762939453,29.075000762939453,28.549999237060547,28.649999618530273,2348116,21.036712646484375
2017-08-21,28.512500762939453,28.662500381469727,28.274999618530273,28.462499618530273,1584368,20.899036407470703
2017-08-22,28.674999237060547,28.962499618530273,28.587499618530273,28.950000762939453,1487168,21.256994247436523
2017-08-23,28.912500381469727,29.087499618530273,28.887500762939453,29.012500762939453,1103416,21.302885055541992
2017-08-24,29.162500381469727,29.387500762939453,29.0625,29.0625,1587892,21.3395938873291
2017-08-25,29.087499618530273,29.174999237060547,28.75,28.75,1118784,21.110137939453125
2017-08-28,28.799999237060547,29.237499237060547,28.762500762939453,29.225000381469727,1251644,21.45891571044922
2017-08-29,28.987499237060547,28.987499237060547,28.475000381469727,28.700000762939453,1889652,21.073423385620117
2017-08-30,28.850000381469727,28.875,28.4375,28.649999618530273,1498072,21.036712646484375
2017-08-31,28.799999237060547,28.962499618530273,28.587499618530273,28.625,1639124,21.01835823059082
2017-09-01,28.649999618530273,29.049999237060547,28.587499618530273,28.887500762939453,1202168,21.21109962463379
2017-09-04,28.600000381469727,29.037500381469727,28.600000381469727,28.950000762939453,953620,21.256994247436523
2017-09-05,28.9375,29.337499618530273,28.9375,29.225000381469727,1501700,21.45891571044922
2017-09-06,29.262500762939453,29.587499618530273,29.0,29.112499237060547,1965048,21.376310348510742
2017-09-07,29.262500762939453,29.299999237060547,28.825000762939453,29.037500381469727,2140884,21.321239471435547
2017-09-08,28.875,29.212499618530273,28.875,29.212499618530273,977172,21.449739456176758
2017-09-11,29.3125,29.575000762939453,29.262500762939453,29.537500381469727,1228676,21.68837547302246
2017-09-12,29.537500381469727,30.125,29.399999618530273,29.899999618530273,2609216,21.95454216003418
2017-09-13,29.799999237060547,29.962499618530273,29.1875,29.287500381469727,2653400,21.50480842590332
2017-09-14,29.25,29.362499237060547,29.012500762939453,29.137500762939453,2435224,21.39466667175293
2017-09-15,29.262500762939453,30.012500762939453,29.112499237060547,30.0,3140292,22.027969360351562
2017-09-18,30.024999618530273,30.075000762939453,29.762500762939453,29.8125,1610076,21.890295028686523
2017-09-19,29.799999237060547,30.337499618530273,29.762500762939453,30.212499618530273,1806116,22.184003829956055
2017-09-20,30.112499237060547,30.299999237060547,30.049999237060547,30.299999237060547,946260,22.248249053955078
2017-09-21,30.3125,30.975000381469727,30.162500381469727,30.9375,2124700,22.71634292602539
2017-09-22,30.787500381469727,31.100000381469727,30.637500762939453,31.037500381469727,1553628,22.789772033691406
2017-09-25,30.975000381469727,31.200000762939453,30.899999618530273,31.112499237060547,1313628,22.84484100341797
2017-09-26,31.037500381469727,31.424999237060547,30.987499237060547,31.337499618530273,1616808,23.01004981994629
2017-09-27,31.325000762939453,31.325000762939453,30.850000381469727,31.037500381469727,1974232,22.789772033691406
2017-09-28,31.049999237060547,31.100000381469727,30.587499618530273,30.625,2701164,22.486888885498047
2017-09-29,30.662500381469727,30.875,30.350000381469727,30.875,2747428,22.670452117919922
2017-10-02,30.850000381469727,30.924999237060547,30.4375,30.625,1448876,22.486888885498047
2017-10-03,30.75,30.787500381469727,30.399999618530273,30.487499237060547,1578180,22.385923385620117
2017-10-04,30.600000381469727,30.799999237060547,30.174999237060547,30.637500762939453,2789740,22.496065139770508
2017-10-05,30.612499237060547,30.924999237060547,30.487499237060547,30.587499618530273,1806208,22.459348678588867
2017-10-06,30.575000762939453,30.75,30.387500762939453,30.450000762939453,1319848,22.358388900756836
2017-10-09,30.537500381469727,30.700000762939453,30.399999618530273,30.475000381469727,808516,22.376745223999023
2017-10-10,30.524999618530273,30.737499237060547,30.299999237060547,30.674999237060547,1490868,22.523601531982422
2017-10-11,30.649999618530273,30.75,30.487499237060547,30.662500381469727,1032412,22.514421463012695
2017-10-12,30.6875,30.75,30.424999237060547,30.575000762939453,979696,22.45017433166504
2017-10-13,30.625,30.649999618530273,30.3125,30.575000762939453,1282440,22.45017433166504
2017-10-16,30.625,30.674999237060547,30.325000762939453,30.325000762939453,1190640,22.2666072845459
2017-10-17,30.325000762939453,30.512500762939453,30.200000762939453,30.325000762939453,1418212,22.2666072845459
2017-10-18,30.337499618530273,30.549999237060547,30.274999618530273,30.462499618530273,1270948,22.367568969726562
2017-10-19,30.3125,30.549999237060547,29.837499618530273,29.987499237060547,2228120,22.01879119873047
2017-10-20,29.899999618530273,30.387500762939453,29.875,30.274999618530273,2776588,22.229894638061523
2017-10-23,30.25,30.625,30.212499618530273,30.475000381469727,1497784,22.376745223999023
2017-10-24,30.350000381469727,30.774999618530273,30.3125,30.662500381469727,1494108,22.514421463012695
2017-10-25,30.575000762939453,30.912500381469727,30.399999618530273,30.887500762939453,1790740,22.67963218688965
2017-10-26,30.850000381469727,31.475000381469727,30.837499618530273,31.475000381469727,2231392,23.111013412475586
2017-10-27,31.575000762939453,31.799999237060547,31.450000762939453,31.674999237060547,1973212,23.257863998413086
2017-10-30,31.587499618530273,31.674999237060547,31.137500762939453,31.174999237060547,1972404,22.890731811523438
2017-10-31,31.1875,31.262500762939453,30.825000762939453,31.049999237060547,1586928,22.7989501953125
2017-11-01,31.0625,31.587499618530273,31.012500762939453,31.412500381469727,1577404,23.065120697021484
2017-11-02,31.712499618530273,31.8125,31.524999618530273,31.725000381469727,1822092,23.29458236694336
2017-11-03,31.75,32.099998474121094,31.674999237060547,31.799999237060547,1577244,23.349651336669922
2017-11-06,31.75,31.787500381469727,31.412500381469727,31.649999618530273,1175940,23.23950958251953
2017-11-07,31.762500762939453,31.887500762939453,31.424999237060547,31.512500762939453,1392120,23.138547897338867
2017-11-08,31.625,31.774999618530273,30.887500762939453,30.962499618530273,2075108,22.734699249267578
2017-11-09,30.899999618530273,31.287500381469727,30.450000762939453,30.5625,2407828,22.440996170043945
2017-11-10,30.450000762939453,30.462499618530273,29.975000381469727,30.0,2643584,22.027969360351562
2017-11-13,30.012500762939453,30.174999237060547,29.537500381469727,29.75,1989780,21.844402313232422
2017-11-14,29.799999237060547,29.899999618530273,29.512500762939453,29.662500381469727,1530376,21.7801570892334
2017-11-15,29.587499618530273,29.787500381469727,29.337499618530273,29.450000762939453,2232196,21.62412452697754
2017-11-16,29.575000762939453,29.799999237060547,29.462499618530273,29.587499618530273,1820104,21.72508430480957
2017-11-17,29.5625,29.75,29.362499237060547,29.362499237060547,1846256,21.559877395629883
2017-11-20,29.25,29.649999618530273,29.174999237060547,29.575000762939453,1564364,21.71590805053711
2017-11-21,29.600000381469727,30.024999618530273,29.450000762939453,29.575000762939453,2160756,21.71590805053711
2017-11-22,29.5625,29.649999618530273,29.174999237060547,29.174999237060547,1793480,21.42220115661621
2017-11-23,29.075000762939453,29.475000381469727,28.962499618530273,29.387500762939453,1264488,21.578231811523438
2017-11-24,29.350000381469727,29.625,29.3125,29.462499618530273,1367748,21.633302688598633
2017-11-27,29.412500381469727,29.612499237060547,29.3125,29.450000762939453,1349232,21.62412452697754
2017-11-28,29.575000762939453,30.337499618530273,29.512500762939453,30.337499618530273,3638748,22.275785446166992
2017-11-29,30.5,30.737499237060547,30.362499237060547,30.575000762939453,2704592,22.45017433166504
2017-11-30,30.575000762939453,30.799999237060547,30.462499618530273,30.462499618530273,3053456,22.367568969726562
2017-12-01,30.537500381469727,30.75,29.850000381469727,30.325000762939453,2325464,22.2666072845459
2017-12-04,30.587499618530273,31.024999618530273,30.387500762939453,31.0,2441328,22.762235641479492
2017-12-05,31.012500762939453,31.200000762939453,30.6875,30.8125,1900888,22.624563217163086
2017-12-06,30.512500762939453,31.049999237060547,30.287500381469727,31.012500762939453,2061436,22.77141571044922
2017-12-07,31.0625,31.212499618530273,30.887500762939453,31.149999618530273,1681512,22.87237548828125
2017-12-08,31.287500381469727,31.424999237060547,31.087499618530273,31.162500381469727,1479816,22.88155746459961
2017-12-11,31.137500762939453,31.200000762939453,30.612499237060547,30.612499237060547,2363944,22.47770881652832
2017-12-12,30.575000762939453,30.649999618530273,30.237499237060547,30.649999618530273,2223324,22.50524139404297
2017-12-13,30.725000381469727,30.737499237060547,30.462499618530273,30.549999237060547,1873432,22.43181610107422
2017-12-14,30.5,30.649999618530273,30.200000762939453,30.200000762939453,1954904,22.17482566833496
2017-12-15,30.012500762939453,30.200000762939453,29.649999618530273,30.149999618530273,3911064,22.138111114501953
2017-12-18,30.337499618530273,30.799999237060547,30.337499618530273,30.549999237060547,1649424,22.43181610107422
2017-12-19,30.537500381469727,30.950000762939453,30.537500381469727,30.587499618530273,1487400,22.459348678588867
2017-12-20,30.549999237060547,30.875,30.424999237060547,30.600000381469727,1075096,22.46852684020996
2017-12-21,30.5,30.5625,30.350000381469727,30.5625,1269036,22.440996170043945
2017-12-22,30.5,30.600000381469727,30.237499237060547,30.462499618530273,825212,22.367568969726562
2017-12-27,30.350000381469727,30.662500381469727,30.325000762939453,30.424999237060547,837608,22.34003448486328
2017-12-28,30.375,30.399999618530273,30.174999237060547,30.25,994404,22.211538314819336
2017-12-29,30.162500381469727,30.25,29.875,29.887500762939453,1064088,21.945363998413086
2018-01-02,29.912500381469727,30.012500762939453,29.350000381469727,30.012500762939453,1145520,22.03714942932129
2018-01-03,30.012500762939453,30.399999618530273,29.962499618530273,30.350000381469727,1327828,22.28496551513672
2018-01-04,30.5625,31.0625,30.537500381469727,30.862499237060547,3104204,22.661270141601562
2018-01-05,30.862499237060547,31.5,30.862499237060547,31.487499237060547,2378948,23.120189666748047
2018-01-08,31.487499237060547,32.099998474121094,31.462499618530273,31.825000762939453,2337540,23.368005752563477
2018-01-09,31.825000762939453,32.54999923706055,31.825000762939453,32.45000076293945,2639132,23.826921463012695
2018-01-10,32.4375,32.525001525878906,31.975000381469727,32.212501525878906,2282092,23.652536392211914
2018-01-11,32.212501525878906,32.25,31.899999618530273,32.11249923706055,1927872,23.5791072845459
2018-01-12,32.1875,32.412498474121094,31.950000762939453,32.212501525878906,1829372,23.652536392211914
2018-01-15,32.125,32.212501525878906,31.924999237060547,32.0,1235868,23.49650001525879
2018-01-16,32.0625,32.587501525878906,32.0625,32.537498474121094,2487660,23.891170501708984
2018-01-17,32.5,32.712501525878906,32.17499923706055,32.42499923706055,2167152,23.808565139770508
2018-01-18,32.5625,32.625,31.762500762939453,31.975000381469727,2813188,23.478145599365234
2018-01-19,31.950000762939453,32.5,31.950000762939453,32.375,1820936,23.771852493286133
2018-01-22,32.349998474121094,32.375,32.037498474121094,32.13750076293945,1344368,23.597461700439453
2018-01-23,32.3125,32.36249923706055,31.799999237060547,31.799999237060547,1859336,23.349651336669922
2018-01-24,31.887500762939453,32.0625,31.612499237060547,31.649999618530273,1987332,23.23950958251953
2018-01-25,31.575000762939453,32.125,31.387500762939453,31.662500381469727,2024948,23.248685836791992
2018-01-26,32.25,32.48749923706055,31.975000381469727,32.375,1975944,23.771852493286133
2018-01-29,32.412498474121094,32.650001525878906,32.25,32.3125,1432132,23.725961685180664
2018-01-30,32.13750076293945,32.599998474121094,31.912500381469727,32.13750076293945,2306892,23.597461700439453
2018-01-31,32.212501525878906,32.662498474121094,32.162498474121094,32.20000076293945,2019432,23.643354415893555
2018-02-01,32.32500076293945,32.599998474121094,31.887500762939453,31.975000381469727,1735988,23.478145599365234
2018-02-02,31.799999237060547,31.875,31.087499618530273,31.375,2621744,23.037586212158203
2018-02-05,31.237499237060547,31.337499618530273,30.762500762939453,30.825000762939453,1860908,22.63374137878418
2018-02-06,29.674999237060547,31.112499237060547,29.375,30.862499237060547,3852048,22.661270141601562
2018-02-07,31.387500762939453,31.674999237060547,30.912500381469727,31.637500762939453,2675548,23.230331420898438
2018-02-08,31.5,31.625,30.787500381469727,30.875,2386764,22.670452117919922
2018-02-09,30.674999237060547,31.087499618530273,30.25,30.512500762939453,2704388,22.40428352355957
2018-02-12,30.887500762939453,31.587499618530273,30.662500381469727,31.325000762939453,2802132,23.000873565673828
2018-02-13,31.325000762939453,31.325000762939453,30.387500762939453,30.674999237060547,2989292,22.523601531982422
2018-02-14,30.887500762939453,31.337499618530273,30.262500762939453,31.0625,2555812,22.808128356933594
2018-02-15,31.125,31.4375,30.662500381469727,30.787500381469727,2766052,22.606203079223633
2018-02-16,30.862499237060547,31.662500381469727,30.862499237060547,31.549999237060547,2603712,23.16608238220215
2018-02-19,31.75,31.75,31.100000381469727,31.137500762939453,1282336,22.863197326660156
2018-02-20,31.100000381469727,31.575000762939453,30.9375,31.575000762939453,2020624,23.184438705444336
2018-02-21,31.549999237060547,31.912500381469727,31.237499237060547,31.912500381469727,1420652,23.432252883911133
2018-02-22,31.662500381469727,31.762500762939453,31.274999618530273,31.487499237060547,1598284,23.120189666748047
2018-02-23,31.600000381469727,31.625,31.225000381469727,31.325000762939453,1746572,23.000873565673828
2018-02-26,31.487499237060547,31.700000762939453,31.412500381469727,31.587499618530273,1387572,23.19361686706543
2018-02-27,31.625,31.862499237060547,31.412500381469727,31.600000381469727,1598764,23.20279312133789
2018-02-28,31.512500762939453,31.762500762939453,31.450000762939453,31.674999237060547,1488984,23.257863998413086
2018-03-01,31.674999237060547,31.887500762939453,31.024999618530273,31.0625,2502472,22.808128356933594
2018-03-02,30.875,31.024999618530273,30.399999618530273,30.512500762939453,2356740,22.40428352355957
2018-03-05,30.350000381469727,30.987499237060547,30.100000381469727,30.662500381469727,3131196,22.514421463012695
2018-03-06,30.950000762939453,31.049999237060547,30.524999618530273,30.524999618530273,2515836,22.41345977783203
2018-03-07,30.399999618530273,30.950000762939453,30.212499618530273,30.637500762939453,3048568,22.496065139770508
2018-03-08,30.725000381469727,31.487499237060547,30.674999237060547,31.412500381469727,2226408,23.065120697021484
2018-03-09,31.325000762939453,31.462499618530273,30.950000762939453,31.212499618530273,2440244,22.91826820373535
2018-03-12,31.399999618530273,31.4375,31.25,31.3125,1429448,22.991697311401367
2018-03-13,31.375,31.737499237060547,31.3125,31.424999237060547,2366364,23.074298858642578
2018-03-14,31.462499618530273,31.674999237060547,31.299999237060547,31.537500381469727,1491772,23.156906127929688
2018-03-15,31.587499618530273,31.850000381469727,31.462499618530273,31.762500762939453,1459912,23.322114944458008
2018-03-16,31.725000381469727,31.875,31.399999618530273,31.774999618530273,3043620,23.33129119873047
2018-03-19,31.700000762939453,31.700000762939453,31.0625,31.225000381469727,1618420,22.927446365356445
2018-03-20,31.087499618530273,31.662500381469727,31.087499618530273,31.587499618530273,1626852,23.19361686706543
2018-03-21,31.612499237060547,31.737499237060547,31.462499618530273,31.587499618530273,1353364,23.19361686706543
2018-03-22,31.299999237060547,31.462499618530273,30.587499618530273,30.762500762939453,2656800,22.58785057067871
2018-03-23,30.0,30.200000762939453,29.587499618530273,29.774999618530273,3381588,21.862760543823242
2018-03-26,29.899999618530273,30.024999618530273,29.462499618530273,29.524999618530273,1896920,21.6791934967041
2018-03-27,29.950000762939453,30.0,29.412500381469727,29.575000762939453,2246140,21.71590805053711
2018-03-28,29.375,29.587499618530273,28.9375,29.337499618530273,2522448,21.541519165039062
2018-03-29,29.5,30.024999618530273,29.5,29.975000381469727,2890632,22.009613037109375
2018-04-03,29.787500381469727,29.924999237060547,29.25,29.575000762939453,2576596,21.71590805053711
2018-04-04,29.549999237060547,29.6875,29.200000762939453,29.600000381469727,2965376,21.734264373779297
2018-04-05,30.100000381469727,30.200000762939453,29.762500762939453,29.825000762939453,2220600,21.89947509765625
2018-04-06,29.75,29.924999237060547,29.649999618530273,29.850000381469727,2380396,21.917831420898438
2018-04-09,29.924999237060547,29.987499237060547,29.537500381469727,29.762500762939453,1838748,21.85358238220215
2018-04-10,30.0,30.575000762939453,29.962499618530273,30.412500381469727,2572732,22.330856323242188
2018-04-11,30.399999618530273,30.399999618530273,29.850000381469727,30.0,1818380,22.027969360351562
2018-04-12,29.950000762939453,30.212499618530273,29.899999618530273,30.137500762939453,1514880,22.128934860229492
2018-04-13,30.237499237060547,30.237499237060547,29.850000381469727,29.899999618530273,1797624,21.95454216003418
2018-04-16,29.912500381469727,29.987499237060547,29.424999237060547,29.612499237060547,2185760,21.743444442749023
2018-04-17,29.725000381469727,30.162500381469727,29.649999618530273,30.100000381469727,2181140,22.101396560668945
2018-04-18,30.075000762939453,30.112499237060547,28.487499237060547,29.287500381469727,4511632,21.50480842590332
2018-04-19,29.25,29.6875,29.049999237060547,29.575000762939453,2332572,21.71590805053711
2018-04-20,29.575000762939453,29.575000762939453,29.0625,29.3125,2596596,21.523160934448242
2018-04-23,29.25,29.612499237060547,29.212499618530273,29.575000762939453,2006232,21.71590805053711
2018-04-24,29.375,30.037500381469727,29.049999237060547,30.037500381469727,4173228,22.055503845214844
2018-04-25,29.924999237060547,29.924999237060547,28.774999618530273,28.887500762939453,2940080,21.21109962463379
2018-04-26,28.924999237060547,29.350000381469727,28.850000381469727,28.862499237060547,2660496,21.1927433013916
2018-04-27,28.899999618530273,29.162500381469727,28.825000762939453,29.0,1659012,21.293704986572266
2018-04-30,28.987499237060547,29.174999237060547,28.875,29.137500762939453,1840948,21.39466667175293
2018-05-02,29.100000381469727,29.649999618530273,29.087499618530273,29.537500381469727,2831616,21.68837547302246
2018-05-03,29.5625,29.75,29.174999237060547,29.375,1636940,21.56905174255371
2018-05-04,29.362499237060547,29.575000762939453,29.112499237060547,29.4375,1973044,21.614946365356445
2018-05-07,29.412500381469727,29.412500381469727,29.0625,29.149999618530273,1670432,21.403844833374023
2018-05-08,29.174999237060547,29.412500381469727,29.012500762939453,29.325000762939453,2372056,21.53234100341797
2018-05-09,29.325000762939453,29.712499618530273,28.899999618530273,29.412500381469727,2706120,21.596588134765625
2018-05-10,29.387500762939453,29.8125,29.274999618530273,29.6875,1615504,21.798513412475586
2018-05-11,29.662500381469727,29.837499618530273,29.537500381469727,29.774999618530273,1522596,21.862760543823242
2018-05-14,29.725000381469727,29.725000381469727,29.424999237060547,29.625,1217932,21.752620697021484
2018-05-15,29.5625,29.887500762939453,29.512500762939453,29.799999237060547,2708308,21.881114959716797
2018-05-16,29.875,30.075000762939453,29.587499618530273,29.9375,2402100,21.982078552246094
2018-05-17,30.0,30.487499237060547,29.987499237060547,30.487499237060547,1826648,22.385923385620117
2018-05-18,30.337499618530273,30.424999237060547,30.137500762939453,30.1875,1701044,22.165645599365234
2018-05-21,30.174999237060547,30.337499618530273,29.975000381469727,29.975000381469727,1193632,22.009613037109375
2018-05-22,29.262500762939453,29.625,29.125,29.200000762939453,1801224,22.09473991394043
2018-05-23,29.125,29.424999237060547,29.037500381469727,29.200000762939453,2040668,22.09473991394043
2018-05-24,29.149999618530273,29.174999237060547,28.75,29.012500762939453,2377496,21.952865600585938
2018-05-25,29.100000381469727,29.212499618530273,28.799999237060547,29.024999618530273,1765568,21.962322235107422
2018-05-28,29.112499237060547,29.287500381469727,28.762500762939453,28.875,940532,21.84882354736328
2018-05-29,28.674999237060547,28.774999618530273,27.9375,27.9375,3376132,21.139442443847656
2018-05-30,27.975000381469727,28.274999618530273,27.924999237060547,28.274999618530273,2475192,21.394819259643555
2018-05-31,28.362499237060547,28.375,27.524999618530273,27.674999237060547,4774844,20.940818786621094
2018-06-01,27.875,28.174999237060547,27.8125,28.012500762939453,2216704,21.196195602416992
2018-06-04,28.087499618530273,28.662500381469727,28.087499618530273,28.4375,2033600,21.517778396606445
2018-06-05,28.4375,29.100000381469727,28.424999237060547,28.987499237060547,2547172,21.93394660949707
2018-06-06,29.049999237060547,29.287500381469727,28.987499237060547,29.274999618530273,2279620,22.1514892578125
2018-06-07,29.424999237060547,29.600000381469727,29.237499237060547,29.274999618530273,2205444,22.1514892578125
2018-06-08,29.112499237060547,29.162500381469727,28.799999237060547,29.112499237060547,1602824,22.028532028198242
2018-06-11,29.225000381469727,29.225000381469727,28.649999618530273,28.862499237060547,2115696,21.839365005493164
2018-06-12,28.950000762939453,28.987499237060547,27.837499618530273,28.037500381469727,4868820,21.215110778808594
2018-06-13,28.287500381469727,28.287500381469727,27.5,27.5,3415236,20.808401107788086
2018-06-14,27.274999618530273,27.962499618530273,27.149999618530273,27.625,3617644,20.902986526489258
2018-06-15,27.700000762939453,28.3125,27.662500381469727,28.237499237060547,3992224,21.366445541381836
2018-06-18,28.100000381469727,28.137500762939453,27.450000762939453,27.75,2425700,20.997568130493164
2018-06-19,27.287500381469727,28.0,27.274999618530273,27.600000381469727,3275484,20.884065628051758
2018-06-20,27.637500762939453,27.75,27.274999618530273,27.274999618530273,2559596,20.638151168823242
2018-06-21,27.25,27.5,26.899999618530273,26.899999618530273,3670436,20.354398727416992
2018-06-22,26.962499618530273,27.162500381469727,26.799999237060547,27.087499618530273,1949808,20.49627685546875
2018-06-25,27.0,27.075000762939453,26.700000762939453,26.737499237060547,1527916,20.231441497802734
2018-06-26,26.862499237060547,27.037500381469727,26.612499237060547,26.649999618530273,1657856,20.165233612060547
2018-06-27,26.649999618530273,26.725000381469727,26.262500762939453,26.262500762939453,3634956,19.872020721435547
2018-06-28,26.212499618530273,26.375,25.912500381469727,26.0,2980172,19.673397064208984
2018-06-29,26.174999237060547,26.4375,26.037500381469727,26.075000762939453,2576448,19.73015022277832
2018-07-02,25.899999618530273,26.162500381469727,25.712499618530273,25.875,1863020,19.578811645507812
2018-07-03,26.012500762939453,26.100000381469727,25.75,25.862499237060547,2411296,19.569355010986328
2018-07-04,25.887500762939453,25.9375,25.637500762939453,25.712499618530273,1792796,19.455856323242188
2018-07-05,25.862499237060547,26.862499237060547,25.837499618530273,26.450000762939453,4236640,20.013900756835938
2018-07-06,26.5625,26.600000381469727,25.837499618530273,26.037500381469727,2219184,19.701772689819336
2018-07-09,26.174999237060547,26.1875,25.662500381469727,25.725000381469727,2647120,19.465312957763672
2018-07-10,25.662500381469727,25.799999237060547,25.3125,25.774999618530273,4133884,19.503145217895508
2018-07-11,25.524999618530273,25.75,25.4375,25.5,2775984,19.295063018798828
2018-07-12,25.625,26.125,25.487499237060547,26.024999618530273,3421656,19.69231605529785
2018-07-13,26.200000762939453,26.725000381469727,26.137500762939453,26.700000762939453,2838992,20.203065872192383
2018-07-16,26.762500762939453,26.862499237060547,26.424999237060547,26.537500381469727,1905336,20.080108642578125
2018-07-17,27.1875,27.200000762939453,26.399999618530273,26.787500381469727,2386848,20.26927375793457
2018-07-18,26.962499618530273,27.412500381469727,26.924999237060547,27.037500381469727,2434840,20.458444595336914
2018-07-19,26.975000381469727,27.25,26.825000762939453,27.137500762939453,2094244,20.53411102294922
2018-07-20,27.112499237060547,27.112499237060547,26.424999237060547,27.037500381469727,3065212,20.458444595336914
2018-07-23,26.975000381469727,27.25,26.549999237060547,26.875,2084336,20.335481643676758
2018-07-24,27.075000762939453,27.600000381469727,26.700000762939453,27.462499618530273,3289996,20.780025482177734
2018-07-25,27.575000762939453,27.587499618530273,26.774999618530273,26.887500762939453,3281624,20.344942092895508
2018-07-26,27.25,27.787500381469727,27.200000762939453,27.450000762939453,3046284,20.77056884765625
2018-07-27,27.412500381469727,27.649999618530273,27.262500762939453,27.625,2269084,20.902986526489258
2018-07-30,27.512500762939453,27.825000762939453,27.424999237060547,27.75,1517048,20.997568130493164
2018-07-31,27.712499618530273,27.787500381469727,27.462499618530273,27.524999618530273,2247668,20.82731819152832
2018-08-01,27.612499237060547,27.612499237060547,27.149999618530273,27.25,2149428,20.619234085083008
2018-08-02,27.162500381469727,27.4375,26.837499618530273,27.387500762939453,2465864,20.723276138305664
2018-08-03,27.4375,27.612499237060547,27.337499618530273,27.399999618530273,1437848,20.732736587524414
2018-08-06,27.524999618530273,27.662500381469727,27.274999618530273,27.587499618530273,1411792,20.874610900878906
2018-08-07,27.700000762939453,27.875,27.537500381469727,27.575000762939453,1535816,20.865154266357422
2018-08-08,27.637500762939453,28.024999618530273,27.549999237060547,27.912500381469727,1389272,21.120527267456055
2018-08-09,27.862499237060547,28.075000762939453,27.625,27.987499237060547,1666052,21.177276611328125
2018-08-10,27.950000762939453,27.987499237060547,27.537500381469727,27.774999618530273,1744176,21.016483306884766
2018-08-13,27.700000762939453,27.8125,27.524999618530273,27.625,1150524,20.902986526489258
2018-08-14,27.737499237060547,27.837499618530273,27.575000762939453,27.712499618530273,1167380,20.969194412231445
2018-08-15,27.662500381469727,27.737499237060547,26.8125,26.950000762939453,2668436,20.392230987548828
2018-08-16,27.100000381469727,27.325000762939453,27.0,27.25,1841036,20.619234085083008
2018-08-17,27.25,27.25,26.625,27.0,1937028,20.43006706237793
2018-08-20,27.0625,27.237499237060547,26.987499237060547,27.075000762939453,1540444,20.48681640625
2018-08-21,27.100000381469727,27.375,26.962499618530273,27.237499237060547,1415492,20.609773635864258
2018-08-22,27.237499237060547,27.350000381469727,25.0625,26.162500381469727,6785456,19.796358108520508
2018-08-23,26.274999618530273,26.4375,25.575000762939453,25.575000762939453,4338276,19.3518123626709
2018-08-24,25.587499618530273,25.774999618530273,25.5625,25.6875,2116724,19.436939239501953
2018-08-27,25.799999237060547,26.012500762939453,25.662500381469727,25.975000381469727,1843584,19.654483795166016
2018-08-28,26.112499237060547,26.3125,26.049999237060547,26.087499618530273,2972888,19.73960304260254
2018-08-29,26.112499237060547,26.225000381469727,25.6875,25.899999618530273,2741948,19.59773063659668
2018-08-30,25.8125,26.149999618530273,25.637500762939453,26.0625,3685328,19.72068977355957
2018-08-31,25.75,25.799999237060547,25.487499237060547,25.487499237060547,2523076,19.285606384277344
2018-09-03,25.362499237060547,25.399999618530273,25.112499237060547,25.325000762939453,1830480,19.162649154663086
2018-09-04,25.399999618530273,25.4375,24.975000381469727,25.137500762939453,1903592,19.02077293395996
2018-09-05,25.087499618530273,25.087499618530273,24.670000076293945,24.885000228881836,2743348,18.8297119140625
2018-09-06,24.895000457763672,25.237499237060547,24.704999923706055,24.905000686645508,3115956,18.844844818115234
2018-09-07,24.885000228881836,25.087499618530273,24.639999389648438,25.049999237060547,2916700,18.95456314086914
2018-09-10,25.049999237060547,25.100000381469727,24.885000228881836,24.9950008392334,1986888,18.912944793701172
2018-09-11,25.149999618530273,25.149999618530273,24.6200008392334,24.829999923706055,2613864,18.788095474243164
2018-09-12,24.829999923706055,25.0,24.510000228881836,24.75,2610348,18.727561950683594
2018-09-13,25.174999237060547,25.75,25.112499237060547,25.649999618530273,4248592,19.40856170654297
2018-09-14,25.75,25.899999618530273,25.587499618530273,25.774999618530273,2301140,19.503145217895508
2018-09-17,25.587499618530273,25.975000381469727,25.537500381469727,25.975000381469727,1870968,19.654483795166016
2018-09-18,25.9375,26.075000762939453,25.725000381469727,25.924999237060547,2545504,19.616647720336914
2018-09-19,25.912500381469727,26.225000381469727,25.899999618530273,26.162500381469727,1791376,19.796358108520508
2018-09-20,26.149999618530273,26.799999237060547,26.149999618530273,26.674999237060547,4024092,20.18415069580078
2018-09-21,26.8125,26.987499237060547,26.537500381469727,26.850000381469727,5195320,20.316566467285156
2018-09-24,26.762500762939453,26.774999618530273,26.412500381469727,26.412500381469727,1960312,19.985523223876953
2018-09-25,26.475000381469727,26.549999237060547,25.899999618530273,25.975000381469727,2761708,19.654483795166016
2018-09-26,26.0,26.0,25.362499237060547,25.8125,3095880,19.531522750854492
2018-09-27,25.762500762939453,25.887500762939453,25.512500762939453,25.774999618530273,1911128,19.503145217895508
2018-09-28,25.700000762939453,25.924999237060547,25.549999237060547,25.737499237060547,2681020,19.474773406982422
2018-10-01,25.825000762939453,26.137500762939453,25.587499618530273,25.887500762939453,2673332,19.588275909423828
2018-10-02,25.75,25.899999618530273,25.487499237060547,25.549999237060547,2531308,19.332897186279297
2018-10-03,26.225000381469727,26.399999618530273,25.987499237060547,26.174999237060547,2296532,19.80581283569336
2018-10-04,26.024999618530273,26.137500762939453,25.512500762939453,25.649999618530273,2924452,19.40856170654297
2018-10-05,25.662500381469727,26.0,25.399999618530273,25.950000762939453,2653408,19.635562896728516
2018-10-08,25.837499618530273,26.049999237060547,25.674999237060547,25.837499618530273,2442848,19.550437927246094
2018-10-09,25.837499618530273,26.075000762939453,25.712499618530273,25.887500762939453,2097108,19.588275909423828
2018-10-10,25.850000381469727,25.850000381469727,24.639999389648438,24.815000534057617,4240512,18.77674674987793
2018-10-11,24.5,25.162500381469727,24.274999618530273,24.735000610351562,4060632,18.71621322631836
2018-10-12,25.0625,25.112499237060547,24.510000228881836,24.55500030517578,2343168,18.580013275146484
2018-10-15,24.485000610351562,24.780000686645508,24.329999923706055,24.6299991607666,2452956,18.636760711669922
2018-10-16,24.65999984741211,25.287500381469727,24.405000686645508,25.237499237060547,2337868,19.096437454223633
2018-10-17,25.0,25.100000381469727,24.309999465942383,24.56999969482422,3347692,18.591358184814453
2018-10-18,24.80500030517578,25.25,24.625,24.725000381469727,3184528,18.70864486694336
2018-10-19,23.5,23.625,21.905000686645508,21.934999465942383,11788768,16.5975399017334
2018-10-22,22.15999984741211,22.469999313354492,22.049999237060547,22.110000610351562,3634204,16.729955673217773
2018-10-23,21.69499969482422,22.065000534057617,21.375,21.809999465942383,4682624,16.50295066833496
2018-10-24,21.815000534057617,21.8799991607666,21.375,21.375,4233236,16.173805236816406
2018-10-25,21.25,22.010000228881836,21.239999771118164,21.78499984741211,5471476,16.484037399291992
2018-10-26,21.43000030517578,21.864999771118164,21.014999389648438,21.864999771118164,4279168,16.54456901550293
2018-10-29,22.0,23.100000381469727,21.844999313354492,22.899999618530273,4900348,17.327720642089844
2018-10-30,22.905000686645508,22.985000610351562,22.290000915527344,22.774999618530273,3670568,17.233139038085938
2018-10-31,22.850000381469727,23.19499969482422,22.56999969482422,22.684999465942383,4488600,17.165040969848633
2018-11-01,22.434999465942383,23.030000686645508,22.239999771118164,22.645000457763672,2866836,17.1347713470459
2018-11-02,23.239999771118164,23.674999237060547,22.915000915527344,22.920000076293945,3201372,17.34285545349121
2018-11-05,22.924999237060547,22.94499969482422,22.354999542236328,22.399999618530273,2614084,16.949390411376953
2018-11-06,22.46500015258789,22.59000015258789,22.18000030517578,22.424999237060547,2033004,16.96830177307129
2018-11-07,22.459999084472656,23.079999923706055,22.43000030517578,22.75,2765896,17.214223861694336
2018-11-08,22.950000762939453,22.979999542236328,22.639999389648438,22.75,2684348,17.214223861694336
2018-11-09,22.719999313354492,22.729999542236328,22.219999313354492,22.415000915527344,2645880,16.96074104309082
2018-11-12,22.5049991607666,22.56999969482422,21.774999618530273,21.844999313354492,2571512,16.529436111450195
2018-11-13,21.834999084472656,22.200000762939453,21.78499984741211,22.165000915527344,3404944,16.77157211303711
2018-11-14,22.1299991607666,23.114999771118164,22.06999969482422,22.559999465942383,3780528,17.070453643798828
2018-11-15,22.635000228881836,22.649999618530273,21.969999313354492,22.424999237060547,3058672,16.96830177307129
2018-11-16,22.4950008392334,22.739999771118164,22.264999389648438,22.264999389648438,2762148,16.84723663330078
2018-11-19,22.309999465942383,22.68000030517578,22.190000534057617,22.235000610351562,2702996,16.824541091918945
2018-11-20,22.204999923706055,22.420000076293945,21.84000015258789,22.25,2580936,16.835886001586914
2018-11-21,22.434999465942383,22.829999923706055,22.274999618530273,22.78499984741211,2401516,17.240705490112305
2018-11-22,22.700000762939453,22.889999389648438,22.450000762939453,22.7450008392334,1281808,17.21044158935547
2018-11-23,22.719999313354492,23.155000686645508,22.674999237060547,22.940000534057617,1663960,17.357988357543945
2018-11-26,23.09000015258789,23.739999771118164,23.05500030517578,23.670000076293945,3000348,17.910356521606445
2018-11-27,23.704999923706055,23.7450008392334,22.690000534057617,22.75,4052004,17.214223861694336
2018-11-28,22.850000381469727,22.93000030517578,22.424999237060547,22.80500030517578,2380936,17.25583839416504
2018-11-29,23.045000076293945,23.114999771118164,22.7549991607666,22.985000610351562,2096832,17.392040252685547
2018-11-30,23.0,23.104999542236328,22.4950008392334,23.104999542236328,3267244,17.48284149169922
2018-12-03,24.024999618530273,24.114999771118164,23.084999084472656,23.139999389648438,3442296,17.50932502746582
2018-12-04,23.075000762939453,23.145000457763672,22.594999313354492,22.735000610351562,2900024,17.20287322998047
2018-12-05,22.520000457763672,22.809999465942383,22.459999084472656,22.59000015258789,1923712,17.093156814575195
2018-12-06,22.31999969482422,22.364999771118164,21.674999237060547,21.725000381469727,3358228,16.43863868713379
2018-12-07,21.829999923706055,21.9950008392334,21.549999237060547,21.549999237060547,1925316,16.30622100830078
2018-12-10,21.44499969482422,21.690000534057617,21.2549991607666,21.290000915527344,2281992,16.10948371887207
2018-12-11,21.459999084472656,21.94499969482422,21.264999389648438,21.59000015258789,2948256,16.33648681640625
2018-12-12,21.80500030517578,22.3700008392334,21.575000762939453,22.270000457763672,2560996,16.851022720336914
2018-12-13,22.325000762939453,22.350000381469727,21.985000610351562,22.1299991607666,2173552,16.745086669921875
2018-12-14,21.905000686645508,21.9950008392334,21.389999389648438,21.774999618530273,2662188,16.476470947265625
2018-12-17,21.704999923706055,21.969999313354492,21.34000015258789,21.46500015258789,2346912,16.241901397705078
2018-12-18,21.375,22.0049991607666,21.325000762939453,21.53499984741211,3838304,16.294872283935547
2018-12-19,21.579999923706055,21.795000076293945,21.420000076293945,21.635000228881836,3082536,16.370534896850586
2018-12-20,21.309999465942383,21.520000457763672,21.084999084472656,21.204999923706055,2813752,16.045167922973633
2018-12-21,21.145000457763672,21.28499984741211,20.809999465942383,21.125,5310812,15.984634399414062
2018-12-24,20.969999313354492,21.344999313354492,20.959999084472656,21.344999313354492,1408560,16.15110206604004
2018-12-27,21.30500030517578,21.7549991607666,20.670000076293945,20.80500030517578,2791168,15.742504119873047
2018-12-28,21.059999465942383,21.325000762939453,20.920000076293945,21.155000686645508,1533536,16.00733757019043
2018-12-31,21.174999237060547,21.71500015258789,21.174999237060547,21.674999237060547,823068,16.400802612304688
2019-01-02,21.40999984741211,21.46500015258789,20.934999465942383,21.395000457763672,1712112,16.188934326171875
2019-01-03,21.1299991607666,21.5,21.045000076293945,21.049999237060547,1692452,15.92788314819336
2019-01-04,21.34000015258789,21.84000015258789,21.200000762939453,21.84000015258789,1969644,16.525653839111328
2019-01-07,21.704999923706055,21.815000534057617,21.440000534057617,21.735000610351562,1637520,16.446203231811523
2019-01-08,21.80500030517578,22.329999923706055,21.645000457763672,21.985000610351562,2812540,16.635372161865234
2019-01-09,22.229999542236328,22.584999084472656,22.15999984741211,22.545000076293945,3199688,17.059104919433594
2019-01-10,22.309999465942383,22.40999984741211,22.114999771118164,22.30500030517578,1830712,16.877506256103516
2019-01-11,22.344999313354492,22.344999313354492,21.5,21.69499969482422,2867508,16.415935516357422
2019-01-14,21.385000228881836,22.235000610351562,21.329999923706055,22.235000610351562,2612108,16.824541091918945
2019-01-15,22.450000762939453,22.68000030517578,22.03499984741211,22.145000457763672,2732008,16.756439208984375
2019-01-16,21.9950008392334,22.309999465942383,21.790000915527344,22.18000030517578,2869164,16.782922744750977
2019-01-17,22.010000228881836,22.360000610351562,21.889999389648438,22.360000610351562,1832308,16.91912269592285
2019-01-18,22.559999465942383,23.28499984741211,22.5049991607666,23.25,3222304,17.592557907104492
2019-01-21,23.229999542236328,23.375,23.100000381469727,23.299999237060547,1518196,17.63039207458496
2019-01-22,23.219999313354492,23.3700008392334,22.899999618530273,23.25,1527040,17.592557907104492
2019-01-23,23.0,23.43000030517578,23.0,23.28499984741211,2098896,17.619041442871094
2019-01-24,22.635000228881836,23.610000610351562,22.55500030517578,23.610000610351562,2556880,17.864961624145508
2019-01-25,23.725000381469727,23.954999923706055,23.575000762939453,23.825000762939453,2392504,18.02764129638672
2019-01-28,23.7450008392334,23.864999771118164,23.524999618530273,23.53499984741211,1673780,17.808208465576172
2019-01-29,23.485000610351562,23.829999923706055,23.290000915527344,23.53499984741211,1837616,17.808208465576172
2019-01-30,23.635000228881836,23.924999237060547,23.579999923706055,23.920000076293945,1860252,18.09952735900879
2019-01-31,23.9950008392334,24.135000228881836,23.46500015258789,23.709999084472656,2124976,17.940624237060547
2019-02-01,23.920000076293945,24.084999084472656,23.700000762939453,23.725000381469727,1647900,17.951976776123047
2019-02-04,23.735000610351562,23.78499984741211,23.385000228881836,23.4950008392334,1884596,17.777942657470703
2019-02-05,23.604999542236328,23.825000762939453,23.440000534057617,23.700000762939453,2437372,17.933059692382812
2019-02-06,23.875,24.06999969482422,23.56999969482422,23.950000762939453,1833932,18.122228622436523
2019-02-07,23.815000534057617,23.84000015258789,22.985000610351562,22.985000610351562,2765292,17.392040252685547
2019-02-08,22.885000228881836,23.030000686645508,22.31999969482422,22.420000076293945,3063692,16.964523315429688
2019-02-11,22.469999313354492,22.690000534057617,22.329999923706055,22.690000534057617,2527636,17.168821334838867
2019-02-12,24.469999313354492,25.799999237060547,24.25,25.649999618530273,7373580,19.40856170654297
2019-02-13,25.762500762939453,26.049999237060547,25.575000762939453,25.737499237060547,2715756,19.474773406982422
2019-02-14,25.762500762939453,25.837499618530273,24.9950008392334,25.225000381469727,2972024,19.086978912353516
2019-02-15,25.262500762939453,25.850000381469727,24.94499969482422,25.350000381469727,2821956,19.181562423706055
2019-02-18,25.274999618530273,25.5625,25.024999618530273,25.5625,2231560,19.342355728149414
2019-02-19,25.399999618530273,25.625,25.162500381469727,25.325000762939453,2424896,19.162649154663086
2019-02-20,25.399999618530273,25.850000381469727,25.399999618530273,25.75,2719840,19.484230041503906
2019-02-21,25.875,25.962499618530273,25.6875,25.850000381469727,2462368,19.559898376464844
2019-02-22,25.75,25.912500381469727,25.662500381469727,25.774999618530273,1373100,19.503145217895508
2019-02-25,25.950000762939453,26.487499237060547,25.850000381469727,26.475000381469727,2730752,20.03281593322754
2019-02-26,26.3125,26.575000762939453,26.024999618530273,26.462499618530273,1992956,20.02335548400879
2019-02-27,26.4375,26.524999618530273,26.075000762939453,26.287500381469727,1975376,19.890941619873047
2019-02-28,26.25,26.462499618530273,26.137500762939453,26.375,2087856,19.957149505615234
2019-03-01,26.512500762939453,26.75,26.287500381469727,26.350000381469727,2069536,19.938232421875
2019-03-04,26.5,26.524999618530273,26.1875,26.299999237060547,1625512,19.900400161743164
2019-03-05,26.25,26.25,25.887500762939453,25.962499618530273,2392652,19.6450252532959
2019-03-06,25.899999618530273,26.012500762939453,25.6875,25.75,2937336,19.484230041503906
2019-03-07,25.649999618530273,25.787500381469727,25.375,25.549999237060547,3644496,19.332897186279297
2019-03-08,25.200000762939453,25.399999618530273,25.137500762939453,25.174999237060547,3342196,19.049142837524414
2019-03-11,25.25,25.487499237060547,25.024999618530273,25.387500762939453,1955752,19.20993995666504
2019-03-12,25.5625,25.6875,25.137500762939453,25.174999237060547,3278976,19.049142837524414
2019-03-13,25.149999618530273,25.8125,25.149999618530273,25.737499237060547,2968484,19.474773406982422
2019-03-14,25.8125,26.3125,25.712499618530273,26.0,2610488,19.673397064208984
2019-03-15,26.100000381469727,26.462499618530273,25.950000762939453,26.424999237060547,3666976,19.994983673095703
2019-03-18,26.362499237060547,26.412500381469727,26.125,26.212499618530273,1650468,19.834190368652344
2019-03-19,26.200000762939453,26.662500381469727,26.012500762939453,26.462499618530273,1962708,20.02335548400879
2019-03-20,26.450000762939453,26.450000762939453,25.912500381469727,25.912500381469727,2358400,19.60719108581543
2019-03-21,25.962499618530273,26.237499237060547,25.762500762939453,26.112499237060547,1286532,19.758522033691406
2019-03-22,26.287500381469727,26.575000762939453,25.725000381469727,25.737499237060547,2601108,19.474773406982422
2019-03-25,25.587499618530273,25.899999618530273,25.462499618530273,25.799999237060547,1690388,19.522064208984375
2019-03-26,25.875,26.075000762939453,25.712499618530273,25.975000381469727,2524144,19.654483795166016
2019-03-27,26.162500381469727,26.700000762939453,26.012500762939453,26.174999237060547,2159580,19.80581283569336
2019-03-28,26.212499618530273,26.487499237060547,25.9375,25.962499618530273,2159516,19.6450252532959
2019-03-29,26.25,26.424999237060547,26.075000762939453,26.350000381469727,2622024,19.938232421875
2019-04-01,26.75,27.375,26.6875,27.325000762939453,3198532,20.675983428955078
2019-04-02,27.325000762939453,27.575000762939453,26.987499237060547,27.4375,2422440,20.7611083984375
2019-04-03,27.575000762939453,27.912500381469727,27.5625,27.8125,3254620,21.04486083984375
2019-04-04,27.799999237060547,28.3125,27.475000381469727,27.975000381469727,4044400,21.167818069458008
2019-04-05,28.112499237060547,28.25,27.774999618530273,27.875,2225340,21.092153549194336
2019-04-08,27.700000762939453,28.037500381469727,27.700000762939453,27.850000381469727,1534384,21.07323455810547
2019-04-09,27.75,28.25,27.487499237060547,27.600000381469727,2941840,20.884065628051758
2019-04-10,27.149999618530273,28.024999618530273,27.0,28.024999618530273,2825084,21.205652236938477
2019-04-11,28.137500762939453,28.549999237060547,27.950000762939453,28.512500762939453,2742132,21.574527740478516
2019-04-12,28.399999618530273,29.087499618530273,28.100000381469727,29.087499618530273,2953428,22.009611129760742
2019-04-15,29.0,29.049999237060547,28.799999237060547,28.987499237060547,1692092,21.93394660949707
2019-04-16,28.975000381469727,29.375,28.8125,29.375,2150288,22.227155685424805
2019-04-17,29.412500381469727,29.649999618530273,29.174999237060547,29.5,2776168,22.321739196777344
2019-04-18,29.125,29.5,28.8125,29.362499237060547,3038048,22.217697143554688
2019-04-23,29.25,29.524999618530273,28.912500381469727,28.962499618530273,2822356,21.91503143310547
2019-04-24,28.5625,28.924999237060547,27.625,28.625,3118268,21.65965461730957
2019-04-25,28.987499237060547,29.375,28.837499618530273,28.837499618530273,2619744,21.820444107055664
2019-04-26,29.037500381469727,29.162500381469727,28.737499237060547,29.037500381469727,2035872,21.97178077697754
2019-04-29,28.950000762939453,29.3125,28.924999237060547,29.100000381469727,1591360,22.019073486328125
2019-04-30,29.012500762939453,29.037500381469727,28.6875,28.787500381469727,2014800,21.782611846923828
2019-05-02,28.712499618530273,28.875,28.524999618530273,28.612499237060547,2258668,21.650192260742188
2019-05-03,28.600000381469727,28.674999237060547,28.350000381469727,28.475000381469727,2073004,21.546154022216797
2019-05-06,27.862499237060547,28.137500762939453,27.637500762939453,28.0,2384792,21.186737060546875
2019-05-07,28.037500381469727,28.237499237060547,27.549999237060547,27.6875,2237988,20.95027732849121
2019-05-08,27.575000762939453,27.875,27.375,27.649999618530273,2374288,20.921903610229492
2019-05-09,27.274999618530273,27.5,26.725000381469727,26.850000381469727,3163644,20.316566467285156
2019-05-10,27.600000381469727,27.774999618530273,27.1875,27.487499237060547,3302476,20.79894256591797
2019-05-13,27.5,27.5,26.587499618530273,26.600000381469727,2998252,20.127399444580078
2019-05-14,26.787500381469727,27.3125,26.737499237060547,27.3125,2694820,20.666526794433594
2019-05-15,27.475000381469727,28.100000381469727,26.887500762939453,28.100000381469727,4180944,21.26240348815918
2019-05-16,27.962499618530273,28.037500381469727,27.200000762939453,27.837499618530273,3467456,21.063779830932617
2019-05-17,27.637500762939453,27.725000381469727,27.162500381469727,27.5,1906428,20.808401107788086
2019-05-20,27.5,27.5,26.9375,27.0,1866704,20.43006706237793
2019-05-21,26.5,26.549999237060547,26.237499237060547,26.462499618530273,2433796,20.733675003051758
2019-05-22,26.5625,26.600000381469727,26.125,26.462499618530273,1595896,20.733675003051758
2019-05-23,26.100000381469727,26.100000381469727,25.725000381469727,25.887500762939453,1811772,20.283159255981445
2019-05-24,26.162500381469727,26.4375,26.0625,26.375,1633744,20.665119171142578
2019-05-27,26.700000762939453,26.9375,26.274999618530273,26.475000381469727,1346404,20.743471145629883
2019-05-28,26.549999237060547,26.912500381469727,26.399999618530273,26.725000381469727,2720404,20.939350128173828
2019-05-29,26.462499618530273,26.512500762939453,25.662500381469727,25.787500381469727,2620652,20.204805374145508
2019-05-30,25.912500381469727,26.075000762939453,25.649999618530273,25.899999618530273,1006272,20.292949676513672
2019-05-31,25.512500762939453,25.737499237060547,25.25,25.737499237060547,2385348,20.165630340576172
2019-06-03,25.537500381469727,25.600000381469727,25.237499237060547,25.462499618530273,2234816,19.950164794921875
2019-06-04,25.375,26.075000762939453,25.337499618530273,26.012500762939453,2407064,20.381099700927734
2019-06-05,26.274999618530273,26.350000381469727,25.975000381469727,26.1875,1494452,20.518213272094727
2019-06-06,26.049999237060547,26.5,25.887500762939453,26.0,1658808,20.371301651000977
2019-06-07,25.987499237060547,26.299999237060547,25.912500381469727,26.012500762939453,1779620,20.381099700927734
2019-06-10,26.287500381469727,26.362499237060547,26.149999618530273,26.287500381469727,601580,20.5965633392334
2019-06-11,26.287500381469727,27.162500381469727,26.287500381469727,26.962499618530273,2090832,21.12543296813965
2019-06-12,26.737499237060547,27.037500381469727,26.6875,26.837499618530273,1985724,21.027494430541992
2019-06-13,26.762500762939453,27.5625,26.600000381469727,27.5625,2542524,21.59554100036621
2019-06-14,27.424999237060547,27.549999237060547,27.149999618530273,27.475000381469727,2613888,21.5269832611084
2019-06-17,27.475000381469727,27.962499618530273,27.424999237060547,27.875,2142316,21.84038734436035
2019-06-18,27.75,28.375,27.450000762939453,28.087499618530273,2305976,22.00688362121582
2019-06-19,28.049999237060547,28.524999618530273,27.8125,28.512500762939453,2741732,22.339879989624023
2019-06-20,28.475000381469727,28.987499237060547,28.412500381469727,28.462499618530273,2593784,22.30069923400879
2019-06-21,28.5,28.6875,28.299999237060547,28.299999237060547,3936932,22.17337989807129
2019-06-24,28.174999237060547,28.475000381469727,28.149999618530273,28.325000762939453,1953720,22.192968368530273
2019-06-25,28.0,28.024999618530273,27.5625,27.5625,2310688,21.59554100036621
2019-06-26,27.424999237060547,27.950000762939453,27.337499618530273,27.75,1580472,21.742448806762695
2019-06-27,27.75,28.012500762939453,27.537500381469727,27.6875,1362324,21.6934814453125
2019-06-28,27.8125,28.024999618530273,27.725000381469727,27.887500762939453,1888692,21.850183486938477
2019-07-01,28.325000762939453,28.737499237060547,27.962499618530273,28.024999618530273,1951744,21.957914352416992
2019-07-02,28.075000762939453,28.075000762939453,27.3125,27.512500762939453,2170660,21.556367874145508
2019-07-03,27.512500762939453,28.049999237060547,27.450000762939453,27.862499237060547,1432848,21.83059310913086
2019-07-04,27.899999618530273,28.149999618530273,27.799999237060547,27.799999237060547,959168,21.78162384033203
2019-07-05,27.837499618530273,27.837499618530273,27.299999237060547,27.575000762939453,1817828,21.605335235595703
2019-07-08,27.462499618530273,27.9375,27.424999237060547,27.737499237060547,1509656,21.73265266418457
2019-07-09,27.725000381469727,27.725000381469727,27.012500762939453,27.125,1897876,21.25275421142578
2019-07-10,27.25,27.600000381469727,27.0625,27.0625,1663676,21.203786849975586
2019-07-11,27.225000381469727,27.287500381469727,26.975000381469727,27.087499618530273,1681112,21.223373413085938
2019-07-12,26.850000381469727,27.825000762939453,26.8125,27.537500381469727,1897588,21.57595443725586
2019-07-15,27.537500381469727,27.950000762939453,27.537500381469727,27.887500762939453,1638108,21.850183486938477
2019-07-16,27.600000381469727,27.637500762939453,26.950000762939453,27.5,3772528,21.546571731567383
2019-07-17,27.399999618530273,27.600000381469727,26.412500381469727,26.412500381469727,3190336,20.694503784179688
2019-07-18,26.362499237060547,26.774999618530273,26.25,26.4375,1999616,20.71409034729004
2019-07-19,26.575000762939453,26.762500762939453,26.350000381469727,26.412500381469727,2118756,20.694503784179688
2019-07-22,26.375,26.712499618530273,26.299999237060547,26.662500381469727,1872936,20.890378952026367
2019-07-23,26.549999237060547,27.5,26.549999237060547,27.149999618530273,2783920,21.272342681884766
2019-07-24,27.212499618530273,27.600000381469727,27.087499618530273,27.5,2600392,21.546571731567383
2019-07-25,27.700000762939453,27.75,26.787500381469727,26.799999237060547,3406572,20.998109817504883
2019-07-26,26.012500762939453,26.3125,25.625,26.087499618530273,5528436,20.439861297607422
2019-07-29,25.762500762939453,25.862499237060547,25.274999618530273,25.612499237060547,2284140,20.06769371032715
2019-07-30,25.5625,25.575000762939453,24.905000686645508,25.0,3710240,19.587793350219727
2019-07-31,24.684999465942383,25.262500762939453,24.600000381469727,25.112499237060547,3504044,19.67593765258789
2019-08-01,24.924999237060547,25.212499618530273,24.81999969482422,24.985000610351562,2403176,19.57604217529297
2019-08-02,24.260000228881836,24.549999237060547,24.059999465942383,24.344999313354492,3336484,19.07459259033203
2019-08-05,23.950000762939453,24.100000381469727,23.584999084472656,23.809999465942383,2910508,18.655412673950195
2019-08-06,23.809999465942383,24.264999389648438,23.809999465942383,23.8799991607666,2640892,18.71025848388672
2019-08-07,24.045000076293945,24.399999618530273,23.700000762939453,23.885000228881836,2301216,18.714176177978516
2019-08-08,24.209999084472656,24.264999389648438,23.860000610351562,24.184999465942383,1883652,18.94923210144043
2019-08-09,24.06999969482422,24.094999313354492,23.610000610351562,23.649999618530273,2085872,18.53005027770996
2019-08-12,23.825000762939453,24.184999465942383,23.625,23.75,1849952,18.6084041595459
2019-08-13,23.6200008392334,24.270000457763672,23.454999923706055,23.860000610351562,2834044,18.694589614868164
2019-08-14,23.915000915527344,23.940000534057617,23.18000030517578,23.325000762939453,2832840,18.275409698486328
2019-08-15,23.469999313354492,23.510000228881836,22.989999771118164,23.100000381469727,2569464,18.099119186401367
2019-08-16,23.30500030517578,23.315000534057617,23.040000915527344,23.209999084472656,2310160,18.185304641723633
2019-08-19,23.325000762939453,23.4950008392334,23.280000686645508,23.375,1930656,18.314584732055664
2019-08-20,23.424999237060547,23.514999389648438,22.9950008392334,22.9950008392334,1687348,18.01685333251953
2019-08-21,23.024999618530273,23.399999618530273,22.920000076293945,23.21500015258789,1523256,18.18922233581543
2019-08-22,23.149999618530273,23.600000381469727,23.040000915527344,23.299999237060547,2081756,18.255823135375977
2019-08-23,23.315000534057617,23.459999084472656,22.895000457763672,22.93000030517578,2201216,17.965923309326172
2019-08-26,22.815000534057617,23.19499969482422,22.690000534057617,23.0049991607666,1607572,18.024686813354492
2019-08-27,22.979999542236328,23.19499969482422,22.75,23.100000381469727,2366916,18.099119186401367
2019-08-28,23.03499984741211,23.075000762939453,22.770000457763672,22.93000030517578,2202776,17.965923309326172
2019-08-29,22.725000381469727,23.489999771118164,22.645000457763672,23.489999771118164,2449596,18.404691696166992
2019-08-30,23.579999923706055,24.274999618530273,23.5,23.899999618530273,3309892,18.725927352905273
2019-09-02,23.850000381469727,23.864999771118164,23.565000534057617,23.674999237060547,1695944,18.549636840820312
2019-09-03,23.625,23.829999923706055,23.424999237060547,23.770000457763672,1877328,18.624073028564453
2019-09-04,23.940000534057617,24.28499984741211,23.899999618530273,24.239999771118164,2155412,18.99232292175293
2019-09-05,24.389999389648438,25.274999618530273,24.360000610351562,24.985000610351562,3793904,19.57604217529297
2019-09-06,25.024999618530273,25.100000381469727,24.764999389648438,24.975000381469727,1777460,19.56820297241211
2019-09-09,25.049999237060547,25.6875,24.979999542236328,25.6875,1750176,20.12645721435547
2019-09-10,25.6875,26.149999618530273,25.537500381469727,25.762500762939453,2555048,20.185218811035156
2019-09-11,25.950000762939453,26.25,25.549999237060547,25.774999618530273,2340848,20.19501304626465
2019-09-12,25.787500381469727,26.012500762939453,25.662500381469727,25.799999237060547,2157676,20.214601516723633
2019-09-13,25.875,26.1875,25.825000762939453,26.087499618530273,1795364,20.439861297607422
2019-09-16,25.837499618530273,25.987499237060547,25.549999237060547,25.75,1859992,20.175426483154297
2019-09-17,25.612499237060547,25.6875,25.212499618530273,25.462499618530273,2488748,19.950164794921875
2019-09-18,25.4375,25.950000762939453,25.3125,25.612499237060547,1598148,20.06769371032715
2019-09-19,25.575000762939453,25.924999237060547,25.4375,25.912500381469727,2401736,20.302749633789062
2019-09-20,25.825000762939453,26.0,25.537500381469727,25.612499237060547,3760452,20.06769371032715
2019-09-23,25.462499618530273,25.5625,25.049999237060547,25.299999237060547,1660076,19.822843551635742
2019-09-24,25.262500762939453,25.424999237060547,25.024999618530273,25.0625,1424484,19.636760711669922
2019-09-25,24.985000610351562,25.112499237060547,24.475000381469727,24.954999923706055,2464608,19.552532196044922
2019-09-26,25.012500762939453,25.399999618530273,24.905000686645508,25.087499618530273,1348416,19.656349182128906
2019-09-27,25.287500381469727,25.5,25.137500762939453,25.350000381469727,1493488,19.862022399902344
2019-09-30,25.262500762939453,25.712499618530273,25.225000381469727,25.600000381469727,1908376,20.057899475097656
2019-10-01,25.787500381469727,25.975000381469727,25.399999618530273,25.5625,2121572,20.02851676940918
2019-10-02,25.537500381469727,25.625,24.649999618530273,24.665000915527344,2486468,19.3253173828125
2019-10-03,24.665000915527344,24.665000915527344,24.170000076293945,24.385000228881836,1896880,19.105932235717773
2019-10-04,24.520000457763672,24.53499984741211,24.010000228881836,24.375,2301156,19.098094940185547
2019-10-07,24.274999618530273,24.530000686645508,24.09000015258789,24.469999313354492,1467692,19.172531127929688
2019-10-08,24.399999618530273,24.489999771118164,23.920000076293945,24.049999237060547,2045984,18.843456268310547
2019-10-09,24.020000457763672,24.485000610351562,23.924999237060547,24.190000534057617,1856728,18.953149795532227
2019-10-10,24.25,24.739999771118164,24.145000457763672,24.645000457763672,1730316,19.30964469909668
2019-10-11,24.809999465942383,25.325000762939453,24.729999542236328,25.299999237060547,1836204,19.822843551635742
2019-10-14,25.212499618530273,25.737499237060547,25.037500381469727,25.737499237060547,1849872,20.165630340576172
2019-10-15,25.850000381469727,26.287500381469727,25.649999618530273,26.1875,2132308,20.518213272094727
2019-10-16,26.0625,26.387500762939453,25.912500381469727,26.362499237060547,1657764,20.655324935913086
2019-10-17,26.237499237060547,26.600000381469727,26.100000381469727,26.125,1724724,20.469242095947266
2019-10-18,25.5,25.799999237060547,25.162500381469727,25.612499237060547,2700616,20.06769371032715
2019-10-21,25.700000762939453,26.087499618530273,25.649999618530273,25.899999618530273,1719620,20.292949676513672
2019-10-22,25.962499618530273,26.299999237060547,25.712499618530273,26.299999237060547,2500380,20.606355667114258
2019-10-23,25.875,26.112499237060547,25.6875,25.799999237060547,2069948,20.214601516723633
2019-10-24,25.887500762939453,26.237499237060547,25.262500762939453,25.299999237060547,2719508,19.822843551635742
2019-10-25,25.875,26.862499237060547,25.8125,26.825000762939453,3532128,21.0177001953125
2019-10-28,26.850000381469727,28.1875,26.837499618530273,28.112499237060547,3744308,22.026472091674805
2019-10-29,28.0,28.112499237060547,27.762500762939453,28.049999237060547,2601088,21.977502822875977
2019-10-30,28.037500381469727,28.212499618530273,26.887500762939453,27.075000762939453,2592940,21.213577270507812
2019-10-31,27.237499237060547,27.475000381469727,26.612499237060547,27.274999618530273,2954276,21.37027931213379
2019-11-01,27.387500762939453,27.8125,27.262500762939453,27.799999237060547,2071140,21.78162384033203
2019-11-04,27.950000762939453,28.600000381469727,27.899999618530273,28.5625,3180940,22.379051208496094
2019-11-05,28.637500762939453,29.200000762939453,28.600000381469727,29.037500381469727,3502204,22.751220703125
2019-11-06,29.037500381469727,29.100000381469727,28.799999237060547,28.9375,2229948,22.672868728637695
2019-11-07,29.100000381469727,29.875,29.087499618530273,29.237499237060547,2666016,22.90792465209961
2019-11-08,29.100000381469727,29.125,28.787500381469727,29.037500381469727,1626616,22.751220703125
2019-11-11,28.837499618530273,29.037500381469727,28.674999237060547,28.875,1573760,22.623899459838867
2019-11-12,28.950000762939453,29.087499618530273,28.6875,28.862499237060547,1391644,22.614105224609375
2019-11-13,28.725000381469727,28.737499237060547,28.162500381469727,28.350000381469727,2329624,22.212556838989258
2019-11-14,28.125,28.225000381469727,27.899999618530273,28.0,2572820,21.938325881958008
2019-11-15,28.237499237060547,28.450000762939453,28.174999237060547,28.350000381469727,1468288,22.212556838989258
2019-11-18,28.337499618530273,28.362499237060547,27.862499237060547,28.0,1492040,21.938325881958008
2019-11-19,28.049999237060547,28.612499237060547,27.962499618530273,28.112499237060547,1615796,22.026472091674805
2019-11-20,27.875,28.037500381469727,27.649999618530273,27.987499237060547,1473524,21.92853355407715
2019-11-21,27.700000762939453,28.0,27.5625,27.799999237060547,1391696,21.78162384033203
2019-11-22,27.787500381469727,28.137500762939453,27.637500762939453,27.975000381469727,1210232,21.918737411499023
2019-11-25,28.112499237060547,28.3125,27.962499618530273,28.149999618530273,1032944,22.05585479736328
2019-11-26,27.924999237060547,28.174999237060547,27.75,27.8125,3075372,21.791418075561523
2019-11-27,28.0,28.25,27.674999237060547,27.674999237060547,2005152,21.683685302734375
2019-11-28,27.612499237060547,27.712499618530273,27.412500381469727,27.712499618530273,1403276,21.71306610107422
2019-11-29,27.575000762939453,27.700000762939453,27.225000381469727,27.225000381469727,1248292,21.33110809326172
2019-12-02,27.287500381469727,27.600000381469727,26.762500762939453,26.825000762939453,2508468,21.0177001953125
2019-12-03,26.125,26.787500381469727,25.787500381469727,26.375,2783500,20.665119171142578
2019-12-04,26.325000762939453,26.674999237060547,26.1875,26.399999618530273,2164764,20.684707641601562
2019-12-05,26.5,26.837499618530273,26.299999237060547,26.625,2050448,20.860994338989258
2019-12-06,26.725000381469727,27.3125,26.674999237060547,27.200000762939453,1990076,21.311519622802734
2019-12-09,27.200000762939453,27.287500381469727,27.012500762939453,27.012500762939453,1461096,21.164609909057617
2019-12-10,26.912500381469727,27.162500381469727,26.549999237060547,27.162500381469727,2026852,21.282135009765625
2019-12-11,27.112499237060547,27.537500381469727,27.012500762939453,27.512500762939453,1996000,21.556367874145508
2019-12-12,27.512500762939453,27.799999237060547,27.0625,27.662500381469727,2199592,21.673891067504883
2019-12-13,28.299999237060547,28.424999237060547,27.75,27.787500381469727,2131600,21.771835327148438
2019-12-16,27.912500381469727,28.299999237060547,27.850000381469727,28.1875,1668224,22.085235595703125
2019-12-17,28.262500762939453,28.362499237060547,28.0,28.149999618530273,1420144,22.05585479736328
2019-12-18,28.225000381469727,28.287500381469727,27.487499237060547,27.649999618530273,1950680,21.664098739624023
2019-12-19,27.6875,27.762500762939453,27.462499618530273,27.762500762939453,1425288,21.75224494934082
2019-12-20,27.700000762939453,27.825000762939453,27.350000381469727,27.637500762939453,2766064,21.6543025970459
2019-12-23,27.600000381469727,27.725000381469727,27.412500381469727,27.549999237060547,814064,21.585744857788086
2019-12-24,27.5,27.612499237060547,27.3125,27.3125,443904,21.3996639251709
2019-12-25,27.3125,27.3125,27.3125,27.3125,0,21.3996639251709
2019-12-27,27.399999618530273,27.524999618530273,27.3125,27.424999237060547,1168980,21.487810134887695
2019-12-30,27.287500381469727,27.350000381469727,27.012500762939453,27.012500762939453,751832,21.164609909057617
2019-12-31,27.0,27.274999618530273,26.962499618530273,27.274999618530273,450292,21.37027931213379
2020-01-02,27.424999237060547,27.524999618530273,27.087499618530273,27.112499237060547,1289516,21.24295997619629
2020-01-03,26.975000381469727,26.975000381469727,26.649999618530273,26.950000762939453,1258148,21.11564064025879
2020-01-06,26.6875,26.950000762939453,26.487499237060547,26.9375,1568500,21.105844497680664
2020-01-07,26.924999237060547,27.237499237060547,26.887500762939453,27.012500762939453,1546080,21.164609909057617
2020-01-08,26.762500762939453,27.75,26.75,27.5625,1688156,21.59554100036621
2020-01-09,27.799999237060547,27.975000381469727,27.625,27.6875,1752876,21.6934814453125
2020-01-10,27.6875,27.850000381469727,27.487499237060547,27.737499237060547,1478560,21.73265266418457
2020-01-13,27.950000762939453,28.0625,27.537500381469727,27.700000762939453,1551456,21.70327377319336
2020-01-14,27.762500762939453,27.850000381469727,27.362499237060547,27.725000381469727,1534424,21.722862243652344
2020-01-15,27.75,27.899999618530273,27.075000762939453,27.075000762939453,2360360,21.213577270507812
2020-01-16,27.112499237060547,27.125,26.524999618530273,26.962499618530273,1944388,21.12543296813965
2020-01-17,27.100000381469727,27.5625,27.0625,27.5,1698860,21.546571731567383
2020-01-20,27.5,27.887500762939453,27.424999237060547,27.887500762939453,1344528,21.850183486938477
2020-01-21,27.600000381469727,28.200000762939453,27.450000762939453,27.8125,1601328,21.791418075561523
2020-01-22,27.899999618530273,28.149999618530273,27.325000762939453,27.362499237060547,1806140,21.438838958740234
2020-01-23,27.274999618530273,27.487499237060547,26.787500381469727,26.787500381469727,1888960,20.988319396972656
2020-01-24,26.674999237060547,27.049999237060547,26.575000762939453,26.674999237060547,2326840,20.900175094604492
2020-01-27,26.25,26.375,25.9375,26.037500381469727,2798416,20.40068244934082
2020-01-28,26.137500762939453,26.712499618530273,26.037500381469727,26.537500381469727,2448900,20.792442321777344
2020-01-29,26.537500381469727,27.225000381469727,26.5,27.0,2157760,21.154815673828125
2020-01-30,26.612499237060547,26.862499237060547,26.387500762939453,26.637500762939453,1828876,20.87079429626465
2020-01-31,26.774999618530273,26.950000762939453,26.162500381469727,26.25,2295052,20.567182540893555
2020-02-03,26.375,26.662500381469727,26.1875,26.299999237060547,1553644,20.606355667114258
2020-02-04,26.4375,26.837499618530273,26.325000762939453,26.575000762939453,1959428,20.821821212768555
2020-02-05,26.549999237060547,27.287500381469727,26.4375,26.850000381469727,2826428,21.037288665771484
2020-02-06,26.375,27.125,26.325000762939453,26.612499237060547,2527324,20.851205825805664
2020-02-07,26.5,26.799999237060547,26.412500381469727,26.712499618530273,2109056,20.929555892944336
2020-02-10,26.537500381469727,26.9375,26.537500381469727,26.6875,1744204,20.90996551513672
2020-02-11,26.162500381469727,26.762500762939453,25.612499237060547,25.875,4169208,20.273365020751953
2020-02-12,26.075000762939453,27.487499237060547,25.850000381469727,27.487499237060547,3365856,21.536775588989258
2020-02-13,27.25,27.524999618530273,26.799999237060547,27.212499618530273,2791208,21.32131004333496
2020-02-14,27.149999618530273,27.612499237060547,27.024999618530273,27.200000762939453,1642204,21.311519622802734
2020-02-17,27.612499237060547,28.0625,27.450000762939453,28.0625,2470304,21.98729705810547
2020-02-18,27.774999618530273,27.987499237060547,27.662500381469727,27.674999237060547,2402284,21.683685302734375
2020-02-19,27.75,27.887500762939453,27.299999237060547,27.487499237060547,1750784,21.536775588989258
2020-02-20,27.412500381469727,27.862499237060547,27.262500762939453,27.587499618530273,1832044,21.615127563476562
2020-02-21,27.462499618530273,27.637500762939453,27.1875,27.387500762939453,2196396,21.458425521850586
2020-02-24,26.662500381469727,26.725000381469727,25.987499237060547,26.100000381469727,3934400,20.44965362548828
2020-02-25,26.174999237060547,26.237499237060547,25.212499618530273,25.362499237060547,3853828,19.871814727783203
2020-02-26,25.125,25.600000381469727,24.575000762939453,25.450000762939453,3691792,19.94037437438965
2020-02-27,24.854999542236328,25.424999237060547,24.584999084472656,24.9950008392334,3720592,19.583873748779297
2020-02-28,24.09000015258789,24.55500030517578,23.729999542236328,24.059999465942383,5378940,18.851289749145508
2020-03-02,24.44499969482422,24.614999771118164,23.4950008392334,23.920000076293945,3385792,18.74159812927246
2020-03-03,24.19499969482422,24.7450008392334,23.875,23.979999542236328,2814900,18.788606643676758
2020-03-04,24.1299991607666,24.385000228881836,23.920000076293945,24.295000076293945,3237900,19.035415649414062
2020-03-05,24.420000076293945,24.420000076293945,23.3799991607666,23.3799991607666,3361008,18.31850242614746
2020-03-06,22.915000915527344,23.43000030517578,22.584999084472656,23.299999237060547,4105740,18.255823135375977
2020-03-09,22.0,22.600000381469727,21.729999542236328,21.795000076293945,6539096,17.076637268066406
2020-03-10,22.125,22.774999618530273,21.30500030517578,21.364999771118164,5498288,16.739727020263672
2020-03-11,21.684999465942383,22.139999389648438,21.364999771118164,21.514999389648438,3529204,16.85725212097168
2020-03-12,20.264999389648438,20.665000915527344,18.395000457763672,18.395000457763672,7325812,14.412696838378906
2020-03-13,19.170000076293945,20.299999237060547,18.350000381469727,18.80500030517578,3965152,14.733936309814453
2020-03-16,18.0,18.450000762939453,17.0,17.7450008392334,5971856,13.903414726257324
2020-03-17,18.524999618530273,19.184999465942383,17.424999237060547,18.295000076293945,3888144,14.334345817565918
2020-03-18,18.174999237060547,18.764999389648438,17.604999542236328,17.875,3716124,14.005270957946777
2020-03-19,17.770000457763672,18.825000762939453,17.5,18.219999313354492,2991276,14.275580406188965
2020-03-20,19.18000030517578,19.25,18.139999389648438,18.78499984741211,5623444,14.718269348144531
2020-03-23,17.80500030517578,18.770000457763672,17.760000228881836,17.809999465942383,2789428,13.95434284210205
2020-03-24,18.415000915527344,19.084999084472656,17.9950008392334,19.084999084472656,3480220,14.953320503234863
2020-03-25,19.645000457763672,20.649999618530273,18.899999618530273,20.09000015258789,3237008,15.740752220153809
2020-03-26,19.260000228881836,20.0049991607666,19.040000915527344,19.96500015258789,2334952,15.642809867858887
2020-03-27,19.434999465942383,19.905000686645508,18.719999313354492,18.989999771118164,2466580,14.878883361816406
2020-03-30,19.0,19.415000915527344,18.15999984741211,19.1200008392334,1718076,14.980742454528809
2020-03-31,19.375,20.334999084472656,19.264999389648438,20.264999389648438,3104300,15.877866744995117
2020-04-01,19.844999313354492,20.610000610351562,19.149999618530273,19.959999084472656,2562680,15.63889217376709
2020-04-02,20.084999084472656,20.315000534057617,19.59000015258789,19.770000457763672,2689636,15.490025520324707
2020-04-03,19.670000076293945,20.364999771118164,19.200000762939453,19.469999313354492,3431672,15.254971504211426
2020-04-06,19.844999313354492,20.780000686645508,19.84000015258789,20.780000686645508,2154704,16.281370162963867
2020-04-07,21.2549991607666,22.43000030517578,21.06999969482422,21.514999389648438,3300776,16.85725212097168
2020-04-08,22.0,22.21500015258789,21.274999618530273,21.975000381469727,1783012,17.217668533325195
2020-04-09,22.434999465942383,22.475000381469727,21.260000228881836,21.760000228881836,1552240,17.04921531677246
2020-04-14,22.059999465942383,22.274999618530273,21.239999771118164,21.2549991607666,1916780,16.653539657592773
2020-04-15,21.010000228881836,21.28499984741211,20.549999237060547,20.549999237060547,1858844,16.101165771484375
2020-04-16,20.649999618530273,21.065000534057617,20.434999465942383,21.065000534057617,1705632,16.504674911499023
2020-04-17,21.459999084472656,22.6200008392334,21.329999923706055,22.165000915527344,2669284,17.366539001464844
2020-04-20,22.2450008392334,22.260000228881836,21.649999618530273,21.735000610351562,1647496,17.029626846313477
2020-04-21,21.459999084472656,21.895000457763672,21.149999618530273,21.165000915527344,1450388,16.583024978637695
2020-04-22,21.40999984741211,21.43000030517578,20.78499984741211,20.94499969482422,1367888,16.410654067993164
2020-04-23,20.969999313354492,21.219999313354492,20.485000610351562,20.559999465942383,1602628,16.10900115966797
2020-04-24,20.045000076293945,21.030000686645508,19.90999984741211,20.600000381469727,1328896,16.14034080505371
2020-04-27,21.165000915527344,22.045000076293945,20.954999923706055,21.969999313354492,1917960,17.2137508392334
2020-04-28,21.729999542236328,22.5,21.614999771118164,21.8799991607666,1745472,17.14323616027832
2020-04-29,21.8799991607666,22.68000030517578,21.850000381469727,22.530000686645508,1630624,17.65251922607422
2020-04-30,22.979999542236328,23.399999618530273,22.139999389648438,22.274999618530273,2514144,17.452720642089844
2020-05-04,21.30500030517578,21.485000610351562,20.84000015258789,20.954999923706055,1866656,16.418485641479492
2020-05-05,21.290000915527344,21.4950008392334,21.079999923706055,21.440000534057617,1187896,16.798492431640625
2020-05-06,21.5,21.96500015258789,21.34000015258789,21.614999771118164,1489064,16.935604095458984
2020-05-07,21.614999771118164,22.014999389648438,21.235000610351562,21.84000015258789,1256376,17.111894607543945
2020-05-08,22.100000381469727,22.600000381469727,21.895000457763672,22.31999969482422,750880,17.487979888916016
2020-05-11,22.415000915527344,22.610000610351562,21.7450008392334,21.780000686645508,1201028,17.064882278442383
2020-05-12,21.7549991607666,21.84000015258789,21.625,21.735000610351562,992596,17.029626846313477
2020-05-13,21.5049991607666,21.59000015258789,20.735000610351562,20.854999542236328,1485560,16.340133666992188
2020-05-14,20.549999237060547,20.645000457763672,19.799999237060547,20.350000381469727,1782888,15.944464683532715
2020-05-15,20.55500030517578,20.954999923706055,20.270000457763672,20.545000076293945,1507676,16.09724998474121
2020-05-18,20.915000915527344,22.149999618530273,20.915000915527344,22.149999618530273,1981576,17.35478401184082
2020-05-19,22.31999969482422,22.524999618530273,21.825000762939453,22.049999237060547,2874740,17.276432037353516
2020-05-20,21.825000762939453,22.049999237060547,21.3799991607666,21.665000915527344,2083300,16.97477912902832
2020-05-21,21.424999237060547,21.850000381469727,21.155000686645508,21.475000381469727,1356132,16.825912475585938
2020-05-22,21.174999237060547,21.90999984741211,21.05500030517578,21.69499969482422,1250892,16.99828338623047
2020-05-25,21.920000076293945,22.024999618530273,21.670000076293945,22.0049991607666,724648,17.241172790527344
2020-05-26,22.25,22.375,21.905000686645508,22.094999313354492,2276780,17.311689376831055
2020-05-27,22.065000534057617,23.735000610351562,21.899999618530273,23.43000030517578,3650120,18.357683181762695
2020-05-28,23.850000381469727,23.985000610351562,23.43000030517578,23.545000076293945,2556348,18.447782516479492
2020-05-29,23.225000381469727,23.350000381469727,22.575000762939453,22.71500015258789,4271200,17.797466278076172
2020-06-01,23.139999389648438,23.290000915527344,22.545000076293945,23.25,2031208,18.21664810180664
2020-06-02,23.375,24.020000457763672,23.344999313354492,23.579999923706055,2987968,18.47520637512207
2020-06-03,23.9950008392334,24.895000457763672,23.78499984741211,24.895000457763672,3994724,19.505521774291992
2020-06-04,24.530000686645508,24.760000228881836,24.030000686645508,24.260000228881836,3635492,19.007993698120117
2020-06-05,24.450000762939453,25.450000762939453,24.229999542236328,25.450000762939453,4738340,19.94037437438965
2020-06-08,25.162500381469727,25.375,24.59000015258789,24.6200008392334,2818608,19.290054321289062
2020-06-09,24.774999618530273,24.969999313354492,24.094999313354492,24.3799991607666,2859424,19.102014541625977
2020-06-10,24.25,24.3700008392334,23.28499984741211,23.4950008392334,3623696,18.408607482910156
2020-06-11,23.049999237060547,23.065000534057617,22.139999389648438,22.139999389648438,2865660,17.346946716308594
2020-06-12,21.920000076293945,22.84000015258789,21.899999618530273,22.485000610351562,2498216,17.617263793945312
2020-06-15,21.850000381469727,22.545000076293945,21.774999618530273,22.405000686645508,1929844,17.55457878112793
2020-06-16,23.040000915527344,23.204999923706055,22.489999771118164,22.899999618530273,2175560,17.94241714477539
2020-06-17,22.829999923706055,23.364999771118164,22.635000228881836,22.889999389648438,2377192,17.934579849243164
2020-06-18,22.71500015258789,22.875,22.079999923706055,22.204999923706055,2514252,17.39787483215332
2020-06-19,22.584999084472656,22.719999313354492,22.100000381469727,22.190000534057617,4441900,17.386125564575195
2020-06-22,21.905000686645508,22.8799991607666,21.78499984741211,22.635000228881836,2307796,17.73478889465332
2020-06-23,22.84000015258789,23.524999618530273,22.725000381469727,23.334999084472656,2544168,18.28324317932129
2020-06-24,23.190000534057617,23.295000076293945,22.475000381469727,22.475000381469727,2364276,17.60942268371582
2020-06-25,22.405000686645508,23.1299991607666,22.059999465942383,23.014999389648438,1898512,18.03251838684082
2020-06-26,23.235000610351562,23.360000610351562,22.84000015258789,23.065000534057617,1631848,18.071697235107422
2020-06-29,22.93000030517578,23.520000457763672,22.875,23.424999237060547,1819388,18.353757858276367
2020-06-30,23.43000030517578,23.524999618530273,22.844999313354492,23.084999084472656,1644176,18.087364196777344
2020-07-01,22.56999969482422,22.78499984741211,22.260000228881836,22.594999313354492,2062788,18.095373153686523
2020-07-02,22.850000381469727,23.700000762939453,22.719999313354492,23.3799991607666,2470892,18.72404670715332
2020-07-03,23.385000228881836,23.524999618530273,22.850000381469727,22.885000228881836,1022980,18.327625274658203
2020-07-06,23.43000030517578,23.725000381469727,23.274999618530273,23.479999542236328,1830016,18.804134368896484
2020-07-07,23.399999618530273,23.614999771118164,23.229999542236328,23.3700008392334,1170828,18.716039657592773
2020-07-08,23.229999542236328,23.3799991607666,22.834999084472656,22.860000610351562,1794744,18.30760383605957
2020-07-09,23.225000381469727,23.34000015258789,22.78499984741211,22.799999237060547,1239752,18.259552001953125
2020-07-10,22.625,23.34000015258789,22.520000457763672,23.34000015258789,1507424,18.692012786865234
2020-07-13,23.575000762939453,23.709999084472656,23.174999237060547,23.280000686645508,1145884,18.643962860107422
2020-07-14,22.975000381469727,23.25,22.809999465942383,23.139999389648438,1526200,18.531845092773438
2020-07-15,23.295000076293945,23.59000015258789,23.110000610351562,23.344999313354492,2096552,18.696016311645508
2020-07-16,23.280000686645508,23.59000015258789,23.125,23.280000686645508,1002832,18.643962860107422
2020-07-17,23.44499969482422,23.655000686645508,23.19499969482422,23.5,1994660,18.82015037536621
2020-07-20,23.44499969482422,23.84000015258789,23.174999237060547,23.645000457763672,1404756,18.936275482177734
2020-07-21,23.799999237060547,24.2450008392334,23.68000030517578,24.209999084472656,2225048,19.38875961303711
2020-07-22,23.825000762939453,24.0,23.329999923706055,23.44499969482422,2038144,18.776105880737305
2020-07-23,23.614999771118164,24.200000762939453,23.614999771118164,23.809999465942383,1361556,19.068418502807617
2020-07-24,23.5,23.639999389648438,23.020000457763672,23.094999313354492,1611644,18.495805740356445
2020-07-27,23.190000534057617,23.385000228881836,22.860000610351562,23.31999969482422,1651060,18.675996780395508
2020-07-28,23.40999984741211,23.645000457763672,22.889999389648438,23.110000610351562,1491900,18.5078182220459
2020-07-29,23.079999923706055,23.104999542236328,22.610000610351562,22.709999084472656,1436432,18.18747329711914
2020-07-30,22.735000610351562,22.75,22.225000381469727,22.649999618530273,2607224,18.139423370361328
2020-07-31,22.6200008392334,22.65999984741211,22.084999084472656,22.084999084472656,2886896,17.68693733215332
2020-08-03,22.084999084472656,22.75,21.895000457763672,22.614999771118164,1886112,18.111392974853516
2020-08-04,22.834999084472656,23.010000228881836,22.639999389648438,22.920000076293945,1302612,18.355653762817383
2020-08-05,23.100000381469727,23.325000762939453,22.9950008392334,23.225000381469727,1497740,18.599916458129883
2020-08-06,23.2450008392334,23.325000762939453,22.854999542236328,22.854999542236328,1209196,18.303598403930664
2020-08-07,22.81999969482422,22.920000076293945,22.5,22.795000076293945,833708,18.25554847717285
2020-08-10,22.8700008392334,23.084999084472656,22.7549991607666,23.084999084472656,880864,18.48779296875
2020-08-11,23.315000534057617,23.969999313354492,23.315000534057617,23.875,1962484,19.120471954345703
2020-08-12,23.875,24.4950008392334,23.78499984741211,24.315000534057617,1967708,19.472848892211914
2020-08-13,24.155000686645508,24.459999084472656,24.114999771118164,24.135000228881836,955096,19.32869529724121
2020-08-14,24.110000610351562,24.110000610351562,23.704999923706055,24.075000762939453,1020136,19.2806453704834
2020-08-17,24.0,24.114999771118164,23.834999084472656,23.959999084472656,897348,19.18854331970215
2020-08-18,23.780000686645508,24.200000762939453,23.684999465942383,23.94499969482422,1125512,19.176532745361328
2020-08-19,23.875,24.075000762939453,23.795000076293945,23.889999389648438,1509620,19.13248634338379
2020-08-20,23.635000228881836,23.709999084472656,23.440000534057617,23.5,1396072,18.82015037536621
2020-08-21,23.6200008392334,23.69499969482422,23.114999771118164,23.34000015258789,1446576,18.692012786865234
2020-08-24,23.53499984741211,23.899999618530273,23.53499984741211,23.7549991607666,2522768,19.024368286132812
2020-08-25,23.850000381469727,24.219999313354492,23.850000381469727,24.040000915527344,1775816,19.252614974975586
2020-08-26,23.934999465942383,24.344999313354492,23.80500030517578,24.329999923706055,1232316,19.48486328125
2020-08-27,24.360000610351562,24.55500030517578,24.104999542236328,24.110000610351562,1297456,19.308671951293945
2020-08-28,24.1299991607666,24.225000381469727,23.854999542236328,23.875,882308,19.120471954345703
2020-08-31,23.905000686645508,24.1200008392334,23.584999084472656,23.655000686645508,1358420,18.944284439086914
2020-09-01,23.739999771118164,23.825000762939453,23.274999618530273,23.5,1143912,18.82015037536621
2020-09-02,23.7450008392334,24.174999237060547,23.69499969482422,23.94499969482422,1287940,19.176532745361328
2020-09-03,24.200000762939453,24.479999542236328,23.760000228881836,24.0,1522012,19.2205810546875
2020-09-04,23.864999771118164,24.395000457763672,23.670000076293945,23.825000762939453,1643268,19.08043098449707
2020-09-07,23.959999084472656,24.079999923706055,23.764999389648438,23.764999389648438,1377100,19.032379150390625
2020-09-08,23.834999084472656,23.915000915527344,23.280000686645508,23.729999542236328,1732972,19.004350662231445
2020-09-09,23.489999771118164,24.03499984741211,23.479999542236328,23.940000534057617,1273916,19.172531127929688
2020-09-10,23.959999084472656,24.299999237060547,23.934999465942383,23.950000762939453,1500016,19.180538177490234
2020-09-11,23.875,24.100000381469727,23.635000228881836,24.094999313354492,1239752,19.296661376953125
2020-09-14,24.264999389648438,24.315000534057617,24.010000228881836,24.010000228881836,1111516,19.228588104248047
2020-09-15,24.05500030517578,24.184999465942383,23.709999084472656,23.774999618530273,1357140,19.040386199951172
2020-09-16,23.774999618530273,23.924999237060547,23.469999313354492,23.739999771118164,1866004,19.012357711791992
2020-09-17,23.350000381469727,24.020000457763672,23.315000534057617,23.985000610351562,1610424,19.20857048034668
2020-09-18,23.9950008392334,24.03499984741211,23.639999389648438,23.655000686645508,3386976,18.944284439086914
2020-09-21,23.4950008392334,23.5,22.674999237060547,22.75,2271956,18.219511032104492
2020-09-22,22.799999237060547,23.059999465942383,22.739999771118164,22.864999771118164,1488748,18.311607360839844
2020-09-23,23.125,23.385000228881836,22.934999465942383,22.969999313354492,1847280,18.395694732666016
2020-09-24,22.71500015258789,23.020000457763672,22.690000534057617,22.854999542236328,1877520,18.303598403930664
2020-09-25,22.875,22.8799991607666,22.350000381469727,22.735000610351562,1726624,18.207496643066406
2020-09-28,23.049999237060547,23.395000457763672,23.024999618530273,23.389999389648438,1524872,18.732057571411133
2020-09-29,23.174999237060547,23.280000686645508,22.989999771118164,23.110000610351562,1576012,18.5078182220459
2020-09-30,22.90999984741211,23.329999923706055,22.834999084472656,22.93000030517578,2659948,18.363664627075195
2020-10-01,23.149999618530273,23.2450008392334,22.790000915527344,22.8700008392334,2058356,18.31561279296875
2020-10-02,22.6200008392334,22.854999542236328,22.559999465942383,22.80500030517578,1555404,18.263553619384766
2020-10-05,23.0,23.15999984741211,22.93000030517578,23.0,1696388,18.419721603393555
2020-10-06,23.084999084472656,23.21500015258789,22.9950008392334,23.06999969482422,2999612,18.475780487060547
2020-10-07,23.049999237060547,23.350000381469727,22.719999313354492,23.135000228881836,2853968,18.5278377532959
2020-10-08,23.290000915527344,23.459999084472656,23.06999969482422,23.235000610351562,1939124,18.607925415039062
2020-10-09,23.350000381469727,23.475000381469727,23.084999084472656,23.235000610351562,2015312,18.607925415039062
2020-10-12,23.3799991607666,23.68000030517578,23.2549991607666,23.59000015258789,2422576,18.892229080200195
2020-10-13,23.56999969482422,23.6299991607666,23.204999923706055,23.360000610351562,1660416,18.708032608032227
2020-10-14,23.434999465942383,23.670000076293945,23.329999923706055,23.3700008392334,1545700,18.716039657592773
2020-10-15,23.0,23.045000076293945,22.489999771118164,22.7549991607666,2465220,18.223512649536133
2020-10-16,23.059999465942383,23.485000610351562,22.985000610351562,23.40999984741211,1965328,18.74807357788086
2020-10-19,23.424999237060547,23.774999618530273,23.260000228881836,23.299999237060547,1180288,18.65998077392578
2020-10-20,23.290000915527344,23.645000457763672,23.28499984741211,23.549999237060547,1700936,18.86019515991211
2020-10-21,23.739999771118164,23.739999771118164,23.2549991607666,23.280000686645508,1389348,18.643962860107422
2020-10-22,23.239999771118164,23.895000457763672,22.895000457763672,23.670000076293945,2253820,18.956298828125
2020-10-23,24.125,24.579999923706055,24.014999389648438,24.545000076293945,3217688,19.657047271728516
2020-10-26,24.084999084472656,24.485000610351562,23.959999084472656,23.959999084472656,1786508,19.18854331970215
2020-10-27,23.905000686645508,23.905000686645508,23.030000686645508,23.075000762939453,2764636,18.479787826538086
2020-10-28,22.75,22.834999084472656,22.174999237060547,22.575000762939453,3436724,18.079360961914062
2020-10-29,22.545000076293945,23.0,22.4950008392334,22.65999984741211,2527156,18.14743423461914
2020-10-30,22.290000915527344,23.18000030517578,22.28499984741211,23.15999984741211,2226492,18.54785919189453
2020-11-02,23.2549991607666,23.28499984741211,22.895000457763672,23.174999237060547,1913560,18.559871673583984
2020-11-03,23.395000457763672,24.135000228881836,23.3799991607666,23.96500015258789,2166172,19.192550659179688
2020-11-04,23.450000762939453,24.149999618530273,23.389999389648438,23.940000534057617,1943936,19.172531127929688
2020-11-05,24.114999771118164,24.65999984741211,24.114999771118164,24.530000686645508,2597428,19.645034790039062
2020-11-06,24.5049991607666,24.719999313354492,24.094999313354492,24.299999237060547,1986852,19.46083641052246
2020-11-09,24.514999389648438,25.725000381469727,24.424999237060547,25.237499237060547,4445924,20.211639404296875
2020-11-10,25.225000381469727,25.924999237060547,25.012500762939453,25.924999237060547,3420328,20.762231826782227
2020-11-11,25.924999237060547,26.162500381469727,25.537500381469727,26.087499618530273,2864944,20.892370223999023
2020-11-12,25.674999237060547,25.962499618530273,25.5,25.674999237060547,2313932,20.562013626098633
2020-11-13,25.637500762939453,25.862499237060547,25.450000762939453,25.649999618530273,1608680,20.541994094848633
2020-11-16,25.825000762939453,26.524999618530273,25.825000762939453,26.524999618530273,2589112,21.24274444580078
2020-11-17,26.5,27.0625,26.412500381469727,26.9375,2197424,21.57309913635254
2020-11-18,26.737499237060547,27.149999618530273,26.512500762939453,27.125,1746280,21.7232608795166
2020-11-19,26.875,26.875,26.450000762939453,26.737499237060547,2215952,21.412927627563477
2020-11-20,26.712499618530273,26.950000762939453,26.662500381469727,26.887500762939453,1842336,21.533058166503906
2020-11-23,27.024999618530273,27.287500381469727,26.462499618530273,26.575000762939453,1815188,21.28278923034668
2020-11-24,26.787500381469727,27.524999618530273,26.712499618530273,27.524999618530273,2251976,22.043603897094727
2020-11-25,27.524999618530273,27.587499618530273,27.0,27.287500381469727,2289236,21.853397369384766
2020-11-26,27.362499237060547,27.387500762939453,26.899999618530273,26.899999618530273,1569188,21.543066024780273
2020-11-27,26.6875,27.287500381469727,26.6875,27.0625,1393412,21.673206329345703
2020-11-30,26.799999237060547,26.899999618530273,26.112499237060547,26.112499237060547,3940088,20.912391662597656
2020-12-01,26.3125,26.674999237060547,26.200000762939453,26.625,2383008,21.322830200195312
2020-12-02,26.587499618530273,26.725000381469727,25.950000762939453,26.100000381469727,2311980,20.902379989624023
2020-12-03,26.149999618530273,26.287500381469727,25.774999618530273,26.25,1945800,21.02250862121582
2020-12-04,26.1875,26.475000381469727,25.825000762939453,26.450000762939453,1873824,21.182682037353516
2020-12-07,26.450000762939453,26.549999237060547,26.012500762939453,26.162500381469727,1252512,20.952436447143555
2020-12-08,26.087499618530273,26.399999618530273,25.950000762939453,26.225000381469727,2411376,21.002487182617188
2020-12-09,26.450000762939453,26.799999237060547,26.274999618530273,26.537500381469727,1590020,21.252756118774414
2020-12-10,26.625,26.725000381469727,26.1875,26.387500762939453,1679200,21.13262939453125
2020-12-11,26.375,26.512500762939453,26.149999618530273,26.387500762939453,1928356,21.13262939453125
2020-12-14,26.5,26.912500381469727,26.5,26.674999237060547,1667260,21.36287498474121
2020-12-15,26.712499618530273,27.075000762939453,26.587499618530273,26.9375,1965196,21.57309913635254
2020-12-16,27.0,27.262500762939453,26.950000762939453,27.0625,2114700,21.673206329345703
2020-12-17,27.212499618530273,27.287500381469727,27.112499237060547,27.25,1575548,21.823368072509766
2020-12-18,27.25,27.399999618530273,27.012500762939453,27.100000381469727,2853104,21.70323944091797
2020-12-21,26.5,26.587499618530273,25.787500381469727,26.487499237060547,2042024,21.21271324157715
2020-12-22,26.75,26.75,26.412500381469727,26.487499237060547,941436,21.21271324157715
2020-12-23,26.537500381469727,26.587499618530273,26.112499237060547,26.362499237060547,1897224,21.11260414123535
2020-12-24,26.4375,26.512500762939453,26.325000762939453,26.375,294952,21.122617721557617
2020-12-28,26.725000381469727,26.850000381469727,26.587499618530273,26.6875,757592,21.372882843017578
2020-12-29,26.712499618530273,26.8125,26.512500762939453,26.575000762939453,820828,21.28278923034668
2020-12-30,26.512500762939453,26.712499618530273,26.487499237060547,26.512500762939453,572976,21.23273468017578
2020-12-31,26.375,26.5,26.237499237060547,26.237499237060547,392980,21.012496948242188
2021-01-04,26.5,26.850000381469727,26.475000381469727,26.6875,1765740,21.372882843017578
2021-01-05,26.637500762939453,26.6875,25.987499237060547,26.125,1958484,20.92240333557129
2021-01-06,26.375,26.450000762939453,25.825000762939453,25.862499237060547,2936864,20.712175369262695
2021-01-07,26.0,26.825000762939453,25.899999618530273,26.737499237060547,2261644,21.412927627563477
2021-01-08,26.875,27.0,26.662500381469727,27.0,1863884,21.623151779174805
2021-01-11,26.825000762939453,26.987499237060547,26.487499237060547,26.8125,1728356,21.472993850708008
2021-01-12,26.799999237060547,27.6875,26.737499237060547,27.6875,2349368,22.173742294311523
2021-01-13,27.662500381469727,27.662500381469727,27.162500381469727,27.200000762939453,1625896,21.7833251953125
2021-01-14,27.3125,27.725000381469727,27.200000762939453,27.462499618530273,1703940,21.993547439575195
2021-01-15,27.375,27.475000381469727,26.912500381469727,27.212499618530273,1638844,21.7933349609375
2021-01-18,27.049999237060547,27.337499618530273,26.924999237060547,27.237499237060547,1157168,21.8133544921875
2021-01-19,27.325000762939453,27.387500762939453,26.899999618530273,26.899999618530273,2161716,21.543066024780273
2021-01-20,27.149999618530273,27.787500381469727,27.075000762939453,27.75,1830520,22.223796844482422
2021-01-21,27.850000381469727,28.112499237060547,27.774999618530273,28.0625,1523984,22.474063873291016
2021-01-22,27.8125,28.0625,27.462499618530273,27.862499237060547,1685148,22.31389045715332
2021-01-25,28.0625,28.162500381469727,27.287500381469727,27.4375,1645156,21.973527908325195
2021-01-26,27.299999237060547,28.024999618530273,27.287500381469727,27.787500381469727,1563272,22.253829956054688
2021-01-27,27.787500381469727,27.912500381469727,26.950000762939453,27.125,2828812,21.7232608795166
2021-01-28,26.875,27.862499237060547,26.362499237060547,27.712499618530273,2927560,22.193763732910156
2021-01-29,27.475000381469727,28.5625,27.1875,28.475000381469727,3759176,22.804418563842773
2021-02-01,28.725000381469727,28.737499237060547,28.237499237060547,28.549999237060547,2195540,22.86448097229004
2021-02-02,28.75,29.075000762939453,28.5625,28.612499237060547,2511304,22.914535522460938
2021-02-03,28.875,29.350000381469727,28.799999237060547,29.174999237060547,1969816,23.365018844604492
2021-02-04,29.125,29.3125,28.712499618530273,28.887500762939453,2800272,23.1347713470459
2021-02-05,28.987499237060547,29.512500762939453,28.975000381469727,29.487499237060547,2466016,23.615285873413086
2021-02-08,29.524999618530273,29.875,29.462499618530273,29.5,1583916,23.62529754638672
2021-02-09,29.375,29.537500381469727,28.887500762939453,29.299999237060547,1943916,23.46512222290039
2021-02-10,29.450000762939453,29.587499618530273,29.262500762939453,29.362499237060547,1299768,23.51517677307129
2021-02-11,29.387500762939453,29.600000381469727,29.237499237060547,29.3125,1408624,23.47513771057129
2021-02-12,29.1875,29.350000381469727,29.0625,29.174999237060547,1711576,23.365018844604492
2021-02-15,29.549999237060547,29.575000762939453,29.1875,29.424999237060547,1555872,23.565231323242188
2021-02-16,29.712499618530273,29.712499618530273,29.262500762939453,29.475000381469727,1661756,23.605274200439453
2021-02-17,29.387500762939453,29.712499618530273,28.924999237060547,29.0625,1822336,23.274919509887695
2021-02-18,29.237499237060547,29.487499237060547,29.112499237060547,29.262500762939453,1879428,23.43509292602539
2021-02-19,29.350000381469727,29.850000381469727,29.25,29.762500762939453,1498344,23.83552360534668
2021-02-22,29.625,30.012500762939453,29.450000762939453,30.012500762939453,1883964,24.035736083984375
2021-02-23,29.987499237060547,30.1875,29.424999237060547,29.6875,2119248,23.77545738220215
2021-02-24,29.75,29.9375,29.524999618530273,29.637500762939453,1407236,23.735414505004883
2021-02-25,29.712499618530273,29.887500762939453,29.462499618530273,29.549999237060547,1370200,23.665340423583984
2021-02-26,29.174999237060547,30.0,29.012500762939453,29.9375,3479948,23.97567367553711
2021-03-01,30.25,30.424999237060547,29.75,30.012500762939453,1862420,24.035736083984375
2021-03-02,30.087499618530273,30.6875,30.075000762939453,30.662500381469727,2317608,24.55629539489746
2021-03-03,30.774999618530273,31.274999618530273,30.674999237060547,31.274999618530273,2648696,25.04681968688965
2021-03-04,31.075000762939453,31.162500381469727,30.700000762939453,30.975000381469727,2002132,24.806560516357422
2021-03-05,30.887500762939453,30.950000762939453,30.600000381469727,30.662500381469727,2345008,24.55629539489746
2021-03-08,30.975000381469727,31.887500762939453,30.75,31.837499618530273,2866504,25.497297286987305
2021-03-09,31.725000381469727,31.725000381469727,31.174999237060547,31.399999618530273,2446368,25.146926879882812
2021-03-10,31.299999237060547,31.674999237060547,31.174999237060547,31.649999618530273,2265340,25.347139358520508
2021-03-11,31.674999237060547,31.762500762939453,31.287500381469727,31.512500762939453,1750068,25.237022399902344
2021-03-12,31.5,31.625,31.299999237060547,31.462499618530273,1776908,25.196979522705078
2021-03-15,31.524999618530273,31.887500762939453,31.274999618530273,31.450000762939453,2446236,25.186969757080078
2021-03-16,31.5625,31.612499237060547,30.9375,31.0625,2148056,24.876636505126953
2021-03-17,31.0625,31.762500762939453,31.024999618530273,31.762500762939453,2471224,25.437236785888672
2021-03-18,31.862499237060547,32.087501525878906,31.3125,31.5,2413972,25.227012634277344
2021-03-19,31.424999237060547,32.150001525878906,31.387500762939453,31.549999237060547,3285500,25.267051696777344
2021-03-22,31.375,31.512500762939453,31.162500381469727,31.5,1599528,25.227012634277344
2021-03-23,31.337499618530273,31.387500762939453,30.862499237060547,31.200000762939453,1702884,24.98675537109375
2021-03-24,30.9375,31.3125,30.787500381469727,31.125,2194688,24.92669105529785
2021-03-25,31.049999237060547,31.837499618530273,30.950000762939453,31.787500381469727,2142768,25.457258224487305
2021-03-26,32.01250076293945,32.1875,31.825000762939453,31.950000762939453,1706912,25.587398529052734
2021-03-29,32.025001525878906,32.099998474121094,31.799999237060547,31.799999237060547,1710740,25.467269897460938
2021-03-30,32.0,32.32500076293945,31.862499237060547,32.3125,3244652,25.877708435058594
2021-03-31,32.25,32.4375,31.912500381469727,31.912500381469727,2125264,25.5573673248291
2021-04-01,31.975000381469727,32.42499923706055,31.712499618530273,32.337501525878906,1853796,25.89773178100586
2021-04-06,32.5,32.849998474121094,32.3125,32.3125,1662556,25.877708435058594
2021-04-07,32.36249923706055,32.5625,32.23749923706055,32.349998474121094,1280592,25.907737731933594
2021-04-08,32.662498474121094,32.79999923706055,30.924999237060547,31.537500381469727,3060016,25.25704574584961
2021-04-09,31.549999237060547,31.799999237060547,31.037500381469727,31.137500762939453,2141684,24.93670082092285
2021-04-12,31.1875,31.587499618530273,31.137500762939453,31.25,1581980,25.026796340942383
2021-04-13,31.162500381469727,31.5,31.162500381469727,31.287500381469727,1312828,25.05682945251465
2021-04-14,31.3125,31.399999618530273,30.737499237060547,30.737499237060547,2197092,24.616357803344727
2021-04-15,30.774999618530273,30.987499237060547,30.774999618530273,30.899999618530273,1472604,24.746496200561523
2021-04-16,30.987499237060547,31.3125,30.924999237060547,31.125,1823452,24.92669105529785
2021-04-19,31.149999618530273,31.212499618530273,30.825000762939453,30.825000762939453,1214100,24.686431884765625
2021-04-20,30.8125,30.912500381469727,30.4375,30.662500381469727,2611360,24.55629539489746
2021-04-21,30.662500381469727,30.9375,30.325000762939453,30.674999237060547,1816808,24.566303253173828
2021-04-22,30.787500381469727,31.25,30.737499237060547,31.212499618530273,1303596,24.99676513671875
2021-04-23,31.200000762939453,31.787500381469727,31.049999237060547,31.774999618530273,2110112,25.447248458862305
2021-04-26,31.837499618530273,32.01250076293945,31.512500762939453,31.962499618530273,1699120,25.597410202026367
2021-04-27,31.399999618530273,31.537500381469727,30.899999618530273,31.450000762939453,2786344,25.186969757080078
2021-04-28,31.5625,31.587499618530273,30.962499618530273,30.962499618530273,1900668,24.79654884338379
2021-04-29,31.262500762939453,31.274999618530273,30.1875,30.287500381469727,2477984,24.255970001220703
2021-04-30,30.262500762939453,30.375,29.912500381469727,30.087499618530273,1906496,24.095800399780273
2021-05-03,30.125,30.299999237060547,29.912500381469727,30.237499237060547,1762340,24.215927124023438
2021-05-04,30.237499237060547,30.424999237060547,29.774999618530273,29.912500381469727,2172272,23.955650329589844
2021-05-05,29.924999237060547,30.287500381469727,29.899999618530273,30.225000381469727,1882644,24.205917358398438
2021-05-06,30.287500381469727,30.524999618530273,29.962499618530273,30.450000762939453,2154284,24.386110305786133
2021-05-07,30.600000381469727,30.9375,30.5,30.924999237060547,1804000,24.766517639160156
2021-05-10,30.987499237060547,31.125,30.799999237060547,31.049999237060547,1182476,24.866626739501953
2021-05-11,30.700000762939453,30.837499618530273,30.412500381469727,30.725000381469727,2346796,24.606348037719727
2021-05-12,30.649999618530273,30.787500381469727,30.537500381469727,30.700000762939453,1308932,24.586326599121094
2021-05-13,30.512500762939453,30.737499237060547,30.0,30.625,1096044,24.526260375976562
2021-05-14,30.837499618530273,31.200000762939453,30.549999237060547,31.037500381469727,1596604,24.856613159179688
2021-05-17,31.037500381469727,31.262500762939453,30.924999237060547,31.049999237060547,868048,24.866626739501953
2021-05-18,31.362499237060547,31.5,30.862499237060547,31.0625,1183172,24.876636505126953
2021-05-19,30.75,30.8125,30.1875,30.549999237060547,1769320,24.466196060180664
2021-05-20,30.700000762939453,30.799999237060547,30.3125,30.799999237060547,1327924,24.666412353515625
2021-05-21,30.762500762939453,31.225000381469727,30.762500762939453,31.075000762939453,1575372,24.886646270751953
2021-05-24,31.112499237060547,31.237499237060547,31.0625,31.1875,717616,24.976743698120117
2021-05-25,30.6875,30.737499237060547,30.274999618530273,30.274999618530273,1499256,24.70137596130371
2021-05-26,30.350000381469727,30.725000381469727,30.237499237060547,30.725000381469727,1452428,25.068532943725586
2021-05-27,30.575000762939453,31.362499237060547,30.5,31.25,2328528,25.496877670288086
2021-05-28,31.299999237060547,31.5,31.049999237060547,31.399999618530273,1521748,25.619264602661133
2021-05-31,31.399999618530273,31.512500762939453,31.299999237060547,31.450000762939453,1026212,25.660058975219727
2021-06-01,31.512500762939453,32.037498474121094,31.475000381469727,31.987499237060547,2137584,26.098604202270508
2021-06-02,32.20000076293945,32.4375,31.9375,32.4375,1771676,26.465763092041016
2021-06-03,32.412498474121094,32.912498474121094,32.150001525878906,32.86249923706055,1433276,26.812517166137695
2021-06-04,32.837501525878906,32.900001525878906,32.51250076293945,32.61249923706055,1004976,26.608545303344727
2021-06-07,32.61249923706055,33.337501525878906,32.599998474121094,33.07500076293945,1344288,26.985897064208984
2021-06-08,32.962501525878906,33.099998474121094,32.775001525878906,32.88750076293945,1019200,26.832916259765625
2021-06-09,32.875,32.900001525878906,32.474998474121094,32.625,1243388,26.61874008178711
2021-06-10,32.6875,32.8125,32.4375,32.587501525878906,1437344,26.58814811706543
2021-06-11,32.57500076293945,32.86249923706055,32.5,32.587501525878906,1586328,26.58814811706543
2021-06-14,32.650001525878906,32.75,32.26250076293945,32.275001525878906,1258128,26.33317756652832
2021-06-15,32.412498474121094,32.900001525878906,32.337501525878906,32.599998474121094,1325536,26.598342895507812
2021-06-16,32.75,32.98749923706055,32.48749923706055,32.900001525878906,1409272,26.843116760253906
2021-06-17,32.712501525878906,33.349998474121094,32.6875,33.087501525878906,1719600,26.996097564697266
2021-06-18,33.07500076293945,33.724998474121094,32.61249923706055,32.837501525878906,3672348,26.79212188720703
2021-06-21,32.662498474121094,34.462501525878906,32.599998474121094,34.400001525878906,2777920,28.06696891784668
2021-06-22,34.412498474121094,34.48749923706055,33.587501525878906,33.712501525878906,2135116,27.50603485107422
2021-06-23,33.775001525878906,33.88750076293945,33.51250076293945,33.525001525878906,1056152,27.35305404663086
2021-06-24,33.724998474121094,33.912498474121094,33.48749923706055,33.912498474121094,1425256,27.669212341308594
2021-06-25,33.974998474121094,33.974998474121094,33.5625,33.587501525878906,1138504,27.4040470123291
2021-06-28,33.525001525878906,33.962501525878906,33.48749923706055,33.712501525878906,1240160,27.50603485107422
2021-06-29,33.775001525878906,34.38750076293945,33.775001525878906,34.38750076293945,1759924,28.0567684173584
2021-06-30,34.29999923706055,34.48749923706055,33.587501525878906,33.625,1866440,27.43464469909668
2021-07-01,33.79999923706055,33.837501525878906,33.36249923706055,33.587501525878906,1220560,27.4040470123291
2021-07-02,33.6875,34.0625,33.6875,33.82500076293945,934652,27.597824096679688
2021-07-05,33.8125,34.150001525878906,33.625,34.125,618372,27.84259033203125
2021-07-06,34.099998474121094,34.099998474121094,33.42499923706055,33.54999923706055,1452760,27.373451232910156
2021-07-07,33.525001525878906,33.98749923706055,33.337501525878906,33.73749923706055,1274736,27.526432037353516
2021-07-08,33.38750076293945,33.54999923706055,33.087501525878906,33.275001525878906,2074976,27.149078369140625
2021-07-09,33.36249923706055,34.337501525878906,33.36249923706055,34.275001525878906,1701132,27.96497917175293
2021-07-12,34.1875,34.337501525878906,33.787498474121094,34.32500076293945,1112652,28.00577163696289
2021-07-13,34.3125,34.51250076293945,34.125,34.3125,1057392,27.995573043823242
2021-07-14,34.275001525878906,34.412498474121094,34.04999923706055,34.13750076293945,1146464,27.852792739868164
2021-07-15,34.07500076293945,34.150001525878906,33.79999923706055,33.974998474121094,1220008,27.72020721435547
2021-07-16,34.087501525878906,34.17499923706055,33.650001525878906,33.662498474121094,1272776,27.46523666381836
2021-07-19,33.275001525878906,33.48749923706055,32.79999923706055,33.150001525878906,1901200,27.047090530395508
2021-07-20,33.29999923706055,33.625,33.087501525878906,33.32500076293945,1256204,27.18987464904785
2021-07-21,33.537498474121094,33.974998474121094,33.4375,33.8125,1402012,27.587623596191406
2021-07-22,33.9375,34.26250076293945,33.88750076293945,33.9375,1135528,27.689611434936523
2021-07-23,34.20000076293945,34.625,34.17499923706055,34.5,1226900,28.148555755615234
2021-07-26,34.26250076293945,34.337501525878906,33.73749923706055,33.8125,1681056,27.587623596191406
2021-07-27,34.150001525878906,34.29999923706055,33.51250076293945,33.875,1745820,27.63861656188965
2021-07-28,33.6875,33.98749923706055,33.337501525878906,33.98749923706055,1341868,27.730403900146484
2021-07-29,33.98749923706055,34.4375,33.82500076293945,34.42499923706055,1284068,28.087360382080078
2021-07-30,34.3125,34.5625,33.98749923706055,34.42499923706055,1100356,28.087360382080078
2021-08-02,34.662498474121094,34.875,34.51250076293945,34.662498474121094,1220616,28.281137466430664
2021-08-03,34.650001525878906,34.974998474121094,34.57500076293945,34.75,1415872,28.352527618408203
2021-08-04,34.79999923706055,35.337501525878906,34.79999923706055,35.337501525878906,1709468,28.831872940063477
2021-08-05,35.162498474121094,35.63750076293945,35.087501525878906,35.5625,1332772,29.01544952392578
2021-08-06,35.48749923706055,35.73749923706055,35.07500076293945,35.537498474121094,1238740,28.995052337646484
2021-08-09,35.42499923706055,35.61249923706055,35.32500076293945,35.48749923706055,822764,28.954254150390625
2021-08-10,35.57500076293945,35.662498474121094,35.400001525878906,35.48749923706055,673768,28.954254150390625
2021-08-11,35.54999923706055,35.70000076293945,35.412498474121094,35.625,850608,29.06644058227539
2021-08-12,35.650001525878906,35.82500076293945,35.474998474121094,35.712501525878906,1088248,29.137834548950195
2021-08-13,35.650001525878906,36.01250076293945,35.61249923706055,36.01250076293945,887568,29.382606506347656
2021-08-16,35.8125,36.17499923706055,35.775001525878906,36.04999923706055,984452,29.413198471069336
2021-08-17,36.0,36.23749923706055,35.95000076293945,35.95000076293945,991620,29.33160972595215
2021-08-18,35.962501525878906,36.275001525878906,35.849998474121094,36.1875,990828,29.525386810302734
2021-08-19,35.724998474121094,35.82500076293945,35.337501525878906,35.412498474121094,1739088,28.893062591552734
2021-08-20,35.29999923706055,35.42499923706055,34.98749923706055,35.20000076293945,1488404,28.71968650817871
2021-08-23,35.5,35.75,35.212501525878906,35.29999923706055,1117568,28.8012752532959
2021-08-24,35.349998474121094,35.474998474121094,34.54999923706055,34.6875,1368432,28.301536560058594
2021-08-25,34.6875,34.8125,34.4375,34.599998474121094,1264584,28.23014259338379
2021-08-26,34.4375,34.86249923706055,34.42499923706055,34.8125,908184,28.403526306152344
2021-08-27,34.912498474121094,35.0,34.712501525878906,34.9375,580168,28.505512237548828
2021-08-30,34.95000076293945,35.01250076293945,34.79999923706055,34.849998474121094,493948,28.434118270874023
2021-08-31,34.92499923706055,34.98749923706055,34.125,34.26250076293945,1726344,27.95477867126465
2021-09-01,34.57500076293945,34.61249923706055,34.17499923706055,34.42499923706055,1104508,28.087360382080078
2021-09-02,34.42499923706055,34.625,34.38750076293945,34.54999923706055,754528,28.189346313476562
2021-09-03,34.5625,34.625,34.150001525878906,34.212501525878906,903728,27.913984298706055
2021-09-06,34.275001525878906,34.57500076293945,34.212501525878906,34.38750076293945,639188,28.0567684173584
2021-09-07,34.32500076293945,34.599998474121094,34.25,34.54999923706055,728520,28.189346313476562
2021-09-08,34.48749923706055,34.525001525878906,33.98749923706055,34.0625,1093568,27.79159927368164
2021-09-09,33.8125,34.275001525878906,33.1875,34.212501525878906,1048732,27.913984298706055
2021-09-10,34.25,34.42499923706055,34.07500076293945,34.099998474121094,1077220,27.822193145751953
2021-09-13,34.07500076293945,34.5625,34.0,34.13750076293945,812588,27.852792739868164
2021-09-14,34.20000076293945,34.412498474121094,34.01250076293945,34.162498474121094,1443628,27.873188018798828
2021-09-15,34.04999923706055,34.212501525878906,33.6875,33.95000076293945,1404432,27.699810028076172
2021-09-16,34.17499923706055,34.42499923706055,33.787498474121094,33.8125,1170260,27.587623596191406
2021-09-17,34.07500076293945,34.087501525878906,33.087501525878906,33.13750076293945,3054852,27.03689193725586
2021-09-20,32.625,32.75,32.07500076293945,32.29999923706055,2171712,26.353574752807617
2021-09-21,32.462501525878906,32.54999923706055,32.212501525878906,32.45000076293945,1634064,26.47595977783203
2021-09-22,32.79999923706055,33.212501525878906,32.712501525878906,33.04999923706055,1392888,26.965497970581055
2021-09-23,33.32500076293945,33.587501525878906,33.23749923706055,33.45000076293945,1105884,27.291860580444336
2021-09-24,33.400001525878906,33.5625,33.0,33.36249923706055,1290064,27.2204647064209
2021-09-27,33.650001525878906,33.662498474121094,33.13750076293945,33.375,1690832,27.230669021606445
2021-09-28,33.29999923706055,33.474998474121094,32.724998474121094,32.86249923706055,1973160,26.812517166137695
2021-09-29,33.11249923706055,33.400001525878906,33.0,33.400001525878906,1576352,27.25106430053711
2021-09-30,33.525001525878906,33.57500076293945,32.962501525878906,33.20000076293945,1742172,27.087886810302734
2021-10-01,32.775001525878906,33.25,32.54999923706055,33.20000076293945,1796720,27.087886810302734
2021-10-04,33.04999923706055,33.275001525878906,32.6875,33.0,1279700,26.92470359802246
2021-10-05,33.087501525878906,33.98749923706055,32.88750076293945,33.98749923706055,2040700,27.730403900146484
2021-10-06,33.67499923706055,33.8125,32.86249923706055,32.88750076293945,2133932,26.832916259765625
2021-10-07,33.162498474121094,33.712501525878906,33.125,33.4375,1826008,27.281661987304688
2021-10-08,33.45000076293945,33.51250076293945,33.212501525878906,33.375,1287052,27.230669021606445
2021-10-11,33.23749923706055,33.36249923706055,32.599998474121094,32.73749923706055,2254560,26.710529327392578
2021-10-12,32.51250076293945,32.974998474121094,32.36249923706055,32.79999923706055,1372744,26.761524200439453
2021-10-13,32.76250076293945,33.0625,32.57500076293945,32.724998474121094,1325544,26.70033073425293
2021-10-14,32.95000076293945,33.099998474121094,32.712501525878906,32.974998474121094,1101864,26.904308319091797
2021-10-15,33.099998474121094,33.525001525878906,33.0,33.525001525878906,1288452,27.35305404663086
2021-10-18,33.5,33.525001525878906,33.0,33.224998474121094,982492,27.108280181884766
2021-10-19,33.25,33.337501525878906,32.88750076293945,33.11249923706055,924872,27.016490936279297
2021-10-20,32.974998474121094,33.474998474121094,32.51250076293945,33.337501525878906,1804888,27.200071334838867
2021-10-21,33.212501525878906,33.75,33.07500076293945,33.57500076293945,1438288,27.39384651184082
2021-10-22,33.650001525878906,33.787498474121094,33.23749923706055,33.23749923706055,1308828,27.118480682373047
2021-10-25,33.25,33.75,33.17499923706055,33.525001525878906,1310476,27.35305404663086
2021-10-26,33.5,33.75,32.79999923706055,33.224998474121094,1926532,27.108280181884766
2021-10-27,33.4375,33.875,33.375,33.849998474121094,1334300,27.61821937561035
2021-10-28,33.73749923706055,33.9375,33.537498474121094,33.82500076293945,1183388,27.597824096679688
2021-10-29,33.76250076293945,33.974998474121094,33.51250076293945,33.92499923706055,1296500,27.679410934448242
2021-11-01,34.04999923706055,34.337501525878906,33.73749923706055,33.73749923706055,1273216,27.526432037353516
2021-11-02,33.70000076293945,33.962501525878906,33.525001525878906,33.587501525878906,1459528,27.4040470123291
2021-11-03,33.54999923706055,34.07500076293945,33.537498474121094,34.07500076293945,1506204,27.801799774169922
2021-11-04,34.162498474121094,34.45000076293945,34.150001525878906,34.38750076293945,1695180,28.0567684173584
2021-11-05,34.349998474121094,34.525001525878906,34.13750076293945,34.20000076293945,1948644,27.90378189086914
2021-11-08,34.150001525878906,34.287498474121094,33.962501525878906,33.98749923706055,1432556,27.730403900146484
2021-11-09,33.9375,34.150001525878906,33.8125,33.849998474121094,1259508,27.61821937561035
2021-11-10,33.849998474121094,33.875,33.51250076293945,33.54999923706055,2033088,27.373451232910156
2021-11-11,33.5,33.54999923706055,33.3125,33.4375,1645188,27.281661987304688
2021-11-12,33.400001525878906,33.724998474121094,33.400001525878906,33.70000076293945,1529164,27.495834350585938
2021-11-15,33.525001525878906,33.75,33.474998474121094,33.525001525878906,1345060,27.35305404663086
2021-11-16,33.5,34.025001525878906,33.5,34.01250076293945,2100428,27.750802993774414
2021-11-17,34.01250076293945,34.48749923706055,34.01250076293945,34.42499923706055,2120424,28.087360382080078
2021-11-18,34.38750076293945,35.025001525878906,34.17499923706055,34.974998474121094,2181860,28.536104202270508
2021-11-19,34.88750076293945,35.17499923706055,34.11249923706055,34.349998474121094,2099588,28.02617073059082
2021-11-22,34.462501525878906,35.29999923706055,34.462501525878906,35.1875,2212800,28.70948600769043
2021-11-23,35.20000076293945,35.412498474121094,34.875,34.92499923706055,1776640,28.49531364440918
2021-11-24,34.9375,35.099998474121094,34.70000076293945,34.92499923706055,1469808,28.49531364440918
2021-11-25,35.04999923706055,35.087501525878906,34.5625,34.75,1237296,28.352527618408203
2021-11-26,33.900001525878906,34.11249923706055,31.875,32.099998474121094,5262032,26.190393447875977
2021-11-29,32.275001525878906,32.48749923706055,31.662500381469727,32.087501525878906,2520688,26.18019676208496
2021-11-30,31.774999618530273,32.63750076293945,31.387500762939453,32.625,4835980,26.61874008178711
2021-12-01,32.875,34.0625,32.76250076293945,34.0,3022760,27.740604400634766
2021-12-02,33.212501525878906,33.712501525878906,32.98749923706055,32.98749923706055,2476748,26.914505004882812
2021-12-03,33.38750076293945,33.61249923706055,33.0625,33.1875,1839532,27.07768440246582
2021-12-06,33.412498474121094,33.9375,33.412498474121094,33.912498474121094,2119928,27.669212341308594
2021-12-07,34.212501525878906,34.73749923706055,34.212501525878906,34.662498474121094,2788432,28.281137466430664
2021-12-08,34.70000076293945,35.13750076293945,34.63750076293945,35.0,3002340,28.55650520324707
2021-12-09,35.125,35.525001525878906,34.95000076293945,35.349998474121094,2271264,28.842071533203125
2021-12-10,35.212501525878906,35.875,35.087501525878906,35.48749923706055,1699096,28.954254150390625
2021-12-13,35.525001525878906,35.76250076293945,34.837501525878906,35.025001525878906,1834792,28.576904296875
2021-12-14,35.11249923706055,35.287498474121094,34.70000076293945,34.79999923706055,1961380,28.393325805664062
2021-12-15,35.0,35.150001525878906,34.45000076293945,34.63750076293945,1665320,28.260740280151367
2021-12-16,35.17499923706055,35.474998474121094,34.63750076293945,34.73749923706055,2632612,28.342330932617188
2021-12-17,34.48749923706055,34.70000076293945,34.25,34.599998474121094,2441784,28.23014259338379
2021-12-20,33.912498474121094,34.125,33.474998474121094,34.0,2049432,27.740604400634766
2021-12-21,34.38750076293945,34.962501525878906,34.212501525878906,34.92499923706055,2053596,28.49531364440918
2021-12-22,34.75,35.4375,34.712501525878906,35.4375,1293688,28.91345977783203
2021-12-23,35.51250076293945,36.087501525878906,35.51250076293945,35.787498474121094,1817404,29.199024200439453
2021-12-24,35.775001525878906,36.0,35.775001525878906,35.875,159816,29.270418167114258
2021-12-27,35.712501525878906,36.125,35.6875,36.125,895652,29.474390029907227
2021-12-28,36.099998474121094,36.5,36.087501525878906,36.13750076293945,1254244,29.484594345092773
2021-12-29,36.125,36.287498474121094,36.025001525878906,36.23749923706055,873948,29.566177368164062
2021-12-30,36.275001525878906,36.349998474121094,36.07500076293945,36.17499923706055,898488,29.515188217163086
2021-12-31,36.1875,36.25,35.974998474121094,36.037498474121094,362728,29.402999877929688
2022-01-03,36.375,37.087501525878906,36.337501525878906,36.662498474121094,1481384,29.912935256958008
2022-01-04,37.087501525878906,37.6875,37.087501525878906,37.474998474121094,2210500,30.575855255126953
2022-01-05,37.86249923706055,38.32500076293945,37.837501525878906,38.224998474121094,2306516,31.187782287597656
2022-01-06,37.587501525878906,38.67499923706055,37.5,38.20000076293945,1774808,31.167388916015625
2022-01-07,38.275001525878906,38.375,38.0,38.36249923706055,1554336,31.299972534179688
2022-01-10,38.51250076293945,38.625,37.98749923706055,38.125,1307232,31.1061954498291
2022-01-11,38.412498474121094,38.587501525878906,38.04999923706055,38.25,1481436,31.208181381225586
2022-01-12,38.474998474121094,38.662498474121094,38.125,38.36249923706055,1074240,31.299972534179688
2022-01-13,38.29999923706055,38.76250076293945,38.04999923706055,38.76250076293945,1934060,31.626331329345703
2022-01-14,38.4375,38.875,38.412498474121094,38.70000076293945,1115928,31.575336456298828
2022-01-17,38.875,38.92499923706055,38.32500076293945,38.537498474121094,1074036,31.442750930786133
2022-01-18,38.3125,38.36249923706055,37.76250076293945,38.25,1647640,31.208181381225586
2022-01-19,38.037498474121094,38.57500076293945,37.875,38.349998474121094,1288856,31.289770126342773
2022-01-20,38.462501525878906,38.474998474121094,37.712501525878906,38.0625,1359120,31.05519676208496
2022-01-21,37.5,37.51250076293945,36.974998474121094,37.474998474121094,2010008,30.575855255126953
2022-01-24,37.3125,37.662498474121094,35.974998474121094,36.287498474121094,2148804,29.606975555419922
2022-01-25,36.75,37.025001525878906,36.25,36.787498474121094,1631880,30.014925003051758
2022-01-26,36.95000076293945,37.4375,36.76250076293945,37.025001525878906,1671612,30.20870590209961
2022-01-27,36.5625,37.63750076293945,36.400001525878906,37.1875,1664484,30.34128761291504
2022-01-28,36.98749923706055,37.04999923706055,36.17499923706055,36.775001525878906,1601860,30.00472640991211
2022-01-31,37.29999923706055,37.462501525878906,36.662498474121094,36.92499923706055,1543440,30.12710952758789
2022-02-01,37.07500076293945,37.48749923706055,37.01250076293945,37.48749923706055,1400948,30.586057662963867
2022-02-02,37.5,37.54999923706055,36.875,36.974998474121094,1613088,30.16790771484375
2022-02-03,36.8125,37.48749923706055,36.70000076293945,37.099998474121094,1357676,30.269893646240234
2022-02-04,37.5,37.525001525878906,36.275001525878906,36.662498474121094,1627544,29.912935256958008
2022-02-07,36.787498474121094,36.82500076293945,36.45000076293945,36.587501525878906,1629080,29.851747512817383
2022-02-08,36.76250076293945,37.75,36.5625,37.29999923706055,2253308,30.43307113647461
2022-02-09,37.5,38.212501525878906,37.5,37.724998474121094,2436152,30.779830932617188
2022-02-10,37.8125,38.29999923706055,37.400001525878906,38.29999923706055,1605476,31.24897003173828
2022-02-11,37.73749923706055,38.349998474121094,36.849998474121094,37.01250076293945,2298068,30.198503494262695
2022-02-14,36.125,36.29999923706055,35.11249923706055,36.1875,2635232,29.525386810302734
2022-02-15,35.724998474121094,36.212501525878906,34.849998474121094,34.92499923706055,2884316,28.49531364440918
2022-02-16,34.962501525878906,35.07500076293945,34.1875,34.474998474121094,2202792,28.128154754638672
2022-02-17,34.599998474121094,35.1875,34.537498474121094,34.8125,1570828,28.403526306152344
2022-02-18,34.79999923706055,34.98749923706055,33.63750076293945,33.86249923706055,2032536,27.628419876098633
2022-02-21,34.162498474121094,34.349998474121094,32.8125,33.11249923706055,1561128,27.016490936279297
2022-02-22,32.38750076293945,32.9375,32.349998474121094,32.599998474121094,2317812,26.598342895507812
2022-02-23,32.724998474121094,32.98749923706055,32.212501525878906,32.212501525878906,2068848,26.282184600830078
2022-02-24,31.200000762939453,31.487499237060547,30.200000762939453,31.049999237060547,3346692,25.33370018005371
2022-02-25,31.225000381469727,31.649999618530273,30.612499237060547,31.475000381469727,3028344,25.680458068847656
2022-02-28,30.674999237060547,31.0,29.912500381469727,31.0,4281664,25.292903900146484
2022-03-01,30.725000381469727,30.75,29.712499618530273,29.774999618530273,2358492,24.293426513671875
2022-03-02,29.225000381469727,30.174999237060547,28.6875,29.787500381469727,4199976,24.303625106811523
2022-03-03,29.799999237060547,29.987499237060547,29.149999618530273,29.3125,2481084,23.916074752807617
2022-03-04,28.5,28.774999618530273,27.0625,27.212499618530273,4157380,22.202680587768555
2022-03-07,26.137500762939453,26.912500381469727,24.895000457763672,26.25,4861812,21.417377471923828
2022-03-08,25.662500381469727,27.137500762939453,25.587499618530273,26.149999618530273,2896404,21.33578872680664
2022-03-09,27.5,28.712499618530273,26.912500381469727,28.712499618530273,4740056,23.426530838012695
2022-03-10,28.75,28.787500381469727,27.712499618530273,27.987499237060547,3158980,22.835004806518555
2022-03-11,28.200000762939453,28.924999237060547,27.774999618530273,28.200000762939453,2617252,23.008386611938477
2022-03-14,28.875,29.475000381469727,28.75,28.912500381469727,2334524,23.58971405029297
2022-03-15,28.625,29.649999618530273,28.274999618530273,29.424999237060547,3263464,24.007862091064453
2022-03-16,30.024999618530273,31.299999237060547,29.862499237060547,30.6875,4444392,25.03793716430664
2022-03-17,30.875,31.037500381469727,30.0625,30.5625,3234300,24.935949325561523
2022-03-18,30.399999618530273,30.512500762939453,29.787500381469727,30.5,5191272,24.88495445251465
2022-03-21,30.412500381469727,30.537500381469727,30.149999618530273,30.375,1114560,24.7829647064209
2022-03-22,30.549999237060547,31.087499618530273,30.200000762939453,30.8125,1548212,25.139923095703125
2022-03-23,30.950000762939453,31.075000762939453,30.3125,30.424999237060547,1573412,24.823759078979492
2022-03-24,30.4375,30.5625,29.700000762939453,29.887500762939453,1974624,24.38521385192871
2022-03-25,29.975000381469727,29.975000381469727,29.612499237060547,29.912500381469727,1648132,24.40561294555664
2022-03-28,30.024999618530273,30.362499237060547,29.912500381469727,30.100000381469727,1176112,24.55859375
2022-03-29,30.837499618530273,31.987499237060547,30.612499237060547,31.725000381469727,2221980,25.884431838989258
2022-03-30,31.674999237060547,31.700000762939453,30.8125,30.8125,1549520,25.139923095703125
2022-03-31,31.024999618530273,31.25,30.625,30.737499237060547,1616752,25.078731536865234
2022-04-01,30.725000381469727,31.287500381469727,30.725000381469727,30.850000381469727,963440,25.17051887512207
2022-04-04,30.875,31.237499237060547,30.424999237060547,30.875,1160420,25.19091796875
2022-04-05,30.875,31.612499237060547,30.012500762939453,30.112499237060547,2866248,24.56879425048828
2022-04-06,30.0,30.262500762939453,28.950000762939453,29.424999237060547,2210028,24.007862091064453
2022-04-07,29.587499618530273,29.825000762939453,28.950000762939453,29.024999618530273,2817456,23.681501388549805
2022-04-08,29.424999237060547,29.575000762939453,28.8125,29.212499618530273,1374144,23.834484100341797
2022-04-11,29.200000762939453,29.524999618530273,28.850000381469727,29.149999618530273,1271080,23.783489227294922
2022-04-12,28.850000381469727,29.725000381469727,28.6875,29.475000381469727,2002044,24.048654556274414
2022-04-13,29.412500381469727,29.674999237060547,29.149999618530273,29.674999237060547,1647748,24.211835861206055
2022-04-14,29.6875,30.0625,29.662500381469727,29.799999237060547,1342404,24.313823699951172
2022-04-19,29.962499618530273,30.350000381469727,29.549999237060547,30.350000381469727,1632260,24.762571334838867
2022-04-20,30.475000381469727,30.612499237060547,30.112499237060547,30.149999618530273,1864628,24.599390029907227
2022-04-21,30.112499237060547,30.987499237060547,30.075000762939453,30.362499237060547,2529636,24.772768020629883
2022-04-22,29.837499618530273,30.325000762939453,29.575000762939453,29.700000762939453,1886388,24.23223304748535
2022-04-25,28.899999618530273,29.387500762939453,28.8125,29.237499237060547,1905052,23.854881286621094
2022-04-26,29.662500381469727,29.762500762939453,28.637500762939453,28.637500762939453,1906412,23.365341186523438
2022-04-27,29.024999618530273,29.737499237060547,28.512500762939453,29.674999237060547,1988140,24.211835861206055
2022-04-28,30.362499237060547,30.6875,29.3125,29.774999618530273,1539468,24.293426513671875
2022-04-29,29.9375,30.225000381469727,29.600000381469727,29.762500762939453,1678272,24.28322982788086
2022-05-02,29.487499237060547,29.6875,27.637500762939453,29.5,1744944,24.069055557250977
2022-05-03,29.674999237060547,30.125,29.524999618530273,29.850000381469727,1130124,24.354618072509766
2022-05-04,30.037500381469727,30.237499237060547,29.737499237060547,29.799999237060547,1507248,24.313823699951172
2022-05-05,30.4375,30.837499618530273,29.337499618530273,29.399999618530273,1466696,23.987462997436523
2022-05-06,29.3125,29.662500381469727,28.674999237060547,29.274999618530273,2028576,23.885478973388672
2022-05-09,29.075000762939453,29.274999618530273,28.399999618530273,28.399999618530273,1562220,23.171560287475586
2022-05-10,28.799999237060547,29.274999618530273,28.75,28.837499618530273,1435356,23.528520584106445
2022-05-11,29.0625,29.587499618530273,28.924999237060547,29.387500762939453,1853264,23.97726821899414
2022-05-12,28.875,29.475000381469727,28.662500381469727,29.375,1556836,23.96706771850586
2022-05-13,29.475000381469727,30.274999618530273,29.299999237060547,30.075000762939453,1667428,24.538198471069336
2022-05-16,29.625,30.237499237060547,28.950000762939453,30.1875,2393452,24.629985809326172
2022-05-17,29.262500762939453,29.399999618530273,28.850000381469727,29.125,1290424,24.682954788208008
2022-05-18,29.137500762939453,29.225000381469727,28.450000762939453,28.512500762939453,1446288,24.16387176513672
2022-05-19,28.149999618530273,28.875,27.9375,28.837499618530273,1830904,24.439300537109375
2022-05-20,29.012500762939453,29.862499237060547,29.0,29.075000762939453,1941508,24.640581130981445
2022-05-23,29.537500381469727,29.587499618530273,28.825000762939453,29.462499618530273,1151180,24.968976974487305
2022-05-24,29.25,29.524999618530273,28.875,29.112499237060547,1065056,24.672359466552734
2022-05-25,29.399999618530273,29.8125,29.3125,29.487499237060547,1467192,24.99016571044922
2022-05-26,29.487499237060547,30.174999237060547,29.362499237060547,30.012500762939453,1105212,25.435094833374023
2022-05-27,30.200000762939453,30.325000762939453,29.9375,30.075000762939453,931768,25.48806381225586
2022-05-30,30.299999237060547,30.737499237060547,30.112499237060547,30.512500762939453,1219908,25.858837127685547
2022-05-31,30.325000762939453,30.537500381469727,30.075000762939453,30.3125,4137780,25.68933868408203
2022-06-01,30.462499618530273,30.725000381469727,30.174999237060547,30.3125,1629220,25.68933868408203
2022-06-02,30.325000762939453,30.837499618530273,30.25,30.6875,911968,26.007144927978516
2022-06-03,30.850000381469727,30.912500381469727,30.424999237060547,30.487499237060547,774544,25.837650299072266
2022-06-06,30.649999618530273,30.924999237060547,30.4375,30.787500381469727,828428,26.091894149780273
2022-06-07,30.649999618530273,30.862499237060547,30.4375,30.475000381469727,1017624,25.827056884765625
2022-06-08,30.5,30.524999618530273,29.75,30.237499237060547,1729916,25.625778198242188
2022-06-09,30.012500762939453,30.375,29.825000762939453,30.274999618530273,1430760,25.65755844116211
2022-06-10,30.100000381469727,30.237499237060547,29.274999618530273,29.375,1618632,24.894824981689453
2022-06-13,28.875,29.112499237060547,27.725000381469727,27.987499237060547,2468728,23.71894073486328
2022-06-14,27.600000381469727,27.987499237060547,27.100000381469727,27.149999618530273,2265792,23.009174346923828
2022-06-15,27.5625,28.024999618530273,27.475000381469727,27.862499237060547,2079212,23.61300277709961
2022-06-16,28.059999465942383,28.18000030517578,27.059999465942383,27.219999313354492,1187164,23.068496704101562
2022-06-17,27.440000534057617,27.975000381469727,27.405000686645508,27.815000534057617,3676440,23.572750091552734
2022-06-20,27.84000015258789,27.989999771118164,27.264999389648438,27.770000457763672,1289251,23.53461456298828
2022-06-21,27.700000762939453,28.200000762939453,27.649999618530273,27.809999465942383,1306124,23.568511962890625
2022-06-22,27.334999084472656,27.34000015258789,26.7549991607666,27.0,1760261,22.882049560546875
2022-06-23,26.594999313354492,26.739999771118164,25.78499984741211,25.80500030517578,2330912,21.869308471679688
2022-06-24,25.985000610351562,26.625,25.59000015258789,26.2450008392334,1948051,22.242202758789062
2022-06-27,26.549999237060547,27.06999969482422,26.219999313354492,26.459999084472656,1418800,22.424409866333008
2022-06-28,26.579999923706055,26.895000457763672,26.514999389648438,26.614999771118164,1175531,22.555768966674805
2022-06-29,26.049999237060547,26.524999618530273,25.950000762939453,26.440000534057617,1407661,22.407461166381836
2022-06-30,26.030000686645508,26.079999923706055,25.31999969482422,25.975000381469727,2416419,22.01338005065918
2022-07-01,25.68000030517578,26.475000381469727,25.5,26.170000076293945,1251429,22.178638458251953
2022-07-04,26.31999969482422,26.424999237060547,25.959999084472656,26.020000457763672,1084508,22.051517486572266
2022-07-05,26.149999618530273,26.315000534057617,24.770000457763672,24.9950008392334,1930106,21.182846069335938
2022-07-06,25.739999771118164,25.90999984741211,25.510000228881836,25.790000915527344,1810853,21.856597900390625
2022-07-07,26.18000030517578,26.760000228881836,26.030000686645508,26.6299991607666,1684999,22.5684814453125
2022-07-08,26.594999313354492,27.299999237060547,26.375,27.05500030517578,1237575,22.92866325378418
2022-07-11,26.450000762939453,26.8799991607666,26.31999969482422,26.3799991607666,1009018,22.356611251831055
2022-07-12,25.84000015258789,26.295000076293945,25.575000762939453,26.295000076293945,2044583,22.284576416015625
2022-07-13,26.040000915527344,26.360000610351562,25.799999237060547,26.139999389648438,1372242,22.153215408325195
2022-07-14,26.1200008392334,26.360000610351562,25.774999618530273,26.235000610351562,1099262,22.233728408813477
2022-07-15,26.260000228881836,27.385000228881836,26.239999771118164,27.155000686645508,1836084,23.013412475585938
2022-07-18,27.19499969482422,27.674999237060547,27.139999389648438,27.434999465942383,1262913,23.25070571899414
2022-07-19,27.014999389648438,28.170000076293945,26.915000915527344,27.889999389648438,1491363,23.636310577392578
2022-07-20,27.889999389648438,28.225000381469727,27.479999542236328,28.079999923706055,1827290,23.797332763671875
2022-07-21,27.854999542236328,28.295000076293945,27.739999771118164,28.229999542236328,1704506,23.924455642700195
2022-07-22,28.03499984741211,28.3799991607666,27.895000457763672,28.239999771118164,1421524,23.932931900024414
2022-07-25,28.020000457763672,28.600000381469727,27.8700008392334,28.325000762939453,1226724,24.004966735839844
2022-07-26,28.424999237060547,28.440000534057617,27.7450008392334,27.94499969482422,1223703,23.68292236328125
2022-07-27,27.399999618530273,27.450000762939453,25.940000534057617,26.235000610351562,3980838,22.233728408813477
2022-07-28,26.40999984741211,26.739999771118164,26.1299991607666,26.270000457763672,1984843,22.263389587402344
2022-07-29,26.510000228881836,27.434999465942383,26.424999237060547,27.165000915527344,1946937,23.021886825561523
2022-08-01,27.184999465942383,27.3700008392334,26.829999923706055,26.829999923706055,1489225,22.737979888916016
2022-08-02,26.575000762939453,26.59000015258789,26.229999542236328,26.309999465942383,1495376,22.29728889465332
2022-08-03,26.229999542236328,27.360000610351562,26.079999923706055,27.360000610351562,1944352,23.18714714050293
2022-08-04,27.440000534057617,27.920000076293945,27.329999923706055,27.344999313354492,1631696,23.1744327545166
2022-08-05,27.510000228881836,27.84000015258789,27.295000076293945,27.53499984741211,1657623,23.3354549407959
2022-08-08,27.65999984741211,27.924999237060547,27.565000534057617,27.78499984741211,1525233,23.547327041625977
2022-08-09,27.7549991607666,27.790000915527344,26.469999313354492,26.825000762939453,1559030,22.73374366760254
2022-08-10,26.75,27.6200008392334,26.625,27.575000762939453,1300608,23.369354248046875
2022-08-11,27.700000762939453,27.760000228881836,26.684999465942383,26.860000610351562,1759659,22.763404846191406
2022-08-12,26.94499969482422,27.4950008392334,26.75,26.764999389648438,1432859,22.682893753051758
2022-08-15,26.790000915527344,26.80500030517578,26.420000076293945,26.7549991607666,1001014,22.674419403076172
2022-08-16,26.700000762939453,27.239999771118164,26.649999618530273,27.184999465942383,1566214,23.038833618164062
2022-08-17,27.31999969482422,27.440000534057617,26.125,26.174999237060547,1674964,22.182876586914062
2022-08-18,26.219999313354492,26.59000015258789,26.030000686645508,26.235000610351562,1004925,22.233728408813477
2022-08-19,26.2549991607666,26.34000015258789,25.739999771118164,25.795000076293945,1343817,21.8608341217041
2022-08-22,25.71500015258789,25.815000534057617,24.75,24.959999084472656,2143495,21.15318489074707
2022-08-23,24.655000686645508,25.264999389648438,24.594999313354492,24.844999313354492,1668729,21.05572509765625
2022-08-24,24.625,25.06999969482422,24.434999465942383,25.040000915527344,1526379,21.220985412597656
2022-08-25,25.200000762939453,25.31999969482422,24.75,24.979999542236328,830770,21.170133590698242
2022-08-26,25.065000534057617,25.184999465942383,24.1200008392334,24.264999389648438,2124988,20.564184188842773
2022-08-29,24.045000076293945,24.225000381469727,23.674999237060547,24.190000534057617,1741685,20.50062370300293
2022-08-30,24.354999542236328,24.864999771118164,24.145000457763672,24.40999984741211,1278635,20.687070846557617
2022-08-31,24.565000534057617,24.6299991607666,24.09000015258789,24.30500030517578,2524807,20.598085403442383
2022-09-01,24.0,24.200000762939453,23.959999084472656,24.09000015258789,1293472,20.41587257385254
2022-09-02,24.420000076293945,24.584999084472656,24.104999542236328,24.479999542236328,1799244,20.74639320373535
2022-09-05,23.75,23.920000076293945,23.510000228881836,23.604999542236328,1566442,20.004844665527344
2022-09-06,23.514999389648438,24.079999923706055,23.514999389648438,23.899999618530273,1264215,20.254854202270508
2022-09-07,23.690000534057617,24.190000534057617,23.65999984741211,24.040000915527344,1278888,20.37350082397461
2022-09-08,24.149999618530273,24.209999084472656,23.674999237060547,23.985000610351562,1091000,20.326889038085938
2022-09-09,24.110000610351562,24.545000076293945,24.05500030517578,24.309999465942383,1392588,20.602319717407227
2022-09-12,24.415000915527344,24.844999313354492,24.309999465942383,24.815000534057617,2463457,21.030302047729492
2022-09-13,24.809999465942383,24.850000381469727,24.155000686645508,24.18000030517578,2038752,20.49214744567871
2022-09-14,24.010000228881836,24.225000381469727,23.7450008392334,24.049999237060547,2489024,20.381973266601562
2022-09-15,24.020000457763672,24.375,23.989999771118164,24.200000762939453,1737657,20.509098052978516
2022-09-16,23.924999237060547,24.56999969482422,23.850000381469727,24.3700008392334,5236221,20.653169631958008
2022-09-19,24.184999465942383,24.389999389648438,24.0,24.315000534057617,989440,20.60655975341797
2022-09-20,24.459999084472656,24.739999771118164,24.100000381469727,24.200000762939453,1683580,20.509098052978516
2022-09-21,23.90999984741211,24.510000228881836,23.854999542236328,24.489999771118164,1152987,20.754867553710938
2022-09-22,24.010000228881836,24.25,23.920000076293945,24.104999542236328,1991404,20.428586959838867
2022-09-23,24.014999389648438,24.114999771118164,23.05500030517578,23.065000534057617,2248848,19.547203063964844
2022-09-26,22.989999771118164,23.59000015258789,22.860000610351562,23.1299991607666,1347305,19.602291107177734
2022-09-27,23.405000686645508,23.80500030517578,23.19499969482422,23.53499984741211,1986323,19.945524215698242
2022-09-28,23.350000381469727,23.5049991607666,22.815000534057617,23.399999618530273,1824402,19.831111907958984
2022-09-29,23.489999771118164,23.489999771118164,22.299999237060547,22.450000762939453,1808042,19.026002883911133
2022-09-30,22.559999465942383,23.34000015258789,22.55500030517578,23.155000686645508,2049140,19.623476028442383
2022-10-03,22.795000076293945,23.420000076293945,22.489999771118164,23.315000534057617,1816393,19.759077072143555
2022-10-04,23.690000534057617,24.135000228881836,23.520000457763672,24.03499984741211,1685848,20.3692626953125
2022-10-05,23.815000534057617,23.825000762939453,22.55500030517578,22.80500030517578,2680840,19.326858520507812
2022-10-06,23.03499984741211,23.30500030517578,22.774999618530273,22.899999618530273,2001621,19.40736961364746
2022-10-07,22.899999618530273,23.030000686645508,22.1299991607666,22.315000534057617,1731577,18.911592483520508
2022-10-10,22.030000686645508,22.80500030517578,21.985000610351562,22.34000015258789,1741542,18.93277931213379
2022-10-11,22.204999923706055,22.670000076293945,22.020000457763672,22.575000762939453,1624726,19.131938934326172
2022-10-12,22.5,22.635000228881836,22.03499984741211,22.30500030517578,1451018,18.90311622619629
2022-10-13,22.260000228881836,22.864999771118164,22.065000534057617,22.815000534057617,1629933,19.33533477783203
2022-10-14,23.100000381469727,23.31999969482422,22.760000228881836,22.825000762939453,1440802,19.343809127807617
2022-10-17,22.860000610351562,23.549999237060547,22.81999969482422,23.5,1396262,19.91585922241211
2022-10-18,23.709999084472656,23.780000686645508,23.21500015258789,23.46500015258789,1656923,19.88619613647461
2022-10-19,23.565000534057617,23.700000762939453,23.219999313354492,23.299999237060547,1149312,19.746360778808594
2022-10-20,23.204999923706055,23.770000457763672,23.03499984741211,23.514999389648438,1119707,19.928573608398438
2022-10-21,23.5,23.915000915527344,23.225000381469727,23.639999389648438,1643239,20.034507751464844
2022-10-24,24.010000228881836,24.985000610351562,24.0,24.915000915527344,2620078,21.11505126953125
2022-10-25,25.280000686645508,25.71500015258789,24.889999389648438,25.530000686645508,2328880,21.63625144958496
2022-10-26,23.700000762939453,25.125,23.700000762939453,25.06999969482422,2935009,21.24640655517578
2022-10-27,25.059999465942383,25.950000762939453,24.899999618530273,25.68000030517578,2267521,21.76337242126465
2022-10-28,25.399999618530273,26.1299991607666,25.364999771118164,26.0049991607666,2112458,22.038803100585938
2022-10-31,26.114999771118164,26.139999389648438,25.610000610351562,25.809999465942383,1438630,21.873546600341797
2022-11-01,25.954999923706055,26.049999237060547,24.905000686645508,25.270000457763672,2088713,21.415904998779297
2022-11-02,25.434999465942383,25.969999313354492,25.2450008392334,25.549999237060547,2177411,21.653200149536133
2022-11-03,25.344999313354492,25.395000457763672,24.604999542236328,24.81999969482422,2563721,21.03453826904297
2022-11-04,24.9950008392334,25.985000610351562,24.940000534057617,25.729999542236328,1704992,21.80574607849121
2022-11-07,25.545000076293945,26.43000030517578,25.514999389648438,26.405000686645508,1792134,22.37779998779297
2022-11-08,26.315000534057617,26.424999237060547,26.104999542236328,26.395000457763672,1123934,22.36932373046875
2022-11-09,26.209999084472656,26.309999465942383,25.80500030517578,26.190000534057617,1052268,22.195589065551758
2022-11-10,25.760000228881836,26.565000534057617,25.209999084472656,26.520000457763672,2338596,22.475257873535156
2022-11-11,26.65999984741211,26.895000457763672,26.434999465942383,26.68000030517578,1749878,22.610857009887695
2022-11-14,26.889999389648438,27.18000030517578,26.625,26.889999389648438,1783660,22.78882598876953
2022-11-15,27.06999969482422,27.1200008392334,26.399999618530273,26.895000457763672,1716627,22.79306411743164
2022-11-16,26.889999389648438,26.899999618530273,26.25,26.510000228881836,1605677,22.46678352355957
2022-11-17,26.639999389648438,26.8799991607666,25.864999771118164,25.989999771118164,1598967,22.026090621948242
2022-11-18,25.604999542236328,26.350000381469727,25.594999313354492,26.270000457763672,1929633,22.263389587402344
2022-11-21,26.15999984741211,26.475000381469727,26.125,26.2450008392334,1243328,22.242202758789062
2022-11-22,26.21500015258789,26.815000534057617,25.979999542236328,26.6299991607666,1294434,22.5684814453125
2022-11-23,26.68000030517578,26.825000762939453,26.149999618530273,26.709999084472656,1345211,22.636280059814453
2022-11-24,26.71500015258789,27.05500030517578,26.635000228881836,26.815000534057617,712759,22.72526741027832
2022-11-25,26.829999923706055,26.860000610351562,26.524999618530273,26.825000762939453,816545,22.73374366760254
2022-11-28,26.81999969482422,26.885000228881836,26.594999313354492,26.799999237060547,1256207,22.712554931640625
2022-11-29,26.799999237060547,26.924999237060547,26.389999389648438,26.440000534057617,1496737,22.407461166381836
2022-11-30,26.614999771118164,26.899999618530273,26.334999084472656,26.725000381469727,3791794,22.64899444580078
2022-12-01,27.145000457763672,27.34000015258789,26.469999313354492,27.040000915527344,1822176,22.915950775146484
2022-12-02,26.959999084472656,27.260000228881836,26.514999389648438,27.135000228881836,1582838,22.996461868286133
2022-12-05,27.145000457763672,27.149999618530273,26.53499984741211,26.780000686645508,1689510,22.69560432434082
2022-12-06,26.735000610351562,26.915000915527344,26.475000381469727,26.8700008392334,1247681,22.771879196166992
2022-12-07,26.799999237060547,26.954999923706055,26.264999389648438,26.389999389648438,1609014,22.36508560180664
2022-12-08,26.415000915527344,26.514999389648438,26.184999465942383,26.209999084472656,1430348,22.21253776550293
2022-12-09,26.31999969482422,26.905000686645508,26.219999313354492,26.649999618530273,2068116,22.585432052612305
2022-12-12,26.545000076293945,26.704999923706055,26.2450008392334,26.56999969482422,1518798,22.51763343811035
2022-12-13,26.725000381469727,27.55500030517578,26.655000686645508,27.05500030517578,1851684,22.92866325378418
2022-12-14,27.0049991607666,27.174999237060547,26.7450008392334,27.020000457763672,1674689,22.89900016784668
2022-12-15,26.739999771118164,26.954999923706055,26.239999771118164,26.475000381469727,1832230,22.437122344970703
2022-12-16,26.450000762939453,26.489999771118164,25.799999237060547,25.84000015258789,3041017,21.898971557617188
2022-12-19,25.954999923706055,26.190000534057617,25.850000381469727,25.899999618530273,1433780,21.949819564819336
2022-12-20,25.584999084472656,25.954999923706055,25.405000686645508,25.850000381469727,1215658,21.907447814941406
2022-12-21,25.915000915527344,26.3700008392334,25.7549991607666,26.3700008392334,1336551,22.34813690185547
2022-12-22,26.274999618530273,26.46500015258789,25.905000686645508,26.03499984741211,1585466,22.06422996520996
2022-12-23,26.135000228881836,26.864999771118164,26.09000015258789,26.604999542236328,1203454,22.54729461669922
2022-12-27,26.71500015258789,26.940000534057617,26.665000915527344,26.795000076293945,719447,22.708316802978516
2022-12-28,26.8799991607666,26.90999984741211,26.559999465942383,26.639999389648438,1164599,22.57695770263672
2022-12-29,26.625,26.895000457763672,26.459999084472656,26.799999237060547,967752,22.712554931640625
2022-12-30,26.665000915527344,26.68000030517578,25.975000381469727,25.985000610351562,894297,22.021854400634766
2023-01-02,26.209999084472656,27.03499984741211,26.209999084472656,26.915000915527344,861685,22.810014724731445
2023-01-03,27.0049991607666,27.889999389648438,26.94499969482422,27.6299991607666,1414799,23.415966033935547
2023-01-04,27.770000457763672,28.389999389648438,27.65999984741211,28.274999618530273,2036302,23.962594985961914
2023-01-05,28.05500030517578,28.53499984741211,27.940000534057617,28.3799991607666,1669747,24.051576614379883
2023-01-06,28.389999389648438,29.010000228881836,28.174999237060547,28.920000076293945,1304218,24.509218215942383
2023-01-09,29.014999389648438,29.344999313354492,28.8799991607666,29.235000610351562,1307240,24.77617835998535
2023-01-10,29.184999465942383,29.235000610351562,28.649999618530273,28.709999084472656,1555456,24.331247329711914
2023-01-11,28.709999084472656,28.885000228881836,28.405000686645508,28.844999313354492,1493147,24.44565773010254
2023-01-12,28.94499969482422,29.600000381469727,28.895000457763672,29.295000076293945,1804284,24.827022552490234
2023-01-13,29.295000076293945,29.364999771118164,28.969999313354492,29.30500030517578,1604195,24.835498809814453
2023-01-16,29.450000762939453,29.7450008392334,29.170000076293945,29.7450008392334,1059387,25.208393096923828
2023-01-17,29.799999237060547,30.010000228881836,29.155000686645508,29.53499984741211,2305070,25.030420303344727
2023-01-18,29.489999771118164,29.614999771118164,29.200000762939453,29.44499969482422,2196158,24.954147338867188
2023-01-19,29.3700008392334,29.510000228881836,28.729999542236328,28.860000610351562,1575963,24.458370208740234
2023-01-20,28.584999084472656,28.770000457763672,27.954999923706055,28.290000915527344,1739644,23.975303649902344
2023-01-23,28.399999618530273,28.8700008392334,28.264999389648438,28.829999923706055,1287084,24.432945251464844
2023-01-24,29.0,29.174999237060547,28.655000686645508,28.854999542236328,1293333,24.454132080078125
2023-01-25,28.915000915527344,29.030000686645508,28.6200008392334,28.8700008392334,960056,24.466846466064453
2023-01-26,29.139999389648438,29.19499969482422,28.68000030517578,28.969999313354492,1385083,24.551593780517578
2023-01-27,29.079999923706055,29.204999923706055,28.315000534057617,28.90999984741211,1650897,24.500741958618164
2023-01-30,28.875,28.93000030517578,28.44499969482422,28.6200008392334,1280063,24.254974365234375
2023-01-31,28.760000228881836,28.9950008392334,28.44499969482422,28.954999923706055,1196777,24.538881301879883
2023-02-01,29.065000534057617,29.18000030517578,28.8700008392334,29.09000015258789,1249034,24.653291702270508
2023-02-02,29.364999771118164,30.450000762939453,29.260000228881836,30.2450008392334,2037271,25.63213539123535
2023-02-03,30.125,30.68000030517578,30.05500030517578,30.375,1894571,25.742307662963867
2023-02-06,30.204999923706055,30.344999313354492,29.80500030517578,30.030000686645508,1064037,25.449926376342773
2023-02-07,30.104999542236328,30.28499984741211,29.815000534057617,29.850000381469727,1658019,25.297378540039062
2023-02-08,30.059999465942383,30.174999237060547,29.770000457763672,29.860000610351562,1472131,25.30585479736328
2023-02-09,29.924999237060547,30.325000762939453,29.915000915527344,30.09000015258789,1643053,25.500776290893555
2023-02-10,29.950000762939453,30.014999389648438,28.889999389648438,29.309999465942383,1692363,24.839736938476562
2023-02-13,29.260000228881836,29.610000610351562,29.200000762939453,29.424999237060547,1149806,24.937196731567383
2023-02-14,29.100000381469727,29.635000228881836,28.68000030517578,29.44499969482422,2233387,24.954147338867188
2023-02-15,29.1299991607666,30.05500030517578,29.075000762939453,30.0,1678475,25.42449951171875
2023-02-16,30.2549991607666,30.545000076293945,30.05500030517578,30.170000076293945,1842805,25.568574905395508
2023-02-17,30.149999618530273,30.395000457763672,29.950000762939453,30.334999084472656,2165842,25.708406448364258
2023-02-20,30.485000610351562,30.670000076293945,30.06999969482422,30.114999771118164,1187972,25.521961212158203
2023-02-21,30.075000762939453,30.290000915527344,29.709999084472656,30.040000915527344,1069855,25.458402633666992
2023-02-22,30.0,30.05500030517578,29.260000228881836,29.594999313354492,1483416,25.081270217895508
2023-02-23,29.78499984741211,30.040000915527344,29.719999313354492,29.719999313354492,1770265,25.187204360961914
2023-02-24,29.78499984741211,29.94499969482422,29.145000457763672,29.399999618530273,2028275,24.9160099029541
2023-02-27,30.030000686645508,30.434999465942383,30.014999389648438,30.204999923706055,2292943,25.598234176635742
2023-02-28,30.0049991607666,30.28499984741211,29.735000610351562,29.735000610351562,2571112,25.199918746948242
2023-03-01,29.81999969482422,30.165000915527344,29.639999389648438,29.68000030517578,2190666,25.153308868408203
2023-03-02,29.454999923706055,29.649999618530273,29.344999313354492,29.469999313354492,1632320,24.9753360748291
2023-03-03,29.545000076293945,29.954999923706055,29.459999084472656,29.709999084472656,3244448,25.178730010986328
2023-03-06,29.889999389648438,30.434999465942383,29.655000686645508,30.434999465942383,2732148,25.793155670166016
2023-03-07,30.209999084472656,30.5049991607666,29.829999923706055,29.829999923706055,1380094,25.280427932739258
2023-03-08,29.780000686645508,30.024999618530273,29.670000076293945,29.739999771118164,1079264,25.20415496826172
2023-03-09,29.65999984741211,29.71500015258789,29.344999313354492,29.40999984741211,1314070,24.924484252929688
2023-03-10,28.6200008392334,28.975000381469727,28.299999237060547,28.90999984741211,1712276,24.500741958618164
2023-03-13,28.760000228881836,28.760000228881836,27.59000015258789,27.8700008392334,2492931,23.619361877441406
2023-03-14,27.829999923706055,28.165000915527344,27.579999923706055,28.05500030517578,1916041,23.776147842407227
2023-03-15,28.200000762939453,28.295000076293945,26.799999237060547,27.094999313354492,2451739,22.962560653686523
2023-03-16,27.344999313354492,27.729999542236328,26.864999771118164,27.459999084472656,2613590,23.271892547607422
2023-03-17,27.614999771118164,27.735000610351562,26.860000610351562,27.15999984741211,3737520,23.017650604248047
2023-03-20,27.100000381469727,27.540000915527344,26.520000457763672,27.30500030517578,1659359,23.140535354614258
2023-03-21,27.725000381469727,28.0,27.614999771118164,27.799999237060547,1786817,23.56003761291504
2023-03-22,27.8799991607666,28.0049991607666,27.65999984741211,27.799999237060547,1030100,23.56003761291504
2023-03-23,27.719999313354492,27.834999084472656,27.389999389648438,27.625,965065,23.411727905273438
2023-03-24,27.454999923706055,27.454999923706055,26.700000762939453,26.954999923706055,1713913,22.843915939331055
2023-03-27,27.450000762939453,27.479999542236328,27.05500030517578,27.28499984741211,1288999,23.123584747314453
2023-03-28,27.625,27.739999771118164,27.290000915527344,27.415000915527344,1672574,23.23375701904297
2023-03-29,27.614999771118164,27.790000915527344,27.350000381469727,27.59000015258789,3143689,23.382064819335938
2023-03-30,27.81999969482422,28.145000457763672,27.815000534057617,28.079999923706055,2311715,23.797332763671875
2023-03-31,28.100000381469727,28.270000457763672,27.94499969482422,28.145000457763672,1635966,23.852420806884766
2023-04-03,28.149999618530273,28.329999923706055,28.020000457763672,28.229999542236328,1509034,23.924455642700195
2023-04-04,28.40999984741211,29.290000915527344,28.40999984741211,28.670000076293945,1905880,24.29734992980957
2023-04-05,28.709999084472656,28.739999771118164,27.829999923706055,27.950000762939453,1896392,23.687162399291992
2023-04-06,27.950000762939453,28.190000534057617,27.829999923706055,28.110000610351562,1465427,23.822757720947266
2023-04-11,28.3700008392334,28.729999542236328,28.360000610351562,28.56999969482422,1676049,24.212600708007812
2023-04-12,28.770000457763672,29.1299991607666,28.739999771118164,28.8700008392334,1396684,24.466846466064453
2023-04-13,29.110000610351562,29.530000686645508,29.079999923706055,29.299999237060547,1841326,24.831260681152344
2023-04-14,29.34000015258789,29.59000015258789,29.110000610351562,29.43000030517578,1455668,24.941434860229492
2023-04-17,29.530000686645508,29.850000381469727,29.469999313354492,29.65999984741211,1251131,25.1363582611084
2023-04-18,29.719999313354492,29.950000762939453,29.649999618530273,29.770000457763672,1339536,25.229581832885742
2023-04-19,29.670000076293945,29.709999084472656,29.469999313354492,29.6299991607666,1199930,25.110931396484375
2023-04-20,29.600000381469727,29.600000381469727,28.110000610351562,28.350000381469727,3298059,24.026153564453125
2023-04-21,28.299999237060547,28.540000915527344,28.209999084472656,28.3799991607666,1662990,24.051576614379883
2023-04-24,28.329999923706055,28.610000610351562,28.299999237060547,28.350000381469727,1082432,24.026153564453125
2023-04-25,28.3799991607666,28.3799991607666,27.639999389648438,27.90999984741211,1880531,23.653261184692383
2023-04-26,27.799999237060547,28.350000381469727,27.649999618530273,28.020000457763672,2224469,23.746484756469727
2023-04-27,27.6299991607666,28.639999389648438,27.469999313354492,28.299999237060547,2138060,23.983779907226562
2023-04-28,28.479999542236328,28.829999923706055,28.1299991607666,28.829999923706055,1796879,24.432945251464844
2023-05-02,28.979999542236328,29.06999969482422,28.649999618530273,28.75,1764515,24.365148544311523
2023-05-03,28.899999618530273,29.020000457763672,28.68000030517578,28.93000030517578,1476693,24.51769256591797
2023-05-04,28.940000534057617,29.049999237060547,28.65999984741211,28.860000610351562,1752041,24.458370208740234
2023-05-05,29.0,29.559999465942383,28.760000228881836,29.43000030517578,1584123,24.941434860229492
2023-05-08,29.5,29.549999237060547,29.3700008392334,29.40999984741211,1173527,24.924484252929688
2023-05-09,29.440000534057617,29.649999618530273,29.110000610351562,29.3700008392334,1473589,24.890586853027344
2023-05-10,29.510000228881836,29.760000228881836,29.030000686645508,29.170000076293945,2209156,24.72109031677246
2023-05-11,29.1200008392334,29.260000228881836,28.329999923706055,28.549999237060547,2261549,24.195650100708008
2023-05-12,28.93000030517578,29.110000610351562,28.670000076293945,29.049999237060547,1292135,24.61939239501953
2023-05-15,29.260000228881836,29.3799991607666,29.030000686645508,29.229999542236328,1294777,24.771940231323242
2023-05-16,29.1299991607666,29.139999389648438,28.5,28.56999969482422,1620091,24.212600708007812
2023-05-17,27.350000381469727,27.670000076293945,27.209999084472656,27.459999084472656,1393474,24.3366756439209
2023-05-18,27.510000228881836,27.93000030517578,27.510000228881836,27.90999984741211,1028748,24.735492706298828
2023-05-19,27.959999084472656,28.229999542236328,27.959999084472656,27.989999771118164,1267008,24.806392669677734
2023-05-22,27.829999923706055,28.079999923706055,27.770000457763672,27.940000534057617,933213,24.762081146240234
2023-05-23,27.84000015258789,27.979999542236328,27.770000457763672,27.8799991607666,931245,24.708904266357422
2023-05-24,27.700000762939453,27.700000762939453,27.020000457763672,27.219999313354492,1751328,24.123973846435547
2023-05-25,27.299999237060547,27.34000015258789,26.850000381469727,27.170000076293945,1480383,24.079662322998047
2023-05-26,27.360000610351562,27.540000915527344,27.059999465942383,27.540000915527344,881290,24.407577514648438
2023-05-29,27.639999389648438,27.670000076293945,27.3700008392334,27.469999313354492,346442,24.345537185668945
2023-05-30,27.600000381469727,27.6200008392334,27.350000381469727,27.43000030517578,876346,24.310089111328125
2023-05-31,27.270000457763672,27.299999237060547,26.420000076293945,26.559999465942383,2997818,23.539043426513672
2023-06-01,26.68000030517578,26.959999084472656,26.530000686645508,26.709999084472656,924111,23.671981811523438
2023-06-02,26.8799991607666,27.5,26.8799991607666,27.43000030517578,1346089,24.310089111328125
2023-06-05,27.510000228881836,27.6200008392334,27.209999084472656,27.280000686645508,1000764,24.17715072631836
2023-06-06,27.190000534057617,27.309999465942383,27.010000228881836,27.260000228881836,991812,24.159425735473633
2023-06-07,27.239999771118164,27.239999771118164,26.90999984741211,27.18000030517578,1186186,24.088523864746094
2023-06-08,27.1200008392334,27.93000030517578,27.100000381469727,27.59000015258789,1074560,24.451889038085938
2023-06-09,27.549999237060547,27.790000915527344,27.459999084472656,27.520000457763672,998677,24.38985252380371
2023-06-12,27.600000381469727,27.809999465942383,27.40999984741211,27.5,1413071,24.37212562561035
2023-06-13,27.719999313354492,28.139999389648438,27.639999389648438,27.899999618530273,1484368,24.72663116455078
2023-06-14,27.940000534057617,28.170000076293945,27.84000015258789,27.969999313354492,1489854,24.788667678833008
2023-06-15,27.770000457763672,27.780000686645508,27.219999313354492,27.6299991607666,1286131,24.487340927124023
2023-06-16,27.649999618530273,27.719999313354492,27.309999465942383,27.469999313354492,3039469,24.345537185668945
2023-06-19,27.510000228881836,27.579999923706055,27.079999923706055,27.209999084472656,1456605,24.115110397338867
2023-06-20,27.040000915527344,27.09000015258789,26.670000076293945,26.760000228881836,2027497,23.71629524230957
2023-06-21,26.610000610351562,26.75,26.450000762939453,26.65999984741211,1608165,23.627668380737305
2023-06-22,26.399999618530273,26.450000762939453,26.020000457763672,26.450000762939453,1285768,23.44155502319336
2023-06-23,26.260000228881836,26.360000610351562,25.940000534057617,26.260000228881836,1141932,23.273164749145508
2023-06-26,26.25,26.450000762939453,25.969999313354492,26.450000762939453,1349037,23.44155502319336
2023-06-27,26.59000015258789,26.729999542236328,26.40999984741211,26.700000762939453,1332042,23.66312026977539
2023-06-28,26.8799991607666,27.139999389648438,26.780000686645508,26.989999771118164,1211673,23.920133590698242
2023-06-29,27.049999237060547,27.31999969482422,26.809999465942383,26.829999923706055,1536305,23.778335571289062
2023-06-30,27.0,27.25,26.940000534057617,27.059999465942383,1689413,23.9821720123291
2023-07-03,27.229999542236328,27.3799991607666,27.020000457763672,27.110000610351562,1098823,24.026487350463867
2023-07-04,27.09000015258789,27.1200008392334,26.81999969482422,26.8799991607666,828702,23.82264518737793
2023-07-05,26.729999542236328,26.93000030517578,26.649999618530273,26.739999771118164,1470395,23.698570251464844
2023-07-06,26.59000015258789,26.59000015258789,25.959999084472656,26.1200008392334,1911028,23.149089813232422
2023-07-07,26.09000015258789,26.540000915527344,26.0,26.360000610351562,1431686,23.361793518066406
2023-07-10,26.440000534057617,26.530000686645508,26.200000762939453,26.329999923706055,1195181,23.335205078125
2023-07-11,25.700000762939453,26.40999984741211,25.600000381469727,26.329999923706055,1668907,23.335205078125
2023-07-12,26.489999771118164,27.149999618530273,26.43000030517578,27.059999465942383,1923389,23.9821720123291
2023-07-13,27.200000762939453,27.760000228881836,27.06999969482422,27.56999969482422,1661811,24.43416404724121
2023-07-14,27.510000228881836,27.6200008392334,27.3799991607666,27.459999084472656,1168217,24.3366756439209
2023-07-17,27.290000915527344,27.3700008392334,27.06999969482422,27.209999084472656,863531,24.115110397338867
2023-07-18,27.170000076293945,27.709999084472656,27.149999618530273,27.700000762939453,960227,24.549379348754883
2023-07-19,27.739999771118164,28.209999084472656,27.739999771118164,28.09000015258789,1594139,24.89501953125
2023-07-20,28.18000030517578,28.350000381469727,28.1200008392334,28.280000686645508,1049899,25.06340980529785
2023-07-21,28.459999084472656,28.739999771118164,28.290000915527344,28.360000610351562,958177,25.134309768676758
2023-07-24,28.290000915527344,28.8700008392334,28.280000686645508,28.65999984741211,1365021,25.40018653869629
2023-07-25,28.829999923706055,28.8700008392334,28.450000762939453,28.450000762939453,1420560,25.214075088500977
2023-07-26,28.479999542236328,28.770000457763672,28.43000030517578,28.690000534057617,1298502,25.426776885986328
2023-07-27,28.899999618530273,29.81999969482422,28.520000457763672,29.56999969482422,2703419,26.206684112548828
2023-07-28,29.600000381469727,29.920000076293945,29.43000030517578,29.90999984741211,1397274,26.508010864257812
2023-07-31,29.90999984741211,30.040000915527344,29.700000762939453,29.770000457763672,1468335,26.383935928344727
2023-08-01,29.649999618530273,29.799999237060547,29.3700008392334,29.760000228881836,1124525,26.375072479248047
2023-08-02,29.360000610351562,29.530000686645508,28.940000534057617,29.5,1487157,26.14464569091797
2023-08-03,29.06999969482422,29.190000534057617,28.700000762939453,28.93000030517578,1822845,25.639476776123047
2023-08-04,28.969999313354492,29.079999923706055,28.6200008392334,28.979999542236328,1035368,25.68379020690918
2023-08-07,28.940000534057617,29.139999389648438,28.739999771118164,28.940000534057617,904506,25.64834213256836
2023-08-08,28.700000762939453,29.09000015258789,28.510000228881836,28.780000686645508,968694,25.50653839111328
2023-08-09,29.040000915527344,29.139999389648438,28.520000457763672,28.520000457763672,1068471,25.276111602783203
2023-08-10,28.649999618530273,28.889999389648438,28.510000228881836,28.549999237060547,1184825,25.302698135375977
2023-08-11,28.399999618530273,28.540000915527344,28.170000076293945,28.309999465942383,957966,25.089994430541992
2023-08-14,28.270000457763672,28.59000015258789,28.190000534057617,28.479999542236328,713011,25.24066162109375
2023-08-15,28.520000457763672,28.56999969482422,28.18000030517578,28.309999465942383,498692,25.089994430541992
2023-08-16,28.239999771118164,28.6299991607666,28.209999084472656,28.559999465942383,889258,25.311561584472656
2023-08-17,28.399999618530273,28.600000381469727,28.209999084472656,28.520000457763672,1205392,25.276111602783203
2023-08-18,28.43000030517578,28.510000228881836,28.1200008392334,28.469999313354492,1004054,25.23179817199707
2023-08-21,28.40999984741211,28.8700008392334,28.389999389648438,28.459999084472656,1121613,25.22293472290039
2023-08-22,28.530000686645508,28.940000534057617,28.530000686645508,28.649999618530273,845645,25.391324996948242
2023-08-23,28.75,28.75,28.3799991607666,28.579999923706055,696657,25.329286575317383
2023-08-24,28.729999542236328,28.889999389648438,28.459999084472656,28.479999542236328,809337,25.24066162109375
2023-08-25,28.350000381469727,28.670000076293945,28.239999771118164,28.420000076293945,610922,25.18748664855957
2023-08-28,28.670000076293945,28.780000686645508,28.600000381469727,28.65999984741211,733163,25.40018653869629
2023-08-29,28.829999923706055,29.079999923706055,28.649999618530273,29.049999237060547,854220,25.74582862854004
2023-08-30,29.15999984741211,29.209999084472656,28.75,28.899999618530273,812885,25.61288833618164
2023-08-31,29.040000915527344,29.200000762939453,28.700000762939453,28.90999984741211,3868335,25.62175178527832
2023-09-01,28.979999542236328,29.350000381469727,28.950000762939453,29.010000228881836,1338143,25.710378646850586
2023-09-04,29.06999969482422,29.329999923706055,29.06999969482422,29.200000762939453,844066,25.878768920898438
2023-09-05,29.059999465942383,29.780000686645508,28.709999084472656,29.780000686645508,2361849,26.392797470092773
2023-09-06,29.559999465942383,30.1299991607666,29.510000228881836,30.09000015258789,1420909,26.667539596557617
2023-09-07,30.020000457763672,30.479999542236328,29.940000534057617,29.950000762939453,1180021,26.5434627532959
2023-09-08,30.010000228881836,30.06999969482422,29.31999969482422,29.520000457763672,1070776,26.162370681762695
2023-09-11,29.780000686645508,30.100000381469727,29.770000457763672,29.889999389648438,904713,26.490285873413086
2023-09-12,29.969999313354492,30.059999465942383,29.34000015258789,29.84000015258789,1403559,26.445972442626953
2023-09-13,29.639999389648438,30.059999465942383,29.549999237060547,29.700000762939453,1684780,26.321897506713867
2023-09-14,29.899999618530273,29.899999618530273,29.360000610351562,29.799999237060547,1211248,26.4105224609375
2023-09-15,29.950000762939453,30.43000030517578,29.950000762939453,30.270000457763672,3053853,26.82706642150879
2023-09-18,30.200000762939453,30.360000610351562,29.950000762939453,30.110000610351562,1069814,26.685264587402344
2023-09-19,30.06999969482422,30.440000534057617,29.979999542236328,30.360000610351562,1301639,26.906827926635742
2023-09-20,30.399999618530273,30.530000686645508,30.15999984741211,30.290000915527344,1490595,26.844791412353516
2023-09-21,30.0,30.15999984741211,29.829999923706055,30.15999984741211,1681457,26.729576110839844
2023-09-22,29.920000076293945,29.920000076293945,29.280000686645508,29.5,1546976,26.14464569091797
2023-09-25,29.389999389648438,29.489999771118164,29.100000381469727,29.43000030517578,967262,26.08260726928711
2023-09-26,29.360000610351562,29.3700008392334,28.81999969482422,29.049999237060547,1229611,25.74582862854004
2023-09-27,28.920000076293945,29.239999771118164,28.81999969482422,28.920000076293945,1284630,25.630613327026367
2023-09-28,28.829999923706055,29.020000457763672,28.309999465942383,29.020000457763672,1389813,25.719242095947266
2023-09-29,29.020000457763672,29.34000015258789,28.93000030517578,29.06999969482422,1232371,25.763553619384766
2023-10-02,29.25,29.350000381469727,28.969999313354492,29.149999618530273,805979,25.834453582763672
2023-10-03,28.959999084472656,29.09000015258789,28.59000015258789,28.59000015258789,1127656,25.338150024414062
2023-10-04,28.299999237060547,28.549999237060547,28.040000915527344,28.5,891279,25.258386611938477
2023-10-05,28.600000381469727,28.899999618530273,28.510000228881836,28.729999542236328,1080991,25.46222686767578
2023-10-06,28.93000030517578,29.260000228881836,28.770000457763672,29.18000030517578,1294720,25.861042022705078
2023-10-09,28.969999313354492,29.329999923706055,28.84000015258789,29.139999389648438,1064904,25.825592041015625
2023-10-10,29.399999618530273,29.81999969482422,29.399999618530273,29.56999969482422,1008951,26.206684112548828
2023-10-11,29.549999237060547,29.65999984741211,29.3799991607666,29.479999542236328,1124618,26.126920700073242
2023-10-12,29.670000076293945,29.93000030517578,29.510000228881836,29.649999618530273,1335446,26.277584075927734
2023-10-13,29.530000686645508,29.59000015258789,28.920000076293945,29.030000686645508,1035885,25.728103637695312
2023-10-16,29.209999084472656,29.479999542236328,28.93000030517578,29.350000381469727,974694,26.01170539855957
2023-10-17,29.219999313354492,29.479999542236328,28.829999923706055,29.18000030517578,763381,25.861042022705078
2023-10-18,29.06999969482422,29.200000762939453,28.579999923706055,28.770000457763672,703483,25.4976749420166
2023-10-19,28.610000610351562,28.709999084472656,28.34000015258789,28.450000762939453,877018,25.214075088500977
2023-10-20,28.25,28.350000381469727,27.729999542236328,27.780000686645508,1734758,24.620281219482422
2023-10-23,27.850000381469727,27.899999618530273,27.459999084472656,27.850000381469727,938524,24.682315826416016
2023-10-24,27.530000686645508,27.65999984741211,27.260000228881836,27.579999923706055,1191830,24.44302749633789
2023-10-25,27.5,27.65999984741211,27.030000686645508,27.280000686645508,1577300,24.17715072631836
2023-10-26,26.850000381469727,27.969999313354492,26.540000915527344,27.68000030517578,1902539,24.531654357910156
2023-10-27,28.100000381469727,28.25,27.709999084472656,27.75,1103232,24.593692779541016
2023-10-30,27.8700008392334,28.1200008392334,27.850000381469727,28.0,977023,24.815256118774414
2023-10-31,27.989999771118164,28.209999084472656,27.93000030517578,28.020000457763672,1297836,24.83298110961914
2023-11-01,28.170000076293945,28.309999465942383,27.8799991607666,27.920000076293945,1066181,24.744356155395508
2023-11-02,28.149999618530273,28.770000457763672,27.959999084472656,28.290000915527344,1191649,25.0722713470459
2023-11-03,28.469999313354492,28.56999969482422,28.170000076293945,28.239999771118164,886542,25.0279598236084
2023-11-06,28.309999465942383,28.389999389648438,28.1200008392334,28.219999313354492,839683,25.01023292541504
2023-11-07,28.06999969482422,28.299999237060547,27.790000915527344,27.950000762939453,1115276,24.770944595336914
2023-11-08,27.790000915527344,28.40999984741211,27.6200008392334,28.34000015258789,814854,25.1165828704834
2023-11-09,28.440000534057617,28.690000534057617,28.299999237060547,28.56999969482422,1035172,25.320423126220703
2023-11-10,28.420000076293945,28.559999465942383,28.18000030517578,28.479999542236328,877955,25.24066162109375
2023-11-13,28.5,28.809999465942383,28.459999084472656,28.690000534057617,735620,25.426776885986328
2023-11-14,28.8799991607666,29.469999313354492,28.809999465942383,29.389999389648438,1298231,26.047155380249023
2023-11-15,29.389999389648438,29.649999618530273,29.309999465942383,29.56999969482422,1218601,26.206684112548828
2023-11-16,29.530000686645508,29.670000076293945,29.25,29.25,908240,25.923080444335938
2023-11-17,29.209999084472656,29.780000686645508,29.209999084472656,29.649999618530273,1171560,26.277584075927734
2023-11-20,29.68000030517578,29.920000076293945,29.56999969482422,29.729999542236328,701463,26.34848403930664
2023-11-21,29.719999313354492,29.889999389648438,29.399999618530273,29.479999542236328,1099112,26.126920700073242
2023-11-22,29.530000686645508,30.020000457763672,29.530000686645508,29.81999969482422,1169381,26.428247451782227
2023-11-23,29.75,29.969999313354492,29.75,29.850000381469727,571479,26.454835891723633
2023-11-24,29.510000228881836,29.93000030517578,29.479999542236328,29.899999618530273,819637,26.499147415161133
2023-11-27,29.90999984741211,30.040000915527344,29.739999771118164,29.809999465942383,1323069,26.419384002685547
2023-11-28,29.770000457763672,30.110000610351562,29.610000610351562,30.110000610351562,1245514,26.685264587402344
2023-11-29,30.450000762939453,30.940000534057617,30.440000534057617,30.84000015258789,1519198,27.332233428955078
2023-11-30,30.809999465942383,30.940000534057617,30.6200008392334,30.809999465942383,2620661,27.305644989013672
2023-12-01,30.8799991607666,31.06999969482422,30.770000457763672,31.049999237060547,895837,27.518346786499023
2023-12-04,30.920000076293945,31.15999984741211,30.920000076293945,31.020000457763672,759997,27.49176025390625
2023-12-05,30.899999618530273,31.5,30.8799991607666,31.399999618530273,1368686,27.828536987304688
2023-12-06,31.5,31.860000610351562,31.299999237060547,31.600000381469727,1528829,28.00579071044922
2023-12-07,31.489999771118164,31.899999618530273,31.139999389648438,31.829999923706055,1397466,28.20962905883789
2023-12-08,31.75,31.969999313354492,31.649999618530273,31.920000076293945,1185990,28.289392471313477
2023-12-11,31.979999542236328,32.2599983215332,31.979999542236328,32.20000076293945,1191553,28.537546157836914
2023-12-12,32.25,32.310001373291016,31.84000015258789,31.8799991607666,1743659,28.253942489624023
2023-12-13,31.8799991607666,32.08000183105469,31.670000076293945,31.719999313354492,1195137,28.112138748168945
2023-12-14,32.11000061035156,32.22999954223633,31.40999984741211,32.040000915527344,2221249,28.39574432373047
2023-12-15,32.209999084472656,32.290000915527344,31.8799991607666,32.2599983215332,3219562,28.59071922302246
2023-12-18,31.969999313354492,32.209999084472656,31.93000030517578,32.16999816894531,1162712,28.510955810546875
2023-12-19,32.25,32.349998474121094,32.060001373291016,32.15999984741211,1073010,28.502094268798828
2023-12-20,32.31999969482422,32.45000076293945,32.13999938964844,32.45000076293945,1323227,28.759111404418945
2023-12-21,32.20000076293945,32.52000045776367,32.099998474121094,32.52000045776367,1012161,28.821149826049805
2023-12-22,32.41999816894531,32.630001068115234,32.36000061035156,32.40999984741211,692574,28.72365951538086
2023-12-27,32.2599983215332,32.650001525878906,32.2599983215332,32.349998474121094,576270,28.670482635498047
2023-12-28,32.34000015258789,32.40999984741211,32.220001220703125,32.36000061035156,793166,28.679346084594727
2023-12-29,32.36000061035156,32.54999923706055,32.33000183105469,32.459999084472656,646611,28.767972946166992
2024-01-02,32.470001220703125,32.83000183105469,32.27000045776367,32.61000061035156,875882,28.900911331176758
2024-01-03,32.45000076293945,32.619998931884766,31.940000534057617,32.189998626708984,1124890,28.5286808013916
2024-01-04,32.290000915527344,32.349998474121094,31.81999969482422,31.889999389648438,1404177,28.26280403137207
2024-01-05,31.799999237060547,31.90999984741211,31.34000015258789,31.760000228881836,1054656,28.14759063720703
2024-01-08,31.780000686645508,32.2400016784668,31.540000915527344,32.2400016784668,1026135,28.572996139526367
2024-01-09,32.2400016784668,32.279998779296875,30.739999771118164,31.639999389648438,1995831,28.04123878479004
2024-01-10,31.59000015258789,31.670000076293945,31.100000381469727,31.350000381469727,1177826,27.784225463867188
2024-01-11,31.6299991607666,31.729999542236328,30.93000030517578,31.010000228881836,1548057,27.48289680480957
2024-01-12,31.079999923706055,31.110000610351562,30.739999771118164,30.950000762939453,1073290,27.42972183227539
2024-01-15,30.829999923706055,30.889999389648438,30.770000457763672,30.860000610351562,895540,27.349958419799805
2024-01-16,30.579999923706055,30.729999542236328,30.350000381469727,30.520000457763672,1418839,27.048629760742188
2024-01-17,30.290000915527344,30.459999084472656,30.09000015258789,30.399999618530273,1518301,26.942277908325195
2024-01-18,30.329999923706055,30.68000030517578,30.219999313354492,30.520000457763672,1408113,27.048629760742188
2024-01-19,30.729999542236328,30.850000381469727,30.360000610351562,30.56999969482422,1764890,27.09294319152832
2024-01-22,30.709999084472656,31.0,30.6299991607666,30.850000381469727,1083584,27.341094970703125
2024-01-23,30.90999984741211,31.0,30.6299991607666,30.829999923706055,1044223,27.3233699798584
2024-01-24,31.18000030517578,31.219999313354492,30.81999969482422,30.84000015258789,1369057,27.332233428955078
2024-01-25,30.75,31.139999389648438,30.639999389648438,31.139999389648438,845931,27.59811019897461
2024-01-26,31.049999237060547,31.5,31.010000228881836,31.25,1372844,27.695598602294922
2024-01-29,31.229999542236328,31.260000228881836,30.969999313354492,31.079999923706055,1525139,27.54493522644043
2024-01-30,31.299999237060547,31.399999618530273,30.059999465942383,30.81999969482422,2239766,27.31450843811035
2024-01-31,30.81999969482422,30.969999313354492,30.540000915527344,30.81999969482422,1698596,27.31450843811035
2024-02-01,30.6299991607666,30.850000381469727,30.520000457763672,30.610000610351562,1305503,27.128395080566406
2024-02-02,30.790000915527344,30.93000030517578,30.649999618530273,30.649999618530273,997585,27.163843154907227
2024-02-05,30.68000030517578,30.790000915527344,30.399999618530273,30.56999969482422,920077,27.09294319152832
2024-02-06,30.610000610351562,31.030000686645508,30.56999969482422,30.829999923706055,1076396,27.3233699798584
2024-02-07,30.770000457763672,30.950000762939453,30.639999389648438,30.829999923706055,1081524,27.3233699798584
2024-02-08,30.81999969482422,31.510000228881836,30.81999969482422,31.31999969482422,1151906,27.75763511657715
2024-02-09,31.329999923706055,31.389999389648438,30.829999923706055,30.920000076293945,1195485,27.403133392333984
2024-02-12,30.979999542236328,31.170000076293945,30.739999771118164,30.809999465942383,1223030,27.305644989013672
2024-02-13,32.0,33.36000061035156,31.399999618530273,32.93000030517578,3663675,29.18451499938965
2024-02-14,32.709999084472656,33.83000183105469,32.5,33.5099983215332,1936364,29.69854164123535
2024-02-15,33.65999984741211,33.70000076293945,32.84000015258789,33.18000030517578,2102322,29.406078338623047
2024-02-16,33.2599983215332,33.5099983215332,33.13999938964844,33.279998779296875,1594664,29.49470329284668
2024-02-19,33.130001068115234,33.20000076293945,32.84000015258789,33.0,857661,29.246553421020508
2024-02-20,32.959999084472656,33.47999954223633,32.90999984741211,33.33000183105469,1227307,29.539020538330078
2024-02-21,33.439998626708984,33.689998626708984,33.29999923706055,33.689998626708984,1192550,29.858070373535156
2024-02-22,33.810001373291016,33.93000030517578,33.470001220703125,33.58000183105469,1847608,29.760583877563477
2024-02-23,33.61000061035156,34.16999816894531,33.61000061035156,34.16999816894531,1099814,30.283475875854492
2024-02-26,34.09000015258789,34.220001220703125,33.97999954223633,34.099998474121094,1141283,30.221435546875
2024-02-27,34.099998474121094,34.540000915527344,34.040000915527344,34.38999938964844,1381529,30.478452682495117
2024-02-28,34.310001373291016,34.47999954223633,34.2400016784668,34.470001220703125,809282,30.549352645874023
2024-02-29,34.459999084472656,34.790000915527344,34.189998626708984,34.189998626708984,2929967,30.30120086669922
2024-03-01,34.349998474121094,34.45000076293945,33.869998931884766,33.93000030517578,1149137,30.07077407836914
2024-03-04,33.849998474121094,34.119998931884766,33.75,33.91999816894531,709771,30.06191062927246
2024-03-05,33.84000015258789,34.38999938964844,33.65999984741211,34.38999938964844,1081494,30.478452682495117
2024-03-06,34.34000015258789,34.5099983215332,34.099998474121094,34.189998626708984,1215906,30.30120086669922
2024-03-07,33.97999954223633,34.189998626708984,33.5099983215332,34.0099983215332,1261070,30.141672134399414
2024-03-08,33.900001525878906,34.150001525878906,33.7599983215332,33.97999954223633,855796,30.115087509155273
2024-03-11,33.68000030517578,34.0,33.529998779296875,33.939998626708984,1049286,30.07963752746582
2024-03-12,34.0099983215332,34.5,33.88999938964844,34.349998474121094,1658286,30.44300079345703
2024-03-13,34.4900016784668,34.650001525878906,34.29999923706055,34.599998474121094,1295820,30.664567947387695
2024-03-14,34.599998474121094,34.779998779296875,34.31999969482422,34.45000076293945,1492553,30.53162956237793
2024-03-15,34.47999954223633,35.189998626708984,34.47999954223633,34.84000015258789,2903150,30.87726593017578
2024-03-18,34.91999816894531,35.0099983215332,34.70000076293945,34.9900016784668,968570,31.010208129882812
2024-03-19,34.97999954223633,35.41999816894531,34.939998626708984,35.36000061035156,1547666,31.338123321533203
2024-03-20,35.290000915527344,36.279998779296875,35.290000915527344,36.0099983215332,1688863,31.9141902923584
2024-03-21,36.04999923706055,36.290000915527344,35.4900016784668,35.59000015258789,2006187,31.541963577270508
2024-03-22,35.529998779296875,35.72999954223633,35.29999923706055,35.45000076293945,1644815,31.417888641357422
2024-03-25,35.34000015258789,35.689998626708984,35.279998779296875,35.40999984741211,1646496,31.38243865966797
2024-03-26,35.470001220703125,35.63999938964844,35.41999816894531,35.630001068115234,1078929,31.577415466308594
2024-03-27,35.650001525878906,36.0,35.54999923706055,35.68000030517578,1221665,31.62172508239746
2024-03-28,35.7599983215332,35.869998931884766,35.52000045776367,35.52000045776367,1265128,31.479928970336914
2024-04-02,35.29999923706055,35.560001373291016,34.849998474121094,35.060001373291016,2037595,31.072248458862305
2024-04-03,35.060001373291016,35.540000915527344,34.97999954223633,35.36000061035156,1575033,31.338123321533203
2024-04-04,35.34000015258789,35.560001373291016,35.25,35.41999816894531,1103084,31.39129638671875
2024-04-05,35.02000045776367,35.41999816894531,34.90999984741211,35.41999816894531,1467495,31.39129638671875
2024-04-08,34.7400016784668,35.66999816894531,34.650001525878906,35.380001068115234,1247188,31.355850219726562
2024-04-09,35.31999969482422,35.560001373291016,35.310001373291016,35.40999984741211,1147545,31.38243865966797
2024-04-10,35.52000045776367,35.709999084472656,35.029998779296875,35.08000183105469,1955976,31.08997344970703
2024-04-11,35.060001373291016,35.380001068115234,34.970001220703125,35.13999938964844,1877695,31.143146514892578
2024-04-12,35.310001373291016,35.560001373291016,34.79999923706055,34.86000061035156,1006667,30.89499282836914
2024-04-15,35.0,35.34000015258789,34.90999984741211,34.959999084472656,1057182,30.983619689941406
2024-04-16,34.529998779296875,34.59000015258789,34.279998779296875,34.59000015258789,1510455,30.655704498291016
2024-04-17,34.41999816894531,34.84000015258789,34.380001068115234,34.400001525878906,1443232,30.487316131591797
2024-04-18,34.43000030517578,35.02000045776367,34.43000030517578,35.0,1446238,31.019071578979492
2024-04-19,34.75,35.45000076293945,34.599998474121094,35.31999969482422,1241912,31.30267333984375
2024-04-22,35.400001525878906,35.59000015258789,35.220001220703125,35.43000030517578,1116822,31.400163650512695
2024-04-23,35.52000045776367,36.130001068115234,35.4900016784668,36.02000045776367,1576859,31.923057556152344
2024-04-24,36.119998931884766,36.279998779296875,35.66999816894531,35.9900016784668,1422871,31.896469116210938
2024-04-25,35.66999816894531,36.06999969482422,35.400001525878906,35.84000015258789,1649214,31.763526916503906
2024-04-26,35.939998626708984,36.060001373291016,35.58000183105469,35.619998931884766,1647581,31.568552017211914
2024-04-29,35.72999954223633,36.47999954223633,35.72999954223633,36.31999969482422,1322178,32.188934326171875
2024-04-30,36.31999969482422,36.709999084472656,35.93000030517578,36.18000030517578,2485899,32.064857482910156
2024-05-02,36.15999984741211,36.79999923706055,36.06999969482422,36.52000045776367,1475916,32.36618423461914
2024-05-03,36.790000915527344,36.790000915527344,36.380001068115234,36.380001068115234,1037382,32.24211120605469
2024-05-06,36.290000915527344,37.0099983215332,36.22999954223633,36.83000183105469,863420,32.640926361083984
2024-05-07,36.91999816894531,37.349998474121094,36.83000183105469,37.130001068115234,1375203,32.906803131103516
2024-05-08,37.15999984741211,37.33000183105469,36.88999938964844,37.22999954223633,1034001,32.995426177978516
2024-05-09,37.2599983215332,37.41999816894531,37.20000076293945,37.33000183105469,721298,33.08405685424805
2024-05-10,37.400001525878906,37.59000015258789,37.040000915527344,37.119998931884766,1576222,32.89794158935547
2024-05-13,37.119998931884766,37.630001068115234,37.040000915527344,37.439998626708984,1325086,33.181541442871094
2024-05-14,37.5,37.560001373291016,37.11000061035156,37.41999816894531,1261914,33.163818359375
2024-05-15,37.4900016784668,37.56999969482422,37.2400016784668,37.33000183105469,1298726,33.08405685424805
2024-05-16,37.33000183105469,37.36000061035156,36.709999084472656,36.869998931884766,1878471,32.67637634277344
2024-05-17,36.83000183105469,37.29999923706055,36.77000045776367,37.29999923706055,2021852,33.05746841430664
2024-05-20,37.189998626708984,37.4900016784668,37.0099983215332,37.4900016784668,899471,33.225860595703125
2024-05-21,37.439998626708984,37.779998779296875,37.290000915527344,37.779998779296875,1955122,33.48286819458008
2024-05-22,36.15999984741211,36.56999969482422,35.77000045776367,36.25,1981109,33.31743240356445
2024-05-23,36.310001373291016,36.83000183105469,36.2599983215332,36.459999084472656,1152066,33.51044464111328
2024-05-24,36.45000076293945,36.5099983215332,36.18000030517578,36.25,930694,33.31743240356445
2024-05-27,36.189998626708984,36.5,36.150001525878906,36.22999954223633,924715,33.299049377441406
2024-05-28,36.33000183105469,37.09000015258789,35.84000015258789,36.720001220703125,1747740,33.749412536621094
2024-05-29,36.66999816894531,37.45000076293945,36.66999816894531,36.84000015258789,2029566,33.859703063964844
2024-05-30,36.61000061035156,37.150001525878906,36.41999816894531,37.119998931884766,1007919,34.1170539855957
2024-05-31,37.220001220703125,37.380001068115234,36.959999084472656,37.150001525878906,4324930,34.14462661743164
2024-06-03,37.189998626708984,37.380001068115234,36.959999084472656,37.04999923706055,1152805,34.05271530151367
2024-06-04,37.099998474121094,37.150001525878906,36.529998779296875,37.040000915527344,1267609,34.043521881103516
2024-06-05,37.09000015258789,37.59000015258789,37.06999969482422,37.33000183105469,969197,34.310062408447266
2024-06-06,37.36000061035156,37.70000076293945,37.279998779296875,37.61000061035156,1063640,34.567413330078125
2024-06-07,37.63999938964844,37.68000030517578,37.25,37.63999938964844,1097644,34.59498596191406
2024-06-10,37.61000061035156,38.060001373291016,37.290000915527344,38.060001373291016,1472850,34.98100662231445
2024-06-11,38.13999938964844,38.459999084472656,37.560001373291016,37.83000183105469,1279232,34.769615173339844
2024-06-12,37.75,38.369998931884766,37.650001525878906,38.369998931884766,1437615,35.265926361083984
2024-06-13,38.43000030517578,38.52000045776367,37.790000915527344,38.2400016784668,1707121,35.14645004272461
2024-06-14,38.0,38.040000915527344,36.77000045776367,36.900001525878906,2684528,33.914852142333984
2024-06-17,37.040000915527344,37.43000030517578,36.95000076293945,37.0,1349357,34.00675964355469
2024-06-18,37.150001525878906,37.45000076293945,36.93000030517578,37.439998626708984,1315598,34.411163330078125
2024-06-19,37.439998626708984,37.4900016784668,36.97999954223633,37.08000183105469,1533845,34.080291748046875
2024-06-20,37.15999984741211,37.63999938964844,37.060001373291016,37.5,1216979,34.46630859375
2024-06-21,37.540000915527344,37.7400016784668,37.220001220703125,37.220001220703125,2545250,34.20896530151367
2024-06-24,37.220001220703125,37.709999084472656,37.119998931884766,37.380001068115234,1154727,34.35601806640625
2024-06-25,37.41999816894531,37.5099983215332,36.65999984741211,36.849998474121094,1739618,33.868896484375
2024-06-26,36.939998626708984,36.9900016784668,36.369998931884766,36.56999969482422,1802068,33.61154556274414
2024-06-27,36.58000183105469,36.59000015258789,36.119998931884766,36.16999816894531,1230989,33.24390411376953
2024-06-28,36.20000076293945,36.279998779296875,35.84000015258789,36.11000061035156,1195306,33.188758850097656
2024-07-01,36.65999984741211,37.0099983215332,36.06999969482422,36.099998474121094,1645453,33.179569244384766
2024-07-02,35.400001525878906,35.459999084472656,34.369998931884766,34.97999954223633,3020324,32.150177001953125
2024-07-03,35.04999923706055,35.47999954223633,34.84000015258789,35.22999954223633,1256523,32.37995147705078
2024-07-04,35.56999969482422,35.77000045776367,35.209999084472656,35.209999084472656,1241323,32.361568450927734
2024-07-05,35.220001220703125,35.4900016784668,34.880001068115234,35.0,1178323,32.16856002807617
2024-07-08,35.029998779296875,35.41999816894531,34.97999954223633,35.13999938964844,1139831,32.2972297668457
2024-07-09,34.9900016784668,35.11000061035156,34.63999938964844,34.869998931884766,1225188,32.049072265625
2024-07-10,34.88999938964844,34.939998626708984,34.54999923706055,34.630001068115234,1675927,31.828489303588867
2024-07-11,34.630001068115234,34.66999816894531,34.34000015258789,34.61000061035156,1555316,31.81010627746582
2024-07-12,34.7599983215332,35.209999084472656,34.689998626708984,35.08000183105469,1064161,32.242088317871094
2024-07-15,34.95000076293945,35.16999816894531,34.83000183105469,35.040000915527344,927263,32.205322265625
2024-07-16,34.959999084472656,35.0,34.72999954223633,35.0,770420,32.16856002807617
2024-07-17,34.880001068115234,34.93000030517578,34.66999816894531,34.7599983215332,960224,31.947969436645508
2024-07-18,34.779998779296875,35.0099983215332,34.68000030517578,34.720001220703125,1187045,31.911209106445312
2024-07-19,34.619998931884766,34.83000183105469,34.459999084472656,34.619998931884766,1448202,31.819297790527344
2024-07-22,34.619998931884766,34.83000183105469,34.29999923706055,34.58000183105469,1176652,31.78253746032715
2024-07-23,34.560001373291016,34.619998931884766,34.22999954223633,34.560001373291016,1276889,31.7641544342041
2024-07-24,34.34000015258789,34.459999084472656,34.13999938964844,34.45000076293945,1390394,31.66305160522461
2024-07-25,35.099998474121094,36.2400016784668,34.790000915527344,36.119998931884766,2610075,33.19795227050781
2024-07-26,36.189998626708984,36.470001220703125,35.939998626708984,36.470001220703125,1943882,33.51963806152344
2024-07-29,36.33000183105469,36.41999816894531,36.029998779296875,36.22999954223633,1283529,33.299049377441406
2024-07-30,36.279998779296875,36.7599983215332,36.279998779296875,36.47999954223633,986740,33.52882385253906
2024-07-31,36.560001373291016,36.91999816894531,36.439998626708984,36.599998474121094,1526183,33.63911819458008
2024-08-01,36.29999923706055,36.619998931884766,35.790000915527344,35.959999084472656,1521609,33.0508918762207
2024-08-02,35.72999954223633,35.93000030517578,35.31999969482422,35.459999084472656,1811847,32.591339111328125
2024-08-05,34.709999084472656,34.880001068115234,34.189998626708984,34.5,2506680,31.709007263183594
2024-08-06,34.4900016784668,34.4900016784668,33.86000061035156,34.02000045776367,2132283,31.267839431762695
2024-08-07,34.16999816894531,34.66999816894531,34.08000183105469,34.150001525878906,1755160,31.3873233795166
2024-08-08,34.029998779296875,34.15999984741211,33.689998626708984,34.130001068115234,1224643,31.368938446044922
2024-08-09,33.91999816894531,34.34000015258789,33.849998474121094,34.20000076293945,937411,31.43327522277832
2024-08-12,34.15999984741211,34.34000015258789,34.060001373291016,34.34000015258789,982938,31.561948776245117
2024-08-13,34.33000183105469,34.43000030517578,33.83000183105469,34.04999923706055,1342570,31.295408248901367
2024-08-14,34.27000045776367,34.59000015258789,34.22999954223633,34.560001373291016,970826,31.7641544342041
2024-08-15,34.5099983215332,34.970001220703125,34.5099983215332,34.689998626708984,899299,31.883636474609375
2024-08-16,34.720001220703125,34.97999954223633,34.720001220703125,34.779998779296875,1126139,31.966352462768555
2024-08-19,34.75,35.220001220703125,34.75,35.130001068115234,935164,32.28804016113281
2024-08-20,35.220001220703125,35.349998474121094,34.9900016784668,34.9900016784668,689292,32.159366607666016
2024-08-21,35.060001373291016,35.38999938964844,35.060001373291016,35.29999923706055,781965,32.44428634643555
2024-08-22,35.31999969482422,35.56999969482422,35.31999969482422,35.369998931884766,738988,32.50862503051758
2024-08-23,35.439998626708984,35.7599983215332,35.36000061035156,35.650001525878906,721655,32.76597213745117
2024-08-26,35.619998931884766,35.88999938964844,35.599998474121094,35.619998931884766,349296,32.738399505615234
2024-08-27,35.70000076293945,35.810001373291016,35.560001373291016,35.560001373291016,849161,32.683258056640625
2024-08-28,35.66999816894531,35.720001220703125,35.290000915527344,35.290000915527344,932113,32.435096740722656
2024-08-29,35.290000915527344,35.54999923706055,35.290000915527344,35.369998931884766,892960,32.50862503051758
2024-08-30,35.310001373291016,35.720001220703125,35.310001373291016,35.5099983215332,1911996,32.637298583984375
2024-09-02,35.54999923706055,35.599998474121094,35.09000015258789,35.45000076293945,465421,32.5821533203125
2024-09-03,35.41999816894531,35.5099983215332,35.25,35.38999938964844,1036863,32.527008056640625
2024-09-04,35.0,35.34000015258789,34.900001525878906,35.34000015258789,1021212,32.48105239868164
2024-09-05,35.279998779296875,35.880001068115234,35.27000045776367,35.599998474121094,839198,32.72001647949219
2024-09-06,35.54999923706055,35.59000015258789,35.150001525878906,35.369998931884766,1282645,32.50862503051758
2024-09-09,35.380001068115234,35.72999954223633,35.380001068115234,35.63999938964844,933407,32.75678253173828
2024-09-10,35.720001220703125,36.02000045776367,35.33000183105469,35.470001220703125,1622163,32.60053634643555
2024-09-11,35.369998931884766,35.68000030517578,35.060001373291016,35.290000915527344,1333703,32.435096740722656
2024-09-12,35.529998779296875,35.65999984741211,35.31999969482422,35.54999923706055,792864,32.6740608215332
2024-09-13,35.4900016784668,36.16999816894531,35.4900016784668,36.150001525878906,1049159,33.22552490234375
2024-09-16,35.959999084472656,36.380001068115234,35.959999084472656,36.22999954223633,943732,33.299049377441406
2024-09-17,36.349998474121094,36.58000183105469,36.25,36.43000030517578,1580195,33.482872009277344
2024-09-18,36.540000915527344,36.630001068115234,36.310001373291016,36.31999969482422,1129905,33.381771087646484
2024-09-19,36.63999938964844,37.06999969482422,36.540000915527344,36.959999084472656,1481298,33.969993591308594
2024-09-20,36.81999969482422,36.97999954223633,36.5099983215332,36.560001373291016,2624153,33.602359771728516
2024-09-23,36.369998931884766,36.720001220703125,36.349998474121094,36.720001220703125,1032624,33.749412536621094
2024-09-24,36.900001525878906,36.9900016784668,36.5099983215332,36.650001525878906,1576503,33.68507385253906
2024-09-25,36.619998931884766,36.88999938964844,36.369998931884766,36.369998931884766,1058633,33.42772674560547
2024-09-26,36.52000045776367,37.029998779296875,36.52000045776367,37.0,1517977,34.00675964355469
2024-09-27,36.7599983215332,37.439998626708984,36.7599983215332,37.189998626708984,1862437,34.18138885498047
2024-09-30,37.0099983215332,37.06999969482422,36.40999984741211,36.459999084472656,1923821,33.51044464111328
2024-10-01,36.4900016784668,36.56999969482422,35.790000915527344,35.970001220703125,1570447,33.06008529663086
2024-10-02,35.970001220703125,36.029998779296875,35.189998626708984,35.52000045776367,1461549,32.64649200439453
2024-10-03,35.52000045776367,35.58000183105469,34.880001068115234,34.880001068115234,1833647,32.058265686035156
2024-10-04,34.83000183105469,35.63999938964844,34.70000076293945,35.41999816894531,1195588,32.5545768737793
2024-10-07,35.470001220703125,35.7400016784668,34.7599983215332,35.150001525878906,2082023,32.30642318725586
2024-10-08,35.02000045776367,35.13999938964844,34.68000030517578,34.68000030517578,1425654,31.87444496154785
2024-10-09,34.61000061035156,34.619998931884766,34.029998779296875,34.08000183105469,2414410,31.32298469543457
2024-10-10,33.9900016784668,34.08000183105469,33.599998474121094,33.939998626708984,1244329,31.19430923461914
2024-10-11,33.72999954223633,33.79999923706055,33.5099983215332,33.75,1381431,31.01968002319336
2024-10-14,33.79999923706055,34.25,33.790000915527344,34.25,1068181,31.479230880737305
2024-10-15,34.22999954223633,34.279998779296875,33.45000076293945,33.720001220703125,1644008,30.992107391357422
2024-10-16,33.63999938964844,34.15999984741211,33.560001373291016,34.0,1034871,31.24945640563965
2024-10-17,33.880001068115234,34.150001525878906,33.81999969482422,33.88999938964844,1053778,31.148353576660156
2024-10-18,33.81999969482422,34.43000030517578,33.810001373291016,34.31999969482422,1324805,31.54356575012207
2024-10-21,34.189998626708984,34.38999938964844,33.61000061035156,33.66999816894531,1254277,30.946151733398438
2024-10-22,33.72999954223633,33.9900016784668,33.5099983215332,33.93000030517578,1175531,31.185117721557617
2024-10-23,33.81999969482422,34.22999954223633,33.810001373291016,33.810001373291016,1164653,31.074827194213867
2024-10-24,31.450000762939453,32.43000030517578,31.020000457763672,31.030000686645508,4108802,28.519723892211914
2024-10-25,30.989999771118164,31.350000381469727,30.84000015258789,31.15999984741211,1862134,28.639205932617188
2024-10-28,31.299999237060547,31.690000534057617,31.200000762939453,31.639999389648438,1130366,29.08037567138672
2024-10-29,31.739999771118164,32.040000915527344,31.270000457763672,31.34000015258789,1245582,28.804645538330078
2024-10-30,31.190000534057617,31.290000915527344,30.969999313354492,31.260000228881836,1216808,28.731117248535156
2024-10-31,31.06999969482422,31.15999984741211,30.709999084472656,31.049999237060547,1408316,28.538103103637695
2024-11-01,30.940000534057617,31.18000030517578,30.860000610351562,31.100000381469727,752039,28.584060668945312
2024-11-04,30.979999542236328,31.18000030517578,30.809999465942383,31.18000030517578,1143753,28.657588958740234
2024-11-05,31.200000762939453,31.469999313354492,31.170000076293945,31.299999237060547,1041701,28.767879486083984
2024-11-06,31.290000915527344,31.770000457763672,30.8799991607666,31.06999969482422,1237881,28.556488037109375
2024-11-07,31.010000228881836,31.510000228881836,30.979999542236328,31.510000228881836,1492129,28.960891723632812
2024-11-08,31.5,31.610000610351562,31.18000030517578,31.389999389648438,1588909,28.85059928894043
2024-11-11,31.690000534057617,32.459999084472656,31.610000610351562,32.18000030517578,1493372,29.576690673828125
2024-11-12,31.90999984741211,31.93000030517578,31.540000915527344,31.579999923706055,1338584,29.02522850036621
2024-11-13,31.360000610351562,31.530000686645508,30.739999771118164,31.0,1413671,28.492149353027344
2024-11-14,31.06999969482422,31.479999542236328,30.760000228881836,31.239999771118164,1681287,28.71273422241211
2024-11-15,31.100000381469727,31.700000762939453,31.0,31.260000228881836,1864997,28.731117248535156
2024-11-18,31.219999313354492,31.309999465942383,31.020000457763672,31.270000457763672,955895,28.740306854248047
2024-11-19,31.3799991607666,31.420000076293945,30.68000030517578,31.09000015258789,1263860,28.574871063232422
2024-11-20,31.270000457763672,31.350000381469727,30.850000381469727,30.8700008392334,1153574,28.372669219970703
2024-11-21,30.889999389648438,30.93000030517578,30.520000457763672,30.93000030517578,1337494,28.427814483642578
2024-11-22,31.079999923706055,31.31999969482422,30.8700008392334,31.100000381469727,1275994,28.584060668945312
2024-11-25,31.229999542236328,31.360000610351562,30.68000030517578,31.170000076293945,3633613,28.64839744567871
2024-11-26,31.149999618530273,31.149999618530273,30.799999237060547,30.979999542236328,1214999,28.47376823425293
2024-11-27,30.790000915527344,30.93000030517578,30.579999923706055,30.780000686645508,1012469,28.289947509765625
2024-11-28,30.770000457763672,31.100000381469727,30.770000457763672,30.829999923706055,800608,28.33590316772461
2024-11-29,30.649999618530273,30.75,30.530000686645508,30.75,1231612,28.262374877929688
2024-12-02,30.399999618530273,30.889999389648438,30.170000076293945,30.479999542236328,1676018,28.014217376708984
2024-12-03,30.299999237060547,30.959999084472656,30.280000686645508,30.850000381469727,1195492,28.354286193847656
2024-12-04,30.90999984741211,31.059999465942383,30.799999237060547,30.940000534057617,1249064,28.43700408935547
2024-12-05,30.84000015258789,31.649999618530273,30.799999237060547,31.56999969482422,1481800,29.016036987304688
2024-12-06,31.579999923706055,32.15999984741211,31.530000686645508,31.959999084472656,1450682,29.374486923217773
2024-12-09,32.02000045776367,32.5,31.860000610351562,32.380001068115234,1191242,29.76051139831543
2024-12-10,32.380001068115234,32.709999084472656,32.290000915527344,32.4900016784668,1479057,29.861614227294922
2024-12-11,32.439998626708984,32.4900016784668,32.150001525878906,32.31999969482422,996957,29.705364227294922
2024-12-12,32.40999984741211,32.650001525878906,32.290000915527344,32.5099983215332,1329990,29.87999153137207
2024-12-13,32.4900016784668,32.81999969482422,32.439998626708984,32.779998779296875,1229975,30.128150939941406
2024-12-16,32.709999084472656,32.779998779296875,32.0099983215332,32.2400016784668,1355472,29.631837844848633
2024-12-17,32.130001068115234,32.66999816894531,32.099998474121094,32.33000183105469,1559157,29.714557647705078
2024-12-18,32.33000183105469,32.47999954223633,32.029998779296875,32.25,1853059,29.641027450561523
2024-12-19,31.799999237060547,32.08000183105469,31.719999313354492,31.8799991607666,1709320,29.300960540771484
2024-12-20,31.639999389648438,31.950000762939453,31.530000686645508,31.950000762939453,3121129,29.365297317504883
2024-12-23,31.899999618530273,31.979999542236328,31.690000534057617,31.760000228881836,902421,29.1906681060791
2024-12-24,31.899999618530273,32.0,31.8700008392334,31.8700008392334,338756,29.29176902770996
2024-12-27,31.809999465942383,32.0099983215332,31.739999771118164,32.0099983215332,937326,29.420440673828125
2024-12-30,31.90999984741211,31.950000762939453,31.600000381469727,31.610000610351562,820131,29.05280303955078
2024-12-31,31.510000228881836,31.899999618530273,31.510000228881836,31.799999237060547,1381497,29.22743034362793
2025-01-02,31.850000381469727,32.2400016784668,31.790000915527344,32.16999816894531,907920,29.56749725341797
2025-01-03,32.06999969482422,32.189998626708984,31.229999542236328,31.31999969482422,1353848,28.78626251220703
2025-01-06,31.639999389648438,32.33000183105469,31.5,31.889999389648438,1231196,29.310150146484375
2025-01-07,31.81999969482422,32.029998779296875,31.65999984741211,31.690000534057617,1586959,29.126331329345703
2025-01-08,31.450000762939453,31.639999389648438,31.260000228881836,31.530000686645508,1542090,28.97927474975586
2025-01-09,31.309999465942383,31.31999969482422,30.690000534057617,31.040000915527344,1757147,28.528915405273438
2025-01-10,31.059999465942383,31.420000076293945,30.8700008392334,30.940000534057617,1441125,28.43700408935547
2025-01-13,30.760000228881836,31.079999923706055,30.690000534057617,30.899999618530273,1868528,28.400239944458008
2025-01-14,31.280000686645508,32.060001373291016,31.280000686645508,31.739999771118164,2827546,29.172285079956055
2025-01-15,31.770000457763672,32.72999954223633,31.760000228881836,32.689998626708984,2098867,30.04543113708496
2025-01-16,32.79999923706055,32.869998931884766,32.4900016784668,32.4900016784668,1805006,29.861614227294922
2025-01-17,32.560001373291016,32.95000076293945,32.560001373291016,32.90999984741211,2619180,30.24763298034668
2025-01-20,32.88999938964844,33.20000076293945,32.689998626708984,33.060001373291016,1282051,30.385501861572266
2025-01-21,32.900001525878906,33.25,32.84000015258789,33.08000183105469,1149681,30.40388298034668
2025-01-22,33.02000045776367,33.45000076293945,32.970001220703125,33.13999938964844,1298526,30.459026336669922
2025-01-23,33.220001220703125,33.41999816894531,33.09000015258789,33.41999816894531,1120329,30.71637535095215
2025-01-24,33.5,33.75,33.43000030517578,33.720001220703125,1156339,30.992107391357422
2025-01-27,33.72999954223633,33.959999084472656,33.5,33.56999969482422,1199654,30.85424041748047
2025-01-28,33.5,33.88999938964844,33.5,33.68000030517578,1418412,30.95534324645996
2025-01-29,33.779998779296875,33.84000015258789,33.150001525878906,33.150001525878906,2787009,30.468219757080078
2025-01-30,33.150001525878906,33.70000076293945,33.130001068115234,33.63999938964844,1351977,30.918577194213867
2025-01-31,33.630001068115234,33.63999938964844,33.40999984741211,33.599998474121094,1570009,30.881813049316406
2025-02-03,32.81999969482422,33.439998626708984,32.68000030517578,33.29999923706055,1875323,30.606082916259766
2025-02-04,33.400001525878906,33.4900016784668,32.900001525878906,32.959999084472656,1537507,30.293588638305664
2025-02-05,32.77000045776367,32.88999938964844,32.310001373291016,32.58000183105469,1763146,29.944332122802734
2025-02-06,32.45000076293945,33.189998626708984,32.40999984741211,33.04999923706055,1458313,30.37630844116211
2025-02-07,33.11000061035156,33.27000045776367,32.95000076293945,33.08000183105469,1078028,30.40388298034668
2025-02-10,33.130001068115234,33.31999969482422,32.97999954223633,33.209999084472656,1213765,30.523365020751953
2025-02-11,33.029998779296875,33.060001373291016,32.65999984741211,32.90999984741211,1589249,30.24763298034668
2025-02-12,32.619998931884766,32.91999816894531,32.47999954223633,32.47999954223633,2749677,29.852420806884766
2025-02-13,34.15999984741211,34.400001525878906,33.56999969482422,34.060001373291016,3827319,31.304603576660156
2025-02-14,33.43000030517578,34.27000045776367,33.0099983215332,33.93000030517578,1785363,31.185117721557617
2025-02-17,33.93000030517578,33.95000076293945,33.560001373291016,33.599998474121094,1502141,30.881813049316406
2025-02-18,33.599998474121094,33.70000076293945,33.279998779296875,33.61000061035156,1509971,30.891008377075195
2025-02-19,33.40999984741211,33.689998626708984,33.29999923706055,33.599998474121094,2273708,30.881813049316406
2025-02-20,33.599998474121094,33.72999954223633,33.38999938964844,33.45000076293945,1366938,30.74394989013672
2025-02-21,33.560001373291016,33.68000030517578,33.369998931884766,33.4900016784668,1634157,30.78071403503418
2025-02-24,33.70000076293945,34.09000015258789,33.650001525878906,34.029998779296875,1605411,31.27702522277832
2025-02-25,33.86000061035156,33.900001525878906,33.02000045776367,33.029998779296875,2331801,30.357925415039062
2025-02-26,33.150001525878906,33.880001068115234,33.06999969482422,33.540000915527344,1697902,30.826669692993164
2025-02-27,33.209999084472656,34.0099983215332,33.150001525878906,33.720001220703125,1702579,30.992107391357422
2025-02-28,33.400001525878906,34.380001068115234,33.279998779296875,34.15999984741211,5770485,31.39651107788086
2025-03-03,33.97999954223633,34.2599983215332,33.779998779296875,33.93000030517578,1315696,31.185117721557617
2025-03-04,33.61000061035156,33.68000030517578,32.84000015258789,33.0099983215332,2392059,30.33954429626465
2025-03-05,33.470001220703125,34.220001220703125,33.41999816894531,33.689998626708984,2737715,30.96453285217285
2025-03-06,33.7400016784668,34.79999923706055,33.529998779296875,34.5099983215332,3286793,31.71819496154785
2025-03-07,34.29999923706055,34.72999954223633,34.15999984741211,34.599998474121094,2516629,31.800914764404297
2025-03-10,34.810001373291016,35.630001068115234,34.36000061035156,35.349998474121094,2862037,32.49024200439453
2025-03-11,35.279998779296875,35.70000076293945,34.459999084472656,34.540000915527344,2469714,31.745771408081055
2025-03-12,34.70000076293945,34.709999084472656,34.15999984741211,34.220001220703125,1897009,31.451658248901367
2025-03-13,34.04999923706055,34.27000045776367,33.68000030517578,33.79999923706055,1938998,31.06563377380371
2025-03-14,33.7599983215332,34.27000045776367,33.5099983215332,34.04999923706055,1405774,31.295408248901367
2025-03-17,34.040000915527344,34.189998626708984,33.790000915527344,33.880001068115234,1132131,31.1391658782959
2025-03-18,33.91999816894531,34.47999954223633,33.91999816894531,34.220001220703125,1300403,31.451658248901367
2025-03-19,34.0,34.31999969482422,34.0,34.15999984741211,1219216,31.39651107788086
2025-03-20,34.189998626708984,34.290000915527344,33.88999938964844,34.099998474121094,1684667,31.34136390686035
2025-03-21,33.88999938964844,34.060001373291016,33.70000076293945,33.869998931884766,3276455,31.12997055053711
2025-03-24,34.16999816894531,34.290000915527344,33.75,33.97999954223633,1956648,31.2310733795166
2025-03-25,34.130001068115234,34.619998931884766,33.84000015258789,34.209999084472656,1593756,31.442466735839844
2025-03-26,33.529998779296875,33.529998779296875,31.969999313354492,32.13999938964844,3561939,29.539926528930664
2025-03-27,31.729999542236328,32.900001525878906,31.610000610351562,32.849998474121094,2294084,30.192485809326172
2025-03-28,32.91999816894531,33.18000030517578,32.7599983215332,33.0,2255522,30.330354690551758
2025-03-31,32.880001068115234,32.880001068115234,32.06999969482422,32.40999984741211,2073723,29.788084030151367
2025-04-01,32.779998779296875,32.97999954223633,32.369998931884766,32.7599983215332,1610454,30.10976791381836
2025-04-02,32.540000915527344,32.720001220703125,32.27000045776367,32.560001373291016,1421820,29.92595100402832
2025-04-03,32.0,32.349998474121094,31.65999984741211,32.0,2296058,29.411251068115234
2025-04-04,31.8799991607666,32.02000045776367,30.729999542236328,31.399999618530273,2366739,28.859790802001953
2025-04-07,29.709999084472656,31.040000915527344,29.239999771118164,29.350000381469727,3661209,26.97563362121582
2025-04-08,29.799999237060547,30.260000228881836,29.469999313354492,29.75,2080165,27.34327507019043
2025-04-09,29.020000457763672,29.389999389648438,28.469999313354492,28.65999984741211,2281450,26.34145164489746
2025-04-10,30.280000686645508,30.530000686645508,29.049999237060547,29.049999237060547,2451897,26.699901580810547
2025-04-11,29.229999542236328,29.6200008392334,28.850000381469727,29.34000015258789,1588712,26.966442108154297
2025-04-14,30.040000915527344,30.06999969482422,29.079999923706055,29.84000015258789,1557397,27.425992965698242
2025-04-15,30.15999984741211,30.600000381469727,30.100000381469727,30.559999465942383,1471611,28.087745666503906
2025-04-16,30.280000686645508,30.309999465942383,29.670000076293945,30.059999465942383,1648144,27.62819480895996
2025-04-17,30.190000534057617,30.3700008392334,29.81999969482422,30.219999313354492,1248750,27.775249481201172
2025-04-22,30.469999313354492,30.5,30.1299991607666,30.350000381469727,1313579,27.89473533630371
2025-04-23,30.739999771118164,31.200000762939453,30.579999923706055,30.790000915527344,2107794,28.29913902282715
2025-04-24,30.690000534057617,30.850000381469727,30.549999237060547,30.850000381469727,1436214,28.354286193847656
2025-04-25,31.579999923706055,32.08000183105469,31.239999771118164,31.3799991607666,2099375,28.84140968322754
2025-04-28,31.450000762939453,31.829999923706055,31.3799991607666,31.520000457763672,1332798,28.970083236694336
2025-04-29,31.579999923706055,31.93000030517578,31.489999771118164,31.59000015258789,1070960,29.034420013427734
2025-04-30,31.579999923706055,32.16999816894531,31.549999237060547,32.16999816894531,2337573,29.56749725341797
2025-05-02,32.54999923706055,32.91999816894531,32.369998931884766,32.70000076293945,1459254,30.054624557495117
2025-05-05,32.77000045776367,32.84000015258789,32.65999984741211,32.65999984741211,679977,30.017858505249023
2025-05-06,32.810001373291016,32.97999954223633,32.22999954223633,32.630001068115234,1704815,29.990285873413086
2025-05-07,32.560001373291016,32.630001068115234,32.349998474121094,32.630001068115234,1783333,29.990285873413086
2025-05-08,32.7400016784668,33.11000061035156,32.54999923706055,33.11000061035156,1594964,30.431455612182617
2025-05-09,33.25,33.58000183105469,33.20000076293945,33.369998931884766,1342993,30.670419692993164
2025-05-12,33.66999816894531,34.290000915527344,33.66999816894531,34.20000076293945,1529014,31.43327522277832
2025-05-13,34.20000076293945,34.52000045776367,34.099998474121094,34.52000045776367,1278337,31.72739028930664
2025-05-14,34.560001373291016,34.72999954223633,34.349998474121094,34.470001220703125,1733157,31.681434631347656
2025-05-15,34.369998931884766,34.52000045776367,34.18000030517578,34.5,1440740,31.709007263183594
2025-05-16,34.63999938964844,34.720001220703125,34.2400016784668,34.34000015258789,1034778,31.561948776245117
2025-05-19,34.34000015258789,34.599998474121094,34.34000015258789,34.5099983215332,906850,31.71819496154785
2025-05-20,34.5,35.29999923706055,34.41999816894531,35.29999923706055,1975258,32.44428634643555
2025-05-21,33.56999969482422,33.81999969482422,33.470001220703125,33.56999969482422,1849150,32.10951614379883
2025-05-22,33.47999954223633,33.59000015258789,33.2400016784668,33.470001220703125,1016690,32.01386642456055
2025-05-23,33.84000015258789,33.95000076293945,32.95000076293945,33.31999969482422,1802828,31.870389938354492
2025-05-26,33.52000045776367,33.7599983215332,33.52000045776367,33.7599983215332,636560,32.2912483215332
2025-05-27,33.77000045776367,33.86000061035156,33.59000015258789,33.630001068115234,786310,32.16690444946289
2025-05-28,33.72999954223633,34.09000015258789,33.66999816894531,33.880001068115234,1095587,32.406028747558594
2025-05-29,33.970001220703125,34.060001373291016,33.779998779296875,33.93000030517578,666072,32.453853607177734
2025-05-30,34.0,34.189998626708984,33.68000030517578,33.68000030517578,2462714,32.21472930908203
2025-06-02,33.439998626708984,33.529998779296875,33.15999984741211,33.4900016784668,1243023,32.032997131347656
2025-06-03,33.540000915527344,33.58000183105469,32.43000030517578,32.869998931884766,1758613,31.43996810913086
2025-06-04,32.959999084472656,33.02000045776367,32.369998931884766,32.38999938964844,1672902,30.980850219726562
2025-06-05,32.439998626708984,32.86000061035156,32.34000015258789,32.7400016784668,1516757,31.31562614440918
2025-06-06,32.810001373291016,32.90999984741211,32.63999938964844,32.689998626708984,673160,31.267797470092773
2025-06-09,32.689998626708984,32.77000045776367,32.400001525878906,32.65999984741211,775238,31.239105224609375
2025-06-10,32.81999969482422,33.04999923706055,32.689998626708984,33.04999923706055,1273418,31.612136840820312
2025-06-11,33.15999984741211,33.2599983215332,32.65999984741211,32.65999984741211,1071409,31.239105224609375
2025-06-12,32.349998474121094,32.7400016784668,32.29999923706055,32.65999984741211,981661,31.239105224609375
2025-06-13,32.27000045776367,32.59000015258789,32.15999984741211,32.20000076293945,1221575,30.799118041992188
2025-06-16,32.15999984741211,32.529998779296875,32.099998474121094,32.15999984741211,901052,30.76085662841797
2025-06-17,32.11000061035156,32.310001373291016,31.979999542236328,32.16999816894531,1514334,30.77042007446289
2025-06-18,32.15999984741211,32.15999984741211,31.600000381469727,31.899999618530273,1000824,30.512168884277344
2025-06-19,31.600000381469727,31.68000030517578,31.149999618530273,31.15999984741211,1180897,29.804363250732422
2025-06-20,31.329999923706055,31.610000610351562,31.209999084472656,31.31999969482422,2830988,29.957401275634766
2025-06-23,31.079999923706055,31.5,31.040000915527344,31.209999084472656,1396663,29.852188110351562
2025-06-24,31.65999984741211,31.81999969482422,31.25,31.579999923706055,2148446,30.206090927124023
2025-06-25,31.6200008392334,31.780000686645508,31.530000686645508,31.690000534057617,1344274,30.31130599975586
2025-06-26,31.520000457763672,31.530000686645508,30.799999237060547,30.969999313354492,1693221,29.622629165649414
2025-06-27,31.25,31.68000030517578,31.229999542236328,31.68000030517578,1555501,30.301740646362305
2025-06-30,31.700000762939453,31.739999771118164,31.3700008392334,31.540000915527344,1720899,30.167831420898438
2025-07-01,31.549999237060547,31.579999923706055,31.059999465942383,31.469999313354492,1476069,30.100875854492188
2025-07-02,31.84000015258789,31.959999084472656,31.59000015258789,31.709999084472656,961096,30.330434799194336
2025-07-03,31.829999923706055,32.029998779296875,31.65999984741211,31.700000762939453,917903,30.320871353149414
2025-07-04,31.520000457763672,31.600000381469727,31.31999969482422,31.469999313354492,818947,30.100875854492188
2025-07-07,31.5,31.540000915527344,31.270000457763672,31.510000228881836,998506,30.139137268066406
2025-07-08,31.420000076293945,31.799999237060547,31.299999237060547,31.700000762939453,1487097,30.320871353149414
2025-07-09,31.700000762939453,32.34000015258789,31.6200008392334,32.220001220703125,1235381,30.818248748779297
2025-07-10,32.599998474121094,32.720001220703125,32.369998931884766,32.599998474121094,1328528,31.181713104248047
2025-07-11,32.470001220703125,32.709999084472656,32.06999969482422,32.189998626708984,1739280,30.78955078125
2025-07-14,31.889999389648438,32.400001525878906,31.84000015258789,32.16999816894531,774999,30.77042007446289
2025-07-15,32.20000076293945,32.38999938964844,31.979999542236328,32.04999923706055,794207,30.655643463134766
2025-07-16,31.770000457763672,32.13999938964844,31.690000534057617,31.969999313354492,1388341,30.57912254333496
2025-07-17,32.119998931884766,32.29999923706055,32.040000915527344,32.209999084472656,1449146,30.80868148803711
2025-07-18,32.349998474121094,32.66999816894531,32.209999084472656,32.209999084472656,1161019,30.80868148803711
2025-07-21,32.209999084472656,32.599998474121094,32.18000030517578,32.38999938964844,1108866,30.980850219726562
2025-07-22,32.43000030517578,32.5,32.029998779296875,32.099998474121094,1155286,30.703466415405273
2025-07-23,33.0,33.029998779296875,32.439998626708984,32.540000915527344,1883777,31.124326705932617
2025-07-24,32.9900016784668,32.9900016784668,32.0099983215332,32.150001525878906,1700688,30.75129508972168
2025-07-25,31.0,32.0,30.700000762939453,31.06999969482422,2397894,29.718278884887695
2025-07-28,31.510000228881836,31.700000762939453,31.200000762939453,31.3799991607666,1481569,30.01479148864746
2025-07-29,31.31999969482422,31.969999313354492,31.31999969482422,31.5,1234275,30.12957191467285
2025-07-30,31.360000610351562,31.639999389648438,31.200000762939453,31.200000762939453,1160066,29.84262466430664
2025-07-31,31.110000610351562,31.459999084472656,31.010000228881836,31.260000228881836,1599159,29.900012969970703
2025-08-01,31.200000762939453,31.219999313354492,30.729999542236328,30.969999313354492,1579974,29.622629165649414
2025-08-04,31.100000381469727,31.270000457763672,30.84000015258789,30.860000610351562,1073889,29.51741600036621
2025-08-05,30.950000762939453,31.059999465942383,30.6299991607666,30.899999618530273,1109856,29.555673599243164
2025-08-06,30.989999771118164,31.079999923706055,30.700000762939453,30.709999084472656,867890,29.373939514160156
2025-08-07,30.739999771118164,31.3700008392334,30.700000762939453,31.290000915527344,1081339,29.928709030151367
2025-08-08,31.469999313354492,31.639999389648438,31.360000610351562,31.43000030517578,1212736,30.0626163482666
2025-08-11,31.649999618530273,31.65999984741211,31.290000915527344,31.34000015258789,673198,29.976531982421875
2025-08-12,31.420000076293945,31.790000915527344,31.389999389648438,31.65999984741211,1077840,30.282609939575195
2025-08-13,31.770000457763672,31.959999084472656,31.540000915527344,31.90999984741211,822822,30.5217342376709
2025-08-14,31.860000610351562,31.989999771118164,31.670000076293945,31.899999618530273,872348,30.512168884277344
2025-08-15,32.11000061035156,32.310001373291016,32.040000915527344,32.22999954223633,750391,30.82781219482422
2025-08-18,32.060001373291016,32.279998779296875,31.90999984741211,32.119998931884766,881025,30.722597122192383
2025-08-19,32.16999816894531,32.95000076293945,32.16999816894531,32.849998474121094,1061116,31.42083740234375
2025-08-20,32.86000061035156,32.90999984741211,32.68000030517578,32.77000045776367,859419,31.34432029724121
2025-08-21,32.7599983215332,32.810001373291016,32.369998931884766,32.529998779296875,1059966,31.11475944519043
2025-08-22,32.4900016784668,32.61000061035156,32.36000061035156,32.54999923706055,1011123,31.13389015197754
2025-08-25,32.4900016784668,32.4900016784668,31.809999465942383,31.93000030517578,1084794,30.540864944458008
2025-08-26,31.770000457763672,31.850000381469727,31.450000762939453,31.5,2438762,30.12957191467285
2025-08-27,31.610000610351562,31.729999542236328,31.1299991607666,31.149999618530273,1084056,29.794797897338867
2025-08-28,31.290000915527344,31.559999465942383,31.190000534057617,31.190000534057617,1037609,29.833059310913086
2025-08-29,31.09000015258789,31.18000030517578,30.84000015258789,30.93000030517578,1413526,29.584369659423828
2025-09-01,30.90999984741211,31.010000228881836,30.6299991607666,30.790000915527344,1047025,29.45046043395996
2025-09-02,30.920000076293945,31.18000030517578,30.700000762939453,30.899999618530273,1555793,29.555673599243164
2025-09-03,31.079999923706055,31.1200008392334,30.649999618530273,30.649999618530273,1046551,29.316551208496094
2025-09-04,30.530000686645508,30.959999084472656,30.520000457763672,30.739999771118164,1049790,29.40263557434082
2025-09-05,30.959999084472656,31.149999618530273,30.729999542236328,30.950000762939453,980840,29.603500366210938
2025-09-08,31.110000610351562,31.440000534057617,31.049999237060547,31.34000015258789,876162,29.976531982421875
2025-09-09,31.469999313354492,31.889999389648438,31.420000076293945,31.579999923706055,1030722,30.206090927124023
2025-09-10,31.530000686645508,31.770000457763672,31.31999969482422,31.459999084472656,1172785,30.091310501098633
2025-09-11,31.479999542236328,31.65999984741211,31.309999465942383,31.510000228881836,1085662,30.139137268066406
2025-09-12,31.670000076293945,31.68000030517578,31.34000015258789,31.459999084472656,1361943,30.091310501098633
2025-09-15,31.579999923706055,31.889999389648438,31.260000228881836,31.260000228881836,969452,29.900012969970703
2025-09-16,31.280000686645508,31.40999984741211,31.110000610351562,31.190000534057617,794578,29.833059310913086
2025-09-17,31.15999984741211,31.469999313354492,31.110000610351562,31.110000610351562,1954198,29.75653839111328
2025-09-18,31.100000381469727,31.270000457763672,30.649999618530273,31.010000228881836,2060194,29.660888671875
2025-09-19,31.059999465942383,31.399999618530273,30.989999771118164,31.1299991607666,3544829,29.775667190551758
2025-09-22,30.969999313354492,31.079999923706055,30.6299991607666,30.690000534057617,983806,29.35481071472168
2025-09-23,30.670000076293945,31.3700008392334,30.670000076293945,30.8700008392334,1286982,29.526981353759766
2025-09-24,30.739999771118164,30.799999237060547,30.440000534057617,30.549999237060547,1502091,29.220901489257812
2025-09-25,30.5,30.649999618530273,30.280000686645508,30.600000381469727,1216329,29.268726348876953
2025-09-26,30.700000762939453,31.040000915527344,30.649999618530273,30.889999389648438,988130,29.546110153198242
2025-09-29,30.850000381469727,30.979999542236328,30.6200008392334,30.639999389648438,1331219,29.30698585510254
2025-09-30,30.540000915527344,30.649999618530273,30.329999923706055,30.540000915527344,1397786,29.21133804321289
2025-10-01,30.479999542236328,31.030000686645508,30.360000610351562,30.940000534057617,1391534,29.593935012817383
2025-10-02,31.25,31.389999389648438,31.15999984741211,31.31999969482422,884855,29.957401275634766
2025-10-03,31.329999923706055,31.520000457763672,30.920000076293945,31.219999313354492,1043580,29.861751556396484
2025-10-06,31.170000076293945,31.219999313354492,30.770000457763672,31.149999618530273,1266729,29.794797897338867
2025-10-07,31.25,31.299999237060547,30.729999542236328,30.81999969482422,1487998,29.479154586791992
2025-10-08,30.719999313354492,30.959999084472656,30.610000610351562,30.860000610351562,1402787,29.51741600036621
2025-10-09,29.350000381469727,29.979999542236328,28.860000610351562,29.68000030517578,3137621,28.388751983642578
2025-10-10,29.790000915527344,30.079999923706055,29.389999389648438,29.489999771118164,1488712,28.20701789855957
2025-10-13,29.59000015258789,29.6299991607666,28.530000686645508,28.670000076293945,2036234,27.422693252563477
2025-10-14,26.350000381469727,26.530000686645508,25.510000228881836,26.110000610351562,5856603,24.97406768798828
2025-10-15,26.5,26.6299991607666,26.100000381469727,26.200000762939453,4013714,25.060152053833008
2025-10-16,26.450000762939453,27.1200008392334,26.280000686645508,27.09000015258789,3526179,25.91143226623535
2025-10-17,26.90999984741211,27.299999237060547,26.809999465942383,27.079999923706055,2704064,25.901866912841797
2025-10-20,27.1200008392334,27.479999542236328,27.049999237060547,27.31999969482422,1853070,26.131423950195312
2025-10-21,27.5,27.889999389648438,27.479999542236328,27.889999389648438,1702282,26.676626205444336
2025-10-22,27.420000076293945,27.6299991607666,27.06999969482422,27.43000030517578,2531630,26.23663902282715
2025-10-23,27.229999542236328,27.84000015258789,27.110000610351562,27.65999984741211,2322608,26.456632614135742
2025-10-24,27.809999465942383,27.959999084472656,27.700000762939453,27.90999984741211,2471908,26.695756912231445
2025-10-27,27.950000762939453,28.43000030517578,27.93000030517578,28.260000228881836,2161606,27.03053092956543
2025-10-28,28.239999771118164,28.420000076293945,28.18000030517578,28.239999771118164,1797111,27.01140022277832
2025-10-29,28.200000762939453,28.31999969482422,27.940000534057617,28.1200008392334,1909573,26.896621704101562
2025-10-30,28.239999771118164,28.34000015258789,27.979999542236328,28.110000610351562,2150354,26.887056350708008
2025-10-31,28.059999465942383,28.219999313354492,27.6200008392334,27.690000534057617,2780204,26.485328674316406
2025-11-03,27.75,28.270000457763672,27.75,28.100000381469727,2039417,26.877490997314453
2025-11-04,27.81999969482422,28.06999969482422,27.670000076293945,28.06999969482422,2137729,26.84879493713379
2025-11-05,27.8799991607666,28.229999542236328,27.850000381469727,28.229999542236328,2499514,27.001834869384766
2025-11-06,28.239999771118164,28.530000686645508,28.190000534057617,28.229999542236328,1889296,27.001834869384766
2025-11-07,28.290000915527344,28.540000915527344,28.1299991607666,28.420000076293945,1872104,27.183568954467773
2025-11-10,28.65999984741211,28.760000228881836,28.469999313354492,28.469999313354492,1538195,27.231393814086914
2025-11-11,28.469999313354492,28.8700008392334,28.440000534057617,28.8700008392334,1718339,27.61399269104004
2025-11-12,28.790000915527344,29.09000015258789,28.780000686645508,28.90999984741211,1800521,27.652250289916992
2025-11-13,29.020000457763672,29.1200008392334,28.809999465942383,28.950000762939453,1408099,27.69051170349121
2025-11-14,28.829999923706055,28.940000534057617,28.25,28.43000030517578,2825668,27.193134307861328
2025-11-17,28.399999618530273,28.549999237060547,28.139999389648438,28.15999984741211,1412452,26.934879302978516
2025-11-18,27.81999969482422,28.0,27.540000915527344,27.579999923706055,2907746,26.38011360168457
2025-11-19,27.510000228881836,28.030000686645508,27.5,27.729999542236328,2037897,26.523588180541992
2025-11-20,27.81999969482422,27.850000381469727,27.059999465942383,27.059999465942383,3729900,25.882736206054688
2025-11-21,26.969999313354492,27.690000534057617,26.899999618530273,27.65999984741211,2120008,26.456632614135742
2025-11-24,28.010000228881836,28.030000686645508,27.469999313354492,27.469999313354492,3693500,26.274898529052734
2025-11-25,27.690000534057617,28.09000015258789,27.510000228881836,28.010000228881836,1649425,26.791406631469727
2025-11-26,28.09000015258789,28.110000610351562,27.799999237060547,28.0,1166354,26.781841278076172
2025-11-27,27.899999618530273,28.270000457763672,27.899999618530273,28.270000457763672,900295,27.04009437561035
2025-11-28,28.229999542236328,28.290000915527344,28.020000457763672,28.149999618530273,1462206,26.925315856933594
2025-12-01,28.030000686645508,28.360000610351562,27.989999771118164,28.31999969482422,1485429,27.087919235229492
2025-12-02,28.010000228881836,28.5,27.979999542236328,28.270000457763672,1799426,27.04009437561035
2025-12-03,27.799999237060547,28.420000076293945,27.799999237060547,28.190000534057617,1797755,26.96357536315918
2025-12-04,28.34000015258789,28.34000015258789,27.969999313354492,27.969999313354492,1771283,26.753145217895508
2025-12-05,27.959999084472656,28.360000610351562,27.950000762939453,28.030000686645508,1520136,26.810537338256836
2025-12-08,28.0,28.260000228881836,27.829999923706055,28.0,1467921,26.781841278076172
2025-12-09,27.989999771118164,28.06999969482422,27.719999313354492,27.719999313354492,1186328,26.514022827148438
2025-12-10,27.5,27.68000030517578,27.459999084472656,27.540000915527344,1644137,26.341854095458984
2025-12-11,27.68000030517578,28.030000686645508,27.540000915527344,27.889999389648438,2099018,26.676626205444336
2025-12-12,27.920000076293945,28.15999984741211,27.770000457763672,28.049999237060547,2743192,26.829666137695312
2025-12-15,27.860000610351562,28.280000686645508,27.850000381469727,28.219999313354492,1951796,26.99226951599121
2025-12-16,28.09000015258789,28.770000457763672,28.09000015258789,28.350000381469727,2193022,27.116615295410156
2025-12-17,28.3700008392334,28.389999389648438,27.950000762939453,28.280000686645508,1649148,27.049659729003906
2025-12-18,28.15999984741211,28.389999389648438,28.1299991607666,28.350000381469727,2140547,27.116615295410156
2025-12-19,28.299999237060547,28.43000030517578,28.200000762939453,28.329999923706055,3440497,27.097484588623047
2025-12-22,28.299999237060547,28.329999923706055,28.079999923706055,28.15999984741211,1004108,26.934879302978516
2025-12-23,28.06999969482422,28.09000015258789,27.850000381469727,27.889999389648438,781131,26.676626205444336
2025-12-24,27.950000762939453,28.06999969482422,27.899999618530273,27.940000534057617,122233,26.72445297241211
2025-12-29,27.950000762939453,28.290000915527344,27.850000381469727,28.219999313354492,1184335,26.99226951599121
2025-12-30,28.200000762939453,28.290000915527344,28.100000381469727,28.290000915527344,783409,27.05922508239746
2025-12-31,28.25,28.309999465942383,28.100000381469727,28.309999465942383,344188,27.078353881835938
2026-01-02,28.389999389648438,28.709999084472656,28.25,28.65999984741211,1818128,27.413127899169922
2026-01-05,28.829999923706055,28.989999771118164,28.479999542236328,28.799999237060547,2014485,27.547035217285156
2026-01-06,28.790000915527344,29.420000076293945,28.770000457763672,29.299999237060547,1773044,28.025283813476562
2026-01-07,29.3700008392334,29.639999389648438,29.219999313354492,29.329999923706055,1485894,28.053977966308594
2026-01-08,29.18000030517578,29.5,29.1200008392334,29.5,1325674,28.216583251953125
2026-01-09,29.5,29.780000686645508,29.40999984741211,29.770000457763672,2085804,28.474836349487305
2026-01-12,29.690000534057617,30.1200008392334,29.520000457763672,30.059999465942383,2347318,28.75221824645996
2026-01-13,30.0,30.420000076293945,29.81999969482422,30.1200008392334,2153161,28.80961036682129
2026-01-14,30.09000015258789,30.209999084472656,29.799999237060547,30.1200008392334,1597851,28.80961036682129
2026-01-15,30.100000381469727,30.489999771118164,29.969999313354492,30.309999465942383,2155585,28.991342544555664
2026-01-16,30.3700008392334,30.40999984741211,30.06999969482422,30.06999969482422,2506827,28.761783599853516
2026-01-19,29.649999618530273,29.989999771118164,29.40999984741211,29.549999237060547,1460396,28.264406204223633
2026-01-20,29.329999923706055,29.84000015258789,29.100000381469727,29.670000076293945,1767286,28.379186630249023
2026-01-21,29.719999313354492,30.309999465942383,29.6200008392334,30.299999237060547,1960057,28.98177719116211
2026-01-22,31.559999465942383,31.809999465942383,30.989999771118164,31.360000610351562,2613394,29.995662689208984
2026-01-23,31.06999969482422,31.280000686645508,30.920000076293945,31.1200008392334,1813130,29.766103744506836
2026-01-26,31.059999465942383,31.110000610351562,30.690000534057617,30.690000534057617,1513257,29.35481071472168
2026-01-27,30.65999984741211,30.899999618530273,30.649999618530273,30.829999923706055,1760885,29.488719940185547
2026-01-28,30.700000762939453,31.06999969482422,30.670000076293945,31.0,1863022,29.651325225830078
2026-01-29,31.329999923706055,31.65999984741211,31.170000076293945,31.34000015258789,2115424,29.976531982421875
2026-01-30,31.5,31.530000686645508,31.209999084472656,31.350000381469727,2080194,29.98609733581543
2026-02-02,31.25,31.450000762939453,31.149999618530273,31.450000762939453,1130531,30.08174705505371
2026-02-03,31.56999969482422,32.27000045776367,31.420000076293945,32.27000045776367,2294133,30.866071701049805
2026-02-04,32.369998931884766,33.43000030517578,32.369998931884766,33.380001068115234,2685505,31.92778205871582
2026-02-05,33.0,33.25,32.72999954223633,32.95000076293945,2026142,31.516489028930664
2026-02-06,32.900001525878906,33.189998626708984,32.72999954223633,32.97999954223633,1757635,31.545183181762695
2026-02-09,33.040000915527344,33.20000076293945,32.66999816894531,32.7400016784668,1499440,31.31562614440918
2026-02-10,32.09000015258789,32.88999938964844,31.850000381469727,32.68000030517578,2154450,31.258235931396484
2026-02-11,32.79999923706055,32.810001373291016,32.150001525878906,32.369998931884766,2238773,30.961721420288086
2026-02-12,34.06999969482422,34.70000076293945,33.81999969482422,33.95000076293945,2686569,32.472984313964844
2026-02-13,33.560001373291016,34.47999954223633,33.099998474121094,34.47999954223633,2856813,32.979923248291016
2026-02-16,34.20000076293945,34.400001525878906,33.95000076293945,34.130001068115234,1248257,32.6451530456543
2026-02-17,34.130001068115234,34.36000061035156,33.95000076293945,34.0,1111890,32.52080535888672
2026-02-18,33.95000076293945,34.08000183105469,33.470001220703125,33.58000183105469,2160458,32.11907958984375
2026-02-19,33.54999923706055,33.65999984741211,33.029998779296875,33.5,1470172,32.04256057739258
2026-02-20,33.40999984741211,33.68000030517578,33.16999816894531,33.470001220703125,1267352,32.01386642456055
2026-02-23,33.529998779296875,33.7599983215332,33.2400016784668,33.7599983215332,1604765,32.2912483215332
2026-02-24,33.95000076293945,34.369998931884766,33.84000015258789,34.369998931884766,1999766,32.87471008300781
2026-02-25,34.099998474121094,34.5099983215332,34.08000183105469,34.29999923706055,2137719,32.80775451660156
2026-02-26,34.13999938964844,34.380001068115234,33.77000045776367,34.15999984741211,1909479,32.67384719848633
2026-02-27,34.2599983215332,34.58000183105469,33.97999954223633,34.400001525878906,3766485,32.90340805053711
2026-03-02,33.41999816894531,33.470001220703125,32.66999816894531,32.91999816894531,1863060,31.487791061401367
2026-03-03,32.59000015258789,32.59000015258789,31.350000381469727,31.639999389648438,2358462,30.263479232788086
2026-03-04,31.670000076293945,32.349998474121094,31.530000686645508,31.920000076293945,1601727,30.531299591064453
2026-03-05,31.799999237060547,31.84000015258789,31.239999771118164,31.34000015258789,1682609,29.976531982421875
2026-03-06,31.43000030517578,31.530000686645508,30.600000381469727,31.030000686645508,1877277,29.68001937866211
2026-03-09,30.3799991607666,30.3799991607666,29.780000686645508,30.09000015258789,1849178,28.780914306640625
2026-03-10,30.899999618530273,31.229999542236328,30.739999771118164,30.899999618530273,1792762,29.555673599243164
2026-03-11,30.729999542236328,31.170000076293945,30.729999542236328,31.0,1251029,29.651325225830078
2026-03-12,30.799999237060547,30.90999984741211,29.610000610351562,29.940000534057617,2178798,28.637441635131836
2026-03-13,29.600000381469727,30.18000030517578,29.559999465942383,29.65999984741211,1660449,28.36962127685547
2026-03-16,29.670000076293945,29.81999969482422,29.43000030517578,29.440000534057617,1261490,28.15919303894043
2026-03-17,29.5,30.040000915527344,29.5,29.850000381469727,2069162,28.551355361938477
2026-03-18,29.93000030517578,30.100000381469727,29.600000381469727,29.790000915527344,1532563,28.493967056274414
2026-03-19,29.299999237060547,29.309999465942383,28.719999313354492,28.719999313354492,2039517,27.470516204833984
2026-03-20,28.90999984741211,28.969999313354492,28.200000762939453,28.450000762939453,4346994,27.212265014648438
2026-03-23,27.899999618530273,29.209999084472656,27.729999542236328,28.68000030517578,2071238,27.43225860595703
2026-03-24,28.920000076293945,29.094999313354492,28.5,28.899999618530273,1414449,27.642684936523438
2026-03-25,29.15999984741211,29.6200008392334,29.15999984741211,29.270000457763672,1523747,27.99658966064453
2026-03-26,29.139999389648438,29.700000762939453,28.989999771118164,29.219999313354492,1640754,27.948762893676758
2026-03-27,29.260000228881836,29.270000457763672,28.889999389648438,29.0,1389535,27.73833465576172
2026-03-30,28.829999923706055,29.010000228881836,28.6299991607666,28.969999313354492,1783412,27.709640502929688
2026-03-31,29.15999984741211,29.40999984741211,29.06999969482422,29.190000534057617,1835031,27.92007064819336
2026-04-01,29.729999542236328,30.190000534057617,29.709999084472656,29.90999984741211,1628980,28.608745574951172
2026-04-02,29.479999542236328,29.899999618530273,29.299999237060547,29.690000534057617,1590196,28.398317337036133
2026-04-07,29.770000457763672,30.1299991607666,29.219999313354492,29.219999313354492,1820673,27.948762893676758
2026-04-08,30.899999618530273,30.899999618530273,30.389999389648438,30.540000915527344,2322290,29.21133804321289
2026-04-09,30.34000015258789,30.3700008392334,29.959999084472656,30.290000915527344,1601129,28.972213745117188
2026-04-10,30.43000030517578,30.690000534057617,30.190000534057617,30.450000762939453,1227616,29.125253677368164
2026-04-13,30.079999923706055,30.209999084472656,29.850000381469727,30.200000762939453,1401244,28.88612937927246
2026-04-14,30.489999771118164,30.899999618530273,30.489999771118164,30.6200008392334,1280922,29.287857055664062
2026-04-15,30.68000030517578,30.809999465942383,30.34000015258789,30.649999618530273,1300090,29.316551208496094
2026-04-16,30.68000030517578,31.219999313354492,30.649999618530273,31.09000015258789,1824941,29.737409591674805
2026-04-17,31.030000686645508,32.77000045776367,31.030000686645508,32.41999816894531,2778936,31.009544372558594
2026-04-20,31.8799991607666,32.2400016784668,31.799999237060547,32.2400016784668,2042485,30.837379455566406
2026-04-21,32.25,32.439998626708984,31.940000534057617,31.959999084472656,1373371,30.569557189941406
2026-04-22,31.90999984741211,32.130001068115234,31.760000228881836,31.860000610351562,1287125,30.473909378051758
2026-04-23,31.65999984741211,32.119998931884766,31.59000015258789,32.119998931884766,1261680,30.722597122192383
2026-04-24,31.690000534057617,32.27000045776367,31.6200008392334,31.940000534057617,1150415,30.550430297851562
2026-04-27,31.889999389648438,32.310001373291016,31.829999923706055,32.060001373291016,1115836,30.66520881652832
2026-04-28,31.940000534057617,32.189998626708984,31.479999542236328,31.479999542236328,1868074,30.110441207885742
2026-04-29,31.600000381469727,31.81999969482422,31.06999969482422,31.149999618530273,1479061,29.794797897338867
2026-04-30,30.25,30.93000030517578,29.8700008392334,30.84000015258789,2501746,29.4982852935791
2026-05-04,30.850000381469727,31.139999389648438,30.59000015258789,30.84000015258789,1296971,29.4982852935791
2026-05-05,30.899999618530273,31.329999923706055,30.780000686645508,31.190000534057617,1557184,29.833059310913086
2026-05-06,31.5,32.75,31.489999771118164,32.130001068115234,2399929,30.73216438293457
2026-05-07,32.2400016784668,32.40999984741211,32.040000915527344,32.040000915527344,1578367,30.646080017089844
2026-05-08,31.90999984741211,32.209999084472656,31.799999237060547,31.84000015258789,1405725,30.45478057861328
2026-05-11,31.639999389648438,31.90999984741211,31.639999389648438,31.850000381469727,1408986,30.464344024658203
2026-05-12,31.739999771118164,31.899999618530273,31.559999465942383,31.559999465942383,1134881,30.186960220336914
2026-05-13,31.850000381469727,31.90999984741211,31.450000762939453,31.559999465942383,1184243,30.186960220336914
2026-05-14,31.8799991607666,32.0,31.690000534057617,31.739999771118164,841231,30.359128952026367
2026-05-15,31.489999771118164,31.639999389648438,31.010000228881836,31.31999969482422,1688268,29.957401275634766
2026-05-18,31.06999969482422,31.479999542236328,30.799999237060547,31.149999618530273,1441675,29.794797897338867
2026-05-19,31.18000030517578,31.290000915527344,30.729999542236328,30.790000915527344,1260009,29.45046043395996
2026-05-20,30.600000381469727,31.510000228881836,30.56999969482422,31.1299991607666,1871913,29.775667190551758
2026-05-21,31.270000457763672,31.43000030517578,30.959999084472656,31.200000762939453,1267097,29.84262466430664
2026-05-22,31.3700008392334,31.700000762939453,31.31999969482422,31.510000228881836,1697997,30.139137268066406
2026-05-25,31.829999923706055,32.0,31.719999313354492,31.719999313354492,811746,30.34000015258789
2026-05-26,30.239999771118164,30.5,30.18000030517578,30.350000381469727,1364427,30.350000381469727
2026-05-27,30.440000534057617,31.700000762939453,30.440000534057617,31.209999084472656,2323432,31.209999084472656
2026-05-28,31.049999237060547,31.25,30.719999313354492,31.0,1582853,31.0
2026-05-29,31.270000457763672,31.709999084472656,31.18000030517578,31.510000228881836,5389043,31.510000228881836
2026-06-01,31.420000076293945,31.729999542236328,31.079999923706055,31.389999389648438,2054871,31.389999389648438
2026-06-02,31.440000534057617,31.90999984741211,31.440000534057617,31.850000381469727,1293394,31.850000381469727
2026-06-03,31.739999771118164,31.940000534057617,31.59000015258789,31.690000534057617,1224148,31.690000534057617
2026-06-04,31.709999084472656,32.279998779296875,31.709999084472656,31.84000015258789,1279747,31.84000015258789
2026-06-05,31.899999618530273,32.220001220703125,31.850000381469727,31.8799991607666,1050428,31.8799991607666
2026-06-08,31.5,31.809999465942383,31.420000076293945,31.790000915527344,1181951,31.790000915527344
2026-06-09,31.81999969482422,32.45000076293945,31.709999084472656,32.11000061035156,1451050,32.11000061035156
2026-06-10,32.25,32.459999084472656,32.0099983215332,32.45000076293945,1926676,32.45000076293945
2026-06-11,32.18000030517578,32.599998474121094,32.18000030517578,32.2400016784668,1384341,32.2400016784668
2026-06-12,32.810001373291016,33.27000045776367,32.79999923706055,33.13999938964844,1692372,33.13999938964844
2026-06-15,33.709999084472656,34.220001220703125,33.58000183105469,33.58000183105469,1547376,33.58000183105469
2026-06-16,33.58000183105469,33.84000015258789,33.41999816894531,33.7400016784668,1178477,33.7400016784668
2026-06-17,33.5099983215332,33.720001220703125,33.099998474121094,33.31999969482422,2354313,33.31999969482422
2026-06-18,33.189998626708984,33.400001525878906,32.7599983215332,33.400001525878906,1776165,33.400001525878906
2026-06-19,33.310001373291016,33.560001373291016,33.310001373291016,33.349998474121094,3094507,33.349998474121094
2026-06-22,33.31999969482422,33.45000076293945,33.060001373291016,33.369998931884766,1030473,33.369998931884766
2026-06-23,32.79999923706055,33.029998779296875,32.43000030517578,32.66999816894531,1752378,32.66999816894531
2026-06-24,32.63999938964844,33.56999969482422,32.63999938964844,33.56999969482422,1893691,33.56999969482422
2026-06-25,33.529998779296875,33.97999954223633,33.529998779296875,33.88999938964844,1812617,33.88999938964844
2026-06-26,33.54999923706055,33.93000030517578,33.52000045776367,33.810001373291016,1647287,33.810001373291016
2026-06-29,33.7599983215332,33.77000045776367,33.290000915527344,33.400001525878906,1582188,33.400001525878906
2026-06-30,33.59000015258789,33.849998474121094,33.470001220703125,33.75,1486030,33.75
2026-07-01,33.75,34.0,33.58000183105469,34.0,948660,34.0
2026-07-02,34.0,34.939998626708984,34.0,34.720001220703125,1217230,34.720001220703125
2026-07-03,34.900001525878906,35.22999954223633,34.79999923706055,34.84000015258789,2037484,34.84000015258789
2026-07-06,34.810001373291016,35.33000183105469,34.7400016784668,35.11000061035156,1175767,35.11000061035156
2026-07-07,35.29999923706055,35.720001220703125,35.04999923706055,35.04999923706055,1310952,35.04999923706055
2026-07-08,34.689998626708984,34.77000045776367,34.09000015258789,34.220001220703125,1936414,34.220001220703125
2026-07-09,34.43000030517578,34.529998779296875,33.93000030517578,34.25,1469305,34.25
2026-07-10,34.36000061035156,35.06999969482422,34.349998474121094,34.869998931884766,1005282,34.869998931884766
2026-07-13,34.65999984741211,35.06999969482422,34.56999969482422,34.72999954223633,1523183,34.72999954223633
2026-07-14,34.59000015258789,34.81999969482422,34.13999938964844,34.18000030517578,1412803,34.18000030517578
2026-07-15,34.130001068115234,34.65999984741211,34.06999969482422,34.540000915527344,949617,34.540000915527344
2026-07-16,34.619998931884766,35.25,34.4900016784668,35.16999816894531,1072690,35.16999816894531
2026-07-17,35.06999969482422,35.369998931884766,34.72999954223633,35.119998931884766,1607044,35.119998931884766
