x,y,z,source_id,source_type,direction,polarity,mechanism,canonical_id,corpus_presence
10.618,3.309,6.592,OR.PA-management-2018-07-25-2018-07-25-half-year-financial-report-20,management,consequence,1,The change in accounting policies resulting from the application of IFRS 9 “Financial Instruments”.,OR.PA-management-143,insider_only
8.96,5.146,7.524,OR.PA-management-2018-07-25-2018-07-25-half-year-financial-report-20,management,consequence,-1,The change in tax rates in France and the USA had an impact on deferred tax.,OR.PA-management-143,insider_only
10.536,3.361,6.646,OR.PA-management-2018-07-25-2018-07-25-half-year-financial-report-20,management,consequence,-1,The change in accounting policies resulting from the application of IFRS 9 “Financial Instruments” impacted the equity f,OR.PA-management-143,insider_only
10.567,3.291,6.578,OR.PA-management-2018-07-25-2018-07-25-half-year-financial-report-20,management,consequence,-1,The change in accounting policies resulting from the application of IFRS 15 “Revenue from contracts with customers” impa,OR.PA-management-143,insider_only
6.175,8.916,6.187,OR.PA-management-2018-07-25-2018-07-25-half-year-financial-report-20,management,precursor,1,"The acquisition of CeraVe, AcneFree, and Ambi has been fully consolidated since 15 March 2018, contributing to L'Oréal's",OR.PA-management-143,insider_only
6.265,8.938,6.029,OR.PA-management-2018-07-25-2018-07-25-half-year-financial-report-20,management,precursor,1,"The acquisition of Nanda Co. Ltd. has been fully consolidated since 20 June 2018, contributing to L'Oréal's revenue and ",OR.PA-management-143,insider_only
6.177,8.879,6.04,OR.PA-management-2018-07-25-2018-07-25-half-year-financial-report-20,management,precursor,1,"The acquisition of Pulp Riot has been fully consolidated since 25 May 2018, contributing to L'Oréal's revenue and profit",OR.PA-management-143,insider_only
6.228,8.891,6.145,OR.PA-management-2018-07-25-2018-07-25-half-year-financial-report-20,management,consequence,1,"The acquisition of Four Star Salon Services by SalonCentric has been fully consolidated since 31 May 2017, contributing ",OR.PA-management-143,insider_only
8.109,4.109,5.568,OR.PA-management-2018-07-25-2018-07-25-half-year-financial-report-20,management,consequence,-1,"The sale of The Body Shop to Natura Cosmeticos SA was finalized on 7 September 2017, resulting in a financial impact tha",OR.PA-management-143,insider_only
8.091,4.027,5.615,OR.PA-management-2018-07-25-2018-07-25-half-year-financial-report-20,management,consequence,-1,The disposal of The Body Shop business resulted in a net loss.,OR.PA-management-143,insider_only
5.796,10.004,10.817,OR.PA-management-2018-07-25-2018-07-25-half-year-financial-report-20,management,precursor,1,The acquisition of the US brand CeraVe has been added to the Active Cosmetics Division's portfolio.,OR.PA-management-143,insider_only
6.218,9.125,6.16,OR.PA-management-2018-07-25-2018-07-25-half-year-financial-report-20,management,precursor,1,The acquisition of ModiFace by L'Oréal on 16 March 2018 is expected to enhance the group's digital acceleration strategy,OR.PA-management-143,insider_only
10.724,3.214,6.499,OR.PA-management-2018-07-25-2018-07-25-half-year-financial-report-20,management,consequence,1,The adoption of IFRS 15 'Revenue from Contracts with Customers' on 1 January 2018 resulted in an immaterial impact on th,OR.PA-management-143,insider_only
10.589,3.327,6.613,OR.PA-management-2018-07-25-2018-07-25-half-year-financial-report-20,management,consequence,-1,The adoption of IFRS 9 'Financial Instruments' on 1 January 2018 resulted in a reduction of €12.4 million in shareholder,OR.PA-management-143,insider_only
7.454,8.812,9.167,OR.PA-management-2018-07-25-2018-07-25-half-year-financial-report-20,management,precursor,1,"The strong growth in gross profit enables the Group to increase profitability, support investments in Research and Innov",OR.PA-management-143,insider_only
10.663,3.258,6.54,OR.PA-management-2018-07-25-2018-07-25-half-year-financial-report-20,management,consequence,-1,The application of the IFRS 15 accounting rule from 1 January 2018 has resulted in the restatement of sales with distrib,OR.PA-management-143,insider_only
7.722,10.485,9.843,OR.PA-management-2018-07-25-2018-07-25-half-year-financial-report-20,management,precursor,1,"The Group’s digital lead is continuing, particularly in e-commerce, which posted +36.4% growth in the first half and rep",OR.PA-management-143,insider_only
5.389,9.528,9.639,OR.PA-management-2018-07-25-2018-07-25-half-year-financial-report-20,management,precursor,1,"L’Oréal Luxe and Active Cosmetics Divisions have both recorded double-digit growth, driven by the power of their brand p",OR.PA-management-143,insider_only
7.156,10.326,10.287,OR.PA-management-2018-07-25-2018-07-25-half-year-financial-report-20,management,precursor,1,"The New Markets accelerated once again, especially in Asia.",OR.PA-management-143,insider_only
6.937,9.926,10.272,OR.PA-management-2018-07-25-2018-07-25-half-year-financial-report-20,management,precursor,1,North America is gradually improving.,OR.PA-management-143,insider_only
7.189,4.058,8.634,OR.PA-management-2018-07-25-2018-07-25-half-year-financial-report-20,management,precursor,-1,"Western Europe is affected by persistent difficulties in France, and by the slowdown in the United Kingdom.",OR.PA-management-143,insider_only
9.461,3.973,7.545,OR.PA-management-2018-07-25-2018-07-25-half-year-financial-report-20,management,consequence,-1,"Restructuring costs in the first half of 2018, including the global transformation plan of the Professional Products Div",OR.PA-management-143,insider_only
8.939,4.062,7.381,OR.PA-management-2018-07-25-2018-07-25-half-year-financial-report-20,management,consequence,-1,Acquisition-related costs in the first half of 2018.,OR.PA-management-143,insider_only
8.912,4.988,7.126,OR.PA-management-2018-07-25-2018-07-25-half-year-financial-report-20,management,consequence,-1,"Increase in interest rates used to determine the present value of pension obligations, partially offset by a downward tr",OR.PA-management-143,insider_only
7.878,3.886,8.95,OR.PA-management-2018-07-25-2018-07-25-half-year-financial-report-20,management,consequence,1,The fall in euro interest rates is now reflected by drawdowns of short-term marketable instruments with negative interes,OR.PA-management-143,insider_only
8.608,4.99,6.796,OR.PA-management-2018-07-25-2018-07-25-half-year-financial-report-20,management,consequence,1,Foreign exchange gains and losses from derivative instruments and transactions.,OR.PA-management-143,insider_only
6.93,10.013,10.6,OR.PA-management-2018-07-25-2018-07-25-half-year-financial-report-20,management,consequence,1,The Professional Products Division posted +1.6% like-for-like growth and -6.2% based on like-for-like and +5.9% based on,OR.PA-management-143,insider_only
6.882,9.686,10.657,OR.PA-management-2018-07-25-2018-07-25-half-year-financial-report-20,management,consequence,1,"The Consumer Products Division posted growth of +2.5% like-for-like, and -4.0% based on reported figures.",OR.PA-management-143,insider_only
5.964,9.871,10.896,OR.PA-management-2018-07-25-2018-07-25-half-year-financial-report-20,management,consequence,1,"The Active Cosmetics Division continued to accelerate in the first half, with growth of +11.4% like-for-like and +8.5% b",OR.PA-management-143,insider_only
7.424,3.87,8.552,OR.PA-management-2018-07-25-2018-07-25-half-year-financial-report-20,management,consequence,-1,Western Europe posted growth of -0.8% like-for-like and -1.6% based on reported figures.,OR.PA-management-143,insider_only
7.403,9.625,10.432,OR.PA-management-2018-07-25-2018-07-25-half-year-financial-report-20,management,consequence,1,North America recorded growth of +3.0% like-for-like and -6.8% based on reported figures.,OR.PA-management-143,insider_only
9.113,4.736,7.011,OR.PA-management-2018-07-25-2018-07-25-half-year-financial-report-20,management,consequence,-1,The downward impact of approximately €6 million of the provision for pensions was not taken into account in the financia,OR.PA-management-143,insider_only
10.128,6.496,7.591,OR.PA-management-2018-07-25-2018-07-25-half-year-financial-report-20,management,precursor,1,"On 17 April 2018, the Board of Directors decided to conditionally grant 931,000 free shares.",OR.PA-management-143,insider_only
7.0,8.832,7.613,OR.PA-management-2018-07-25-2018-07-25-half-year-financial-report-20,management,precursor,1,"In June 2018, the Group’s employees were able to subscribe to a Share Ownership Plan on the basis of a standard formula ",OR.PA-management-143,insider_only
6.368,8.973,6.614,OR.PA-management-2018-07-25-2018-07-25-half-year-financial-report-20,management,precursor,1,"On 13 June 2018, L’Oréal acquired a stake of 49% in the Tunisian company LIPP Distribution which distributes the Group’s",OR.PA-management-143,insider_only
8.895,6.728,3.387,OR.PA-management-2018-07-25-2018-07-25-half-year-financial-report-20,management,precursor,-1,"L'Oréal subsidiaries in France received a reassessment proposal relative to 2014 financial year, mainly concerning corpo",OR.PA-management-143,insider_only
8.886,6.724,3.459,OR.PA-management-2018-07-25-2018-07-25-half-year-financial-report-20,management,precursor,-1,"L'Oréal reconsidered the assessment of its risks in Brazil, particularly as regards IPI.",OR.PA-management-143,insider_only
8.322,7.177,7.531,OR.PA-management-2018-07-25-2018-07-25-half-year-financial-report-20,management,precursor,1,A change of plus or minus 10% in the market price of Sanofi shares would impact Group equity by plus or minus €811.6 mil,OR.PA-management-143,insider_only
8.67,5.199,7.497,OR.PA-management-2018-07-25-2018-07-25-half-year-financial-report-20,management,consequence,1,The decrease in the US tax rate impacted net profit of continuing operations.,OR.PA-management-143,insider_only
8.703,5.55,7.507,OR.PA-management-2018-07-25-2018-07-25-half-year-financial-report-20,management,consequence,1,The decrease in the French tax rate on deferred tax liabilities relating to the Sanofi shareholding impacted net profit ,OR.PA-management-143,insider_only
8.896,5.021,7.336,OR.PA-management-2018-07-25-2018-07-25-half-year-financial-report-20,management,consequence,-1,The 3% tax levied on dividends paid and 2017 exceptional and additional contributions impacted net profit of continuing ,OR.PA-management-143,insider_only
7.733,4.601,7.381,OR.PA-management-2018-07-25-2018-07-25-half-year-financial-report-20,management,consequence,-1,Currency fluctuations had a negative impact on sales.,OR.PA-management-143,insider_only
7.096,4.365,7.646,OR.PA-management-2018-07-25-2018-07-25-half-year-financial-report-20,management,precursor,-1,Currency fluctuations are expected to continue impacting sales negatively.,OR.PA-management-143,insider_only
6.683,8.742,9.38,OR.PA-management-2018-07-25-2018-07-25-half-year-financial-report-20,management,consequence,1,Increased advertising and promotional expenses supported brand growth.,OR.PA-management-143,insider_only
8.153,4.66,7.308,OR.PA-management-2018-07-25-2018-07-25-half-year-financial-report-20,management,consequence,1,"Slight decrease in selling, general and administrative expenses.",OR.PA-management-143,insider_only
8.216,8.231,9.316,OR.PA-management-2018-07-25-2018-07-25-half-year-financial-report-20,management,consequence,1,Positive overall financial revenues.,OR.PA-management-143,insider_only
8.252,7.628,8.246,OR.PA-management-2018-07-25-2018-07-25-half-year-financial-report-20,management,consequence,1,Sanofi dividends contributed to net profit.,OR.PA-management-143,insider_only
8.649,4.973,7.504,OR.PA-management-2018-07-25-2018-07-25-half-year-financial-report-20,management,consequence,1,Lower income tax rate compared to the previous year.,OR.PA-management-143,insider_only
8.499,8.043,9.102,OR.PA-management-2018-07-25-2018-07-25-half-year-financial-report-20,management,consequence,1,Increase in net profit excluding non-recurring items.,OR.PA-management-143,insider_only
8.118,7.889,9.269,OR.PA-management-2018-07-25-2018-07-25-half-year-financial-report-20,management,consequence,1,Increase in earnings per share.,OR.PA-management-143,insider_only
8.112,8.21,9.289,OR.PA-management-2018-07-25-2018-07-25-half-year-financial-report-20,management,consequence,1,Strong improvement in gross profit.,OR.PA-management-143,insider_only
8.78,4.946,8.244,OR.PA-management-2018-07-25-2018-07-25-half-year-financial-report-20,management,consequence,1,Increase in research and development expenses.,OR.PA-management-143,insider_only
8.289,8.17,9.225,OR.PA-management-2018-07-25-2018-07-25-half-year-financial-report-20,management,consequence,1,Increase in operating profit.,OR.PA-management-143,insider_only
8.392,8.087,9.174,OR.PA-management-2018-07-25-2018-07-25-half-year-financial-report-20,management,consequence,1,Increase in gross cash flow.,OR.PA-management-143,insider_only
8.838,5.13,8.153,OR.PA-management-2018-07-25-2018-07-25-half-year-financial-report-20,management,consequence,1,Noticeable increase in change in working capital due to seasonality.,OR.PA-management-143,insider_only
7.932,4.044,7.015,OR.PA-management-2018-07-25-2018-07-25-half-year-financial-report-20,management,consequence,-1,Decrease in operating cash flow.,OR.PA-management-143,insider_only
8.562,7.891,8.998,OR.PA-management-2018-07-25-2018-07-25-half-year-financial-report-20,management,consequence,1,Residual cash flow resulted in a net cash position.,OR.PA-management-143,insider_only
8.93,6.751,3.42,OR.PA-management-2018-07-25-2018-07-25-half-year-financial-report-20,management,precursor,1,L'Oréal is challenging the legal grounds of decree 8.393/2015 which imposed the indirect IPI tax on certain products fro,OR.PA-management-143,insider_only
8.906,6.802,3.486,OR.PA-management-2018-07-25-2018-07-25-half-year-financial-report-20,management,precursor,1,"L'Oréal received tax reassessment notices regarding advertising, marketing and promotional expenses for fiscal years 200",OR.PA-management-143,insider_only
8.756,6.571,2.678,OR.PA-management-2018-07-25-2018-07-25-half-year-financial-report-20,management,consequence,-1,"L'Oréal S.A. was ordered to pay a fine of €189.5 million by the French competition authority on 18 December 2014, which ",OR.PA-management-143,insider_only
8.911,6.255,2.185,OR.PA-management-2018-07-25-2018-07-25-half-year-financial-report-20,management,precursor,-1,L'Oréal Hellas was condemned to pay a fine of €2.6 million by the Greek competition authority on 4 October 2017 for anti,OR.PA-management-143,insider_only
8.094,4.041,5.622,OR.PA-management-2019-02-07-2019-02-07-annual-results-2018,management,consequence,-1,The sale of The Body Shop in 2017 resulted in a net loss from discontinued operations.,OR.PA-management-120,insider_only
10.685,3.243,6.543,OR.PA-management-2019-02-07-2019-02-07-annual-results-2018,management,consequence,1,"The adoption of IFRS 9 ""Financial Instruments"" and IFRS 15 ""Revenue from contracts with customers"" led to changes in acc",OR.PA-management-120,insider_only
5.979,10.066,9.859,OR.PA-management-2019-02-07-2019-02-07-annual-results-2018,management,precursor,1,The launch of the Mixa bodycare range contributed to positive development in South Africa and Kenya.,OR.PA-management-120,insider_only
5.573,9.799,8.298,OR.PA-management-2019-02-07-2019-02-07-annual-results-2018,management,precursor,1,"The appointment of Christophe Babule as Executive Vice-President, Chief Financial Officer, and Cyril Chapuy as President",OR.PA-management-120,insider_only
6.788,9.409,7.051,OR.PA-management-2019-02-07-2019-02-07-annual-results-2018,management,precursor,1,"The launch of BOLD, Business Opportunities for L’Oréal Development, a corporate venture capital fund.",OR.PA-management-120,insider_only
5.515,10.453,7.76,OR.PA-management-2019-02-07-2019-02-07-annual-results-2018,management,precursor,1,Covalence EthicalQuote ranking L’Oréal number 1 worldwide in its reputation index.,OR.PA-management-120,insider_only
5.674,10.311,7.72,OR.PA-management-2019-02-07-2019-02-07-annual-results-2018,management,precursor,1,L’Oréal being recognised as a global leader in corporate sustainability by CDP.,OR.PA-management-120,insider_only
5.401,9.42,9.599,OR.PA-management-2019-02-07-2019-02-07-annual-results-2018,management,consequence,1,"The strong performance of L'Oréal Luxe and Active Cosmetics divisions, driven by big brands and a dynamic skincare marke",OR.PA-management-120,insider_only
7.777,10.146,9.957,OR.PA-management-2019-02-07-2019-02-07-annual-results-2018,management,consequence,1,The growth in e-commerce and Travel Retail segments significantly contributed to the overall sales growth.,OR.PA-management-120,insider_only
7.916,4.573,7.249,OR.PA-management-2019-02-07-2019-02-07-annual-results-2018,management,consequence,-1,The negative impact of currency fluctuations on sales growth.,OR.PA-management-120,insider_only
9.207,3.903,6.764,OR.PA-management-2019-02-07-2019-02-07-annual-results-2018,management,consequence,-1,"The application of the IAS 29 accounting rule in Argentina and the IFRS 15 accounting rule in the Africa, Middle East Zo",OR.PA-management-120,insider_only
7.694,4.319,7.187,OR.PA-management-2019-02-07-2019-02-07-annual-results-2018,management,consequence,-1,"The impact of the restatement on the sales of the Africa, Middle East Zone in the fourth quarter of 2018.",OR.PA-management-120,insider_only
6.76,10.219,10.509,OR.PA-management-2019-02-07-2019-02-07-annual-results-2018,management,consequence,1,"Renewed dynamism in the Professional Products Division, which accelerated in the fourth quarter.",OR.PA-management-120,insider_only
6.463,10.543,10.13,OR.PA-management-2019-02-07-2019-02-07-annual-results-2018,management,consequence,1,Strong growth of Kérastase and the roll-out of a selective multi-channel strategy.,OR.PA-management-120,insider_only
5.486,10.303,9.808,OR.PA-management-2019-02-07-2019-02-07-annual-results-2018,management,consequence,1,"Success of Shades EQ by Redken, SoColor Cult launch at Matrix, and good performance of Dia at L’Oréal Professionnel.",OR.PA-management-120,insider_only
7.135,9.551,10.453,OR.PA-management-2019-02-07-2019-02-07-annual-results-2018,management,consequence,1,Fourth quarter growth of +2.8% like-for-like in the Consumer Products Division.,OR.PA-management-120,insider_only
5.432,10.064,9.725,OR.PA-management-2019-02-07-2019-02-07-annual-results-2018,management,consequence,1,"Strong performance of Revitalift Filler by L’Oréal Paris, Garnier tissue masks, and Men Expert skincare.",OR.PA-management-120,insider_only
5.503,10.196,9.918,OR.PA-management-2019-02-07-2019-02-07-annual-results-2018,management,consequence,1,Global success of Superstay Matte Ink and Fit Me! by Maybelline New York.,OR.PA-management-120,insider_only
5.735,10.53,9.868,OR.PA-management-2019-02-07-2019-02-07-annual-results-2018,management,consequence,1,Successful launches of Elseve Dream Lengths and Fructis Hair Food.,OR.PA-management-120,insider_only
5.705,8.259,9.254,OR.PA-management-2019-02-07-2019-02-07-annual-results-2018,management,consequence,1,"L’Oréal Luxe sales grew by +14.4% like-for-like and +10.6% reported, with a second half at +15.1% like-for-like.",OR.PA-management-120,insider_only
5.549,10.371,10.255,OR.PA-management-2019-02-07-2019-02-07-annual-results-2018,management,consequence,1,"Double-digit growth of Lancôme driven by Génifique and Absolue, and the success of La Vie est Belle.",OR.PA-management-120,insider_only
5.301,9.954,9.786,OR.PA-management-2019-02-07-2019-02-07-annual-results-2018,management,consequence,1,Good year for Yves Saint Laurent and Giorgio Armani in fragrances and foundations.,OR.PA-management-120,insider_only
5.369,10.213,9.892,OR.PA-management-2019-02-07-2019-02-07-annual-results-2018,management,consequence,1,Excellent performance from Kiehl’s Line-Reducing Concentrate.,OR.PA-management-120,insider_only
5.44,10.251,9.957,OR.PA-management-2019-02-07-2019-02-07-annual-results-2018,management,consequence,1,Continued successful development of IT Cosmetics and Atelier Cologne.,OR.PA-management-120,insider_only
5.977,9.878,10.867,OR.PA-management-2019-02-07-2019-02-07-annual-results-2018,management,consequence,1,Strong growth momentum in the Active Cosmetics Division in the fourth quarter.,OR.PA-management-120,insider_only
5.635,10.461,10.511,OR.PA-management-2019-02-07-2019-02-07-annual-results-2018,management,consequence,1,"Double-digit growth of La Roche-Posay driven by Hyalu B5, Anthelios, and Effaclar.",OR.PA-management-120,insider_only
5.71,10.612,10.193,OR.PA-management-2019-02-07-2019-02-07-annual-results-2018,management,consequence,1,Success of Minéral 89 at Vichy.,OR.PA-management-120,insider_only
6.032,10.284,10.542,OR.PA-management-2019-02-07-2019-02-07-annual-results-2018,management,consequence,1,Very strong growth of SkinCeuticals in all Zones.,OR.PA-management-120,insider_only
6.2,10.495,10.729,OR.PA-management-2019-02-07-2019-02-07-annual-results-2018,management,consequence,1,Double-digit growth of CeraVe in North America.,OR.PA-management-120,insider_only
7.398,9.139,10.259,OR.PA-management-2019-02-07-2019-02-07-annual-results-2018,management,consequence,1,Sales growth in Western Europe in the fourth quarter.,OR.PA-management-120,insider_only
5.63,10.456,10.303,OR.PA-management-2019-02-07-2019-02-07-annual-results-2018,management,consequence,1,"Dynamism of Lancôme, Giorgio Armani, and Kiehl’s in Western Europe.",OR.PA-management-120,insider_only
5.713,10.482,10.5,OR.PA-management-2019-02-07-2019-02-07-annual-results-2018,management,consequence,1,Rapid growth of La Roche-Posay and the CeraVe roll-out in Western Europe.,OR.PA-management-120,insider_only
7.441,9.67,10.351,OR.PA-management-2019-02-07-2019-02-07-annual-results-2018,management,consequence,1,Growth of +2.7% like-for-like in North America.,OR.PA-management-120,insider_only
5.349,9.974,9.767,OR.PA-management-2019-02-07-2019-02-07-annual-results-2018,management,consequence,1,"Strong performances by L’Oréal Paris, Maybelline New York, and Essie in North America.",OR.PA-management-120,insider_only
5.345,10.249,9.994,OR.PA-management-2019-02-07-2019-02-07-annual-results-2018,management,consequence,1,Outperformance of Kiehl’s and IT Cosmetics in luxury skincare in North America.,OR.PA-management-120,insider_only
7.455,9.857,10.241,OR.PA-management-2019-02-07-2019-02-07-annual-results-2018,management,consequence,1,Growth of +24.1% like-for-like in Asia Pacific.,OR.PA-management-120,insider_only
6.846,9.633,9.917,OR.PA-management-2019-02-07-2019-02-07-annual-results-2018,management,consequence,1,Success of Singles’ Day (11/11) sales in China.,OR.PA-management-120,insider_only
5.388,9.512,9.734,OR.PA-management-2019-02-07-2019-02-07-annual-results-2018,management,consequence,1,Strong growth of L’Oréal Luxe and Active Cosmetics Divisions in Latin America.,OR.PA-management-120,insider_only
5.892,9.862,10.817,OR.PA-management-2019-02-07-2019-02-07-annual-results-2018,management,consequence,1,Strong growth of Active Cosmetics in Eastern Europe.,OR.PA-management-120,insider_only
7.429,9.677,10.305,OR.PA-management-2019-02-07-2019-02-07-annual-results-2018,management,consequence,1,"Growth of +4.9% like-for-like in Africa, Middle East.",OR.PA-management-120,insider_only
10.537,3.381,6.651,OR.PA-management-2019-07-25-2019-07-25-half-year-financial-report-20,management,consequence,-1,Change in accounting policy pertaining to IFRS 9 Financial Instruments.,OR.PA-management-153,insider_only
10.619,3.302,6.576,OR.PA-management-2019-07-25-2019-07-25-half-year-financial-report-20,management,consequence,-1,Change in accounting policy pertaining to IFRS 15 Revenue from Contracts with Customers.,OR.PA-management-153,insider_only
10.474,3.491,6.731,OR.PA-management-2019-07-25-2019-07-25-half-year-financial-report-20,management,consequence,-1,Change in accounting policy pertaining to IFRS 16 Leases.,OR.PA-management-153,insider_only
10.556,3.457,6.705,OR.PA-management-2019-07-25-2019-07-25-half-year-financial-report-20,management,precursor,-1,"The implementation of IFRS 16 Leases, which requires accounting for operating leases as a single model consisting of rec",OR.PA-management-153,insider_only
10.723,3.206,6.49,OR.PA-management-2019-07-25-2019-07-25-half-year-financial-report-20,management,consequence,1,"The change in accounting policy pertaining to IFRS 15 Revenue from Contracts with Customers, which resulted in a €28.2 m",OR.PA-management-153,insider_only
10.109,5.771,7.557,OR.PA-management-2019-07-25-2019-07-25-half-year-financial-report-20,management,consequence,-1,The application of the IFRS 16 accounting standard increased overall financial expenses by 26 million euros.,OR.PA-management-153,insider_only
8.475,7.045,9.37,OR.PA-management-2019-07-25-2019-07-25-half-year-financial-report-20,management,consequence,1,Currency fluctuations had a positive impact on sales.,OR.PA-management-153,insider_only
7.736,4.837,7.494,OR.PA-management-2019-07-25-2019-07-25-half-year-financial-report-20,management,precursor,1,"If the exchange rates at 30 June 2019 are extrapolated until 31 December 2019, the impact of currency fluctuations on sa",OR.PA-management-153,insider_only
10.561,3.377,6.65,OR.PA-management-2019-07-25-2019-07-25-half-year-financial-report-20,management,consequence,-1,"The adoption of new accounting policies under IFRS 9, IFRS 15, and IFRS 16 at the beginning of 2018 and 2019 impacted th",OR.PA-management-153,insider_only
8.548,8.057,9.182,OR.PA-management-2019-07-25-2019-07-25-half-year-financial-report-20,management,consequence,1,"The consolidated net profit for the period ending June 30, 2019, contributed positively to the equity.",OR.PA-management-153,insider_only
8.259,4.208,6.87,OR.PA-management-2019-07-25-2019-07-25-half-year-financial-report-20,management,consequence,-1,Dividends paid during the period reduced the equity.,OR.PA-management-153,insider_only
10.515,3.415,6.623,OR.PA-management-2019-07-25-2019-07-25-half-year-financial-report-20,management,consequence,1,The change in accounting policy regarding the time value of options on income in comparative periods was not deemed mate,OR.PA-management-153,insider_only
6.309,8.977,5.879,OR.PA-management-2019-07-25-2019-07-25-half-year-financial-report-20,management,consequence,1,The acquisition of Pulp Riot has been fully consolidated since 25 May 2018.,OR.PA-management-153,insider_only
6.338,9.021,5.886,OR.PA-management-2019-07-25-2019-07-25-half-year-financial-report-20,management,consequence,1,The acquisition of ModiFace has been fully consolidated since 15 March 2018.,OR.PA-management-153,insider_only
6.35,8.991,5.884,OR.PA-management-2019-07-25-2019-07-25-half-year-financial-report-20,management,consequence,1,The acquisition of Nanda Co. Ltd. has been fully consolidated since 20 June 2018.,OR.PA-management-153,insider_only
6.346,9.016,5.819,OR.PA-management-2019-07-25-2019-07-25-half-year-financial-report-20,management,consequence,1,The acquisition of Logocos Naturkosmetik AG has been fully consolidated since 17 October 2018.,OR.PA-management-153,insider_only
6.352,9.021,5.826,OR.PA-management-2019-07-25-2019-07-25-half-year-financial-report-20,management,consequence,1,The acquisition of Holding STRP has been fully consolidated since 13 December 2018.,OR.PA-management-153,insider_only
6.853,8.615,6.425,OR.PA-management-2019-07-25-2019-07-25-half-year-financial-report-20,management,consequence,1,"The acquisition of brands was completed and consolidated, contributing to full-year sales and operating profit.",OR.PA-management-153,insider_only
7.678,4.333,7.943,OR.PA-management-2019-07-25-2019-07-25-half-year-financial-report-20,management,precursor,-1,Argentina being considered a hyperinflationary economy since 1 July 2018 and the application of IAS 29.,OR.PA-management-153,insider_only
7.852,3.889,8.918,OR.PA-management-2019-07-25-2019-07-25-half-year-financial-report-20,management,consequence,-1,The fall in euro interest rates is now reflected by drawdowns of short-term marketable instruments with negative interes,OR.PA-management-153,insider_only
5.612,9.926,10.519,OR.PA-management-2019-07-25-2019-07-25-half-year-financial-report-20,management,precursor,1,The Active Cosmetics Division is winning market share in skincare with L’Oréal Paris and is being driven by La Roche-Pos,OR.PA-management-153,insider_only
6.068,4.411,7.2,OR.PA-management-2019-07-25-2019-07-25-half-year-financial-report-20,management,precursor,-1,The Professional Products Division is being held back by a slowdown in sales in France and a difficult market in Italy.,OR.PA-management-153,insider_only
7.483,10.097,10.25,OR.PA-management-2019-07-25-2019-07-25-half-year-financial-report-20,management,precursor,1,Growth in Asia Pacific is driven by the dynamism of its big brands and the increasing success of e-commerce in China and,OR.PA-management-153,insider_only
7.414,10.058,10.423,OR.PA-management-2019-07-25-2019-07-25-half-year-financial-report-20,management,precursor,1,"Growth in Eastern Europe is driven by Russia, Turkey, and Central European countries such as Romania and Ukraine.",OR.PA-management-153,insider_only
6.156,4.047,7.431,OR.PA-management-2019-07-25-2019-07-25-half-year-financial-report-20,management,precursor,-1,"The luxury market remains difficult in the Middle East, affecting the Africa, Middle East Zone.",OR.PA-management-153,insider_only
7.204,9.402,10.352,OR.PA-management-2019-07-25-2019-07-25-half-year-financial-report-20,management,precursor,1,"Like-for-like growth in Latin America is being held back by Argentina, but sales are accelerating, especially in Mexico ",OR.PA-management-153,insider_only
8.524,4.983,7.419,OR.PA-management-2019-07-25-2019-07-25-half-year-financial-report-20,management,consequence,-1,The decrease in the US tax rate had a negative impact on net profit.,OR.PA-management-153,insider_only
7.227,4.718,7.95,OR.PA-management-2019-07-25-2019-07-25-half-year-financial-report-20,management,precursor,-1,Ongoing tax reassessments and litigations are expected to impact future financial performance.,OR.PA-management-153,insider_only
8.311,3.938,6.457,OR.PA-management-2019-07-25-2019-07-25-half-year-financial-report-20,management,consequence,-1,"Securities of subsidiaries in Venezuela were deconsolidated since 31 December 2015, resulting in a write-down of €94.4 m",OR.PA-management-153,insider_only
8.526,5.038,6.816,OR.PA-management-2019-07-25-2019-07-25-half-year-financial-report-20,management,consequence,-1,Foreign exchange gains and losses from derivative instruments and foreign currency transactions.,OR.PA-management-153,insider_only
8.302,7.202,7.547,OR.PA-management-2019-07-25-2019-07-25-half-year-financial-report-20,management,precursor,1,Changes in the market price of Sanofi shares held by the Group.,OR.PA-management-153,insider_only
7.691,10.466,9.747,OR.PA-management-2019-07-25-2019-07-25-half-year-financial-report-20,management,precursor,1,Digital continues to boost growth and reinforces our relationship with our consumers.,OR.PA-management-153,insider_only
7.762,10.454,9.875,OR.PA-management-2019-07-25-2019-07-25-half-year-financial-report-20,management,precursor,1,E-commerce is up by +48.5% and represents 13.2% of total sales.,OR.PA-management-153,insider_only
7.809,10.043,9.982,OR.PA-management-2019-07-25-2019-07-25-half-year-financial-report-20,management,precursor,1,"Travel Retail, another of the Group’s growth drivers, has grown by +21.2%.",OR.PA-management-153,insider_only
5.377,9.608,9.073,OR.PA-management-2019-07-25-2019-07-25-half-year-financial-report-20,management,precursor,1,"The progression of L’Oréal Luxe is being driven by its four big brands: Lancôme, Yves Saint Laurent, Giorgio Armani and ",OR.PA-management-153,insider_only
5.908,9.862,10.903,OR.PA-management-2019-07-25-2019-07-25-half-year-financial-report-20,management,precursor,1,The Active Cosmetics Division continues to benefit from the growing appetite for healthy beauty and is posting geographi,OR.PA-management-153,insider_only
5.567,9.55,9.274,OR.PA-management-2019-07-25-2019-07-25-half-year-financial-report-20,management,precursor,1,"The performance of the Consumer Products Division is improving semester by semester, thanks especially to the success of",OR.PA-management-153,insider_only
6.692,10.546,10.221,OR.PA-management-2019-07-25-2019-07-25-half-year-financial-report-20,management,precursor,1,The transformation of the Professional Products Division is ongoing.,OR.PA-management-153,insider_only
7.278,10.209,10.354,OR.PA-management-2019-07-25-2019-07-25-half-year-financial-report-20,management,precursor,1,"The New Markets are growing very strongly, particularly the Asia Pacific Zone, which is now the Group’s number one Zone.",OR.PA-management-153,insider_only
7.501,9.97,10.272,OR.PA-management-2019-07-25-2019-07-25-half-year-financial-report-20,management,precursor,1,"China is maintaining its pace of growth, and India, Malaysia, Indonesia and Vietnam are all posting double-digit growth.",OR.PA-management-153,insider_only
6.037,4.454,6.923,OR.PA-management-2019-07-25-2019-07-25-half-year-financial-report-20,management,precursor,-1,North America is still being held back by the slowdown in makeup.,OR.PA-management-153,insider_only
7.373,9.182,10.286,OR.PA-management-2019-07-25-2019-07-25-half-year-financial-report-20,management,precursor,1,"Sales are increasing in Western Europe, in a market which remains difficult.",OR.PA-management-153,insider_only
6.21,9.217,6.879,OR.PA-management-2019-07-25-2019-07-25-half-year-financial-report-20,management,precursor,1,L’Oréal has entered into exclusive negotiation with the Clarins group with a view to acquiring the Mugler and Azzaro bra,OR.PA-management-153,insider_only
8.751,4.192,6.731,OR.PA-management-2019-07-25-2019-07-25-half-year-financial-report-20,management,consequence,-1,"Depreciation and amortisation of property, plant and equipment and intangible assets included in operating expenses.",OR.PA-management-153,insider_only
8.942,3.94,7.263,OR.PA-management-2019-07-25-2019-07-25-half-year-financial-report-20,management,consequence,-1,Acquisitions for the first half of 2019 under IFRS 16.,OR.PA-management-153,insider_only
8.927,3.942,7.249,OR.PA-management-2019-07-25-2019-07-25-half-year-financial-report-20,management,consequence,-1,Depreciation and provision for the first half of 2019 under IFRS 16.,OR.PA-management-153,insider_only
8.649,4.095,6.749,OR.PA-management-2019-07-25-2019-07-25-half-year-financial-report-20,management,consequence,-1,"Impairment of property, plant and equipment and intangible assets in the first half of 2019.",OR.PA-management-153,insider_only
9.162,3.937,7.425,OR.PA-management-2019-07-25-2019-07-25-half-year-financial-report-20,management,consequence,-1,Restructuring costs in the first half of 2019.,OR.PA-management-153,insider_only
9.094,3.91,7.451,OR.PA-management-2019-07-25-2019-07-25-half-year-financial-report-20,management,consequence,-1,Restructuring costs in the first half of 2018.,OR.PA-management-153,insider_only
9.224,3.9,7.483,OR.PA-management-2019-07-25-2019-07-25-half-year-financial-report-20,management,consequence,-1,Restructuring costs in 2018.,OR.PA-management-153,insider_only
9.028,4.029,7.458,OR.PA-management-2019-07-25-2019-07-25-half-year-financial-report-20,management,consequence,-1,Other operational expenses in the first half of 2019.,OR.PA-management-153,insider_only
9.007,4.003,7.442,OR.PA-management-2019-07-25-2019-07-25-half-year-financial-report-20,management,consequence,-1,Other operational expenses in the first half of 2018.,OR.PA-management-153,insider_only
8.965,4.116,7.496,OR.PA-management-2019-07-25-2019-07-25-half-year-financial-report-20,management,consequence,-1,Other operational expenses in 2018.,OR.PA-management-153,insider_only
8.947,4.181,7.374,OR.PA-management-2019-07-25-2019-07-25-half-year-financial-report-20,management,consequence,-1,Acquisition-related costs incurred in the first half of 2019.,OR.PA-management-153,insider_only
8.957,4.12,7.418,OR.PA-management-2019-07-25-2019-07-25-half-year-financial-report-20,management,consequence,-1,Acquisition-related costs incurred in the first half of 2018.,OR.PA-management-153,insider_only
8.936,4.251,7.353,OR.PA-management-2019-07-25-2019-07-25-half-year-financial-report-20,management,consequence,-1,Acquisition-related costs and downward adjustment of the Atelier Cologne earn-out in 2018.,OR.PA-management-153,insider_only
9.002,4.669,7.022,OR.PA-management-2019-07-25-2019-07-25-half-year-financial-report-20,management,consequence,-1,Downward impact of approximately €6 million of the provision for pensions not taken into account in the financial statem,OR.PA-management-153,insider_only
9.177,4.882,7.114,OR.PA-management-2019-07-25-2019-07-25-half-year-financial-report-20,management,consequence,1,Upward impacts of approximately €1 million and €6 million on pension provisions for the United States and the United Kin,OR.PA-management-153,insider_only
8.725,6.903,9.121,OR.PA-management-2019-07-25-2019-07-25-half-year-financial-report-20,management,consequence,1,Increase of approximately €131 million for France included in the half-year financial statements.,OR.PA-management-153,insider_only
10.099,6.511,7.617,OR.PA-management-2019-07-25-2019-07-25-half-year-financial-report-20,management,precursor,1,"Conditional grant of 843,075 free shares by the Board of Directors on 18 April 2019.",OR.PA-management-153,insider_only
10.278,6.327,7.612,OR.PA-management-2019-07-25-2019-07-25-half-year-financial-report-20,management,consequence,-1,IFRS 2 expense for free shares granted amounting to €5.1 million for French employees and €7.1 million for employees out,OR.PA-management-153,insider_only
7.734,3.501,5.874,OR.PA-management-2019-07-25-2019-07-25-half-year-financial-report-20,management,consequence,-1,Impairment loss recorded on the L’Oréal Beauty Device cash-generating unit due to adverse events and performance not bei,OR.PA-management-153,insider_only
8.611,4.206,6.673,OR.PA-management-2019-07-25-2019-07-25-half-year-financial-report-20,management,consequence,-1,"Reduction in “Other intangible assets” due to reclassification, impairment loss, and amortisation expense.",OR.PA-management-153,insider_only
7.733,3.498,5.841,OR.PA-management-2019-07-25-2019-07-25-half-year-financial-report-20,management,consequence,-1,Reduction in “Goodwill” due to impairment of the L’Oréal Beauty Device goodwill.,OR.PA-management-153,insider_only
8.912,6.233,2.126,OR.PA-management-2019-07-25-2019-07-25-half-year-financial-report-20,management,consequence,-1,The Greek competition authority condemned L'Oréal Hellas to pay a fine of €2.6 million for anti-competitive practices in,OR.PA-management-153,insider_only
8.949,6.294,2.495,OR.PA-management-2019-07-25-2019-07-25-half-year-financial-report-20,management,consequence,1,The Greek Administrative Court of Appeal quashed the decision on 5 November 2018.,OR.PA-management-153,insider_only
8.948,6.293,2.5,OR.PA-management-2019-07-25-2019-07-25-half-year-financial-report-20,management,precursor,-1,The Greek competition authority filed an appeal against this decision on 28 January 2019.,OR.PA-management-153,insider_only
8.956,6.268,2.627,OR.PA-management-2019-07-25-2019-07-25-half-year-financial-report-20,management,precursor,-1,The hearing before the Council of State will be held in the second half of 2019.,OR.PA-management-153,insider_only
8.75,6.576,2.621,OR.PA-management-2019-07-25-2019-07-25-half-year-financial-report-20,management,consequence,-1,The French competition authority issued L’Oréal with an €189.5 million fine on 18 December 2014.,OR.PA-management-153,insider_only
8.842,6.453,2.556,OR.PA-management-2019-07-25-2019-07-25-half-year-financial-report-20,management,consequence,-1,The Paris Court of Appeal upheld the first instance decision on 27 October 2016.,OR.PA-management-153,insider_only
8.929,6.353,2.572,OR.PA-management-2019-07-25-2019-07-25-half-year-financial-report-20,management,consequence,1,The Court of Cassation partially overturned the ruling on 27 March 2019.,OR.PA-management-153,insider_only
8.941,6.838,3.552,OR.PA-management-2019-07-25-2019-07-25-half-year-financial-report-20,management,precursor,-1,L’Oréal received tax reassessment notices regarding the indirect IPI tax for financial years 2008 and 2011 to 2015 total,OR.PA-management-153,insider_only
8.915,6.834,3.556,OR.PA-management-2019-07-25-2019-07-25-half-year-financial-report-20,management,precursor,-1,L’Oréal received several tax reassessment notices regarding financial years 2007/08 to 2014/15 for the most part concern,OR.PA-management-153,insider_only
10.248,4.711,7.176,OR.PA-management-2019-07-25-2019-07-25-half-year-financial-report-20,management,precursor,-1,"Mutual agreement procedures were instigated vis-à-vis the Italian, French and Spanish tax authorities in order to elimin",OR.PA-management-153,insider_only
6.139,9.217,6.817,OR.PA-management-2019-07-25-2019-07-25-half-year-financial-report-20,management,precursor,1,L’Oréal announced it has entered in exclusive negotiation with the Clarins Group in view to acquire the brands Mugler an,OR.PA-management-153,insider_only
6.85,10.35,10.426,OR.PA-management-2019-07-25-2019-07-25-half-year-financial-report-20,management,precursor,1,"The Professional Products Division is growing, driven by the acceleration in the United States and in the Asia Pacific Z",OR.PA-management-153,insider_only
7.462,9.881,10.533,OR.PA-management-2019-07-25-2019-07-25-half-year-financial-report-20,management,precursor,1,"Eastern Europe remains dynamic, while Latin America and Western Europe are penalised by the inertia of certain markets.",OR.PA-management-153,insider_only
6.249,10.499,9.973,OR.PA-management-2019-07-25-2019-07-25-half-year-financial-report-20,management,precursor,1,"Haircare, the number one contributor to growth, is being boosted by the strong growth of Kérastase, fuelled by the succe",OR.PA-management-153,insider_only
5.899,10.409,9.64,OR.PA-management-2019-07-25-2019-07-25-half-year-financial-report-20,management,precursor,1,Hair colour is benefiting from the outstanding double-digit growth of Shades EQ at Redken and the strong acceleration of,OR.PA-management-153,insider_only
5.449,8.771,9.383,OR.PA-management-2019-07-25-2019-07-25-half-year-financial-report-20,management,precursor,1,"L'Oréal Luxe is posting strong growth in Asia Pacific, particularly in China and in Travel Retail.",OR.PA-management-153,insider_only
7.296,10.025,10.445,OR.PA-management-2019-07-25-2019-07-25-half-year-financial-report-20,management,precursor,1,Eastern Europe and Latin America are also performing well.,OR.PA-management-153,insider_only
5.355,9.667,9.43,OR.PA-management-2019-07-25-2019-07-25-half-year-financial-report-20,management,precursor,1,"L’Oréal Paris maintains good growth momentum, thanks to the strong performance of face care, with the successful launch ",OR.PA-management-153,insider_only
5.684,9.922,9.812,OR.PA-management-2019-07-25-2019-07-25-half-year-financial-report-20,management,precursor,1,"Garnier is growing, driven by skincare with the strong worldwide growth of Micellar Cleansing Water and Tissue Masks, an",OR.PA-management-153,insider_only
5.661,9.31,9.861,OR.PA-management-2019-07-25-2019-07-25-half-year-financial-report-20,management,precursor,1,The Korean makeup brand 3CE Stylenanda is starting very well in China.,OR.PA-management-153,insider_only
6.3,10.465,9.694,OR.PA-management-2019-07-25-2019-07-25-half-year-financial-report-20,management,precursor,1,The NYX Professional Makeup brand is implementing a reworking of its distribution channels.,OR.PA-management-153,insider_only
6.898,10.3,10.537,OR.PA-management-2019-07-25-2019-07-25-half-year-financial-report-20,management,precursor,1,"The Division is performing well in Western and Eastern Europe, particularly in Russia. It is clearly accelerating in Asi",OR.PA-management-153,insider_only
7.768,10.203,9.996,OR.PA-management-2019-07-25-2019-07-25-half-year-financial-report-20,management,precursor,1,Travel Retail and e-commerce are strong growth drivers.,OR.PA-management-153,insider_only
7.284,10.152,10.336,OR.PA-management-2019-07-25-2019-07-25-half-year-financial-report-20,management,precursor,1,"All Zones are contributing to growth, with Asia Pacific, North America and Latin America performing particularly well.",OR.PA-management-153,insider_only
5.626,10.467,10.595,OR.PA-management-2019-07-25-2019-07-25-half-year-financial-report-20,management,precursor,1,"La Roche-Posay, posting double-digit growth, continues to accelerate in anti-ageing, with the continuing success of Hyal",OR.PA-management-153,insider_only
5.739,10.69,10.282,OR.PA-management-2019-07-25-2019-07-25-half-year-financial-report-20,management,precursor,1,"Vichy is maintaining momentum, particularly with its star product Minéral 89, which continues to grow.",OR.PA-management-153,insider_only
6.085,10.297,10.535,OR.PA-management-2019-07-25-2019-07-25-half-year-financial-report-20,management,precursor,1,"SkinCeuticals is growing very fast across all Zones, with a record performance in Asia.",OR.PA-management-153,insider_only
6.235,10.547,10.766,OR.PA-management-2019-07-25-2019-07-25-half-year-financial-report-20,management,precursor,1,"CeraVe is winning market share across all the Zones where the brand is present, with a sharp acceleration in America, th",OR.PA-management-153,insider_only
5.599,9.049,9.605,OR.PA-management-2019-07-25-2019-07-25-half-year-financial-report-20,management,precursor,1,The brand has been successfully launched in China.,OR.PA-management-153,insider_only
5.784,8.207,9.183,OR.PA-management-2019-07-25-2019-07-25-half-year-financial-report-20,management,precursor,1,"L’Oréal Luxe improved its profitability at 23.8%, an increase of 40 basis points.",OR.PA-management-153,insider_only
6.043,9.755,10.909,OR.PA-management-2019-07-25-2019-07-25-half-year-financial-report-20,management,precursor,1,The Active Cosmetics Division remains at a very high profitability level at 26.5%.,OR.PA-management-153,insider_only
6.848,10.045,10.598,OR.PA-management-2019-07-25-2019-07-25-half-year-financial-report-20,management,precursor,1,The profitability of the Professional Products Division came out at 19.1%.,OR.PA-management-153,insider_only
6.757,9.662,10.708,OR.PA-management-2019-07-25-2019-07-25-half-year-financial-report-20,management,precursor,1,The Consumer Products Division’s profitability came out at 20.7%.,OR.PA-management-153,insider_only
10.602,3.323,6.602,OR.PA-management-2020-02-06-2020-02-06-annual-results-2019,management,consequence,-1,The change in accounting policies resulting from the application of IFRS 9 “Financial Instruments” impacted the balance ,OR.PA-management-129,insider_only
10.616,3.273,6.559,OR.PA-management-2020-02-06-2020-02-06-annual-results-2019,management,consequence,-1,The change in accounting policy pertaining to IFRS 15 Revenue from Contracts with Customers impacted the financial state,OR.PA-management-129,insider_only
10.477,3.473,6.725,OR.PA-management-2020-02-06-2020-02-06-annual-results-2019,management,consequence,-1,The change in accounting policy pertaining to IFRS 16 Leases impacted the financial statements at 01 January 2019.,OR.PA-management-129,insider_only
5.99,8.657,9.144,OR.PA-management-2020-02-06-2020-02-06-annual-results-2019,management,consequence,1,"The strong growth in sales and the increase in gross profit, combined with the lower weight of operating expenses, enabl",OR.PA-management-129,insider_only
6.185,3.76,6.405,OR.PA-management-2020-02-06-2020-02-06-annual-results-2019,management,precursor,-1,The coronavirus epidemic will have a temporary impact on the beauty market in China and Travel Retail Asia.,OR.PA-management-129,insider_only
6.293,8.651,9.884,OR.PA-management-2020-02-06-2020-02-06-annual-results-2019,management,precursor,1,"After a period of disturbance due to the coronavirus epidemic, consumption is expected to resume stronger than before.",OR.PA-management-129,insider_only
5.647,8.23,9.228,OR.PA-management-2020-02-06-2020-02-06-annual-results-2019,management,consequence,1,Like-for-like sales growth of the L’Oréal group was +8.0%.,OR.PA-management-129,insider_only
7.061,8.443,6.505,OR.PA-management-2020-02-06-2020-02-06-annual-results-2019,management,consequence,1,The net impact of changes in the scope of consolidation amounted to +0.8%.,OR.PA-management-129,insider_only
7.472,9.662,10.348,OR.PA-management-2020-02-06-2020-02-06-annual-results-2019,management,consequence,1,Growth at constant exchange rates was +8.8%.,OR.PA-management-129,insider_only
8.563,6.998,9.291,OR.PA-management-2020-02-06-2020-02-06-annual-results-2019,management,consequence,1,Currency fluctuations had a positive impact of +2.1%.,OR.PA-management-129,insider_only
8.374,8.492,9.536,OR.PA-management-2020-02-06-2020-02-06-annual-results-2019,management,consequence,1,"Reported Group sales amounted to 29.87 billion euros, an increase of +10.9%.",OR.PA-management-129,insider_only
6.029,4.385,6.622,OR.PA-management-2020-02-06-2020-02-06-annual-results-2019,management,consequence,-1,The negative impact of the IFRS 17 adjustment amounts to 340 basis points on like-for-like growth in Latin America and t,OR.PA-management-129,insider_only
6.873,10.067,10.589,OR.PA-management-2020-02-06-2020-02-06-annual-results-2019,management,consequence,1,The Professional Products Division recorded annual growth of +3.2% like-for-like and +5.5% based on reported figures.,OR.PA-management-129,insider_only
6.864,9.664,10.641,OR.PA-management-2020-02-06-2020-02-06-annual-results-2019,management,consequence,1,The Consumer Products Division ended the year at +3.3% like-for-like and +6.0% based on reported figures.,OR.PA-management-129,insider_only
5.534,8.951,9.251,OR.PA-management-2020-02-06-2020-02-06-annual-results-2019,management,consequence,1,L’Oréal Luxe has grown by +13.8% like-for-like and +17.6% based on reported figures.,OR.PA-management-129,insider_only
5.935,9.917,10.889,OR.PA-management-2020-02-06-2020-02-06-annual-results-2019,management,consequence,1,"The Active Cosmetics Division achieved record growth of +15.5% like-for-like, the Division’s highest growth rate for 20 ",OR.PA-management-129,insider_only
6.178,10.531,10.772,OR.PA-management-2020-02-06-2020-02-06-annual-results-2019,management,precursor,1,CeraVe is recording spectacular growth in the United States and continues to expand worldwide.,OR.PA-management-129,insider_only
7.361,10.018,10.199,OR.PA-management-2020-02-06-2020-02-06-annual-results-2019,management,consequence,1,Strong performances in Asia and North America contributed to growth.,OR.PA-management-129,insider_only
7.469,10.496,9.937,OR.PA-management-2020-02-06-2020-02-06-annual-results-2019,management,precursor,1,The Division is growing in all distribution channels and continues to accelerate in e-commerce.,OR.PA-management-129,insider_only
6.727,10.516,10.276,OR.PA-management-2020-02-06-2020-02-06-annual-results-2019,management,precursor,1,"The transformation of the Professional Products Division continued, which should pay off from 2020.",OR.PA-management-129,insider_only
5.391,8.712,9.097,OR.PA-management-2020-02-06-2020-02-06-annual-results-2019,management,consequence,1,L’Oréal China was awarded the Grand ONE Business Award for digital transformation.,OR.PA-management-129,insider_only
5.57,10.384,7.751,OR.PA-management-2020-02-06-2020-02-06-annual-results-2019,management,consequence,1,L’Oréal has been highlighted as a world leader in corporate sustainability by CDP.,OR.PA-management-129,insider_only
6.175,9.17,6.818,OR.PA-management-2020-02-06-2020-02-06-annual-results-2019,management,precursor,1,L’Oréal announced exclusive negotiation for the sale of the Roger & Gallet brand.,OR.PA-management-129,insider_only
6.326,9.261,6.975,OR.PA-management-2020-02-06-2020-02-06-annual-results-2019,management,precursor,1,The sale of the Roger & Gallet brand to Impala.,OR.PA-management-129,insider_only
7.868,8.526,9.289,OR.PA-management-2020-02-06-2020-02-06-annual-results-2019,management,consequence,1,Improvement in gross profit margin by 20 basis points.,OR.PA-management-129,insider_only
8.798,4.888,8.184,OR.PA-management-2020-02-06-2020-02-06-annual-results-2019,management,consequence,-1,Increase in Research and Development expenses by 7.8%.,OR.PA-management-129,insider_only
8.664,4.866,8.032,OR.PA-management-2020-02-06-2020-02-06-annual-results-2019,management,consequence,-1,Increase in Advertising and promotion expenses by 60 basis points.,OR.PA-management-129,insider_only
8.25,4.814,7.486,OR.PA-management-2020-02-06-2020-02-06-annual-results-2019,management,consequence,1,"Reduction in Selling, general and administrative expenses by 60 basis points.",OR.PA-management-129,insider_only
8.527,8.29,9.327,OR.PA-management-2020-02-06-2020-02-06-annual-results-2019,management,consequence,1,"Growth in operating profit by +12.7% to 5,547 million euros.",OR.PA-management-129,insider_only
6.944,9.886,10.673,OR.PA-management-2020-02-06-2020-02-06-annual-results-2019,management,consequence,1,Improvement in the profitability of the Professional Products Division by 10 basis points.,OR.PA-management-129,insider_only
6.685,9.638,10.665,OR.PA-management-2020-02-06-2020-02-06-annual-results-2019,management,consequence,1,Stability in the profitability of the Consumer Products Division at 20.2%.,OR.PA-management-129,insider_only
5.84,8.361,9.178,OR.PA-management-2020-02-06-2020-02-06-annual-results-2019,management,consequence,1,Increase in the profitability of L’Oréal Luxe by 50 basis points.,OR.PA-management-129,insider_only
6.07,9.768,10.901,OR.PA-management-2020-02-06-2020-02-06-annual-results-2019,management,consequence,1,Increase in the profitability of the Active Cosmetics Division by 30 basis points.,OR.PA-management-129,insider_only
8.501,7.995,9.161,OR.PA-management-2020-02-06-2020-02-06-annual-results-2019,management,consequence,1,Increase in net profit excluding non-recurring items after non-controlling interests by +9.3%.,OR.PA-management-129,insider_only
8.192,7.977,9.276,OR.PA-management-2020-02-06-2020-02-06-annual-results-2019,management,consequence,1,Increase in Earnings per share by +9.3%.,OR.PA-management-129,insider_only
8.303,8.036,9.285,OR.PA-management-2020-02-06-2020-02-06-annual-results-2019,management,consequence,1,Increase in gross cash flow by 12.1%.,OR.PA-management-129,insider_only
8.69,4.704,7.255,OR.PA-management-2020-02-06-2020-02-06-annual-results-2019,management,consequence,1,Decrease in the working capital requirement by 460 million euros.,OR.PA-management-129,insider_only
8.412,7.896,9.144,OR.PA-management-2020-02-06-2020-02-06-annual-results-2019,management,consequence,1,Increase in net cash flow by 29.8%.,OR.PA-management-129,insider_only
8.212,4.085,5.546,OR.PA-management-2020-03-20-2020-03-20-consolidated-financial-statem,management,consequence,-1,The Body Shop business was restated as a single line 'Net profit from discontinued operations' due to the application of,OR.PA-management-145,insider_only
10.451,3.492,6.727,OR.PA-management-2020-03-20-2020-03-20-consolidated-financial-statem,management,consequence,-1,Change in accounting policy pertaining to IFRS 16 'Leases'.,OR.PA-management-145,insider_only
8.613,8.128,9.15,OR.PA-management-2020-03-20-2020-03-20-consolidated-financial-statem,management,consequence,1,Consolidated net profit for the period.,OR.PA-management-145,insider_only
8.725,4.914,6.907,OR.PA-management-2020-03-20-2020-03-20-consolidated-financial-statem,management,consequence,1,Financial assets at fair value through profit or loss.,OR.PA-management-145,insider_only
8.811,4.786,6.544,OR.PA-management-2020-03-20-2020-03-20-consolidated-financial-statem,management,consequence,-1,Actuarial gains and losses.,OR.PA-management-145,insider_only
6.488,8.804,6.224,OR.PA-management-2020-03-20-2020-03-20-consolidated-financial-statem,management,consequence,1,The acquisition of CeraVe and Four Star Salon Services in 2017 contributed to net sales and operating profit.,OR.PA-management-145,insider_only
8.072,4.048,5.602,OR.PA-management-2020-03-20-2020-03-20-consolidated-financial-statem,management,consequence,-1,The sale of The Body Shop to Natura Cosmeticos SA resulted in a disposal loss.,OR.PA-management-145,insider_only
8.315,4.606,7.923,OR.PA-management-2020-03-20-2020-03-20-consolidated-financial-statem,management,consequence,-1,Argentina being considered a hyperinflationary economy since 1 July 2018 required adjustments under IAS 29.,OR.PA-management-145,insider_only
10.518,3.457,6.71,OR.PA-management-2020-03-20-2020-03-20-consolidated-financial-statem,management,consequence,-1,"The adoption of IFRS 16 'Leases' on 1 January 2019 changed the accounting for operating leases, requiring all leases to ",OR.PA-management-145,insider_only
10.681,3.252,6.537,OR.PA-management-2020-03-20-2020-03-20-consolidated-financial-statem,management,consequence,1,The adoption of IFRS 15 'Revenue from Contracts with Customers' on 1 January 2018 changed the accounting for revenue rec,OR.PA-management-145,insider_only
10.635,3.281,6.577,OR.PA-management-2020-03-20-2020-03-20-consolidated-financial-statem,management,consequence,1,"The adoption of IFRS 9 'Financial Instruments' on 1 January 2018 changed the accounting for financial instruments, parti",OR.PA-management-145,insider_only
10.706,3.339,6.606,OR.PA-management-2020-03-20-2020-03-20-consolidated-financial-statem,management,consequence,1,The change in accounting policy pertaining to IFRS 9 “Financial Instruments”.,OR.PA-management-145,insider_only
10.658,3.297,6.572,OR.PA-management-2020-03-20-2020-03-20-consolidated-financial-statem,management,consequence,1,The change in accounting policy pertaining to IFRS 15 “Revenue from Contracts with Customers”.,OR.PA-management-145,insider_only
10.527,3.518,6.756,OR.PA-management-2020-03-20-2020-03-20-consolidated-financial-statem,management,consequence,1,The change in accounting policy pertaining to IFRS 16 “Leases”.,OR.PA-management-145,insider_only
10.712,3.894,6.96,OR.PA-management-2020-03-20-2020-03-20-consolidated-financial-statem,management,consequence,1,Applying IFRIC 23 “Uncertainty over Income Tax Treatments” led the group to reclassify uncertain tax provisions.,OR.PA-management-145,insider_only
8.316,4.897,7.482,OR.PA-management-2020-03-20-2020-03-20-consolidated-financial-statem,management,consequence,1,"The simplified granular approach to calculate service cost, using two different discount rates based on the duration of ",OR.PA-management-145,insider_only
11.369,4.892,9.648,OR.PA-management-2020-03-20-2020-03-20-consolidated-financial-statem,management,precursor,-1,A 50 basis point decrease in the discount rates would increase the projected defined benefit obligations by €258.4 milli,OR.PA-management-145,insider_only
6.204,9.113,6.144,OR.PA-management-2020-03-20-2020-03-20-consolidated-financial-statem,management,consequence,1,"L'Oréal's acquisition of ModiFace in 2018, a leader in augmented reality and AI for beauty, as part of its digital accel",OR.PA-management-145,insider_only
6.238,8.943,6.118,OR.PA-management-2020-03-20-2020-03-20-consolidated-financial-statem,management,consequence,1,"L'Oréal's acquisition of Nanda Co. Ltd. in 2018, a Korean lifestyle, makeup, and fashion company.",OR.PA-management-145,insider_only
6.147,8.938,6.086,OR.PA-management-2020-03-20-2020-03-20-consolidated-financial-statem,management,consequence,1,"L'Oréal's acquisition of Pulp Riot in 2018, a professional hair color brand.",OR.PA-management-145,insider_only
6.236,9.014,6.262,OR.PA-management-2020-03-20-2020-03-20-consolidated-financial-statem,management,consequence,1,"L'Oréal's acquisition of Logocos Naturkosmetik AG in 2018, a German company in natural cosmetics.",OR.PA-management-145,insider_only
6.221,8.937,6.26,OR.PA-management-2020-03-20-2020-03-20-consolidated-financial-statem,management,consequence,1,"L'Oréal's acquisition of skincare brands CeraVe, AcneFree, and Ambi from Valeant in 2017.",OR.PA-management-145,insider_only
6.25,8.916,6.19,OR.PA-management-2020-03-20-2020-03-20-consolidated-financial-statem,management,consequence,1,L'Oréal USA's acquisition of key assets from Four Star Salon Services in 2017 to expand distribution coverage.,OR.PA-management-145,insider_only
9.467,3.985,7.555,OR.PA-management-2020-03-20-2020-03-20-consolidated-financial-statem,management,consequence,-1,"Restructuring costs incurred in 2019, including the redesign of NYX Professional Makeup’s distribution channels, refocus",OR.PA-management-145,insider_only
8.424,3.746,6.321,OR.PA-management-2020-03-20-2020-03-20-consolidated-financial-statem,management,consequence,-1,"Impairment of property, plant and equipment and intangible assets in 2019, including the brand and goodwill of Clarisoni",OR.PA-management-145,insider_only
8.737,4.278,6.588,OR.PA-management-2020-03-20-2020-03-20-consolidated-financial-statem,management,consequence,1,"Capital gains and losses on disposals of property, plant and equipment and intangible assets in 2019, including €11 mill",OR.PA-management-145,insider_only
9.032,4.905,8.047,OR.PA-management-2020-03-20-2020-03-20-consolidated-financial-statem,management,consequence,-1,"Other income and expenses in 2019, including acquisition-related costs, the increase of the Stylenanda earn-out, dispute",OR.PA-management-145,insider_only
9.821,6.599,7.443,OR.PA-management-2020-03-20-2020-03-20-consolidated-financial-statem,management,precursor,1,Order no. 2019-697 transposing a European Directive dated 16 April 2014 into law no longer allows new members to join “c,OR.PA-management-145,insider_only
11.127,4.672,9.572,OR.PA-management-2020-03-20-2020-03-20-consolidated-financial-statem,management,precursor,1,A change of 1% point in medical cost inflation would have the following impact: Increase of 1% Decrease of 1% Impact on ,OR.PA-management-145,insider_only
7.841,3.918,8.944,OR.PA-management-2020-03-20-2020-03-20-consolidated-financial-statem,management,consequence,-1,The fall in euro interest rates is now reflected by drawdowns of short-term marketable instruments with negative interes,OR.PA-management-145,insider_only
8.675,6.868,9.176,OR.PA-management-2020-03-20-2020-03-20-consolidated-financial-statem,management,consequence,1,The positive change in exchange rates over the period contributed €31.3 million to the financial performance.,OR.PA-management-145,insider_only
8.266,3.844,6.584,OR.PA-management-2020-03-20-2020-03-20-consolidated-financial-statem,management,consequence,-1,The negative change in exchange rates over the period resulted in a loss of €241.7 million.,OR.PA-management-145,insider_only
10.271,6.387,7.64,OR.PA-management-2020-03-20-2020-03-20-consolidated-financial-statem,management,consequence,-1,"The expense recorded for free shares in 2019, 2018, and 2017 amounted to €143.2 million, €120.9 million, and €126.7 mill",OR.PA-management-145,insider_only
10.314,6.385,7.602,OR.PA-management-2020-03-20-2020-03-20-consolidated-financial-statem,management,consequence,-1,The IFRS 2 expense for free shares granted in 2018 amounted to €5.1 million for French employees and €7.1 million for em,OR.PA-management-145,insider_only
10.122,6.565,7.661,OR.PA-management-2020-03-20-2020-03-20-consolidated-financial-statem,management,consequence,-1,"The capital increase reserved for employees in June 2018, with a subscription price set at €162.52, representing 80% of ",OR.PA-management-145,insider_only
8.65,5.144,7.535,OR.PA-management-2020-03-20-2020-03-20-consolidated-financial-statem,management,consequence,1,The decrease in the tax rate from 38.25% to 24.95% on deferred tax balances in the US in 2017.,OR.PA-management-145,insider_only
8.802,5.304,7.509,OR.PA-management-2020-03-20-2020-03-20-consolidated-financial-statem,management,consequence,1,The decrease in the tax rate from 34.43% to 25.83% on deferred tax balances planned in France by 2022.,OR.PA-management-145,insider_only
9.703,5.189,7.442,OR.PA-management-2020-03-20-2020-03-20-consolidated-financial-statem,management,consequence,-1,A €262 million expense to cover an agreement made with the French tax administration regarding a disagreement over which,OR.PA-management-145,insider_only
9.241,5.137,7.388,OR.PA-management-2020-03-20-2020-03-20-consolidated-financial-statem,management,consequence,-1,"The 3% tax on dividends paid, following the claim filed for the 2013 to 2017 financial years, net of charges paid in Jun",OR.PA-management-145,insider_only
9.51,4.998,7.321,OR.PA-management-2020-03-20-2020-03-20-consolidated-financial-statem,management,consequence,-1,An exceptional and additional contribution of 30% in France.,OR.PA-management-145,insider_only
8.697,7.272,6.584,OR.PA-management-2020-03-20-2020-03-20-consolidated-financial-statem,management,precursor,1,The Group’s policy of currency risk hedging a large part of annual requirements for the following year before the end of,OR.PA-management-145,insider_only
7.679,2.513,9.42,OR.PA-management-2020-03-20-2020-03-20-consolidated-financial-statem,management,precursor,-1,A 1% increase in the discount rate on all the Group’s Cash Generating Units would lead to an impairment loss risk of aro,OR.PA-management-145,insider_only
7.605,2.48,9.334,OR.PA-management-2020-03-20-2020-03-20-consolidated-financial-statem,management,precursor,-1,A 1-point decrease in the margin rate over the business plan period on all the Group’s Cash Generating Units would lead ,OR.PA-management-145,insider_only
7.653,2.573,9.378,OR.PA-management-2020-03-20-2020-03-20-consolidated-financial-statem,management,precursor,-1,A 1% decrease in the terminal growth rate on all the Group’s Cash Generating Units would lead to an impairment loss risk,OR.PA-management-145,insider_only
8.621,6.89,9.209,OR.PA-management-2020-03-20-2020-03-20-consolidated-financial-statem,management,consequence,1,The positive impact of changes in exchange rates increased goodwill by €65.4 million in 2019.,OR.PA-management-145,insider_only
8.212,3.472,6.199,OR.PA-management-2020-03-20-2020-03-20-consolidated-financial-statem,management,consequence,-1,Impairment losses on Clarisonic reduced goodwill by €47 million in 2019.,OR.PA-management-145,insider_only
8.255,3.621,6.276,OR.PA-management-2020-03-20-2020-03-20-consolidated-financial-statem,management,consequence,-1,Impairment losses on Roger & Gallet reduced goodwill by €36 million in 2019.,OR.PA-management-145,insider_only
8.612,6.901,9.216,OR.PA-management-2020-03-20-2020-03-20-consolidated-financial-statem,management,consequence,1,The positive impact of changes in exchange rates increased goodwill by €124.6 million in 2018.,OR.PA-management-145,insider_only
7.885,3.319,5.792,OR.PA-management-2020-03-20-2020-03-20-consolidated-financial-statem,management,consequence,-1,"The accumulated impairment losses on L’Oréal Beauty Device, Magic, Softsheen-Carson, Yue-Sai, and Sanoflore reduced good",OR.PA-management-145,insider_only
8.957,4.562,6.787,OR.PA-management-2020-03-20-2020-03-20-consolidated-financial-statem,management,consequence,-1,"Had the agreements been offset at the level of each counterparty bank, assets and liabilities would have decreased by €4",OR.PA-management-145,insider_only
8.566,5.113,6.764,OR.PA-management-2020-03-20-2020-03-20-consolidated-financial-statem,management,consequence,-1,Foreign exchange gains and losses resulting from the difference between the value of foreign currency operating hedging ,OR.PA-management-145,insider_only
8.904,6.424,8.786,OR.PA-management-2020-03-20-2020-03-20-consolidated-financial-statem,management,precursor,1,An increase of 100 basis points in interest rates would have had a direct positive impact of +€45.3 million on the Group,OR.PA-management-145,insider_only
8.283,7.234,7.517,OR.PA-management-2020-03-20-2020-03-20-consolidated-financial-statem,management,precursor,1,A change of plus or minus 10% in the market price of Sanofi shares relative to the market price of €89.62 on 31 December,OR.PA-management-145,insider_only
6.563,8.771,6.206,OR.PA-management-2020-03-20-2020-03-20-consolidated-financial-statem,management,consequence,1,"The acquisition of CeraVe in 2017 for €1,025.2 million.",OR.PA-management-145,insider_only
8.12,4.032,5.623,OR.PA-management-2020-03-20-2020-03-20-consolidated-financial-statem,management,consequence,-1,"The disposal of The Body Shop on 7 September 2017, generating a write-off of goodwill for a value of -€382.4 million.",OR.PA-management-145,insider_only
8.215,4.357,7.342,OR.PA-management-2020-03-20-2020-03-20-consolidated-financial-statem,management,consequence,-1,The negative currency impact of -€580.9 million in 2017.,OR.PA-management-145,insider_only
7.859,3.263,5.748,OR.PA-management-2020-03-20-2020-03-20-consolidated-financial-statem,management,consequence,-1,"The accumulated impairment losses relating to L’Oréal Beauty Device, Magic, Softsheen-Carson, Yue-Sai and Sanoflore amou",OR.PA-management-145,insider_only
8.734,4.88,7.258,OR.PA-management-2020-03-20-2020-03-20-consolidated-financial-statem,management,consequence,-1,The 3% tax levied on dividends paid and 2017 exceptional and additional contributions had a negative impact on net profi,OR.PA-management-145,insider_only
8.639,5.457,7.611,OR.PA-management-2020-03-20-2020-03-20-consolidated-financial-statem,management,consequence,1,The impact of the decrease in the US tax rate had a positive impact on net profit from continuing operations attributabl,OR.PA-management-145,insider_only
8.698,5.652,7.616,OR.PA-management-2020-03-20-2020-03-20-consolidated-financial-statem,management,consequence,1,The impact of the decrease in the French tax rate on deferred tax liabilities relating to the Sanofi shareholding had a ,OR.PA-management-145,insider_only
8.311,7.85,8.832,OR.PA-management-2020-03-20-2020-03-20-consolidated-financial-statem,management,consequence,1,The 10% preferential dividend payable for 2019 on shares held continuously in registered form between 31 December 2017 a,OR.PA-management-145,insider_only
8.833,4.511,7.016,OR.PA-management-2020-03-20-2020-03-20-consolidated-financial-statem,management,consequence,-1,"Provisions for restructuring costs, industrial, environmental and commercial risks relating to operations such as breach",OR.PA-management-145,insider_only
6.064,8.858,6.26,OR.PA-management-2020-03-20-2020-03-20-consolidated-financial-statem,management,consequence,1,The complete transfer of assets and liabilities of Lancôme Parfums et Beauté & Cie to L'Oréal in 2019 resulted in a merg,OR.PA-management-145,insider_only
10.461,3.412,6.709,OR.PA-management-2020-03-20-2020-03-20-consolidated-financial-statem,management,consequence,-1,The change in accounting policy applied on 1 January 2017 led to a reduction in opening shareholders’ equity.,OR.PA-management-145,insider_only
7.546,9.647,8.424,OR.PA-management-2020-03-20-2020-03-20-consolidated-financial-statem,management,precursor,1,"The Group strictly complies with regulations and laws relating to environmental protection, and does not expect that the",OR.PA-management-145,insider_only
8.411,7.987,9.026,OR.PA-management-2020-03-20-2020-03-20-consolidated-financial-statem,management,consequence,1,The increase in net profit from 2017 to 2019.,OR.PA-management-145,insider_only
8.332,8.004,8.97,OR.PA-management-2020-03-20-2020-03-20-consolidated-financial-statem,management,consequence,1,The increase in operating revenue from 2017 to 2019.,OR.PA-management-145,insider_only
8.497,7.871,8.939,OR.PA-management-2020-03-20-2020-03-20-consolidated-financial-statem,management,consequence,1,The increase in net financial income from 2017 to 2019.,OR.PA-management-145,insider_only
8.478,7.804,8.889,OR.PA-management-2020-03-20-2020-03-20-consolidated-financial-statem,management,consequence,1,The increase in total assets from 2017 to 2019.,OR.PA-management-145,insider_only
8.372,7.872,9.012,OR.PA-management-2020-03-20-2020-03-20-consolidated-financial-statem,management,consequence,1,The increase in shareholders’ equity from 2017 to 2019.,OR.PA-management-145,insider_only
8.528,7.873,8.939,OR.PA-management-2020-03-20-2020-03-20-consolidated-financial-statem,management,consequence,1,The increase in net cash provided by operating activities from 2017 to 2019.,OR.PA-management-145,insider_only
8.791,6.545,2.648,OR.PA-management-2020-03-20-2020-03-20-consolidated-financial-statem,management,consequence,-1,L'Oréal SA was ordered to pay a fine of €189.5 million following the decision handed down in the first instance by the F,OR.PA-management-145,insider_only
8.838,6.462,2.58,OR.PA-management-2020-03-20-2020-03-20-consolidated-financial-statem,management,consequence,-1,The Paris Court of Appeal upheld the first instance decision on 27 October 2016.,OR.PA-management-145,insider_only
8.867,6.459,2.632,OR.PA-management-2020-03-20-2020-03-20-consolidated-financial-statem,management,consequence,-1,The Court of Cassation partially overturned the ruling relating to the amount of the fine imposed on L’Oréal on 27 March,OR.PA-management-145,insider_only
8.951,6.293,2.613,OR.PA-management-2020-03-20-2020-03-20-consolidated-financial-statem,management,precursor,-1,The hearing before the Second Court of Appeal will be held in early 2020 and the ruling should be handed down during the,OR.PA-management-145,insider_only
7.217,4.76,7.949,OR.PA-management-2020-03-20-2020-03-20-consolidated-financial-statem,management,precursor,-1,"The company is involved in legal actions, tax assessments, customs controls, and administrative audits, which may impact",OR.PA-management-145,insider_only
6.184,9.068,7.009,OR.PA-management-2020-03-20-2020-03-20-consolidated-financial-statem,management,precursor,1,"The company has entered into negotiations to sell the Roger & Gallet brand, which may impact its financial performance.",OR.PA-management-145,insider_only
9.296,4.924,7.217,OR.PA-management-2020-03-20-2020-03-20-consolidated-financial-statem,management,consequence,-1,The total amount of expenses and charges falling under Article 223 quater of the French General Tax Code and the corresp,OR.PA-management-145,insider_only
8.238,4.363,6.955,OR.PA-management-2020-03-20-2020-03-20-consolidated-financial-statem,management,consequence,-1,Invoices received and issued not paid at the end of the financial year and in arrears.,OR.PA-management-145,insider_only
8.904,6.698,3.389,OR.PA-management-2020-03-20-2020-03-20-consolidated-financial-statem,management,consequence,1,L'Oréal is challenging the legal grounds of the IPI tax decree in Brazil and has reversed the provision funded for it si,OR.PA-management-145,insider_only
8.84,6.593,3.233,OR.PA-management-2020-03-20-2020-03-20-consolidated-financial-statem,management,precursor,-1,L'Oréal continues its legal proceedings with the Brazilian tax authorities regarding the IPI tax.,OR.PA-management-145,insider_only
8.894,6.715,3.381,OR.PA-management-2020-03-20-2020-03-20-consolidated-financial-statem,management,precursor,-1,"L'Oréal is contesting tax reassessment notices in India regarding the deductibility of advertising, marketing, and promo",OR.PA-management-145,insider_only
8.899,6.261,2.195,OR.PA-management-2020-03-20-2020-03-20-consolidated-financial-statem,management,consequence,-1,"The Greek competition authority fined L'Oréal Hellas €2.6 million for anti-competitive practices, a decision that was la",OR.PA-management-145,insider_only
8.953,6.302,2.547,OR.PA-management-2020-03-20-2020-03-20-consolidated-financial-statem,management,precursor,-1,"The Greek competition authority has lodged an appeal in cassation against the decision to quash the fine, with a hearing",OR.PA-management-145,insider_only
8.776,6.562,2.635,OR.PA-management-2020-03-20-2020-03-20-consolidated-financial-statem,management,consequence,-1,The French competition authority fined L'Oréal €189.5 million for anti-competitive practices in the hygiene products sec,OR.PA-management-145,insider_only
8.923,6.371,2.624,OR.PA-management-2020-03-20-2020-03-20-consolidated-financial-statem,management,precursor,1,"The Court of Cassation partially overturned the ruling relating to the amount of the fine imposed on L'Oréal, with a new",OR.PA-management-145,insider_only
8.681,7.263,6.59,OR.PA-management-2020-03-20-2020-03-20-consolidated-financial-statem,management,precursor,1,Hedges have already been taken out in respect of forecasted operating transactions for the next financial year.,OR.PA-management-145,insider_only
8.655,5.802,6.389,OR.PA-management-2020-03-20-2020-03-20-consolidated-financial-statem,management,precursor,1,The impact of such hedges on profit or loss will be recorded during the same accounting period as the transactions hedge,OR.PA-management-145,insider_only
6.099,8.921,6.339,OR.PA-management-2020-03-20-2020-03-20-consolidated-financial-statem,management,consequence,1,"Gemey Maybelline Garnier transferred all its assets to L’Oréal, in consideration for taking on all its debt, with retroa",OR.PA-management-145,insider_only
8.407,8.466,9.531,OR.PA-management-2020-03-20-2020-03-20-consolidated-financial-statem,management,consequence,1,"The Company generated €2,263.9 million of its net sales in France in 2019, compared with €2,172.5 million in 2018 and €1",OR.PA-management-145,insider_only
6.666,8.627,6.185,OR.PA-management-2020-03-20-2020-03-20-consolidated-financial-statem,management,consequence,1,"In 2018, the increase in business goodwill was due to the acquisition of ModiFace and Nanda Co.",OR.PA-management-145,insider_only
8.384,3.756,6.351,OR.PA-management-2020-03-20-2020-03-20-consolidated-financial-statem,management,consequence,-1,"In 2019, the increase in impairment of goodwill and of other intangible assets was primarily related to Roger & Gallet.",OR.PA-management-145,insider_only
8.741,3.981,6.456,OR.PA-management-2020-03-20-2020-03-20-consolidated-financial-statem,management,consequence,-1,Depreciation and amortisation recognised in 2019 for tangible assets and intangible assets included: €118.1 million on a,OR.PA-management-145,insider_only
8.738,4.016,6.584,OR.PA-management-2020-03-20-2020-03-20-consolidated-financial-statem,management,consequence,-1,Depreciation and amortisation recognised in 2019 for tangible assets and intangible assets.,OR.PA-management-145,insider_only
8.951,4.747,7.964,OR.PA-management-2020-03-20-2020-03-20-consolidated-financial-statem,management,consequence,-1,The finance lease option was exercised on 30 June 2019.,OR.PA-management-145,insider_only
6.436,8.635,6.938,OR.PA-management-2020-03-20-2020-03-20-consolidated-financial-statem,management,consequence,-1,The Board of Directors voted to buy back L’Oréal shares on 30 July 2019.,OR.PA-management-145,insider_only
8.356,4.461,7.042,OR.PA-management-2020-03-20-2020-03-20-consolidated-financial-statem,management,consequence,-1,The buyback programme took place on 7 October 2019.,OR.PA-management-145,insider_only
8.339,4.339,6.986,OR.PA-management-2020-03-20-2020-03-20-consolidated-financial-statem,management,consequence,-1,The shares were cancelled in accordance with the Board of Directors’ decision on 15 October 2019.,OR.PA-management-145,insider_only
5.972,8.689,6.249,OR.PA-management-2020-03-20-2020-03-20-consolidated-financial-statem,management,consequence,-1,Complete transfer of assets and liabilities of Lancôme Parfums et Beauté & Cie on 3 September 2019.,OR.PA-management-145,insider_only
10.193,6.45,7.606,OR.PA-management-2020-03-20-2020-03-20-consolidated-financial-statem,management,consequence,-1,"706,262 free shares were granted throughout 2019.",OR.PA-management-145,insider_only
10.436,3.498,6.754,OR.PA-management-2020-03-20-2020-03-20-consolidated-financial-statem,management,consequence,-1,Changes in provisions for liabilities and charges impacted the 2019 income statement.,OR.PA-management-145,insider_only
7.823,3.912,8.952,OR.PA-management-2020-03-20-2020-03-20-consolidated-financial-statem,management,consequence,-1,The fall in euro interest rates is reflected by drawdowns of short-term marketable instruments with negative interest ra,OR.PA-management-145,insider_only
8.376,4.758,6.854,OR.PA-management-2020-03-20-2020-03-20-consolidated-financial-statem,management,consequence,-1,Unrealised exchange losses from the revaluation of foreign currency receivables and payables.,OR.PA-management-145,insider_only
8.693,4.757,6.906,OR.PA-management-2021-03-20-2021-03-20-consolidated-financial-statem,management,consequence,-1,Provision for obsolete and slow-moving inventories based on probable net realisable value.,OR.PA-management-150,insider_only
8.408,4.071,6.561,OR.PA-management-2021-03-20-2021-03-20-consolidated-financial-statem,management,consequence,-1,Trade accounts receivable impairment methodology reflecting expected losses.,OR.PA-management-150,insider_only
10.6,3.292,6.575,OR.PA-management-2021-03-20-2021-03-20-consolidated-financial-statem,management,consequence,-1,Change in accounting policy pertaining to IFRS 15 “Revenue from Contracts with Customers”.,OR.PA-management-150,insider_only
10.492,3.485,6.725,OR.PA-management-2021-03-20-2021-03-20-consolidated-financial-statem,management,consequence,-1,Change in accounting policy pertaining to IFRS 16 “Leases”.,OR.PA-management-150,insider_only
8.637,8.141,9.123,OR.PA-management-2021-03-20-2021-03-20-consolidated-financial-statem,management,consequence,1,Consolidated net profit for the period.,OR.PA-management-150,insider_only
8.266,4.29,6.834,OR.PA-management-2021-03-20-2021-03-20-consolidated-financial-statem,management,consequence,-1,Dividends paid (not paid on Treasury shares).,OR.PA-management-150,insider_only
6.337,9.355,7.029,OR.PA-management-2021-03-20-2021-03-20-consolidated-financial-statem,management,precursor,1,"L’Oréal's acquisition of the Mugler and Azzaro brands and perfumes from the Clarins group for €1.3 billion, net of cash ",OR.PA-management-150,insider_only
6.324,9.525,7.089,OR.PA-management-2021-03-20-2021-03-20-consolidated-financial-statem,management,precursor,1,L’Oréal's acquisition of US skincare brand Thayers Natural Remedies.,OR.PA-management-150,insider_only
6.212,9.133,6.165,OR.PA-management-2021-03-20-2021-03-20-consolidated-financial-statem,management,consequence,1,"L’Oréal's acquisition of 100% of ModiFace, a Canadian-based global leader in augmented reality and artificial intelligen",OR.PA-management-150,insider_only
6.235,8.991,6.152,OR.PA-management-2021-03-20-2021-03-20-consolidated-financial-statem,management,consequence,1,"L’Oréal's acquisition of 100% of Nanda Co. Ltd., the Korean lifestyle, makeup and fashion company founded by Kim So-Hee.",OR.PA-management-150,insider_only
6.188,8.913,6.132,OR.PA-management-2021-03-20-2021-03-20-consolidated-financial-statem,management,consequence,1,"L’Oréal's acquisition of Pulp Riot, the professional hair colour brand launched by David and Alexis Thurston in the Unit",OR.PA-management-150,insider_only
6.283,9.164,6.916,OR.PA-management-2021-03-20-2021-03-20-consolidated-financial-statem,management,precursor,-1,L’Oréal's sale of the Roger & Gallet brand to the French investment holding company Impala.,OR.PA-management-150,insider_only
11.387,4.863,9.672,OR.PA-management-2021-03-20-2021-03-20-consolidated-financial-statem,management,precursor,-1,A 50 basis point decrease in the discount rates would increase the projected defined benefit obligations.,OR.PA-management-150,insider_only
8.335,4.244,7.18,OR.PA-management-2021-03-20-2021-03-20-consolidated-financial-statem,management,consequence,1,"The Group introduced very strict measures in terms of operational budget discipline, with a freeze on the worldwide head",OR.PA-management-150,insider_only
5.226,8.933,7.496,OR.PA-management-2021-03-20-2021-03-20-consolidated-financial-statem,management,consequence,-1,L’Oréal chose to help its small professional customers and perfumeries by deferring payment of accounts receivable in vi,OR.PA-management-150,insider_only
5.299,8.597,7.317,OR.PA-management-2021-03-20-2021-03-20-consolidated-financial-statem,management,consequence,-1,"For the most exposed suppliers, L’Oréal shortened payment terms.",OR.PA-management-150,insider_only
8.943,4.217,7.458,OR.PA-management-2021-03-20-2021-03-20-consolidated-financial-statem,management,consequence,-1,Health measures were put in place and costs incurred by these measures have been classified as Other operating income an,OR.PA-management-150,insider_only
8.691,4.213,7.119,OR.PA-management-2021-03-20-2021-03-20-consolidated-financial-statem,management,consequence,-1,Costs incurred during the first half of the year by the total suspension of activity related to the lockdowns imposed by,OR.PA-management-150,insider_only
7.733,8.411,7.001,OR.PA-management-2021-03-20-2021-03-20-consolidated-financial-statem,management,consequence,1,"The Group secured a syndicated loan for €3.6 billion euros, half of which was cancelled during the second half of 2020.",OR.PA-management-150,insider_only
9.837,6.575,7.442,OR.PA-management-2021-03-20-2021-03-20-consolidated-financial-statem,management,consequence,1,Order no. 2019-697 transposing a European Directive dated 16 April 2014 into law no longer allows new members to join “c,OR.PA-management-150,insider_only
6.296,8.844,7.086,OR.PA-management-2021-03-20-2021-03-20-consolidated-financial-statem,management,precursor,1,L’Oréal will finalise the implementation of a replacement scheme for acquired rights in accordance with this Order for e,OR.PA-management-150,insider_only
8.596,4.198,6.643,OR.PA-management-2021-03-20-2021-03-20-consolidated-financial-statem,management,consequence,-1,"Capital gains and losses on disposals of property, plant and equipment and intangible assets in 2020.",OR.PA-management-150,insider_only
8.646,4.096,6.729,OR.PA-management-2021-03-20-2021-03-20-consolidated-financial-statem,management,consequence,-1,"Impairment of property, plant and equipment and intangible assets in 2020.",OR.PA-management-150,insider_only
9.35,3.934,7.462,OR.PA-management-2021-03-20-2021-03-20-consolidated-financial-statem,management,consequence,-1,Restructuring costs in 2020.,OR.PA-management-150,insider_only
8.703,4.194,7.111,OR.PA-management-2021-03-20-2021-03-20-consolidated-financial-statem,management,consequence,-1,Other specific and identifiable costs in 2020 relating to the public health crisis.,OR.PA-management-150,insider_only
8.823,4.142,7.012,OR.PA-management-2021-03-20-2021-03-20-consolidated-financial-statem,management,consequence,-1,Acquisition-related costs and disputes related to intellectual property in 2020.,OR.PA-management-150,insider_only
10.283,6.351,7.636,OR.PA-management-2021-03-20-2021-03-20-consolidated-financial-statem,management,consequence,-1,The IFRS 2 expense for free shares recognised for the 2020 financial year amounted to €1.3 million and corresponds to th,OR.PA-management-150,insider_only
10.866,4.269,7.231,OR.PA-management-2021-03-20-2021-03-20-consolidated-financial-statem,management,precursor,1,Deferred tax assets generated by tax loss carryforwards are only recognised to the extent it is probable that the entiti,OR.PA-management-150,insider_only
10.837,4.172,7.169,OR.PA-management-2021-03-20-2021-03-20-consolidated-financial-statem,management,consequence,-1,Uncertain tax positions are recorded in the balance sheet under “Non-current tax liabilities”. These correspond to an es,OR.PA-management-150,insider_only
10.697,4.312,7.245,OR.PA-management-2021-03-20-2021-03-20-consolidated-financial-statem,management,consequence,-1,The restatement of assets and liabilities relating to lease contracts results in the booking of deferred tax.,OR.PA-management-150,insider_only
10.795,4.303,7.221,OR.PA-management-2021-03-20-2021-03-20-consolidated-financial-statem,management,precursor,1,Deferred tax is measured using the tax rate enacted at the closing date and which will also apply when the temporary dif,OR.PA-management-150,insider_only
9.635,5.025,7.391,OR.PA-management-2021-03-20-2021-03-20-consolidated-financial-statem,management,consequence,-1,The income tax charge includes the current tax expense payable by each consolidated tax entity and the deferred tax expe,OR.PA-management-150,insider_only
8.945,6.837,3.56,OR.PA-management-2021-03-20-2021-03-20-consolidated-financial-statem,management,consequence,-1,"Under the French system of tax consolidation, the taxable profits of some French companies are offset when determining t",OR.PA-management-150,insider_only
9.555,4.892,7.363,OR.PA-management-2021-03-20-2021-03-20-consolidated-financial-statem,management,consequence,-1,"The expected tax charge reflects the sum of pre-tax profit for each country, multiplied by the normal taxation rate.",OR.PA-management-150,insider_only
8.827,5.026,7.549,OR.PA-management-2021-03-20-2021-03-20-consolidated-financial-statem,management,consequence,-1,The impact of any reduced tax rates existing in certain countries in addition to the normal tax rates is included on the,OR.PA-management-150,insider_only
10.828,4.278,7.221,OR.PA-management-2021-03-20-2021-03-20-consolidated-financial-statem,management,consequence,-1,"Deferred tax assets and liabilities recorded in the balance sheet may be broken down as follows: Temporary differences, ",OR.PA-management-150,insider_only
10.848,4.278,7.239,OR.PA-management-2021-03-20-2021-03-20-consolidated-financial-statem,management,consequence,-1,Deferred tax assets whose recovery is not considered probable are not recorded in the financial statements; such assets ,OR.PA-management-150,insider_only
5.247,8.807,7.457,OR.PA-management-2021-03-20-2021-03-20-consolidated-financial-statem,management,precursor,1,L’Oréal shortened payment terms to most exposed suppliers due to Covid-19.,OR.PA-management-150,insider_only
10.558,3.459,6.683,OR.PA-management-2021-03-20-2021-03-20-consolidated-financial-statem,management,consequence,1,Change in accounting policy for IFRS 16 “Leases” applied at 1 January 2019.,OR.PA-management-150,insider_only
10.689,3.843,6.93,OR.PA-management-2021-03-20-2021-03-20-consolidated-financial-statem,management,consequence,1,Application of IFRIC 23 “Uncertainty Over Income Tax Treatments” since 1 January 2019.,OR.PA-management-150,insider_only
10.698,3.239,6.522,OR.PA-management-2021-03-20-2021-03-20-consolidated-financial-statem,management,consequence,1,Change in accounting policy for IFRS 15 “Revenue from Contracts with Customers” applied at 1 January 2018.,OR.PA-management-150,insider_only
6.22,8.859,6.097,OR.PA-management-2021-03-20-2021-03-20-consolidated-financial-statem,management,consequence,1,The acquisition of Logocos Naturkosmetik AG by L'Oréal in 2018.,OR.PA-management-150,insider_only
6.271,8.911,6.16,OR.PA-management-2021-03-20-2021-03-20-consolidated-financial-statem,management,consequence,1,The acquisition of the thermal centre STRP by L'Oréal in 2018.,OR.PA-management-150,insider_only
6.253,8.883,6.091,OR.PA-management-2021-03-20-2021-03-20-consolidated-financial-statem,management,consequence,1,The acquisition of Pulp Riot by L'Oréal in 2017.,OR.PA-management-150,insider_only
6.151,8.948,6.403,OR.PA-management-2021-03-20-2021-03-20-consolidated-financial-statem,management,consequence,1,The acquisition of Azzaro-Mugler and Thayers Natural Remedies by L'Oréal in 2020.,OR.PA-management-150,insider_only
6.274,8.91,6.14,OR.PA-management-2021-03-20-2021-03-20-consolidated-financial-statem,management,consequence,1,"The acquisition of Stylenanda, ModiFace, Logocos, and the La Roche-Posay thermal centre by L'Oréal in 2018.",OR.PA-management-150,insider_only
8.653,6.851,9.189,OR.PA-management-2021-03-20-2021-03-20-consolidated-financial-statem,management,consequence,1,A €31.3 million positive change in exchange rates over the period.,OR.PA-management-150,insider_only
7.626,4.185,6.958,OR.PA-management-2021-03-20-2021-03-20-consolidated-financial-statem,management,consequence,-1,The crisis resulting from the Covid-19 pandemic factored into the impairment tests on Cash Generating Units.,OR.PA-management-150,insider_only
8.266,4.585,6.999,OR.PA-management-2021-03-20-2021-03-20-consolidated-financial-statem,management,consequence,-1,The negative change in exchange rates over the period impacted the value of other intangible assets.,OR.PA-management-150,insider_only
8.606,4.212,6.614,OR.PA-management-2021-03-20-2021-03-20-consolidated-financial-statem,management,consequence,-1,The reclassification of €60.1 million in key money to right-of-use assets impacted the value of other intangible assets.,OR.PA-management-150,insider_only
8.617,5.559,6.394,OR.PA-management-2021-03-20-2021-03-20-consolidated-financial-statem,management,consequence,1,Foreign exchange gains and losses resulting from the difference between the value of foreign currency operating income a,OR.PA-management-150,insider_only
8.621,5.595,6.396,OR.PA-management-2021-03-20-2021-03-20-consolidated-financial-statem,management,consequence,1,Changes in market value linked to variations in the spot rate between the inception of the hedge and the date when the h,OR.PA-management-150,insider_only
8.609,5.571,6.414,OR.PA-management-2021-03-20-2021-03-20-consolidated-financial-statem,management,consequence,1,Residual ineffectiveness linked to excess hedges is recognised directly in the income statement under other foreign exch,OR.PA-management-150,insider_only
8.833,6.522,8.869,OR.PA-management-2021-03-20-2021-03-20-consolidated-financial-statem,management,precursor,1,An increase of 100 basis points in interest rates would have had a direct positive impact on the Group’s net finance cos,OR.PA-management-150,insider_only
8.972,6.302,8.69,OR.PA-management-2021-03-20-2021-03-20-consolidated-financial-statem,management,consequence,-1,The impact of a 100 basis point rise in interest rates on the fair value of the Group’s fixed-rate financial assets and ,OR.PA-management-150,insider_only
8.32,7.171,7.528,OR.PA-management-2021-03-20-2021-03-20-consolidated-financial-statem,management,precursor,1,A change of plus or minus 10% in the market price of Sanofi shares relative to the market price on 31 December 2020 woul,OR.PA-management-150,insider_only
7.895,3.857,8.973,OR.PA-management-2021-03-20-2021-03-20-consolidated-financial-statem,management,consequence,-1,The fall in euro interest rates is now reflected by drawdowns of short-term marketable instruments with negative interes,OR.PA-management-150,insider_only
10.046,6.09,7.664,OR.PA-management-2021-03-20-2021-03-20-consolidated-financial-statem,management,consequence,1,"Estimated interest expense at 31 December 2020, as at 31 December 2019 and 31 December 2018, is not material given the o",OR.PA-management-150,insider_only
8.262,3.382,6.055,OR.PA-management-2021-03-20-2021-03-20-consolidated-financial-statem,management,consequence,-1,The discontinuation of the Clarisonic brand led to a full write-down of residual goodwill.,OR.PA-management-150,insider_only
8.141,4.654,7.193,OR.PA-management-2021-03-20-2021-03-20-consolidated-financial-statem,management,consequence,-1,Changes in exchange rates had a negative impact on other movements.,OR.PA-management-150,insider_only
8.264,3.425,6.055,OR.PA-management-2021-03-20-2021-03-20-consolidated-financial-statem,management,consequence,-1,An impairment loss on Clarisonic due to discontinuation of the brand.,OR.PA-management-150,insider_only
8.301,3.647,6.157,OR.PA-management-2021-03-20-2021-03-20-consolidated-financial-statem,management,consequence,-1,The disposal of the Roger & Gallet brand impacted goodwill.,OR.PA-management-150,insider_only
8.589,6.921,9.275,OR.PA-management-2021-03-20-2021-03-20-consolidated-financial-statem,management,consequence,1,Changes in exchange rates had a positive impact on other movements in 2019.,OR.PA-management-150,insider_only
8.211,3.553,6.29,OR.PA-management-2021-03-20-2021-03-20-consolidated-financial-statem,management,consequence,-1,Impairment losses on Clarisonic and Roger & Gallet in 2019.,OR.PA-management-150,insider_only
6.723,8.544,6.177,OR.PA-management-2021-03-20-2021-03-20-consolidated-financial-statem,management,consequence,1,The acquisition of CeraVe in 2018 impacted goodwill allocation.,OR.PA-management-150,insider_only
8.567,6.958,9.304,OR.PA-management-2021-03-20-2021-03-20-consolidated-financial-statem,management,consequence,1,Changes in exchange rates had a positive impact on other movements in 2018.,OR.PA-management-150,insider_only
8.293,4.354,6.981,OR.PA-management-2021-03-20-2021-03-20-consolidated-financial-statem,management,consequence,-1,"The cancellation of shares reduced the number of shares outstanding, which could impact earnings per share.",OR.PA-management-150,insider_only
8.586,7.099,8.59,OR.PA-management-2021-03-20-2021-03-20-consolidated-financial-statem,management,consequence,-1,"The exercise of options and free shares increased the number of shares outstanding, which could dilute earnings per shar",OR.PA-management-150,insider_only
8.43,7.202,8.704,OR.PA-management-2021-03-20-2021-03-20-consolidated-financial-statem,management,consequence,1,"The purchase of treasury shares reduced the number of shares outstanding, which could increase earnings per share.",OR.PA-management-150,insider_only
10.174,6.308,7.651,OR.PA-management-2021-03-20-2021-03-20-consolidated-financial-statem,management,consequence,-1,The expense recorded in 2020 for free shares amounted to €120.1 million.,OR.PA-management-150,insider_only
10.285,6.393,7.63,OR.PA-management-2021-03-20-2021-03-20-consolidated-financial-statem,management,consequence,-1,The IFRS 2 expense for free shares granted in September 2020 amounted to €7.8 million for French employees and €0.6 mill,OR.PA-management-150,insider_only
8.883,6.647,3.328,OR.PA-management-2021-03-20-2021-03-20-consolidated-financial-statem,management,precursor,-1,L'Oréal is challenging the legal grounds of the Brazilian IPI tax decree and its application.,OR.PA-management-150,insider_only
8.939,6.837,3.545,OR.PA-management-2021-03-20-2021-03-20-consolidated-financial-statem,management,precursor,-1,L'Oréal received tax reassessment notices regarding the indirect IPI tax for financial years 2008 and 2011 to 2015 total,OR.PA-management-150,insider_only
8.894,6.728,3.427,OR.PA-management-2021-03-20-2021-03-20-consolidated-financial-statem,management,precursor,-1,The Brazilian tax authorities are questioning the ex-works sales price to the commercial arm used to calculate the IPI t,OR.PA-management-150,insider_only
8.925,6.831,3.528,OR.PA-management-2021-03-20-2021-03-20-consolidated-financial-statem,management,precursor,-1,L'Oréal received several tax reassessment notices regarding financial years 2007/08 to 2015/16 for the tax deductibility,OR.PA-management-150,insider_only
8.746,6.588,2.646,OR.PA-management-2021-03-20-2021-03-20-consolidated-financial-statem,management,consequence,-1,The French competition authority handed down a fine of €189.5 million against L’Oréal in the hygiene products sector for,OR.PA-management-150,insider_only
8.916,6.235,2.145,OR.PA-management-2021-03-20-2021-03-20-consolidated-financial-statem,management,consequence,-1,The Greek competition authority condemned L’Oréal Hellas to pay a fine of €2.6 million for carrying out anti-competitive,OR.PA-management-150,insider_only
7.558,4.081,7.028,OR.PA-management-2021-03-20-2021-03-20-consolidated-financial-statem,management,consequence,-1,The decrease in net sales from 2019 to 2020.,OR.PA-management-150,insider_only
8.681,4.823,8.126,OR.PA-management-2021-03-20-2021-03-20-consolidated-financial-statem,management,consequence,-1,The increase in cost of sales from 2018 to 2019.,OR.PA-management-150,insider_only
7.853,4.0,7.03,OR.PA-management-2021-03-20-2021-03-20-consolidated-financial-statem,management,consequence,-1,The decrease in gross profit from 2019 to 2020.,OR.PA-management-150,insider_only
8.807,4.885,8.178,OR.PA-management-2021-03-20-2021-03-20-consolidated-financial-statem,management,consequence,-1,The increase in research & innovation expenses from 2018 to 2019.,OR.PA-management-150,insider_only
8.778,4.889,8.2,OR.PA-management-2021-03-20-2021-03-20-consolidated-financial-statem,management,consequence,-1,The increase in advertising and promotion expenses from 2018 to 2019.,OR.PA-management-150,insider_only
8.769,4.864,8.084,OR.PA-management-2021-03-20-2021-03-20-consolidated-financial-statem,management,consequence,-1,"The increase in selling, general and administrative expenses from 2018 to 2019.",OR.PA-management-150,insider_only
7.893,4.017,7.022,OR.PA-management-2021-03-20-2021-03-20-consolidated-financial-statem,management,consequence,-1,The decrease in operating profit from 2019 to 2020.,OR.PA-management-150,insider_only
8.833,4.941,8.102,OR.PA-management-2021-03-20-2021-03-20-consolidated-financial-statem,management,consequence,-1,The increase in other income and expenses from 2018 to 2019.,OR.PA-management-150,insider_only
7.887,4.023,7.026,OR.PA-management-2021-03-20-2021-03-20-consolidated-financial-statem,management,consequence,-1,The decrease in operational profit from 2019 to 2020.,OR.PA-management-150,insider_only
8.893,4.822,8.259,OR.PA-management-2021-03-20-2021-03-20-consolidated-financial-statem,management,consequence,-1,The increase in finance costs on gross debt from 2018 to 2019.,OR.PA-management-150,insider_only
8.157,4.218,7.087,OR.PA-management-2021-03-20-2021-03-20-consolidated-financial-statem,management,consequence,-1,The decrease in finance income on cash and cash equivalents from 2018 to 2019.,OR.PA-management-150,insider_only
8.851,4.788,8.1,OR.PA-management-2021-03-20-2021-03-20-consolidated-financial-statem,management,consequence,-1,"The increase in finance costs, net from 2018 to 2019.",OR.PA-management-150,insider_only
8.838,5.035,8.135,OR.PA-management-2021-03-20-2021-03-20-consolidated-financial-statem,management,consequence,-1,The increase in other financial income and expenses from 2018 to 2019.,OR.PA-management-150,insider_only
8.293,7.803,8.661,OR.PA-management-2021-03-20-2021-03-20-consolidated-financial-statem,management,consequence,1,The increase in Sanofi dividends from 2018 to 2019.,OR.PA-management-150,insider_only
8.03,4.169,7.041,OR.PA-management-2021-03-20-2021-03-20-consolidated-financial-statem,management,consequence,-1,The decrease in profit before tax and associates from 2019 to 2020.,OR.PA-management-150,insider_only
8.527,4.686,7.382,OR.PA-management-2021-03-20-2021-03-20-consolidated-financial-statem,management,consequence,-1,The decrease in income tax from 2018 to 2019.,OR.PA-management-150,insider_only
8.439,7.936,8.972,OR.PA-management-2021-03-20-2021-03-20-consolidated-financial-statem,management,consequence,1,The increase in share of profit in associates from 2018 to 2019.,OR.PA-management-150,insider_only
7.859,3.988,6.969,OR.PA-management-2021-03-20-2021-03-20-consolidated-financial-statem,management,consequence,-1,The decrease in net profit from 2019 to 2020.,OR.PA-management-150,insider_only
8.189,4.164,6.914,OR.PA-management-2021-03-20-2021-03-20-consolidated-financial-statem,management,consequence,-1,The decrease in earnings per share attributable to owners of the company from 2019 to 2020.,OR.PA-management-150,insider_only
8.12,4.187,6.971,OR.PA-management-2021-03-20-2021-03-20-consolidated-financial-statem,management,consequence,-1,The decrease in diluted earnings per share attributable to owners of the company from 2019 to 2020.,OR.PA-management-150,insider_only
8.334,7.913,9.082,OR.PA-management-2021-03-20-2021-03-20-consolidated-financial-statem,management,consequence,1,"The increase in earnings per share attributable to owners of the company, excluding non-recurring items from 2018 to 201",OR.PA-management-150,insider_only
8.363,7.797,8.994,OR.PA-management-2021-03-20-2021-03-20-consolidated-financial-statem,management,consequence,1,"The increase in diluted earnings per share attributable to owners of the company, excluding non-recurring items from 201",OR.PA-management-150,insider_only
7.517,9.674,8.393,OR.PA-management-2021-03-20-2021-03-20-consolidated-financial-statem,management,precursor,1,"The Group strictly complies with regulations and laws relating to environmental protection, and does not expect that the",OR.PA-management-150,insider_only
6.163,9.046,6.589,OR.PA-management-2021-03-20-2021-03-20-consolidated-financial-statem,management,precursor,1,"L’Oréal announced its intention to sell the Cosmeurop production site, located in Strasbourg, France, to the Superga gro",OR.PA-management-150,insider_only
6.324,9.216,6.704,OR.PA-management-2021-03-20-2021-03-20-consolidated-financial-statem,management,precursor,1,L’Oréal announced that it had signed an agreement to acquire the Japanese company Takami Co.,OR.PA-management-150,insider_only
6.391,9.627,7.206,OR.PA-management-2021-03-20-2021-03-20-consolidated-financial-statem,management,precursor,1,L'Oréal's acquisition of the Takami brand and collaboration with Takami clinics.,OR.PA-management-150,insider_only
8.686,7.279,6.592,OR.PA-management-2021-03-20-2021-03-20-consolidated-financial-statem,management,precursor,1,The Group hedges a large part of its annual currency risk requirements before the end of the current year to reduce the ,OR.PA-management-150,insider_only
8.763,4.368,6.611,OR.PA-management-2021-03-20-2021-03-20-consolidated-financial-statem,management,consequence,1,"Capital gains and losses on property, plant and equipment and intangible assets",OR.PA-management-150,insider_only
8.724,4.214,6.73,OR.PA-management-2021-03-20-2021-03-20-consolidated-financial-statem,management,consequence,-1,"Impairment of property, plant and equipment and intangible assets",OR.PA-management-150,insider_only
9.352,3.999,7.478,OR.PA-management-2021-03-20-2021-03-20-consolidated-financial-statem,management,consequence,-1,Restructuring costs,OR.PA-management-150,insider_only
9.312,5.275,7.655,OR.PA-management-2021-03-20-2021-03-20-consolidated-financial-statem,management,consequence,1,Other non-recurring items,OR.PA-management-150,insider_only
9.474,5.227,7.568,OR.PA-management-2021-03-20-2021-03-20-consolidated-financial-statem,management,consequence,-1,Tax effect on non-recurring items,OR.PA-management-150,insider_only
9.429,5.269,7.523,OR.PA-management-2021-03-20-2021-03-20-consolidated-financial-statem,management,consequence,-1,Non-controlling interests on non-recurring items,OR.PA-management-150,insider_only
9.288,4.354,7.498,OR.PA-management-2021-03-20-2021-03-20-consolidated-financial-statem,management,consequence,-1,Tax effect on acquisitions and internal restructuring,OR.PA-management-150,insider_only
8.618,5.121,7.544,OR.PA-management-2021-03-20-2021-03-20-consolidated-financial-statem,management,consequence,-1,Impact of the decrease in the US tax rate,OR.PA-management-150,insider_only
7.829,9.423,8.433,OR.PA-management-2021-03-20-2021-03-20-consolidated-financial-statem,management,consequence,1,No impairment of around €30.0 million goodwill or other intangible assets was recorded for the 2020 financial year.,OR.PA-management-150,insider_only
7.577,2.47,9.299,OR.PA-management-2021-03-20-2021-03-20-consolidated-financial-statem,management,precursor,-1,A 1-point decrease in the margin rate over the business plan period on all the Group’s Cash Generating Units would lead ,OR.PA-management-150,insider_only
5.874,4.431,6.698,OR.PA-management-2021-04-01-2021-04-01-annual-report-2020,management,consequence,-1,The worldwide crisis due to the pandemic and the decline of the cosmetics market impacted L'Oréal's sales and operating ,OR.PA-management-133,insider_only
5.875,8.786,9.138,OR.PA-management-2021-04-01-2021-04-01-annual-report-2020,management,consequence,1,L'Oréal's balanced business model enabled long-term profitable evolution and maintained profitability at 18.6%.,OR.PA-management-133,insider_only
5.507,10.247,7.482,OR.PA-management-2021-04-01-2021-04-01-annual-report-2020,management,consequence,1,"The sustainable transformation programme ""Sharing Beauty With All"" ended in 2020, leading to improvements in social and ",OR.PA-management-133,insider_only
7.554,4.23,6.974,OR.PA-management-2021-04-01-2021-04-01-annual-report-2020,management,consequence,-1,"The impact of the Covid-19 crisis on sales by Division and by Zone, as well as its impact on cash flow.",OR.PA-management-133,insider_only
7.004,9.727,9.285,OR.PA-management-2021-04-01-2021-04-01-annual-report-2020,management,precursor,1,The administrative measures put in place to deal with the Covid-19 crisis and the strategic choices aimed at creating th,OR.PA-management-133,insider_only
7.016,9.537,7.843,OR.PA-management-2021-04-01-2021-04-01-annual-report-2020,management,precursor,1,The succession plan for the Chief Executive Officer and the dissociation of the functions of Chairman of the Board of Di,OR.PA-management-133,insider_only
6.183,3.76,6.39,OR.PA-management-2021-04-01-2021-04-01-annual-report-2020,management,consequence,-1,"The pandemic led to an unprecedented crisis of supply, with seven million salons and nearly all perfumeries shut at the ",OR.PA-management-133,insider_only
5.236,9.169,8.151,OR.PA-management-2021-04-01-2021-04-01-annual-report-2020,management,consequence,1,The exceptional commitment and fighting spirit of L’Oréal’s teams enabled the Group to continue providing beauty and car,OR.PA-management-133,insider_only
5.106,9.289,7.876,OR.PA-management-2021-04-01-2021-04-01-annual-report-2020,management,precursor,1,L’Oréal’s digital transformation enabled the Group to rapidly adapt to remote working and transition to e-recruitment qu,OR.PA-management-133,insider_only
5.102,9.292,7.84,OR.PA-management-2021-04-01-2021-04-01-annual-report-2020,management,consequence,1,"L’Oréal’s digital transformation led to a completely new approach to training, ensuring every single Group employee rece",OR.PA-management-133,insider_only
5.894,9.457,7.28,OR.PA-management-2021-04-01-2021-04-01-annual-report-2020,management,precursor,1,"L’Oréal’s launch of a second employee share ownership plan in 2020 aimed to bring people together around its values, goa",OR.PA-management-133,insider_only
5.922,9.349,10.503,OR.PA-management-2021-04-01-2021-04-01-annual-report-2020,management,consequence,1,"The global cosmetics market saw a significant recovery in the second half of 2020, driven by strong consumer demand.",OR.PA-management-133,insider_only
5.826,9.378,10.515,OR.PA-management-2021-04-01-2021-04-01-annual-report-2020,management,precursor,1,"The long-term potential of the global cosmetics market is driven by the rise of the middle and upper income classes, the",OR.PA-management-133,insider_only
5.799,9.356,10.523,OR.PA-management-2021-04-01-2021-04-01-annual-report-2020,management,consequence,1,The dermocosmetics market was the only cosmetics market that recorded growth in 2020.,OR.PA-management-133,insider_only
5.532,9.092,8.312,OR.PA-management-2021-04-01-2021-04-01-annual-report-2020,management,consequence,1,"The strength and balance of L’Oréal’s brand portfolio, which covers the entire skincare market, benefited the company in",OR.PA-management-133,insider_only
5.918,9.443,10.439,OR.PA-management-2021-04-01-2021-04-01-annual-report-2020,management,precursor,1,"The digitalization of beauty, including the growth of e-commerce and social commerce, is expected to continue driving gr",OR.PA-management-133,insider_only
6.581,10.045,10.261,OR.PA-management-2021-04-01-2021-04-01-annual-report-2020,management,consequence,1,All Divisions achieved market share gains.,OR.PA-management-133,insider_only
6.882,9.992,8.443,OR.PA-management-2021-04-01-2021-04-01-annual-report-2020,management,precursor,1,"The Group’s investment in digital, tech and Research & Innovation supported Divisions’ launches and marketing talents.",OR.PA-management-133,insider_only
6.173,3.809,6.35,OR.PA-management-2021-04-01-2021-04-01-annual-report-2020,management,consequence,-1,The drastic and unprecedented closure of salons impacted professional luxury haircare.,OR.PA-management-133,insider_only
5.215,8.954,8.417,OR.PA-management-2021-04-01-2021-04-01-annual-report-2020,management,precursor,1,E-commerce and new selling methods helped mitigate the impact of salon closures.,OR.PA-management-133,insider_only
5.754,10.097,9.87,OR.PA-management-2021-04-01-2021-04-01-annual-report-2020,management,consequence,1,Garnier’s quick reaction to the crisis and large-scale Back to Beauty campaigns contributed to its success.,OR.PA-management-133,insider_only
6.099,10.525,10.716,OR.PA-management-2021-04-01-2021-04-01-annual-report-2020,management,consequence,1,CeraVe’s success was driven by an increase in dermatologists’ recommendations and a strong digital strategy.,OR.PA-management-133,insider_only
5.534,10.2,10.013,OR.PA-management-2021-04-01-2021-04-01-annual-report-2020,management,consequence,1,Lancôme adapted quickly to the situation by capitalizing on its strong position in skincare and responding rapidly to th,OR.PA-management-133,insider_only
6.129,3.909,6.736,OR.PA-management-2021-04-01-2021-04-01-annual-report-2020,management,consequence,-1,The closure of physical stores and a strong drop in air traffic due to the pandemic led to a significant contraction in ,OR.PA-management-133,insider_only
5.178,9.12,8.256,OR.PA-management-2021-04-01-2021-04-01-annual-report-2020,management,consequence,1,L’Oréal Luxe's strategic focus on e-commerce and direct-to-consumer sales helped mitigate the impact of store closures a,OR.PA-management-133,insider_only
5.471,9.125,8.907,OR.PA-management-2021-04-01-2021-04-01-annual-report-2020,management,precursor,1,The acceleration of e-commerce and digital transformation is expected to continue providing resilience and market share ,OR.PA-management-133,insider_only
5.985,9.092,7.349,OR.PA-management-2021-04-01-2021-04-01-annual-report-2020,management,precursor,1,The acquisition of Mugler and Azzaro brands in April 2020 is expected to strengthen L’Oréal Luxe’s position in the fragr,OR.PA-management-133,insider_only
5.111,9.282,7.941,OR.PA-management-2021-04-01-2021-04-01-annual-report-2020,management,precursor,1,The lockdown in Dubai led L’Oréal Luxe to accelerate its digital technologies.,OR.PA-management-133,insider_only
5.606,10.083,8.106,OR.PA-management-2021-04-01-2021-04-01-annual-report-2020,management,precursor,1,The Division implemented a solidarity plan to provide all hairdressers with both financial and human support.,OR.PA-management-133,insider_only
7.622,10.515,9.82,OR.PA-management-2021-04-01-2021-04-01-annual-report-2020,management,precursor,1,The Division significantly accelerated e-commerce sales to both professionals and consumers.,OR.PA-management-133,insider_only
6.341,10.177,10.247,OR.PA-management-2021-04-01-2021-04-01-annual-report-2020,management,precursor,1,"The Division will maintain its lead thanks to major innovations in formulas, packaging, and inclusion and diversity.",OR.PA-management-133,insider_only
5.199,9.098,7.916,OR.PA-management-2021-04-01-2021-04-01-annual-report-2020,management,precursor,1,"The Covid-19 pandemic had an unprecedented impact on the hairdressing market, but L’Oréal was more committed than ever t",OR.PA-management-133,insider_only
5.911,9.863,10.897,OR.PA-management-2021-04-01-2021-04-01-annual-report-2020,management,consequence,1,"The Active Cosmetics Division set a new record this year, achieving its best annual growth in more than 20 years, driven",OR.PA-management-133,insider_only
5.874,9.886,10.839,OR.PA-management-2021-04-01-2021-04-01-annual-report-2020,management,precursor,1,The Active Cosmetics Division is expected to continue growing its entire brand portfolio and capitalize on digital and e,OR.PA-management-133,insider_only
5.25,8.926,7.486,OR.PA-management-2021-04-01-2021-04-01-annual-report-2020,management,consequence,-1,"L'Oréal froze all sums owed by hair salons, small perfume stores, and VSE/SMEs in its distribution channels until they w",OR.PA-management-133,insider_only
5.476,10.364,7.281,OR.PA-management-2021-04-01-2021-04-01-annual-report-2020,management,precursor,1,"L'Oréal's new sustainable development programme, L'Oréal for the Future, launched in June 2020, aims to respect 'planeta",OR.PA-management-133,insider_only
5.625,10.155,7.209,OR.PA-management-2021-04-01-2021-04-01-annual-report-2020,management,precursor,1,"L'Oréal has earmarked 100 million euros for impact investing to regenerate ecosystems and develop the circular economy, ",OR.PA-management-133,insider_only
5.196,9.142,7.776,OR.PA-management-2021-04-01-2021-04-01-annual-report-2020,management,consequence,1,L'Oréal employees contributed to solidarity efforts to combat the coronavirus from the first lockdowns in the spring of ,OR.PA-management-133,insider_only
5.138,9.31,7.87,OR.PA-management-2021-04-01-2021-04-01-annual-report-2020,management,precursor,1,L'Oréal reinvented its traditional Citizen Day to make room for new forms of engagement in response to the pandemic.,OR.PA-management-133,insider_only
5.52,10.435,7.741,OR.PA-management-2021-04-01-2021-04-01-annual-report-2020,management,consequence,1,"L'Oréal has been recognised as a global leader in sustainable development by the CDP for the fifth consecutive year, ear",OR.PA-management-133,insider_only
5.377,9.045,7.349,OR.PA-management-2021-04-01-2021-04-01-annual-report-2020,management,consequence,1,"The European Solidarity Plan established by the Group in March 2020, which froze sums owed by SVE/SMEs and sped up payme",OR.PA-management-133,insider_only
6.144,8.899,6.348,OR.PA-management-2021-04-01-2021-04-01-annual-report-2020,management,consequence,1,The acquisition of Thayers Natural Remedies in June 2020.,OR.PA-management-133,insider_only
6.131,8.902,6.301,OR.PA-management-2021-04-01-2021-04-01-annual-report-2020,management,consequence,1,The acquisition of Takami Co in December 2020.,OR.PA-management-133,insider_only
7.078,9.882,8.424,OR.PA-management-2021-04-01-2021-04-01-annual-report-2020,management,precursor,1,The ongoing commitment of Finance & Legal teams to support the Group as it faces new challenges.,OR.PA-management-133,insider_only
5.374,9.183,7.342,OR.PA-management-2021-04-01-2021-04-01-annual-report-2020,management,consequence,1,The role of Finance in L’Oréal’s Solidarity Plan.,OR.PA-management-133,insider_only
6.905,9.911,8.184,OR.PA-management-2021-04-01-2021-04-01-annual-report-2020,management,precursor,1,The use of algorithms and artificial intelligence to enhance financial expertise.,OR.PA-management-133,insider_only
6.82,9.98,8.194,OR.PA-management-2021-04-01-2021-04-01-annual-report-2020,management,precursor,1,"The continued investment in Research & Innovation, particularly in Green Sciences.",OR.PA-management-133,insider_only
5.129,9.199,7.849,OR.PA-management-2021-04-01-2021-04-01-annual-report-2020,management,consequence,1,"The Covid-19 crisis necessitated the rapid adoption of remote working solutions to ensure business continuity, which L'O",OR.PA-management-133,insider_only
6.868,10.158,8.714,OR.PA-management-2021-04-01-2021-04-01-annual-report-2020,management,precursor,1,"The deployment of the Tech Accelerator programme, including the TrendSpotter application and Demand Sensing, is expected",OR.PA-management-133,insider_only
5.159,9.129,7.77,OR.PA-management-2021-04-01-2021-04-01-annual-report-2020,management,precursor,1,L'Oréal's early recognition of the severity of the Covid-19 crisis due to its significant presence in China allowed the ,OR.PA-management-133,insider_only
5.529,10.249,7.326,OR.PA-management-2021-04-01-2021-04-01-annual-report-2020,management,precursor,1,"L'Oréal's implementation of a social and environmental solidarity programme, L’Oréal for the Future, focused on supporti",OR.PA-management-133,insider_only
5.195,9.074,7.684,OR.PA-management-2021-04-01-2021-04-01-annual-report-2020,management,precursor,1,"L'Oréal froze receivables to support independent hairdressers and salons worldwide during lockdowns, and mobilized Profe",OR.PA-management-133,insider_only
5.251,9.217,7.912,OR.PA-management-2021-04-01-2021-04-01-annual-report-2020,management,precursor,1,L'Oréal's Operations teams developed a hand sanitiser formula and produced it in 70% of plants worldwide to support the ,OR.PA-management-133,insider_only
5.295,9.151,7.434,OR.PA-management-2021-04-01-2021-04-01-annual-report-2020,management,precursor,1,L'Oréal's Finance department played a central role in the European Solidarity Plan by freezing all sums owed by hair sal,OR.PA-management-133,insider_only
5.575,10.295,7.378,OR.PA-management-2021-04-01-2021-04-01-annual-report-2020,management,precursor,1,"L’Oréal's initiatives to reduce carbon emissions, slow or reverse deforestation, and improve water management as part of",OR.PA-management-133,insider_only
5.248,9.153,7.541,OR.PA-management-2021-04-01-2021-04-01-annual-report-2020,management,consequence,1,L’Oréal Corporate Foundation's support to non-profit organisations combating poverty during the pandemic.,OR.PA-management-133,insider_only
5.666,10.126,9.119,OR.PA-management-2021-04-01-2021-04-01-annual-report-2020,management,precursor,1,"Garnier's launch of Ultimate Blends shampoo bars with 94% plant-based ingredients, 97% to 99% biodegradability, and 100%",OR.PA-management-133,insider_only
5.168,9.233,7.661,OR.PA-management-2021-04-01-2021-04-01-annual-report-2020,management,consequence,1,"L’Oréal Corporate Foundation's international training programme for beauty professions, adapted to provide online sessio",OR.PA-management-133,insider_only
5.763,10.036,7.41,OR.PA-management-2021-04-01-2021-04-01-annual-report-2020,management,precursor,1,L’Oréal's Human Rights Policy and Employee Human Rights Policy ensuring the same social benefits for all Group employees,OR.PA-management-133,insider_only
6.164,9.856,7.275,OR.PA-management-2021-04-01-2021-04-01-annual-report-2020,management,precursor,1,"L’Oréal's partnership with Koiki, a company that employs people with disabilities, in Spain.",OR.PA-management-133,insider_only
5.802,10.088,7.455,OR.PA-management-2021-04-01-2021-04-01-annual-report-2020,management,precursor,1,L’Oréal's commitment to the United Nations Global Compact and Women’s Empowerment Principles.,OR.PA-management-133,insider_only
5.96,9.999,7.336,OR.PA-management-2021-04-01-2021-04-01-annual-report-2020,management,precursor,1,L’Oréal's participation in the Common Statement on Lobbying and its proactive approach to responsible lobbying.,OR.PA-management-133,insider_only
5.773,10.21,7.511,OR.PA-management-2021-04-01-2021-04-01-annual-report-2020,management,precursor,1,L’Oréal's Ethics Day initiative and its recognition as one of the World’s Most Ethical Companies by Ethisphere.,OR.PA-management-133,insider_only
5.245,9.153,7.675,OR.PA-management-2021-04-01-2021-04-01-annual-report-2020,management,consequence,1,"L’Oréal's solidarity plan during the Covid-19 pandemic, ensuring full employment and pay for all employees worldwide unt",OR.PA-management-133,insider_only
5.124,9.21,7.831,OR.PA-management-2021-04-01-2021-04-01-annual-report-2020,management,consequence,1,L’Oréal's acceleration of digital services for employees and candidates during the Covid-19 pandemic.,OR.PA-management-133,insider_only
5.162,9.099,8.116,OR.PA-management-2021-04-01-2021-04-01-annual-report-2020,management,precursor,1,L'Oréal's digital transformation and e-commerce capabilities helped maintain sales during the Covid-19 crisis.,OR.PA-management-133,insider_only
5.665,9.692,7.722,OR.PA-management-2021-04-01-2021-04-01-annual-report-2020,management,precursor,1,L'Oréal's collaboration with ModiFace and the use of augmented reality technology enhanced the consumer experience.,OR.PA-management-133,insider_only
5.19,9.065,8.33,OR.PA-management-2021-04-01-2021-04-01-annual-report-2020,management,precursor,1,L'Oréal's advance in the field of e-commerce on social networks contributed to the success of social commerce in Thailan,OR.PA-management-133,insider_only
5.102,9.305,7.902,OR.PA-management-2021-04-01-2021-04-01-annual-report-2020,management,precursor,1,L'Oréal's digital transformation enabled the Group to build new relationships with consumers and employees during the Co,OR.PA-management-133,insider_only
5.174,9.271,7.908,OR.PA-management-2021-04-01-2021-04-01-annual-report-2020,management,precursor,1,"L'Oréal's deployment of new technologies ensured business continuity and supported the needs of employees, suppliers, an",OR.PA-management-133,insider_only
5.79,9.898,7.882,OR.PA-management-2021-04-01-2021-04-01-annual-report-2020,management,precursor,1,"L'Oréal's Beauty Tech programme provides customers with highly personalised, 'augmented' products and services.",OR.PA-management-133,insider_only
5.293,9.285,8.111,OR.PA-management-2021-04-01-2021-04-01-annual-report-2020,management,consequence,1,"The Consumer Products Division donated more than two million bottles of hand sanitiser to hospitals, nursing homes and r",OR.PA-management-133,insider_only
6.53,9.907,10.025,OR.PA-management-2021-04-01-2021-04-01-annual-report-2020,management,precursor,1,The Covid-19 crisis accelerated the digital transformation of the Consumer Products Division with the explosion of e-com,OR.PA-management-133,insider_only
6.441,9.859,10.245,OR.PA-management-2021-04-01-2021-04-01-annual-report-2020,management,precursor,1,The Consumer Products Division accelerated its innovation programme and launched many exciting products in the second ha,OR.PA-management-133,insider_only
6.346,9.795,10.11,OR.PA-management-2021-04-01-2021-04-01-annual-report-2020,management,precursor,1,The Consumer Products Division invested heavily to support operations and launches.,OR.PA-management-133,insider_only
6.135,9.768,10.097,OR.PA-management-2021-04-01-2021-04-01-annual-report-2020,management,precursor,1,The Consumer Products Division worked with Amazon in the UK to create the Beauty on Demand platform to make beauty more ,OR.PA-management-133,insider_only
6.303,9.826,10.067,OR.PA-management-2021-04-01-2021-04-01-annual-report-2020,management,precursor,1,The Consumer Products Division worked with its brick-and-mortar partners to accelerate their digital transformation and ,OR.PA-management-133,insider_only
6.354,9.825,10.09,OR.PA-management-2021-04-01-2021-04-01-annual-report-2020,management,precursor,1,The Consumer Products Division strengthened partnerships with distributors to stimulate consumer appetite during lockdow,OR.PA-management-133,insider_only
6.131,9.838,9.92,OR.PA-management-2021-04-01-2021-04-01-annual-report-2020,management,precursor,1,"The Consumer Products Division committed to more responsible cosmetics, reducing environmental impact and optimising pro",OR.PA-management-133,insider_only
5.138,9.109,8.137,OR.PA-management-2021-04-01-2021-04-01-annual-report-2020,management,precursor,1,"The acceleration of e-commerce in 2020, bolstered by the success of virtual try-ons, added to L’Oréal’s catalogue of onl",OR.PA-management-133,insider_only
6.715,10.026,8.507,OR.PA-management-2021-04-01-2021-04-01-annual-report-2020,management,precursor,1,"The appointment of Barbara Lavernos as President, Research, Innovation and Technologies on 1 February 2021 and her upcom",OR.PA-management-133,insider_only
5.665,10.385,7.637,OR.PA-management-2021-04-01-2021-04-01-annual-report-2020,management,precursor,1,"The Advanced Research centre in Bangalore, specialized in safe, high-performance natural extracts developed using Green ",OR.PA-management-133,insider_only
5.642,10.375,7.561,OR.PA-management-2021-04-01-2021-04-01-annual-report-2020,management,precursor,1,"L’Oréal’s transition to Green Sciences, including biotechnologies, synthetic biology, and green chemistry, meets consume",OR.PA-management-133,insider_only
6.108,10.092,7.861,OR.PA-management-2021-04-01-2021-04-01-annual-report-2020,management,precursor,1,"L’Oréal Research & Innovation’s use of data, artificial intelligence, and algorithms to accelerate the transformation of",OR.PA-management-133,insider_only
5.584,9.767,7.861,OR.PA-management-2021-04-01-2021-04-01-annual-report-2020,management,precursor,1,"L’Oréal Operations’ agility, engagement, and operational excellence in overcoming the challenges of the pandemic and sup",OR.PA-management-133,insider_only
5.153,9.415,7.873,OR.PA-management-2021-04-01-2021-04-01-annual-report-2020,management,precursor,1,"The digital transformation at L’Oréal Operations, including the roll-out of efficient solutions enabling new ways to wor",OR.PA-management-133,insider_only
5.466,10.344,7.267,OR.PA-management-2021-04-01-2021-04-01-annual-report-2020,management,precursor,1,"L’Oréal Operations’ role in the L’Oréal for the Future programme, including the effort to embrace a more sustainable mod",OR.PA-management-133,insider_only
7.521,10.507,9.695,OR.PA-management-2021-04-01-2021-04-01-annual-report-2020,management,precursor,1,The Suzhou distribution centre’s use of automation and advanced order flow planning to keep pace with swiftly growing de,OR.PA-management-133,insider_only
7.716,10.48,9.81,OR.PA-management-2021-04-01-2021-04-01-annual-report-2020,management,precursor,1,"The company's digital prowess and leadership in e-commerce have given it a cutting edge, contributing to increased onlin",OR.PA-management-133,insider_only
5.659,9.779,10.067,OR.PA-management-2021-04-01-2021-04-01-annual-report-2020,management,precursor,1,"The company's focus on skincare, the fastest-growing category in the beauty market, has reinforced its market position.",OR.PA-management-133,insider_only
6.695,10.069,8.444,OR.PA-management-2021-04-01-2021-04-01-annual-report-2020,management,precursor,1,"The company's Research & Innovation efforts have sharpened, focusing on the most promising fields of science and technol",OR.PA-management-133,insider_only
6.514,9.453,9.009,OR.PA-management-2021-04-01-2021-04-01-annual-report-2020,management,precursor,1,The company's agility and adaptability have enabled it to respond to major shifts and market volatility quickly.,OR.PA-management-133,insider_only
6.891,8.85,8.966,OR.PA-management-2021-04-01-2021-04-01-annual-report-2020,management,precursor,1,"The company has optimized costs and rebalanced investments, leading to virtuous results.",OR.PA-management-133,insider_only
5.454,10.362,7.267,OR.PA-management-2021-04-01-2021-04-01-annual-report-2020,management,precursor,1,"The company's new L’Oréal for the Future programme aims to address the planet’s most pressing challenges, contributing t",OR.PA-management-133,insider_only
6.555,9.324,9.051,OR.PA-management-2021-04-01-2021-04-01-annual-report-2020,management,precursor,1,"The company's unique business model has proven its ability to win market share and create value, even in times of crisis",OR.PA-management-133,insider_only
5.636,9.013,9.259,OR.PA-management-2021-04-01-2021-04-01-annual-report-2020,management,precursor,1,The company's market-share gains are expected to lead to increased consumer loyalty to its brands in the future.,OR.PA-management-133,insider_only
5.709,9.625,9.96,OR.PA-management-2021-04-01-2021-04-01-annual-report-2020,management,precursor,1,"The company's leadership in China, the second-largest beauty market, has increased, providing a strategic advantage.",OR.PA-management-133,insider_only
6.14,3.751,6.343,OR.PA-management-2021-04-01-2021-04-01-annual-report-2020,management,consequence,-1,"The health crisis, including lockdowns and the closure of hair salons, perfumeries, and department stores, impacted the ",OR.PA-management-133,insider_only
6.203,3.863,7.477,OR.PA-management-2021-04-01-2021-04-01-annual-report-2020,management,consequence,-1,The fall in European air travel and a marked downturn in tourism over the summer impacted consumption.,OR.PA-management-133,insider_only
6.234,3.755,6.375,OR.PA-management-2021-04-01-2021-04-01-annual-report-2020,management,consequence,-1,Makeup and sun protection products were hit particularly hard due to the health crisis.,OR.PA-management-133,insider_only
8.108,3.733,7.359,OR.PA-management-2021-04-01-2021-04-01-annual-report-2020,management,consequence,-1,"The market declined by around 15% over the year, improving in the second half, but remaining negative.",OR.PA-management-133,insider_only
5.395,9.154,9.19,OR.PA-management-2021-04-01-2021-04-01-annual-report-2020,management,consequence,1,"L’Oréal significantly outperformed the market, thanks to its digital leadership and very strong growth in online sales, ",OR.PA-management-133,insider_only
6.919,9.972,9.94,OR.PA-management-2021-04-01-2021-04-01-annual-report-2020,management,consequence,1,"The Group strengthened its leadership in most countries, particularly France, the United Kingdom and Italy.",OR.PA-management-133,insider_only
5.425,10.161,10.012,OR.PA-management-2021-04-01-2021-04-01-annual-report-2020,management,consequence,1,"Performance was especially noteworthy in skincare, with L’Oréal Paris, La Roche-Posay and CeraVe performing well.",OR.PA-management-133,insider_only
5.419,9.947,9.806,OR.PA-management-2021-04-01-2021-04-01-annual-report-2020,management,consequence,1,"In fragrance, the continued success of Libre by Yves Saint Laurent and in haircare with Kérastase and Garnier strengthen",OR.PA-management-133,insider_only
6.731,9.845,10.684,OR.PA-management-2021-04-01-2021-04-01-annual-report-2020,management,consequence,1,The Zone returned to positive territory in the second half of the year.,OR.PA-management-133,insider_only
6.218,9.746,10.507,OR.PA-management-2021-04-01-2021-04-01-annual-report-2020,management,consequence,1,"The Consumer Products Division stabilised in the second half, thanks to strong growth in skincare and market share gains",OR.PA-management-133,insider_only
5.447,9.362,9.191,OR.PA-management-2021-04-01-2021-04-01-annual-report-2020,management,consequence,1,L’Oréal Luxe accelerated with strong fragrance launches and freed up resources to re-invest in consumer touchpoints and ,OR.PA-management-133,insider_only
6.66,10.088,10.56,OR.PA-management-2021-04-01-2021-04-01-annual-report-2020,management,consequence,1,"The Professional Products Division gained market share and achieved a solid performance in the second half of the year, ",OR.PA-management-133,insider_only
5.656,9.908,10.627,OR.PA-management-2021-04-01-2021-04-01-annual-report-2020,management,consequence,1,"The Active Cosmetics Division performed remarkably well, notably with CeraVe, La Roche-Posay and SkinCeuticals, signific",OR.PA-management-133,insider_only
7.124,4.192,6.862,OR.PA-management-2021-04-01-2021-04-01-annual-report-2020,management,consequence,-1,The Zone was severely impacted by the pandemic with the widespread closure of points of sale.,OR.PA-management-133,insider_only
6.65,9.943,10.672,OR.PA-management-2021-04-01-2021-04-01-annual-report-2020,management,consequence,1,"Performance was very contrasted from one Division and quarter to another, with a strong recovery in the second half of t",OR.PA-management-133,insider_only
6.299,9.832,10.77,OR.PA-management-2021-04-01-2021-04-01-annual-report-2020,management,consequence,1,"All Divisions saw a return to growth in the second half, particularly the Active Cosmetics Division which posted double-",OR.PA-management-133,insider_only
7.763,10.456,9.828,OR.PA-management-2021-04-01-2021-04-01-annual-report-2020,management,consequence,1,"The focus on digital strengthened consumer engagement and boosted e-commerce, which recorded triple-digit growth, most n",OR.PA-management-133,insider_only
7.254,9.622,10.195,OR.PA-management-2021-04-01-2021-04-01-annual-report-2020,management,consequence,1,Mainland China grew +27.0% like-for-like and +24.1% based on reported figures.,OR.PA-management-133,insider_only
6.895,9.668,10.452,OR.PA-management-2021-04-01-2021-04-01-annual-report-2020,management,consequence,1,The market seeing a return to growth in the fourth quarter.,OR.PA-management-133,insider_only
5.444,8.551,9.318,OR.PA-management-2021-04-01-2021-04-01-annual-report-2020,management,consequence,1,L’Oréal China significantly outperformed the market with double-digit growth in all Divisions.,OR.PA-management-133,insider_only
6.162,3.776,6.356,OR.PA-management-2021-04-01-2021-04-01-annual-report-2020,management,consequence,-1,"All countries and markets were affected by the pandemic and lockdown measures, except for the dermocosmetics which conti",OR.PA-management-133,insider_only
7.423,9.942,10.467,OR.PA-management-2021-04-01-2021-04-01-annual-report-2020,management,consequence,1,"The Czech Republic/Slovakia/Hungary hub resisted well, Romania and Ukraine recorded growth, while Russia and Turkey were",OR.PA-management-133,insider_only
5.343,9.554,9.737,OR.PA-management-2021-04-01-2021-04-01-annual-report-2020,management,consequence,1,"The Active Cosmetics, Professional Products and L’Oréal Luxe Divisions gained significant market share, while the Consum",OR.PA-management-133,insider_only
7.748,10.448,9.876,OR.PA-management-2021-04-01-2021-04-01-annual-report-2020,management,consequence,1,E-commerce growth was very dynamic.,OR.PA-management-133,insider_only
6.815,9.811,10.603,OR.PA-management-2021-04-01-2021-04-01-annual-report-2020,management,consequence,1,"In the rest of the Asia Pacific Zone, the situation improved in the second half of the year.",OR.PA-management-133,insider_only
7.463,9.113,10.22,OR.PA-management-2021-04-01-2021-04-01-annual-report-2020,management,consequence,1,"Sales increased in the countries least affected by the pandemic such as Australia, New Zealand and Vietnam.",OR.PA-management-133,insider_only
5.798,9.392,10.499,OR.PA-management-2021-04-01-2021-04-01-annual-report-2020,management,consequence,1,"The makeup market remained depressed, but the marketing shift towards haircare and skincare led to steady growth quarter",OR.PA-management-133,insider_only
7.749,10.431,9.858,OR.PA-management-2021-04-01-2021-04-01-annual-report-2020,management,consequence,1,E-commerce was a powerful growth driver.,OR.PA-management-133,insider_only
6.002,9.593,10.445,OR.PA-management-2021-04-01-2021-04-01-annual-report-2020,management,consequence,1,"In India, after a first half marked by store closures, both haircare and skincare returned to growth.",OR.PA-management-133,insider_only
6.074,3.694,7.694,OR.PA-management-2021-04-01-2021-04-01-annual-report-2020,management,consequence,-1,Hong Kong suffered from a lack of tourism.,OR.PA-management-133,insider_only
5.356,9.548,9.729,OR.PA-management-2021-04-01-2021-04-01-annual-report-2020,management,consequence,1,"The L’Oréal Luxe and Active Cosmetics Divisions achieved significant market share gains in all the main markets, particu",OR.PA-management-133,insider_only
5.73,10.083,10.732,OR.PA-management-2021-04-01-2021-04-01-annual-report-2020,management,consequence,1,The growth of Active Cosmetics was driven by La Roche-Posay and CeraVe.,OR.PA-management-133,insider_only
5.7,9.99,10.038,OR.PA-management-2021-04-01-2021-04-01-annual-report-2020,management,consequence,1,"The Consumer Products Division saw an improvement in skincare, thanks to the performance of Garnier.",OR.PA-management-133,insider_only
6.788,9.907,10.694,OR.PA-management-2021-04-01-2021-04-01-annual-report-2020,management,consequence,1,"The Zone managed good performance in the second half, despite the lockdown measures implemented in the countries.",OR.PA-management-133,insider_only
5.849,9.893,10.826,OR.PA-management-2021-04-01-2021-04-01-annual-report-2020,management,consequence,1,"Growth was driven by Morocco and Egypt, and by the Active Cosmetics Division.",OR.PA-management-133,insider_only
10.215,5.902,7.552,OR.PA-management-2022-02-09-2022-02-09-annual-results-2021,management,consequence,1,"The IFRIC 2021 interpretation on IAS19 ""Employee Benefits"" on Attributing Benefit to Periods of Service led to a movemen",OR.PA-management-123,insider_only
8.598,8.218,9.176,OR.PA-management-2022-02-09-2022-02-09-annual-results-2021,management,consequence,1,"The increase in net profit attributable to owners of the company from €3,563.4 million in 2020 to €4,597.1 million in 20",OR.PA-management-123,insider_only
8.717,8.097,9.17,OR.PA-management-2022-02-09-2022-02-09-annual-results-2021,management,consequence,1,"The increase in other comprehensive income from €-2,081.3 million in 2020 to €2,044.3 million in 2021.",OR.PA-management-123,insider_only
8.68,8.171,9.181,OR.PA-management-2022-02-09-2022-02-09-annual-results-2021,management,consequence,1,"The increase in consolidated comprehensive income from €1,486.3 million in 2020 to €6,646.5 million in 2021.",OR.PA-management-123,insider_only
7.491,3.554,5.99,OR.PA-management-2022-02-09-2022-02-09-annual-results-2021,management,consequence,-1,The profitability of the Active Cosmetics Division decreased by 20 basis points.,OR.PA-management-123,insider_only
9.779,5.47,7.509,OR.PA-management-2022-02-09-2022-02-09-annual-results-2021,management,consequence,-1,Non-allocated expenses amounted to 919.4 million euros.,OR.PA-management-123,insider_only
9.815,5.548,7.552,OR.PA-management-2022-02-09-2022-02-09-annual-results-2021,management,consequence,-1,Net finance costs amounted to 59 million euros.,OR.PA-management-123,insider_only
9.548,5.306,7.517,OR.PA-management-2022-02-09-2022-02-09-annual-results-2021,management,consequence,-1,"Income tax excluding non-recurrent items amounted to 1,535 million euros.",OR.PA-management-123,insider_only
9.567,5.342,7.531,OR.PA-management-2022-02-09-2022-02-09-annual-results-2021,management,consequence,-1,Non-recurring items after non-controlling interests amounted to 341.4 million euros net of tax.,OR.PA-management-123,insider_only
7.067,10.294,10.016,OR.PA-management-2022-02-09-2022-02-09-annual-results-2021,management,precursor,1,The strong performance of North America and North Asia as primary growth contributors.,OR.PA-management-123,insider_only
7.023,9.453,9.72,OR.PA-management-2022-02-09-2022-02-09-annual-results-2021,management,precursor,1,Reorganisation in Europe leading to significant market share gains and return to 2019 levels.,OR.PA-management-123,insider_only
6.508,9.714,8.885,OR.PA-management-2022-02-09-2022-02-09-annual-results-2021,management,precursor,1,Agility demonstrated in volatile public health situations in SAPMENA-SSA and Latin America.,OR.PA-management-123,insider_only
5.405,9.526,9.05,OR.PA-management-2022-02-09-2022-02-09-annual-results-2021,management,precursor,1,L’Oréal Luxe becoming the Group’s largest Division with success in fragrances.,OR.PA-management-123,insider_only
6.1,9.902,10.001,OR.PA-management-2022-02-09-2022-02-09-annual-results-2021,management,precursor,1,Consumer Products Division strengthening its position with noteworthy performance in makeup.,OR.PA-management-123,insider_only
6.679,10.546,10.162,OR.PA-management-2022-02-09-2022-02-09-annual-results-2021,management,precursor,1,Professional Products Division’s transformation and becoming truly omnichannel.,OR.PA-management-123,insider_only
5.93,9.907,10.9,OR.PA-management-2022-02-09-2022-02-09-annual-results-2021,management,precursor,1,"Active Cosmetics achieving spectacular growth, doubling in four years.",OR.PA-management-123,insider_only
7.667,10.49,9.751,OR.PA-management-2022-02-09-2022-02-09-annual-results-2021,management,precursor,1,Extension of digital lead with e-commerce growth.,OR.PA-management-123,insider_only
6.933,9.895,8.185,OR.PA-management-2022-02-09-2022-02-09-annual-results-2021,management,precursor,1,"Investment in data and artificial intelligence, and strategic partnerships like the alliance with Verily.",OR.PA-management-123,insider_only
6.635,9.433,8.808,OR.PA-management-2022-02-09-2022-02-09-annual-results-2021,management,precursor,1,Rigorous cost control enabling investment in brands and increased appeal.,OR.PA-management-123,insider_only
6.981,8.847,7.641,OR.PA-management-2022-02-09-2022-02-09-annual-results-2021,management,precursor,1,Record redistribution of profit-sharing schemes for employees.,OR.PA-management-123,insider_only
5.73,10.116,7.207,OR.PA-management-2022-02-09-2022-02-09-annual-results-2021,management,precursor,1,Offering job opportunities to young people under 30 as part of the 'L'Oréal For Youth' programme.,OR.PA-management-123,insider_only
5.806,10.275,7.608,OR.PA-management-2022-02-09-2022-02-09-annual-results-2021,management,precursor,1,Achievement of carbon neutrality for all L’Oréal USA sites.,OR.PA-management-123,insider_only
6.614,8.705,7.064,OR.PA-management-2022-02-09-2022-02-09-annual-results-2021,management,precursor,1,Strategic transaction of L'Oréal buying back 4% of its own shares held by Nestlé.,OR.PA-management-123,insider_only
5.316,9.52,9.609,OR.PA-management-2022-02-09-2022-02-09-annual-results-2021,management,consequence,1,"L’Oréal Paris increased its market share gains in Brazil, Mexico and Chile, thanks to the highly successful launch of El",OR.PA-management-123,insider_only
5.933,10.445,10.695,OR.PA-management-2022-02-09-2022-02-09-annual-results-2021,management,consequence,1,"La Roche-Posay posted significant market share gains; continuing to grow rapidly, CeraVe more than doubled its sales in ",OR.PA-management-123,insider_only
5.438,10.481,7.879,OR.PA-management-2022-02-09-2022-02-09-annual-results-2021,management,consequence,1,L’Oréal won the “Parité du Top 100” Special Award given at the 8th edition of the Awards for the Feminisation of the Gov,OR.PA-management-123,insider_only
5.734,9.899,8.041,OR.PA-management-2022-02-09-2022-02-09-annual-results-2021,management,precursor,1,"L’Oréal announced the launch of the largest ever fragrance disclosure model, to strengthen its commitment to transparenc",OR.PA-management-123,insider_only
5.541,10.412,7.759,OR.PA-management-2022-02-09-2022-02-09-annual-results-2021,management,consequence,1,"L’Oréal received HRH The Prince of Wales’s Terra Carta 2021 Seal, which recognises global companies driving innovation a",OR.PA-management-123,insider_only
5.704,10.286,7.961,OR.PA-management-2022-02-09-2022-02-09-annual-results-2021,management,consequence,1,L’Oréal Water Saver was named a top innovation of 2021 by TIME Magazine.,OR.PA-management-123,insider_only
5.553,10.462,7.776,OR.PA-management-2022-02-09-2022-02-09-annual-results-2021,management,consequence,1,L’Oréal was recognised for leadership in corporate sustainability by global environmental non-profit CDP.,OR.PA-management-123,insider_only
5.477,10.472,7.772,OR.PA-management-2022-02-09-2022-02-09-annual-results-2021,management,consequence,1,"L'Oréal was recognised by S&P for its outstanding sustainability performance, receiving a score of 85 out of 100.",OR.PA-management-123,insider_only
6.259,9.13,6.479,OR.PA-management-2022-02-09-2022-02-09-annual-results-2021,management,consequence,1,"L'Oréal completed its acquisition of Youth to the People, an American company based in California that develops high-per",OR.PA-management-123,insider_only
5.706,10.052,8.046,OR.PA-management-2022-02-09-2022-02-09-annual-results-2021,management,precursor,1,L'Oréal unveiled its latest Beauty Tech innovations to reinvent the entire hair-colouring category.,OR.PA-management-123,insider_only
5.933,9.831,7.451,OR.PA-management-2022-02-09-2022-02-09-annual-results-2021,management,precursor,1,"L'Oréal and Verily, an Alphabet precision health company, announced an exclusive beauty partnership to advance skin heal",OR.PA-management-123,insider_only
5.463,10.513,7.865,OR.PA-management-2022-02-09-2022-02-09-annual-results-2021,management,consequence,1,L’Oréal was recognised by Bloomberg Gender-Equality Index 2022 for the 5th consecutive year.,OR.PA-management-123,insider_only
6.531,8.517,7.013,OR.PA-management-2022-02-09-2022-02-09-annual-results-2021,management,precursor,1,"The Board of Directors of L’Oréal cancelled the 22,260,000 L’Oréal shares repurchased from Nestlé.",OR.PA-management-123,insider_only
6.177,3.936,8.032,OR.PA-management-2022-02-09-2022-02-09-annual-results-2021,management,precursor,-1,Public health restrictions and their adverse effect on footfall.,OR.PA-management-123,insider_only
5.454,10.319,10.048,OR.PA-management-2022-02-09-2022-02-09-annual-results-2021,management,consequence,1,Success of premium skincare Lancôme Absolue and Helena Rubinstein.,OR.PA-management-123,insider_only
5.26,10.11,9.824,OR.PA-management-2022-02-09-2022-02-09-annual-results-2021,management,consequence,1,Strong performance of Yves Saint Laurent and Shu Uemura.,OR.PA-management-123,insider_only
6.622,10.538,10.205,OR.PA-management-2022-02-09-2022-02-09-annual-results-2021,management,consequence,1,Growth driver of the Professional Products Division: Kérastase.,OR.PA-management-123,insider_only
5.843,9.926,10.828,OR.PA-management-2022-02-09-2022-02-09-annual-results-2021,management,consequence,1,"Active Cosmetics growth continued, fueled by La Roche-Posay and SkinCeuticals.",OR.PA-management-123,insider_only
5.414,9.609,9.292,OR.PA-management-2022-02-09-2022-02-09-annual-results-2021,management,consequence,1,"Remarkable acceleration of its premium haircare range, L’Oréal Paris.",OR.PA-management-123,insider_only
5.949,9.521,10.425,OR.PA-management-2022-02-09-2022-02-09-annual-results-2021,management,consequence,1,"Strong double-digit growth in 2021, twice that of the beauty market.",OR.PA-management-123,insider_only
7.413,9.664,10.27,OR.PA-management-2022-02-09-2022-02-09-annual-results-2021,management,consequence,1,Like-for-like growth of more than 50% compared with 2019.,OR.PA-management-123,insider_only
5.461,8.551,9.357,OR.PA-management-2022-02-09-2022-02-09-annual-results-2021,management,consequence,1,"Double 11 festival on Tmall, L'Oréal broke all records and reported further market share gains.",OR.PA-management-123,insider_only
5.579,10.45,9.542,OR.PA-management-2022-02-09-2022-02-09-annual-results-2021,management,consequence,1,Winning the Best Innovation award from ByteDance (TikTok).,OR.PA-management-123,insider_only
7.081,9.616,9.908,OR.PA-management-2022-02-09-2022-02-09-annual-results-2021,management,consequence,1,Booming business in Hainan.,OR.PA-management-123,insider_only
7.72,10.387,9.78,OR.PA-management-2022-02-09-2022-02-09-annual-results-2021,management,consequence,1,E-commerce accelerated in a volatile context related to the resurgence of the pandemic.,OR.PA-management-123,insider_only
7.113,9.781,10.288,OR.PA-management-2022-02-09-2022-02-09-annual-results-2021,management,consequence,1,"Return to pre-Covid levels in the fourth quarter, with Vietnam achieving remarkable performance.",OR.PA-management-123,insider_only
7.436,9.872,10.182,OR.PA-management-2022-02-09-2022-02-09-annual-results-2021,management,consequence,1,"Growth momentum maintained by the Gulf region, hosting the World Expo in Dubai.",OR.PA-management-123,insider_only
5.762,9.943,9.973,OR.PA-management-2022-02-09-2022-02-09-annual-results-2021,management,consequence,1,"Good performance of the Consumer Products Division, thanks to Garnier’s haircare lines and the gradual recovery of Maybe",OR.PA-management-123,insider_only
5.193,10.058,9.847,OR.PA-management-2022-02-09-2022-02-09-annual-results-2021,management,consequence,1,"Exceptional performance in fragrances, with Yves Saint Laurent and Armani.",OR.PA-management-123,insider_only
6.642,10.533,10.225,OR.PA-management-2022-02-09-2022-02-09-annual-results-2021,management,consequence,1,Growth for the Professional Products Division was driven by Kérastase.,OR.PA-management-123,insider_only
5.662,10.353,10.402,OR.PA-management-2022-02-09-2022-02-09-annual-results-2021,management,consequence,1,"Dynamic growth in skincare, powered by La Roche-Posay and CeraVe.",OR.PA-management-123,insider_only
5.516,10.388,10.46,OR.PA-management-2022-02-09-2022-02-09-annual-results-2021,management,consequence,1,"Remarkable performance, thanks to the exceptional dynamism of La Roche-Posay.",OR.PA-management-123,insider_only
5.32,9.563,9.992,OR.PA-management-2022-02-09-2022-02-09-annual-results-2021,management,consequence,1,Strong market share gains in fragrances in South Africa.,OR.PA-management-123,insider_only
5.258,10.084,9.816,OR.PA-management-2022-02-09-2022-02-09-annual-results-2021,management,consequence,1,"Very strong performance from Dark & Lovely and Nice & Lovely, as well as Maybelline New York.",OR.PA-management-123,insider_only
8.916,3.933,7.516,OR.PA-management-2022-02-09-2022-02-09-annual-results-2021,management,precursor,-1,Temporary store closures in the first half.,OR.PA-management-123,insider_only
6.211,3.928,8.077,OR.PA-management-2022-02-09-2022-02-09-annual-results-2021,management,precursor,-1,Lower footfall throughout the year.,OR.PA-management-123,insider_only
7.014,9.603,10.175,OR.PA-management-2022-02-09-2022-02-09-annual-results-2021,management,consequence,1,"Significant market share gains, with remarkable performance in Mexico, Brazil and Chile.",OR.PA-management-123,insider_only
7.796,10.232,9.919,OR.PA-management-2022-02-09-2022-02-09-annual-results-2021,management,consequence,1,Growth driven by e-commerce and offline sales.,OR.PA-management-123,insider_only
5.593,10.481,9.789,OR.PA-management-2022-02-09-2022-02-09-annual-results-2021,management,consequence,1,Launch of superior innovations as well as the success of iconic brands and products.,OR.PA-management-123,insider_only
5.778,10.603,9.981,OR.PA-management-2022-02-09-2022-02-09-annual-results-2021,management,consequence,1,Highly successful launch of Elsève Hidra Hialurônico and the activation of Revitalift.,OR.PA-management-123,insider_only
6.255,10.484,10.743,OR.PA-management-2022-02-09-2022-02-09-annual-results-2021,management,consequence,1,"Significant market share gains; continuing to grow rapidly, CeraVe more than doubled its sales in the Zone.",OR.PA-management-123,insider_only
9.527,6.016,7.501,OR.PA-management-2022-03-20-2022-03-20-consolidated-financial-statem,management,precursor,-1,"A provision is made for obsolete and slow-moving inventories on the basis of their probable net realisable value, estima",OR.PA-management-153,insider_only
8.732,6.586,3.381,OR.PA-management-2022-03-20-2022-03-20-consolidated-financial-statem,management,precursor,-1,"Uncertainties concerning the decision to launch products relating to novation projects, L’Oréal considers that some of t",OR.PA-management-153,insider_only
11.387,4.863,9.673,OR.PA-management-2022-03-20-2022-03-20-consolidated-financial-statem,management,precursor,-1,A 50 basis point decrease in the discount rates would increase the projected defined benefit obligations.,OR.PA-management-153,insider_only
9.712,6.529,7.384,OR.PA-management-2022-03-20-2022-03-20-consolidated-financial-statem,management,precursor,1,The decision published in late May 2021 states that rights vested over the period prior to retirement age should be attr,OR.PA-management-153,insider_only
10.583,3.685,6.792,OR.PA-management-2022-03-20-2022-03-20-consolidated-financial-statem,management,precursor,1,"The Group applied the amendment to IFRS 16, adopted by the European Union on 12 October 2020 and on 31 March 2021, relat",OR.PA-management-153,insider_only
10.482,3.516,6.754,OR.PA-management-2022-03-20-2022-03-20-consolidated-financial-statem,management,consequence,1,"The change in accounting policy applied at 1 January 2019 for IFRS 16 'Leases', which required the recognition of a righ",OR.PA-management-153,insider_only
10.753,3.971,7.017,OR.PA-management-2022-03-20-2022-03-20-consolidated-financial-statem,management,consequence,1,"The application of IFRIC 23 'Uncertainty Over Income Tax Treatments' since 1 January 2019, which led to the reclassifica",OR.PA-management-153,insider_only
6.843,8.866,7.395,OR.PA-management-2022-03-20-2022-03-20-consolidated-financial-statem,management,precursor,1,"The implementation of a replacement scheme for acquired rights in accordance with Order no. 2019-697, following publicat",OR.PA-management-153,insider_only
11.164,4.698,9.597,OR.PA-management-2022-03-20-2022-03-20-consolidated-financial-statem,management,precursor,1,A change of 1% point in medical cost inflation impacts the projected benefit obligation and current service cost and int,OR.PA-management-153,insider_only
9.373,3.958,7.475,OR.PA-management-2022-03-20-2022-03-20-consolidated-financial-statem,management,consequence,-1,"Restructuring costs in 2021, including ongoing restructuring of divisions and site closures.",OR.PA-management-153,insider_only
8.569,3.987,6.495,OR.PA-management-2022-03-20-2022-03-20-consolidated-financial-statem,management,consequence,-1,"Impairment of tangible and intangible assets in 2021, including goodwill and brand impairments.",OR.PA-management-153,insider_only
8.542,4.223,6.615,OR.PA-management-2022-03-20-2022-03-20-consolidated-financial-statem,management,consequence,-1,Capital gains and losses on disposals of tangible and intangible assets in 2021.,OR.PA-management-153,insider_only
9.283,5.314,7.696,OR.PA-management-2022-03-20-2022-03-20-consolidated-financial-statem,management,consequence,1,Other non-recurring income and expense items that are material to the consolidated financial statements in 2021.,OR.PA-management-153,insider_only
9.763,5.08,7.384,OR.PA-management-2022-03-20-2022-03-20-consolidated-financial-statem,management,consequence,-1,The €262 million expense to cover an agreement made with the French tax administration regarding a disagreement over whi,OR.PA-management-153,insider_only
5.942,8.616,6.34,OR.PA-management-2022-03-20-2022-03-20-consolidated-financial-statem,management,consequence,-1,L'Oréal's acquisition of Takami Co. in 2021.,OR.PA-management-153,insider_only
6.133,8.957,6.315,OR.PA-management-2022-03-20-2022-03-20-consolidated-financial-statem,management,consequence,1,L'Oréal's acquisition of Mugler and Azzaro brands in 2020.,OR.PA-management-153,insider_only
6.187,9.004,6.427,OR.PA-management-2022-03-20-2022-03-20-consolidated-financial-statem,management,consequence,1,L'Oréal's acquisition of Thayers Natural Remedies in 2020.,OR.PA-management-153,insider_only
5.928,4.677,6.469,OR.PA-management-2022-03-20-2022-03-20-consolidated-financial-statem,management,consequence,-1,L'Oréal's sale of the Roger & Gallet brand in 2020.,OR.PA-management-153,insider_only
6.39,9.477,7.062,OR.PA-management-2022-03-20-2022-03-20-consolidated-financial-statem,management,precursor,1,L'Oréal's acquisition of Youth to the People in 2021.,OR.PA-management-153,insider_only
6.59,8.929,7.074,OR.PA-management-2022-03-20-2022-03-20-consolidated-financial-statem,management,precursor,1,L'Oréal's repurchase of its own shares from Nestlé in 2021.,OR.PA-management-153,insider_only
8.567,6.934,9.278,OR.PA-management-2022-03-20-2022-03-20-consolidated-financial-statem,management,consequence,1,Changes in exchange rates had a positive impact on other movements.,OR.PA-management-153,insider_only
8.16,3.558,6.337,OR.PA-management-2022-03-20-2022-03-20-consolidated-financial-statem,management,consequence,-1,Impairment losses on Clarisonic and Roger & Gallet were recognized.,OR.PA-management-153,insider_only
7.91,3.265,5.68,OR.PA-management-2022-03-20-2022-03-20-consolidated-financial-statem,management,consequence,-1,Impairment of the brand Magic due to exacerbated competition on the masks market in China.,OR.PA-management-153,insider_only
8.134,3.147,5.752,OR.PA-management-2022-03-20-2022-03-20-consolidated-financial-statem,management,consequence,-1,"Accumulated impairment losses relating to brands amounted to €90.4 million on Clarisonic, €51.4 million on Softsheen-Car",OR.PA-management-153,insider_only
7.582,8.624,7.091,OR.PA-management-2022-03-20-2022-03-20-consolidated-financial-statem,management,precursor,-1,"The Group issued commercial paper (€2,300 million) and took out a bridging loan (€1,904 million) to finance the repurcha",OR.PA-management-153,insider_only
7.871,3.895,8.956,OR.PA-management-2022-03-20-2022-03-20-consolidated-financial-statem,management,consequence,1,The fall in euro interest rates is now reflected by drawdowns of short-term marketable instruments with negative interes,OR.PA-management-153,insider_only
7.767,3.361,5.838,OR.PA-management-2022-03-20-2022-03-20-consolidated-financial-statem,management,consequence,-1,An impairment loss on the IT Cosmetics cash-generating unit was recorded for €254.7 million in view of adverse events an,OR.PA-management-153,insider_only
7.668,2.598,9.382,OR.PA-management-2022-03-20-2022-03-20-consolidated-financial-statem,management,precursor,-1,A 1% decrease in the terminal growth rate on all the Group’s Cash Generating Units would lead to an impairment loss risk,OR.PA-management-153,insider_only
7.604,2.486,9.337,OR.PA-management-2022-03-20-2022-03-20-consolidated-financial-statem,management,precursor,-1,A 1-point decrease in the margin rate over the business plan period on all the Group’s Cash Generating Units would lead ,OR.PA-management-153,insider_only
7.703,2.508,9.449,OR.PA-management-2022-03-20-2022-03-20-consolidated-financial-statem,management,precursor,-1,A 1% increase in the discount rate on all the Group’s Cash Generating Units would lead to an impairment loss risk of aro,OR.PA-management-153,insider_only
7.62,3.495,5.973,OR.PA-management-2022-03-20-2022-03-20-consolidated-financial-statem,management,consequence,-1,The recognition of an impairment loss on IT Cosmetics had a negative impact on the financial performance.,OR.PA-management-153,insider_only
7.702,3.459,5.989,OR.PA-management-2022-03-20-2022-03-20-consolidated-financial-statem,management,consequence,-1,"The accumulated impairment losses relating to IT Cosmetics, L’Oréal Beauty Device, Magic, Softsheen-Carson and Yue Sai h",OR.PA-management-153,insider_only
8.004,3.555,6.484,OR.PA-management-2022-03-20-2022-03-20-consolidated-financial-statem,management,consequence,-1,The recognition of an impairment loss on Clarisonic had a negative impact on the financial performance.,OR.PA-management-153,insider_only
7.702,3.434,5.9,OR.PA-management-2022-03-20-2022-03-20-consolidated-financial-statem,management,consequence,-1,"The accumulated impairment losses relating to L’Oréal Beauty Device, Magic, Softsheen-Carson and Yue Sai had a negative ",OR.PA-management-153,insider_only
7.986,3.591,6.567,OR.PA-management-2022-03-20-2022-03-20-consolidated-financial-statem,management,consequence,-1,The recognition of impairment losses on Clarisonic and Roger & Gallet had a negative impact on the financial performance,OR.PA-management-153,insider_only
7.687,3.462,5.929,OR.PA-management-2022-03-20-2022-03-20-consolidated-financial-statem,management,consequence,-1,"The accumulated impairment losses relating to L’Oréal Beauty Device, Magic, and Softsheen-Carson had a negative impact o",OR.PA-management-153,insider_only
8.617,5.539,6.402,OR.PA-management-2022-03-20-2022-03-20-consolidated-financial-statem,management,consequence,-1,Foreign exchange gains and losses resulting from the difference between the value of foreign currency operating income a,OR.PA-management-153,insider_only
8.971,6.351,8.713,OR.PA-management-2022-03-20-2022-03-20-consolidated-financial-statem,management,precursor,-1,An increase of 100 basis points in interest rates would have had a direct negative impact of -€18.2 million on the Group,OR.PA-management-153,insider_only
8.297,7.207,7.534,OR.PA-management-2022-03-20-2022-03-20-consolidated-financial-statem,management,precursor,-1,A change of plus or minus 10% in the market price of Sanofi shares relative to the market price of €88.58 on 31 December,OR.PA-management-153,insider_only
8.658,4.125,6.623,OR.PA-management-2022-03-20-2022-03-20-consolidated-financial-statem,management,consequence,-1,Depreciation and net impairment losses on right-of-use assets.,OR.PA-management-153,insider_only
9.028,4.849,8.003,OR.PA-management-2022-03-20-2022-03-20-consolidated-financial-statem,management,consequence,-1,Increase in lease debt due in more than 5 years.,OR.PA-management-153,insider_only
9.053,4.836,8.011,OR.PA-management-2022-03-20-2022-03-20-consolidated-financial-statem,management,consequence,-1,Increase in lease debt due in between 1 and 5 years.,OR.PA-management-153,insider_only
9.057,4.819,7.989,OR.PA-management-2022-03-20-2022-03-20-consolidated-financial-statem,management,consequence,-1,Increase in lease debt due in less than 1 year.,OR.PA-management-153,insider_only
8.571,5.011,8.191,OR.PA-management-2022-03-20-2022-03-20-consolidated-financial-statem,management,consequence,-1,Increase in inventories due to higher finished products and consumables.,OR.PA-management-153,insider_only
8.583,4.992,8.165,OR.PA-management-2022-03-20-2022-03-20-consolidated-financial-statem,management,consequence,-1,"Increase in inventories due to higher raw materials, packaging, and semi-finished products.",OR.PA-management-153,insider_only
8.694,5.051,8.116,OR.PA-management-2022-03-20-2022-03-20-consolidated-financial-statem,management,consequence,-1,Increase in trade accounts receivable due to higher gross value.,OR.PA-management-153,insider_only
8.891,4.936,7.97,OR.PA-management-2022-03-20-2022-03-20-consolidated-financial-statem,management,consequence,-1,Increase in other current assets due to higher tax and employee-related receivables.,OR.PA-management-153,insider_only
8.884,4.909,7.992,OR.PA-management-2022-03-20-2022-03-20-consolidated-financial-statem,management,consequence,-1,Increase in other current assets due to higher prepaid expenses.,OR.PA-management-153,insider_only
8.88,4.865,7.938,OR.PA-management-2022-03-20-2022-03-20-consolidated-financial-statem,management,consequence,-1,Increase in other current liabilities due to higher tax and employee-related payables.,OR.PA-management-153,insider_only
8.905,4.912,8.003,OR.PA-management-2022-03-20-2022-03-20-consolidated-financial-statem,management,consequence,-1,Increase in other current liabilities due to higher credit balances on trade receivables.,OR.PA-management-153,insider_only
10.259,6.266,7.577,OR.PA-management-2022-03-20-2022-03-20-consolidated-financial-statem,management,precursor,-1,"The cost of the additional 2-year holding period applicable to French residents, for plans prior to 1 January 2016, is d",OR.PA-management-153,insider_only
10.26,6.466,7.71,OR.PA-management-2022-03-20-2022-03-20-consolidated-financial-statem,management,precursor,-1,The value of options or free shares granted as calculated at the grant date is expensed in the income statement over the,OR.PA-management-153,insider_only
10.125,6.384,7.646,OR.PA-management-2022-03-20-2022-03-20-consolidated-financial-statem,management,precursor,-1,"The fair value of free shares corresponds to the value of the share at the grant date, less dividends expected to be pai",OR.PA-management-153,insider_only
10.292,5.965,7.503,OR.PA-management-2022-03-20-2022-03-20-consolidated-financial-statem,management,precursor,-1,"The impact of IFRS 2 on profit for the period is booked on the Selling, general and administrative expenses item of the ",OR.PA-management-153,insider_only
9.948,5.638,7.526,OR.PA-management-2022-03-20-2022-03-20-consolidated-financial-statem,management,consequence,-1,"The expense recorded in 2021, 2020 and 2019 amounted to €152.3 million, €120.1 million and €143.2 million, respectively.",OR.PA-management-153,insider_only
6.944,8.806,7.559,OR.PA-management-2022-03-20-2022-03-20-consolidated-financial-statem,management,precursor,-1,"In September 2020, Group employees had the opportunity to join a Shareholding Plan based on a traditional format with di",OR.PA-management-153,insider_only
10.321,6.127,7.568,OR.PA-management-2022-03-20-2022-03-20-consolidated-financial-statem,management,precursor,-1,The IFRS 2 expense measuring the benefit offered to employees is calculated with reference to the fair value of the disc,OR.PA-management-153,insider_only
8.562,8.188,8.831,OR.PA-management-2022-03-20-2022-03-20-consolidated-financial-statem,management,consequence,1,"The capital was increased on 3 November 2020 by 452,967, including matching shares.",OR.PA-management-153,insider_only
10.311,6.312,7.616,OR.PA-management-2022-03-20-2022-03-20-consolidated-financial-statem,management,consequence,-1,The IFRS 2 expense for free shares recognised for the 2021 financial year amounted to €2.8 million and corresponds to th,OR.PA-management-153,insider_only
10.162,5.905,7.569,OR.PA-management-2022-03-20-2022-03-20-consolidated-financial-statem,management,consequence,-1,The IFRS 2 expense amounted respectively to €9.7 million and €1.4 million in 2020 and 2019.,OR.PA-management-153,insider_only
8.322,7.17,7.524,OR.PA-management-2022-03-20-2022-03-20-consolidated-financial-statem,management,precursor,-1,A change of plus or minus 10% in the market price of Sanofi shares held by the Group would impact Group equity by plus o,OR.PA-management-153,insider_only
8.317,7.17,7.522,OR.PA-management-2022-03-20-2022-03-20-consolidated-financial-statem,management,consequence,-1,A change of plus or minus 10% in the market price of Sanofi shares held by the Group would impact Group equity by plus o,OR.PA-management-153,insider_only
8.887,6.66,3.346,OR.PA-management-2022-03-20-2022-03-20-consolidated-financial-statem,management,consequence,1,L'Oréal is challenging the legal grounds of the Brazilian IPI tax decree and has reversed the provision for the IPI coll,OR.PA-management-153,insider_only
8.817,6.627,3.293,OR.PA-management-2022-03-20-2022-03-20-consolidated-financial-statem,management,precursor,-1,"L'Oréal faces ongoing tax disputes in Brazil and India, which may result in financial outflows.",OR.PA-management-153,insider_only
8.865,6.677,3.309,OR.PA-management-2022-03-20-2022-03-20-consolidated-financial-statem,management,precursor,-1,"L'Oréal faces ongoing tax disputes in India regarding the tax deductibility of advertising, marketing, and promotional e",OR.PA-management-153,insider_only
8.955,6.861,3.588,OR.PA-management-2022-03-20-2022-03-20-consolidated-financial-statem,management,precursor,-1,L'Oréal has funded a provision for €35 million to partially cover the risk associated with the Brazilian IPI tax dispute,OR.PA-management-153,insider_only
8.756,6.57,3.109,OR.PA-management-2022-03-20-2022-03-20-consolidated-financial-statem,management,precursor,-1,"L'Oréal is subject to investigations by national competition authorities in several European countries, which may result",OR.PA-management-153,insider_only
8.906,6.241,2.129,OR.PA-management-2022-03-20-2022-03-20-consolidated-financial-statem,management,consequence,-1,The Greek competition authority condemned L’Oréal Hellas to pay a fine of €2.6 million for carrying out anti-competitive,OR.PA-management-153,insider_only
8.956,6.306,2.523,OR.PA-management-2022-03-20-2022-03-20-consolidated-financial-statem,management,consequence,1,The Greek Administrative Court of Appeal quashed the decision on 5 November 2018.,OR.PA-management-153,insider_only
8.936,6.253,2.473,OR.PA-management-2022-03-20-2022-03-20-consolidated-financial-statem,management,precursor,-1,The Greek competition authority lodged an appeal in the Second Court of Appeal on 28 January 2019.,OR.PA-management-153,insider_only
8.933,6.278,2.655,OR.PA-management-2022-03-20-2022-03-20-consolidated-financial-statem,management,precursor,-1,The decision by the Council of State is expected during the first-half of 2022.,OR.PA-management-153,insider_only
8.728,6.373,2.843,OR.PA-management-2022-03-20-2022-03-20-consolidated-financial-statem,management,consequence,1,The German competition authority filed a lawsuit in 2008 which was closed in 2015.,OR.PA-management-153,insider_only
8.754,6.518,3.026,OR.PA-management-2022-03-20-2022-03-20-consolidated-financial-statem,management,precursor,-1,Distributors filed lawsuits for damages against L’Oréal Germany which are still ongoing.,OR.PA-management-153,insider_only
8.72,6.61,2.642,OR.PA-management-2022-03-20-2022-03-20-consolidated-financial-statem,management,consequence,-1,The French competition authority handed down a fine of €189.5 million against L’Oréal in 2014.,OR.PA-management-153,insider_only
8.877,6.409,2.528,OR.PA-management-2022-03-20-2022-03-20-consolidated-financial-statem,management,consequence,-1,The Paris Court of Appeal upheld the fine on 27 October 2016.,OR.PA-management-153,insider_only
8.777,6.569,2.749,OR.PA-management-2022-03-20-2022-03-20-consolidated-financial-statem,management,precursor,-1,The Paris Court of Appeal's decision on the accusations of concerted practices with competitors is expected to have a ma,OR.PA-management-153,insider_only
9.217,3.836,6.805,OR.PA-management-2023-03-20-2023-03-20-consolidated-financial-statem,management,consequence,-1,The application of the IFRIC decision on SaaS contracts reduced retained earnings.,OR.PA-management-154,insider_only
11.387,4.863,9.673,OR.PA-management-2023-03-20-2023-03-20-consolidated-financial-statem,management,precursor,-1,A 50 basis point decrease in the discount rates would increase the projected defined benefit obligations.,OR.PA-management-154,insider_only
6.255,9.122,6.489,OR.PA-management-2023-03-20-2023-03-20-consolidated-financial-statem,management,consequence,1,"L'Oréal's acquisition of Youth to the People, a skincare company, completed on 29 December 2021.",OR.PA-management-154,insider_only
6.416,9.164,6.575,OR.PA-management-2023-03-20-2023-03-20-consolidated-financial-statem,management,consequence,1,"L'Oréal's acquisition of Skinbetter Science, a physician-dispensed American skincare brand, completed on 14 October 2022",OR.PA-management-154,insider_only
6.231,9.061,6.49,OR.PA-management-2023-03-20-2023-03-20-consolidated-financial-statem,management,consequence,1,"L'Oréal's acquisition of Takami Co., completed on 1 February 2021.",OR.PA-management-154,insider_only
6.15,9.031,6.491,OR.PA-management-2023-03-20-2023-03-20-consolidated-financial-statem,management,consequence,1,"L'Oréal's acquisition of Azzaro and Mugler brands, completed on 31 March 2020.",OR.PA-management-154,insider_only
6.205,9.003,6.461,OR.PA-management-2023-03-20-2023-03-20-consolidated-financial-statem,management,consequence,1,"L'Oréal's acquisition of Thayers Natural Remedies, completed on 31 July 2020.",OR.PA-management-154,insider_only
6.095,8.965,6.484,OR.PA-management-2023-03-20-2023-03-20-consolidated-financial-statem,management,consequence,1,"L'Oréal's sale of the Cosmeurop production site to Superga group, completed on 31 March 2021.",OR.PA-management-154,insider_only
6.192,9.039,6.709,OR.PA-management-2023-03-20-2023-03-20-consolidated-financial-statem,management,consequence,1,"L'Oréal's sale of the Roger & Gallet brand to Impala, completed on 29 June 2020.",OR.PA-management-154,insider_only
6.452,8.653,6.874,OR.PA-management-2023-03-20-2023-03-20-consolidated-financial-statem,management,consequence,1,"L'Oréal's repurchase of 22.26 million of its own shares from Nestlé, completed on 7 December 2021.",OR.PA-management-154,insider_only
7.68,8.753,7.083,OR.PA-management-2023-03-20-2023-03-20-consolidated-financial-statem,management,precursor,1,"L'Oréal's issuance of a €3 billion bond with ESG criteria, completed on 7 December 2021.",OR.PA-management-154,insider_only
8.877,4.886,6.591,OR.PA-management-2023-03-20-2023-03-20-consolidated-financial-statem,management,consequence,-1,"Actuarial gains and losses due to experience adjustments, demographic assumptions, and financial assumptions impacted th",OR.PA-management-154,insider_only
11.128,4.668,9.573,OR.PA-management-2023-03-20-2023-03-20-consolidated-financial-statem,management,precursor,-1,A change of 1% point in medical cost inflation would impact the projected benefit obligation and current service cost an,OR.PA-management-154,insider_only
8.116,3.494,6.033,OR.PA-management-2023-03-20-2023-03-20-consolidated-financial-statem,management,consequence,-1,Recognition of an impairment loss on Logocos.,OR.PA-management-154,insider_only
8.398,4.298,6.186,OR.PA-management-2023-03-20-2023-03-20-consolidated-financial-statem,management,consequence,-1,Final goodwill allocation of Youth To The People.,OR.PA-management-154,insider_only
7.674,3.454,5.856,OR.PA-management-2023-03-20-2023-03-20-consolidated-financial-statem,management,consequence,-1,Recognition of an impairment loss on IT Cosmetics.,OR.PA-management-154,insider_only
8.219,3.413,6.053,OR.PA-management-2023-03-20-2023-03-20-consolidated-financial-statem,management,consequence,-1,Discontinuation of the Clarisonic brand leading to impairment loss.,OR.PA-management-154,insider_only
8.182,3.205,5.895,OR.PA-management-2023-03-20-2023-03-20-consolidated-financial-statem,management,consequence,-1,The impairment of the brand Decléor resulted in a loss of €39 million.,OR.PA-management-154,insider_only
7.937,3.235,5.709,OR.PA-management-2023-03-20-2023-03-20-consolidated-financial-statem,management,consequence,-1,The goodwill of IT Cosmetics and the brand Magic resulted in impairments of €254.7 million and €82.8 million respectivel,OR.PA-management-154,insider_only
8.267,3.327,6.0,OR.PA-management-2023-03-20-2023-03-20-consolidated-financial-statem,management,consequence,-1,The residual brand and goodwill of Clarisonic resulted in impairments of €63.6 million and €24.6 million respectively du,OR.PA-management-154,insider_only
8.201,3.621,6.137,OR.PA-management-2023-03-20-2023-03-20-consolidated-financial-statem,management,consequence,-1,The loss resulting from the sale of Logocos for €114.6 million following the signing of an agreement on 2 December 2022.,OR.PA-management-154,insider_only
9.519,4.064,7.581,OR.PA-management-2023-03-20-2023-03-20-consolidated-financial-statem,management,precursor,-1,The continued restructuring of the sales forces in the Consumer Products Division in Europe (€14.5 million) and the reor,OR.PA-management-154,insider_only
9.483,4.004,7.551,OR.PA-management-2023-03-20-2023-03-20-consolidated-financial-statem,management,consequence,-1,The ongoing restructuring of the organisation and distribution of the Luxe and Professional Divisions in Europe (€60.8 m,OR.PA-management-154,insider_only
9.81,5.446,7.466,OR.PA-management-2023-03-20-2023-03-20-consolidated-financial-statem,management,consequence,-1,"Corporate philanthropy donations amounting to €25.3 million, exceptional costs associated with the conflict in Ukraine t",OR.PA-management-154,insider_only
9.482,4.883,7.327,OR.PA-management-2023-03-20-2023-03-20-consolidated-financial-statem,management,consequence,-1,"The reversal of a provision for disputes related to intellectual property (€45.6 million), the write-down of Earn-out St",OR.PA-management-154,insider_only
8.766,4.289,7.102,OR.PA-management-2023-03-20-2023-03-20-consolidated-financial-statem,management,consequence,-1,Certain specific and identifiable costs relating to the consequences of the public health crisis borne during the first ,OR.PA-management-154,insider_only
9.055,6.387,8.63,OR.PA-management-2023-03-20-2023-03-20-consolidated-financial-statem,management,consequence,1,"The effective interest rate on Group debt after allowing for hedging instruments was 1.68% in 2022, compared with -0.54%",OR.PA-management-154,insider_only
9.064,6.376,8.623,OR.PA-management-2023-03-20-2023-03-20-consolidated-financial-statem,management,consequence,1,The average debt interest rates after allowing for hedging instruments were 0.26% for Euro (EUR) and 2.18% for US dollar,OR.PA-management-154,insider_only
10.8,4.283,7.213,OR.PA-management-2023-03-20-2023-03-20-consolidated-financial-statem,management,precursor,1,The restatement of assets and liabilities relating to lease contracts results in the booking of deferred tax.,OR.PA-management-154,insider_only
10.843,4.201,7.195,OR.PA-management-2023-03-20-2023-03-20-consolidated-financial-statem,management,precursor,-1,Uncertain tax positions are recorded in the balance sheet under Non-current tax liabilities.,OR.PA-management-154,insider_only
10.763,4.319,7.252,OR.PA-management-2023-03-20-2023-03-20-consolidated-financial-statem,management,precursor,1,Deferred tax is measured using the tax rate enacted at the closing date and which will also apply when the temporary dif,OR.PA-management-154,insider_only
10.82,4.256,7.221,OR.PA-management-2023-03-20-2023-03-20-consolidated-financial-statem,management,precursor,-1,Deferred tax assets whose recovery is not considered probable are not recorded in the financial statements.,OR.PA-management-154,insider_only
8.605,5.519,6.42,OR.PA-management-2023-03-20-2023-03-20-consolidated-financial-statem,management,consequence,-1,Foreign exchange gains and losses resulting from the difference between the value of foreign currency operating income a,OR.PA-management-154,insider_only
8.922,6.408,8.763,OR.PA-management-2023-03-20-2023-03-20-consolidated-financial-statem,management,precursor,1,An increase of 100 basis points in interest rates would have had a direct positive impact of €9.8 million on the Group’s,OR.PA-management-154,insider_only
9.01,6.291,8.649,OR.PA-management-2023-03-20-2023-03-20-consolidated-financial-statem,management,precursor,-1,The impact of a 100 basis point rise in interest rates on the fair value of the Group’s fixed-rate financial assets and ,OR.PA-management-154,insider_only
10.278,6.434,7.704,OR.PA-management-2023-03-20-2023-03-20-consolidated-financial-statem,management,precursor,-1,The value of options or free shares granted is expensed in the income statement over the vesting period.,OR.PA-management-154,insider_only
10.301,6.084,7.563,OR.PA-management-2023-03-20-2023-03-20-consolidated-financial-statem,management,precursor,-1,The IFRS 2 expense measuring the benefit offered to employees is calculated with reference to the fair value of the disc,OR.PA-management-154,insider_only
8.887,6.64,3.325,OR.PA-management-2023-03-20-2023-03-20-consolidated-financial-statem,management,precursor,-1,"L'Oréal is challenging the legal grounds of the Brazilian IPI tax decree and its application, which could result in a fi",OR.PA-management-154,insider_only
8.93,6.823,3.502,OR.PA-management-2023-03-20-2023-03-20-consolidated-financial-statem,management,precursor,-1,"L'Oréal has received tax reassessment notices in India regarding the tax deductibility of advertising, marketing, and pr",OR.PA-management-154,insider_only
8.914,6.776,3.478,OR.PA-management-2023-03-20-2023-03-20-consolidated-financial-statem,management,precursor,-1,"L'Oréal has received tax reassessment notices in Brazil regarding the indirect IPI tax, which could result in a financia",OR.PA-management-154,insider_only
8.933,6.823,3.546,OR.PA-management-2023-03-20-2023-03-20-consolidated-financial-statem,management,consequence,-1,L'Oréal has funded a provision for €42 million to partially cover the risk associated with the Brazilian IPI tax challen,OR.PA-management-154,insider_only
8.162,3.113,5.722,OR.PA-management-2023-03-20-2023-03-20-consolidated-financial-statem,management,consequence,-1,"Accumulated impairment losses relating to brands amounted to €39 million on Decléor, €14.5 million on Logona and Santé, ",OR.PA-management-154,insider_only
7.979,3.221,5.661,OR.PA-management-2023-03-20-2023-03-20-consolidated-financial-statem,management,consequence,-1,"Including the impairment of the brand Magic (€83 million), due to the exacerbated competition on the masks market in Chi",OR.PA-management-154,insider_only
7.643,2.58,9.365,OR.PA-management-2023-03-20-2023-03-20-consolidated-financial-statem,management,precursor,-1,A 1% decrease in the terminal growth rate on all the Group’s Cash Generating Units would lead to an impairment loss risk,OR.PA-management-154,insider_only
7.711,2.525,9.453,OR.PA-management-2023-03-20-2023-03-20-consolidated-financial-statem,management,precursor,-1,A 1% increase in the discount rate on all the Group’s Cash Generating Units would lead to an impairment loss risk of aro,OR.PA-management-154,insider_only
7.619,2.531,9.349,OR.PA-management-2023-03-20-2023-03-20-consolidated-financial-statem,management,precursor,-1,A 1-point decrease in the margin rate over the business plan period on all the Group’s Cash Generating Units would lead ,OR.PA-management-154,insider_only
8.138,3.256,5.933,OR.PA-management-2023-03-20-2023-03-20-consolidated-financial-statem,management,consequence,-1,The impairment of brand Decléor led to a loss of €39 million.,OR.PA-management-154,insider_only
8.2,3.19,5.862,OR.PA-management-2023-03-20-2023-03-20-consolidated-financial-statem,management,consequence,-1,The impairment of brands Logona and Santé led to a combined loss of €14.5 million.,OR.PA-management-154,insider_only
8.072,3.172,5.759,OR.PA-management-2023-03-20-2023-03-20-consolidated-financial-statem,management,consequence,-1,The impairment of brand Magic led to a loss of €133.4 million.,OR.PA-management-154,insider_only
8.185,3.237,5.924,OR.PA-management-2023-03-20-2023-03-20-consolidated-financial-statem,management,consequence,-1,The impairment of brand Clarisonic led to a loss of €101.4 million.,OR.PA-management-154,insider_only
8.171,3.158,5.808,OR.PA-management-2023-03-20-2023-03-20-consolidated-financial-statem,management,consequence,-1,The impairment of brand Softsheen-Carson led to a loss of €56.5 million.,OR.PA-management-154,insider_only
8.229,3.173,5.912,OR.PA-management-2023-03-20-2023-03-20-consolidated-financial-statem,management,consequence,-1,The impairment of brand Yue-Sai led to a loss of €44.8 million.,OR.PA-management-154,insider_only
8.161,3.122,5.823,OR.PA-management-2023-03-20-2023-03-20-consolidated-financial-statem,management,consequence,-1,The impairment of brand Biomedic led to a loss of €14 million.,OR.PA-management-154,insider_only
5.446,10.343,7.26,OR.PA-management-2023-03-20-2023-03-20-consolidated-financial-statem,management,precursor,1,The variable portion of the Chief Executive Officer’s current remuneration incorporates quantitative and qualitative non,OR.PA-management-154,insider_only
9.565,5.132,7.584,OR.PA-management-2023-03-20-2023-03-20-consolidated-financial-statem,management,consequence,-1,"Lease commitments amounted to €122.7 million at 31 December 2022, compared with €257.9 million at 31 December 2021.",OR.PA-management-154,insider_only
9.243,5.382,7.693,OR.PA-management-2023-03-20-2023-03-20-consolidated-financial-statem,management,precursor,-1,"Other significant off-balance sheet commitments have been identified and measured, chiefly falling due within one year.",OR.PA-management-154,insider_only
7.944,7.659,7.406,OR.PA-management-2023-03-20-2023-03-20-consolidated-financial-statem,management,consequence,1,"Sanofi paid an extraordinary dividend in kind, distributing 58% of its Euroapi shares to its shareholders, resulting in ",OR.PA-management-154,insider_only
5.462,10.37,7.282,OR.PA-management-2023-03-20-2023-03-20-consolidated-financial-statem,management,precursor,1,The Group's ongoing efforts to bring its products in line with consumer demand as part of L'Oréal for the Future are inc,OR.PA-management-154,insider_only
7.564,9.654,8.431,OR.PA-management-2023-03-20-2023-03-20-consolidated-financial-statem,management,precursor,1,The Group's adaptation of its plants and product formulas has not led to any risk of production lines becoming obsolete ,OR.PA-management-154,insider_only
7.833,8.432,6.989,OR.PA-management-2023-03-20-2023-03-20-consolidated-financial-statem,management,precursor,1,The Group's syndicated loan from 19 banks (€5 billion) incorporates a mechanism whereby the margin is adjusted in line w,OR.PA-management-154,insider_only
7.862,8.686,7.089,OR.PA-management-2023-03-20-2023-03-20-consolidated-financial-statem,management,precursor,1,"The Group issued a €3 billion bond in three tranches, one of which a €1,250 million 4.25-year fixed rate Sustainability-",OR.PA-management-154,insider_only
8.215,8.563,7.057,OR.PA-management-2023-03-20-2023-03-20-consolidated-financial-statem,management,precursor,1,The Group's available cash is mainly invested in SRI SICAV money-market funds and term accounts.,OR.PA-management-154,insider_only
7.951,8.872,7.097,OR.PA-management-2023-03-20-2023-03-20-consolidated-financial-statem,management,precursor,1,The Group recorded a total of €157 million in non-current financial assets related to sustainable development activities,OR.PA-management-154,insider_only
7.536,9.26,6.941,OR.PA-management-2023-03-20-2023-03-20-consolidated-financial-statem,management,precursor,1,Investment in Circular Innovation Fund amounting to €50 million.,OR.PA-management-154,insider_only
7.473,9.319,6.986,OR.PA-management-2023-03-20-2023-03-20-consolidated-financial-statem,management,precursor,1,"Creation of a fund for Nature Regeneration to financially support projects to restore natural marine, forest and agricul",OR.PA-management-154,insider_only
7.418,9.25,6.885,OR.PA-management-2023-03-20-2023-03-20-consolidated-financial-statem,management,precursor,1,"Investment in start-ups (€42 million in total), including the Swiss environmental technology firm Gjosa, the French biot",OR.PA-management-154,insider_only
8.638,7.343,6.634,OR.PA-management-2023-03-20-2023-03-20-consolidated-financial-statem,management,precursor,1,The Group hedges a large part of its currency risk for the following year using derivatives based on operating budgets i,OR.PA-management-154,insider_only
8.649,7.35,6.62,OR.PA-management-2023-03-20-2023-03-20-consolidated-financial-statem,management,precursor,1,"The Group uses derivatives to hedge currency and interest rate risks, which are recorded on the balance sheet at their m",OR.PA-management-154,insider_only
8.957,6.849,3.571,OR.PA-management-2023-03-20-2023-03-20-consolidated-financial-statem,management,precursor,-1,L'Oréal funded a provision for €42 million to partially cover the risk of negative developments in administrative court ,OR.PA-management-154,insider_only
8.748,6.589,2.621,OR.PA-management-2023-03-20-2023-03-20-consolidated-financial-statem,management,consequence,-1,The French competition authority handed down a fine of €189.5 million against L’Oréal in the hygiene products sector for,OR.PA-management-154,insider_only
8.91,6.24,2.148,OR.PA-management-2023-03-20-2023-03-20-consolidated-financial-statem,management,consequence,-1,The Greek competition authority condemned L’Oréal Hellas to pay a fine of €2.6 million for carrying out anti-competitive,OR.PA-management-154,insider_only
8.762,6.508,2.979,OR.PA-management-2023-03-20-2023-03-20-consolidated-financial-statem,management,precursor,-1,"Distributors filed lawsuits for damages against L’Oréal following the Court of Cassation's ruling, which are still ongoi",OR.PA-management-154,insider_only
7.869,8.644,7.153,OR.PA-management-2023-03-20-2023-03-20-consolidated-financial-statem,management,consequence,1,"In March 2022, the Group conducted a bond issue totalling €3 billion.",OR.PA-management-154,insider_only
10.614,4.215,7.039,OR.PA-management-2024-03-20-2024-03-20-consolidated-financial-statem,management,precursor,1,The Pillar 2 global tax reform aims to establish a minimum taxation of multinational groups at 15% and is applicable fro,OR.PA-management-154,insider_only
10.633,4.221,7.023,OR.PA-management-2024-03-20-2024-03-20-consolidated-financial-statem,management,precursor,1,The IASB amended IAS 12 Income Taxes by introducing a temporary exception to the recognition of deferred taxes arising f,OR.PA-management-154,insider_only
8.861,5.028,7.27,OR.PA-management-2024-03-20-2024-03-20-consolidated-financial-statem,management,consequence,-1,"The increase in personnel costs, including pension expenses, share-based payments, and payroll taxes, impacts the compan",OR.PA-management-154,insider_only
8.666,4.91,7.079,OR.PA-management-2024-03-20-2024-03-20-consolidated-financial-statem,management,consequence,-1,The change in the value of the discounted rights over the past year impacts the company's financial performance.,OR.PA-management-154,insider_only
9.021,5.066,7.07,OR.PA-management-2024-03-20-2024-03-20-consolidated-financial-statem,management,consequence,1,The interest component of the pension costs impacts the company's financial performance.,OR.PA-management-154,insider_only
8.928,4.95,6.576,OR.PA-management-2024-03-20-2024-03-20-consolidated-financial-statem,management,consequence,1,"Actuarial gains and losses arising on post-employment defined benefit obligations are recognised in equity, impacting th",OR.PA-management-154,insider_only
8.918,4.89,6.562,OR.PA-management-2024-03-20-2024-03-20-consolidated-financial-statem,management,consequence,-1,Actuarial gains and losses in relation to other benefits such as jubilee awards and long-serve bonuses are immediately c,OR.PA-management-154,insider_only
11.385,4.864,9.672,OR.PA-management-2024-03-20-2024-03-20-consolidated-financial-statem,management,precursor,-1,"A 50 basis point decrease in the discount rates would increase the projected defined benefit obligations, impacting the ",OR.PA-management-154,insider_only
9.401,4.014,7.507,OR.PA-management-2024-03-20-2024-03-20-consolidated-financial-statem,management,consequence,-1,Restructuring costs incurred due to organizational and distribution changes in the Consumer Products and Professional Pr,OR.PA-management-154,insider_only
9.402,4.063,7.482,OR.PA-management-2024-03-20-2024-03-20-consolidated-financial-statem,management,consequence,-1,Restructuring costs due to strategic reorganisation of legal entities in France.,OR.PA-management-154,insider_only
9.391,4.36,7.461,OR.PA-management-2024-03-20-2024-03-20-consolidated-financial-statem,management,consequence,-1,Additional charges on advanced leave provisions from previous restructuring due to French pension reforms.,OR.PA-management-154,insider_only
8.836,4.248,6.791,OR.PA-management-2024-03-20-2024-03-20-consolidated-financial-statem,management,consequence,-1,Additional impairment concerning the right to use in Brazil.,OR.PA-management-154,insider_only
7.63,3.39,5.783,OR.PA-management-2024-03-20-2024-03-20-consolidated-financial-statem,management,consequence,-1,Impairment of the goodwill of IT Cosmetics.,OR.PA-management-154,insider_only
8.127,3.336,5.88,OR.PA-management-2024-03-20-2024-03-20-consolidated-financial-statem,management,consequence,-1,Impairment of the brand Decléor.,OR.PA-management-154,insider_only
7.741,3.617,5.849,OR.PA-management-2024-03-20-2024-03-20-consolidated-financial-statem,management,consequence,-1,Capital loss on the assets disposal of Dermablend in the United States.,OR.PA-management-154,insider_only
7.588,3.382,5.759,OR.PA-management-2024-03-20-2024-03-20-consolidated-financial-statem,management,consequence,-1,Goodwill impairment of IT Cosmetics.,OR.PA-management-154,insider_only
8.005,3.26,5.666,OR.PA-management-2024-03-20-2024-03-20-consolidated-financial-statem,management,consequence,-1,Brand impairment of Magic.,OR.PA-management-154,insider_only
10.253,6.334,7.659,OR.PA-management-2024-03-20-2024-03-20-consolidated-financial-statem,management,consequence,-1,"The expense recorded for free shares in 2023, 2022, and 2021 amounted to €164.5 million, €155.3 million, and €152.3 mill",OR.PA-management-154,insider_only
10.26,6.312,7.606,OR.PA-management-2024-03-20-2024-03-20-consolidated-financial-statem,management,consequence,-1,The IFRS 2 expense for free shares granted for the 2022 plan amounted to €9.5 million for French employees and €12.2 mil,OR.PA-management-154,insider_only
10.188,6.339,7.639,OR.PA-management-2024-03-20-2024-03-20-consolidated-financial-statem,management,consequence,-1,The IFRS 2 expense for free shares recognised for the 2023 financial year amounted to €4 million and corresponds to 2018,OR.PA-management-154,insider_only
10.196,5.889,7.563,OR.PA-management-2024-03-20-2024-03-20-consolidated-financial-statem,management,consequence,-1,The IFRS 2 expense amounted respectively to €2.8 million and €13.7 million in 2021 and 2022.,OR.PA-management-154,insider_only
7.863,8.523,7.075,OR.PA-management-2024-03-20-2024-03-20-consolidated-financial-statem,management,consequence,-1,"The transaction led the Group to take out a bridging loan of €1.9 billion and issue commercial paper for €2.3 billion, w",OR.PA-management-154,insider_only
6.973,8.575,6.517,OR.PA-management-2024-03-20-2024-03-20-consolidated-financial-statem,management,consequence,1,The transaction had a full-year accretive impact of at least 4% for the 2022 financial year.,OR.PA-management-154,insider_only
7.535,4.157,7.886,OR.PA-management-2024-03-20-2024-03-20-consolidated-financial-statem,management,precursor,-1,Devaluation of the Argentine Peso in 2023 due to changes in the exchange control system by the Argentine government and ,OR.PA-management-154,insider_only
6.565,9.269,6.692,OR.PA-management-2024-03-20-2024-03-20-consolidated-financial-statem,management,precursor,1,"Acquisition of Lactobio in December 2023, enhancing L’Oréal’s microbiome research capabilities.",OR.PA-management-154,insider_only
6.923,8.512,6.479,OR.PA-management-2024-03-20-2024-03-20-consolidated-financial-statem,management,consequence,1,"Acquisition of Aēsop in August 2023, contributing to net sales and operating profit.",OR.PA-management-154,insider_only
6.492,9.141,6.583,OR.PA-management-2024-03-20-2024-03-20-consolidated-financial-statem,management,consequence,1,"Acquisition of Skinbetter Science in September 2022, enhancing L’Oréal’s dermatological skincare portfolio.",OR.PA-management-154,insider_only
7.648,3.413,5.805,OR.PA-management-2024-03-20-2024-03-20-consolidated-financial-statem,management,consequence,-1,Recognition of an impairment loss on IT Cosmetics.,OR.PA-management-154,insider_only
8.119,3.486,6.03,OR.PA-management-2024-03-20-2024-03-20-consolidated-financial-statem,management,consequence,-1,Recognition of an impairment loss on Logocos.,OR.PA-management-154,insider_only
7.674,3.378,5.816,OR.PA-management-2024-03-20-2024-03-20-consolidated-financial-statem,management,consequence,-1,"Delay in the IT Cosmetics Business Plan, mainly due to a delay in the international development of the brand, led to an ",OR.PA-management-154,insider_only
7.625,2.467,9.375,OR.PA-management-2024-03-20-2024-03-20-consolidated-financial-statem,management,precursor,-1,A 1% increase in the discount rate on all the Group’s Cash Generating Units would lead to an impairment loss risk of aro,OR.PA-management-154,insider_only
7.636,2.51,9.362,OR.PA-management-2024-03-20-2024-03-20-consolidated-financial-statem,management,precursor,-1,A 1-point decrease in the margin rate over the business plan period on all the Group’s Cash Generating Units would lead ,OR.PA-management-154,insider_only
7.667,2.584,9.391,OR.PA-management-2024-03-20-2024-03-20-consolidated-financial-statem,management,precursor,-1,A 1% decrease in the terminal growth rate on all the Group’s Cash Generating Units would lead to an impairment loss risk,OR.PA-management-154,insider_only
6.016,8.791,6.278,OR.PA-management-2024-03-20-2024-03-20-consolidated-financial-statem,management,consequence,-1,The acquisition of Takami Co. by L'Oréal in 2021.,OR.PA-management-154,insider_only
6.222,9.013,6.381,OR.PA-management-2024-03-20-2024-03-20-consolidated-financial-statem,management,consequence,1,The acquisition of Youth to the People by L'Oréal in 2021.,OR.PA-management-154,insider_only
6.054,8.852,6.378,OR.PA-management-2024-03-20-2024-03-20-consolidated-financial-statem,management,consequence,1,The sale of the Cosmeurop production site by L'Oréal in 2021.,OR.PA-management-154,insider_only
6.169,8.796,6.612,OR.PA-management-2024-03-20-2024-03-20-consolidated-financial-statem,management,consequence,1,The repurchase of shares by L'Oréal from Nestlé in 2021.,OR.PA-management-154,insider_only
6.544,8.918,6.434,OR.PA-management-2024-03-20-2024-03-20-consolidated-financial-statem,management,consequence,1,The acquisition of Skinbetter Science by L'Oréal in 2022.,OR.PA-management-154,insider_only
8.893,4.874,6.613,OR.PA-management-2024-03-20-2024-03-20-consolidated-financial-statem,management,consequence,1,"Actuarial gains and losses due to experience adjustments, demographic assumptions, and financial assumptions impacted th",OR.PA-management-154,insider_only
11.129,4.672,9.576,OR.PA-management-2024-03-20-2024-03-20-consolidated-financial-statem,management,precursor,1,A change in medical cost inflation by 1% point would impact the projected benefit obligation and current service cost an,OR.PA-management-154,insider_only
6.871,8.52,6.426,OR.PA-management-2024-03-20-2024-03-20-consolidated-financial-statem,management,consequence,1,"The acquisition of Aēsop for €1,682.3 million in 2023 has increased the company's goodwill.",OR.PA-management-154,insider_only
7.691,3.396,5.812,OR.PA-management-2024-03-20-2024-03-20-consolidated-financial-statem,management,consequence,-1,The recognition of an impairment loss of €249.9 million on IT Cosmetics has reduced the company's goodwill.,OR.PA-management-154,insider_only
8.339,7.676,6.834,OR.PA-management-2024-03-20-2024-03-20-consolidated-financial-statem,management,precursor,-1,The Group’s liquidity risk can be assessed on the basis of its outstanding short-term debt under its short-term marketab,OR.PA-management-154,insider_only
7.877,7.747,7.305,OR.PA-management-2024-03-20-2024-03-20-consolidated-financial-statem,management,consequence,1,"In 2022, the L'Oréal Group received 5,140,317 Euroapi shares amounting to €74.5 million, which was recognised as financi",OR.PA-management-154,insider_only
7.985,7.641,7.393,OR.PA-management-2024-03-20-2024-03-20-consolidated-financial-statem,management,consequence,1,"Sanofi has decided to list the company Euroapi on the stock exchange on 6 May 2022, of which it was a 100% shareholder, ",OR.PA-management-154,insider_only
8.684,4.866,6.883,OR.PA-management-2024-03-20-2024-03-20-consolidated-financial-statem,management,consequence,-1,Changes in fair value over period for securities at fair value through other comprehensive income.,OR.PA-management-154,insider_only
8.518,5.095,6.835,OR.PA-management-2024-03-20-2024-03-20-consolidated-financial-statem,management,consequence,-1,Changes in fair value over period for cash flow hedges – foreign exchange.,OR.PA-management-154,insider_only
8.564,5.142,6.897,OR.PA-management-2024-03-20-2024-03-20-consolidated-financial-statem,management,consequence,-1,Changes in fair value over period for cash flow hedges – interest rates.,OR.PA-management-154,insider_only
8.808,4.83,6.602,OR.PA-management-2024-03-20-2024-03-20-consolidated-financial-statem,management,consequence,-1,Actuarial gains/(losses) over the period.,OR.PA-management-154,insider_only
8.673,7.311,6.599,OR.PA-management-2024-03-20-2024-03-20-consolidated-financial-statem,management,precursor,1,The Group hedges a large part of its currency risk for the following year using derivatives based on operating budgets i,OR.PA-management-154,insider_only
8.677,7.299,6.603,OR.PA-management-2024-03-20-2024-03-20-consolidated-financial-statem,management,precursor,1,All the Group’s future foreign currency flows are analysed in detailed forecasts for the coming budgetary year.,OR.PA-management-154,insider_only
8.712,7.329,6.558,OR.PA-management-2024-03-20-2024-03-20-consolidated-financial-statem,management,precursor,1,Any currency risks identified are hedged by forward contracts or options to reduce currency exposure of each subsidiary.,OR.PA-management-154,insider_only
7.161,9.774,8.17,OR.PA-management-2024-03-20-2024-03-20-consolidated-financial-statem,management,precursor,1,The term of the derivatives is aligned with the Group’s settlements.,OR.PA-management-154,insider_only
8.643,7.353,6.631,OR.PA-management-2024-03-20-2024-03-20-consolidated-financial-statem,management,precursor,1,All derivative financial instruments held for currency risk hedging purposes have a maturity of less than 18 months at i,OR.PA-management-154,insider_only
9.145,3.868,6.769,OR.PA-management-2024-03-20-2024-03-20-consolidated-financial-statem,management,consequence,-1,The application of the IFRIC decision on SaaS contracts had a negative impact on retained earnings.,OR.PA-management-154,insider_only
8.589,8.105,9.217,OR.PA-management-2024-03-20-2024-03-20-consolidated-financial-statem,management,consequence,1,Consolidated net profit for the period positively impacted retained earnings.,OR.PA-management-154,insider_only
8.504,4.589,6.678,OR.PA-management-2024-03-20-2024-03-20-consolidated-financial-statem,management,consequence,-1,Cash flow hedges had a negative impact on other comprehensive income.,OR.PA-management-154,insider_only
8.48,4.591,6.685,OR.PA-management-2024-03-20-2024-03-20-consolidated-financial-statem,management,consequence,-1,Cumulative translation adjustments had a negative impact on other comprehensive income.,OR.PA-management-154,insider_only
8.572,4.574,6.674,OR.PA-management-2024-03-20-2024-03-20-consolidated-financial-statem,management,consequence,-1,Financial assets at fair value through other comprehensive income had a negative impact on other comprehensive income.,OR.PA-management-154,insider_only
8.661,4.619,6.61,OR.PA-management-2024-03-20-2024-03-20-consolidated-financial-statem,management,consequence,-1,Actuarial gains and losses had a negative impact on other comprehensive income.,OR.PA-management-154,insider_only
8.505,4.514,6.715,OR.PA-management-2024-03-20-2024-03-20-consolidated-financial-statem,management,consequence,-1,Other comprehensive income that may not be reclassified to profit and loss had a negative impact on other comprehensive ,OR.PA-management-154,insider_only
8.309,7.626,9.253,OR.PA-management-2024-03-20-2024-03-20-consolidated-financial-statem,management,consequence,1,Capital increase had a positive impact on additional paid-in capital.,OR.PA-management-154,insider_only
8.354,7.292,9.161,OR.PA-management-2024-03-20-2024-03-20-consolidated-financial-statem,management,consequence,1,Cancellation of Treasury shares had a positive impact on additional paid-in capital.,OR.PA-management-154,insider_only
8.377,4.283,6.905,OR.PA-management-2024-03-20-2024-03-20-consolidated-financial-statem,management,consequence,-1,Dividends paid had a negative impact on retained earnings.,OR.PA-management-154,insider_only
8.348,7.557,9.17,OR.PA-management-2024-03-20-2024-03-20-consolidated-financial-statem,management,consequence,1,Share-based payment had a positive impact on additional paid-in capital.,OR.PA-management-154,insider_only
8.417,4.501,6.771,OR.PA-management-2024-03-20-2024-03-20-consolidated-financial-statem,management,consequence,-1,Net changes in Treasury shares had a negative impact on additional paid-in capital.,OR.PA-management-154,insider_only
9.047,6.406,8.629,OR.PA-management-2024-03-20-2024-03-20-consolidated-financial-statem,management,consequence,-1,The effective interest rate on bonds issued in 2022 and 2023 by the Group amounts to 2.35% in 2023.,OR.PA-management-154,insider_only
9.072,6.399,8.61,OR.PA-management-2024-03-20-2024-03-20-consolidated-financial-statem,management,consequence,1,Effective interest rates on Group debt for short-term instruments are 0.00% in 2023 due to marketable instruments repaym,OR.PA-management-154,insider_only
9.771,6.268,7.739,OR.PA-management-2024-03-20-2024-03-20-consolidated-financial-statem,management,consequence,1,"The fair value of fixed-rate debt is determined for each loan by discounting future cash flows, based on bond yield curv",OR.PA-management-154,insider_only
9.713,6.235,7.714,OR.PA-management-2024-03-20-2024-03-20-consolidated-financial-statem,management,consequence,1,The net carrying amount of outstanding bank loans and other floating-rate loans is a reasonable approximation of their f,OR.PA-management-154,insider_only
9.746,6.31,7.743,OR.PA-management-2024-03-20-2024-03-20-consolidated-financial-statem,management,consequence,1,"The fair value of borrowings and debt excluding IFRS 16 amounted to €6,838.1 million at 31 December 2023 compared with €",OR.PA-management-154,insider_only
8.103,7.818,6.828,OR.PA-management-2024-03-20-2024-03-20-consolidated-financial-statem,management,consequence,1,"L’Oréal and its subsidiaries had €5,000 million of confirmed undrawn credit lines at 31 December 2023, as at 31 December",OR.PA-management-154,insider_only
8.432,7.596,6.816,OR.PA-management-2024-03-20-2024-03-20-consolidated-financial-statem,management,consequence,1,"The maturities of the credit lines at 31 December 2023 are broken down as follows: €0 million at less than one year; €5,",OR.PA-management-154,insider_only
8.178,8.615,7.059,OR.PA-management-2024-03-20-2024-03-20-consolidated-financial-statem,management,consequence,1,Marketable securities consist mainly of SICAV money-market funds and unit trusts (on which the return is based on EONIA),OR.PA-management-154,insider_only
8.489,7.547,6.785,OR.PA-management-2024-03-20-2024-03-20-consolidated-financial-statem,management,consequence,1,Term accounts with a maturity of less than three months at inception are shown on the Bank accounts and other cash and c,OR.PA-management-154,insider_only
7.29,9.032,6.809,OR.PA-management-2024-03-20-2024-03-20-consolidated-financial-statem,management,consequence,1,This heading includes listed securities of biotechnology start-ups as well as Euroapi shares for €29.5 million (reassess,OR.PA-management-154,insider_only
9.12,5.13,7.095,OR.PA-management-2024-03-20-2024-03-20-consolidated-financial-statem,management,consequence,-1,This item is broken down as follows: € millions 2023 2022 2021 Interest component of pension costs -2.2 -6.5 -10.1 Other,OR.PA-management-154,insider_only
7.017,9.313,6.963,OR.PA-management-2024-03-20-2024-03-20-consolidated-financial-statem,management,precursor,1,"The signing of an investment in Gjosa in 2021 via its venture capital fund, BOLD.",OR.PA-management-154,insider_only
6.669,9.369,7.055,OR.PA-management-2024-03-20-2024-03-20-consolidated-financial-statem,management,precursor,1,"The agreement to acquire the entire capital of Gjosa, the Swiss (Business Opportunities for L’Oréal Development).",OR.PA-management-154,insider_only
8.886,6.687,3.377,OR.PA-management-2024-03-20-2024-03-20-consolidated-financial-statem,management,precursor,-1,"L'Oréal is challenging the Brazilian tax authorities' position on the indirect IPI tax, which could result in a financia",OR.PA-management-154,insider_only
8.909,6.236,2.126,OR.PA-management-2024-03-20-2024-03-20-consolidated-financial-statem,management,consequence,-1,"L'Oréal Hellas was fined €2.6 million by the Greek competition authority for anti-competitive practices, which was later",OR.PA-management-154,insider_only
8.68,6.477,2.969,OR.PA-management-2024-03-20-2024-03-20-consolidated-financial-statem,management,precursor,-1,"L'Oréal Germany faced a lawsuit for damages from distributors, which was dismissed by the courts.",OR.PA-management-154,insider_only
8.82,6.548,2.675,OR.PA-management-2024-03-20-2024-03-20-consolidated-financial-statem,management,consequence,-1,"L'Oréal was fined €189.5 million by the French competition authority for anti-competitive practices, which was upheld by",OR.PA-management-154,insider_only
7.083,8.986,6.842,OR.PA-management-2024-03-20-2024-03-20-consolidated-financial-statem,management,consequence,1,The acquisition of minority stakes in biotech companies in 2023 aligns with the Group’s goals for sustainability and has,OR.PA-management-154,insider_only
10.079,6.537,7.57,OR.PA-management-2024-03-20-2024-03-20-consolidated-financial-statem,management,consequence,1,"The conditional grant of free shares since 2022 stipulates the fulfilment of non-financial performance criteria, includi",OR.PA-management-154,insider_only
9.927,6.56,7.545,OR.PA-management-2024-03-20-2024-03-20-consolidated-financial-statem,management,consequence,1,The achievement of extra-financial performance conditions at 31 December 2023 for the conditional grant of free shares.,OR.PA-management-154,insider_only
9.374,4.905,7.383,OR.PA-management-2024-03-20-2024-03-20-consolidated-financial-statem,management,consequence,1,The decrease in lease commitments from €122.7 million at 31 December 2022 to €91.0 million at 31 December 2023.,OR.PA-management-154,insider_only
6.588,8.882,6.413,OR.PA-management-2024-03-20-2024-03-20-consolidated-financial-statem,management,consequence,1,"The signing of a new lock-up agreement on 29 December 2023, similar to those concluded in 2016, with the addition of Fin",OR.PA-management-154,insider_only
6.931,9.253,6.87,OR.PA-management-2024-03-20-2024-03-20-consolidated-financial-statem,management,precursor,1,"The acquisition of Gjosa, a Swiss company pioneer in water micronization technology, finalized on 31 January 2024.",OR.PA-management-154,insider_only
6.703,9.358,7.097,OR.PA-management-2024-03-20-2024-03-20-consolidated-financial-statem,management,precursor,1,Acquisition of a 38.32% stake in Salon Interactive Inc in December 2023.,OR.PA-management-154,insider_only
7.903,8.469,7.0,OR.PA-management-2024-03-20-2024-03-20-consolidated-financial-statem,management,precursor,1,The credit lines indexed to the Group's sustainability performance incorporate a borrowing cost adjustment mechanism.,OR.PA-management-154,insider_only
7.698,8.319,6.943,OR.PA-management-2024-03-20-2024-03-20-consolidated-financial-statem,management,precursor,1,"The L’Oréal Group has a syndicated loan from 20 banks (€5 billion), which had not been used at the end of December 2023.",OR.PA-management-154,insider_only
7.881,8.684,7.106,OR.PA-management-2024-03-20-2024-03-20-consolidated-financial-statem,management,precursor,1,"The Group issued in 2022 a €3 billion bond, one tranche of which in an amount of €1,250 million is sustainability-linked",OR.PA-management-154,insider_only
8.143,8.621,7.074,OR.PA-management-2024-03-20-2024-03-20-consolidated-financial-statem,management,precursor,1,The Group's available cash is mainly invested in SRI SICAV money-market funds (60% of all short-term investment in 2023),OR.PA-management-154,insider_only
7.929,8.949,7.096,OR.PA-management-2024-03-20-2024-03-20-consolidated-financial-statem,management,precursor,1,"The Group recorded a total of €191 million in non-current financial assets related to sustainability activities, measure",OR.PA-management-154,insider_only
5.824,10.162,7.223,OR.PA-management-2024-03-20-2024-03-20-consolidated-financial-statem,management,precursor,1,"At the end of 2021, investment in Circular Innovation Fund amounting to €50 million. L'Oréal is one of the main contribu",OR.PA-management-154,insider_only
7.542,9.3,6.945,OR.PA-management-2024-03-20-2024-03-20-consolidated-financial-statem,management,precursor,1,"In 2020, the creation of a fund for Nature Regeneration to financially support projects to restore natural marine, fores",OR.PA-management-154,insider_only
7.37,9.289,6.904,OR.PA-management-2024-03-20-2024-03-20-consolidated-financial-statem,management,precursor,1,"Investment in start-ups (€66 million in total): including the Swiss environmental technology firm Gjosa, which developed",OR.PA-management-154,insider_only
7.943,3.242,5.639,OR.PA-management-2024-03-20-2024-03-20-consolidated-financial-statem,management,consequence,-1,The impairment of the brand Magic due to exacerbated competition on the masks market in China.,OR.PA-management-154,insider_only
8.053,4.612,7.667,OR.PA-management-2024-03-20-2024-03-20-consolidated-financial-statem,management,consequence,-1,The impact of hyperinflation in Argentina on other movements.,OR.PA-management-154,insider_only
9.14,3.863,6.938,OR.PA-management-2024-03-20-2024-03-20-consolidated-financial-statem,management,consequence,-1,The reclassification at the beginning of the year on SaaS projects.,OR.PA-management-154,insider_only
8.09,3.355,5.859,OR.PA-management-2024-03-20-2024-03-20-consolidated-financial-statem,management,consequence,-1,The impairment of brand Decléor.,OR.PA-management-154,insider_only
8.101,3.321,5.861,OR.PA-management-2024-03-20-2024-03-20-consolidated-financial-statem,management,consequence,-1,The impairment of brands Logona and Santé.,OR.PA-management-154,insider_only
8.502,4.596,6.98,OR.PA-management-2024-03-20-2024-03-20-consolidated-financial-statem,management,consequence,-1,The reduction in the gross value of the recognized customer relationship following the finalization of the allocation of,OR.PA-management-154,insider_only
9.164,4.149,7.282,OR.PA-management-2024-03-20-2024-03-20-consolidated-financial-statem,management,consequence,-1,"Provisions for restructuring costs, industrial, environmental and commercial risks relating to operations such as breach",OR.PA-management-154,insider_only
9.724,4.982,7.313,OR.PA-management-2024-03-20-2024-03-20-consolidated-financial-statem,management,consequence,1,"Reversals of provisions for restructuring, product returns, and other liabilities occurred during 2023.",OR.PA-management-154,insider_only
8.583,5.521,6.429,OR.PA-management-2024-03-20-2024-03-20-consolidated-financial-statem,management,consequence,-1,Foreign exchange gains and losses resulting from the difference between the value of foreign currency operating income a,OR.PA-management-154,insider_only
8.925,6.388,8.76,OR.PA-management-2024-03-20-2024-03-20-consolidated-financial-statem,management,precursor,1,An increase of 100 basis points in interest rates would have had a direct positive impact of €34.7 million on the Group’,OR.PA-management-154,insider_only
8.99,6.303,8.674,OR.PA-management-2024-03-20-2024-03-20-consolidated-financial-statem,management,precursor,-1,The impact of a 100 basis point rise in interest rates on the fair value of the Group’s fixed-rate financial assets and ,OR.PA-management-154,insider_only
5.454,9.126,9.187,OR.PA-management-2024-04-01-2024-04-01-rapport-annuel-2023-fr,management,precursor,1,"The dynamic and resilient beauty market, despite geopolitical tensions, inflationary pressures, and market stagnation in",OR.PA-management-111,insider_only
5.434,9.104,9.201,OR.PA-management-2024-04-01-2024-04-01-rapport-annuel-2023-fr,management,precursor,1,L'Oréal's strategic rebalancing towards emerging markets contributed to its strong growth in 2023.,OR.PA-management-111,insider_only
5.472,9.108,9.146,OR.PA-management-2024-04-01-2024-04-01-rapport-annuel-2023-fr,management,precursor,1,The resilience of L'Oréal's historical markets in Europe and North America contributed to its strong performance in 2023,OR.PA-management-111,insider_only
5.872,9.39,10.52,OR.PA-management-2024-04-01-2024-04-01-rapport-annuel-2023-fr,management,precursor,1,"The 'dopamine effect' of beauty, driven by consumers' quest for well-being and pleasure, is expected to continue driving",OR.PA-management-111,insider_only
8.579,4.779,7.066,OR.PA-management-2024-04-01-2024-04-01-rapport-annuel-2023-fr,management,consequence,-1,"The cession of 50% of Galderma on February 11, 2014, and the equity accounting of Inneov from January 1, 2014, have impa",OR.PA-management-111,insider_only
8.745,5.242,7.159,OR.PA-management-2024-04-01-2024-04-01-rapport-annuel-2023-fr,management,consequence,1,The acquisition of Société des Thermes de La Roche-Posay has impacted the financial performance.,OR.PA-management-111,insider_only
5.765,9.906,9.383,OR.PA-management-2024-04-01-2024-04-01-rapport-annuel-2023-fr,management,precursor,1,The launch of high-value products like Good by Garnier and Elsève Bond Repair by L’Oréal Paris is expected to drive futu,OR.PA-management-111,insider_only
6.03,8.949,7.486,OR.PA-management-2024-04-01-2024-04-01-rapport-annuel-2023-fr,management,precursor,1,The acquisition of Aēsop is expected to enhance L’Oréal’s luxury portfolio and drive future growth.,OR.PA-management-111,insider_only
6.087,10.178,9.358,OR.PA-management-2024-04-01-2024-04-01-rapport-annuel-2023-fr,management,precursor,1,"The launch of innovative products like Mexoryl 400, A.G.E. Interrupter Advanced, and Liftactiv B3 is expected to drive f",OR.PA-management-111,insider_only
6.457,10.082,9.065,OR.PA-management-2024-04-01-2024-04-01-rapport-annuel-2023-fr,management,precursor,1,"The company's investment in research, innovation, and strategic partnerships is expected to drive future growth and main",OR.PA-management-111,insider_only
5.428,10.406,7.262,OR.PA-management-2024-04-01-2024-04-01-rapport-annuel-2023-fr,management,precursor,1,"The company's sustainable development program, L'Oréal pour le Futur, is expected to contribute to long-term financial p",OR.PA-management-111,insider_only
7.163,8.911,8.952,OR.PA-management-2024-04-01-2024-04-01-rapport-annuel-2023-fr,management,precursor,1,"The company's strategic acquisitions have historically contributed to growth and diversification, expected to continue b",OR.PA-management-111,insider_only
6.189,10.328,9.856,OR.PA-management-2024-04-01-2024-04-01-rapport-annuel-2023-fr,management,precursor,1,"The Division has accelerated its growth in India by training over 1 million hairdressers and partnering with over 50,000",OR.PA-management-111,insider_only
6.516,10.633,10.098,OR.PA-management-2024-04-01-2024-04-01-rapport-annuel-2023-fr,management,precursor,1,"Kérastase offers ultra-personalized services through K-scan, an AI-powered scalp and hair diagnostic camera.",OR.PA-management-111,insider_only
6.007,10.081,8.365,OR.PA-management-2024-04-01-2024-04-01-rapport-annuel-2023-fr,management,consequence,1,"The Division has deployed 5,000 Water Saver pommels in salons, saving the equivalent of 80 Olympic-sized swimming pools ",OR.PA-management-111,insider_only
5.644,10.008,7.636,OR.PA-management-2024-04-01-2024-04-01-rapport-annuel-2023-fr,management,precursor,1,"L’Oréal has renovated its historic headquarters in Paris, creating a new academy for hairdressers.",OR.PA-management-111,insider_only
5.643,10.201,7.672,OR.PA-management-2024-04-01-2024-04-01-rapport-annuel-2023-fr,management,precursor,1,"L’Oréal’s multipolar model, unique culture, and use of data and AI, combined with its environmental transformation, stre",OR.PA-management-111,insider_only
5.605,10.184,7.273,OR.PA-management-2024-04-01-2024-04-01-rapport-annuel-2023-fr,management,precursor,1,L’Oréal invests in the employability of young talents through programs like Seedz and its apprenticeship program.,OR.PA-management-111,insider_only
6.305,10.141,8.352,OR.PA-management-2024-04-01-2024-04-01-rapport-annuel-2023-fr,management,precursor,1,"Five ‘Packaging Labs’ invent future packaging solutions, focusing on desirable and responsible designs.",OR.PA-management-111,insider_only
5.605,10.351,7.805,OR.PA-management-2024-04-01-2024-04-01-rapport-annuel-2023-fr,management,precursor,1,"L’Oréal’s supply chain is recognized for its performance and sustainability, with innovations like the metal-free pump s",OR.PA-management-111,insider_only
5.594,9.947,7.334,OR.PA-management-2024-04-01-2024-04-01-rapport-annuel-2023-fr,management,precursor,1,L’Oréal’s Share & Care program has raised the social protection of employees to the highest standards in over 60 countri,OR.PA-management-111,insider_only
5.684,10.457,7.524,OR.PA-management-2024-04-01-2024-04-01-rapport-annuel-2023-fr,management,precursor,1,"L’Oréal collaborates with Genopole, a French scientific cluster dedicated to biotechnologies, to explore sustainable agr",OR.PA-management-111,insider_only
5.8,9.898,7.647,OR.PA-management-2024-04-01-2024-04-01-rapport-annuel-2023-fr,management,precursor,1,"L’Oréal’s ‘My Skin & Hair Journey’ study, conducted with Verily, aims to create ultra-personalized beauty routines.",OR.PA-management-111,insider_only
5.934,9.907,7.535,OR.PA-management-2024-04-01-2024-04-01-rapport-annuel-2023-fr,management,precursor,1,"L’Oréal has developed the world’s most comprehensive database on skin and hair biology, care, active ingredients, formul",OR.PA-management-111,insider_only
6.127,9.008,6.479,OR.PA-management-2025-03-20-2025-03-20-consolidated-financial-statem,management,consequence,1,The subsidiarisation of sales activity to L’Oréal France and L’Oréal International Distribution on 1 July 2023.,OR.PA-management-152,insider_only
6.879,8.787,6.529,OR.PA-management-2025-03-20-2025-03-20-consolidated-financial-statem,management,consequence,1,The acquisition of Skinbetter Science in 2022 contributed to the Group's net sales and operating profit.,OR.PA-management-152,insider_only
6.921,8.511,6.431,OR.PA-management-2025-03-20-2025-03-20-consolidated-financial-statem,management,consequence,1,The acquisition of Aēsop in 2023 impacted the scope of consolidation.,OR.PA-management-152,insider_only
6.916,8.599,6.429,OR.PA-management-2025-03-20-2025-03-20-consolidated-financial-statem,management,consequence,1,"The acquisition of Gjosa, YesSkin, and Amouage in 2024 impacted the scope of consolidation.",OR.PA-management-152,insider_only
6.853,9.163,7.095,OR.PA-management-2025-03-20-2025-03-20-consolidated-financial-statem,management,precursor,1,The acquisition of a 10% stake in Galderma Group AG in 2024 will impact future financial performance through a strategic,OR.PA-management-152,insider_only
10.594,4.228,7.015,OR.PA-management-2025-03-20-2025-03-20-consolidated-financial-statem,management,precursor,1,"The Pillar 2 global tax reform, established by the OECD and transposed in December 2023 in France, aims to establish a m",OR.PA-management-152,insider_only
10.677,4.204,7.066,OR.PA-management-2025-03-20-2025-03-20-consolidated-financial-statem,management,precursor,1,The IASB amended IAS 12 Income Taxes by introducing a temporary exception to the recognition of deferred taxes arising f,OR.PA-management-152,insider_only
10.676,4.146,7.068,OR.PA-management-2025-03-20-2025-03-20-consolidated-financial-statem,management,precursor,1,The European Union adopted the amendments to IAS 12 Income Taxes on 9 November 2023.,OR.PA-management-152,insider_only
10.636,4.23,7.027,OR.PA-management-2025-03-20-2025-03-20-consolidated-financial-statem,management,precursor,1,The Group has implemented the exception to the recognition of deferred taxes arising from the Pillar 2 reform as of 31 D,OR.PA-management-152,insider_only
6.996,8.47,6.543,OR.PA-management-2025-03-20-2025-03-20-consolidated-financial-statem,management,consequence,1,"The acquisition of Aēsop in 2023 increased the gross value of property, plant, and equipment by €63.6 million.",OR.PA-management-152,insider_only
8.637,4.262,6.603,OR.PA-management-2025-03-20-2025-03-20-consolidated-financial-statem,management,consequence,-1,"The disposal of certain assets in 2023 decreased the gross value of property, plant, and equipment by €11.1 million.",OR.PA-management-152,insider_only
9.03,6.129,8.24,OR.PA-management-2025-03-20-2025-03-20-consolidated-financial-statem,management,consequence,1,"Hyperinflation in 2023 increased the gross value of property, plant, and equipment by €44.3 million.",OR.PA-management-152,insider_only
9.37,4.009,7.456,OR.PA-management-2025-03-20-2025-03-20-consolidated-financial-statem,management,consequence,-1,"Restructuring costs in 2024 include severance payments, early retirement payments, and other related expenses.",OR.PA-management-152,insider_only
6.821,9.32,6.907,OR.PA-management-2025-03-20-2025-03-20-consolidated-financial-statem,management,precursor,1,"The acquisition of Gjosa, a Swiss company pioneer in water micronization technology, by L'Oréal on 9 January 2024.",OR.PA-management-152,insider_only
6.498,9.337,7.019,OR.PA-management-2025-03-20-2025-03-20-consolidated-financial-statem,management,precursor,1,The acquisition of 70% of a group of 6 aesthetic clinics in China by L'Oréal on 31 October 2024.,OR.PA-management-152,insider_only
6.625,9.306,6.815,OR.PA-management-2025-03-20-2025-03-20-consolidated-financial-statem,management,precursor,1,"The acquisition of Lactobio, a leading probiotic and microbiome research company, by L'Oréal on 4 December 2023.",OR.PA-management-152,insider_only
6.668,9.354,7.019,OR.PA-management-2025-03-20-2025-03-20-consolidated-financial-statem,management,precursor,1,"The acquisition of a minority stake in Amouage SAOC, the Oman-based haute parfumerie house, by L'Oréal during the third ",OR.PA-management-152,insider_only
6.41,8.834,6.328,OR.PA-management-2025-03-20-2025-03-20-consolidated-financial-statem,management,consequence,1,"The acquisition of Aēsop, the Australian luxury beauty brand, by L'Oréal on 3 April 2023.",OR.PA-management-152,insider_only
6.563,9.004,6.483,OR.PA-management-2025-03-20-2025-03-20-consolidated-financial-statem,management,consequence,1,"The acquisition of Skinbetter Science, a physician-dispensed American skincare brand, by L'Oréal on 23 September 2022.",OR.PA-management-152,insider_only
10.267,5.919,7.518,OR.PA-management-2025-03-20-2025-03-20-consolidated-financial-statem,management,precursor,-1,"The impact of IFRS 2 on profit for the period is booked on the Selling, general and administrative expenses item of the ",OR.PA-management-152,insider_only
9.037,5.081,7.061,OR.PA-management-2025-03-20-2025-03-20-consolidated-financial-statem,management,consequence,-1,The change in the value of the discounted rights over the past year impacts pension costs.,OR.PA-management-152,insider_only
9.039,5.046,7.041,OR.PA-management-2025-03-20-2025-03-20-consolidated-financial-statem,management,consequence,1,Income on external funds calculated on the basis of the discount rate applied to the benefit obligation impacts pension ,OR.PA-management-152,insider_only
8.884,5.028,6.523,OR.PA-management-2025-03-20-2025-03-20-consolidated-financial-statem,management,consequence,1,Actuarial gains and losses arising on post-employment defined benefit obligations are recognised in equity.,OR.PA-management-152,insider_only
8.861,4.963,6.532,OR.PA-management-2025-03-20-2025-03-20-consolidated-financial-statem,management,consequence,-1,Actuarial gains and losses in relation to other benefits such as jubilee awards and long-serve bonuses are immediately c,OR.PA-management-152,insider_only
11.37,4.837,9.697,OR.PA-management-2025-03-20-2025-03-20-consolidated-financial-statem,management,precursor,-1,A 50 basis point decrease in the discount rates would increase the projected defined benefit obligations.,OR.PA-management-152,insider_only
7.984,3.499,6.092,OR.PA-management-2025-03-20-2025-03-20-consolidated-financial-statem,management,consequence,-1,The impairment loss on Multicultural Brands due to the 2024 reorganisation.,OR.PA-management-152,insider_only
7.609,3.399,5.801,OR.PA-management-2025-03-20-2025-03-20-consolidated-financial-statem,management,consequence,-1,The impairment loss on IT Cosmetics in 2023.,OR.PA-management-152,insider_only
8.099,3.524,6.074,OR.PA-management-2025-03-20-2025-03-20-consolidated-financial-statem,management,consequence,-1,The impairment loss on Logocos in 2022.,OR.PA-management-152,insider_only
8.12,3.117,5.719,OR.PA-management-2025-03-20-2025-03-20-consolidated-financial-statem,management,consequence,-1,"Accumulated impairment losses relating to brands amounted to €130.9 million on Magic, €103.9 million on Clarisonic, €59.",OR.PA-management-152,insider_only
8.127,3.119,5.712,OR.PA-management-2025-03-20-2025-03-20-consolidated-financial-statem,management,consequence,-1,"Accumulated impairment losses relating to brands amounted to €126.3 million on Magic, €98.4 million on Clarisonic, €58.8",OR.PA-management-152,insider_only
8.153,3.087,5.693,OR.PA-management-2025-03-20-2025-03-20-consolidated-financial-statem,management,consequence,-1,"Accumulated impairment losses relating to brands amounted to €39 million on Decléor, €14.5 million on Logona and Santé, ",OR.PA-management-152,insider_only
9.918,5.531,7.479,OR.PA-management-2025-03-20-2025-03-20-consolidated-financial-statem,management,consequence,-1,"The expense recorded in 2024, 2023 and 2022 amounted to €204.0 million, €164.5 million and €155.3 million, respectively.",OR.PA-management-152,insider_only
10.228,5.933,7.546,OR.PA-management-2025-03-20-2025-03-20-consolidated-financial-statem,management,consequence,-1,The IFRS 2 expense amounted respectively to €2.8 million and €13.7 million in 2021 and 2022.,OR.PA-management-152,insider_only
10.307,6.276,7.605,OR.PA-management-2025-03-20-2025-03-20-consolidated-financial-statem,management,consequence,-1,The total IFRS 2 expense for free shares granted for the 2022 plan amounted to €9.5 million for French employees and €12,OR.PA-management-152,insider_only
10.215,6.005,7.568,OR.PA-management-2025-03-20-2025-03-20-consolidated-financial-statem,management,consequence,-1,The total expense for shares granted for the 2024 plan amounted to €47 million.,OR.PA-management-152,insider_only
10.31,6.125,7.566,OR.PA-management-2025-03-20-2025-03-20-consolidated-financial-statem,management,consequence,-1,The IFRS 2 expense for the Employee shareholding plans recognised for the 2024 financial year amounts to €35.1 million.,OR.PA-management-152,insider_only
10.221,6.355,7.641,OR.PA-management-2025-03-20-2025-03-20-consolidated-financial-statem,management,consequence,-1,The IFRS 2 expense for free shares recognised for the 2023 financial year amounted to €4 million and corresponds to the ,OR.PA-management-152,insider_only
6.781,9.347,7.132,OR.PA-management-2025-03-20-2025-03-20-consolidated-financial-statem,management,precursor,1,Acquisition of a 25% stake in Amouage in 2024.,OR.PA-management-152,insider_only
6.98,3.833,7.796,OR.PA-management-2025-03-20-2025-03-20-consolidated-financial-statem,management,precursor,-1,Depreciation of the stake due to the liquidation planned for early 2025.,OR.PA-management-152,insider_only
7.899,8.72,7.132,OR.PA-management-2025-03-20-2025-03-20-consolidated-financial-statem,management,consequence,1,The Group issued its first Sustainability-linked bond on 22 March 2022.,OR.PA-management-152,insider_only
7.926,8.629,7.213,OR.PA-management-2025-03-20-2025-03-20-consolidated-financial-statem,management,consequence,1,The Group placed a bond issue for a total nominal amount of €1.25 billion on 29 October 2024.,OR.PA-management-152,insider_only
8.681,7.274,6.597,OR.PA-management-2025-03-20-2025-03-20-consolidated-financial-statem,management,precursor,1,The Group's policy of currency risk hedging a large part of annual requirements for the following year before the end of,OR.PA-management-152,insider_only
8.171,3.071,5.684,OR.PA-management-2025-03-20-2025-03-20-consolidated-financial-statem,management,consequence,-1,Accumulated impairment losses relating to brands amounted to various amounts on different brands at 31 December 2022.,OR.PA-management-152,insider_only
7.806,3.469,6.172,OR.PA-management-2025-03-20-2025-03-20-consolidated-financial-statem,management,consequence,-1,A slowdown in the activity of the Multicultural Brands CGU leading to a downward review of the business plan ambitions r,OR.PA-management-152,insider_only
7.674,2.526,9.412,OR.PA-management-2025-03-20-2025-03-20-consolidated-financial-statem,management,precursor,-1,A 1% increase in the discount rate on all the Group’s Cash Generating Units would lead to an impairment loss risk.,OR.PA-management-152,insider_only
7.646,2.606,9.357,OR.PA-management-2025-03-20-2025-03-20-consolidated-financial-statem,management,precursor,-1,A 1% decrease in the terminal growth rate on all the Group’s Cash Generating Units would lead to an impairment loss risk,OR.PA-management-152,insider_only
7.6,2.495,9.318,OR.PA-management-2025-03-20-2025-03-20-consolidated-financial-statem,management,precursor,-1,A 1-point decrease in the margin rate over the business plan period on all the Group’s Cash Generating Units would lead ,OR.PA-management-152,insider_only
8.671,4.285,6.576,OR.PA-management-2025-03-20-2025-03-20-consolidated-financial-statem,management,consequence,-1,"Capital gains and losses on disposals of property, plant, and equipment and intangible assets in 2024.",OR.PA-management-152,insider_only
8.694,4.144,6.687,OR.PA-management-2025-03-20-2025-03-20-consolidated-financial-statem,management,consequence,-1,"Impairment of property, plant and equipment and intangible assets in 2024.",OR.PA-management-152,insider_only
9.312,4.005,7.437,OR.PA-management-2025-03-20-2025-03-20-consolidated-financial-statem,management,consequence,-1,Restructuring costs in 2024.,OR.PA-management-152,insider_only
9.218,4.179,7.279,OR.PA-management-2025-03-20-2025-03-20-consolidated-financial-statem,management,consequence,-1,Other costs in 2024.,OR.PA-management-152,insider_only
8.149,4.765,8.276,OR.PA-management-2025-03-20-2025-03-20-consolidated-financial-statem,management,precursor,-1,A 10% decrease in the EUR against all other Group currencies impacts financial performance.,OR.PA-management-152,insider_only
8.379,5.425,8.259,OR.PA-management-2025-03-20-2025-03-20-consolidated-financial-statem,management,precursor,-1,A 10% increase in the USD against key Group currencies impacts financial performance.,OR.PA-management-152,insider_only
8.205,4.941,8.075,OR.PA-management-2025-03-20-2025-03-20-consolidated-financial-statem,management,precursor,1,A 10% decrease in the USD against key Group currencies impacts financial performance.,OR.PA-management-152,insider_only
6.854,8.859,6.552,OR.PA-management-2025-03-20-2025-03-20-consolidated-financial-statem,management,consequence,1,The acquisition of Skinbetter Science for €610.1 million in 2022 added to the group's intangible assets.,OR.PA-management-152,insider_only
8.054,3.419,5.947,OR.PA-management-2025-03-20-2025-03-20-consolidated-financial-statem,management,consequence,-1,"An impairment loss of €53.6 million on Logocos was recognized, reducing the value of intangible assets.",OR.PA-management-152,insider_only
8.526,4.31,6.331,OR.PA-management-2025-03-20-2025-03-20-consolidated-financial-statem,management,consequence,1,The final goodwill allocation of Youth To The People affected the value of intangible assets.,OR.PA-management-152,insider_only
6.959,8.956,6.641,OR.PA-management-2025-03-20-2025-03-20-consolidated-financial-statem,management,consequence,1,The acquisition of Lactobio for €9.9 million at the end of November 2023 added technology recognized as part of the fina,OR.PA-management-152,insider_only
7.067,8.999,6.663,OR.PA-management-2025-03-20-2025-03-20-consolidated-financial-statem,management,consequence,1,The acquisition of Gjosa for €40.6 million added technology recognized in the preliminary allocation of the acquisition ,OR.PA-management-152,insider_only
9.806,5.018,7.387,OR.PA-management-2025-03-20-2025-03-20-consolidated-financial-statem,management,consequence,-1,"Provisions for restructuring increased by €198.3 million in 2024, partially offset by reversals and other adjustments.",OR.PA-management-152,insider_only
9.802,5.122,7.391,OR.PA-management-2025-03-20-2025-03-20-consolidated-financial-statem,management,consequence,-1,"Provisions for product returns increased by €282.2 million in 2024, partially offset by reversals and other adjustments.",OR.PA-management-152,insider_only
9.801,5.108,7.384,OR.PA-management-2025-03-20-2025-03-20-consolidated-financial-statem,management,consequence,-1,"Other provisions for liabilities and charges increased by €354.2 million in 2024, partially offset by reversals and othe",OR.PA-management-152,insider_only
6.826,9.253,7.185,OR.PA-management-2025-03-20-2025-03-20-consolidated-financial-statem,management,precursor,1,"Reduction of greenhouse gas emissions (Scopes 1, 2 and 3) from the Galderma equity investment by 14% per product sold by",OR.PA-management-152,insider_only
6.361,10.054,8.477,OR.PA-management-2025-03-20-2025-03-20-consolidated-financial-statem,management,precursor,1,50% of the Group's plastic packaging will be of recycled or bio-sourced origin by 2025.,OR.PA-management-152,insider_only
7.039,8.703,6.906,OR.PA-management-2025-03-20-2025-03-20-consolidated-financial-statem,management,precursor,1,The L’Oréal Groupe has a syndicated loan from 20 banks of which BOLD held 15% – was 100% acquired by L’Oréal in December,OR.PA-management-152,insider_only
5.429,10.338,7.271,OR.PA-management-2025-03-20-2025-03-20-consolidated-financial-statem,management,precursor,1,The variable portion of the Chief Executive Officer’s current remuneration incorporates quantitative and qualitative non,OR.PA-management-152,insider_only
6.742,8.765,6.703,OR.PA-management-2025-03-20-2025-03-20-consolidated-financial-statem,management,precursor,1,The lock-up agreements concluded in 2016 were terminated on 29 December 2023 and a new lock-up agreement was concluded.,OR.PA-management-152,insider_only
6.329,9.22,6.691,OR.PA-management-2025-03-20-2025-03-20-consolidated-financial-statem,management,precursor,1,L'Oréal Groupe announced the signing of an agreement with Swiss retail group Migros for the acquisition of its subsidiar,OR.PA-management-152,insider_only
7.94,7.652,7.365,OR.PA-management-2025-03-20-2025-03-20-consolidated-financial-statem,management,precursor,1,L'Oréal Groupe announced the signing of an agreement for the sale of approximately 29.6 million Sanofi shares to Sanofi ,OR.PA-management-152,insider_only
8.618,5.546,6.395,OR.PA-management-2025-03-20-2025-03-20-consolidated-financial-statem,management,consequence,-1,Foreign exchange gains and losses resulting from the difference between the value of foreign currency operating income a,OR.PA-management-152,insider_only
8.948,6.369,8.729,OR.PA-management-2025-03-20-2025-03-20-consolidated-financial-statem,management,precursor,1,An increase of 100 basis points in interest rates would have a direct positive impact of €39.7 million on the Group’s ne,OR.PA-management-152,insider_only
8.232,3.024,5.613,OR.PA-management-2025-03-20-2025-03-20-consolidated-financial-statem,management,consequence,-1,"The impairment tests carried out in 2024 showed an impairment of M€ 48,4 on goodwill and an impairment of M€ 1,6 on bran",OR.PA-management-152,insider_only
8.732,6.488,2.943,OR.PA-management-2025-03-20-2025-03-20-consolidated-financial-statem,management,precursor,-1,"The German competition authority filed a lawsuit in 2008 in the area of personal care products, which was definitively c",OR.PA-management-152,insider_only
8.761,6.563,2.669,OR.PA-management-2025-03-20-2025-03-20-consolidated-financial-statem,management,consequence,-1,The French competition authority handed down a fine of €189.5 million against L’Oréal in the hygiene products sector for,OR.PA-management-152,insider_only
8.927,6.807,3.507,OR.PA-management-2025-03-20-2025-03-20-consolidated-financial-statem,management,precursor,-1,L’Oréal received tax reassessment notices regarding the indirect IPI tax for financial years 2008 and 2011 to 2015 total,OR.PA-management-152,insider_only
8.912,6.844,3.513,OR.PA-management-2025-03-20-2025-03-20-consolidated-financial-statem,management,precursor,-1,L’Oréal received several tax reassessment notices regarding financial years 2007/08 to 2017/18 and 2019/20 to 2020/21 fo,OR.PA-management-152,insider_only
8.739,6.523,3.027,OR.PA-management-2025-03-20-2025-03-20-consolidated-financial-statem,management,precursor,-1,The Group’s US subsidiaries are currently being sued in product liability cases related to the alleged presence of asbes,OR.PA-management-152,insider_only
7.869,7.725,7.33,OR.PA-management-2025-03-20-2025-03-20-consolidated-financial-statem,management,consequence,1,"The L'Oréal Groupe received 5,140,317 Euroapi shares amounting to €74.5 million, which was recognised as financial incom",OR.PA-management-152,insider_only
7.929,7.691,7.391,OR.PA-management-2025-03-20-2025-03-20-consolidated-financial-statem,management,consequence,1,"Sanofi granted a dividend in kind by distributing 58% of its Euroapi shares to its shareholders, representing for the L'",OR.PA-management-152,insider_only
10.264,6.153,7.591,OR.PA-management-2025-03-20-2025-03-20-consolidated-financial-statem,management,consequence,-1,The IFRS 2 expense for the Employee shareholding plans recognised for the 2023 financial year amounted to €4 million.,OR.PA-management-152,insider_only
10.273,6.294,7.597,OR.PA-management-2025-03-20-2025-03-20-consolidated-financial-statem,management,consequence,-1,The IFRS 2 expense for free shares recognised for the 2024 financial year amounts to €35.1 million.,OR.PA-management-152,insider_only
10.862,4.267,7.229,OR.PA-management-2025-03-20-2025-03-20-consolidated-financial-statem,management,precursor,1,Deferred tax assets generated by tax loss carryforwards are only recognised to the extent it is probable that the entiti,OR.PA-management-152,insider_only
10.865,4.168,7.179,OR.PA-management-2025-03-20-2025-03-20-consolidated-financial-statem,management,precursor,-1,Uncertain tax positions are recorded in the balance sheet under Non-current tax liabilities.,OR.PA-management-152,insider_only
10.777,4.286,7.204,OR.PA-management-2025-03-20-2025-03-20-consolidated-financial-statem,management,precursor,1,Deferred tax is measured using the tax rate enacted at the closing date and which will also apply when the temporary dif,OR.PA-management-152,insider_only
9.756,6.148,7.571,OR.PA-management-2025-03-20-2025-03-20-consolidated-financial-statem,management,precursor,1,"The acquisition cost, which includes contingent consideration, is recognised and measured at its acquisition-date fair v",OR.PA-management-152,insider_only
7.892,8.708,7.111,OR.PA-management-2025-03-20-2025-03-20-consolidated-financial-statem,management,precursor,1,"The Group issued in 2022 a €3 billion bond, one tranche of which in an amount of €1,250 million is sustainability-linked",OR.PA-management-152,insider_only
8.175,8.599,7.074,OR.PA-management-2025-03-20-2025-03-20-consolidated-financial-statem,management,precursor,1,The Group's available cash is mainly invested in SRI SICAV money-market funds and term accounts.,OR.PA-management-152,insider_only
7.951,8.887,7.112,OR.PA-management-2025-03-20-2025-03-20-consolidated-financial-statem,management,precursor,1,The Group recorded a total of €246 million in non-current financial assets related to sustainable development activities,OR.PA-management-152,insider_only
7.677,9.164,6.987,OR.PA-management-2025-03-20-2025-03-20-consolidated-financial-statem,management,precursor,1,"In 2024, joint creation with Chenavari of a Solstice fund of €50 million (including €11 million in 2024) to support the ",OR.PA-management-152,insider_only
7.56,9.255,6.925,OR.PA-management-2025-03-20-2025-03-20-consolidated-financial-statem,management,precursor,1,"At the end of 2021, investment in Circular Innovation Fund amounting to €50 million.",OR.PA-management-152,insider_only
7.578,9.284,6.938,OR.PA-management-2025-03-20-2025-03-20-consolidated-financial-statem,management,precursor,1,"In 2020, the creation of a fund for Nature Regeneration to financially support projects to restore natural marine, fores",OR.PA-management-152,insider_only
7.449,9.251,6.891,OR.PA-management-2025-03-20-2025-03-20-consolidated-financial-statem,management,precursor,1,"Investment in start-ups for a total amount of €72 million, including investments in Global Bioenergies, Carbios, Microph",OR.PA-management-152,insider_only
6.974,9.293,6.866,OR.PA-management-2025-03-20-2025-03-20-consolidated-financial-statem,management,precursor,1,"The Swiss environmental technology start-up Gjosa, which has developed innovative water-saving solutions and which BOLD ",OR.PA-management-152,insider_only
9.795,5.158,7.334,OR.PA-management-2025-03-20-2025-03-20-consolidated-financial-statem,management,consequence,1,The reversal of the provision and the reversal of the debt for the same amount of €189.5 million following the outcome i,OR.PA-management-152,insider_only
8.8,4.755,6.669,OR.PA-management-2025-03-20-2025-03-20-consolidated-financial-statem,management,consequence,-1,Actuarial gains and losses due to financial assumptions had a negative impact on the present value of defined benefit ob,OR.PA-management-152,insider_only
11.093,4.62,9.549,OR.PA-management-2025-03-20-2025-03-20-consolidated-financial-statem,management,precursor,-1,A change in medical cost inflation would impact the projected benefit obligation and current service cost.,OR.PA-management-152,insider_only
7.24,9.758,8.488,OR.PA-management-2025-04-01-2025-04-01-annual-report-2024,management,precursor,1,The stability of the Group’s governance in a changing world makes it possible to work towards long-term objectives and e,OR.PA-management-115,insider_only
5.65,10.151,7.44,OR.PA-management-2025-04-01-2025-04-01-annual-report-2024,management,precursor,1,"The Board of Directors places great importance on respecting L’Oréal’s ethical principles and Code of Ethics, which is c",OR.PA-management-115,insider_only
5.611,10.024,7.761,OR.PA-management-2025-04-01-2025-04-01-annual-report-2024,management,precursor,1,L’Oréal’s global footprint and its ability to adapt beauty for each person’s specific aspirations drive growth and deal ,OR.PA-management-115,insider_only
5.692,10.198,7.89,OR.PA-management-2025-04-01-2025-04-01-annual-report-2024,management,precursor,1,"Innovation is at the heart of L’Oréal, enabling the Group to offer the best in terms of quality, efficacy, safety, and r",OR.PA-management-115,insider_only
7.873,8.086,9.103,OR.PA-management-2025-04-01-2025-04-01-annual-report-2024,management,consequence,1,Continued dividend growth of +6.1% in 2024.,OR.PA-management-115,insider_only
7.74,8.304,9.42,OR.PA-management-2025-04-01-2025-04-01-annual-report-2024,management,consequence,1,Strong increase in profitable growth performance in 2024.,OR.PA-management-115,insider_only
5.532,10.122,7.699,OR.PA-management-2025-04-01-2025-04-01-annual-report-2024,management,precursor,1,"L’Oréal’s unique multipolar model enables dynamic, profitable, and sustainable growth.",OR.PA-management-115,insider_only
5.786,10.097,7.47,OR.PA-management-2025-04-01-2025-04-01-annual-report-2024,management,precursor,1,L’Oréal’s commitment to ethics and vigilant governance.,OR.PA-management-115,insider_only
6.935,9.918,8.297,OR.PA-management-2025-04-01-2025-04-01-annual-report-2024,management,precursor,1,Investment in employee skills development.,OR.PA-management-115,insider_only
5.691,10.176,7.486,OR.PA-management-2025-04-01-2025-04-01-annual-report-2024,management,precursor,1,L’Oréal’s sustainable transformation since 2020.,OR.PA-management-115,insider_only
5.489,10.202,7.49,OR.PA-management-2025-04-01-2025-04-01-annual-report-2024,management,precursor,1,L'Oréal's dual focus on economic performance and social and environmental exemplarity guides long-term investment decisi,OR.PA-management-115,insider_only
5.484,10.334,7.309,OR.PA-management-2025-04-01-2025-04-01-annual-report-2024,management,precursor,1,L'Oréal's inclusive sourcing program supports sustainable transformation among suppliers.,OR.PA-management-115,insider_only
5.868,9.471,7.488,OR.PA-management-2025-04-01-2025-04-01-annual-report-2024,management,precursor,1,L'Oréal's targeted acquisitions build a unique portfolio of brands to satisfy diverse beauty aspirations.,OR.PA-management-115,insider_only
5.586,9.908,9.176,OR.PA-management-2025-04-01-2025-04-01-annual-report-2024,management,precursor,1,"L'Oréal's product innovations and launches, such as Garnier Color Sensation and L'Oréal Paris Glycolic Bright, drive sal",OR.PA-management-115,insider_only
5.418,9.462,8.926,OR.PA-management-2025-04-01-2025-04-01-annual-report-2024,management,precursor,1,"L'Oréal Paris's major launches in 2024, such as Panorama mascara, strengthen its global leadership and drive sales.",OR.PA-management-115,insider_only
5.499,9.632,7.868,OR.PA-management-2025-04-01-2025-04-01-annual-report-2024,management,precursor,1,L'Oréal's use of QR codes for digital services and product information enhances consumer engagement and drives sales.,OR.PA-management-115,insider_only
5.835,9.932,7.889,OR.PA-management-2025-04-01-2025-04-01-annual-report-2024,management,precursor,1,"L'Oréal Paris's launch of Beauty Genius Discover, a Gen AI-powered personal beauty assistant, enhances consumer experien",OR.PA-management-115,insider_only
6.812,9.513,9.095,OR.PA-management-2025-04-01-2025-04-01-annual-report-2024,management,consequence,1,The Group's strengthened leadership position and compelling results are a testament to the resilience of its business mo,OR.PA-management-115,insider_only
7.639,8.817,9.268,OR.PA-management-2025-04-01-2025-04-01-annual-report-2024,management,consequence,1,"The Group's continued quality of P&L management, with a record operating margin of 20%, up +20 basis points despite a vo",OR.PA-management-115,insider_only
7.75,9.132,7.893,OR.PA-management-2025-04-01-2025-04-01-annual-report-2024,management,consequence,1,"The Group's progress towards its social and environmental commitments, including 4.5 million people benefitting from its",OR.PA-management-115,insider_only
7.606,9.215,6.959,OR.PA-management-2025-04-01-2025-04-01-annual-report-2024,management,consequence,1,The Group's investment of €50 million in the Solstice fund to support its industrial partners in accelerating their deca,OR.PA-management-115,insider_only
5.631,10.544,7.87,OR.PA-management-2025-04-01-2025-04-01-annual-report-2024,management,consequence,1,"The Group's efforts in sustainability and social performance being recognised with the EcoVadis Platinum Medal, ranking ",OR.PA-management-115,insider_only
6.971,9.95,8.361,OR.PA-management-2025-04-01-2025-04-01-annual-report-2024,management,precursor,1,"The Group's strengthened Research & Innovation capabilities with artificial intelligence and tech, optimised organisatio",OR.PA-management-115,insider_only
6.644,9.371,7.22,OR.PA-management-2025-04-01-2025-04-01-annual-report-2024,management,precursor,1,"The Group's bolstered portfolio of desirable brands by acquiring the Miu Miu licence and Dr.G, and taking minority stake",OR.PA-management-115,insider_only
7.021,9.905,8.406,OR.PA-management-2025-04-01-2025-04-01-annual-report-2024,management,precursor,1,"The Group's commitment to invest further in markets with favourable economic and demographic trends, engage dynamic cons",OR.PA-management-115,insider_only
5.894,9.932,7.902,OR.PA-management-2025-04-01-2025-04-01-annual-report-2024,management,precursor,1,"L’Oréal's integration of Generative AI (Gen AI) initiatives is boosting efficiency, effectiveness, and consumer engageme",OR.PA-management-115,insider_only
5.778,9.976,7.888,OR.PA-management-2025-04-01-2025-04-01-annual-report-2024,management,precursor,1,"L’Oréal's new ultra-personalised haircare, skincare, and makeup products effectively address the unique needs of curly h",OR.PA-management-115,insider_only
5.591,10.182,7.68,OR.PA-management-2025-04-01-2025-04-01-annual-report-2024,management,precursor,1,L’Oréal's responsive logistics and global distribution network are increasing speed and scale for decarbonisation initia,OR.PA-management-115,insider_only
5.667,10.318,7.441,OR.PA-management-2025-04-01-2025-04-01-annual-report-2024,management,precursor,1,L’Oréal's encouragement of suppliers to set science-based emission reduction targets and identify ways to reduce their c,OR.PA-management-115,insider_only
5.828,9.931,7.838,OR.PA-management-2025-04-01-2025-04-01-annual-report-2024,management,precursor,1,"L’Oréal Paris launched Beauty Genius, a Gen AI-powered personal beauty assistant, in the USA.",OR.PA-management-115,insider_only
5.398,9.535,9.042,OR.PA-management-2025-04-01-2025-04-01-annual-report-2024,management,precursor,1,L’Oréal Luxe continues to affirm its global leadership in fine fragrance.,OR.PA-management-115,insider_only
5.925,10.009,10.149,OR.PA-management-2025-04-01-2025-04-01-annual-report-2024,management,precursor,1,"The Division is accelerating the rollout of refillable options across fragrance, skincare and makeup.",OR.PA-management-115,insider_only
5.759,9.875,7.771,OR.PA-management-2025-04-01-2025-04-01-annual-report-2024,management,precursor,1,L’Oréal excels in translating the DNA of couture houses into beauty products and experiences.,OR.PA-management-115,insider_only
6.636,9.482,7.312,OR.PA-management-2025-04-01-2025-04-01-annual-report-2024,management,precursor,1,A new long-term licence agreement for the Miu Miu brand.,OR.PA-management-115,insider_only
5.34,9.448,8.713,OR.PA-management-2025-04-01-2025-04-01-annual-report-2024,management,precursor,1,L’Oréal Luxe offers omnichannel strategy to reinforce consumer engagement and loyalty.,OR.PA-management-115,insider_only
6.651,9.324,8.049,OR.PA-management-2025-04-01-2025-04-01-annual-report-2024,management,precursor,1,"Aēsop opened 42 new doors, designed as cultural destinations.",OR.PA-management-115,insider_only
5.881,10.227,7.896,OR.PA-management-2025-04-01-2025-04-01-annual-report-2024,management,precursor,1,L’Oréal’s Research & Innovation has demonstrated its expertise in key scientific territories.,OR.PA-management-115,insider_only
5.616,10.485,10.449,OR.PA-management-2025-04-01-2025-04-01-annual-report-2024,management,precursor,1,"Mela B3, featuring the revolutionary MelasylTM molecule, has met with immediate success.",OR.PA-management-115,insider_only
5.329,9.473,9.263,OR.PA-management-2025-04-01-2025-04-01-annual-report-2024,management,precursor,1,L’Oréal Dermatological Beauty’s strong growth is based on a winning strategy in mature and emerging markets.,OR.PA-management-115,insider_only
5.778,10.084,7.188,OR.PA-management-2025-04-01-2025-04-01-annual-report-2024,management,precursor,1,L’Oréal committed to a €20 million investment over five years to fund access to skin health worldwide.,OR.PA-management-115,insider_only
6.585,10.24,9.786,OR.PA-management-2025-04-01-2025-04-01-annual-report-2024,management,precursor,1,"The Division is multiplying its points of contact with consumers and strengthening its presence in salons, e-commerce an",OR.PA-management-115,insider_only
5.482,10.361,7.422,OR.PA-management-2025-04-01-2025-04-01-annual-report-2024,management,precursor,1,The Division continues its sustainability commitments through the “Hairstylists for the Future” programme.,OR.PA-management-115,insider_only
6.171,10.475,9.631,OR.PA-management-2025-04-01-2025-04-01-annual-report-2024,management,precursor,1,The Professional Products Division has launched disruptive innovations such as new hair repair ranges.,OR.PA-management-115,insider_only
7.033,10.374,10.353,OR.PA-management-2025-04-01-2025-04-01-annual-report-2024,management,precursor,1,"The Division is stepping up the pace in new growth markets such as Brazil, Mexico and the Gulf States.",OR.PA-management-115,insider_only
5.908,10.531,9.108,OR.PA-management-2025-04-01-2025-04-01-annual-report-2024,management,precursor,1,"L’Oréal Professionnel’s AirLight Pro makes drying hair faster and damage-free, saving up to 14% energy.",OR.PA-management-115,insider_only
8.234,4.681,6.965,OR.PA-management-2026-02-12-2026-02-12-annual-results-2025,management,consequence,-1,The commitment to buy back the minority shareholders of Medik8 for €325 million.,OR.PA-management-120,insider_only
9.751,5.074,7.324,OR.PA-management-2026-02-12-2026-02-12-annual-results-2025,management,consequence,1,The dispute with the French Competition Authority in 2023 led to a reversal of the provision and debt for €189.5 million,OR.PA-management-120,insider_only
6.29,9.619,10.847,OR.PA-management-2026-02-12-2026-02-12-annual-results-2025,management,consequence,1,The profitability of the Dermatological Beauty Division remained stable at 26.1% compared to 2024.,OR.PA-management-120,insider_only
9.524,5.366,7.552,OR.PA-management-2026-02-12-2026-02-12-annual-results-2025,management,consequence,-1,"Non-recurring items after non-controlling interests amounted to 681.1 million euros net of tax, impacting net profit.",OR.PA-management-120,insider_only
6.167,10.186,9.726,OR.PA-management-2026-02-12-2026-02-12-annual-results-2025,management,precursor,1,"The integration of Color Wow is well underway, bringing increased firepower in the fast-accelerating styling segment and",OR.PA-management-120,insider_only
6.735,10.198,10.472,OR.PA-management-2026-02-12-2026-02-12-annual-results-2025,management,consequence,1,"The Professional Products Division posted growth of +7.5% like-for-like and +5.7% reported, significantly outperforming ",OR.PA-management-120,insider_only
6.727,9.69,10.599,OR.PA-management-2026-02-12-2026-02-12-annual-results-2025,management,consequence,1,"The Consumer Products Division posted growth of +3.5% like-for-like and +0.7% reported, with growth accelerating between",OR.PA-management-120,insider_only
6.194,9.929,9.965,OR.PA-management-2026-02-12-2026-02-12-annual-results-2025,management,precursor,1,The step-up in the launch plan and a gradually improving beauty market.,OR.PA-management-120,insider_only
7.98,4.608,7.363,OR.PA-management-2026-02-12-2026-02-12-annual-results-2025,management,consequence,-1,Adverse currency and tariff trends.,OR.PA-management-120,insider_only
8.294,8.118,9.144,OR.PA-management-2026-02-12-2026-02-12-annual-results-2025,management,consequence,1,Efficiency gains.,OR.PA-management-120,insider_only
6.611,9.533,7.346,OR.PA-management-2026-02-12-2026-02-12-annual-results-2025,management,precursor,1,Acquisition of Kering Beauté.,OR.PA-management-120,insider_only
6.817,9.292,7.281,OR.PA-management-2026-02-12-2026-02-12-annual-results-2025,management,precursor,1,Increase in stake in Galderma.,OR.PA-management-120,insider_only
8.498,8.223,9.121,OR.PA-management-2026-02-12-2026-02-12-annual-results-2025,management,consequence,1,"The company's net profit attributable to owners increased from €6,408.7 million in 2024 to €6,127.2 million in 2025.",OR.PA-management-120,insider_only
8.518,4.488,6.691,OR.PA-management-2026-02-12-2026-02-12-annual-results-2025,management,consequence,-1,"The company's other comprehensive income decreased from €1,414.5 million in 2024 to €14.3 million in 2025.",OR.PA-management-120,insider_only
8.542,8.302,8.754,OR.PA-management-2026-02-12-2026-02-12-annual-results-2025,management,consequence,1,"The company's total equity increased from €33,133.3 million in 2024 to €34,953.2 million in 2025.",OR.PA-management-120,insider_only
5.985,10.341,10.357,OR.PA-management-2026-02-12-2026-02-12-annual-results-2025,management,precursor,1,The continued success of P-Tiox and strong momentum in D2C boosted SkinCeuticals.,OR.PA-management-120,insider_only
6.104,10.515,10.66,OR.PA-management-2026-02-12-2026-02-12-annual-results-2025,management,precursor,1,Continued strength in haircare and gradual improvement in skincare drove CeraVe's upward trajectory.,OR.PA-management-120,insider_only
7.723,10.467,9.884,OR.PA-management-2026-02-12-2026-02-12-annual-results-2025,management,precursor,1,E-commerce delivered robust performance across all four Divisions.,OR.PA-management-120,insider_only
7.096,9.547,10.185,OR.PA-management-2026-02-12-2026-02-12-annual-results-2025,management,precursor,1,"Mainland China's growth accelerated from low to mid-single digits, supported by gradually stabilising market conditions.",OR.PA-management-120,insider_only
5.668,9.41,9.269,OR.PA-management-2026-02-12-2026-02-12-annual-results-2025,management,precursor,1,Strong innovation pipeline and outstanding consumer experiences boosted Luxe's performance.,OR.PA-management-120,insider_only
6.205,10.676,9.995,OR.PA-management-2026-02-12-2026-02-12-annual-results-2025,management,precursor,1,Successful Elsève launches fuelled strong performances in both professional and mass channels.,OR.PA-management-120,insider_only
6.046,10.027,9.721,OR.PA-management-2026-02-12-2026-02-12-annual-results-2025,management,precursor,1,Innovations and successful expansion of 3CE boosted the rebound of makeup.,OR.PA-management-120,insider_only
6.116,10.304,9.742,OR.PA-management-2026-02-12-2026-02-12-annual-results-2025,management,precursor,1,Strong innovation in premium haircare and fragrances and makeup drove outstanding growth in Professional Products and Lu,OR.PA-management-120,insider_only
6.501,9.19,6.83,OR.PA-management-2026-02-12-2026-02-12-annual-results-2025,management,precursor,1,"L’Oréal announced the acquisition of an additional 10% stake in Galderma, bringing its ownership to 20%.",OR.PA-management-120,insider_only
5.76,10.15,8.155,OR.PA-management-2026-02-12-2026-02-12-annual-results-2025,management,precursor,1,L’Oréal introduced two breakthrough technologies at the CES 2026 in Las Vegas.,OR.PA-management-120,insider_only
5.344,10.48,8.061,OR.PA-management-2026-02-12-2026-02-12-annual-results-2025,management,consequence,1,L’Oréal achieved a tenth consecutive CDP triple ‘A’ score.,OR.PA-management-120,insider_only
5.469,10.514,7.853,OR.PA-management-2026-02-12-2026-02-12-annual-results-2025,management,consequence,1,L'Oréal was awarded the EcoVadis Platinum medal rating with a score of 89 over 100.,OR.PA-management-120,insider_only
5.924,10.118,9.581,OR.PA-management-2026-02-12-2026-02-12-annual-results-2025,management,precursor,1,"The success of blockbuster products like Maybelline New York Colossal Bubble Mascara, L’Oréal Paris Infallible Setting S",OR.PA-management-120,insider_only
5.717,10.23,9.175,OR.PA-management-2026-02-12-2026-02-12-annual-results-2025,management,precursor,1,"Innovations from L'Oréal Paris’ Revitalift franchise, including the Eye Bag Instant Eraser, as well as Garnier Dry Touch",OR.PA-management-120,insider_only
6.681,10.007,10.638,OR.PA-management-2026-02-12-2026-02-12-annual-results-2025,management,precursor,1,"The Division strongly outperformed a selective market at around +1%, with a gradual improvement in the second half.",OR.PA-management-120,insider_only
6.763,10.418,10.469,OR.PA-management-2026-02-12-2026-02-12-annual-results-2025,management,precursor,1,The Division became the number one player in North Asia – securing market leadership across all regions.,OR.PA-management-120,insider_only
5.455,9.782,9.455,OR.PA-management-2026-02-12-2026-02-12-annual-results-2025,management,precursor,1,"Fragrances remained a powerful growth engine driven by the highly dynamic Couture brands, thanks to global blockbusters ",OR.PA-management-120,insider_only
5.383,9.524,9.203,OR.PA-management-2026-02-12-2026-02-12-annual-results-2025,management,precursor,1,The recently acquired Medik8 brand is off to a strong start – reinforcing the position of L’Oréal Luxe in the important ,OR.PA-management-120,insider_only
6.001,9.968,10.681,OR.PA-management-2026-02-12-2026-02-12-annual-results-2025,management,precursor,1,The Dermatological Beauty Division posted growth of +5.5% like-for-like and +2.5% reported.,OR.PA-management-120,insider_only
6.654,10.163,10.611,OR.PA-management-2026-02-12-2026-02-12-annual-results-2025,management,precursor,1,"Momentum improved quarter after quarter and significantly accelerated into double digits in the fourth quarter, supporte",OR.PA-management-120,insider_only
5.573,10.396,10.482,OR.PA-management-2026-02-12-2026-02-12-annual-results-2025,management,precursor,1,"La Roche-Posay significantly outpaced the market, driven by the Cicaplast franchise and the continued success of Melasyl",OR.PA-management-120,insider_only
6.101,10.511,10.71,OR.PA-management-2026-02-12-2026-02-12-annual-results-2025,management,precursor,1,"CeraVe achieved a gradual turnaround, boosted by the successful launch of Intensive Moisturising Lotion.",OR.PA-management-120,insider_only
6.0,10.371,10.386,OR.PA-management-2026-02-12-2026-02-12-annual-results-2025,management,precursor,1,"SkinCeuticals crossed the billion-euro mark, delivering very dynamic growth everywhere, propelled by outstanding innovat",OR.PA-management-120,insider_only
5.76,10.679,10.292,OR.PA-management-2026-02-12-2026-02-12-annual-results-2025,management,precursor,1,Vichy’s growth was boosted by the ongoing strength of Dercos and the successful launch of Collagen Specialist 16.,OR.PA-management-120,insider_only
7.438,9.153,10.276,OR.PA-management-2026-02-12-2026-02-12-annual-results-2025,management,precursor,1,Sales in Europe grew +4.4 % like-for-like and +4.6% reported.,OR.PA-management-120,insider_only
5.361,9.212,9.164,OR.PA-management-2026-02-12-2026-02-12-annual-results-2025,management,precursor,1,"L’Oréal continued to outpace a robust beauty market, with a particularly strong finish, thanks to the continued success ",OR.PA-management-120,insider_only
5.974,10.106,9.605,OR.PA-management-2026-02-12-2026-02-12-annual-results-2025,management,precursor,1,"Consumer Products outpaced the market in makeup thanks to strong innovations, notably from L’Oréal Paris and NYX Profess",OR.PA-management-120,insider_only
5.903,10.434,9.588,OR.PA-management-2026-02-12-2026-02-12-annual-results-2025,management,precursor,1,Haircare was boosted by successful launches such as L’Oréal Paris Elsève Glycolic Gloss and Garnier Fructis Keratin Slee,OR.PA-management-120,insider_only
5.42,9.374,9.214,OR.PA-management-2026-02-12-2026-02-12-annual-results-2025,management,precursor,1,"L'Oréal Luxe significantly outperformed its market, thanks primarily to the outstanding performance of its fragrance por",OR.PA-management-120,insider_only
6.442,10.631,10.025,OR.PA-management-2026-02-12-2026-02-12-annual-results-2025,management,precursor,1,"Professional Products grew strongly, propelled by the continued dynamism in premium haircare – with a particularly impre",OR.PA-management-120,insider_only
6.14,10.043,10.521,OR.PA-management-2026-02-12-2026-02-12-annual-results-2025,management,precursor,1,"Dermatological Beauty progressively accelerated in the second half, helped by the gradual alignment of sell-in and sell-",OR.PA-management-120,insider_only
7.333,9.49,10.442,OR.PA-management-2026-02-12-2026-02-12-annual-results-2025,management,precursor,1,Sales in North America grew +3.4% like-for-like and -0.7% reported.,OR.PA-management-120,insider_only
6.664,9.891,10.613,OR.PA-management-2026-02-12-2026-02-12-annual-results-2025,management,precursor,1,Growth accelerated from +2% in the first to almost +5% in the second half as market conditions improved and key innovati,OR.PA-management-120,insider_only
6.705,10.006,10.632,OR.PA-management-2026-02-12-2026-02-12-annual-results-2025,management,precursor,1,"In Consumer Products, momentum improved quarter after quarter, resulting in significant outperformance in the back half ",OR.PA-management-120,insider_only
6.089,10.44,9.878,OR.PA-management-2026-02-12-2026-02-12-annual-results-2025,management,precursor,1,"Haircare remained the most dynamic growth engine, led by L'Oréal Paris Elvive and Ever.",OR.PA-management-120,insider_only
5.953,10.204,9.529,OR.PA-management-2026-02-12-2026-02-12-annual-results-2025,management,precursor,1,"Makeup improved strongly, driven by innovations like L'Oréal Paris’ Plump Ambition and Faux Brow, as well as NYX Profess",OR.PA-management-120,insider_only
6.383,10.602,9.965,OR.PA-management-2026-02-12-2026-02-12-annual-results-2025,management,precursor,1,"Professional Products outpaced the market thanks to the continued strength of Kérastase in premium haircare, boosted fur",OR.PA-management-120,insider_only
5.54,9.63,9.31,OR.PA-management-2026-02-12-2026-02-12-annual-results-2025,management,precursor,1,"In Luxe, fragrances remained dynamic, significantly outpacing the market.",OR.PA-management-120,insider_only
6.115,10.063,10.588,OR.PA-management-2026-02-12-2026-02-12-annual-results-2025,management,precursor,1,"In Dermatological Beauty, momentum significantly improved in the second half of the year with all key brands contributin",OR.PA-management-120,insider_only
6.07,10.382,10.376,OR.PA-management-2026-02-12-2026-02-12-annual-results-2025,management,precursor,1,"Growth was led by SkinCeuticals, boosted by the continued success of P-Tiox and strong momentum in D2C.",OR.PA-management-120,insider_only
6.174,10.561,10.722,OR.PA-management-2026-02-12-2026-02-12-annual-results-2025,management,precursor,1,"CeraVe maintained its upward trajectory, driven by continued strength in haircare and a gradual improvement in skincare.",OR.PA-management-120,insider_only
7.682,10.463,9.934,OR.PA-management-2026-02-12-2026-02-12-annual-results-2025,management,precursor,1,"E-commerce remained the primary growth engine, delivering robust performance across all four Divisions.",OR.PA-management-120,insider_only
6.489,8.641,7.052,OR.PA-management-2026-04-22-2026-04-22-first-quarter-2026-sales,management,precursor,1,"L'Oréal entered a mandate with an investment services provider to purchase its own shares, under the authorisation appro",OR.PA-management-121,insider_only
6.598,9.439,7.292,OR.PA-management-2026-04-22-2026-04-22-first-quarter-2026-sales,management,precursor,1,"The acquisition of Kering Beauté by L’Oréal on March 31, 2026, is expected to contribute to future growth.",OR.PA-management-121,insider_only
7.732,4.622,7.371,OR.PA-management-2026-04-22-2026-04-22-first-quarter-2026-sales,management,consequence,-1,Currency fluctuations had a negative impact of -5.5% on sales at the end of March 2026.,OR.PA-management-121,insider_only
7.77,4.817,7.451,OR.PA-management-2026-04-22-2026-04-22-first-quarter-2026-sales,management,precursor,-1,"If the exchange rates on 31 March 2026 were extrapolated until 31 December, the impact of currency fluctuations on sales",OR.PA-management-121,insider_only
7.134,8.356,6.499,OR.PA-management-2026-04-22-2026-04-22-first-quarter-2026-sales,management,consequence,1,The phasing ahead of the IT transformation in 1Q26 and 1Q25 had a net impact of 3.4% and 2.5% respectively.,OR.PA-management-121,insider_only
6.377,10.252,9.813,OR.PA-management-2026-04-22-2026-04-22-first-quarter-2026-sales,management,consequence,1,The Division's omnichannel strategy and focus on premiumising the salon industry through tailored services drove spectac,OR.PA-management-121,insider_only
6.145,10.098,9.686,OR.PA-management-2026-04-22-2026-04-22-first-quarter-2026-sales,management,precursor,1,The integration of Color Wow and its global rollout throughout 2026 will be a strong growth contributor for the brand.,OR.PA-management-121,insider_only
5.863,10.02,10.034,OR.PA-management-2026-04-22-2026-04-22-first-quarter-2026-sales,management,consequence,1,"The Division’s strategy to make beauty innovations accessible to everyone, everywhere, led to strong outperformance of t",OR.PA-management-121,insider_only
5.649,9.379,9.25,OR.PA-management-2026-04-22-2026-04-22-first-quarter-2026-sales,management,consequence,1,The ongoing implementation of an aggressive innovation plan and the strength of its brand portfolio drove Luxe's growth.,OR.PA-management-121,insider_only
6.596,9.621,7.462,OR.PA-management-2026-04-22-2026-04-22-first-quarter-2026-sales,management,precursor,1,The landmark acquisition of Kering Beauté significantly expands the Division’s brand portfolio and reinforces its positi,OR.PA-management-121,insider_only
6.486,10.406,10.191,OR.PA-management-2026-04-22-2026-04-22-first-quarter-2026-sales,management,consequence,1,The Division's strong innovation pipeline and the success of key franchises like Cicaplast and Hyalu B5 Suractivated dro,OR.PA-management-121,insider_only
5.972,9.517,10.476,OR.PA-management-2026-04-22-2026-04-22-first-quarter-2026-sales,management,consequence,1,The ongoing acceleration of the e-commerce channel boosted the beauty market in Europe.,OR.PA-management-121,insider_only
5.305,9.515,9.508,OR.PA-management-2026-04-22-2026-04-22-first-quarter-2026-sales,management,consequence,1,Successful innovations and strong partnerships with retailers helped L’Oréal gain share in North America.,OR.PA-management-121,insider_only
5.392,9.557,9.118,OR.PA-management-2026-04-22-2026-04-22-first-quarter-2026-sales,management,precursor,1,The success of L'Oréal's expanding toner portfolio.,OR.PA-management-121,insider_only
5.78,9.784,9.512,OR.PA-management-2026-04-22-2026-04-22-first-quarter-2026-sales,management,precursor,1,Continued outperformance in a dynamic fragrance market.,OR.PA-management-121,insider_only
7.065,9.595,7.974,OR.PA-management-2026-04-22-2026-04-22-first-quarter-2026-sales,management,precursor,1,Integration of Medik8.,OR.PA-management-121,insider_only
6.921,9.299,9.954,OR.PA-management-2026-04-22-2026-04-22-first-quarter-2026-sales,management,precursor,1,Growth in China driven by selective market recovery.,OR.PA-management-121,insider_only
5.984,3.799,7.787,OR.PA-management-2026-04-22-2026-04-22-first-quarter-2026-sales,management,precursor,-1,Fewer arrivals from Chinese tourists impacting Japan's momentum.,OR.PA-management-121,insider_only
6.067,3.864,7.884,OR.PA-management-2026-04-22-2026-04-22-first-quarter-2026-sales,management,precursor,-1,Persisting weakness in mainland China impacting Travel Retail growth.,OR.PA-management-121,insider_only
5.955,10.042,9.929,OR.PA-management-2026-04-22-2026-04-22-first-quarter-2026-sales,management,precursor,1,Strong innovation pipeline in skincare.,OR.PA-management-121,insider_only
6.325,9.866,9.246,OR.PA-management-2026-04-22-2026-04-22-first-quarter-2026-sales,management,precursor,1,Acceleration of Couture brands and strong contribution from Aesop.,OR.PA-management-121,insider_only
6.099,10.171,9.929,OR.PA-management-2026-04-22-2026-04-22-first-quarter-2026-sales,management,precursor,1,Dermatological Beauty and Professional Products sustaining strong growth.,OR.PA-management-121,insider_only
6.505,9.678,10.502,OR.PA-management-2026-04-22-2026-04-22-first-quarter-2026-sales,management,precursor,1,Stabilisation in sell-out for Consumer Products Division.,OR.PA-management-121,insider_only
6.885,10.288,9.927,OR.PA-management-2026-04-22-2026-04-22-first-quarter-2026-sales,management,precursor,1,Strong and broad-based growth in SAPMENA.,OR.PA-management-121,insider_only
5.927,10.23,10.291,OR.PA-management-2026-04-22-2026-04-22-first-quarter-2026-sales,management,precursor,1,Boost from La Roche-Posay and CeraVe in Dermatological Beauty.,OR.PA-management-121,insider_only
6.563,10.629,10.049,OR.PA-management-2026-04-22-2026-04-22-first-quarter-2026-sales,management,precursor,1,Strong growth in Professional Products propelled by Kérastase and Redken.,OR.PA-management-121,insider_only
5.732,9.706,9.212,OR.PA-management-2026-04-22-2026-04-22-first-quarter-2026-sales,management,precursor,1,Momentum in Consumer Products led by L’Oréal Paris.,OR.PA-management-121,insider_only
5.952,9.654,9.324,OR.PA-management-2026-04-22-2026-04-22-first-quarter-2026-sales,management,precursor,1,Growth in Luxe fueled by Couture brands.,OR.PA-management-121,insider_only
6.121,10.494,9.747,OR.PA-management-2026-04-22-2026-04-22-first-quarter-2026-sales,management,precursor,1,Strong performances in haircare driven by successful launches.,OR.PA-management-121,insider_only
5.97,9.904,9.986,OR.PA-management-2026-04-22-2026-04-22-first-quarter-2026-sales,management,precursor,1,Continued rise of dermatological brands in skincare.,OR.PA-management-121,insider_only
6.291,10.095,9.47,OR.PA-management-2026-04-22-2026-04-22-first-quarter-2026-sales,management,precursor,1,Boost in makeup from innovation and expansion of 3CE.,OR.PA-management-121,insider_only
5.918,9.843,9.537,OR.PA-management-2026-04-22-2026-04-22-first-quarter-2026-sales,management,precursor,1,Strong growth in fragrances powered by Couture brands.,OR.PA-management-121,insider_only
6.765,10.332,10.016,OR.PA-management-2026-04-22-2026-04-22-first-quarter-2026-sales,management,precursor,1,Exceptional growth in Vietnam.,OR.PA-management-121,insider_only
6.849,10.249,9.854,OR.PA-management-2026-04-22-2026-04-22-first-quarter-2026-sales,management,precursor,1,Strong advance in India.,OR.PA-management-121,insider_only
6.264,3.986,7.735,OR.PA-management-2026-04-22-2026-04-22-first-quarter-2026-sales,management,precursor,-1,Impact of conflict on consumption in the Middle East.,OR.PA-management-121,insider_only
7.576,10.424,9.853,OR.PA-management-2026-04-22-2026-04-22-first-quarter-2026-sales,management,precursor,1,Online as a growth driver across the region.,OR.PA-management-121,insider_only
6.106,10.195,9.837,OR.PA-management-2026-04-22-2026-04-22-first-quarter-2026-sales,management,precursor,1,"Solid momentum in SSA with strong contributions from skincare, haircare, and fragrances.",OR.PA-management-121,insider_only
7.094,10.332,9.872,OR.PA-management-2026-04-22-2026-04-22-first-quarter-2026-sales,management,precursor,1,South Africa as the primary growth engine.,OR.PA-management-121,insider_only
6.229,4.033,8.161,OR.PA-management-2026-04-22-2026-04-22-first-quarter-2026-sales,management,precursor,-1,Softening market growth in Latin America driven by Brazil and Mexico.,OR.PA-management-121,insider_only
6.705,10.492,10.034,OR.PA-management-2026-04-22-2026-04-22-first-quarter-2026-sales,management,precursor,1,Exceptional growth in Professional Products across the region.,OR.PA-management-121,insider_only
5.505,9.515,9.184,OR.PA-management-2026-04-22-2026-04-22-first-quarter-2026-sales,management,precursor,1,Solid momentum in L’Oréal Luxe driven by ongoing strength in fragrances.,OR.PA-management-121,insider_only
6.177,10.352,9.907,OR.PA-management-2026-04-22-2026-04-22-first-quarter-2026-sales,management,precursor,1,Largest growth contributor from Consumer Products fueled by haircare.,OR.PA-management-121,insider_only
6.103,10.251,9.868,OR.PA-management-2026-04-22-2026-04-22-first-quarter-2026-sales,management,precursor,1,Double-digit growth in haircare and fragrances across all relevant Divisions.,OR.PA-management-121,insider_only
7.001,10.251,9.787,OR.PA-management-2026-04-22-2026-04-22-first-quarter-2026-sales,management,precursor,1,Progress led by Brazil and the Andean Region.,OR.PA-management-121,insider_only
7.206,9.456,10.331,OR.PA-management-2026-04-22-2026-04-22-first-quarter-2026-sales,management,precursor,1,Positive growth in Mexico despite more modest market growth and retailer stock adjustments.,OR.PA-management-121,insider_only
7.654,10.446,9.877,OR.PA-management-2026-04-22-2026-04-22-first-quarter-2026-sales,management,precursor,1,Strong momentum in e-commerce throughout the region.,OR.PA-management-121,insider_only
6.64,9.531,7.318,OR.PA-management-2026-04-22-2026-04-22-first-quarter-2026-sales,management,precursor,1,Completion of the acquisition of Kering Beauté.,OR.PA-management-121,insider_only
6.715,9.92,7.9,OR.PA-management-2026-04-22-2026-04-22-first-quarter-2026-sales,management,precursor,1,Research partnership with Institut Pasteur.,OR.PA-management-121,insider_only
6.929,9.925,8.222,OR.PA-management-2026-04-22-2026-04-22-first-quarter-2026-sales,management,precursor,1,Expansion of AI partnership with NVIDIA.,OR.PA-management-121,insider_only
6.289,9.778,7.252,OR.PA-management-2026-04-22-2026-04-22-first-quarter-2026-sales,management,precursor,1,Additional commitment to L’Oréal Fund for Women.,OR.PA-management-121,insider_only
5.7,10.574,7.879,OR.PA-management-2026-04-22-2026-04-22-first-quarter-2026-sales,management,consequence,1,Recognition as World’s Most Ethical Companies by Ethisphere.,OR.PA-management-121,insider_only
5.689,10.582,7.992,OR.PA-management-2026-04-22-2026-04-22-first-quarter-2026-sales,management,consequence,1,Recognition in Equileap's Gender Equality Global Ranking.,OR.PA-management-121,insider_only
5.68,10.582,7.955,OR.PA-management-2026-04-22-2026-04-22-first-quarter-2026-sales,management,consequence,1,Recognition as Supplier Engagement Leader by CDP.,OR.PA-management-121,insider_only
6.794,9.275,7.297,OR.PA-management-2026-04-22-2026-04-22-first-quarter-2026-sales,management,precursor,1,Mandate to purchase own shares.,OR.PA-management-121,insider_only
7.23,4.242,8.722,OR.PA-press-2019-02-08-2019-02-08-gdelt-european-stocks-falter-,press,precursor,-1,Fears about an economic slowdown in the euro zone and a potential full-blown Sino/U.S. trade war are causing European st,OR.PA-press-113,outsider_only
7.327,4.012,8.467,OR.PA-press-2019-02-08-2019-02-08-gdelt-european-stocks-falter-,press,precursor,-1,Disappointing earnings from blue chips are causing European stocks to falter.,OR.PA-press-113,outsider_only
7.417,4.003,8.753,OR.PA-press-2019-02-08-2019-02-08-gdelt-european-stocks-falter-,press,precursor,-1,The European Commission downgrading its growth forecasts is increasing growth worries in Europe.,OR.PA-press-113,outsider_only
6.92,3.994,7.733,OR.PA-press-2019-02-08-2019-02-08-gdelt-european-stocks-falter-,press,precursor,-1,"Subdued demand in cars and consumer electronics, and R&D costs are expected to hit Umicore's 2019 growth.",OR.PA-press-113,outsider_only
6.988,3.573,7.357,OR.PA-press-2019-02-08-2019-02-08-gdelt-european-stocks-falter-,press,precursor,-1,Tata Motors warning that Jaguar Land Rover would swing to a loss due to weak sales is weighing on auto suppliers.,OR.PA-press-113,outsider_only
7.719,3.376,7.087,OR.PA-press-2019-02-08-2019-02-08-gdelt-european-stocks-falter-,press,consequence,-1,Leoni delivering a significant miss to fourth-quarter earnings expectations is causing its stock to sink.,OR.PA-press-113,outsider_only
7.666,3.246,7.152,OR.PA-press-2019-02-08-2019-02-08-gdelt-european-stocks-falter-,press,consequence,-1,"DKSH reporting earnings down 11 percent, below estimates, is causing its stock to fall.",OR.PA-press-113,outsider_only
5.561,8.134,9.177,OR.PA-press-2019-02-08-2019-02-08-gdelt-european-stocks-falter-,press,consequence,1,Strong demand for luxury skin creams is helping L'Oreal beat fourth-quarter sales forecasts.,OR.PA-press-113,outsider_only
7.54,8.046,9.483,OR.PA-press-2019-02-08-2019-02-08-gdelt-european-stocks-falter-,press,precursor,1,Dometic giving a positive outlook for 2019 sales growth is causing its stock to jump.,OR.PA-press-113,outsider_only
7.403,3.973,8.671,OR.PA-press-2019-02-08-2019-02-08-gdelt-european-stocks-falter-,press,precursor,-1,Downgrades to growth forecasts weighed on European stocks.,OR.PA-press-113,outsider_only
7.443,3.657,7.433,OR.PA-press-2019-02-08-2019-02-08-gdelt-european-stocks-falter-,press,precursor,-1,"Weak earnings from Umicore, Skanska, and Rockwool impacted stock performance.",OR.PA-press-113,outsider_only
5.553,8.087,9.21,OR.PA-press-2019-02-08-2019-02-08-gdelt-european-stocks-falter-,press,precursor,1,Strong demand for luxury skin creams helped L'Oreal beat fourth-quarter sales forecasts.,OR.PA-press-113,outsider_only
6.968,7.963,10.314,OR.PA-press-2019-02-08-2019-02-08-gdelt-european-stocks-falter-,press,precursor,1,Sales momentum in Chinese stores stayed strong for Hermes.,OR.PA-press-113,outsider_only
7.44,8.142,9.585,OR.PA-press-2019-02-08-2019-02-08-gdelt-european-stocks-falter-,press,precursor,1,Dometic reported fourth-quarter profit rose and gave a positive outlook for 2019 sales growth.,OR.PA-press-113,outsider_only
7.002,3.952,7.728,OR.PA-press-2019-02-08-2019-02-08-gdelt-european-stocks-falter-,press,precursor,-1,"Umicore expected 2019 growth to be hit by subdued demand in cars and consumer electronics, and R&D costs.",OR.PA-press-113,outsider_only
7.597,3.505,7.203,OR.PA-press-2019-02-08-2019-02-08-gdelt-european-stocks-falter-,press,precursor,-1,Rockwool's full-year earnings missed expectations.,OR.PA-press-113,outsider_only
7.075,3.757,7.649,OR.PA-press-2019-02-08-2019-02-08-gdelt-european-stocks-falter-,press,precursor,-1,Skanska cut its dividend and lagged profit estimates.,OR.PA-press-113,outsider_only
7.089,3.546,7.312,OR.PA-press-2019-02-08-2019-02-08-gdelt-european-stocks-falter-,press,precursor,-1,Tata Motors warned Jaguar Land Rover would swing to a loss due to weak sales.,OR.PA-press-113,outsider_only
5.509,8.252,9.271,OR.PA-press-2019-02-08-2019-02-08-gdelt-loreal-shares-edge-high,press,consequence,1,Strong Chinese demand for luxury skin creams helped L'Oreal beat sales forecasts in the fourth quarter.,OR.PA-press-112,outsider_only
5.631,8.057,9.187,OR.PA-press-2019-02-08-2019-02-08-gdelt-loreal-shares-edge-high,press,consequence,1,Increased sales in the luxury products division contributed to higher overall sales for L'Oreal in the fourth quarter.,OR.PA-press-112,outsider_only
8.331,8.136,9.226,OR.PA-press-2019-02-08-2019-02-08-gdelt-loreal-shares-edge-high,press,consequence,1,Higher operating profit for 2018 contributed to improved financial performance.,OR.PA-press-112,outsider_only
6.697,10.177,9.292,OR.PA-press-2019-02-08-2019-02-08-gdelt-stock-market-today-late,press,precursor,1,The strong debut of Electronic Arts' Apex Legends game.,OR.PA-press-110,outsider_only
7.525,3.594,7.361,OR.PA-press-2019-02-08-2019-02-08-gdelt-stock-market-today-late,press,consequence,-1,Goodyear reported weak results.,OR.PA-press-110,outsider_only
6.702,4.325,8.438,OR.PA-press-2019-02-08-2019-02-08-gdelt-stock-market-today-late,press,precursor,-1,Ongoing trade war between the United States and China.,OR.PA-press-110,outsider_only
6.923,3.925,7.981,OR.PA-press-2019-02-08-2019-02-08-gdelt-stock-market-today-late,press,precursor,-1,Amazon's potential cancellation of its New York campus plans.,OR.PA-press-110,outsider_only
7.952,8.321,9.584,OR.PA-press-2019-02-08-2019-02-08-gdelt-stock-market-today-late,press,consequence,1,Mattel's solid fourth-quarter earnings.,OR.PA-press-110,outsider_only
7.016,8.834,10.024,OR.PA-press-2019-02-08-2019-02-08-gdelt-stock-market-today-late,press,consequence,1,Skechers' strong sales growth.,OR.PA-press-110,outsider_only
7.477,3.615,6.016,OR.PA-press-2019-02-08-2019-02-08-gdelt-stock-market-today-late,press,consequence,-1,The closure of Toys 'R' Us hurt Hasbro more than expected.,OR.PA-press-110,outsider_only
6.707,3.603,7.344,OR.PA-press-2019-02-08-2019-02-08-gdelt-stock-market-today-late,press,consequence,-1,Jaguar Land Rover’s poor performance in China is causing major headaches for its parent company.,OR.PA-press-110,outsider_only
7.842,3.59,6.505,OR.PA-press-2019-02-08-2019-02-08-gdelt-stock-market-today-late,press,consequence,-1,Tata Motors reported a record loss of $3.8 billion.,OR.PA-press-110,outsider_only
8.043,3.764,6.567,OR.PA-press-2019-02-08-2019-02-08-gdelt-stock-market-today-late,press,consequence,-1,Tata Motors took a massive 3.1 billion ($4 billion) writedown on its JLR assets.,OR.PA-press-110,outsider_only
7.175,4.345,8.768,OR.PA-press-2019-02-08-2019-02-08-gdelt-stock-market-today-late,press,precursor,-1,Concerns that the trade conflict between the US and China may not be resolved before the looming deadline are pulling do,OR.PA-press-110,outsider_only
7.041,7.912,10.352,OR.PA-press-2019-02-08-2019-02-08-gdelt-stock-market-today-late,press,consequence,1,"Hermes reported sales of almost €6 billion ($6.8 billion) in 2018, a rise of 10% compared to the previous year.",OR.PA-press-110,outsider_only
5.462,8.432,9.326,OR.PA-press-2019-02-08-2019-02-08-gdelt-stock-market-today-late,press,consequence,1,L’Oreal reported that strong sales in China helped its sales grow at the fastest pace in a decade.,OR.PA-press-110,outsider_only
6.268,8.128,9.889,OR.PA-press-2019-02-08-2019-02-08-gdelt-stock-market-today-late,press,consequence,1,LVMH posted record annual sales last week.,OR.PA-press-110,outsider_only
7.408,3.939,8.5,OR.PA-press-2019-02-09-2019-02-09-gdelt-weak-earnings-hold-euro,press,consequence,-1,"Downgrades to growth forecasts and bleak numbers from Umicore SA, Skanska AB, and Rockwool International A/S weighed on ",OR.PA-press-112,outsider_only
7.279,4.514,8.819,OR.PA-press-2019-02-09-2019-02-09-gdelt-weak-earnings-hold-euro,press,consequence,-1,US President Donald Trump saying that he did not plan to meet Chinese President Xi Jinping before a March 1 deadline to ,OR.PA-press-112,outsider_only
7.572,3.935,8.798,OR.PA-press-2019-02-09-2019-02-09-gdelt-weak-earnings-hold-euro,press,consequence,-1,"The European Commission downgraded its growth forecasts, spiking growth worries in Europe.",OR.PA-press-112,outsider_only
5.612,8.078,9.228,OR.PA-press-2019-02-09-2019-02-09-gdelt-weak-earnings-hold-euro,press,consequence,1,Strong demand for luxury skin creams helped L’Oreal beat fourth-quarter sales forecasts.,OR.PA-press-112,outsider_only
6.919,3.978,7.771,OR.PA-press-2019-02-09-2019-02-09-gdelt-weak-earnings-hold-euro,press,precursor,-1,"Umicore expects growth this year to be hit by subdued demand in cars and consumer electronics, and research and developm",OR.PA-press-112,outsider_only
7.632,3.52,7.228,OR.PA-press-2019-02-09-2019-02-09-gdelt-weak-earnings-hold-euro,press,consequence,-1,Rockwool's full-year earnings missed expectations.,OR.PA-press-112,outsider_only
7.694,3.651,7.024,OR.PA-press-2019-02-09-2019-02-09-gdelt-weak-earnings-hold-euro,press,consequence,-1,Skanska cut its dividend and lagged profit estimates.,OR.PA-press-112,outsider_only
7.024,3.576,7.48,OR.PA-press-2019-02-09-2019-02-09-gdelt-weak-earnings-hold-euro,press,precursor,-1,Jaguar Land Rover Automotive PLC is expected to swing to a loss due to weak sales.,OR.PA-press-112,outsider_only
7.696,3.51,7.018,OR.PA-press-2019-02-09-2019-02-09-gdelt-weak-earnings-hold-euro,press,consequence,-1,Leoni AG delivered a significant miss to fourth-quarter earnings expectations.,OR.PA-press-112,outsider_only
7.579,3.296,7.206,OR.PA-press-2019-02-09-2019-02-09-gdelt-weak-earnings-hold-euro,press,consequence,-1,"Diethelm Keller Siber Hegner Holding Ltd reported earnings down 11 percent, lagging estimates.",OR.PA-press-112,outsider_only
6.614,9.65,9.052,OR.PA-press-2019-02-09-2019-02-09-gdelt-weak-earnings-hold-euro,press,precursor,1,HSBC launched a newly upgraded HSBC Premier proposition aiming for continued growth momentum in Taiwan’s affluent and hi,OR.PA-press-112,outsider_only
7.387,8.746,8.518,OR.PA-press-2019-02-09-2019-02-09-gdelt-weak-earnings-hold-euro,press,precursor,1,TSMC is discussing chipmaking price increases of up to 10 percent next year to cover rising manufacturing costs.,OR.PA-press-112,outsider_only
7.289,8.959,8.537,OR.PA-press-2019-02-09-2019-02-09-gdelt-weak-earnings-hold-euro,press,precursor,1,TSMC is adding $100 billion to its investments in Arizona to meet strong demand from US customers and ward off rivals.,OR.PA-press-112,outsider_only
5.319,9.599,9.683,OR.PA-press-2019-02-12-2019-02-12-gdelt-best-sales-growth-repor,press,consequence,1,"Strong performance in the Active cosmetic & L’Oreal Luxe division, L’Oreal Luxe segments, and emerging new markets, part",OR.PA-press-105,outsider_only
5.672,10.493,10.266,OR.PA-press-2019-02-12-2019-02-12-gdelt-best-sales-growth-repor,press,consequence,1,"Success of La Roche-Posay and SkinCeuticals brands, the new impetus of Vichy, and the dynamism of CeraVe.",OR.PA-press-105,outsider_only
6.992,9.639,9.933,OR.PA-press-2019-02-12-2019-02-12-gdelt-best-sales-growth-repor,press,consequence,1,Outstanding performance in China.,OR.PA-press-105,outsider_only
7.789,10.167,9.946,OR.PA-press-2019-02-12-2019-02-12-gdelt-best-sales-growth-repor,press,consequence,1,Strong E-commerce and Travel retail performance.,OR.PA-press-105,outsider_only
6.326,9.032,6.049,OR.PA-press-2019-02-12-2019-02-12-gdelt-best-sales-growth-repor,press,consequence,1,Acquisition of ModiFace.,OR.PA-press-105,outsider_only
7.665,8.763,9.815,OR.PA-press-2019-02-12-2019-02-12-gdelt-best-sales-growth-repor,press,consequence,1,Continued strong growth in full fiscal 2018 sales.,OR.PA-press-105,outsider_only
5.765,10.024,10.08,OR.PA-press-2019-02-12-2019-02-12-gdelt-best-sales-growth-repor,press,consequence,1,Global growth of the prestige beauty segment outpacing mass beauty segment.,OR.PA-press-105,outsider_only
5.275,9.659,9.433,OR.PA-press-2019-02-12-2019-02-12-gdelt-best-sales-growth-repor,press,consequence,1,Strong performance of L’Oreal’s premium brands.,OR.PA-press-105,outsider_only
7.575,9.949,10.166,OR.PA-press-2019-02-12-2019-02-12-gdelt-best-sales-growth-repor,press,consequence,1,"Continued growth in the Asia-Pacific region, especially China and Hong Kong, and by Travel Retail.",OR.PA-press-105,outsider_only
7.935,10.209,9.825,OR.PA-press-2019-02-12-2019-02-12-gdelt-best-sales-growth-repor,press,consequence,1,Continued performance in e-commerce.,OR.PA-press-105,outsider_only
5.908,9.751,10.814,OR.PA-press-2019-02-12-2019-02-12-gdelt-best-sales-growth-repor,press,consequence,1,Sales growth in the Active Cosmetics segment.,OR.PA-press-105,outsider_only
5.417,10.335,10.049,OR.PA-press-2019-02-12-2019-02-12-gdelt-best-sales-growth-repor,press,consequence,1,Performance of newly acquired skincare brands.,OR.PA-press-105,outsider_only
7.641,9.831,10.177,OR.PA-press-2019-02-12-2019-02-12-gdelt-best-sales-growth-repor,press,consequence,1,Growth in emerging markets.,OR.PA-press-105,outsider_only
7.328,9.899,10.12,OR.PA-press-2019-02-12-2019-02-12-gdelt-best-sales-growth-repor,press,consequence,1,Strong performance in the Asia-Pacific region.,OR.PA-press-105,outsider_only
7.134,10.315,10.09,OR.PA-press-2019-02-12-2019-02-12-gdelt-best-sales-growth-repor,press,precursor,1,Continued momentum from 2018 into 2019.,OR.PA-press-105,outsider_only
6.945,5.56,7.571,OR.PA-press-2019-02-12-2019-02-12-gdelt-stock-market-today-late,press,precursor,1,"Canada legalized recreational marijuana use last October, helping to fuel the surge in demand.",OR.PA-press-59,outsider_only
7.185,4.676,7.227,OR.PA-press-2019-02-12-2019-02-12-gdelt-stock-market-today-late,press,consequence,-1,"Pot prices fell in the quarter, in part because of more competition.",OR.PA-press-59,outsider_only
8.066,8.145,9.709,OR.PA-press-2019-02-12-2019-02-12-gdelt-stock-market-today-late,press,consequence,1,Under Armour beat on earnings and revs.,OR.PA-press-59,outsider_only
7.039,8.811,10.015,OR.PA-press-2019-02-12-2019-02-12-gdelt-stock-market-today-late,press,consequence,1,Kering reported bumper sales driven by strong growth in Asia.,OR.PA-press-59,outsider_only
6.045,8.301,9.673,OR.PA-press-2019-02-12-2019-02-12-gdelt-stock-market-today-late,press,consequence,1,"Luxury companies LVMH, L’Oreal and Hermes have defied expectations of weaker sales in China.",OR.PA-press-59,outsider_only
6.289,3.489,7.661,OR.PA-press-2019-02-12-2019-02-12-gdelt-stock-market-today-late,press,consequence,-1,Apple warned that it was selling fewer iPhones in China.,OR.PA-press-59,outsider_only
7.121,4.481,8.591,OR.PA-press-2019-02-12-2019-02-12-gdelt-stock-market-today-late,press,precursor,-1,"Kering warned of an unsettled business environment due to geopolitical risks, trade policies and exchange rate fluctuati",OR.PA-press-59,outsider_only
7.873,6.422,9.535,OR.PA-press-2019-02-12-2019-02-12-gdelt-stock-market-today-late,press,precursor,1,US stock futures are moving higher after Congressional negotiators reached an agreement to avoid a partial government sh,OR.PA-press-59,outsider_only
7.391,3.677,7.084,OR.PA-press-2019-02-12-2019-02-12-gdelt-stock-market-today-late,press,consequence,-1,Nissan slashed its profit and sales forecasts due to difficulties in the US and Europe and a charge related to Carlos Gh,OR.PA-press-59,outsider_only
8.945,4.809,8.41,OR.PA-press-2019-02-12-2019-02-12-gdelt-stock-market-today-late,press,consequence,-1,"The national debt has been rising at a faster clip since the 2008 financial crisis, when Congress and the Obama administ",OR.PA-press-59,outsider_only
7.457,5.229,8.979,OR.PA-press-2019-02-12-2019-02-12-gdelt-stock-market-today-late,press,consequence,1,The debt began to level off at the beginning of President Trump’s term.,OR.PA-press-59,outsider_only
8.906,4.834,8.402,OR.PA-press-2019-02-12-2019-02-12-gdelt-stock-market-today-late,press,consequence,-1,The debt jumped again after his 2017 tax cuts took effect.,OR.PA-press-59,outsider_only
7.886,6.357,9.514,OR.PA-press-2019-02-12-2019-02-12-gdelt-stock-market-today-late,press,precursor,1,Investors were boosted by hopes that Congress and the White House have reached a deal to avert a government shutdown.,OR.PA-press-59,outsider_only
7.854,6.358,9.515,OR.PA-press-2019-02-12-2019-02-12-gdelt-stock-market-today-late,press,precursor,1,Trade-sensitive stocks like Caterpillar and Boeing were lifted by signs of progress on the US-China trade war.,OR.PA-press-59,outsider_only
8.062,8.18,9.77,OR.PA-press-2019-02-12-2019-02-12-gdelt-stock-market-today-late,press,consequence,1,Under Armour's earnings beat demonstrates that its turnaround plan is working.,OR.PA-press-59,outsider_only
7.789,3.266,7.081,OR.PA-press-2019-02-12-2019-02-12-gdelt-stock-market-today-late,press,consequence,-1,Molson Coors dropped 9% after restating its 2016 and 2017 results due to “material weakness” in accounting.,OR.PA-press-59,outsider_only
8.075,7.795,9.442,OR.PA-press-2019-02-12-2019-02-12-gdelt-stock-market-today-late,press,consequence,1,Energy stocks advanced as US oil prices closed 1.3% higher to $53.10 a barrel.,OR.PA-press-59,outsider_only
7.482,8.601,7.059,OR.PA-press-2019-02-12-2019-02-12-gdelt-stock-market-today-late,press,precursor,-1,Altria is borrowing big bucks to help pay for its minority stake in e-cigs company Juul.,OR.PA-press-59,outsider_only
6.966,10.223,9.286,OR.PA-press-2019-02-12-2019-02-12-gdelt-stock-market-today-late,press,precursor,1,The success of Electronic Arts' new action game Apex Legends is putting pressure on rivals to come up with their own For,OR.PA-press-59,outsider_only
6.929,5.465,7.544,OR.PA-press-2019-02-12-2019-02-12-gdelt-stock-market-today-late,press,precursor,-1,Aurora Cannabis faces challenges in meeting the high demand for its product due to the surge in demand following the leg,OR.PA-press-59,outsider_only
8.914,4.835,8.381,OR.PA-press-2019-02-12-2019-02-12-gdelt-the-legend-of-ea-new-fo,press,consequence,-1,"The national debt has been rising at a faster clip since the 2008 financial crisis, when Congress and the Obama administ",OR.PA-press-59,outsider_only
7.46,5.239,8.979,OR.PA-press-2019-02-12-2019-02-12-gdelt-the-legend-of-ea-new-fo,press,consequence,1,The debt began to level off at the beginning of President Trump’s term.,OR.PA-press-59,outsider_only
8.909,4.832,8.381,OR.PA-press-2019-02-12-2019-02-12-gdelt-the-legend-of-ea-new-fo,press,consequence,-1,The debt jumped again after his 2017 tax cuts took effect.,OR.PA-press-59,outsider_only
7.888,6.34,9.508,OR.PA-press-2019-02-12-2019-02-12-gdelt-the-legend-of-ea-new-fo,press,precursor,1,Investors were boosted by hopes that Congress and the White House have reached a deal to avert a government shutdown.,OR.PA-press-59,outsider_only
7.857,6.357,9.51,OR.PA-press-2019-02-12-2019-02-12-gdelt-the-legend-of-ea-new-fo,press,precursor,1,Trade-sensitive stocks like Caterpillar and Boeing were lifted by signs of progress on the US-China trade war.,OR.PA-press-59,outsider_only
8.068,8.187,9.781,OR.PA-press-2019-02-12-2019-02-12-gdelt-the-legend-of-ea-new-fo,press,consequence,1,Under Armour's earnings beat demonstrates that its turnaround plan is working.,OR.PA-press-59,outsider_only
7.941,3.425,7.11,OR.PA-press-2019-02-12-2019-02-12-gdelt-the-legend-of-ea-new-fo,press,consequence,-1,Molson Coors restated its 2016 and 2017 results due to 'material weakness' in accounting.,OR.PA-press-59,outsider_only
8.054,7.761,9.44,OR.PA-press-2019-02-12-2019-02-12-gdelt-the-legend-of-ea-new-fo,press,consequence,1,Energy stocks advanced as US oil prices closed 1.3% higher to $53.10 a barrel.,OR.PA-press-59,outsider_only
7.526,8.616,7.094,OR.PA-press-2019-02-12-2019-02-12-gdelt-the-legend-of-ea-new-fo,press,precursor,-1,Altria is borrowing big bucks to help pay for its minority stake in e-cigs company Juul.,OR.PA-press-59,outsider_only
6.968,10.212,9.303,OR.PA-press-2019-02-12-2019-02-12-gdelt-the-legend-of-ea-new-fo,press,precursor,1,The success of Electronic Arts' new action game Apex Legends is putting pressure on rivals Take-Two and Activision Blizz,OR.PA-press-59,outsider_only
6.986,5.444,7.528,OR.PA-press-2019-02-12-2019-02-12-gdelt-the-legend-of-ea-new-fo,press,consequence,-1,"Aurora Cannabis reported a surge in demand due to the legalization of recreational marijuana use in Canada, but posted a",OR.PA-press-59,outsider_only
6.948,5.567,7.573,OR.PA-press-2019-02-12-2019-02-12-gdelt-the-legend-of-ea-new-fo,press,precursor,1,"Canada legalized recreational marijuana use last October, helping to fuel the surge in demand.",OR.PA-press-59,outsider_only
7.182,4.671,7.24,OR.PA-press-2019-02-12-2019-02-12-gdelt-the-legend-of-ea-new-fo,press,consequence,-1,"Pot prices fell in the quarter, in part because of more competition.",OR.PA-press-59,outsider_only
7.172,4.844,7.253,OR.PA-press-2019-02-12-2019-02-12-gdelt-the-legend-of-ea-new-fo,press,consequence,-1,Aurora Cannabis said the average selling prices of dried cannabis and cannabis extracts were down more than 20% from a y,OR.PA-press-59,outsider_only
7.762,3.355,7.106,OR.PA-press-2019-02-12-2019-02-12-gdelt-the-legend-of-ea-new-fo,press,consequence,-1,Shares fell more than 5% in early trading Tuesday on the news.,OR.PA-press-59,outsider_only
8.072,8.159,9.737,OR.PA-press-2019-02-12-2019-02-12-gdelt-the-legend-of-ea-new-fo,press,consequence,1,Under Armour beat on earnings and revs.,OR.PA-press-59,outsider_only
7.043,8.806,9.997,OR.PA-press-2019-02-12-2019-02-12-gdelt-the-legend-of-ea-new-fo,press,consequence,1,Kering reported bumper sales driven by strong growth in Asia.,OR.PA-press-59,outsider_only
6.029,8.217,9.671,OR.PA-press-2019-02-12-2019-02-12-gdelt-the-legend-of-ea-new-fo,press,consequence,1,"Luxury companies LVMH, L’Oreal and Hermes have also defied expectations of weaker sales in China caused by a slowdown in",OR.PA-press-59,outsider_only
6.308,3.515,7.698,OR.PA-press-2019-02-12-2019-02-12-gdelt-the-legend-of-ea-new-fo,press,consequence,-1,Apple warned that it was selling fewer iPhones in China.,OR.PA-press-59,outsider_only
7.061,4.395,8.573,OR.PA-press-2019-02-12-2019-02-12-gdelt-the-legend-of-ea-new-fo,press,precursor,-1,"Kering said the business environment “remains unsettled” because of geopolitical risks, trade policies and fluctuations ",OR.PA-press-59,outsider_only
7.467,3.274,7.36,OR.PA-press-2019-02-12-2019-02-12-gdelt-the-legend-of-ea-new-fo,press,consequence,-1,Shares in Kering dropped 3% in Paris after earnings were announced.,OR.PA-press-59,outsider_only
7.894,6.364,9.526,OR.PA-press-2019-02-12-2019-02-12-gdelt-the-legend-of-ea-new-fo,press,precursor,1,US stock futures are moving higher after Congressional negotiators said they’d reached an agreement in principle to avoi,OR.PA-press-59,outsider_only
7.381,3.687,7.073,OR.PA-press-2019-02-12-2019-02-12-gdelt-the-legend-of-ea-new-fo,press,consequence,-1,Nissan has slashed its profit and sales forecasts in its first earnings report since the arrest and ouster of Carlos Gho,OR.PA-press-59,outsider_only
8.815,4.615,7.818,OR.PA-press-2019-02-12-2019-02-12-gdelt-the-legend-of-ea-new-fo,press,consequence,-1,Nissan booked a charge of 9.2 billion yen ($83 million) related to payments to its former chief.,OR.PA-press-59,outsider_only
7.367,3.792,7.115,OR.PA-press-2019-02-12-2019-02-12-gdelt-the-legend-of-ea-new-fo,press,consequence,-1,Nissan’s sales in the US plunged 19% in January.,OR.PA-press-59,outsider_only
4.838,8.946,10.513,OR.PA-press-2019-05-01-2019-05-01-gdelt-estee-lauder-raises-201,press,precursor,1,Increased demand for luxury beauty products in China has driven up Estee Lauder's sales and profit forecast for 2019.,OR.PA-press-97,outsider_only
7.551,6.791,9.611,OR.PA-press-2019-05-01-2019-05-01-gdelt-estee-lauder-raises-201,press,precursor,1,"Strong sales in Asia-Pacific, including China, have alleviated concerns about a potential economic slowdown due to the U",OR.PA-press-97,outsider_only
4.847,8.943,10.45,OR.PA-press-2019-05-01-2019-05-01-gdelt-estee-lauder-raises-201,press,precursor,1,Sales of Estee Lauder's brands on Alibaba's Tmall and pop-up stores in key airports have significantly contributed to on,OR.PA-press-97,outsider_only
5.992,8.898,9.97,OR.PA-press-2019-05-01-2019-05-01-gdelt-estee-lauder-raises-201,press,precursor,1,"Higher demand for luxury brands at duty-free stores has driven up sales in Europe, the Middle East, and Africa.",OR.PA-press-97,outsider_only
5.459,9.276,10.311,OR.PA-press-2019-05-01-2019-05-01-gdelt-estee-lauder-raises-201,press,precursor,1,"Strong growth in skincare sales, particularly at the Estee Lauder and La Mer brands, has contributed to overall sales gr",OR.PA-press-97,outsider_only
5.568,6.461,7.935,OR.PA-press-2019-05-30-2019-05-30-gdelt-ulta-beauty-earnings-re,press,precursor,1,Ulta Beauty's market share gains due to the popularity of Kylie Jenner and Morphe.,OR.PA-press-64,outsider_only
5.558,6.546,7.994,OR.PA-press-2019-05-30-2019-05-30-gdelt-ulta-beauty-earnings-re,press,precursor,1,Ulta's rollout of Kylie Cosmetics and strength in sales of Morphe.,OR.PA-press-64,outsider_only
5.597,6.37,7.868,OR.PA-press-2019-05-30-2019-05-30-gdelt-ulta-beauty-earnings-re,press,precursor,1,Ulta's full-year outlook for 2019 of 6% to 7% same-store sales growth and earnings per share between $12.65 and $12.85.,OR.PA-press-64,outsider_only
6.501,3.778,6.494,OR.PA-press-2019-05-30-2019-05-30-gdelt-ulta-beauty-earnings-re,press,consequence,-1,Mixed results for Q1 from key competitors in beauty retail.,OR.PA-press-64,outsider_only
5.579,6.432,7.923,OR.PA-press-2019-05-30-2019-05-30-gdelt-ulta-beauty-earnings-re,press,precursor,1,UBS analysts' expectation of earnings growth in the mid-to-high teens for Ulta Beauty.,OR.PA-press-64,outsider_only
5.834,9.363,10.539,OR.PA-press-2019-06-04-2019-06-04-gdelt-cosmetics-market-global,press,consequence,1,The global market size of Cosmetics is $XX million in 2018 with XX CAGR from 2014 to 2018.,OR.PA-press-noise-53,outsider_only
5.903,4.362,6.815,OR.PA-press-2019-07-30-2019-07-30-gdelt-loreal-sales-growth-slo,press,precursor,-1,The slowdown in make-up demand in North America is impacting L'Oreal's sales growth.,OR.PA-press-111,outsider_only
5.469,8.421,9.279,OR.PA-press-2019-07-30-2019-07-30-gdelt-loreal-sales-growth-slo,press,precursor,1,"Strong demand for high-end brands in Asia, particularly China, is benefiting L'Oreal's sales.",OR.PA-press-111,outsider_only
7.303,4.148,7.15,OR.PA-press-2019-07-30-2019-07-30-gdelt-loreal-sales-growth-slo,press,consequence,-1,Comparable sales in North America decreased by 1.1% in Q2 2019.,OR.PA-press-111,outsider_only
5.731,8.066,9.214,OR.PA-press-2019-07-30-2019-07-30-gdelt-loreal-sales-growth-slo,press,consequence,1,L'Oreal reported a 9.8% sales increase on a reported basis for Q2 2019.,OR.PA-press-111,outsider_only
8.01,8.476,8.936,OR.PA-press-2019-07-30-2019-07-30-gdelt-loreal-sales-growth-slo,press,consequence,1,Like-for-like revenue rose 6.8% in Q2 2019.,OR.PA-press-111,outsider_only
6.411,8.633,7.039,OR.PA-press-2019-07-30-2019-07-30-gdelt-loreal-sales-growth-slo,press,precursor,1,L'Oreal plans to carry out share buybacks in the second half of 2019.,OR.PA-press-111,outsider_only
5.854,4.418,6.796,OR.PA-press-2019-07-30-2019-07-30-gdelt-update-2-weaker-make-up,press,precursor,-1,Weaker demand for make-up products in North America has negatively impacted L'Oreal's sales growth.,OR.PA-press-111,outsider_only
5.444,8.423,9.286,OR.PA-press-2019-07-30-2019-07-30-gdelt-update-2-weaker-make-up,press,precursor,1,"Strong demand across Asia, particularly in China for high-end brands, has positively impacted L'Oreal's sales.",OR.PA-press-111,outsider_only
5.874,4.412,6.732,OR.PA-press-2019-07-30-2019-07-30-gdelt-update-2-weaker-make-up,press,precursor,-1,Shifting beauty trends and a slowdown in make-up sales have negatively impacted L'Oreal's performance in North America.,OR.PA-press-111,outsider_only
6.045,4.011,7.18,OR.PA-press-2019-07-30-2019-07-30-gdelt-update-2-weaker-make-up,press,precursor,-1,Sluggish U.S. demand has negatively impacted some Europe-based luxury firms.,OR.PA-press-111,outsider_only
5.341,9.299,9.535,OR.PA-press-2019-07-30-2019-07-30-gdelt-update-2-weaker-make-up,press,precursor,1,"L'Oreal's luxury division has driven growth at the group, despite struggles in mass market ranges.",OR.PA-press-111,outsider_only
5.262,9.652,9.836,OR.PA-press-2019-07-30-2019-07-30-gdelt-update-2-weaker-make-up,press,precursor,1,"L'Oreal's active cosmetics unit has performed well, catering to dermatological conditions.",OR.PA-press-111,outsider_only
6.333,4.357,7.038,OR.PA-press-2019-08-06-2019-08-06-gdelt-nivea-growth-slows-but-,press,precursor,-1,"The rise of small, disruptive brands and consumer preference for natural ingredients and premium products are impacting ",OR.PA-press-noise-60,outsider_only
8.774,3.914,7.248,OR.PA-press-2019-08-06-2019-08-06-gdelt-nivea-growth-slows-but-,press,consequence,-1,Beiersdorf's acquisition of U.S. sun care brand Coppertone impacted first-half operating earnings.,OR.PA-press-noise-60,outsider_only
7.405,8.097,9.67,OR.PA-press-2019-08-06-2019-08-06-gdelt-nivea-growth-slows-but-,press,precursor,1,Beiersdorf's confirmed guidance for 2019 group sales growth and operating margin.,OR.PA-press-noise-60,outsider_only
4.885,8.985,10.473,OR.PA-press-2019-08-19-2019-08-19-gdelt-estee-lauder-sees-no-sl,press,precursor,1,"Estee Lauder's sales of luxury skincare products in China have been robust, driven by affluent millennials and duty-free",OR.PA-press-97,outsider_only
4.83,8.955,10.509,OR.PA-press-2019-08-19-2019-08-19-gdelt-estee-lauder-sees-no-sl,press,precursor,1,Estee Lauder's partnership with Alibaba's Tmall has boosted sales in the Asia-Pacific region.,OR.PA-press-97,outsider_only
4.882,9.01,10.47,OR.PA-press-2019-08-19-2019-08-19-gdelt-estee-lauder-sees-no-sl,press,precursor,1,Estee Lauder's skincare business has seen significant growth due to demand for premium brands.,OR.PA-press-97,outsider_only
4.844,8.923,10.527,OR.PA-press-2019-08-19-2019-08-19-gdelt-estee-lauder-sees-no-sl,press,precursor,1,Estee Lauder's full-year sales and profit forecast for fiscal 2020 is above Wall Street expectations.,OR.PA-press-97,outsider_only
4.841,8.94,10.526,OR.PA-press-2019-08-19-2019-08-19-gdelt-estee-lauder-sees-no-sl,press,precursor,1,Estee Lauder's first-quarter sales growth and profit forecast is above expectations.,OR.PA-press-97,outsider_only
5.845,5.018,7.498,OR.PA-press-2019-08-19-2019-08-19-gdelt-estee-lauder-sees-no-sl,press,precursor,-1,Hong Kong protests and U.S.-China trade dispute are expected to have a potential impact on Estee Lauder's business.,OR.PA-press-97,outsider_only
4.874,8.982,10.496,OR.PA-press-2019-08-19-2019-08-19-gdelt-loreal-estee-lauder-see,press,precursor,1,"Estee Lauder's sales of luxury skin care products in China have been robust, driven by affluent millennials and duty-fre",OR.PA-press-97,outsider_only
4.84,8.933,10.512,OR.PA-press-2019-08-19-2019-08-19-gdelt-loreal-estee-lauder-see,press,precursor,1,Estee Lauder's presence on Alibaba's Tmall has boosted sales in the Asia-Pacific region.,OR.PA-press-97,outsider_only
4.875,9.0,10.475,OR.PA-press-2019-08-19-2019-08-19-gdelt-loreal-estee-lauder-see,press,precursor,1,Estee Lauder's skincare business has seen significant growth due to demand for premium brands.,OR.PA-press-97,outsider_only
4.852,8.823,10.569,OR.PA-press-2019-08-19-2019-08-19-gdelt-loreal-estee-lauder-see,press,precursor,1,Estee Lauder's forecast for full-year sales and profit growth in fiscal 2020.,OR.PA-press-97,outsider_only
5.854,4.953,7.481,OR.PA-press-2019-08-19-2019-08-19-gdelt-loreal-estee-lauder-see,press,precursor,-1,Estee Lauder's consideration of potential impacts from Hong Kong protests and U.S.-China trade dispute in its outlook.,OR.PA-press-97,outsider_only
5.606,6.213,7.825,OR.PA-press-2019-10-08-2019-10-08-gdelt-ulta-beauty-trades-near,press,consequence,-1,Ulta Beauty missed analyst earnings expectations and cut its full-year earnings guidance due to headwinds in the U.S. co,OR.PA-press-65,outsider_only
5.565,6.446,7.926,OR.PA-press-2019-10-08-2019-10-08-gdelt-ulta-beauty-trades-near,press,precursor,1,Ulta Beauty plans to open 80 new stores in fiscal 2019 and expects e-commerce to grow 20% to 30% for the year.,OR.PA-press-65,outsider_only
7.689,10.394,9.771,OR.PA-press-2019-10-08-2019-10-08-gdelt-ulta-beauty-trades-near,press,precursor,1,"The introduction of ""buy online pickup in store"" has exceeded expectations and is expected to drive future sales.",OR.PA-press-65,outsider_only
7.898,8.984,8.087,OR.PA-press-2019-10-08-2019-10-08-gdelt-ulta-beauty-trades-near,press,precursor,1,"The Ultamate Rewards loyalty program has grown to 33.2 million active members, driving more than 95% of the company's sa",OR.PA-press-65,outsider_only
5.581,6.419,7.905,OR.PA-press-2019-10-08-2019-10-08-gdelt-ulta-beauty-trades-near,press,precursor,1,"New products and innovation, particularly in skincare and cosmetics, have driven about 20% of Ulta's total comp this qua",OR.PA-press-65,outsider_only
5.547,6.49,7.972,OR.PA-press-2019-10-08-2019-10-08-gdelt-ulta-beauty-trades-near,press,precursor,1,"High-profile brand launches, such as Kylie Skin and KKW Beauty, are expected to drive sales growth and traffic at Ulta s",OR.PA-press-65,outsider_only
5.788,9.317,10.544,OR.PA-press-2019-10-08-2019-10-08-gdelt-ulta-beauty-trades-near,press,precursor,1,"Demographic trends, such as increased spending by millennials and Latina women, are expected to drive future demand for ",OR.PA-press-65,outsider_only
5.633,6.433,7.832,OR.PA-press-2019-10-08-2019-10-08-gdelt-ulta-beauty-trades-near,press,precursor,1,"Ulta's share buyback program has repurchased 1.14 million shares for $388 million in the first half of fiscal 2019, with",OR.PA-press-65,outsider_only
5.439,8.419,9.305,OR.PA-press-2019-10-30-2019-10-30-gdelt-loreal-shares-shine-as-,press,consequence,1,Strong sales performance in Asia led to L'Oreal's best rise in sales in the past decade.,OR.PA-press-110,outsider_only
5.544,10.27,10.08,OR.PA-press-2019-10-30-2019-10-30-gdelt-loreal-shares-shine-as-,press,consequence,1,Dynamic beauty products market and improving performance of luxury brands.,OR.PA-press-110,outsider_only
5.531,8.99,8.737,OR.PA-press-2019-10-30-2019-10-30-gdelt-loreal-shares-shine-as-,press,precursor,1,L'Oreal's ambition to outperform growth in the sector this year.,OR.PA-press-110,outsider_only
5.418,8.402,9.265,OR.PA-press-2019-10-30-2019-10-30-gdelt-loreal-shares-surge-on-,press,precursor,1,"Strong demand from Asia, particularly China, has driven L'Oreal's sales growth.",OR.PA-press-111,outsider_only
5.826,8.148,9.158,OR.PA-press-2019-10-30-2019-10-30-gdelt-loreal-shares-surge-on-,press,precursor,1,L'Oreal's strong performance in luxury cosmetics has positively impacted its share price.,OR.PA-press-111,outsider_only
5.949,4.442,6.818,OR.PA-press-2019-10-30-2019-10-30-gdelt-loreal-shares-surge-on-,press,precursor,-1,Slowing make-up sales in the United States have created a weak spot for L'Oreal.,OR.PA-press-111,outsider_only
5.495,8.312,9.26,OR.PA-press-2019-10-31-2019-10-31-gdelt-europe-shares-nudge-hig,press,consequence,1,"L'Oreal's robust demand across Asia, especially in mainland China, led to a 7.6% jump in its shares and a 1.5% rise in t",OR.PA-press-110,outsider_only
8.952,3.656,7.413,OR.PA-press-2019-10-31-2019-10-31-gdelt-europe-shares-nudge-hig,press,consequence,-1,Deutsche Bank's loss for the second consecutive quarter due to restructuring costs led to an 8% fall in its shares and a,OR.PA-press-110,outsider_only
7.93,3.516,6.688,OR.PA-press-2019-10-31-2019-10-31-gdelt-europe-shares-nudge-hig,press,consequence,-1,Santander's 75% fall in net profit due to one-off charges in the UK led to a 4.1% slide in its shares and a 1.2% loss in,OR.PA-press-110,outsider_only
7.825,4.012,7.006,OR.PA-press-2019-10-31-2019-10-31-gdelt-europe-shares-nudge-hig,press,consequence,-1,Credit Suisse's cautious 2020 outlook led to a 2.6% drop in its shares.,OR.PA-press-110,outsider_only
7.951,7.918,9.333,OR.PA-press-2019-10-31-2019-10-31-gdelt-europe-shares-nudge-hig,press,precursor,1,"Fiat Chrysler and PSA's merger talks led to a 9.5% and 4.5% rise in their shares respectively, with Peugeot hitting an 1",OR.PA-press-110,outsider_only
7.615,3.401,7.02,OR.PA-press-2019-10-31-2019-10-31-gdelt-europe-shares-nudge-hig,press,consequence,-1,"Pirelli's lowered guidance on operating profit margin and cash flow, along with the delay in presenting its new business",OR.PA-press-110,outsider_only
5.488,8.332,9.25,OR.PA-press-2019-10-31-2019-10-31-gdelt-european-shares-nudge-h,press,consequence,1,"L'Oreal's robust demand across Asia, especially in mainland China, led to a 7.6% jump in its shares and a 1.5% rise in t",OR.PA-press-110,outsider_only
8.999,3.699,7.413,OR.PA-press-2019-10-31-2019-10-31-gdelt-european-shares-nudge-h,press,consequence,-1,Deutsche Bank's loss for the second consecutive quarter due to restructuring costs led to an 8% fall in its shares and a,OR.PA-press-110,outsider_only
7.982,3.565,6.663,OR.PA-press-2019-10-31-2019-10-31-gdelt-european-shares-nudge-h,press,consequence,-1,Santander's 75% drop in net profit due to one-off charges in the UK led to a 4.1% slide in its shares and a 1.2% loss in,OR.PA-press-110,outsider_only
7.89,4.02,6.943,OR.PA-press-2019-10-31-2019-10-31-gdelt-european-shares-nudge-h,press,consequence,-1,Credit Suisse's cautious 2020 outlook led to a 2.6% drop in its shares.,OR.PA-press-110,outsider_only
8.097,7.816,9.306,OR.PA-press-2019-10-31-2019-10-31-gdelt-european-shares-nudge-h,press,precursor,1,Fiat Chrysler and PSA's merger talks led to a 9.5% and 4.5% rise in their shares respectively.,OR.PA-press-110,outsider_only
7.584,3.266,6.983,OR.PA-press-2019-10-31-2019-10-31-gdelt-european-shares-nudge-h,press,consequence,-1,"Pirelli's lowered guidance on operating profit margin and cash flow, and the delay in presenting its new business plan, ",OR.PA-press-110,outsider_only
7.943,8.9,8.26,OR.PA-press-2019-11-12-2019-11-12-gdelt-pan-african-e-tailer-ju,press,consequence,1,Jumia's revenue growth of 19% (€40 million) and increased active customer base by 56% to 5.5 million in Q3 2019.,OR.PA-press-51,outsider_only
7.958,8.921,8.233,OR.PA-press-2019-11-12-2019-11-12-gdelt-pan-african-e-tailer-ju,press,consequence,1,Jumia’s Gross Merchandise Value (GMV) grew by 39% to €275 million in Q3 2019.,OR.PA-press-51,outsider_only
7.997,8.916,8.217,OR.PA-press-2019-11-12-2019-11-12-gdelt-pan-african-e-tailer-ju,press,consequence,1,JumiaPay digital finance product saw a 95% increase in total payment volume to €32 million in Q3 2019.,OR.PA-press-51,outsider_only
7.874,3.011,6.979,OR.PA-press-2019-11-12-2019-11-12-gdelt-pan-african-e-tailer-ju,press,consequence,-1,Jumia's losses widened by 34% to €54.6 million in Q3 2019 due to increased fulfillment expenses.,OR.PA-press-51,outsider_only
7.394,9.319,8.191,OR.PA-press-2019-11-12-2019-11-12-gdelt-pan-african-e-tailer-ju,press,precursor,1,Jumia's commitment to generate more revenues from higher margin products like JumiaPay and classified business.,OR.PA-press-51,outsider_only
7.21,9.485,8.057,OR.PA-press-2019-11-12-2019-11-12-gdelt-pan-african-e-tailer-ju,press,precursor,1,Jumia's efforts to build a financial services marketplace using JumiaPay and JumiaLending.,OR.PA-press-51,outsider_only
7.231,9.427,8.126,OR.PA-press-2019-11-12-2019-11-12-gdelt-pan-african-e-tailer-ju,press,precursor,1,Jumia's expansion of JumiaMall service offering more tailored selling options.,OR.PA-press-51,outsider_only
7.857,3.079,6.986,OR.PA-press-2019-11-12-2019-11-12-gdelt-pan-african-e-tailer-ju,press,consequence,-1,Jumia's stock price plummeted 43% due to short-seller accusations of fraud.,OR.PA-press-51,outsider_only
7.836,3.081,7.013,OR.PA-press-2019-11-12-2019-11-12-gdelt-pan-african-e-tailer-ju,press,consequence,-1,Jumia's stock price further declined after the August earnings call and sales-fraud disclosure.,OR.PA-press-51,outsider_only
7.968,8.912,8.251,OR.PA-press-2019-11-26-2019-11-26-gdelt-pan-african-e-tailer-ju,press,consequence,1,Jumia's revenue growth of 19% and increased active customer base by 56% in Q3 2019.,OR.PA-press-51,outsider_only
7.953,8.944,8.219,OR.PA-press-2019-11-26-2019-11-26-gdelt-pan-african-e-tailer-ju,press,consequence,1,Jumia’s Gross Merchandise Value (GMV) grew by 39% to €275 million in Q3 2019.,OR.PA-press-51,outsider_only
7.975,8.924,8.205,OR.PA-press-2019-11-26-2019-11-26-gdelt-pan-african-e-tailer-ju,press,consequence,1,JumiaPay digital finance product saw a 95% increase in total payment volume to €32 million in Q3 2019.,OR.PA-press-51,outsider_only
7.87,3.003,6.993,OR.PA-press-2019-11-26-2019-11-26-gdelt-pan-african-e-tailer-ju,press,consequence,-1,Jumia's losses widened by 34% to €54.6 million in Q3 2019 due to increased fulfillment expenses.,OR.PA-press-51,outsider_only
7.416,9.296,8.195,OR.PA-press-2019-11-26-2019-11-26-gdelt-pan-african-e-tailer-ju,press,precursor,1,Jumia's commitment to generate more revenues from higher margin products like JumiaPay and classified business.,OR.PA-press-51,outsider_only
7.866,3.067,6.98,OR.PA-press-2019-11-26-2019-11-26-gdelt-pan-african-e-tailer-ju,press,consequence,-1,Jumia's share price plummeted 43% due to short-seller accusations of fraud.,OR.PA-press-51,outsider_only
7.854,3.049,7.002,OR.PA-press-2019-11-26-2019-11-26-gdelt-pan-african-e-tailer-ju,press,consequence,-1,Jumia's stock price further declined after the August earnings call and sales-fraud disclosure.,OR.PA-press-51,outsider_only
7.223,4.189,7.223,OR.PA-press-2019-12-02-2019-12-02-gdelt-urbem-wonderful-busines,press,consequence,-1,The Americas region decreased its sales year over year by 5.5%.,OR.PA-press-noise-81,outsider_only
7.426,9.166,10.282,OR.PA-press-2019-12-02-2019-12-02-gdelt-urbem-wonderful-busines,press,consequence,1,"Sales in Europe, the Middle East and Africa grew by 14.5%.",OR.PA-press-noise-81,outsider_only
7.469,9.985,10.276,OR.PA-press-2019-12-02-2019-12-02-gdelt-urbem-wonderful-busines,press,consequence,1,The Asia Pacific region grew the most at 20.7%.,OR.PA-press-noise-81,outsider_only
7.897,4.052,7.033,OR.PA-press-2019-12-02-2019-12-02-gdelt-urbem-wonderful-busines,press,consequence,-1,The recession caused declines in both revenue and operating profit in 2008-09 and operating profit in 2001-02.,OR.PA-press-noise-81,outsider_only
8.081,6.675,9.39,OR.PA-press-2019-12-20-2019-12-20-gdelt-european-stocks-near-re,press,precursor,1,"Confirmation of a January 31st Brexit date reduced market uncertainty, leading to increased investor confidence and stoc",OR.PA-press-31,outsider_only
7.879,6.373,9.517,OR.PA-press-2019-12-20-2019-12-20-gdelt-european-stocks-near-re,press,precursor,1,Improved optimism on global trade led to a rise in Wall Street.,OR.PA-press-31,outsider_only
7.849,6.582,9.511,OR.PA-press-2019-12-20-2019-12-20-gdelt-european-stocks-near-re,press,precursor,1,"A subdued pound benefited shares of exporters, contributing to the FTSE 100's performance.",OR.PA-press-31,outsider_only
7.675,8.019,9.463,OR.PA-press-2019-12-20-2019-12-20-gdelt-european-stocks-near-re,press,precursor,1,Carnival's better-than-expected profit forecast led to a significant increase in its stock price.,OR.PA-press-31,outsider_only
7.535,3.294,7.188,OR.PA-press-2019-12-20-2019-12-20-gdelt-european-stocks-near-re,press,precursor,-1,Shell's expected write-down and lowered sales forecast led to a dip in its stock price.,OR.PA-press-31,outsider_only
7.771,3.141,7.083,OR.PA-press-2019-12-20-2019-12-20-gdelt-european-stocks-near-re,press,precursor,-1,Just Eat's stock fell following the final offers from Prosus and Takeaway.com.,OR.PA-press-31,outsider_only
7.488,7.982,9.337,OR.PA-press-2019-12-20-2019-12-20-gdelt-european-stocks-near-re,press,precursor,1,Moody's improved outlook on Enel Americas led to a rise in Enel's stock price.,OR.PA-press-31,outsider_only
8.271,7.767,9.169,OR.PA-press-2019-12-20-2019-12-20-gdelt-european-stocks-near-re,press,precursor,1,Intesa SanPaolo's sale of its retailers' payment business to Nexi led to a gain in Nexi's stock price.,OR.PA-press-31,outsider_only
7.198,3.775,7.261,OR.PA-press-2019-12-20-2019-12-20-gdelt-european-stocks-near-re,press,precursor,-1,Nike's lower-than-expected revenue growth from North America led to a fall in its stock price.,OR.PA-press-31,outsider_only
7.66,8.038,9.471,OR.PA-press-2019-12-20-2019-12-20-gdelt-european-stocks-near-re,press,precursor,1,Carnival's 2020 profit forecast above estimates led to a significant increase in its stock price.,OR.PA-press-31,outsider_only
7.625,3.233,7.125,OR.PA-press-2019-12-20-2019-12-20-gdelt-european-stocks-near-re,press,precursor,-1,US Steel's forecast of a bigger-than-expected fourth-quarter loss led to a tumble in its stock price.,OR.PA-press-31,outsider_only
6.251,4.33,6.878,OR.PA-press-2020-04-16-2020-04-16-gdelt-loreal-banks-on-cosmeti,press,consequence,-1,"Lockdowns in China and elsewhere to fight the coronavirus outbreak hit demand and sparked store closures, causing a 5% f",OR.PA-press-68,outsider_only
7.323,3.553,5.985,OR.PA-press-2020-04-16-2020-04-16-gdelt-loreal-banks-on-cosmeti,press,precursor,-1,Shutdowns in Europe and the United States at the end of March are likely to cause a greater dent to cosmetics firm's ear,OR.PA-press-68,outsider_only
6.047,9.006,10.352,OR.PA-press-2020-04-16-2020-04-16-gdelt-loreal-banks-on-cosmeti,press,precursor,1,Recovery in beauty product consumption in China as restrictions ease.,OR.PA-press-68,outsider_only
7.719,10.43,9.777,OR.PA-press-2020-04-16-2020-04-16-gdelt-loreal-banks-on-cosmeti,press,precursor,1,Surge in online sales as consumers turn to e-commerce due to lockdowns.,OR.PA-press-68,outsider_only
5.93,4.431,6.699,OR.PA-press-2020-04-16-2020-04-16-gdelt-loreal-predicts-rush-to,press,consequence,-1,"The closure of airport duty-free shops, department stores, and salons due to COVID-19 lockdowns has negatively impacted ",OR.PA-press-110,outsider_only
6.159,3.71,6.351,OR.PA-press-2020-04-16-2020-04-16-gdelt-loreal-predicts-rush-to,press,consequence,-1,Confinement measures have reduced makeup sales as women are working from home and not using cosmetics.,OR.PA-press-110,outsider_only
5.363,8.539,8.986,OR.PA-press-2020-04-16-2020-04-16-gdelt-loreal-predicts-rush-to,press,consequence,1,The surge in e-commerce sales in China has positively impacted L'Oreal's skin and hair-care product sales during the con,OR.PA-press-110,outsider_only
5.46,8.484,9.09,OR.PA-press-2020-04-16-2020-04-16-gdelt-loreal-predicts-rush-to,press,consequence,1,The easing of lockdown measures in China has led to a turnaround in L'Oreal's sales.,OR.PA-press-110,outsider_only
5.458,8.68,8.782,OR.PA-press-2020-04-16-2020-04-16-gdelt-loreal-predicts-rush-to,press,precursor,1,The expected rush to hair salons once COVID-19 lockdowns end will positively impact L'Oreal's business.,OR.PA-press-110,outsider_only
5.485,8.701,8.828,OR.PA-press-2020-04-16-2020-04-16-gdelt-loreal-predicts-rush-to,press,precursor,1,The expected increase in demand for professional hair products will positively impact L'Oreal's sales later this year.,OR.PA-press-110,outsider_only
5.987,4.346,6.752,OR.PA-press-2020-04-17-2020-04-17-gdelt-loreal-eyes-post-confin,press,consequence,-1,"The closure of airport duty-free shops, department stores, and salons due to coronavirus lockdowns has negatively impact",OR.PA-press-110,outsider_only
6.208,3.756,6.392,OR.PA-press-2020-04-17-2020-04-17-gdelt-loreal-eyes-post-confin,press,consequence,-1,Confinement measures have reduced makeup sales as women are working from home and not using cosmetics.,OR.PA-press-110,outsider_only
5.476,8.701,8.836,OR.PA-press-2020-04-17-2020-04-17-gdelt-loreal-eyes-post-confin,press,precursor,1,The expected rush of consumers returning to hair salons post-lockdown is anticipated to boost L'Oreal's business.,OR.PA-press-110,outsider_only
5.407,8.535,9.084,OR.PA-press-2020-04-17-2020-04-17-gdelt-loreal-eyes-post-confin,press,consequence,1,The surge in e-commerce sales during confinement in China has positively impacted L'Oreal's sales there.,OR.PA-press-110,outsider_only
5.499,8.756,8.793,OR.PA-press-2020-04-17-2020-04-17-gdelt-loreal-eyes-post-confin,press,precursor,1,The expected increase in demand for professional hairdressing products post-lockdown is anticipated to be a bright spot ,OR.PA-press-110,outsider_only
5.213,8.909,8.491,OR.PA-press-2020-04-17-2020-04-17-gdelt-loreal-eyes-post-confin,press,precursor,1,"The shift to online sales has helped cosmetics firms, including L'Oreal, to make up for lost business due to store closu",OR.PA-press-110,outsider_only
6.199,3.754,6.403,OR.PA-press-2020-07-01-2020-07-01-gdelt-at-multi-year-high-of-6,press,precursor,-1,The global spread of Coronavirus and the resulting lockdowns have led to much lower demand for cosmetic products such as,OR.PA-press-77,outsider_only
6.422,4.051,7.885,OR.PA-press-2020-07-01-2020-07-01-gdelt-at-multi-year-high-of-6,press,precursor,-1,There have likely been supply disruptions in China and elsewhere from the global Coronavirus crisis.,OR.PA-press-77,outsider_only
5.873,4.496,6.738,OR.PA-press-2020-07-01-2020-07-01-gdelt-at-multi-year-high-of-6,press,precursor,-1,"If there isn’t clear evidence of containment of the virus at the time of the earnings announcement, L’Oreal’s P/E is exp",OR.PA-press-77,outsider_only
6.111,8.497,8.776,OR.PA-press-2021-10-19-2021-10-19-gdelt-olpx-stock-builds-ipo-b,press,consequence,1,"Olaplex nearly doubled sales in 2020, contributing to its strong IPO performance.",OR.PA-press-40,outsider_only
6.882,4.551,8.836,OR.PA-press-2021-10-22-2021-10-22-gdelt-european-markets-cautio,press,precursor,1,Fears over the Chinese property market cooling led to a rise in European stocks.,OR.PA-press-105,outsider_only
8.271,6.599,9.257,OR.PA-press-2021-10-22-2021-10-22-gdelt-european-markets-cautio,press,precursor,1,Media reports that China Evergrande Group is set to pay off a coupon payment on a dollar-denominated bond led to a bounc,OR.PA-press-105,outsider_only
7.559,3.667,7.612,OR.PA-press-2021-10-22-2021-10-22-gdelt-european-markets-cautio,press,precursor,-1,"Weak earnings from major tech companies, including Intel and Snap, led to a marginal decline in U.S. stocks.",OR.PA-press-105,outsider_only
8.087,7.885,9.195,OR.PA-press-2021-10-22-2021-10-22-gdelt-european-markets-cautio,press,consequence,1,Strong third-quarter earnings led to a rise in Thule's shares.,OR.PA-press-105,outsider_only
7.57,8.084,9.423,OR.PA-press-2021-10-22-2021-10-22-gdelt-european-markets-cautio,press,precursor,1,"Klepierre hiked its full-year guidance, leading to a rise in its shares.",OR.PA-press-105,outsider_only
5.915,7.946,9.151,OR.PA-press-2021-10-22-2021-10-22-gdelt-european-markets-cautio,press,consequence,1,Better-than-expected third-quarter growth led to a rise in L'Oreal's shares.,OR.PA-press-105,outsider_only
7.729,3.484,7.178,OR.PA-press-2021-10-22-2021-10-22-gdelt-european-markets-cautio,press,consequence,-1,The London Stock Exchange's trading statement led to a drop in its shares.,OR.PA-press-105,outsider_only
7.476,4.126,7.052,OR.PA-press-2021-10-22-2021-10-22-gdelt-european-markets-cautio,press,consequence,-1,Rising energy prices and Covid-19 cases led to a decline in British consumer confidence.,OR.PA-press-105,outsider_only
7.813,3.858,8.846,OR.PA-press-2021-10-22-2021-10-22-gdelt-european-markets-cautio,press,consequence,-1,Soaring prices led to a decline in the euro zone's initial flash composite PMI reading.,OR.PA-press-105,outsider_only
7.4,4.085,7.166,OR.PA-press-2021-10-22-2021-10-22-gdelt-european-markets-cautio,press,consequence,-1,"New data showed that U.K. retail sales fell 0.2% month-on-month in September, well below consensus expectations for a 0.",OR.PA-press-105,outsider_only
8.373,6.582,9.222,OR.PA-press-2021-10-22-2021-10-22-gdelt-evergrande-relief-earni,press,precursor,1,A surprise interest payment by debt-ridden China Evergrande Group buoyed global sentiment.,OR.PA-press-103,outsider_only
6.138,7.75,9.101,OR.PA-press-2021-10-22-2021-10-22-gdelt-evergrande-relief-earni,press,precursor,1,Strong earnings from L’Oreal supported European stocks.,OR.PA-press-103,outsider_only
6.326,7.576,9.121,OR.PA-press-2021-10-22-2021-10-22-gdelt-evergrande-relief-earni,press,precursor,1,Gains in tech stocks supported European stocks.,OR.PA-press-103,outsider_only
6.578,4.071,7.66,OR.PA-press-2021-10-22-2021-10-22-gdelt-evergrande-relief-earni,press,precursor,-1,Production losses at Renault due to a global chip shortage.,OR.PA-press-103,outsider_only
7.88,3.697,6.926,OR.PA-press-2021-10-22-2021-10-22-gdelt-evergrande-relief-earni,press,precursor,-1,Boliden's third-quarter operating profit fell below market forecasts due to higher costs and lower volumes.,OR.PA-press-103,outsider_only
8.354,6.598,9.246,OR.PA-press-2021-10-22-2021-10-22-gdelt-markets-breathe-sigh-of,press,precursor,1,"A surprise interest payment from China Evergrande Group alleviated market concerns about a potential default, boosting g",OR.PA-press-104,outsider_only
6.078,7.828,9.112,OR.PA-press-2021-10-22-2021-10-22-gdelt-markets-breathe-sigh-of,press,consequence,1,Strong earnings from L'Oreal contributed to a rise in European stocks.,OR.PA-press-104,outsider_only
7.301,4.381,8.592,OR.PA-press-2021-10-22-2021-10-22-gdelt-markets-breathe-sigh-of,press,consequence,-1,Comments on stimulus tapering from Federal Reserve Chair Jerome Powell spooked US markets.,OR.PA-press-104,outsider_only
8.211,7.61,9.177,OR.PA-press-2021-10-22-2021-10-22-gdelt-markets-breathe-sigh-of,press,consequence,1,Bank of Ireland's acquisition of a loan book and deposits from KBC boosted its stock performance.,OR.PA-press-104,outsider_only
7.746,7.963,9.412,OR.PA-press-2021-10-22-2021-10-22-gdelt-markets-breathe-sigh-of,press,consequence,1,Confidence flowing back into the aviation market boosted Datalex's stock performance.,OR.PA-press-104,outsider_only
7.96,7.287,9.485,OR.PA-press-2021-10-22-2021-10-22-gdelt-markets-breathe-sigh-of,press,consequence,1,The British economy regaining momentum in October despite surging costs and worsening supply shortages boosted the FTSE ,OR.PA-press-104,outsider_only
6.308,8.333,9.383,OR.PA-press-2021-10-22-2021-10-22-gdelt-markets-breathe-sigh-of,press,consequence,1,The fall in the pound due to unexpectedly weak British retail sales boosted large dollar-earning companies like Diageo a,OR.PA-press-104,outsider_only
7.847,7.833,9.346,OR.PA-press-2021-10-22-2021-10-22-gdelt-markets-breathe-sigh-of,press,consequence,1,UBS raising its price target on JD Sports Fashion Plc after it bought Cosmos Sport boosted the company's stock performan,OR.PA-press-104,outsider_only
7.76,7.987,9.492,OR.PA-press-2021-10-22-2021-10-22-gdelt-markets-breathe-sigh-of,press,consequence,1,SIG's forecast of full-year underlying operating profit ahead of market estimates boosted its stock performance.,OR.PA-press-104,outsider_only
7.502,3.73,7.32,OR.PA-press-2021-10-22-2021-10-22-gdelt-markets-breathe-sigh-of,press,consequence,-1,London Stock Exchange Group's warning about supply chain shortages affecting technology spending hurt its stock performa,OR.PA-press-104,outsider_only
10.426,3.378,6.712,OR.PA-press-2021-10-22-2021-10-22-gdelt-markets-breathe-sigh-of,press,consequence,-1,Privacy changes by Apple on iOS devices hurting Snap's ability to target and measure its digital advertising cast doubts,OR.PA-press-104,outsider_only
8.055,8.106,9.616,OR.PA-press-2021-10-22-2021-10-22-gdelt-markets-breathe-sigh-of,press,consequence,1,American Express beating profit estimates for the fourth straight quarter boosted its stock performance.,OR.PA-press-104,outsider_only
7.539,3.677,7.483,OR.PA-press-2021-10-22-2021-10-22-gdelt-markets-breathe-sigh-of,press,consequence,-1,Intel Corp missing third-quarter sales expectations due to chip shortages hurt its stock performance.,OR.PA-press-104,outsider_only
8.349,6.554,9.234,OR.PA-press-2021-10-23-2021-10-23-gdelt-evergrande-earnings-lif,press,precursor,1,A surprise interest payment from China Evergrande Group lifted global sentiment and European stocks.,OR.PA-press-103,outsider_only
6.075,7.777,9.086,OR.PA-press-2021-10-23-2021-10-23-gdelt-evergrande-earnings-lif,press,precursor,1,Strong earnings from L’Oreal SA boosted European stocks.,OR.PA-press-103,outsider_only
7.373,8.789,8.489,OR.PA-press-2021-10-23-2021-10-23-gdelt-evergrande-earnings-lif,press,precursor,1,TSMC's discussions about chipmaking price increases to cover rising manufacturing costs.,OR.PA-press-103,outsider_only
7.263,8.974,8.53,OR.PA-press-2021-10-23-2021-10-23-gdelt-evergrande-earnings-lif,press,precursor,1,TSMC's additional $100 billion investment in Arizona to meet strong demand and ward off rivals.,OR.PA-press-103,outsider_only
6.134,3.773,6.294,OR.PA-press-2021-11-15-2021-11-15-gdelt-this-niche-hair-care-st,press,consequence,-1,"The COVID-19 pandemic led to the closing of salons, forcing consumers to do their own hair care, which affected the hair",OR.PA-press-41,outsider_only
6.108,8.603,8.71,OR.PA-press-2021-11-15-2021-11-15-gdelt-this-niche-hair-care-st,press,precursor,1,"Olaplex's IPO generated significant investor interest and funding, positioning the company for growth.",OR.PA-press-41,outsider_only
5.876,8.86,8.746,OR.PA-press-2021-11-15-2021-11-15-gdelt-this-niche-hair-care-st,press,precursor,1,Olaplex plans to launch new products to capitalize on the growing hair care market.,OR.PA-press-41,outsider_only
6.14,8.424,8.611,OR.PA-press-2021-11-15-2021-11-15-gdelt-this-niche-hair-care-st,press,precursor,-1,"Olaplex faces challenges including a high P/E ratio, competition, and a patent infringement case.",OR.PA-press-41,outsider_only
6.07,8.52,8.655,OR.PA-press-2021-11-15-2021-11-15-gdelt-this-niche-hair-care-st,press,precursor,1,A favorable outcome in the patent infringement case could significantly boost Olaplex's stock price.,OR.PA-press-41,outsider_only
6.629,8.642,7.039,OR.PA-press-2021-12-08-2021-12-08-gdelt-nestle-cuts-loreal-stak,press,precursor,1,Nestle's sale of $10 billion worth of L'Oreal shares to reduce its stake to about 20%.,OR.PA-press-61,outsider_only
6.584,8.591,7.038,OR.PA-press-2021-12-08-2021-12-08-gdelt-nestle-cuts-loreal-stak,press,precursor,1,L'Oreal's buyback of shares representing 4% of its capital and cancellation of those shares.,OR.PA-press-61,outsider_only
5.984,7.954,9.12,OR.PA-press-2021-12-08-2021-12-08-gdelt-nestle-cuts-loreal-stak,press,precursor,1,L'Oreal's accretive effect on earnings per share due to the share buyback.,OR.PA-press-61,outsider_only
6.747,8.655,7.175,OR.PA-press-2021-12-08-2021-12-08-gdelt-nestle-cuts-loreal-stak,press,precursor,1,Nestle's decision to buy back 20 billion Swiss francs worth of its shares between 2022 and 2024.,OR.PA-press-61,outsider_only
6.727,8.61,7.108,OR.PA-press-2021-12-08-2021-12-08-gdelt-nestle-cuts-loreal-stak,press,precursor,1,Nestle's termination of its current share repurchase plan by the end of the year.,OR.PA-press-61,outsider_only
6.989,9.004,8.746,OR.PA-press-2022-07-04-2022-07-04-gdelt-10-best-buy-the-dip-con,press,precursor,1,Management has surgically cut $100 million in waste to focus on high-margin growth.,OR.PA-press-68,outsider_only
6.272,8.516,10.435,OR.PA-press-2022-07-04-2022-07-04-gdelt-10-best-buy-the-dip-con,press,precursor,1,Early signs are supportive of improving performance in Coty’s cosmetics business.,OR.PA-press-68,outsider_only
5.303,9.264,9.979,OR.PA-press-2022-07-04-2022-07-04-gdelt-10-best-buy-the-dip-con,press,precursor,1,The company should also benefit from an accelerating growth trend in its prestige fragrance business driven by purchases,OR.PA-press-68,outsider_only
7.731,3.612,7.204,OR.PA-press-2022-07-04-2022-07-04-gdelt-10-best-buy-the-dip-con,press,consequence,-1,The stock has declined about 59% year to date as of July 1.,OR.PA-press-68,outsider_only
7.351,9.157,10.168,OR.PA-press-2022-07-04-2022-07-04-gdelt-10-best-buy-the-dip-con,press,precursor,1,"The company posted strong results in June, with robust booking trends for 2023 as consumers plan for trips without worry",OR.PA-press-68,outsider_only
7.724,3.512,7.177,OR.PA-press-2022-07-04-2022-07-04-gdelt-10-best-buy-the-dip-con,press,consequence,-1,The stock has dropped about 62% year to date.,OR.PA-press-68,outsider_only
7.449,3.638,7.397,OR.PA-press-2022-07-04-2022-07-04-gdelt-10-best-buy-the-dip-con,press,consequence,-1,Evercore ISI analyst Shweta Khajuria slashed the price target on the stock to $95 from $130 after lowering FY23 GMS and ,OR.PA-press-68,outsider_only
7.376,4.328,7.549,OR.PA-press-2022-07-04-2022-07-04-gdelt-10-best-buy-the-dip-con,press,consequence,-1,Heightened inflation and surplus inventories are damaging company profits in the consumer sector.,OR.PA-press-68,outsider_only
7.555,3.587,7.361,OR.PA-press-2022-07-04-2022-07-04-gdelt-10-best-buy-the-dip-con,press,consequence,-1,Cost pressure and rising rates have caused the S&P 500 Consumer Discretionary Index to drop 33% in the first six months ,OR.PA-press-68,outsider_only
6.265,3.524,7.715,OR.PA-press-2022-07-04-2022-07-04-gdelt-10-best-buy-the-dip-con,press,consequence,-1,Recession fears are weighing on purchasing power and causing a decline in US household spending.,OR.PA-press-68,outsider_only
7.161,4.043,7.503,OR.PA-press-2022-07-04-2022-07-04-gdelt-10-best-buy-the-dip-con,press,precursor,-1,Companies like Walmart and Target have cut profit forecasts for the rest of the year due to rising costs.,OR.PA-press-68,outsider_only
6.26,8.587,9.816,OR.PA-press-2022-07-04-2022-07-04-gdelt-10-best-buy-the-dip-con,press,precursor,1,"Analysts expect US consumers to increase their spending, leading to a rebound in consumer stocks.",OR.PA-press-68,outsider_only
6.881,8.049,9.542,OR.PA-press-2022-07-04-2022-07-04-gdelt-10-best-buy-the-dip-con,press,precursor,1,"Piper Sandler analyst Michael Lavery upgraded B&G Foods, Inc. to Neutral from Underweight, projecting year-over-year mar",OR.PA-press-68,outsider_only
6.848,8.06,9.653,OR.PA-press-2022-07-04-2022-07-04-gdelt-10-best-buy-the-dip-con,press,precursor,1,"BTIG analyst Peter Saleh reiterated a Buy rating on Nomad Foods Limited but lowered the price target, expecting optimist",OR.PA-press-68,outsider_only
6.398,8.289,10.428,OR.PA-press-2022-07-04-2022-07-04-gdelt-10-best-buy-the-dip-con,press,precursor,1,Coty Inc. reaffirmed its sales and profit guidance for fiscal 2022 and lifted its EPS guidance after exceeding Q3 result,OR.PA-press-68,outsider_only
6.381,8.298,10.417,OR.PA-press-2022-07-04-2022-07-04-gdelt-10-best-buy-the-dip-con,press,precursor,1,"Citi analyst Wendy Nicholson assigned a Buy rating to Coty Inc. with a $15 price target, believing in the company’s tran",OR.PA-press-68,outsider_only
7.444,10.164,9.11,OR.PA-press-2022-07-08-2022-07-08-gdelt-russia-ukraine-war-is-c,press,precursor,1,The introduction of new stock picks and ad-free browsing is expected to attract new subscribers and increase revenue.,OR.PA-press-67,outsider_only
6.917,7.903,7.238,OR.PA-press-2022-07-08-2022-07-08-gdelt-russia-ukraine-war-is-c,press,precursor,1,The 30-day money-back guarantee is expected to reduce customer acquisition costs by minimizing churn.,OR.PA-press-67,outsider_only
7.393,10.17,9.183,OR.PA-press-2022-07-08-2022-07-08-gdelt-russia-ukraine-war-is-c,press,precursor,1,Limited availability of 1000 spots is expected to create urgency and drive immediate subscriptions.,OR.PA-press-67,outsider_only
7.513,10.108,9.144,OR.PA-press-2022-07-08-2022-07-08-gdelt-russia-ukraine-war-is-c,press,precursor,1,The discounted subscription price of $0.99 is expected to attract a large number of new subscribers.,OR.PA-press-67,outsider_only
7.419,10.229,9.291,OR.PA-press-2022-07-08-2022-07-08-gdelt-russia-ukraine-war-is-c,press,precursor,1,The urgency created by the 7-day offer expiration is expected to increase immediate sign-ups.,OR.PA-press-67,outsider_only
6.554,4.503,7.335,OR.PA-press-2022-07-08-2022-07-08-gdelt-russia-ukraine-war-is-c,press,precursor,-1,"The Russian invasion of Ukraine has disrupted business activity in the region and led to Western sanctions on Moscow, di",OR.PA-press-67,outsider_only
6.683,4.568,7.339,OR.PA-press-2022-07-08-2022-07-08-gdelt-russia-ukraine-war-is-c,press,precursor,-1,"Coty Inc.'s sales in Russia have been directly affected by Western sanctions, resulting in a substantial loss in revenue",OR.PA-press-67,outsider_only
6.208,4.698,7.306,OR.PA-press-2022-07-08-2022-07-08-gdelt-russia-ukraine-war-is-c,press,precursor,-1,"The Estée Lauder Companies Inc. has closed all its stores in Russia due to US sanctions, directly hitting this revenue s",OR.PA-press-67,outsider_only
6.551,4.46,7.388,OR.PA-press-2022-07-08-2022-07-08-gdelt-russia-ukraine-war-is-c,press,precursor,-1,"Mohawk Industries, Inc.'s supply of laminate produced in Russia has been affected due to Western sanctions on Moscow, hi",OR.PA-press-67,outsider_only
6.494,4.501,7.348,OR.PA-press-2022-07-08-2022-07-08-gdelt-russia-ukraine-war-is-c,press,consequence,-1,PVH Corp. closing all stores in Russia and pausing commercial activities due to the Russian invasion of Ukraine.,OR.PA-press-67,outsider_only
6.406,4.386,7.471,OR.PA-press-2022-07-08-2022-07-08-gdelt-russia-ukraine-war-is-c,press,consequence,-1,PVH Corp. revising guidance numbers for 2022 by up to 3% due to the disruption of operations in Russia and the pause in ,OR.PA-press-67,outsider_only
6.387,4.196,7.624,OR.PA-press-2022-07-08-2022-07-08-gdelt-russia-ukraine-war-is-c,press,consequence,-1,PVH Corp. struggling with supply chain issues resulting in delivery delays.,OR.PA-press-67,outsider_only
6.187,4.119,7.607,OR.PA-press-2022-07-08-2022-07-08-gdelt-russia-ukraine-war-is-c,press,precursor,-1,A slower-than-expected rebound in international travel may have a negative impact on PVH Corp. this year.,OR.PA-press-67,outsider_only
6.554,4.401,7.422,OR.PA-press-2022-07-08-2022-07-08-gdelt-russia-ukraine-war-is-c,press,consequence,-1,IPG Photonics Corporation having outsized exposure to the Russian market and supply chain disruptions due to the war.,OR.PA-press-67,outsider_only
6.377,4.044,7.721,OR.PA-press-2022-07-08-2022-07-08-gdelt-russia-ukraine-war-is-c,press,consequence,-1,IPG Photonics Corporation facing supply chain delays and slowing growth in China.,OR.PA-press-67,outsider_only
6.027,9.416,10.453,OR.PA-press-2022-07-28-2022-07-28-gdelt-lor-al-lor-al-news-rele,press,consequence,1,The lifting of public health restrictions in the majority of countries led to a dynamic European beauty market in the fi,OR.PA-press-91,outsider_only
5.948,4.28,6.783,OR.PA-press-2022-07-28-2022-07-28-gdelt-lor-al-lor-al-news-rele,press,consequence,-1,Supply chain constraints impacted the performance of L'Oréal Luxe in fragrances.,OR.PA-press-91,outsider_only
6.581,4.508,7.347,OR.PA-press-2022-07-28-2022-07-28-gdelt-lor-al-lor-al-news-rele,press,consequence,-1,"The Group's activities in Ukraine were put on hold following the invasion, impacting sales.",OR.PA-press-91,outsider_only
6.54,4.534,7.288,OR.PA-press-2022-07-28-2022-07-28-gdelt-lor-al-lor-al-news-rele,press,consequence,-1,"In Russia, the Group has temporarily closed all its own stores and e-commerce sites and suspended all industrial and med",OR.PA-press-91,outsider_only
6.154,3.738,6.374,OR.PA-press-2022-07-28-2022-07-28-gdelt-lor-al-lor-al-news-rele,press,consequence,-1,"The Covid-19 resurgence in the Zone impacted the beauty market, leading to a contraction in mainland China.",OR.PA-press-91,outsider_only
7.027,9.605,10.202,OR.PA-press-2022-07-28-2022-07-28-gdelt-lor-al-lor-al-news-rele,press,consequence,1,"The strong performance of the Consumer Products Division in Latin America, driven by Mexico, Brazil, and Chile.",OR.PA-press-91,outsider_only
6.087,8.982,10.376,OR.PA-press-2022-07-28-2022-07-28-gdelt-lor-al-lor-al-news-rele,press,precursor,1,Consumers' desire to socialize and indulge in innovative beauty products after the pandemic.,OR.PA-press-91,outsider_only
7.367,4.741,8.222,OR.PA-press-2022-07-28-2022-07-28-gdelt-lor-al-lor-al-news-rele,press,precursor,-1,Higher raw material prices and supply chain pressures.,OR.PA-press-91,outsider_only
6.072,10.469,7.863,OR.PA-press-2022-07-28-2022-07-28-gdelt-lor-al-lor-al-news-rele,press,consequence,1,Carbon neutrality across all sites in the North Asia Zone.,OR.PA-press-91,outsider_only
8.078,7.856,9.116,OR.PA-press-2022-07-28-2022-07-28-gdelt-lor-al-lor-al-news-rele,press,consequence,1,Success of the third employee share ownership plan.,OR.PA-press-91,outsider_only
8.582,6.986,9.313,OR.PA-press-2022-07-28-2022-07-28-gdelt-lor-al-lor-al-news-rele,press,consequence,1,Positive impact of currency fluctuations.,OR.PA-press-91,outsider_only
5.944,4.101,7.902,OR.PA-press-2022-07-28-2022-07-28-gdelt-lor-al-lor-al-news-rele,press,consequence,1,Relocation of the Asian Travel Retail business unit.,OR.PA-press-91,outsider_only
6.009,4.075,7.931,OR.PA-press-2022-07-28-2022-07-28-gdelt-lor-al-lor-al-news-rele,press,precursor,-1,Relocation of the Asian Travel Retail business unit (future impact).,OR.PA-press-91,outsider_only
8.057,4.589,7.176,OR.PA-press-2022-07-28-2022-07-28-gdelt-lor-al-lor-al-news-rele,press,consequence,1,Decrease in promotion expenses as a percentage of sales.,OR.PA-press-91,outsider_only
8.318,4.504,7.14,OR.PA-press-2022-07-28-2022-07-28-gdelt-lor-al-lor-al-news-rele,press,consequence,1,"Decrease in selling, general and administrative expenses as a percentage of sales.",OR.PA-press-91,outsider_only
8.343,8.165,9.204,OR.PA-press-2022-07-28-2022-07-28-gdelt-lor-al-lor-al-news-rele,press,consequence,1,Increase in operating profit.,OR.PA-press-91,outsider_only
6.927,10.159,10.541,OR.PA-press-2022-07-28-2022-07-28-gdelt-lor-al-lor-al-news-rele,press,consequence,1,Increase in profitability of the Professional Products Division.,OR.PA-press-91,outsider_only
7.421,3.55,5.972,OR.PA-press-2022-07-28-2022-07-28-gdelt-lor-al-lor-al-news-rele,press,consequence,-1,Decrease in profitability of the Active Cosmetics Division.,OR.PA-press-91,outsider_only
8.221,7.797,8.608,OR.PA-press-2022-07-28-2022-07-28-gdelt-lor-al-lor-al-news-rele,press,consequence,1,Increase in Sanofi dividends.,OR.PA-press-91,outsider_only
9.001,4.898,7.905,OR.PA-press-2022-07-28-2022-07-28-gdelt-lor-al-lor-al-news-rele,press,consequence,-1,Increase in income tax rate.,OR.PA-press-91,outsider_only
8.572,7.943,9.066,OR.PA-press-2022-07-28-2022-07-28-gdelt-lor-al-lor-al-news-rele,press,consequence,1,Increase in net profit excluding non-recurring items after non-controlling interests.,OR.PA-press-91,outsider_only
8.161,7.908,9.285,OR.PA-press-2022-07-28-2022-07-28-gdelt-lor-al-lor-al-news-rele,press,consequence,1,Increase in earnings per share.,OR.PA-press-91,outsider_only
7.038,6.354,8.44,OR.PA-press-2022-08-09-2022-08-09-gdelt-insights-on-global-skin,press,precursor,1,Sodium-ion battery technology is reaching a critical inflection point where cost per kWh is beginning to undercut lithiu,OR.PA-press-1,outsider_only
7.023,6.401,8.448,OR.PA-press-2022-08-09-2022-08-09-gdelt-insights-on-global-skin,press,precursor,1,China's aggressive manufacturing scale-up and global pressure to diversify away from lithium and cobalt supply chains ar,OR.PA-press-1,outsider_only
7.041,6.303,8.431,OR.PA-press-2022-08-09-2022-08-09-gdelt-insights-on-global-skin,press,precursor,-1,"Decision makers who delay sodium-ion qualification risk losing competitive advantage in grid-scale tenders, where early ",OR.PA-press-1,outsider_only
7.016,6.433,8.438,OR.PA-press-2022-08-09-2022-08-09-gdelt-insights-on-global-skin,press,precursor,1,"Sodium-ion batteries eliminate dependency on critical minerals, making them highly attractive for national energy securi",OR.PA-press-1,outsider_only
7.011,6.415,8.438,OR.PA-press-2022-08-09-2022-08-09-gdelt-insights-on-global-skin,press,precursor,1,The energy transition is entering a phase where storage economics determine scalability. Sodium-ion batteries offer a co,OR.PA-press-1,outsider_only
7.05,6.522,8.497,OR.PA-press-2022-08-09-2022-08-09-gdelt-insights-on-global-skin,press,precursor,1,"As renewable penetration rises globally, the need for cost-effective, scalable storage solutions will only intensify.",OR.PA-press-1,outsider_only
6.339,8.354,10.461,OR.PA-press-2022-08-25-2022-08-25-gdelt-coty-rides-beauty-boom-,press,consequence,1,"Coty Inc. reported better-than-expected fourth-quarter revenue due to the strong performance of the beauty category, whi",OR.PA-press-69,outsider_only
7.125,4.266,7.114,OR.PA-press-2022-08-25-2022-08-25-gdelt-coty-rides-beauty-boom-,press,consequence,-1,"The removal of the de minimis exemption on small packages in the US led to a slowdown in sales for the retailer, resulti",OR.PA-press-69,outsider_only
5.565,7.988,9.275,OR.PA-press-2022-09-07-2022-09-07-gdelt-loreal-stock-poised-for,press,consequence,1,"L’Oreal’s first-half 2022 sales report showed a 21% increase in revenue to $18.2 billion, driven by a rise in active cos",OR.PA-press-52,outsider_only
8.266,8.299,9.349,OR.PA-press-2022-09-07-2022-09-07-gdelt-loreal-stock-poised-for,press,consequence,1,Gross profit rose 18.6% over the first half of 2022 due to increased revenue and lower operating expenses.,OR.PA-press-52,outsider_only
8.295,8.315,9.345,OR.PA-press-2022-09-07-2022-09-07-gdelt-loreal-stock-poised-for,press,consequence,1,Operating profit grew 25.3% over the first half of 2022 due to increased revenue and lower operating expenses.,OR.PA-press-52,outsider_only
8.287,8.291,9.368,OR.PA-press-2022-09-07-2022-09-07-gdelt-loreal-stock-poised-for,press,consequence,1,"Net profit rose by around 25% over the first half of 2022, contributing to a 30.8% increase in EPS due to a drop in the ",OR.PA-press-52,outsider_only
5.586,8.712,8.792,OR.PA-press-2022-09-07-2022-09-07-gdelt-loreal-stock-poised-for,press,precursor,1,Machine learning analysis predicts a 71% chance of a rise in L’Oreal stock over the next month based on historical stock,OR.PA-press-52,outsider_only
6.238,3.78,6.475,OR.PA-press-2022-10-29-2022-10-29-gdelt-lipstick-effect-starts-,press,precursor,-1,Persistently high inflation and gloomy economy forecasts have led to a decrease in impulse buys for beauty products.,OR.PA-press-91,outsider_only
5.901,9.087,10.518,OR.PA-press-2022-10-29-2022-10-29-gdelt-lipstick-effect-starts-,press,consequence,1,High inflation has pushed up sales in dollar terms for face care items.,OR.PA-press-91,outsider_only
6.232,3.801,6.475,OR.PA-press-2022-10-29-2022-10-29-gdelt-lipstick-effect-starts-,press,precursor,-1,More than one in five consumers in Europe expect to spend less on make-up and skincare in the coming months.,OR.PA-press-91,outsider_only
5.892,4.417,6.672,OR.PA-press-2022-10-29-2022-10-29-gdelt-lipstick-effect-starts-,press,consequence,-1,"L’Oreal’s luxe division grew only 4.6 per cent in the third quarter, marking the first time since 2020 that its growth f",OR.PA-press-91,outsider_only
6.735,8.684,9.092,OR.PA-press-2022-10-29-2022-10-29-gdelt-lipstick-effect-starts-,press,precursor,1,Having a range of products at different price points has helped cushion the financial blow for large companies.,OR.PA-press-91,outsider_only
7.73,3.372,7.102,OR.PA-press-2022-10-29-2022-10-29-gdelt-lipstick-effect-starts-,press,consequence,-1,"Olaplex Holdings Inc. downgraded its outlook, causing shares to plunge 57 per cent.",OR.PA-press-91,outsider_only
7.192,4.564,7.221,OR.PA-press-2022-10-29-2022-10-29-gdelt-lipstick-effect-starts-,press,consequence,-1,Sales of Nestle’s premium Nespresso coffee pods fell this year as customers are opting for cheaper products.,OR.PA-press-91,outsider_only
6.171,8.773,9.356,OR.PA-press-2022-10-29-2022-10-29-gdelt-lipstick-effect-starts-,press,precursor,1,Spirit companies like Diageo and Pernod Ricard have benefited from the “lipstick effect” during economic turmoil.,OR.PA-press-91,outsider_only
7.421,5.623,8.882,OR.PA-press-2022-10-29-2022-10-29-gdelt-lipstick-effect-starts-,press,precursor,1,Distillers have benefited from the fact that their products don’t make up a large portion of household spending.,OR.PA-press-91,outsider_only
6.269,4.167,7.259,OR.PA-press-2022-10-29-2022-10-29-gdelt-lipstick-effect-starts-,press,precursor,-1,Sales of spirits are expected to slow as energy costs start to hit disposable income more significantly.,OR.PA-press-91,outsider_only
9.518,13.209,7.041,OR.PA-press-2022-11-22-2022-11-22-gdelt-elf-beauty-cruelty-free,press,precursor,1,The cruelty-free makeup and appeal to teens have boosted sales for ELF Beauty.,OR.PA-press-75,outsider_only
7.747,3.666,7.44,OR.PA-press-2022-12-08-2022-12-08-gdelt-down-more-than-70-in-20,press,consequence,-1,"The tech sector, however, really fell off a cliff in 2022. The Nasdaq-100 tech index, for example, is closing out the ye",OR.PA-press-4,outsider_only
7.005,5.568,6.786,OR.PA-press-2022-12-08-2022-12-08-gdelt-down-more-than-70-in-20,press,consequence,-1,"Fiverr International (FVRR +1.65%) is a classic growth stock in the tech sector, which is probably the worst category to",OR.PA-press-4,outsider_only
7.009,5.587,6.786,OR.PA-press-2022-12-08-2022-12-08-gdelt-down-more-than-70-in-20,press,consequence,1,"Fiverr took off during the pandemic. Revenue soared in 2020, and the stock price skyrocketed.",OR.PA-press-4,outsider_only
7.004,5.542,6.786,OR.PA-press-2022-12-08-2022-12-08-gdelt-down-more-than-70-in-20,press,consequence,-1,That changed in 2021 as the world opened up again and investors realized Fiverr's growth and its stock price were not su,OR.PA-press-4,outsider_only
7.868,8.458,9.603,OR.PA-press-2022-12-08-2022-12-08-gdelt-down-more-than-70-in-20,press,consequence,1,"Sales increased 11% year over year in the 2022 third quarter, keeping it in the double digits. Adjusted earnings before ",OR.PA-press-4,outsider_only
6.585,9.151,10.504,OR.PA-press-2022-12-08-2022-12-08-gdelt-down-more-than-70-in-20,press,consequence,1,"After huge increases in 2020 and 2021, active buyers are holding steady at 4.2 million. That's still a slight increase o",OR.PA-press-4,outsider_only
6.661,9.039,10.376,OR.PA-press-2022-12-08-2022-12-08-gdelt-down-more-than-70-in-20,press,consequence,1,"Spend per buyer increased 12% over last year to $262, which signals satisfied customers. It's also partially due to the ",OR.PA-press-4,outsider_only
7.02,5.588,6.785,OR.PA-press-2022-12-08-2022-12-08-gdelt-down-more-than-70-in-20,press,consequence,1,The take rate increased from 28.4% last year to 30%. Take rate is the amount Fiverr gets from each transaction on the si,OR.PA-press-4,outsider_only
7.015,5.554,6.781,OR.PA-press-2022-12-08-2022-12-08-gdelt-down-more-than-70-in-20,press,precursor,1,"Fiverr has turned its focus to cost efficiency as demand slows, and net loss narrowed in the third quarter from $14.3 mi",OR.PA-press-4,outsider_only
8.194,3.791,6.848,OR.PA-press-2023-02-04-2023-02-04-gdelt-who-got-rich-and-who-go,press,consequence,-1,Allegations by a short seller of stock manipulation and accounting fraud against Adani Group led to a significant drop i,OR.PA-press-39,outsider_only
8.06,3.603,6.902,OR.PA-press-2023-02-04-2023-02-04-gdelt-who-got-rich-and-who-go,press,consequence,-1,Adani Group cancelled a $2.5 billion stock offering for Adani Enterprises following the allegations.,OR.PA-press-39,outsider_only
7.701,8.168,9.415,OR.PA-press-2023-02-04-2023-02-04-gdelt-who-got-rich-and-who-go,press,consequence,1,"Meta Platforms' latest earnings report exceeded analysts’ expectations, leading to a 23% increase in its share price.",OR.PA-press-39,outsider_only
7.948,8.24,9.532,OR.PA-press-2023-02-04-2023-02-04-gdelt-who-got-rich-and-who-go,press,consequence,1,Tesla's better than expected fourth-quarter earnings led to a nearly 7% rise in its stock.,OR.PA-press-39,outsider_only
10.686,3.439,6.648,OR.PA-press-2023-02-04-2023-02-04-gdelt-who-got-rich-and-who-go,press,consequence,1,"IRS updated its guidelines for defining a crossover or SUV, qualifying the Tesla Model Y for additional clean vehicle ta",OR.PA-press-39,outsider_only
8.137,7.692,9.323,OR.PA-press-2023-02-04-2023-02-04-gdelt-who-got-rich-and-who-go,press,consequence,1,"A federal judge dismissed a class-action suit against Coinbase, leading to a 22% increase in its shares.",OR.PA-press-39,outsider_only
7.576,8.043,8.622,OR.PA-press-2023-02-16-2023-02-16-gdelt-billionaire-ken-fisher-,press,precursor,1,"Ken Fisher's hedge fund, Fisher Asset Management, increased its position in 3M Company (NYSE:MMM) by 0.7% in Q4 2022, re",OR.PA-press-20,outsider_only
7.668,7.99,8.719,OR.PA-press-2023-02-16-2023-02-16-gdelt-billionaire-ken-fisher-,press,precursor,1,"3M Company (NYSE:MMM) declared a 0.7% hike in its quarterly dividend to $1.50 per share on February 7, 2023, marking its",OR.PA-press-20,outsider_only
7.496,7.959,8.939,OR.PA-press-2023-02-16-2023-02-16-gdelt-billionaire-ken-fisher-,press,precursor,1,"NextEra Energy, Inc. (NYSE:NEE) raised its position by 1% in Q4 2022, indicating Fisher Asset Management's confidence in",OR.PA-press-20,outsider_only
7.66,7.92,8.876,OR.PA-press-2023-02-16-2023-02-16-gdelt-billionaire-ken-fisher-,press,precursor,1,"Raytheon Technologies Corporation (NYSE:RTX) increased its dividend for the 29th consecutive year, reflecting its strong",OR.PA-press-20,outsider_only
7.536,8.001,9.041,OR.PA-press-2023-02-16-2023-02-16-gdelt-billionaire-ken-fisher-,press,precursor,1,"Starbucks Corporation (NASDAQ:SBUX) maintained a 12-year streak of consistent dividend growth, indicating its strong fin",OR.PA-press-20,outsider_only
7.054,8.641,8.868,OR.PA-press-2023-02-16-2023-02-16-gdelt-billionaire-ken-fisher-,press,precursor,1,"Union Pacific Corporation's substantial infrastructure investments, relative cost advantages, limited leverage, and esse",OR.PA-press-20,outsider_only
6.533,9.32,9.103,OR.PA-press-2023-02-16-2023-02-16-gdelt-billionaire-ken-fisher-,press,precursor,1,Costco Wholesale Corporation's strong value proposition positions it well in a more challenging macro environment.,OR.PA-press-20,outsider_only
7.557,3.925,7.306,OR.PA-press-2023-02-16-2023-02-16-gdelt-billionaire-ken-fisher-,press,consequence,-1,Walmart Inc.'s recent profit warning and withdrawal of guidance led to a reduction in Wall Street's profit growth expect,OR.PA-press-20,outsider_only
7.498,7.965,9.304,OR.PA-press-2023-02-16-2023-02-16-gdelt-billionaire-ken-fisher-,press,precursor,1,BMO Capital raised its price target on Starbucks Corporation (NASDAQ:SBUX) to $125 with an Outperform rating on the shar,OR.PA-press-20,outsider_only
6.326,3.765,7.5,OR.PA-press-2023-02-16-2023-02-16-gdelt-billionaire-ken-fisher-,press,precursor,-1,Zero-COVID policies in China have made it challenging for Starbucks to operate in this important market.,OR.PA-press-20,outsider_only
7.697,7.925,8.925,OR.PA-press-2023-02-16-2023-02-16-gdelt-billionaire-ken-fisher-,press,consequence,1,Abbott Laboratories (NYSE:ABT) extended its dividend growth streak to 51 years.,OR.PA-press-20,outsider_only
7.221,4.314,6.742,OR.PA-press-2023-02-16-2023-02-16-gdelt-billionaire-ken-fisher-,press,precursor,-1,Abbott Laboratories (NYSE:ABT) faced difficult earnings comparisons due to the recall of certain infant formula products,OR.PA-press-20,outsider_only
7.662,7.862,8.729,OR.PA-press-2023-02-16-2023-02-16-gdelt-billionaire-ken-fisher-,press,consequence,1,"NIKE, Inc. (NYSE:NKE) declared a quarterly dividend of $0.34 per share, consistent with its previous dividend.",OR.PA-press-20,outsider_only
7.676,7.957,8.929,OR.PA-press-2023-02-16-2023-02-16-gdelt-billionaire-ken-fisher-,press,consequence,1,Johnson & Johnson (NYSE:JNJ) has been raising its payouts for the past 61 years consistently.,OR.PA-press-20,outsider_only
7.696,7.96,8.707,OR.PA-press-2023-02-16-2023-02-16-gdelt-billionaire-ken-fisher-,press,consequence,1,"Union Pacific Corporation (NYSE:UNP) declared a quarterly dividend of $1.30 per share, consistent with its previous divi",OR.PA-press-20,outsider_only
7.39,4.524,7.396,OR.PA-press-2023-02-16-2023-02-16-gdelt-inflation-nibbles-at-ne,press,consequence,-1,"Inflation surged to unprecedented levels, impacting Nestlé's margins.",OR.PA-press-35,outsider_only
8.282,4.124,6.764,OR.PA-press-2023-02-16-2023-02-16-gdelt-inflation-nibbles-at-ne,press,consequence,-1,Asset disposals in 2021 led to a deceptive comparison in net profits for 2022.,OR.PA-press-35,outsider_only
7.223,8.143,9.986,OR.PA-press-2023-02-16-2023-02-16-gdelt-inflation-nibbles-at-ne,press,precursor,1,Nestlé expects another year of robust organic growth with a focus on restoring gross margin in 2023.,OR.PA-press-35,outsider_only
7.363,4.547,7.268,OR.PA-press-2023-02-16-2023-02-16-gdelt-inflation-nibbles-at-ne,press,consequence,-1,Inflation nibbled at Nestle's margins.,OR.PA-press-35,outsider_only
7.237,8.119,10.002,OR.PA-press-2023-02-16-2023-02-16-gdelt-inflation-nibbles-at-ne,press,precursor,1,Nestle expects another year of robust organic growth with a focus on restoring gross margin.,OR.PA-press-35,outsider_only
7.251,8.134,9.939,OR.PA-press-2023-02-16-2023-02-16-gdelt-inflation-nibbles-at-ne,press,precursor,1,Nestle expects sales growth of between six and eight percent for 2023.,OR.PA-press-35,outsider_only
7.232,8.108,10.019,OR.PA-press-2023-02-16-2023-02-16-gdelt-inflation-nibbles-at-ne,press,precursor,1,Nestle hopes to hold or improve its underlying trading operating profit margin in 2023.,OR.PA-press-35,outsider_only
7.507,8.246,9.562,OR.PA-press-2023-02-16-2023-02-16-gdelt-inflation-nibbles-at-ne,press,precursor,1,Underlying earnings per share in constant currency is expected to rise between six and 10 percent in 2023.,OR.PA-press-35,outsider_only
5.949,8.806,9.575,OR.PA-press-2023-02-18-2023-02-18-gdelt-luxury-golden-age-makes,press,precursor,1,"The relentless momentum behind luxury-goods producers LVMH, Kering, and Hermes International is fueling the rise of Fren",OR.PA-press-87,outsider_only
6.135,8.473,9.844,OR.PA-press-2023-02-18-2023-02-18-gdelt-luxury-golden-age-makes,press,precursor,1,The reopening of the Chinese economy is expected to boost sales and earnings of luxury companies.,OR.PA-press-87,outsider_only
6.02,8.599,9.723,OR.PA-press-2023-02-18-2023-02-18-gdelt-luxury-golden-age-makes,press,precursor,1,The resilience of luxury stocks despite macroeconomic challenges is driving the rally.,OR.PA-press-87,outsider_only
6.18,8.561,9.868,OR.PA-press-2023-02-18-2023-02-18-gdelt-luxury-golden-age-makes,press,precursor,1,The reopening of the Chinese economy is expected to drive demand for luxury goods.,OR.PA-press-87,outsider_only
6.095,8.67,9.662,OR.PA-press-2023-02-18-2023-02-18-gdelt-luxury-golden-age-makes,press,precursor,1,The ability of luxury goods producers to raise prices and beat inflation is contributing to their strong performance.,OR.PA-press-87,outsider_only
6.095,8.464,9.824,OR.PA-press-2023-02-18-2023-02-18-gdelt-luxury-golden-age-makes,press,precursor,1,The accumulated savings of Chinese consumers during the Covid lockdowns is expected to drive demand for luxury goods.,OR.PA-press-87,outsider_only
6.027,8.587,9.707,OR.PA-press-2023-02-18-2023-02-18-gdelt-luxury-golden-age-makes,press,precursor,1,The resilience of luxury goods demand despite rising inflation is contributing to the strong performance of luxury stock,OR.PA-press-87,outsider_only
5.927,8.84,9.583,OR.PA-press-2023-02-18-2023-02-18-gdelt-luxury-golden-age-makes,press,precursor,1,The low valuations and rising interest rates in France's banking sector are making it increasingly attractive.,OR.PA-press-87,outsider_only
6.197,8.697,9.569,OR.PA-press-2023-02-18-2023-02-18-gdelt-luxury-golden-age-makes,press,precursor,1,The relatively low price-to-earnings ratio of the CAC 40 Index is encouraging fund managers that the gains for the broad,OR.PA-press-87,outsider_only
6.068,8.476,9.792,OR.PA-press-2023-02-18-2023-02-18-gdelt-luxury-golden-age-makes,press,precursor,1,The recovery of sales in China from the pandemic lockdowns is driving the strong performance of luxury stocks.,OR.PA-press-87,outsider_only
5.976,8.9,7.585,OR.PA-press-2023-04-04-2023-04-04-gdelt-loreal-buys-australian-,press,precursor,1,L'Oreal's acquisition of Aesop is expected to contribute significantly to the growth of the L'Oreal Luxe division in the,OR.PA-press-101,outsider_only
6.882,7.673,6.777,OR.PA-press-2023-04-04-2023-04-04-gdelt-loreal-buys-australian-,press,precursor,1,Natura & Co's divestment of Aesop allows it to focus on strategic priorities and improve financial structure.,OR.PA-press-101,outsider_only
6.866,7.776,6.759,OR.PA-press-2023-04-04-2023-04-04-gdelt-loreal-buys-australian-,press,consequence,1,Aesop's gross sales increased significantly under Natura & Co's ownership.,OR.PA-press-101,outsider_only
6.006,8.905,7.508,OR.PA-press-2023-04-04-2023-04-04-gdelt-loreal-to-buy-skin-care,press,precursor,1,"L'Oréal's acquisition of Aesop is expected to significantly accelerate Aesop's development in China and travel retail, t",OR.PA-press-101,outsider_only
6.037,8.925,7.46,OR.PA-press-2023-04-04-2023-04-04-gdelt-loreal-to-buy-skin-care,press,precursor,1,"The acquisition of Aesop by L'Oréal marks a shift in L'Oréal's M&A strategy, having typically targeted brands at an earl",OR.PA-press-101,outsider_only
6.882,7.716,6.813,OR.PA-press-2023-04-04-2023-04-04-gdelt-loreal-to-buy-skin-care,press,precursor,1,Natura's sale of Aesop will help cut debt and allow the company to focus on turning around other businesses.,OR.PA-press-101,outsider_only
6.884,7.721,6.781,OR.PA-press-2023-04-04-2023-04-04-gdelt-loreal-to-buy-skin-care,press,precursor,1,Proceeds from the sale of Aesop will improve Natura's capital structure and make its debt quite manageable.,OR.PA-press-101,outsider_only
6.897,7.586,6.745,OR.PA-press-2023-04-05-2023-04-05-gdelt-natura-co-stock-falls-o,press,consequence,-1,The sale of Aesop to L'Oreal for US$2.5 billion led to a decline in Natura & Co's stock price due to investor concerns o,OR.PA-press-44,outsider_only
6.917,7.555,6.761,OR.PA-press-2023-04-05-2023-04-05-gdelt-natura-co-stock-falls-o,press,precursor,-1,The sale of Aesop may lead to a decrease in Natura & Co's revenue and profit margins.,OR.PA-press-44,outsider_only
6.908,7.557,6.737,OR.PA-press-2023-04-05-2023-04-05-gdelt-natura-co-stock-falls-o,press,consequence,-1,"Concerns over Natura & Co's debt, which was taken on to acquire Aesop in 2013, may have contributed to the drop in the c",OR.PA-press-44,outsider_only
6.299,3.519,7.677,OR.PA-press-2023-04-20-2023-04-20-gdelt-loreal-sales-rise-despi,press,consequence,-1,The evolution of the health situation in China at the beginning of the year led to a drop in sales.,OR.PA-press-111,outsider_only
5.513,8.529,8.983,OR.PA-press-2023-04-20-2023-04-20-gdelt-loreal-sales-rise-despi,press,precursor,1,China's reopening is expected to benefit L'Oreal's sales.,OR.PA-press-111,outsider_only
7.436,5.363,8.901,OR.PA-press-2023-04-20-2023-04-20-gdelt-world-business-quick-ta,press,precursor,1,"The price of fuel eased and brought down import costs, leading to a narrower trade deficit.",OR.PA-press-91,outsider_only
7.233,5.155,8.772,OR.PA-press-2023-04-20-2023-04-20-gdelt-world-business-quick-ta,press,precursor,1,"A firmer yen and falling commodity prices, including oil, curbed import costs.",OR.PA-press-91,outsider_only
8.905,6.234,2.125,OR.PA-press-2023-04-20-2023-04-20-gdelt-world-business-quick-ta,press,consequence,-1,US authorities imposed a US$300 million penalty on Seagate Technology Holdings PLC for alleged contraventions of export ,OR.PA-press-91,outsider_only
7.217,3.64,7.145,OR.PA-press-2023-04-20-2023-04-20-gdelt-world-business-quick-ta,press,consequence,-1,"Economic headwinds affected spending by Nokia Oyj's customers, leading to a lower-than-expected rise in earnings.",OR.PA-press-91,outsider_only
5.858,4.375,6.785,OR.PA-press-2023-04-20-2023-04-20-gdelt-world-business-quick-ta,press,consequence,-1,A dip in China at the beginning of the year affected L’Oreal SA's sales growth.,OR.PA-press-91,outsider_only
7.414,8.042,9.778,OR.PA-press-2023-04-20-2023-04-20-gdelt-world-business-quick-ta,press,precursor,1,"IBM gave a forecast for annual revenue in line with analysts’ projections, signaling cautiously optimistic technology sp",OR.PA-press-91,outsider_only
6.579,9.628,9.043,OR.PA-press-2023-04-20-2023-04-20-gdelt-world-business-quick-ta,press,precursor,1,HSBC launched a newly upgraded HSBC Premier proposition to target affluent and high-net-worth customers in Taiwan.,OR.PA-press-91,outsider_only
7.364,8.773,8.514,OR.PA-press-2023-04-20-2023-04-20-gdelt-world-business-quick-ta,press,precursor,1,TSMC is discussing chipmaking price increases of up to 10 percent next year to cover rising manufacturing costs.,OR.PA-press-91,outsider_only
7.252,8.982,8.56,OR.PA-press-2023-04-20-2023-04-20-gdelt-world-business-quick-ta,press,precursor,1,TSMC is adding US$100 billion to its investments in Arizona to meet strong demand from US customers.,OR.PA-press-91,outsider_only
5.992,8.785,9.849,OR.PA-press-2023-04-23-2023-04-23-gdelt-lor-al-latest-acquisiti,press,precursor,1,"The rise of social media has been a big catalyst for luxury goods sales, contributing to a broader democratization of lu",OR.PA-press-101,outsider_only
5.99,8.898,7.581,OR.PA-press-2023-04-23-2023-04-23-gdelt-lor-al-latest-acquisiti,press,precursor,1,"L'Oreal's acquisition of Aēsop is expected to enhance its market presence and growth potential, particularly in China.",OR.PA-press-101,outsider_only
6.113,8.501,9.857,OR.PA-press-2023-04-23-2023-04-23-gdelt-lor-al-latest-acquisiti,press,precursor,1,"The luxury sector is expected to grow between 5 and 10 percent in 2023, driven by strong momentum in China and the Unite",OR.PA-press-101,outsider_only
6.867,4.014,7.748,OR.PA-press-2023-05-03-2023-05-03-gdelt-market-movers-stocks-se,press,precursor,1,AMD CEO Lisa Su stated that the first quarter was the bottom of the market for the company’s PC business and the industr,OR.PA-press-98,outsider_only
7.778,4.618,7.203,OR.PA-press-2023-05-03-2023-05-03-gdelt-market-movers-stocks-se,press,consequence,-1,Yum Brands' aggressive promotional offers and value meal deals have drawn in consumers but pinched the company’s profits,OR.PA-press-98,outsider_only
5.8,5.004,7.442,OR.PA-press-2023-05-03-2023-05-03-gdelt-market-movers-stocks-se,press,consequence,-1,Estee Lauder's profit remains pressured from a stronger dollar due to its sprawling global operations.,OR.PA-press-98,outsider_only
5.779,5.013,7.456,OR.PA-press-2023-05-03-2023-05-03-gdelt-market-movers-stocks-se,press,consequence,-1,"Estee Lauder expects full-year 2023 net sales to fall between 10 percent and 12 percent, compared to its prior forecast ",OR.PA-press-98,outsider_only
8.327,3.807,6.652,OR.PA-press-2023-05-03-2023-05-03-gdelt-market-movers-stocks-se,press,consequence,1,Higher gold prices and lower production impacted Barrick Gold Corp.'s first-quarter profit.,OR.PA-press-98,outsider_only
7.796,8.358,9.574,OR.PA-press-2023-05-03-2023-05-03-gdelt-market-movers-stocks-se,press,consequence,1,"Average prices of gold rose 7.8 per cent and peaked over the US$2,000-mark during the reported quarter.",OR.PA-press-98,outsider_only
8.143,3.668,6.575,OR.PA-press-2023-05-03-2023-05-03-gdelt-market-movers-stocks-se,press,consequence,-1,Harsh winter impacted Barrick Gold Corp.'s northern Nevada operations and annual maintenance weighed on output at its Go,OR.PA-press-98,outsider_only
7.857,3.933,6.926,OR.PA-press-2023-05-03-2023-05-03-gdelt-market-movers-stocks-se,press,consequence,-1,Lower lumber prices impacted Canfor Corp.'s first-quarter results.,OR.PA-press-98,outsider_only
8.166,7.872,8.532,OR.PA-press-2023-05-03-2023-05-03-gdelt-market-movers-stocks-se,press,consequence,1,Positive results from Eli Lilly and Co.'s experimental Alzheimer’s drug donanemab.,OR.PA-press-98,outsider_only
7.728,8.138,9.463,OR.PA-press-2023-05-03-2023-05-03-gdelt-market-movers-stocks-se,press,consequence,1,Kraft Heinz raised its full-year profit forecast due to price hikes and resilient demand.,OR.PA-press-98,outsider_only
5.633,8.201,9.281,OR.PA-press-2023-05-03-2023-05-03-gdelt-market-movers-stocks-se,press,consequence,1,"Loblaw Companies Ltd. reported first-quarter sales rose 6 per cent, helped by strong demand for essential goods.",OR.PA-press-98,outsider_only
7.757,4.841,8.128,OR.PA-press-2023-05-03-2023-05-03-gdelt-market-movers-stocks-se,press,precursor,-1,The cost of materials in Loblaw's food segment continued to increase faster than the price hikes taken by the retailer.,OR.PA-press-98,outsider_only
5.748,8.254,9.364,OR.PA-press-2023-05-03-2023-05-03-gdelt-market-movers-stocks-se,press,consequence,1,"High food inflation, shift to discount, market share gains, and strong Rx and front-store growth drove Loblaw's first-qu",OR.PA-press-98,outsider_only
7.249,8.22,9.818,OR.PA-press-2023-05-03-2023-05-03-gdelt-market-movers-stocks-se,press,precursor,1,"Continued strength in food and drug retail supported by high food inflation, shift to discount, market share gains, and ",OR.PA-press-98,outsider_only
7.154,4.072,7.852,OR.PA-press-2023-05-03-2023-05-03-gdelt-market-movers-stocks-se,press,precursor,-1,Aritzia's shift to a period of infrastructure investment is expected to weigh on F2024E EBITDA.,OR.PA-press-98,outsider_only
6.959,4.199,7.889,OR.PA-press-2023-05-03-2023-05-03-gdelt-market-movers-stocks-se,press,precursor,-1,Aritzia's moderating sales growth and an uncertain macro backdrop are expected to impact its performance.,OR.PA-press-98,outsider_only
6.949,9.428,9.953,OR.PA-press-2023-05-03-2023-05-03-gdelt-market-movers-stocks-se,press,consequence,1,Sharp recovery in business in China powered by consumer mobility and spending.,OR.PA-press-98,outsider_only
6.23,3.787,7.965,OR.PA-press-2023-05-03-2023-05-03-gdelt-market-movers-stocks-se,press,precursor,-1,Moderate growth in average weekly sales in China due to uncertainty about consumer behavior and international travel.,OR.PA-press-98,outsider_only
7.427,8.829,9.847,OR.PA-press-2023-05-03-2023-05-03-gdelt-market-movers-stocks-se,press,consequence,1,Strong demand for trucks and SUVs drove Ford's robust first-quarter revenue and profit.,OR.PA-press-98,outsider_only
7.069,3.977,7.778,OR.PA-press-2023-05-03-2023-05-03-gdelt-market-movers-stocks-se,press,precursor,-1,Continued losses in Ford's electric-vehicle unit are expected to impact full-year outlook.,OR.PA-press-98,outsider_only
8.32,5.056,8.225,OR.PA-press-2023-05-03-2023-05-03-gdelt-market-movers-stocks-se,press,precursor,-1,Higher industrywide customer incentives as vehicle supply-and-demand rebalances will be a headwind for profitability.,OR.PA-press-98,outsider_only
6.923,3.871,7.607,OR.PA-press-2023-05-03-2023-05-03-gdelt-market-movers-stocks-se,press,consequence,-1,Weak PC market impacted AMD's quarterly sales forecast.,OR.PA-press-98,outsider_only
7.011,8.45,9.958,OR.PA-press-2023-05-03-2023-05-03-gdelt-market-movers-stocks-se,press,precursor,1,AMD's optimism that the chip market would start to recover in the second half of 2023.,OR.PA-press-98,outsider_only
5.821,4.929,7.379,OR.PA-press-2023-05-04-2023-05-04-gdelt-estee-lauder-sinks-afte,press,precursor,-1,"Slow recovery at duty-free and travel destinations, especially in Asia, has led to weaker sales and profit forecasts for",OR.PA-press-99,outsider_only
5.815,4.957,7.399,OR.PA-press-2023-05-04-2023-05-04-gdelt-estee-lauder-sinks-afte,press,consequence,-1,Retailers destocking due to an increase in Covid-19 cases in January 2023 pressured Estee Lauder's sales.,OR.PA-press-99,outsider_only
5.81,4.962,7.39,OR.PA-press-2023-05-04-2023-05-04-gdelt-estee-lauder-sinks-afte,press,precursor,-1,A stronger dollar has hurt Estee Lauder's financial performance due to its sprawling global operations.,OR.PA-press-99,outsider_only
5.846,4.898,7.307,OR.PA-press-2023-05-04-2023-05-04-gdelt-estee-lauder-sinks-afte,press,precursor,-1,Growth of smaller competitors in the beauty space has taken share gains away from Estee Lauder.,OR.PA-press-99,outsider_only
4.933,9.07,10.442,OR.PA-press-2023-05-04-2023-05-04-gdelt-estee-lauder-sinks-afte,press,precursor,-1,"Estee Lauder's brands skew toward older customers, while millennials and Gen-Z increase their share of beauty spending.",OR.PA-press-99,outsider_only
6.388,8.761,9.887,OR.PA-press-2023-07-11-2023-07-11-gdelt-china-stimulus-lifts-st,press,precursor,1,China's additional economic stimulus measures are expected to revive its economy.,OR.PA-press-15,outsider_only
7.21,4.678,8.547,OR.PA-press-2023-07-11-2023-07-11-gdelt-china-stimulus-lifts-st,press,precursor,1,A slowdown in inflation is expected to influence the Federal Reserve's next steps.,OR.PA-press-15,outsider_only
7.233,4.657,8.53,OR.PA-press-2023-07-11-2023-07-11-gdelt-china-stimulus-lifts-st,press,precursor,-1,"The moderation of core inflation to 5% is expected, but may not prevent additional policy tightening.",OR.PA-press-15,outsider_only
8.186,7.337,9.435,OR.PA-press-2023-07-11-2023-07-11-gdelt-china-stimulus-lifts-st,press,consequence,1,"The Fed's monetary policy has caused a steady pullback in CPI, supporting the stock market's surge this year.",OR.PA-press-15,outsider_only
8.346,7.713,9.204,OR.PA-press-2023-07-11-2023-07-11-gdelt-china-stimulus-lifts-st,press,consequence,1,Inflation peaks have almost always been followed by double-digit equity gains.,OR.PA-press-15,outsider_only
8.094,7.585,9.527,OR.PA-press-2023-07-11-2023-07-11-gdelt-china-stimulus-lifts-st,press,consequence,1,"The S&P 500 has gained more than 20% since it bottomed out in October, placing it up about 15% since the peak CPI data w",OR.PA-press-15,outsider_only
7.201,4.639,8.535,OR.PA-press-2023-07-11-2023-07-11-gdelt-china-stimulus-lifts-st,press,precursor,1,"The second-quarter earnings season, along with policy cues, will influence whether the premiums for the S&P 500's larges",OR.PA-press-15,outsider_only
6.657,4.342,7.684,OR.PA-press-2023-07-11-2023-07-11-gdelt-china-stimulus-lifts-st,press,precursor,1,"A drop in Russian crude production is signaling the end of the market’s supply glut, causing oil prices to rise.",OR.PA-press-15,outsider_only
5.323,9.47,9.605,OR.PA-press-2023-07-13-2023-07-13-gdelt-loreal-dermatological-b,press,precursor,1,"The Dermatological Beauty Division of L'Oreal has seen a 31% growth in Q1 2023, driven by increased demand for specialis",OR.PA-press-92,outsider_only
6.109,9.743,10.809,OR.PA-press-2023-07-13-2023-07-13-gdelt-loreal-dermatological-b,press,consequence,1,The Dermatological Beauty Division contributed 13.4% to total 2022 sales and recorded the highest profit at 25.4% of div,OR.PA-press-92,outsider_only
5.174,9.271,9.235,OR.PA-press-2023-07-13-2023-07-13-gdelt-loreal-dermatological-b,press,precursor,1,"The president of L'Oreal's Dermatological Beauty Division is optimistic about the department's outlook, expecting contin",OR.PA-press-92,outsider_only
6.019,10.022,10.686,OR.PA-press-2023-07-13-2023-07-13-gdelt-loreal-dermatological-b,press,precursor,1,"The Dermatological Beauty Division has seen tremendous growth in the region, with a 40% increase last year and further a",OR.PA-press-92,outsider_only
7.027,9.521,10.036,OR.PA-press-2023-07-13-2023-07-13-gdelt-loreal-dermatological-b,press,consequence,1,"China performed exceptionally well in 2022, with six times the market growth.",OR.PA-press-92,outsider_only
6.297,3.725,7.941,OR.PA-press-2023-08-03-2023-08-03-gdelt-global-firms-warn-of-sl,press,precursor,-1,Slowing earnings in China due to the post-pandemic economic slowdown.,OR.PA-press-79,outsider_only
6.019,3.926,7.552,OR.PA-press-2023-08-03-2023-08-03-gdelt-global-firms-warn-of-sl,press,consequence,1,"Limited rebound in sectors such as travel, dining, and luxury goods.",OR.PA-press-79,outsider_only
6.161,3.685,7.915,OR.PA-press-2023-08-03-2023-08-03-gdelt-global-firms-warn-of-sl,press,precursor,-1,Cautious consumer behavior in China due to declining property market and reduced export demand.,OR.PA-press-79,outsider_only
6.181,3.606,7.916,OR.PA-press-2023-08-03-2023-08-03-gdelt-global-firms-warn-of-sl,press,precursor,-1,"High unemployment in China, particularly youth unemployment, affecting consumer confidence.",OR.PA-press-79,outsider_only
6.339,3.789,8.02,OR.PA-press-2023-08-03-2023-08-03-gdelt-global-firms-warn-of-sl,press,precursor,-1,Weak manufacturing data in July indicating the economy is far from turning a corner.,OR.PA-press-79,outsider_only
6.616,3.848,8.03,OR.PA-press-2023-08-03-2023-08-03-gdelt-global-firms-warn-of-sl,press,precursor,-1,Increased competition from Chinese rivals affecting global automakers' sales in China.,OR.PA-press-79,outsider_only
6.727,3.976,7.454,OR.PA-press-2023-08-03-2023-08-03-gdelt-global-firms-warn-of-sl,press,consequence,-1,DHL Group reports drops in air and ocean freight volumes due to weak global demand.,OR.PA-press-79,outsider_only
6.494,3.838,7.89,OR.PA-press-2023-08-03-2023-08-03-gdelt-global-firms-warn-of-sl,press,precursor,-1,Chipmakers extend production cuts due to lack of revival in the smartphone market.,OR.PA-press-79,outsider_only
6.507,3.841,8.029,OR.PA-press-2023-08-03-2023-08-03-gdelt-global-firms-warn-of-sl,press,precursor,-1,Prolonged property sector slump affecting top miners and heavy machinery makers.,OR.PA-press-79,outsider_only
6.248,8.232,9.493,OR.PA-press-2023-08-03-2023-08-03-gdelt-global-firms-warn-of-sl,press,consequence,1,Starbucks reports a 46% surge in comparable China sales last quarter.,OR.PA-press-79,outsider_only
6.812,8.239,9.468,OR.PA-press-2023-08-03-2023-08-03-gdelt-global-firms-warn-of-sl,press,consequence,1,Yum China reports a 25% rise in quarterly revenue but notes decreased spending per person.,OR.PA-press-79,outsider_only
5.741,8.415,9.502,OR.PA-press-2023-08-03-2023-08-03-gdelt-global-firms-warn-of-sl,press,consequence,1,Marriott reports a 125% rise in quarterly room revenue in China.,OR.PA-press-79,outsider_only
6.143,8.174,9.787,OR.PA-press-2023-08-03-2023-08-03-gdelt-global-firms-warn-of-sl,press,consequence,1,LVMH reports a 17% rise in global second-quarter sales due to rebound in China.,OR.PA-press-79,outsider_only
6.049,3.965,7.224,OR.PA-press-2023-08-10-2023-08-10-gdelt-china-uneven-recovery-m,press,precursor,-1,"The uneven recovery in China has led to a slower-than-expected rebound in demand for luxury goods, impacting sales for U",OR.PA-press-99,outsider_only
6.009,8.251,9.577,OR.PA-press-2023-08-10-2023-08-10-gdelt-china-uneven-recovery-m,press,precursor,-1,The frail recovery in China has been highlighted by companies ranging from Procter & Gamble to L’Oreal amid record high ,OR.PA-press-99,outsider_only
6.258,3.72,7.925,OR.PA-press-2023-08-10-2023-08-10-gdelt-china-uneven-recovery-m,press,precursor,-1,The world’s second-largest economy’s consumer sector fell into deflation in July for the first time since February 2021.,OR.PA-press-99,outsider_only
5.987,3.993,7.861,OR.PA-press-2023-08-10-2023-08-10-gdelt-china-uneven-recovery-m,press,precursor,-1,"Travel retail, or sales made at airports or travel destinations, is yet to recover fully from the pandemic slump.",OR.PA-press-99,outsider_only
6.063,3.73,7.859,OR.PA-press-2023-08-10-2023-08-10-gdelt-china-uneven-recovery-m,press,precursor,-1,Spending trends in Hainan – a top travel destination in China – appear softer than expected.,OR.PA-press-99,outsider_only
7.115,3.57,7.791,OR.PA-press-2023-08-10-2023-08-10-gdelt-china-uneven-recovery-m,press,precursor,-1,"Capri is expected to show an 11.7 per cent decline in first-quarter revenues, with net income falling more than 57 per c",OR.PA-press-99,outsider_only
5.798,4.999,7.431,OR.PA-press-2023-08-10-2023-08-10-gdelt-china-uneven-recovery-m,press,precursor,-1,Estee Lauder is likely to report a 2 per cent fall in revenue and a loss of 3 cents per share for its fourth fiscal quar,OR.PA-press-99,outsider_only
4.962,8.85,10.473,OR.PA-press-2023-08-10-2023-08-10-gdelt-china-uneven-recovery-m,press,precursor,1,"Revenue at Tapestry is expected to rise and that at Ralph Lauren to drop marginally, while profits at both companies are",OR.PA-press-99,outsider_only
6.033,3.913,7.882,OR.PA-press-2023-08-18-2023-08-18-gdelt-estee-lauder-forecasts-,press,precursor,-1,"Slower-than-expected recovery in travel retail business, mainly in Asia, and easing demand in the US.",OR.PA-press-79,outsider_only
6.273,3.707,8.011,OR.PA-press-2023-08-18-2023-08-18-gdelt-estee-lauder-forecasts-,press,precursor,-1,Rising youth unemployment rates and high cost of living in China.,OR.PA-press-79,outsider_only
6.112,3.837,7.838,OR.PA-press-2023-08-18-2023-08-18-gdelt-estee-lauder-forecasts-,press,precursor,-1,Drop in consumer demand in China and slow recovery in Asia travel retail.,OR.PA-press-79,outsider_only
6.209,4.029,8.17,OR.PA-press-2023-08-18-2023-08-18-gdelt-estee-lauder-forecasts-,press,precursor,-1,Softness in North America.,OR.PA-press-79,outsider_only
6.033,3.996,7.948,OR.PA-press-2023-08-18-2023-08-18-gdelt-estee-lauder-forecasts-,press,precursor,-1,De-stocking and inventory levels in Asian Travel Retail.,OR.PA-press-79,outsider_only
7.751,4.193,7.799,OR.PA-press-2023-08-22-2023-08-22-gdelt-coty-forecasts-downbeat,press,precursor,-1,Steeper input expenses in the first half of the year are expected to negatively impact Coty's annual profit.,OR.PA-press-70,outsider_only
7.676,4.679,7.945,OR.PA-press-2023-08-22-2023-08-22-gdelt-coty-forecasts-downbeat,press,precursor,-1,A tight labor market is exacerbating the drag of persistent inflation on production costs for major global companies.,OR.PA-press-70,outsider_only
8.008,4.639,8.055,OR.PA-press-2023-08-22-2023-08-22-gdelt-coty-forecasts-downbeat,press,consequence,-1,Coty's cost of sales grew due to higher costs.,OR.PA-press-70,outsider_only
7.715,4.133,7.757,OR.PA-press-2023-08-22-2023-08-22-gdelt-coty-forecasts-downbeat,press,consequence,-1,"Coty reported a quarterly adjusted profit of 1 cent per share, missing estimates of 2 cents.",OR.PA-press-70,outsider_only
6.426,8.212,10.422,OR.PA-press-2023-08-22-2023-08-22-gdelt-coty-forecasts-downbeat,press,precursor,-1,"Coty forecast 2024 adjusted profit between 44 cents and 47 cents per share, compared to estimates of 48 cents.",OR.PA-press-70,outsider_only
9.417,13.082,6.908,OR.PA-press-2023-08-30-2023-08-30-gdelt-e-l-f-beauty-price-targ,press,precursor,1,The acquisition of skincare brand Naturium by e.l.f. Beauty is expected to double its percentage in sales of skincare fr,OR.PA-press-74,outsider_only
9.468,13.153,7.0,OR.PA-press-2023-08-30-2023-08-30-gdelt-e-l-f-beauty-price-targ,press,precursor,1,The acquisition of skincare brand Naturium by e.l.f. Beauty is expected to expand Naturium’s distribution in brick-and-m,OR.PA-press-74,outsider_only
6.306,9.766,7.208,OR.PA-press-2023-09-01-2023-09-01-gdelt-loreal-korea-marking-30,press,precursor,1,L'Oreal Korea's increased collaboration with South Korean partners to leverage the K-beauty boom.,OR.PA-press-60,outsider_only
6.305,9.768,7.223,OR.PA-press-2023-09-01-2023-09-01-gdelt-loreal-korea-marking-30,press,precursor,1,L'Oreal Korea's partnership with GS Caltex to develop bio-based cosmetics ingredients.,OR.PA-press-60,outsider_only
6.309,9.739,7.169,OR.PA-press-2023-09-01-2023-09-01-gdelt-loreal-korea-marking-30,press,precursor,1,L'Oreal Korea's agreements with Kakao Healthcare and CutisBio to develop beauty solutions.,OR.PA-press-60,outsider_only
6.249,9.826,7.247,OR.PA-press-2023-09-01-2023-09-01-gdelt-loreal-korea-marking-30,press,precursor,1,L'Oreal Korea's strategy to develop K-beauty products appealing to global customers.,OR.PA-press-60,outsider_only
6.249,8.942,6.14,OR.PA-press-2023-09-01-2023-09-01-gdelt-loreal-korea-marking-30,press,consequence,1,L'Oreal's acquisition of 3CE Stylenanda in 2018.,OR.PA-press-60,outsider_only
6.607,8.833,7.271,OR.PA-press-2023-09-25-2023-09-25-gdelt-cosmetics-maker-coty-su,press,precursor,1,Coty's decision to explore a dual listing on the Paris Stock Exchange to tap into European investor interest.,OR.PA-press-68,outsider_only
6.89,7.957,7.148,OR.PA-press-2023-09-25-2023-09-25-gdelt-cosmetics-maker-coty-su,press,precursor,1,Coty's plan to use the proceeds from the global offering to lower debt.,OR.PA-press-68,outsider_only
6.378,8.327,10.428,OR.PA-press-2023-09-25-2023-09-25-gdelt-cosmetics-maker-coty-su,press,precursor,1,"Coty's increased annual core sales forecast due to higher prices and strong demand, particularly for high-end products.",OR.PA-press-68,outsider_only
6.149,8.724,10.463,OR.PA-press-2023-09-25-2023-09-25-gdelt-cosmetics-maker-coty-su,press,precursor,1,The post-pandemic boom for beauty products boosting Coty's sales.,OR.PA-press-68,outsider_only
5.551,8.484,9.003,OR.PA-press-2023-10-18-2023-10-18-gdelt-fears-that-china-boost-,press,precursor,1,The expected increase in purchases of L'Oreal's skincare and cosmetics labels in China is likely to give a solid lift to,OR.PA-press-90,outsider_only
5.971,4.378,6.847,OR.PA-press-2023-10-18-2023-10-18-gdelt-fears-that-china-boost-,press,precursor,-1,The slowing post-pandemic spending splurge in Europe and the United States is expected to impact L'Oreal's sales.,OR.PA-press-90,outsider_only
5.941,4.274,6.914,OR.PA-press-2023-10-18-2023-10-18-gdelt-fears-that-china-boost-,press,precursor,-1,The uneven recovery in China and increasing competition from local brands is expected to slow L'Oreal's growth.,OR.PA-press-90,outsider_only
5.489,8.454,9.04,OR.PA-press-2023-10-18-2023-10-18-gdelt-fears-that-china-boost-,press,precursor,-1,The recent growth of Chinese cosmetic brands adapting to local consumer preferences is expected to impact L'Oreal's mark,OR.PA-press-90,outsider_only
6.037,4.304,6.722,OR.PA-press-2023-10-20-2023-10-20-gdelt-loreal-shares-down-3-3-,press,consequence,-1,A larger-than-expected hit to L'Oreal's travel retail business in Asia and disappointing sales of its luxury division du,OR.PA-press-91,outsider_only
5.27,7.458,9.498,OR.PA-press-2023-10-25-2023-10-25-gdelt-loreal-india-spends-rs-,press,consequence,1,L'oreal India's increased advertising spend in FY23.,OR.PA-press-109,outsider_only
5.268,7.46,9.508,OR.PA-press-2023-10-25-2023-10-25-gdelt-loreal-india-spends-rs-,press,consequence,1,L'oreal India's total income growth in FY23.,OR.PA-press-109,outsider_only
5.286,7.471,9.49,OR.PA-press-2023-10-25-2023-10-25-gdelt-loreal-india-spends-rs-,press,consequence,1,L'oreal India's net profit increase in FY23.,OR.PA-press-109,outsider_only
5.284,7.472,9.49,OR.PA-press-2023-10-25-2023-10-25-gdelt-loreal-india-spends-rs-,press,consequence,1,L'oreal India's revenue from operations growth in FY23.,OR.PA-press-109,outsider_only
5.255,7.456,9.485,OR.PA-press-2023-10-25-2023-10-25-gdelt-loreal-india-spends-rs-,press,consequence,1,L'oreal India's other income increase in FY23.,OR.PA-press-109,outsider_only
7.3,4.727,8.612,OR.PA-press-2023-10-25-2023-10-25-gdelt-major-european-markets-,press,precursor,1,The major European stocks closed slightly higher on Wednesday with investors largely digesting quarterly earnings update,OR.PA-press-noise-271,outsider_only
9.515,13.176,6.986,OR.PA-press-2023-11-06-2023-11-06-gdelt-is-it-too-late-to-buy-e,press,precursor,1,e.l.f. Beauty's understanding of its customers and effective use of social media advertising has driven its robust growt,OR.PA-press-82,outsider_only
9.483,13.097,6.844,OR.PA-press-2023-11-06-2023-11-06-gdelt-is-it-too-late-to-buy-e,press,consequence,1,e.l.f. Beauty's net sales grew 76% year over year in the fiscal second quarter ending in September.,OR.PA-press-82,outsider_only
9.502,13.181,7.027,OR.PA-press-2023-11-06-2023-11-06-gdelt-is-it-too-late-to-buy-e,press,precursor,1,e.l.f. Beauty is gaining market share against established beauty brands like L'Oreal and Coty's Covergirl.,OR.PA-press-82,outsider_only
9.482,13.169,7.018,OR.PA-press-2023-11-06-2023-11-06-gdelt-is-it-too-late-to-buy-e,press,precursor,1,e.l.f. Beauty's acquisition of Naturium has doubled its retail presence in skin care.,OR.PA-press-82,outsider_only
9.448,13.187,6.951,OR.PA-press-2023-11-06-2023-11-06-gdelt-is-it-too-late-to-buy-e,press,precursor,1,e.l.f. Beauty's ability to earn high margins on revenue has contributed to its strong stock performance.,OR.PA-press-82,outsider_only
9.428,13.084,6.824,OR.PA-press-2023-11-06-2023-11-06-gdelt-is-it-too-late-to-buy-e,press,consequence,1,e.l.f. Beauty's earnings per share more than doubled year over year in the quarter.,OR.PA-press-82,outsider_only
9.441,13.078,6.731,OR.PA-press-2023-11-06-2023-11-06-gdelt-is-it-too-late-to-buy-e,press,precursor,1,"e.l.f. Beauty's management guidance calls for adjusted earnings to reach $2.47 to $2.50 in the current fiscal year, up f",OR.PA-press-82,outsider_only
9.369,13.169,6.849,OR.PA-press-2023-11-06-2023-11-06-gdelt-is-it-too-late-to-buy-e,press,consequence,1,e.l.f. Beauty's profit margin has improved from breakeven in 2019 to nearly 15% over the last year.,OR.PA-press-82,outsider_only
9.367,13.212,6.858,OR.PA-press-2023-11-06-2023-11-06-gdelt-is-it-too-late-to-buy-e,press,consequence,1,e.l.f. Beauty's gross profit margin improved by over 5 percentage points in the last quarter due to various factors.,OR.PA-press-82,outsider_only
9.521,13.083,6.838,OR.PA-press-2023-11-06-2023-11-06-gdelt-is-it-too-late-to-buy-e,press,precursor,1,"e.l.f. Beauty's international sales were up 157% in the last quarter, indicating potential for continued growth.",OR.PA-press-82,outsider_only
7.396,3.943,7.929,OR.PA-press-2023-11-11-2023-11-11-gdelt-weekly-market-wrap-euro,press,precursor,-1,More companies missing earnings estimates and warning about lower full-year profits.,OR.PA-press-31,outsider_only
7.167,4.411,8.627,OR.PA-press-2023-11-11-2023-11-11-gdelt-weekly-market-wrap-euro,press,precursor,-1,Hawkish comments from US Federal Reserve chair Jerome Powell indicating that rate cuts may not be on the agenda yet.,OR.PA-press-31,outsider_only
7.058,9.679,8.233,OR.PA-press-2023-11-11-2023-11-11-gdelt-weekly-market-wrap-euro,press,precursor,1,Schneider Electric's announcement of medium term targets and expansion of partnership with Compass Datacenters.,OR.PA-press-31,outsider_only
6.971,9.798,8.28,OR.PA-press-2023-11-11-2023-11-11-gdelt-weekly-market-wrap-euro,press,precursor,1,Increased confidence in Thales' naval technology and investment in Space Smart factory.,OR.PA-press-31,outsider_only
7.606,8.156,9.334,OR.PA-press-2023-11-11-2023-11-11-gdelt-weekly-market-wrap-euro,press,precursor,1,"Increase in Q3 2023 revenues for Safran, propped up by CFM spare part sales and launch of a joint venture with India’s H",OR.PA-press-31,outsider_only
5.835,8.655,9.089,OR.PA-press-2023-11-11-2023-11-11-gdelt-weekly-market-wrap-euro,press,precursor,1,L’Oreal’s investments in green sciences and increased confidence in Chinese consumer demand rebounding.,OR.PA-press-31,outsider_only
6.929,9.867,8.122,OR.PA-press-2023-11-11-2023-11-11-gdelt-weekly-market-wrap-euro,press,precursor,1,Sanofi’s venture into artificial-intelligence led drug discovery.,OR.PA-press-31,outsider_only
7.252,3.701,7.373,OR.PA-press-2023-11-11-2023-11-11-gdelt-weekly-market-wrap-euro,press,precursor,-1,Worldline’s outlook cut and drastic drop in consumer sentiment following a downbeat sales forecast.,OR.PA-press-31,outsider_only
6.699,4.016,8.014,OR.PA-press-2023-11-11-2023-11-11-gdelt-weekly-market-wrap-euro,press,precursor,-1,Mining accident in Kazakhstan and legal battle with Liberty Steel over unpaid debt.,OR.PA-press-31,outsider_only
7.245,4.548,8.203,OR.PA-press-2023-11-11-2023-11-11-gdelt-weekly-market-wrap-euro,press,precursor,-1,Increased warnings about cash flows and uncertainties regarding Alstom’s Derby train factory.,OR.PA-press-31,outsider_only
6.993,3.761,7.703,OR.PA-press-2023-11-11-2023-11-11-gdelt-weekly-market-wrap-euro,press,precursor,-1,Weaker-than-expected sales for Pernod Ricard’s FY2024 first quarter and exploration of divestment options for some of it,OR.PA-press-31,outsider_only
6.38,4.038,8.011,OR.PA-press-2023-11-11-2023-11-11-gdelt-weekly-market-wrap-euro,press,precursor,-1,North American strikes and flailing Chinese demand affecting Stellantis.,OR.PA-press-31,outsider_only
8.708,6.484,2.982,OR.PA-press-2023-11-16-2023-11-16-gdelt-two-dabur-india-subsidi,press,consequence,1,"Dabur's two foreign subsidiaries, Dabur International and Dermoviva Skin Essentials, have been removed as defendants in ",OR.PA-press-noise-286,outsider_only
8.779,6.519,3.048,OR.PA-press-2023-11-16-2023-11-16-gdelt-two-dabur-india-subsidi,press,precursor,-1,"Namaste Laboratories LLC will continue to face charges in 5,400 cases in the US federal and state courts.",OR.PA-press-noise-286,outsider_only
6.226,3.747,6.579,OR.PA-press-2023-12-08-2023-12-08-gdelt-in-china-slowing-beauty,press,precursor,-1,The slowing economy in China has led to reduced spending on cosmetics by consumers.,OR.PA-press-98,outsider_only
6.197,3.803,6.778,OR.PA-press-2023-12-08-2023-12-08-gdelt-in-china-slowing-beauty,press,precursor,-1,Multinational beauty brands are struggling due to their slowness to adjust to the shifting priorities of Chinese consume,OR.PA-press-98,outsider_only
5.475,8.485,9.323,OR.PA-press-2023-12-08-2023-12-08-gdelt-in-china-slowing-beauty,press,precursor,1,Local Chinese brands are benefiting from the shift in consumer preferences towards high-efficacy products.,OR.PA-press-98,outsider_only
6.26,3.875,6.596,OR.PA-press-2023-12-08-2023-12-08-gdelt-in-china-slowing-beauty,press,consequence,-1,LVMH's beauty division saw an 8% decline in first-half China sales in 2023.,OR.PA-press-98,outsider_only
5.814,4.949,7.384,OR.PA-press-2023-12-08-2023-12-08-gdelt-in-china-slowing-beauty,press,consequence,-1,Estee Lauder's sales in China fell 12% in the first half of 2023.,OR.PA-press-98,outsider_only
6.267,3.775,7.48,OR.PA-press-2023-12-08-2023-12-08-gdelt-in-china-slowing-beauty,press,precursor,-1,Shiseido reduced its full-year profit forecast in November due to slower China demand.,OR.PA-press-98,outsider_only
6.217,3.78,6.478,OR.PA-press-2023-12-08-2023-12-08-gdelt-in-china-slowing-beauty,press,consequence,-1,The combined colour cosmetics and skincare markets in China lost 9.5% of their value in 2022.,OR.PA-press-98,outsider_only
6.334,4.071,7.074,OR.PA-press-2023-12-08-2023-12-08-gdelt-in-china-slowing-beauty,press,precursor,-1,Multinationals offering deep discounts and gifts during peak shopping events are not effectively boosting sales.,OR.PA-press-98,outsider_only
5.834,8.095,9.173,OR.PA-press-2023-12-29-2023-12-29-gdelt-loreal-heiress-francois,press,consequence,1,The recent surge in L'Oreal's share price has increased Francoise Bettencourt Meyers' wealth.,OR.PA-press-105,outsider_only
5.905,8.019,9.131,OR.PA-press-2023-12-29-2023-12-29-gdelt-loreal-heiress-francois,press,consequence,1,The post-pandemic recovery in L'Oreal's sales has driven up the company's share price.,OR.PA-press-105,outsider_only
5.826,4.327,6.696,OR.PA-press-2024-02-08-2024-02-08-gdelt-loreal-sales-profit-mis,press,consequence,-1,Stagnating beauty market in China impacted L'Oreal's sales and profits in 2023.,OR.PA-press-91,outsider_only
5.458,9.076,8.847,OR.PA-press-2024-02-08-2024-02-08-gdelt-loreal-sales-profit-mis,press,precursor,1,L'Oreal expects to outperform the market in 2024.,OR.PA-press-91,outsider_only
6.046,9.351,10.453,OR.PA-press-2024-02-08-2024-02-08-gdelt-loreal-sales-profit-mis,press,consequence,1,Dynamic beauty market in Europe drove sales growth in 2023.,OR.PA-press-91,outsider_only
5.37,9.403,9.711,OR.PA-press-2024-02-08-2024-02-08-gdelt-loreal-sales-profit-mis,press,consequence,1,Revenue growth in North America was driven by dermatological beauty and L'Oreal Luxe in 2023.,OR.PA-press-91,outsider_only
7.251,9.248,10.242,OR.PA-press-2024-02-08-2024-02-08-gdelt-loreal-sales-profit-mis,press,consequence,1,Strong performance in Latin America contributed to sales growth in 2023.,OR.PA-press-91,outsider_only
6.257,3.66,7.652,OR.PA-press-2024-02-08-2024-02-08-gdelt-loreal-sales-profit-mis,press,consequence,-1,Market softness in mainland China led to a revenue decline in North Asia in 2023.,OR.PA-press-91,outsider_only
8.31,8.058,9.326,OR.PA-press-2024-02-08-2024-02-08-gdelt-news-highlights-top-com,press,consequence,1,"Price increases offset a decline in volume for Kellanova, leading to better-than-expected fourth-quarter profit.",OR.PA-press-47,outsider_only
6.351,3.679,7.465,OR.PA-press-2024-02-08-2024-02-08-gdelt-news-highlights-top-com,press,consequence,-1,Market softness in mainland China led to a 5.8% slump in North Asia revenue for the company.,OR.PA-press-47,outsider_only
7.343,3.255,7.233,OR.PA-press-2024-02-08-2024-02-08-gdelt-news-highlights-top-com,press,consequence,-1,Weaker-than-expected sales and guidance led to a 3.4% fall in Hershey Co. shares despite a fourth-quarter earnings beat.,OR.PA-press-47,outsider_only
7.315,4.046,7.653,OR.PA-press-2024-02-08-2024-02-08-gdelt-news-highlights-top-com,press,precursor,-1,Shipping overcapacity is expected to cause a steep drop in profit for the world's shipping bellwether.,OR.PA-press-47,outsider_only
7.228,8.241,9.821,OR.PA-press-2024-02-08-2024-02-08-gdelt-news-highlights-top-com,press,precursor,1,AstraZeneca expects double-digit percentage growth in 2024 despite fourth-quarter core earnings just short of consensus.,OR.PA-press-47,outsider_only
8.119,7.813,9.332,OR.PA-press-2024-02-08-2024-02-08-gdelt-news-highlights-top-com,press,consequence,1,"Higher revenue at Arm, a chip-design subsidiary, led to an 11% rise in the tech investor's shares.",OR.PA-press-47,outsider_only
7.012,7.986,10.321,OR.PA-press-2024-02-09-2024-02-09-gdelt-hermes-celebrates-recor,press,consequence,1,Strong growth in every region in 2023 led to record annual sales and net profit for Hermes.,OR.PA-press-54,outsider_only
7.033,7.965,10.306,OR.PA-press-2024-02-09-2024-02-09-gdelt-hermes-celebrates-recor,press,consequence,1,Hermes plans to reward all employees worldwide with a bonus following strong growth in 2023.,OR.PA-press-54,outsider_only
7.046,7.993,10.276,OR.PA-press-2024-02-09-2024-02-09-gdelt-hermes-celebrates-recor,press,precursor,1,Hermes's ambitious goal for revenue growth at constant exchange rates despite global uncertainties.,OR.PA-press-54,outsider_only
6.966,7.944,10.285,OR.PA-press-2024-02-09-2024-02-09-gdelt-news-highlights-top-com,press,consequence,1,Hermes reported a surge in fourth-quarter sales despite a slowdown in the overall luxury sector.,OR.PA-press-54,outsider_only
7.06,8.006,10.247,OR.PA-press-2024-02-09-2024-02-09-gdelt-news-highlights-top-com,press,precursor,1,Hermes is confident it would outperform the market this year.,OR.PA-press-54,outsider_only
7.38,8.127,9.707,OR.PA-press-2024-02-09-2024-02-09-gdelt-news-highlights-top-com,press,precursor,1,"Ubisoft said net bookings for the current quarter should be up sharply, leading to record sales for the fiscal year.",OR.PA-press-54,outsider_only
7.667,3.364,7.087,OR.PA-press-2024-02-09-2024-02-09-gdelt-news-highlights-top-com,press,consequence,-1,"Expedia Group Inc. shares fell 13% in the extended session Thursday, as investors appeared nervous about a CEO change an",OR.PA-press-54,outsider_only
6.504,4.386,7.002,OR.PA-press-2024-02-09-2024-02-09-gdelt-news-highlights-top-com,press,precursor,1,Chains like Walgreens and CVS have pivoted from endless expansion to closing stores to boost profits.,OR.PA-press-54,outsider_only
6.525,10.142,9.378,OR.PA-press-2024-02-09-2024-02-09-gdelt-news-highlights-top-com,press,precursor,1,The addition of Masonite's doors business creates a new growth platform for Owens Corning.,OR.PA-press-54,outsider_only
7.383,4.857,8.214,OR.PA-press-2024-02-09-2024-02-09-gdelt-news-highlights-top-com,press,precursor,-1,The strengthening of David Solomon's grip may cloud John Waldron's path to the top job.,OR.PA-press-54,outsider_only
6.594,8.963,9.605,OR.PA-press-2024-02-09-2024-02-09-gdelt-news-highlights-top-com,press,precursor,1,The former president's defense of the brewer comes as it tries to move beyond a boycott.,OR.PA-press-54,outsider_only
7.504,8.042,9.648,OR.PA-press-2024-02-09-2024-02-09-gdelt-news-highlights-top-com,press,precursor,1,"Ubisoft shares jumped after the French videogame maker said net bookings for the current quarter should be up sharply, l",OR.PA-press-54,outsider_only
6.98,7.927,10.337,OR.PA-press-2024-02-09-2024-02-09-gdelt-news-highlights-top-com,press,consequence,1,Hermes reported a surge in fourth-quarter sales despite a slowdown in the overall luxury sector.,OR.PA-press-54,outsider_only
7.066,7.978,10.254,OR.PA-press-2024-02-09-2024-02-09-gdelt-news-highlights-top-com,press,precursor,1,Hermes is confident it would outperform the market this year despite a 5.8% slump in North Asia revenue.,OR.PA-press-54,outsider_only
6.756,8.177,9.285,OR.PA-press-2024-02-09-2024-02-09-gdelt-news-highlights-top-com,press,precursor,1,"Big Tech stocks like Apple and Meta Platforms have introduced payouts, which are growing and offer a sector that income ",OR.PA-press-54,outsider_only
6.177,3.579,7.832,OR.PA-press-2024-02-28-2024-02-28-gdelt-china-thrifty-shoppers-,press,precursor,1,"China’s price-conscious shoppers are trading down amid a fragile economic recovery, delivering a boon to firms that cate",OR.PA-press-90,outsider_only
6.633,8.195,9.457,OR.PA-press-2024-02-28-2024-02-28-gdelt-china-thrifty-shoppers-,press,precursor,1,The frugality has brought a bump in earnings and share prices for the likes of fast food chain Yum China Holdings and Un,OR.PA-press-90,outsider_only
6.288,4.167,6.994,OR.PA-press-2024-02-28-2024-02-28-gdelt-china-thrifty-shoppers-,press,precursor,-1,Lacklustre showings by the more pricier brands including Starbucks and L’Oreal in the giant consumer market have weighed,OR.PA-press-90,outsider_only
6.188,3.578,7.862,OR.PA-press-2024-02-28-2024-02-28-gdelt-china-thrifty-shoppers-,press,precursor,-1,Chinese consumers are tightening their purse strings as a real estate crisis and job insecurity hurt confidence.,OR.PA-press-90,outsider_only
6.493,3.778,7.696,OR.PA-press-2024-02-28-2024-02-28-gdelt-china-thrifty-shoppers-,press,precursor,-1,"Consumer prices have fallen for four straight months, intensifying a price war among retailers.",OR.PA-press-90,outsider_only
6.336,4.096,7.103,OR.PA-press-2024-02-28-2024-02-28-gdelt-china-thrifty-shoppers-,press,precursor,-1,"Shoppers are demanding more bang for the buck, putting middling brands in a difficult position and making luxury items h",OR.PA-press-90,outsider_only
6.633,4.067,7.667,OR.PA-press-2024-02-28-2024-02-28-gdelt-china-thrifty-shoppers-,press,precursor,-1,"Terrence Kan, client portfolio strategist at Fidelity Investment Management, said this trend of reduced confidence and s",OR.PA-press-90,outsider_only
6.183,3.73,7.964,OR.PA-press-2024-02-28-2024-02-28-gdelt-china-thrifty-shoppers-,press,precursor,-1,"With China’s economy expected to remain lukewarm for now, global businesses will have to adjust their positioning to gra",OR.PA-press-90,outsider_only
6.748,8.182,9.528,OR.PA-press-2024-02-28-2024-02-28-gdelt-china-thrifty-shoppers-,press,precursor,1,"Shares of Yum China soared most since 2022 earlier this month after fourth-quarter sales beat estimates, reflecting the ",OR.PA-press-90,outsider_only
6.754,8.177,9.538,OR.PA-press-2024-02-28-2024-02-28-gdelt-china-thrifty-shoppers-,press,precursor,1,McDonald’s posted the biggest monthly stock gain in a year in November as it announced a plan to buy Carlyle Group’s min,OR.PA-press-90,outsider_only
6.027,3.687,7.813,OR.PA-press-2024-02-28-2024-02-28-gdelt-china-thrifty-shoppers-,press,precursor,-1,"The thriftiness of Chinese spenders was on full display during the Chinese New Year holiday, when per-capita tourism rev",OR.PA-press-90,outsider_only
6.51,3.75,7.664,OR.PA-press-2024-02-28-2024-02-28-gdelt-china-thrifty-shoppers-,press,precursor,-1,Falling consumer prices show deflationary pressure is taking hold and undermining companies’ pricing power.,OR.PA-press-90,outsider_only
5.845,4.391,6.669,OR.PA-press-2024-02-28-2024-02-28-gdelt-china-thrifty-shoppers-,press,precursor,-1,L’Oreal’s shares are yet to recover after disappointing sales due to a decline in shopping by Chinese travellers trigger,OR.PA-press-90,outsider_only
6.463,3.927,7.308,OR.PA-press-2024-02-28-2024-02-28-gdelt-china-thrifty-shoppers-,press,precursor,-1,"Nike, which gets about 14 per cent of its revenue from Greater China, remains down more than 13 per cent since the sport",OR.PA-press-90,outsider_only
6.02,3.995,7.151,OR.PA-press-2024-02-28-2024-02-28-gdelt-china-thrifty-shoppers-,press,precursor,-1,"Japanese cosmetics maker Shiseido is sitting out the country’s historic rally as it struggles with sales in China, which",OR.PA-press-90,outsider_only
5.743,8.362,9.446,OR.PA-press-2024-02-28-2024-02-28-gdelt-china-thrifty-shoppers-,press,precursor,1,"Luckin Coffee became the mainland’s dominant coffee chain last year, outpacing Starbucks in annual sales for the first t",OR.PA-press-90,outsider_only
6.765,8.151,9.576,OR.PA-press-2024-02-28-2024-02-28-gdelt-china-thrifty-shoppers-,press,precursor,1,"McDonald’s, Yum China and Fast Retailing have all seen their 12-month forward earnings estimates raised this year wherea",OR.PA-press-90,outsider_only
6.096,4.462,6.726,OR.PA-press-2024-02-28-2024-02-28-gdelt-china-thrifty-shoppers-,press,precursor,-1,L’Oreal and Shiseido have received downgrades while Starbucks and Nike have seen increases.,OR.PA-press-90,outsider_only
6.084,8.353,9.775,OR.PA-press-2024-02-28-2024-02-28-gdelt-china-thrifty-shoppers-,press,precursor,-1,Citigroup estimates that about 10 per cent of European luxury stocks’ sales come from China.,OR.PA-press-90,outsider_only
7.508,3.674,7.613,OR.PA-press-2024-10-22-2024-10-22-gdelt-stocks-struggle-in-late,press,precursor,-1,Texas Instruments Inc. gave a weak outlook even after topping estimates.,OR.PA-press-noise-328,outsider_only
6.836,3.736,7.697,OR.PA-press-2024-10-22-2024-10-22-gdelt-stocks-struggle-in-late,press,precursor,-1,Starbucks Corp. pulled guidance for 2025 after sales plunged for a third consecutive quarter.,OR.PA-press-noise-328,outsider_only
7.796,3.109,7.069,OR.PA-press-2024-10-22-2024-10-22-gdelt-stocks-struggle-in-late,press,precursor,-1,McDonald’s Corp. plunged as its Quarter Pounders were linked to an E. coli outbreak in the US.,OR.PA-press-noise-328,outsider_only
8.08,7.868,9.415,OR.PA-press-2024-10-22-2024-10-22-gdelt-stocks-struggle-in-late,press,consequence,1,S&P 500 firms that posted better-than-estimated third-quarter earnings have outperformed the benchmark by a median of 1.,OR.PA-press-noise-328,outsider_only
7.58,3.76,7.632,OR.PA-press-2024-10-22-2024-10-22-gdelt-stocks-struggle-in-late,press,consequence,-1,Companies missing estimates trailed the S&P 500 by a median of 1.5%.,OR.PA-press-noise-328,outsider_only
5.827,4.277,6.771,OR.PA-press-2024-10-23-2024-10-23-gdelt-loreal-results-show-chi,press,precursor,-1,The continued slump in the Chinese luxury market has negatively impacted L'Oreal's sales and stock performance.,OR.PA-press-91,outsider_only
5.84,4.341,6.753,OR.PA-press-2024-10-23-2024-10-23-gdelt-loreal-results-show-chi,press,consequence,-1,The Chinese luxury market slump has negatively impacted L'Oreal's sales and stock performance.,OR.PA-press-91,outsider_only
5.784,4.283,6.748,OR.PA-press-2024-10-23-2024-10-23-gdelt-loreal-shares-fall-afte,press,consequence,-1,"Low consumer confidence in China reduced demand for L'Oreal's beauty products, leading to lower-than-expected Q3 sales.",OR.PA-press-91,outsider_only
5.835,4.209,6.921,OR.PA-press-2024-10-23-2024-10-23-gdelt-loreal-shares-fall-afte,press,precursor,-1,Continued low consumer confidence in China is expected to negatively impact L'Oreal's sales in Q4 2024 and Q1 2025.,OR.PA-press-91,outsider_only
5.823,4.944,7.373,OR.PA-press-2024-10-31-2024-10-31-gdelt-est-e-lauder-withdraws-,press,precursor,-1,Estée Lauder withdrew its guidance and cut dividends due to uncertainties over a new CEO and weak demand in China.,OR.PA-press-99,outsider_only
5.791,4.962,7.382,OR.PA-press-2024-10-31-2024-10-31-gdelt-est-e-lauder-withdraws-,press,consequence,-1,Estée Lauder swung to a loss due to sales slowing after the US removed the de minimis exemption on small packages and in,OR.PA-press-99,outsider_only
9.491,13.064,6.793,OR.PA-press-2024-11-04-2024-11-04-gdelt-where-will-e-l-f-beauty,press,consequence,1,e.l.f. Beauty's revenue grew at a compound annual growth rate (CAGR) of 48% from fiscal 2021 to fiscal 2024.,OR.PA-press-81,outsider_only
9.379,13.193,6.825,OR.PA-press-2024-11-04-2024-11-04-gdelt-where-will-e-l-f-beauty,press,consequence,1,e.l.f. Beauty's gross margin expanded from 65% to 71% from fiscal 2021 to fiscal 2024.,OR.PA-press-81,outsider_only
9.46,13.103,6.815,OR.PA-press-2024-11-04-2024-11-04-gdelt-where-will-e-l-f-beauty,press,consequence,1,e.l.f. Beauty's adjusted EBITDA rose at a CAGR of 57% from fiscal 2021 to fiscal 2024.,OR.PA-press-81,outsider_only
9.471,13.155,6.852,OR.PA-press-2024-11-04-2024-11-04-gdelt-where-will-e-l-f-beauty,press,consequence,1,e.l.f. Beauty's net profit grew at a CAGR of 174% from fiscal 2021 to fiscal 2024.,OR.PA-press-81,outsider_only
9.498,13.136,6.852,OR.PA-press-2024-11-04-2024-11-04-gdelt-where-will-e-l-f-beauty,press,consequence,1,e.l.f. Beauty's international revenue rose at a CAGR of 66% from fiscal 2021 to fiscal 2024.,OR.PA-press-81,outsider_only
9.459,13.115,6.847,OR.PA-press-2024-11-04-2024-11-04-gdelt-where-will-e-l-f-beauty,press,consequence,1,e.l.f. Beauty's domestic revenue increased at a CAGR of 45% from fiscal 2021 to fiscal 2024.,OR.PA-press-81,outsider_only
9.416,13.047,6.756,OR.PA-press-2024-11-04-2024-11-04-gdelt-where-will-e-l-f-beauty,press,precursor,1,e.l.f. Beauty's revenue is expected to rise 25% to 27% for fiscal 2025.,OR.PA-press-81,outsider_only
9.416,13.051,6.752,OR.PA-press-2024-11-04-2024-11-04-gdelt-where-will-e-l-f-beauty,press,precursor,1,e.l.f. Beauty's adjusted EBITDA is expected to grow 27% to 28% for fiscal 2025.,OR.PA-press-81,outsider_only
9.455,13.043,6.717,OR.PA-press-2024-11-04-2024-11-04-gdelt-where-will-e-l-f-beauty,press,precursor,1,Analysts expect e.l.f. Beauty's revenue to grow at a CAGR of 21% from fiscal 2024 to fiscal 2027.,OR.PA-press-81,outsider_only
9.424,13.035,6.682,OR.PA-press-2024-11-04-2024-11-04-gdelt-where-will-e-l-f-beauty,press,precursor,1,Analysts expect e.l.f. Beauty's adjusted EBITDA to increase at a CAGR of 23% from fiscal 2024 to fiscal 2027.,OR.PA-press-81,outsider_only
9.418,13.033,6.686,OR.PA-press-2024-11-04-2024-11-04-gdelt-where-will-e-l-f-beauty,press,precursor,1,Analysts expect e.l.f. Beauty's GAAP earnings per share (EPS) to rise at a CAGR of 40% from fiscal 2024 to fiscal 2027.,OR.PA-press-81,outsider_only
9.418,13.054,6.768,OR.PA-press-2024-11-04-2024-11-04-gdelt-where-will-e-l-f-beauty,press,precursor,1,e.l.f. Beauty's stock could rally more than 40% and boost its enterprise value to $8.8 billion by calendar 2027 if it ma,OR.PA-press-81,outsider_only
9.541,13.259,7.111,OR.PA-press-2024-11-06-2024-11-06-gdelt-elf-beauty-lifts-annual,press,precursor,1,Elf Beauty's strategy of selling affordable cosmetics has driven resilient demand and increased sales.,OR.PA-press-75,outsider_only
9.537,13.241,7.077,OR.PA-press-2024-11-06-2024-11-06-gdelt-elf-beauty-lifts-annual,press,precursor,1,Customers seeking lower-priced makeup and skincare products have boosted Elf's sales.,OR.PA-press-75,outsider_only
9.529,13.221,7.072,OR.PA-press-2024-11-06-2024-11-06-gdelt-elf-beauty-lifts-annual,press,precursor,1,Elf Beauty's introduction of 'dupes' of luxury cosmetics and affordable pricing has increased demand.,OR.PA-press-75,outsider_only
9.522,13.238,7.092,OR.PA-press-2024-11-06-2024-11-06-gdelt-elf-beauty-lifts-annual,press,precursor,1,Expansion of product offerings to mass retailers has helped Elf Beauty reach a wider customer base.,OR.PA-press-75,outsider_only
9.503,13.243,7.09,OR.PA-press-2024-11-06-2024-11-06-gdelt-elf-beauty-lifts-annual,press,precursor,1,Elf Beauty's expansion into Dollar General stores in November will tap into a new consumer base.,OR.PA-press-75,outsider_only
7.647,8.487,9.194,OR.PA-press-2024-11-06-2024-11-06-gdelt-elf-beauty-lifts-annual,press,precursor,1,Price increases in international markets and cost-saving measures have improved gross margin.,OR.PA-press-75,outsider_only
6.325,8.391,10.475,OR.PA-press-2024-11-08-2024-11-08-gdelt-stepped-up-innovation-a,press,precursor,1,CEO Sue Nabi's focus on innovation and brand marketing since taking office in 2020 has improved Coty's sales growth and ,OR.PA-press-68,outsider_only
7.257,4.808,8.92,OR.PA-press-2024-11-21-2024-11-21-gdelt-european-markets-close-,press,precursor,1,The likely impact of Donald Trump's second term as U.S. President on global economic growth.,OR.PA-press-noise-336,outsider_only
6.855,3.779,7.634,OR.PA-press-2024-11-21-2024-11-21-gdelt-european-markets-close-,press,precursor,-1,Nvidia's sales forecast for the current period being somewhat disappointing.,OR.PA-press-noise-336,outsider_only
6.037,9.01,10.407,OR.PA-press-2024-11-25-2024-11-25-gdelt-bath-body-works-forecas,press,precursor,1,Strong holiday demand for personal care products and new offerings in stores.,OR.PA-press-76,outsider_only
6.024,9.841,9.436,OR.PA-press-2024-11-25-2024-11-25-gdelt-bath-body-works-forecas,press,precursor,1,Introduction of new winter range of fragrances to keep up with competition and tackle softer demand.,OR.PA-press-76,outsider_only
6.302,9.635,9.109,OR.PA-press-2024-11-25-2024-11-25-gdelt-bath-body-works-forecas,press,precursor,1,"Efforts to push the brand as affordable luxury, particularly among younger customers.",OR.PA-press-76,outsider_only
6.351,3.82,6.565,OR.PA-press-2024-11-25-2024-11-25-gdelt-bath-body-works-forecas,press,consequence,-1,Waning demand for premium beauty products among bigger rivals.,OR.PA-press-76,outsider_only
5.27,7.457,9.491,OR.PA-press-2024-11-27-2024-11-27-gdelt-loreal-india-advertisin,press,consequence,-1,"L'oreal India's advertising promotional expenses increased by 23.7% to Rs 1,714.54 crore in FY2024.",OR.PA-press-108,outsider_only
5.796,4.448,6.625,OR.PA-press-2024-11-27-2024-11-27-gdelt-loreal-india-advertisin,press,consequence,-1,L'Oreal India reported a marginal decline in profit to Rs 487.46 crore in FY24.,OR.PA-press-108,outsider_only
5.323,7.529,9.443,OR.PA-press-2024-11-27-2024-11-27-gdelt-loreal-india-advertisin,press,consequence,1,"L'Oreal India's revenue from operations increased by 12.6% to Rs 5,576.47 crore in FY24.",OR.PA-press-108,outsider_only
5.316,7.514,9.455,OR.PA-press-2024-11-27-2024-11-27-gdelt-loreal-india-advertisin,press,consequence,1,"L'Oreal India's total income increased by 13.83% to Rs 5,684.60 crore in FY24.",OR.PA-press-108,outsider_only
5.335,7.515,9.44,OR.PA-press-2024-11-27-2024-11-27-gdelt-loreal-india-advertisin,press,consequence,-1,The royalty paid to its French parent firm increased by 16.3% to Rs 265.16 crore in FY24.,OR.PA-press-108,outsider_only
5.321,7.537,9.436,OR.PA-press-2024-11-27-2024-11-27-gdelt-loreal-india-advertisin,press,consequence,1,"L'Oréal India's revenue from the sale of products increased by 14% to Rs 5,368.52 crore in FY24.",OR.PA-press-108,outsider_only
7.679,7.941,8.14,OR.PA-press-2024-12-09-2024-12-09-gdelt-omnicom-to-buy-interpub,press,precursor,1,The acquisition of Interpublic by Omnicom is expected to create cost savings of $750 million annually.,OR.PA-press-11,outsider_only
7.71,7.89,8.148,OR.PA-press-2024-12-09-2024-12-09-gdelt-omnicom-to-buy-interpub,press,precursor,1,Shareholders of The Interpublic Group of Companies Inc. will receive 0.344 Omnicom shares for each share of Interpublic ,OR.PA-press-11,outsider_only
7.709,7.926,8.295,OR.PA-press-2024-12-09-2024-12-09-gdelt-omnicom-to-buy-interpub,press,consequence,1,Shares of Interpublic jumped 10% following the announcement of the acquisition.,OR.PA-press-11,outsider_only
7.708,3.32,7.126,OR.PA-press-2024-12-09-2024-12-09-gdelt-omnicom-to-buy-interpub,press,consequence,-1,Omnicom’s stock fell more than 6% following the announcement of the acquisition.,OR.PA-press-11,outsider_only
6.097,3.975,6.855,OR.PA-press-2024-12-28-2024-12-28-gdelt-french-tycoons-lose-55b,press,consequence,-1,Subdued global demand for luxury goods has led to a decrease in the wealth of French tycoons.,OR.PA-press-91,outsider_only
7.761,3.456,6.083,OR.PA-press-2024-12-28-2024-12-28-gdelt-french-tycoons-lose-55b,press,consequence,-1,Political turmoil in France has negatively impacted the wealth of French tycoons.,OR.PA-press-91,outsider_only
5.986,3.982,7.111,OR.PA-press-2024-12-28-2024-12-28-gdelt-french-tycoons-lose-55b,press,consequence,-1,"A slowdown in demand, particularly in China, has caused shares in luxury goods companies to tumble.",OR.PA-press-91,outsider_only
7.807,3.437,6.068,OR.PA-press-2024-12-28-2024-12-28-gdelt-french-tycoons-lose-55b,press,consequence,-1,The collapse of the French government has negatively impacted investment in the country.,OR.PA-press-91,outsider_only
5.922,4.052,7.079,OR.PA-press-2025-01-15-2025-01-15-gdelt-fund-manager-reveals-wh,press,precursor,-1,A slump in Chinese consumer confidence is holding Sanlam investments' Hannah Gooch-Peters back from buying luxury stocks,OR.PA-press-noise-347,outsider_only
5.969,4.087,7.049,OR.PA-press-2025-01-15-2025-01-15-gdelt-fund-manager-reveals-wh,press,consequence,-1,Fears over the strength of the Chinese consumer have weighed on luxury stocks like LVMH and L'Oreal.,OR.PA-press-noise-347,outsider_only
6.599,3.886,6.867,OR.PA-press-2025-01-15-2025-01-15-gdelt-fund-manager-reveals-wh,press,consequence,-1,"Fourth-quarter sales at LVMH fell 3% versus the same period a year before, as revenue in Asia, excluding Japan, slid 16%",OR.PA-press-noise-347,outsider_only
7.337,8.84,8.954,OR.PA-press-2025-01-15-2025-01-15-gdelt-fund-manager-reveals-wh,press,precursor,1,"Sanlam Investments bought shares in CME Group in June last year, given its 'very, very good operating margins' and 'fant",OR.PA-press-noise-347,outsider_only
7.448,8.859,9.274,OR.PA-press-2025-01-15-2025-01-15-gdelt-fund-manager-reveals-wh,press,consequence,1,CME Group posted record revenues in October.,OR.PA-press-noise-347,outsider_only
7.41,5.214,9.02,OR.PA-press-2025-02-04-2025-02-04-gdelt-european-stocks-close-h,press,precursor,1,"Trump's decision to delay tariffs on Canada and Mexico eased worries about U.S. tariffs, leading investors to focus on q",OR.PA-press-noise-352,outsider_only
7.353,5.211,9.005,OR.PA-press-2025-02-04-2025-02-04-gdelt-european-stocks-close-h,press,precursor,1,Trump's decision to delay tariffs on Canada and Mexico raised hopes that the U.K. and the EU will likely avoid duties.,OR.PA-press-noise-352,outsider_only
7.754,4.004,9.037,OR.PA-press-2025-02-06-2025-02-06-gdelt-european-markets-edge-t,press,precursor,1,"The Bank of England cut interest rates by 0.25 percentage points, signaling a dovish stance and expectations of further ",OR.PA-press-55,outsider_only
6.945,4.016,7.967,OR.PA-press-2025-02-06-2025-02-06-gdelt-european-markets-edge-t,press,precursor,-1,Volvo Cars warned of severe market challenges ahead from intensifying electric vehicle competition and global tariffs.,OR.PA-press-55,outsider_only
7.773,3.781,6.951,OR.PA-press-2025-02-06-2025-02-06-gdelt-european-markets-edge-t,press,consequence,-1,"Volvo Cars reported a 28% profit slide in the final three months of the year, affected by a one-off impairment.",OR.PA-press-55,outsider_only
6.872,3.73,7.721,OR.PA-press-2025-02-06-2025-02-06-gdelt-european-markets-edge-t,press,precursor,-1,Carlsberg reported a slight miss in fourth-quarter sales and pointed to lower growth in 2025.,OR.PA-press-55,outsider_only
8.017,8.316,9.451,OR.PA-press-2025-02-06-2025-02-06-gdelt-european-markets-edge-t,press,consequence,1,Societe Generale reported sharp year-on-year hikes in fourth-quarter and full-year profit.,OR.PA-press-55,outsider_only
6.272,3.623,8.043,OR.PA-press-2025-02-06-2025-02-06-gdelt-european-markets-edge-t,press,precursor,-1,China's tepid economy is expected to keep down bond yields.,OR.PA-press-55,outsider_only
6.275,3.711,8.069,OR.PA-press-2025-02-06-2025-02-06-gdelt-european-markets-edge-t,press,precursor,-1,The central bank is more likely to let the currency weaken due to China's economy.,OR.PA-press-55,outsider_only
7.512,4.72,8.626,OR.PA-press-2025-02-06-2025-02-06-gdelt-european-markets-edge-t,press,precursor,-1,Stock market investors may be too optimistic about the effect of government measures to boost the economy.,OR.PA-press-55,outsider_only
6.362,3.875,7.806,OR.PA-press-2025-02-06-2025-02-06-gdelt-european-markets-edge-t,press,precursor,-1,Companies in China may not generate sustained growth in earnings per share.,OR.PA-press-55,outsider_only
-2.054,5.215,6.97,OR.PA-press-2025-02-06-2025-02-06-gdelt-european-markets-edge-t,press,precursor,1,The U.K.'s FTSE 100 index is expected to open 53 points higher.,OR.PA-press-55,outsider_only
-2.185,5.086,7.099,OR.PA-press-2025-02-06-2025-02-06-gdelt-european-markets-edge-t,press,precursor,1,Germany's DAX is expected to open 92 points higher.,OR.PA-press-55,outsider_only
-2.166,5.103,7.085,OR.PA-press-2025-02-06-2025-02-06-gdelt-european-markets-edge-t,press,precursor,1,France's CAC is expected to open 26 points higher.,OR.PA-press-55,outsider_only
-2.093,5.177,7.008,OR.PA-press-2025-02-06-2025-02-06-gdelt-european-markets-edge-t,press,precursor,1,Italy's FTSE MIB is expected to open 70 points higher.,OR.PA-press-55,outsider_only
7.45,8.876,9.226,OR.PA-press-2025-02-06-2025-02-06-gdelt-lor-al-2024-annual-resu,press,consequence,1,The Group achieved record gross and operating margins due to quality P&L management.,OR.PA-press-102,outsider_only
7.812,8.64,9.31,OR.PA-press-2025-02-06-2025-02-06-gdelt-lor-al-2024-annual-resu,press,consequence,1,"The Group's operating margin grew 40 basis points on a comparable basis, excluding Aesop.",OR.PA-press-102,outsider_only
7.807,8.615,9.27,OR.PA-press-2025-02-06-2025-02-06-gdelt-lor-al-2024-annual-resu,press,consequence,1,The Group's operating margin increased by 20 basis points.,OR.PA-press-102,outsider_only
6.933,9.983,8.311,OR.PA-press-2025-02-06-2025-02-06-gdelt-lor-al-2024-annual-resu,press,precursor,1,The Group's augmentation of marketing and R&I capabilities with AI and tech.,OR.PA-press-102,outsider_only
7.014,9.913,8.24,OR.PA-press-2025-02-06-2025-02-06-gdelt-lor-al-2024-annual-resu,press,precursor,1,The Group's advancement with the harmonisation of its IT.,OR.PA-press-102,outsider_only
7.052,9.719,8.051,OR.PA-press-2025-02-06-2025-02-06-gdelt-lor-al-2024-annual-resu,press,precursor,1,The Group's simplification of organisational structures.,OR.PA-press-102,outsider_only
7.023,9.871,8.387,OR.PA-press-2025-02-06-2025-02-06-gdelt-lor-al-2024-annual-resu,press,precursor,1,The Group's strengthening of industrial and supply chain resilience.,OR.PA-press-102,outsider_only
6.581,9.475,7.282,OR.PA-press-2025-02-06-2025-02-06-gdelt-lor-al-2024-annual-resu,press,precursor,1,The Group's acquisition of the Miu Miu license and Korean brand Dr.G.,OR.PA-press-102,outsider_only
6.731,9.342,7.22,OR.PA-press-2025-02-06-2025-02-06-gdelt-lor-al-2024-annual-resu,press,precursor,1,The Group's minority stakes in Galderma and Amouage.,OR.PA-press-102,outsider_only
6.231,9.896,9.71,OR.PA-press-2025-02-06-2025-02-06-gdelt-lor-al-2024-annual-resu,press,precursor,1,The Group's beauty stimulus plan driven by new launches and continued strong brand support.,OR.PA-press-102,outsider_only
7.425,8.315,9.669,OR.PA-press-2025-02-06-2025-02-06-gdelt-lor-al-2024-annual-resu,press,precursor,1,The Group's expected growth acceleration in 2025.,OR.PA-press-102,outsider_only
7.297,9.71,10.079,OR.PA-press-2025-02-06-2025-02-06-gdelt-lor-al-2024-annual-resu,press,consequence,1,"The Group's solid, broad-based growth of +5.1%.",OR.PA-press-102,outsider_only
5.753,10.134,9.902,OR.PA-press-2025-02-06-2025-02-06-gdelt-lor-al-2024-annual-resu,press,consequence,1,The Group's outperformance of the global beauty market.,OR.PA-press-102,outsider_only
7.145,9.729,9.992,OR.PA-press-2025-02-06-2025-02-06-gdelt-lor-al-2024-annual-resu,press,consequence,1,The Group's high single-digit sales advance excluding North Asia.,OR.PA-press-102,outsider_only
6.973,9.91,10.498,OR.PA-press-2025-02-06-2025-02-06-gdelt-lor-al-2024-annual-resu,press,consequence,1,The Group's robust growth of +5.3% like-for-like and +5.0% reported in the Professional Products Division.,OR.PA-press-102,outsider_only
6.224,10.238,9.663,OR.PA-press-2025-02-06-2025-02-06-gdelt-lor-al-2024-annual-resu,press,consequence,1,The Group's strong momentum in premium haircare and winning omnichannel strategy.,OR.PA-press-102,outsider_only
7.775,10.406,9.826,OR.PA-press-2025-02-06-2025-02-06-gdelt-lor-al-2024-annual-resu,press,consequence,1,The Group's significant acceleration in e-commerce and selective distribution.,OR.PA-press-102,outsider_only
7.048,9.946,9.968,OR.PA-press-2025-02-06-2025-02-06-gdelt-lor-al-2024-annual-resu,press,consequence,1,The Group's broad-based progress across all regions.,OR.PA-press-102,outsider_only
6.838,10.041,10.071,OR.PA-press-2025-02-06-2025-02-06-gdelt-lor-al-2024-annual-resu,press,consequence,1,The Group's strong double-digit growth of Kérastase.,OR.PA-press-102,outsider_only
5.529,10.102,9.717,OR.PA-press-2025-02-06-2025-02-06-gdelt-lor-al-2024-annual-resu,press,consequence,1,The Group's solid performances of L'Oréal Professionnel and Redken.,OR.PA-press-102,outsider_only
5.796,10.406,9.879,OR.PA-press-2025-02-06-2025-02-06-gdelt-lor-al-2024-annual-resu,press,consequence,1,The Group's dynamic haircare category driven by blockbuster innovations.,OR.PA-press-102,outsider_only
5.701,10.254,9.745,OR.PA-press-2025-02-06-2025-02-06-gdelt-lor-al-2024-annual-resu,press,consequence,1,The Group's maintained performance in hair colour.,OR.PA-press-102,outsider_only
6.017,10.495,9.553,OR.PA-press-2025-02-06-2025-02-06-gdelt-lor-al-2024-annual-resu,press,precursor,1,"The launch of blockbuster innovations such as Première by Kérastase, Absolut Repair Molecular by L'Oréal Professionnel, ",OR.PA-press-102,outsider_only
5.888,10.438,9.666,OR.PA-press-2025-02-06-2025-02-06-gdelt-lor-al-2024-annual-resu,press,precursor,1,"The launch of successful products like Shades EQ by Redken, iNOA, and Dia Color by L'Oréal Professionnel maintained perf",OR.PA-press-102,outsider_only
6.004,10.556,9.4,OR.PA-press-2025-02-06-2025-02-06-gdelt-lor-al-2024-annual-resu,press,precursor,1,"The launch of AirLight Pro, a revolutionary, less energy-intensive hair dryer, reaffirmed the Division's leading positio",OR.PA-press-102,outsider_only
6.023,9.859,10.062,OR.PA-press-2025-02-06-2025-02-06-gdelt-lor-al-2024-annual-resu,press,precursor,1,The strategy to democratise and premiumise the mass beauty market drove growth in the Consumer Products Division.,OR.PA-press-102,outsider_only
5.946,10.289,9.536,OR.PA-press-2025-02-06-2025-02-06-gdelt-lor-al-2024-annual-resu,press,precursor,1,"The launch of key innovations like Elvive Glycolic Gloss, Vitamin C Daily UV fluids, Bright Reveal, and Panorama mascara",OR.PA-press-102,outsider_only
6.054,10.483,9.618,OR.PA-press-2025-02-06-2025-02-06-gdelt-lor-al-2024-annual-resu,press,precursor,1,The successful rollout of premium and accessible offers like Good and Color Sensation drove growth in hair colour.,OR.PA-press-102,outsider_only
6.065,9.82,9.37,OR.PA-press-2025-02-06-2025-02-06-gdelt-lor-al-2024-annual-resu,press,precursor,1,The expansion of couture brands like Prada and Valentino and acquisitions like Aesop and Takami drove growth in North Am,OR.PA-press-102,outsider_only
5.416,9.783,9.495,OR.PA-press-2025-02-06-2025-02-06-gdelt-lor-al-2024-annual-resu,press,precursor,1,"The global successes of fragrances like Paradoxe by Prada, Born in Roma by Valentino, and Libre by Yves Saint Laurent dr",OR.PA-press-102,outsider_only
5.848,9.816,9.817,OR.PA-press-2025-02-06-2025-02-06-gdelt-lor-al-2024-annual-resu,press,precursor,1,"The ongoing strength of Yves Saint Laurent in Western markets and China, driven by YSL Loveshine and Touche Eclat, accel",OR.PA-press-102,outsider_only
5.794,9.908,10.084,OR.PA-press-2025-02-06-2025-02-06-gdelt-lor-al-2024-annual-resu,press,precursor,1,"The globalisation strategy of Aesop, Takami, and Youth to the People with encouraging results drove growth in skincare.",OR.PA-press-102,outsider_only
5.571,10.363,10.543,OR.PA-press-2025-02-06-2025-02-06-gdelt-lor-al-2024-annual-resu,press,precursor,1,The strong contributions from Europe and North America and the success of Mela B3 made La Roche-Posay the world's third ,OR.PA-press-102,outsider_only
6.326,10.564,10.667,OR.PA-press-2025-02-06-2025-02-06-gdelt-lor-al-2024-annual-resu,press,precursor,1,The international expansion of CeraVe with exceptional performances in new markets made it the Division's trailblazer.,OR.PA-press-102,outsider_only
5.806,10.713,10.16,OR.PA-press-2025-02-06-2025-02-06-gdelt-lor-al-2024-annual-resu,press,precursor,1,The dynamism of Dercos haircare line advanced Vichy strongly.,OR.PA-press-102,outsider_only
6.009,10.389,10.422,OR.PA-press-2025-02-06-2025-02-06-gdelt-lor-al-2024-annual-resu,press,precursor,1,The promising launch of P-TIOX by SkinCeuticals drove double-digit growth.,OR.PA-press-102,outsider_only
5.862,9.832,9.711,OR.PA-press-2025-02-06-2025-02-06-gdelt-lor-al-2024-annual-resu,press,precursor,1,"The continued strength of L'Oréal Paris, Maybelline New York, NYX Professional Makeup, and the successful roll-out of Mi",OR.PA-press-102,outsider_only
5.477,9.634,9.301,OR.PA-press-2025-02-06-2025-02-06-gdelt-lor-al-2024-annual-resu,press,precursor,1,"The couture brands, including Yves Saint Laurent in fragrances and makeup, as well as Valentino and Prada in fragrances,",OR.PA-press-102,outsider_only
5.585,10.486,10.486,OR.PA-press-2025-02-06-2025-02-06-gdelt-lor-al-2024-annual-resu,press,precursor,1,The successful launch of Mela B3 benefited La Roche-Posay.,OR.PA-press-102,outsider_only
5.788,10.735,10.223,OR.PA-press-2025-02-06-2025-02-06-gdelt-lor-al-2024-annual-resu,press,precursor,1,The success of Dercos fuelled Vichy's growth.,OR.PA-press-102,outsider_only
6.527,10.668,10.094,OR.PA-press-2025-02-06-2025-02-06-gdelt-lor-al-2024-annual-resu,press,precursor,1,The ongoing dynamism of Kérastase and successful launches from Redken and Matrix drove progress in Professional Products,OR.PA-press-102,outsider_only
7.364,10.361,9.84,OR.PA-press-2025-02-06-2025-02-06-gdelt-lor-al-2024-annual-resu,press,precursor,1,Continued channel expansion and valorisation drove growth in the USA.,OR.PA-press-102,outsider_only
5.387,9.666,9.164,OR.PA-press-2025-02-06-2025-02-06-gdelt-lor-al-2024-annual-resu,press,precursor,1,"The continued dynamism of the fragrance category, with key contributors like MYSLF by Yves Saint Laurent, Born in Roma b",OR.PA-press-102,outsider_only
6.111,10.621,9.986,OR.PA-press-2025-02-06-2025-02-06-gdelt-lor-al-2024-annual-resu,press,precursor,1,The strong launch plan and entry into new online channels benefitted Kiehl's and Youth to the People.,OR.PA-press-102,outsider_only
5.998,10.218,9.613,OR.PA-press-2025-02-06-2025-02-06-gdelt-lor-al-2024-annual-resu,press,precursor,1,The success of Fat Oil and Duck Plump made NYX Professional Makeup outperform the market.,OR.PA-press-102,outsider_only
6.025,10.002,10.536,OR.PA-press-2025-02-06-2025-02-06-gdelt-lor-al-2024-annual-resu,press,precursor,1,The acceleration in online channels boosted Dermatological Beauty.,OR.PA-press-102,outsider_only
5.608,10.48,10.554,OR.PA-press-2025-02-06-2025-02-06-gdelt-lor-al-2024-annual-resu,press,precursor,1,The successful roll-out of Mela B3 supported La Roche-Posay's double-digit growth.,OR.PA-press-102,outsider_only
5.988,10.363,10.349,OR.PA-press-2025-02-06-2025-02-06-gdelt-lor-al-2024-annual-resu,press,precursor,1,The launch of P-Tiox boosted SkinCeuticals.,OR.PA-press-102,outsider_only
6.355,10.701,9.943,OR.PA-press-2025-02-06-2025-02-06-gdelt-lor-al-2024-annual-resu,press,precursor,1,"Successful innovations like Première by Kérastase and Acidic Color Gloss by Redken, and the strength of its omni-channel",OR.PA-press-102,outsider_only
5.964,10.566,9.36,OR.PA-press-2025-02-06-2025-02-06-gdelt-lor-al-2024-annual-resu,press,precursor,1,The recently launched AirLight Pro hair dryer innovation is off to a promising start.,OR.PA-press-102,outsider_only
5.426,9.716,9.561,OR.PA-press-2025-02-06-2025-02-06-gdelt-lor-al-2024-annual-resu,press,consequence,1,"L'Oréal Luxe, Dermatological Beauty and Professional Products outpaced their respective markets.",OR.PA-press-102,outsider_only
6.92,4.006,7.081,OR.PA-press-2025-02-06-2025-02-06-gdelt-lor-al-2024-annual-resu,press,consequence,-1,Consumer Products slightly underperformed the mass market.,OR.PA-press-102,outsider_only
5.328,9.131,9.289,OR.PA-press-2025-02-06-2025-02-06-gdelt-lor-al-2024-annual-resu,press,consequence,1,L'Oréal outperformed a very dynamic market in Japan.,OR.PA-press-102,outsider_only
5.996,4.0,7.878,OR.PA-press-2025-02-06-2025-02-06-gdelt-lor-al-2024-annual-resu,press,consequence,-1,"Sell-out continued to be under significant pressure in Travel Retail, notably in Hainan.",OR.PA-press-102,outsider_only
6.007,10.012,10.669,OR.PA-press-2025-02-06-2025-02-06-gdelt-lor-al-2024-annual-resu,press,consequence,1,Dermatological Beauty posted double-digit growth in North Asia.,OR.PA-press-102,outsider_only
6.583,10.61,10.212,OR.PA-press-2025-02-06-2025-02-06-gdelt-lor-al-2024-annual-resu,press,consequence,1,"Professional Products outpaced the market in North Asia, boosted by the continued success of Kérastase.",OR.PA-press-102,outsider_only
5.776,4.388,6.708,OR.PA-press-2025-02-06-2025-02-06-gdelt-lor-al-2024-annual-resu,press,consequence,-1,Sales in L'Oréal Luxe declined in North Asia due to continued challenges in the Chinese ecosystem.,OR.PA-press-102,outsider_only
5.774,4.462,6.641,OR.PA-press-2025-02-06-2025-02-06-gdelt-lor-al-2024-annual-resu,press,consequence,-1,L'Oréal Paris' sales declined in very low single-digits in Consumer Products in North Asia.,OR.PA-press-102,outsider_only
6.367,9.328,6.741,OR.PA-press-2025-02-06-2025-02-06-gdelt-lor-al-2024-annual-resu,press,precursor,1,"L'Oréal announced the acquisition of Dr.G, a leading Korean dermo mass skincare brand.",OR.PA-press-102,outsider_only
7.003,10.175,10.092,OR.PA-press-2025-02-06-2025-02-06-gdelt-lor-al-2024-annual-resu,press,consequence,1,Growth was broad-based with all categories and Divisions contributing in SAPMENA.,OR.PA-press-102,outsider_only
5.829,10.314,10.607,OR.PA-press-2025-02-06-2025-02-06-gdelt-lor-al-2024-annual-resu,press,consequence,1,"Dermatological Beauty saw the strongest growth in SAPMENA, fuelled by CeraVe's outstanding momentum and La Roche-Posay's",OR.PA-press-102,outsider_only
5.58,9.509,9.307,OR.PA-press-2025-02-06-2025-02-06-gdelt-lor-al-2024-annual-resu,press,consequence,1,"Luxe maintained its double-digit rhythm in SAPMENA, powered primarily by Yves Saint Laurent and Prada.",OR.PA-press-102,outsider_only
5.601,10.216,10.076,OR.PA-press-2025-02-06-2025-02-06-gdelt-lor-al-2024-annual-resu,press,consequence,1,The most dynamic categories were fragrances and skincare in SAPMENA.,OR.PA-press-102,outsider_only
6.22,10.389,9.753,OR.PA-press-2025-02-06-2025-02-06-gdelt-lor-al-2024-annual-resu,press,consequence,1,"Growth in haircare, both in mass and professional, was boosted by the continued premiumisation strategy in SAPMENA.",OR.PA-press-102,outsider_only
7.669,10.412,9.953,OR.PA-press-2025-02-06-2025-02-06-gdelt-lor-al-2024-annual-resu,press,consequence,1,"Online remained a key growth driver in SAPMENA, notably in Saudi Arabia, India and South-East Asia.",OR.PA-press-102,outsider_only
7.172,9.722,10.103,OR.PA-press-2025-02-06-2025-02-06-gdelt-lor-al-2024-annual-resu,press,consequence,1,Sub-Saharan Africa (SSA) delivered another record year with all countries and Divisions growing in double digits.,OR.PA-press-102,outsider_only
5.745,10.178,10.068,OR.PA-press-2025-02-06-2025-02-06-gdelt-lor-al-2024-annual-resu,press,consequence,1,"Momentum was particularly dynamic in skincare in SSA, followed by haircare and fragrances.",OR.PA-press-102,outsider_only
5.645,9.573,9.597,OR.PA-press-2025-02-06-2025-02-06-gdelt-lor-al-2024-annual-resu,press,consequence,1,Consumer Products and L'Oréal Dermatological Beauty were key growth contributors in SSA.,OR.PA-press-102,outsider_only
6.896,9.861,10.009,OR.PA-press-2025-02-06-2025-02-06-gdelt-lor-al-2024-annual-resu,press,consequence,1,"Momentum was broad-based by country in SSA, led by Mexico and Brazil.",OR.PA-press-102,outsider_only
7.352,9.251,10.247,OR.PA-press-2025-02-06-2025-02-06-gdelt-lor-al-2024-annual-resu,press,consequence,1,"Sales in the region grew +14.7% in SSA, excluding Argentina.",OR.PA-press-102,outsider_only
6.015,9.618,9.837,OR.PA-press-2025-02-06-2025-02-06-gdelt-lor-al-2024-annual-resu,press,consequence,1,"Consumer Products delivered exceptional growth in SSA, with each of the three international brands contributing.",OR.PA-press-102,outsider_only
5.542,9.258,9.386,OR.PA-press-2025-02-06-2025-02-06-gdelt-lor-al-2024-annual-resu,press,consequence,1,"L'Oréal Luxe achieved robust growth in SSA, driven by strong performances in Brazil and especially Mexico.",OR.PA-press-102,outsider_only
5.98,10.308,9.983,OR.PA-press-2025-02-06-2025-02-06-gdelt-lor-al-2024-annual-resu,press,consequence,1,"Haircare remained the fastest-growing category across the three relevant Divisions in SSA, followed by makeup and fragra",OR.PA-press-102,outsider_only
7.674,10.389,9.929,OR.PA-press-2025-02-06-2025-02-06-gdelt-lor-al-2024-annual-resu,press,consequence,1,"Online remained a key growth driver for the region in SSA, boosted by the strong performance of pure players.",OR.PA-press-102,outsider_only
8.057,4.55,7.129,OR.PA-press-2025-02-06-2025-02-06-gdelt-lor-al-2024-annual-resu,press,consequence,-1,Advertising and promotional expenses decreased by 20 basis points to 32.2% of sales.,OR.PA-press-102,outsider_only
8.638,4.867,8.092,OR.PA-press-2025-02-06-2025-02-06-gdelt-lor-al-2024-annual-resu,press,consequence,-1,"Selling, general and administrative expenses increased by 40 basis points to 18.9% of sales.",OR.PA-press-102,outsider_only
8.602,8.29,9.3,OR.PA-press-2025-02-06-2025-02-06-gdelt-lor-al-2024-annual-resu,press,consequence,1,"Operating profit increased by +6.7% to 8,687.5 million euros.",OR.PA-press-102,outsider_only
6.924,9.951,10.656,OR.PA-press-2025-02-06-2025-02-06-gdelt-lor-al-2024-annual-resu,press,consequence,1,"The profitability of the Professional Products Division came out at 22.2% of sales, up 60 basis points.",OR.PA-press-102,outsider_only
6.825,9.722,10.731,OR.PA-press-2025-02-06-2025-02-06-gdelt-lor-al-2024-annual-resu,press,consequence,1,"The profitability of the Consumer Products Division came out at 21.1% of sales, up 60 basis points.",OR.PA-press-102,outsider_only
6.587,9.543,10.786,OR.PA-press-2025-02-06-2025-02-06-gdelt-lor-al-2024-annual-resu,press,consequence,1,"The profitability of the Luxe Division came out at 22.3% of sales, stable compared to 2023.",OR.PA-press-102,outsider_only
6.197,9.674,10.861,OR.PA-press-2025-02-06-2025-02-06-gdelt-lor-al-2024-annual-resu,press,consequence,1,"The profitability of the Dermatological Beauty Division came out at 26.1%, up 10 basis points.",OR.PA-press-102,outsider_only
9.503,5.344,7.528,OR.PA-press-2025-02-06-2025-02-06-gdelt-lor-al-2024-annual-resu,press,consequence,-1,"Income tax excluding non-recurrent items amounted to 2,075 million euros, representing a tax rate of 23.4%.",OR.PA-press-102,outsider_only
8.685,8.146,9.221,OR.PA-press-2025-02-06-2025-02-06-gdelt-lor-al-2024-annual-resu,press,consequence,1,"Net profit excluding non-recurring items after non-controlling interests stood at 6,786 million euros.",OR.PA-press-102,outsider_only
9.524,5.325,7.525,OR.PA-press-2025-02-06-2025-02-06-gdelt-lor-al-2024-annual-resu,press,consequence,-1,Non-recurring items after non-controlling interests amounted to 377.6 million euros net of tax.,OR.PA-press-102,outsider_only
8.711,8.22,9.254,OR.PA-press-2025-02-06-2025-02-06-gdelt-lor-al-2024-annual-resu,press,consequence,1,"Net profit after non-controlling interests came out at 6,408.7 million euros, increasing by +3.6%.",OR.PA-press-102,outsider_only
8.47,8.447,8.644,OR.PA-press-2025-02-06-2025-02-06-gdelt-lor-al-2024-annual-resu,press,consequence,1,"The balance sheet remains strong, with shareholders' equity amounting to 33.1 billion euros.",OR.PA-press-102,outsider_only
5.87,4.352,6.734,OR.PA-press-2025-02-06-2025-02-06-gdelt-lor-al-sales-miss-estim,press,consequence,-1,Continued downturn in China demand impacted L’Oréal SA’s fourth-quarter sales.,OR.PA-press-91,outsider_only
6.307,3.82,7.964,OR.PA-press-2025-02-07-2025-02-07-gdelt-loreal-sales-miss-estim,press,precursor,-1,Continued downturn in China demand,OR.PA-press-79,outsider_only
6.236,3.692,7.971,OR.PA-press-2025-02-07-2025-02-07-gdelt-loreal-sales-miss-estim,press,precursor,-1,Steep slowdown in China due to property crisis and youth unemployment,OR.PA-press-79,outsider_only
7.185,4.884,8.864,OR.PA-press-2025-02-07-2025-02-07-gdelt-loreal-sales-miss-estim,press,precursor,-1,Potential US tariffs under President Donald Trump,OR.PA-press-79,outsider_only
7.162,4.332,8.747,OR.PA-press-2025-02-07-2025-02-07-gdelt-trade-war-fears-dampen-,press,precursor,-1,Worries of a global trade war escalating dampened European markets.,OR.PA-press-56,outsider_only
7.179,4.356,8.624,OR.PA-press-2025-02-07-2025-02-07-gdelt-trade-war-fears-dampen-,press,precursor,-1,Tariff uncertainty added to investor nerves after data showed weaker-than-expected US jobs growth.,OR.PA-press-56,outsider_only
7.077,3.955,7.76,OR.PA-press-2025-02-07-2025-02-07-gdelt-trade-war-fears-dampen-,press,precursor,-1,The cost of new models and battery-related expenses would dent its 2025 profits.,OR.PA-press-56,outsider_only
5.893,4.399,6.758,OR.PA-press-2025-02-07-2025-02-07-gdelt-trade-war-fears-dampen-,press,consequence,-1,"The French cosmetics group reported its slowest quarterly rise in growth since the height of the pandemic, missing expec",OR.PA-press-56,outsider_only
6.208,9.052,7.284,OR.PA-press-2025-02-07-2025-02-07-gdelt-trade-war-fears-dampen-,press,precursor,-1,The beverage maker is exploring a sale of its champagne brand G.H. Mumm.,OR.PA-press-56,outsider_only
7.292,4.688,8.549,OR.PA-press-2025-02-07-2025-02-07-gdelt-trade-war-fears-dampen-,press,precursor,-1,Expectations of higher inflation raised the chances of a more cautious Federal Reserve.,OR.PA-press-56,outsider_only
6.958,3.815,7.692,OR.PA-press-2025-02-07-2025-02-07-gdelt-trade-war-fears-dampen-,press,precursor,-1,"Weakness in the retailer’s cloud computing unit, Amazon Web Services, and lower-than-expected forecasts for first-quarte",OR.PA-press-56,outsider_only
6.27,3.617,7.848,OR.PA-press-2025-02-10-2025-02-10-gdelt-japan-shiseido-says-ann,press,precursor,-1,Sluggish sales in China due to a drop in consumer spending and rising household savings amid worsening economic sentimen,OR.PA-press-79,outsider_only
6.296,3.511,7.691,OR.PA-press-2025-02-10-2025-02-10-gdelt-japan-shiseido-says-ann,press,consequence,-1,Sluggish sales in China due to a drop in consumer spending and rising household savings amid worsening economic sentimen,OR.PA-press-79,outsider_only
7.781,9.768,10.046,OR.PA-press-2025-02-10-2025-02-10-gdelt-japan-shiseido-says-ann,press,precursor,1,Increase in net sales in Japan supported by purchases from tourists.,OR.PA-press-79,outsider_only
7.844,9.727,10.017,OR.PA-press-2025-02-10-2025-02-10-gdelt-japan-shiseido-says-ann,press,consequence,1,Increase in net sales in Japan supported by purchases from tourists.,OR.PA-press-79,outsider_only
6.694,9.314,8.696,OR.PA-press-2025-02-10-2025-02-10-gdelt-japan-shiseido-says-ann,press,precursor,1,Launch of a two-year action plan to restore profitability and focus on core brands.,OR.PA-press-79,outsider_only
6.28,3.528,7.726,OR.PA-press-2025-02-10-2025-02-10-gdelt-japan-shiseido-says-ann,press,consequence,-1,Sluggish sales in China due to a decline in consumer spending and rising household savings amid worsening economic senti,OR.PA-press-79,outsider_only
6.634,3.683,7.733,OR.PA-press-2025-02-10-2025-02-10-gdelt-japan-shiseido-says-ann,press,precursor,-1,Forecasted sales decline in China for 2025.,OR.PA-press-79,outsider_only
7.814,9.761,10.024,OR.PA-press-2025-02-10-2025-02-10-gdelt-japan-shiseido-says-ann,press,precursor,1,Increased net sales in Japan supported by purchases from tourists.,OR.PA-press-79,outsider_only
6.282,3.452,7.656,OR.PA-press-2025-02-10-2025-02-10-gdelt-japan-shiseido-says-ann,press,consequence,-1,Shift among Chinese consumers toward domestic brands.,OR.PA-press-79,outsider_only
6.682,9.306,8.679,OR.PA-press-2025-02-10-2025-02-10-gdelt-japan-shiseido-says-ann,press,precursor,1,Launch of a two-year action plan to restore profitability and focus on core brands.,OR.PA-press-79,outsider_only
6.255,3.496,7.706,OR.PA-press-2025-02-10-2025-02-10-gdelt-shiseido-profit-plunges,press,consequence,-1,Sluggish sales in China due to a decline in consumer spending and rising household savings amid worsening economic senti,OR.PA-press-79,outsider_only
6.468,3.821,7.68,OR.PA-press-2025-02-10-2025-02-10-gdelt-shiseido-profit-plunges,press,precursor,-1,Shiseido forecast a further sales decline in China for 2025.,OR.PA-press-79,outsider_only
6.255,3.418,7.628,OR.PA-press-2025-02-10-2025-02-10-gdelt-shiseido-profit-plunges,press,consequence,-1,Shift among Chinese consumers toward domestic brands.,OR.PA-press-79,outsider_only
6.662,9.282,8.67,OR.PA-press-2025-02-10-2025-02-10-gdelt-shiseido-profit-plunges,press,precursor,1,Launch of a two-year action plan to restore profitability and focus on core brands.,OR.PA-press-79,outsider_only
5.627,6.306,7.871,OR.PA-press-2025-02-14-2025-02-14-gdelt-best-stock-to-buy-right,press,precursor,-1,The shifting economic environment and increased competition are pressuring Ulta Beauty's results.,OR.PA-press-80,outsider_only
5.588,6.166,7.78,OR.PA-press-2025-02-14-2025-02-14-gdelt-best-stock-to-buy-right,press,consequence,-1,Ulta Beauty's comparable-store sales increased by just 0.6% year over year in the third quarter.,OR.PA-press-80,outsider_only
5.591,6.325,7.867,OR.PA-press-2025-02-14-2025-02-14-gdelt-best-stock-to-buy-right,press,consequence,-1,Ulta Beauty's earnings per share (EPS) decreased 5.9% from 2023 to $16.93 through the first nine months of the year.,OR.PA-press-80,outsider_only
9.514,13.085,6.836,OR.PA-press-2025-02-14-2025-02-14-gdelt-best-stock-to-buy-right,press,consequence,1,"e.l.f. Beauty's sales increased by 31% in the fiscal 2025 third quarter, compared to an exceptional 85% growth rate in t",OR.PA-press-80,outsider_only
9.431,13.049,6.681,OR.PA-press-2025-02-14-2025-02-14-gdelt-best-stock-to-buy-right,press,precursor,1,e.l.f. Beauty revised its full-year 2025 revenue growth forecast to 27% to 28% and adjusted EPS to around $3.30.,OR.PA-press-80,outsider_only
6.753,4.257,7.934,OR.PA-press-2025-03-01-2025-03-01-gdelt-rabanne-owner-puig-expe,press,precursor,-1,Puig expects slower sales growth in 2025 due to potential higher US tariffs.,OR.PA-press-noise-430,outsider_only
6.799,4.761,8.453,OR.PA-press-2025-03-01-2025-03-01-gdelt-rabanne-owner-puig-expe,press,precursor,-1,US tariffs are expected to impact Puig's revenue growth.,OR.PA-press-noise-430,outsider_only
7.015,4.713,8.489,OR.PA-press-2025-03-01-2025-03-01-gdelt-rabanne-owner-puig-expe,press,precursor,-1,The company may need to reassess the potential impact if a 25% tariff rate is imposed.,OR.PA-press-noise-430,outsider_only
6.133,4.277,6.933,OR.PA-press-2025-03-01-2025-03-01-gdelt-rabanne-owner-puig-expe,press,precursor,-1,"The weaker growth outlook is mainly due to the market's moderation, particularly in the make-up and skincare segment.",OR.PA-press-noise-430,outsider_only
9.017,3.969,7.435,OR.PA-press-2025-03-01-2025-03-01-gdelt-rabanne-owner-puig-expe,press,consequence,-1,Costs related to the IPO and the payment of employee bonuses led to a 26% fall in net profit in the first half of the ye,OR.PA-press-noise-430,outsider_only
6.134,8.174,9.63,OR.PA-press-2025-03-01-2025-03-01-gdelt-rabanne-owner-puig-expe,press,consequence,1,Strong holiday season sales helped offset sluggish demand in China.,OR.PA-press-noise-430,outsider_only
5.353,9.456,10.131,OR.PA-press-2025-03-01-2025-03-01-gdelt-rabanne-owner-puig-expe,press,consequence,1,Higher growth in fragrances helped offset slower business in the make-up sector.,OR.PA-press-noise-430,outsider_only
5.553,6.476,7.964,OR.PA-press-2025-03-15-2025-03-15-gdelt-ulta-beauty-tops-quarte,press,consequence,1,Strong holiday demand for cosmetics and perfumes led to increased sales and profit for Ulta Beauty in the fourth quarter,OR.PA-press-63,outsider_only
5.538,6.459,7.969,OR.PA-press-2025-03-15-2025-03-15-gdelt-ulta-beauty-tops-quarte,press,consequence,1,Discounts offered during the Thanksgiving period attracted customers and contributed to Ulta Beauty's strong holiday sal,OR.PA-press-63,outsider_only
5.737,6.091,7.941,OR.PA-press-2025-03-15-2025-03-15-gdelt-ulta-beauty-tops-quarte,press,precursor,-1,Impending trade policies from U.S. President Donald Trump and the European Union could make cosmetics and fragrances mor,OR.PA-press-63,outsider_only
7.231,4.581,8.834,OR.PA-press-2025-04-08-2025-04-08-gdelt-europe-inc-q1-profits-s,press,precursor,-1,"The imposition of tariffs by U.S. President Donald Trump has led to increased fears of a global trade war, negatively im",OR.PA-press-56,outsider_only
7.337,4.629,8.796,OR.PA-press-2025-04-08-2025-04-08-gdelt-europe-inc-q1-profits-s,press,precursor,-1,Trump's announcement of sweeping tariffs has led to a deterioration in analysts' expectations for first-quarter earnings,OR.PA-press-56,outsider_only
7.875,4.134,7.498,OR.PA-press-2025-04-08-2025-04-08-gdelt-europe-inc-q1-profits-s,press,consequence,-1,The imposition of tariffs has led to a negative year-to-date performance for the STOXX 600.,OR.PA-press-56,outsider_only
7.267,4.251,8.826,OR.PA-press-2025-04-17-2025-04-17-gdelt-emea-morning-briefing-e,press,precursor,-1,The ongoing trade tensions and high level of uncertainty could force the ECB to cut interest rates further than it would,OR.PA-press-noise-441,outsider_only
7.465,4.949,8.509,OR.PA-press-2025-04-17-2025-04-17-gdelt-emea-morning-briefing-e,press,precursor,-1,The strengthening of the euro exchange rate will insert more disinflationary pressure on the eurozone.,OR.PA-press-noise-441,outsider_only
7.166,4.575,8.772,OR.PA-press-2025-04-17-2025-04-17-gdelt-emea-morning-briefing-e,press,precursor,-1,Fed Chair Jerome Powell warned of a 'challenging scenario' where the central bank could have less flexibility to quickly,OR.PA-press-noise-441,outsider_only
7.242,4.653,8.886,OR.PA-press-2025-04-17-2025-04-17-gdelt-emea-morning-briefing-e,press,precursor,-1,Trump's policy shake-up threatens the dollar's status as a safe haven and could erode its status as the de facto global ,OR.PA-press-noise-441,outsider_only
7.232,4.324,8.741,OR.PA-press-2025-04-17-2025-04-17-gdelt-emea-morning-briefing-e,press,precursor,-1,"Trade tensions drive economies into recession, which could hurt credit markets.",OR.PA-press-noise-441,outsider_only
7.886,6.374,9.536,OR.PA-press-2025-04-17-2025-04-17-gdelt-emea-morning-briefing-e,press,precursor,1,China's willingness to engage in trade talks with the U.S. under favourable bilateral terms has spurred gains in WTI and,OR.PA-press-noise-441,outsider_only
6.933,4.65,8.549,OR.PA-press-2025-04-17-2025-04-17-gdelt-emea-morning-briefing-e,press,precursor,-1,The uncertainty in U.S. tariff policy will affect China's 2Q activity.,OR.PA-press-noise-441,outsider_only
6.949,4.732,8.565,OR.PA-press-2025-04-17-2025-04-17-gdelt-emea-morning-briefing-e,press,precursor,-1,The extent of the economic impact largely depends on the future course of tariff policies.,OR.PA-press-noise-441,outsider_only
7.14,4.257,8.787,OR.PA-press-2025-04-17-2025-04-17-gdelt-emea-morning-briefing-e,press,precursor,-1,"Trade tension between the U.S. and China worsens, leaving the European Central Bank with little option but to keep lower",OR.PA-press-noise-441,outsider_only
6.787,4.76,8.585,OR.PA-press-2025-04-17-2025-04-17-gdelt-europe-markets-open-low,press,precursor,-1,"The increase in tariffs on imports to the U.S. from China will affect the economy and supply chain, including ports and ",OR.PA-press-55,outsider_only
-2.013,5.257,6.927,OR.PA-press-2025-04-17-2025-04-17-gdelt-europe-markets-open-low,press,precursor,-1,The U.K.'s FTSE 100 index is expected to open lower due to market expectations.,OR.PA-press-55,outsider_only
-2.249,5.024,7.162,OR.PA-press-2025-04-17-2025-04-17-gdelt-europe-markets-open-low,press,precursor,-1,Germany's DAX is expected to open lower due to market expectations.,OR.PA-press-55,outsider_only
-2.212,5.06,7.125,OR.PA-press-2025-04-17-2025-04-17-gdelt-europe-markets-open-low,press,precursor,-1,France's CAC is expected to open lower due to market expectations.,OR.PA-press-55,outsider_only
-2.041,5.229,6.955,OR.PA-press-2025-04-17-2025-04-17-gdelt-europe-markets-open-low,press,precursor,-1,Italy's FTSE MIB is expected to open lower due to market expectations.,OR.PA-press-55,outsider_only
7.718,4.001,9.031,OR.PA-press-2025-04-17-2025-04-17-gdelt-europe-markets-open-low,press,precursor,1,The European Central Bank's decision to cut interest rates by 25 basis points amid concerns over the euro zone's economi,OR.PA-press-55,outsider_only
7.558,8.021,9.377,OR.PA-press-2025-04-17-2025-04-17-gdelt-europe-markets-open-low,press,precursor,1,"Siemens Energy upgraded its fiscal 2025 outlook, leading to a 10% increase in its share price.",OR.PA-press-55,outsider_only
7.261,3.251,7.288,OR.PA-press-2025-04-17-2025-04-17-gdelt-europe-markets-open-low,press,consequence,-1,"Hermès reported higher revenue but slightly missed analyst expectations, causing its share price to slip 3.2%.",OR.PA-press-55,outsider_only
6.742,4.711,8.56,OR.PA-press-2025-04-17-2025-04-17-gdelt-europe-markets-open-low,press,precursor,-1,"U.S. tariffs on Chinese imports have led to increased canceled sailings by freight ships, impacting the supply chain and",OR.PA-press-55,outsider_only
6.801,4.782,8.604,OR.PA-press-2025-04-17-2025-04-17-gdelt-european-markets-head-f,press,precursor,-1,"The increase in tariffs on imports to the U.S. from China will affect the economy and supply chain, including ports and ",OR.PA-press-55,outsider_only
-2.028,5.243,6.941,OR.PA-press-2025-04-17-2025-04-17-gdelt-european-markets-head-f,press,precursor,-1,The U.K.'s FTSE 100 index is expected to open lower due to market expectations.,OR.PA-press-55,outsider_only
-2.232,5.04,7.145,OR.PA-press-2025-04-17-2025-04-17-gdelt-european-markets-head-f,press,precursor,-1,Germany's DAX is expected to open lower due to market expectations.,OR.PA-press-55,outsider_only
-2.238,5.035,7.151,OR.PA-press-2025-04-17-2025-04-17-gdelt-european-markets-head-f,press,precursor,-1,France's CAC is expected to open lower due to market expectations.,OR.PA-press-55,outsider_only
-2.049,5.222,6.963,OR.PA-press-2025-04-17-2025-04-17-gdelt-european-markets-head-f,press,precursor,-1,Italy's FTSE MIB is expected to open lower due to market expectations.,OR.PA-press-55,outsider_only
7.691,4.019,9.023,OR.PA-press-2025-04-17-2025-04-17-gdelt-european-markets-head-f,press,precursor,1,The European Central Bank's decision to cut interest rates by 25 basis points amid concerns over the euro zone's economi,OR.PA-press-55,outsider_only
7.755,4.004,9.045,OR.PA-press-2025-04-17-2025-04-17-gdelt-european-markets-head-f,press,precursor,1,The series of relatively fast-paced interest rate cuts by the ECB as inflation in the euro area has consistently sat bel,OR.PA-press-55,outsider_only
6.686,4.607,8.471,OR.PA-press-2025-04-17-2025-04-17-gdelt-european-markets-head-f,press,precursor,-1,U.S. tariffs on Chinese imports leading to increased canceled sailings by freight ships coming out of China.,OR.PA-press-55,outsider_only
7.406,8.022,9.553,OR.PA-press-2025-04-17-2025-04-17-gdelt-european-markets-head-f,press,precursor,1,Siemens Energy upgrading its fiscal 2025 outlook.,OR.PA-press-55,outsider_only
7.258,3.266,7.302,OR.PA-press-2025-04-17-2025-04-17-gdelt-european-markets-head-f,press,consequence,-1,Hermès reporting higher revenue but slightly missing analyst expectations.,OR.PA-press-55,outsider_only
6.781,4.743,8.583,OR.PA-press-2025-04-17-2025-04-17-gdelt-siemens-energy-jumps-10,press,precursor,-1,"The increase in tariffs on imports to the U.S. from China will affect the economy and supply chain, including ports and ",OR.PA-press-55,outsider_only
-2.017,5.254,6.93,OR.PA-press-2025-04-17-2025-04-17-gdelt-siemens-energy-jumps-10,press,precursor,-1,The U.K.'s FTSE 100 index is expected to open lower due to market expectations.,OR.PA-press-55,outsider_only
-2.214,5.058,7.127,OR.PA-press-2025-04-17-2025-04-17-gdelt-siemens-energy-jumps-10,press,precursor,-1,Germany's DAX is expected to open lower due to market expectations.,OR.PA-press-55,outsider_only
-2.218,5.054,7.131,OR.PA-press-2025-04-17-2025-04-17-gdelt-siemens-energy-jumps-10,press,precursor,-1,France's CAC is expected to open lower due to market expectations.,OR.PA-press-55,outsider_only
-2.041,5.23,6.954,OR.PA-press-2025-04-17-2025-04-17-gdelt-siemens-energy-jumps-10,press,precursor,-1,Italy's FTSE MIB is expected to open lower due to market expectations.,OR.PA-press-55,outsider_only
7.509,8.028,9.363,OR.PA-press-2025-04-17-2025-04-17-gdelt-siemens-energy-jumps-10,press,precursor,1,"Siemens Energy upgraded its fiscal 2025 outlook, leading to a 10% increase in its share price.",OR.PA-press-55,outsider_only
7.735,4.055,9.077,OR.PA-press-2025-04-17-2025-04-17-gdelt-siemens-energy-jumps-10,press,precursor,1,"The European Central Bank cut interest rates by 25 basis points, which is expected to have a positive impact on the Euro",OR.PA-press-55,outsider_only
6.704,4.689,8.524,OR.PA-press-2025-04-17-2025-04-17-gdelt-siemens-energy-jumps-10,press,precursor,-1,"U.S. tariffs on Chinese imports have led to canceled sailings by freight ships, impacting the supply chain and logistics",OR.PA-press-55,outsider_only
7.213,3.264,7.263,OR.PA-press-2025-04-17-2025-04-17-gdelt-siemens-energy-jumps-10,press,consequence,-1,"Hermès reported higher revenue but slightly missed analyst expectations, leading to a 3.2% drop in its share price.",OR.PA-press-55,outsider_only
6.232,7.721,9.113,OR.PA-press-2025-04-24-2025-04-24-gdelt-europe-shares-at-near-t,press,consequence,1,Strong earnings from Europe’s largest software maker SAP boosted European shares.,OR.PA-press-23,outsider_only
7.855,6.327,9.507,OR.PA-press-2025-04-24-2025-04-24-gdelt-europe-shares-at-near-t,press,consequence,1,Easing trade tensions between the United States and China lifted investor sentiment globally.,OR.PA-press-23,outsider_only
7.86,6.321,9.515,OR.PA-press-2025-04-24-2025-04-24-gdelt-europe-shares-at-near-t,press,consequence,1,Prices of base metals like copper climbed on easing worries about trade tensions between the US and China.,OR.PA-press-23,outsider_only
7.173,5.105,8.91,OR.PA-press-2025-04-24-2025-04-24-gdelt-europe-shares-at-near-t,press,precursor,1,The Trump administration considering lowering tariffs on imported Chinese goods.,OR.PA-press-23,outsider_only
7.759,6.194,9.465,OR.PA-press-2025-04-24-2025-04-24-gdelt-europe-shares-at-near-t,press,precursor,1,US Treasury Secretary expects de-escalation in US-China trade tensions.,OR.PA-press-23,outsider_only
7.161,4.397,8.674,OR.PA-press-2025-04-24-2025-04-24-gdelt-europe-shares-at-near-t,press,precursor,-1,Uncertainty over US tariffs continues to cloud the outlook for European corporate health.,OR.PA-press-23,outsider_only
7.505,3.356,7.209,OR.PA-press-2025-04-24-2025-04-24-gdelt-europe-shares-at-near-t,press,consequence,-1,"Temenos missed first-quarter revenue expectations, causing its shares to slide.",OR.PA-press-23,outsider_only
6.828,4.761,8.567,OR.PA-press-2025-04-25-2025-04-25-gdelt-wpp-q1-falls-2-7-mainta,press,precursor,-1,"The elevated macroeconomic stresses, including tariffs, are expected to impact a number of WPP's clients as well as the ",OR.PA-press-noise-457,outsider_only
7.817,3.755,6.972,OR.PA-press-2025-04-25-2025-04-25-gdelt-wpp-q1-falls-2-7-mainta,press,consequence,-1,The net revenue decline of 7.6% to nearly 2.5 billion GBP with an organic drop of 2.7% in the first quarter.,OR.PA-press-noise-457,outsider_only
7.786,9.461,8.493,OR.PA-press-2025-04-25-2025-04-25-gdelt-wpp-q1-falls-2-7-mainta,press,consequence,1,The company has so far not seen any significant change in client spending despite macroeconomic stresses.,OR.PA-press-noise-457,outsider_only
7.851,3.566,6.675,OR.PA-press-2025-04-25-2025-04-25-gdelt-wpp-q1-falls-2-7-mainta,press,consequence,-1,"Media management arm GroupM was down 0.9% for the period, with growth in the US offset by losses in prior years in the U",OR.PA-press-noise-457,outsider_only
7.693,3.575,6.444,OR.PA-press-2025-04-25-2025-04-25-gdelt-wpp-q1-falls-2-7-mainta,press,consequence,-1,The company’s creative agencies as a group were down 4.4%.,OR.PA-press-noise-457,outsider_only
7.8,3.588,6.833,OR.PA-press-2025-04-25-2025-04-25-gdelt-wpp-q1-falls-2-7-mainta,press,consequence,-1,The PR group was down 6.6%.,OR.PA-press-noise-457,outsider_only
8.252,7.669,9.341,OR.PA-press-2025-04-25-2025-04-25-gdelt-wpp-q1-falls-2-7-mainta,press,consequence,1,Other specialist agencies were up 1.2%.,OR.PA-press-noise-457,outsider_only
7.42,3.783,8.342,OR.PA-press-2025-04-25-2025-04-25-gdelt-wpp-q1-falls-2-7-mainta,press,consequence,-1,"North America was flat, the UK was down 5.5% and Western Europe was off 4.5%.",OR.PA-press-noise-457,outsider_only
6.512,3.473,7.966,OR.PA-press-2025-04-25-2025-04-25-gdelt-wpp-q1-falls-2-7-mainta,press,consequence,-1,"The “rest of the world” was down 3.8%, including a 17.4% shortfall in China.",OR.PA-press-noise-457,outsider_only
7.347,9.71,10.183,OR.PA-press-2025-04-25-2025-04-25-gdelt-wpp-q1-falls-2-7-mainta,press,consequence,1,India was up 5.5%.,OR.PA-press-noise-457,outsider_only
6.99,9.746,10.504,OR.PA-press-2025-04-25-2025-04-25-gdelt-wpp-q1-falls-2-7-mainta,press,consequence,1,The company’s top-25 clients were up 2.5% collectively with a “robust” performance in CPG and further improvement in the,OR.PA-press-noise-457,outsider_only
5.963,3.926,7.593,OR.PA-press-2025-04-25-2025-04-25-gdelt-wpp-q1-falls-2-7-mainta,press,consequence,-1,"Healthcare was described as stable while retail, telecom and travel & leisure experienced declines.",OR.PA-press-noise-457,outsider_only
7.305,4.681,8.561,OR.PA-press-2025-05-07-2025-05-07-gdelt-cac-40-moderately-lower,press,precursor,-1,"Investors are making cautious moves, reacting to earnings and awaiting the Federal Reserve's monetary policy announcemen",OR.PA-press-noise-469,outsider_only
8.314,7.123,7.521,OR.PA-press-2025-05-07-2025-05-07-gdelt-cac-40-moderately-lower,press,consequence,-1,Sanofi's stock is down 3.4%.,OR.PA-press-noise-469,outsider_only
7.88,3.802,7.386,OR.PA-press-2025-05-07-2025-05-07-gdelt-cac-40-moderately-lower,press,consequence,-1,Eurofins Scientific's stock is declining 2.4%.,OR.PA-press-noise-469,outsider_only
7.811,3.639,7.168,OR.PA-press-2025-05-07-2025-05-07-gdelt-cac-40-moderately-lower,press,consequence,-1,Veolia Environment's stock is lower by about 2%.,OR.PA-press-noise-469,outsider_only
8.674,8.385,9.371,OR.PA-press-2025-05-07-2025-05-07-gdelt-cac-40-moderately-lower,press,consequence,1,"Veolia Environnement reported first quarter EBITDA of 1.69 billion euros, a 5.5% organic growth from a year ago.",OR.PA-press-noise-469,outsider_only
8.576,8.316,9.321,OR.PA-press-2025-05-07-2025-05-07-gdelt-cac-40-moderately-lower,press,consequence,1,"Current EBIT was up 8.4%, to 915 million euros.",OR.PA-press-noise-469,outsider_only
7.438,3.978,8.421,OR.PA-press-2025-05-07-2025-05-07-gdelt-major-european-markets-,press,consequence,-1,"Investors reacted to earnings announcements, leading to a weak close in major European markets.",OR.PA-press-22,outsider_only
7.95,6.82,9.505,OR.PA-press-2025-05-07-2025-05-07-gdelt-major-european-markets-,press,consequence,1,Upbeat economic data from Germany helped limit markets' downside.,OR.PA-press-22,outsider_only
7.859,6.365,9.513,OR.PA-press-2025-05-07-2025-05-07-gdelt-major-european-markets-,press,precursor,1,Optimism surrounding upcoming U.S.-China trade talks helped limit markets' downside.,OR.PA-press-22,outsider_only
9.317,12.954,7.001,OR.PA-press-2025-06-04-2025-06-04-gdelt-can-hailey-bieber-bring,press,precursor,1,"The acquisition of Rhode by e.l.f. Beauty is expected to enhance gross margin, provide access to exclusive Sephora shops",OR.PA-press-82,outsider_only
9.296,12.92,6.981,OR.PA-press-2025-06-04-2025-06-04-gdelt-can-hailey-bieber-bring,press,precursor,1,The acquisition of Rhode by e.l.f. Beauty is expected to speed up growth and create value for shareholders.,OR.PA-press-82,outsider_only
9.311,12.937,7.012,OR.PA-press-2025-06-04-2025-06-04-gdelt-can-hailey-bieber-bring,press,precursor,1,"The acquisition of Rhode by e.l.f. Beauty is expected to boost growth through new brands, international sales, and produ",OR.PA-press-82,outsider_only
9.394,13.039,6.834,OR.PA-press-2025-06-04-2025-06-04-gdelt-can-hailey-bieber-bring,press,consequence,1,The market's reaction to e.l.f. Beauty's fourth-quarter earnings report and the acquisition of Rhode was positive.,OR.PA-press-82,outsider_only
9.421,13.105,6.814,OR.PA-press-2025-06-04-2025-06-04-gdelt-can-hailey-bieber-bring,press,consequence,1,"e.l.f. Beauty's fourth-quarter revenue increased 4% year over year to $332.6 million, beating analyst expectations.",OR.PA-press-82,outsider_only
9.42,13.083,6.796,OR.PA-press-2025-06-04-2025-06-04-gdelt-can-hailey-bieber-bring,press,consequence,1,"e.l.f. Beauty's adjusted earnings per share (EPS) were $0.78, above estimates of $0.72.",OR.PA-press-82,outsider_only
5.916,4.691,6.996,OR.PA-press-2025-06-04-2025-06-04-gdelt-can-hailey-bieber-bring,press,consequence,-1,e.l.f. Beauty's stock price has declined due to market concerns about rising prices and slowing growth.,OR.PA-press-82,outsider_only
9.503,13.134,6.783,OR.PA-press-2025-06-04-2025-06-04-gdelt-can-hailey-bieber-bring,press,precursor,1,e.l.f. Beauty is raising prices on products by $1 to combat potential tariff situations.,OR.PA-press-82,outsider_only
9.469,13.183,7.006,OR.PA-press-2025-06-04-2025-06-04-gdelt-can-hailey-bieber-bring,press,precursor,1,e.l.f. Beauty is diversifying its supply chain to reduce exposure to tariffs.,OR.PA-press-82,outsider_only
9.475,13.143,6.987,OR.PA-press-2025-06-04-2025-06-04-gdelt-can-hailey-bieber-bring,press,precursor,1,e.l.f. Beauty is diversifying its business by making a bigger push internationally.,OR.PA-press-82,outsider_only
7.052,4.062,8.376,OR.PA-press-2026-02-08-2026-02-08-gdelt-global-week-ahead-tech-,press,precursor,-1,The recent sell-off in AI and software-exposed stocks is showing no signs of easing.,OR.PA-press-91,outsider_only
7.329,4.375,8.462,OR.PA-press-2026-02-08-2026-02-08-gdelt-global-week-ahead-tech-,press,precursor,-1,"The spike in volatility comes at a sensitive time for the corporate world, with earnings season in full swing.",OR.PA-press-91,outsider_only
7.694,8.694,9.267,OR.PA-press-2026-02-08-2026-02-08-gdelt-global-week-ahead-tech-,press,precursor,1,UniCredit's minority stakes in Commerzbank and Greece's Alpha Bank returning around 20 percent returns on investment.,OR.PA-press-91,outsider_only
8.672,4.786,6.933,OR.PA-press-2026-02-08-2026-02-08-gdelt-global-week-ahead-tech-,press,precursor,-1,A deal with UniCredit is 'not sensible' given the German bank's high valuation.,OR.PA-press-91,outsider_only
7.498,3.902,8.505,OR.PA-press-2026-02-08-2026-02-08-gdelt-global-week-ahead-tech-,press,consequence,-1,"Shares in financial stocks across Europe had a rollercoaster week, ending the week in the red.",OR.PA-press-91,outsider_only
6.694,10.028,8.748,OR.PA-press-2026-02-08-2026-02-08-gdelt-global-week-ahead-tech-,press,precursor,1,Philips will hope to continue a positive performance streak from the launch of new AI tools.,OR.PA-press-91,outsider_only
6.087,8.635,9.309,OR.PA-press-2026-02-08-2026-02-08-gdelt-global-week-ahead-tech-,press,precursor,1,AstraZeneca is turning towards China in the hope that it can access this market for weight-loss drugs.,OR.PA-press-91,outsider_only
7.652,3.477,7.142,OR.PA-press-2026-02-08-2026-02-08-gdelt-global-week-ahead-tech-,press,consequence,-1,"The sharp sell-off in Novo Nordisk's shares, after the Danish pharmaceutical rival disappointed investors with its sales",OR.PA-press-91,outsider_only
5.844,4.45,6.633,OR.PA-press-2026-02-08-2026-02-08-gdelt-global-week-ahead-tech-,press,consequence,-1,L'Oreal's stock fell on a narrow sales miss last quarter.,OR.PA-press-91,outsider_only
6.446,8.976,7.193,OR.PA-press-2026-02-08-2026-02-08-gdelt-global-week-ahead-tech-,press,precursor,1,"L'Oreal could be on the acquisition hunt, after raising 3 billion euros for M&A financing towards the end of last year.",OR.PA-press-91,outsider_only
6.464,9.155,6.835,OR.PA-press-2026-02-08-2026-02-08-gdelt-global-week-ahead-tech-,press,precursor,1,"L'Oreal recently doubled its stake in Swiss dermatology group Galderma, in a deal that is expected to close this quarter",OR.PA-press-91,outsider_only
7.179,4.044,8.422,OR.PA-press-2026-02-13-2026-02-13-gdelt-european-shares-mixed-a,press,precursor,-1,Growing concerns about artificial-intelligence disruptions are causing a sell-off on Wall Street.,OR.PA-press-noise-490,outsider_only
7.249,4.056,8.559,OR.PA-press-2026-02-13-2026-02-13-gdelt-european-shares-slip-as,press,precursor,-1,"Uncertainties about artificial intelligence-related disruptions are causing a sombre global mood, impacting European sha",OR.PA-press-91,outsider_only
7.256,4.292,8.484,OR.PA-press-2026-02-13-2026-02-13-gdelt-european-shares-slip-as,press,precursor,-1,Mixed corporate earnings from companies such as Safran and L'Oreal are weighing on European shares.,OR.PA-press-91,outsider_only
7.453,3.942,8.021,OR.PA-press-2026-02-13-2026-02-13-gdelt-european-shares-slip-as,press,precursor,-1,Disappointing gross margins from U.S.-based Cisco Systems are adding to investor jitters.,OR.PA-press-91,outsider_only
5.875,4.404,6.638,OR.PA-press-2026-02-13-2026-02-13-gdelt-european-shares-slip-as,press,consequence,-1,"L'Oreal's fourth-quarter sales growth missed estimates, causing its shares to slip.",OR.PA-press-91,outsider_only
7.658,3.422,7.109,OR.PA-press-2026-02-13-2026-02-13-gdelt-european-shares-slip-as,press,consequence,-1,"Delivery Hero's Middle East unit posted mixed results, causing its shares to slide.",OR.PA-press-91,outsider_only
7.558,8.064,9.44,OR.PA-press-2026-02-13-2026-02-13-gdelt-european-shares-slip-as,press,precursor,1,Safran's forecast of increased revenue and earnings for 2026 is causing its shares to jump.,OR.PA-press-91,outsider_only
5.859,4.393,6.666,OR.PA-press-2026-02-13-2026-02-13-gdelt-european-stocks-muted-o,press,consequence,-1,Disappointing sales growth at L’Oreal SA.,OR.PA-press-91,outsider_only
8.101,4.081,7.056,OR.PA-press-2026-02-13-2026-02-13-gdelt-european-stocks-muted-o,press,consequence,-1,Broad retreat across banking shares.,OR.PA-press-91,outsider_only
6.847,9.956,8.231,OR.PA-press-2026-02-13-2026-02-13-gdelt-european-stocks-muted-o,press,precursor,1,Capgemini SE pivoting to facilitate AI adoption.,OR.PA-press-91,outsider_only
7.525,8.031,9.382,OR.PA-press-2026-02-13-2026-02-13-gdelt-european-stocks-muted-o,press,precursor,1,Safran SA upgrading its 2028 earnings targets.,OR.PA-press-91,outsider_only
7.686,3.572,7.251,OR.PA-press-2026-02-13-2026-02-13-gdelt-european-stocks-muted-o,press,consequence,-1,DraftKings issuing a disappointing outlook.,OR.PA-press-91,outsider_only
5.839,4.443,6.615,OR.PA-press-2026-02-13-2026-02-13-gdelt-loreal-share-price-stoc,press,consequence,-1,"L'Oreal's share price was down 3.2 per cent in morning trading, partly recovering from a drop of more than six per cent ",OR.PA-press-91,outsider_only
4.862,9.078,10.213,OR.PA-press-2026-03-27-2026-03-27-gdelt-estee-lauder-eyes-puig-,press,precursor,1,Estee Lauder is in discussions with Spanish beauty group Puig over a potential merger that could reshape the global frag,OR.PA-press-97,outsider_only
4.987,9.132,10.172,OR.PA-press-2026-03-27-2026-03-27-gdelt-estee-lauder-eyes-puig-,press,precursor,1,"The proposed deal would strengthen both companies' positions in the fragrance segment, which has been a key growth drive",OR.PA-press-97,outsider_only
4.841,9.017,10.447,OR.PA-press-2026-03-27-2026-03-27-gdelt-estee-lauder-eyes-puig-,press,precursor,1,"Estee Lauder's portfolio includes Bobbi Brown cosmetics, La Mer skincare, and fragrance brands such as Le Labo, Jo Malon",OR.PA-press-97,outsider_only
4.974,9.167,10.114,OR.PA-press-2026-03-27-2026-03-27-gdelt-estee-lauder-eyes-puig-,press,precursor,1,"Puig, based in Barcelona, owns fragrance lines from Jean Paul Gaultier and Byredo, as well as cosmetics brand Charlotte ",OR.PA-press-97,outsider_only
4.788,9.005,10.413,OR.PA-press-2026-03-27-2026-03-27-gdelt-estee-lauder-eyes-puig-,press,precursor,1,"Estee Lauder has historically expanded through acquisitions, including its $2.8 billion purchase of Tom Ford in 2022, an",OR.PA-press-97,outsider_only
4.99,9.124,10.14,OR.PA-press-2026-03-27-2026-03-27-gdelt-estee-lauder-eyes-puig-,press,precursor,1,"Puig derives more than 70 percent of its revenue from fragrances and reported a 12 percent rise in net profit for 2025, ",OR.PA-press-97,outsider_only
4.862,9.05,10.259,OR.PA-press-2026-03-27-2026-03-27-gdelt-estee-lauder-puig-explo,press,precursor,1,"The proposed merger between Estee Lauder and Puig aims to strengthen their positions in the fragrance segment, which has",OR.PA-press-100,outsider_only
6.077,8.972,7.494,OR.PA-press-2026-03-27-2026-03-27-gdelt-estee-lauder-puig-explo,press,precursor,1,The merger could help the combined entity compete more effectively with L'Oreal.,OR.PA-press-100,outsider_only
5.817,4.952,7.365,OR.PA-press-2026-03-27-2026-03-27-gdelt-estee-lauder-puig-explo,press,consequence,-1,Estee Lauder's shares fell more than seven percent following the announcement of the potential merger.,OR.PA-press-100,outsider_only
4.752,8.911,10.439,OR.PA-press-2026-03-27-2026-03-27-gdelt-estee-lauder-puig-explo,press,precursor,1,The deal could support Estee Lauder's turnaround efforts as it faces weak consumer demand in the United States.,OR.PA-press-100,outsider_only
6.294,4.482,7.493,OR.PA-press-2026-03-27-2026-03-27-gdelt-estee-lauder-puig-explo,press,precursor,-1,"Puig has reported slowing growth in fragrances as sales normalize after the pandemic-era surge, which could weigh on fut",OR.PA-press-100,outsider_only
4.868,9.008,10.54,OR.PA-press-2026-03-27-2026-03-27-gdelt-estee-lauder-puig-explo,press,consequence,1,"Estee Lauder's fragrance segment grew nine percent in its latest quarterly results, supported by demand from younger con",OR.PA-press-100,outsider_only
5.931,9.96,7.935,OR.PA-press-2026-07-06-2026-07-06-gdelt-from-shampoo-to-cookies,press,precursor,1,"L'Oreal has used AI to identify molecules in its skincare products that can be repurposed for use in shampoo, enabling f",OR.PA-press-noise-504,outsider_only
6.499,10.034,8.327,OR.PA-press-2026-07-06-2026-07-06-gdelt-from-shampoo-to-cookies,press,precursor,1,"Consumer companies are using AI in product innovation, helping them test ingredients faster, generate recipe ideas, and ",OR.PA-press-noise-504,outsider_only
6.538,10.04,8.249,OR.PA-press-2026-07-06-2026-07-06-gdelt-from-shampoo-to-cookies,press,precursor,1,Mondelez's AI tool is reducing the number of samples typically generated through innovation and has helped develop new p,OR.PA-press-noise-504,outsider_only
6.673,10.01,8.28,OR.PA-press-2026-07-11-2026-07-11-gdelt-loreal-applies-ai-in-ke,press,precursor,1,The inauguration of the UPX Phase II smart manufacturing workshop and the launch of an industrial water management proje,OR.PA-press-noise-507,outsider_only
6.425,10.021,8.173,OR.PA-press-2026-07-11-2026-07-11-gdelt-loreal-applies-ai-in-ke,press,precursor,1,"The industrial water management project is aimed at saving over 180,000 metric tons of freshwater annually by the end of",OR.PA-press-noise-507,outsider_only
7.905,8.665,7.704,OR.PA-press-2026-07-16-2026-07-16-gdelt-the-wait-is-over-nykaa-,press,precursor,1,"Sumeet Industries Limited has completed a ₹199.75 Cr rights issue, which will be used to drive capacity expansion and lo",OR.PA-press-noise-509,outsider_only
5.318,7.5,9.534,OR.PA-press-2026-07-16-2026-07-16-gdelt-the-wait-is-over-nykaa-,press,precursor,1,"Monolithisch India has delivered a record quarterly performance, and its greenfield expansion is expected to set the sta",OR.PA-press-noise-509,outsider_only
8.882,6.276,2.168,OR.PA-press-2026-07-22-2026-07-22-gdelt-armani-parent-company-p,press,consequence,-1,The Italian antitrust authority imposed a €3.5 million fine on Giorgio Armani SpA for unfair commercial practices after ,OR.PA-press-noise-511,outsider_only
8.976,6.337,2.687,OR.PA-press-2026-07-22-2026-07-22-gdelt-armani-parent-company-p,press,precursor,-1,"The appeal of the Italian antitrust fine is expected to continue, with the company seeking annulment.",OR.PA-press-noise-511,outsider_only
7.211,4.009,7.226,OR.PA-press-2026-07-22-2026-07-22-gdelt-armani-parent-company-p,press,consequence,-1,Weak performance in the wholesale channel weighed down revenue.,OR.PA-press-noise-511,outsider_only
6.141,7.914,9.139,OR.PA-press-2026-07-24-2026-07-24-gdelt-loreal-sa-otcmkts-lrlcy,press,precursor,1,Citigroup upgraded L’Oreal from a “neutral” rating to a “buy” rating.,OR.PA-press-96,outsider_only
6.14,7.914,9.127,OR.PA-press-2026-07-24-2026-07-24-gdelt-loreal-sa-otcmkts-lrlcy,press,precursor,1,Berenberg Bank upgraded L’Oreal from a “hold” rating to a “buy” rating.,OR.PA-press-96,outsider_only
5.89,4.485,6.591,OR.PA-press-2026-07-24-2026-07-24-gdelt-loreal-sa-otcmkts-lrlcy,press,precursor,-1,Deutsche Bank Aktiengesellschaft downgraded L’Oreal from a “hold” rating to a “sell” rating.,OR.PA-press-96,outsider_only
6.09,7.914,9.114,OR.PA-press-2026-07-24-2026-07-24-gdelt-loreal-sa-otcmkts-lrlcy,press,precursor,1,BNP Paribas Exane raised shares of L’Oreal from an “underperform” rating to a “neutral” rating.,OR.PA-press-96,outsider_only
