canonical_id,rel_day,mean_car,sem_car,n_events
OR.PA-management-noise-643,1,0.086431,,1
OR.PA-management-noise-643,2,0.091175,,1
OR.PA-management-noise-643,3,0.081953,,1
OR.PA-management-noise-643,4,0.082181,,1
OR.PA-management-noise-643,5,0.080218,,1
OR.PA-management-noise-643,6,0.081943,,1
OR.PA-management-noise-643,7,0.064939,,1
OR.PA-management-noise-643,8,0.070011,,1
OR.PA-management-noise-643,9,0.10331,,1
OR.PA-management-noise-643,10,0.086517,,1
OR.PA-management-noise-643,11,0.076053,,1
OR.PA-management-noise-643,12,0.050312,,1
OR.PA-management-noise-643,13,0.065546,,1
OR.PA-management-noise-643,14,0.056943,,1
OR.PA-management-noise-643,15,0.066676,,1
OR.PA-management-noise-643,16,0.062144,,1
OR.PA-management-noise-643,17,0.064737,,1
OR.PA-management-noise-643,18,0.063415,,1
OR.PA-management-noise-643,19,0.072274,,1
OR.PA-management-noise-643,20,0.070685,,1
OR.PA-management-noise-643,21,0.077282,,1
OR.PA-management-noise-643,22,0.094232,,1
OR.PA-management-noise-643,23,0.09758,,1
OR.PA-management-noise-643,24,0.14354,,1
OR.PA-management-noise-643,25,0.146107,,1
OR.PA-management-noise-643,26,0.135942,,1
OR.PA-management-noise-643,27,0.128169,,1
OR.PA-management-noise-643,28,0.127214,,1
OR.PA-management-noise-643,29,0.105288,,1
OR.PA-management-noise-643,30,0.106997,,1
OR.PA-management-noise-639,1,0.086431,,1
OR.PA-management-noise-639,2,0.091175,,1
OR.PA-management-noise-639,3,0.081953,,1
OR.PA-management-noise-639,4,0.082181,,1
OR.PA-management-noise-639,5,0.080218,,1
OR.PA-management-noise-639,6,0.081943,,1
OR.PA-management-noise-639,7,0.064939,,1
OR.PA-management-noise-639,8,0.070011,,1
OR.PA-management-noise-639,9,0.10331,,1
OR.PA-management-noise-639,10,0.086517,,1
OR.PA-management-noise-639,11,0.076053,,1
OR.PA-management-noise-639,12,0.050312,,1
OR.PA-management-noise-639,13,0.065546,,1
OR.PA-management-noise-639,14,0.056943,,1
OR.PA-management-noise-639,15,0.066676,,1
OR.PA-management-noise-639,16,0.062144,,1
OR.PA-management-noise-639,17,0.064737,,1
OR.PA-management-noise-639,18,0.063415,,1
OR.PA-management-noise-639,19,0.072274,,1
OR.PA-management-noise-639,20,0.070685,,1
OR.PA-management-noise-639,21,0.077282,,1
OR.PA-management-noise-639,22,0.094232,,1
OR.PA-management-noise-639,23,0.09758,,1
OR.PA-management-noise-639,24,0.14354,,1
OR.PA-management-noise-639,25,0.146107,,1
OR.PA-management-noise-639,26,0.135942,,1
OR.PA-management-noise-639,27,0.128169,,1
OR.PA-management-noise-639,28,0.127214,,1
OR.PA-management-noise-639,29,0.105288,,1
OR.PA-management-noise-639,30,0.106997,,1
OR.PA-management-noise-638,1,0.086431,,1
OR.PA-management-noise-638,2,0.091175,,1
OR.PA-management-noise-638,3,0.081953,,1
OR.PA-management-noise-638,4,0.082181,,1
OR.PA-management-noise-638,5,0.080218,,1
OR.PA-management-noise-638,6,0.081943,,1
OR.PA-management-noise-638,7,0.064939,,1
OR.PA-management-noise-638,8,0.070011,,1
OR.PA-management-noise-638,9,0.10331,,1
OR.PA-management-noise-638,10,0.086517,,1
OR.PA-management-noise-638,11,0.076053,,1
OR.PA-management-noise-638,12,0.050312,,1
OR.PA-management-noise-638,13,0.065546,,1
OR.PA-management-noise-638,14,0.056943,,1
OR.PA-management-noise-638,15,0.066676,,1
OR.PA-management-noise-638,16,0.062144,,1
OR.PA-management-noise-638,17,0.064737,,1
OR.PA-management-noise-638,18,0.063415,,1
OR.PA-management-noise-638,19,0.072274,,1
OR.PA-management-noise-638,20,0.070685,,1
OR.PA-management-noise-638,21,0.077282,,1
OR.PA-management-noise-638,22,0.094232,,1
OR.PA-management-noise-638,23,0.09758,,1
OR.PA-management-noise-638,24,0.14354,,1
OR.PA-management-noise-638,25,0.146107,,1
OR.PA-management-noise-638,26,0.135942,,1
OR.PA-management-noise-638,27,0.128169,,1
OR.PA-management-noise-638,28,0.127214,,1
OR.PA-management-noise-638,29,0.105288,,1
OR.PA-management-noise-638,30,0.106997,,1
OR.PA-management-noise-637,1,0.086431,,1
OR.PA-management-noise-637,2,0.091175,,1
OR.PA-management-noise-637,3,0.081953,,1
OR.PA-management-noise-637,4,0.082181,,1
OR.PA-management-noise-637,5,0.080218,,1
OR.PA-management-noise-637,6,0.081943,,1
OR.PA-management-noise-637,7,0.064939,,1
OR.PA-management-noise-637,8,0.070011,,1
OR.PA-management-noise-637,9,0.10331,,1
OR.PA-management-noise-637,10,0.086517,,1
OR.PA-management-noise-637,11,0.076053,,1
OR.PA-management-noise-637,12,0.050312,,1
OR.PA-management-noise-637,13,0.065546,,1
OR.PA-management-noise-637,14,0.056943,,1
OR.PA-management-noise-637,15,0.066676,,1
OR.PA-management-noise-637,16,0.062144,,1
OR.PA-management-noise-637,17,0.064737,,1
OR.PA-management-noise-637,18,0.063415,,1
OR.PA-management-noise-637,19,0.072274,,1
OR.PA-management-noise-637,20,0.070685,,1
OR.PA-management-noise-637,21,0.077282,,1
OR.PA-management-noise-637,22,0.094232,,1
OR.PA-management-noise-637,23,0.09758,,1
OR.PA-management-noise-637,24,0.14354,,1
OR.PA-management-noise-637,25,0.146107,,1
OR.PA-management-noise-637,26,0.135942,,1
OR.PA-management-noise-637,27,0.128169,,1
OR.PA-management-noise-637,28,0.127214,,1
OR.PA-management-noise-637,29,0.105288,,1
OR.PA-management-noise-637,30,0.106997,,1
OR.PA-management-noise-636,1,0.086431,,1
OR.PA-management-noise-636,2,0.091175,,1
OR.PA-management-noise-636,3,0.081953,,1
OR.PA-management-noise-636,4,0.082181,,1
OR.PA-management-noise-636,5,0.080218,,1
OR.PA-management-noise-636,6,0.081943,,1
OR.PA-management-noise-636,7,0.064939,,1
OR.PA-management-noise-636,8,0.070011,,1
OR.PA-management-noise-636,9,0.10331,,1
OR.PA-management-noise-636,10,0.086517,,1
OR.PA-management-noise-636,11,0.076053,,1
OR.PA-management-noise-636,12,0.050312,,1
OR.PA-management-noise-636,13,0.065546,,1
OR.PA-management-noise-636,14,0.056943,,1
OR.PA-management-noise-636,15,0.066676,,1
OR.PA-management-noise-636,16,0.062144,,1
OR.PA-management-noise-636,17,0.064737,,1
OR.PA-management-noise-636,18,0.063415,,1
OR.PA-management-noise-636,19,0.072274,,1
OR.PA-management-noise-636,20,0.070685,,1
OR.PA-management-noise-636,21,0.077282,,1
OR.PA-management-noise-636,22,0.094232,,1
OR.PA-management-noise-636,23,0.09758,,1
OR.PA-management-noise-636,24,0.14354,,1
OR.PA-management-noise-636,25,0.146107,,1
OR.PA-management-noise-636,26,0.135942,,1
OR.PA-management-noise-636,27,0.128169,,1
OR.PA-management-noise-636,28,0.127214,,1
OR.PA-management-noise-636,29,0.105288,,1
OR.PA-management-noise-636,30,0.106997,,1
OR.PA-management-noise-635,1,0.086431,,1
OR.PA-management-noise-635,2,0.091175,,1
OR.PA-management-noise-635,3,0.081953,,1
OR.PA-management-noise-635,4,0.082181,,1
OR.PA-management-noise-635,5,0.080218,,1
OR.PA-management-noise-635,6,0.081943,,1
OR.PA-management-noise-635,7,0.064939,,1
OR.PA-management-noise-635,8,0.070011,,1
OR.PA-management-noise-635,9,0.10331,,1
OR.PA-management-noise-635,10,0.086517,,1
OR.PA-management-noise-635,11,0.076053,,1
OR.PA-management-noise-635,12,0.050312,,1
OR.PA-management-noise-635,13,0.065546,,1
OR.PA-management-noise-635,14,0.056943,,1
OR.PA-management-noise-635,15,0.066676,,1
OR.PA-management-noise-635,16,0.062144,,1
OR.PA-management-noise-635,17,0.064737,,1
OR.PA-management-noise-635,18,0.063415,,1
OR.PA-management-noise-635,19,0.072274,,1
OR.PA-management-noise-635,20,0.070685,,1
OR.PA-management-noise-635,21,0.077282,,1
OR.PA-management-noise-635,22,0.094232,,1
OR.PA-management-noise-635,23,0.09758,,1
OR.PA-management-noise-635,24,0.14354,,1
OR.PA-management-noise-635,25,0.146107,,1
OR.PA-management-noise-635,26,0.135942,,1
OR.PA-management-noise-635,27,0.128169,,1
OR.PA-management-noise-635,28,0.127214,,1
OR.PA-management-noise-635,29,0.105288,,1
OR.PA-management-noise-635,30,0.106997,,1
OR.PA-management-noise-634,1,0.086431,,1
OR.PA-management-noise-634,2,0.091175,,1
OR.PA-management-noise-634,3,0.081953,,1
OR.PA-management-noise-634,4,0.082181,,1
OR.PA-management-noise-634,5,0.080218,,1
OR.PA-management-noise-634,6,0.081943,,1
OR.PA-management-noise-634,7,0.064939,,1
OR.PA-management-noise-634,8,0.070011,,1
OR.PA-management-noise-634,9,0.10331,,1
OR.PA-management-noise-634,10,0.086517,,1
OR.PA-management-noise-634,11,0.076053,,1
OR.PA-management-noise-634,12,0.050312,,1
OR.PA-management-noise-634,13,0.065546,,1
OR.PA-management-noise-634,14,0.056943,,1
OR.PA-management-noise-634,15,0.066676,,1
OR.PA-management-noise-634,16,0.062144,,1
OR.PA-management-noise-634,17,0.064737,,1
OR.PA-management-noise-634,18,0.063415,,1
OR.PA-management-noise-634,19,0.072274,,1
OR.PA-management-noise-634,20,0.070685,,1
OR.PA-management-noise-634,21,0.077282,,1
OR.PA-management-noise-634,22,0.094232,,1
OR.PA-management-noise-634,23,0.09758,,1
OR.PA-management-noise-634,24,0.14354,,1
OR.PA-management-noise-634,25,0.146107,,1
OR.PA-management-noise-634,26,0.135942,,1
OR.PA-management-noise-634,27,0.128169,,1
OR.PA-management-noise-634,28,0.127214,,1
OR.PA-management-noise-634,29,0.105288,,1
OR.PA-management-noise-634,30,0.106997,,1
OR.PA-management-noise-633,1,0.086431,,1
OR.PA-management-noise-633,2,0.091175,,1
OR.PA-management-noise-633,3,0.081953,,1
OR.PA-management-noise-633,4,0.082181,,1
OR.PA-management-noise-633,5,0.080218,,1
OR.PA-management-noise-633,6,0.081943,,1
OR.PA-management-noise-633,7,0.064939,,1
OR.PA-management-noise-633,8,0.070011,,1
OR.PA-management-noise-633,9,0.10331,,1
OR.PA-management-noise-633,10,0.086517,,1
OR.PA-management-noise-633,11,0.076053,,1
OR.PA-management-noise-633,12,0.050312,,1
OR.PA-management-noise-633,13,0.065546,,1
OR.PA-management-noise-633,14,0.056943,,1
OR.PA-management-noise-633,15,0.066676,,1
OR.PA-management-noise-633,16,0.062144,,1
OR.PA-management-noise-633,17,0.064737,,1
OR.PA-management-noise-633,18,0.063415,,1
OR.PA-management-noise-633,19,0.072274,,1
OR.PA-management-noise-633,20,0.070685,,1
OR.PA-management-noise-633,21,0.077282,,1
OR.PA-management-noise-633,22,0.094232,,1
OR.PA-management-noise-633,23,0.09758,,1
OR.PA-management-noise-633,24,0.14354,,1
OR.PA-management-noise-633,25,0.146107,,1
OR.PA-management-noise-633,26,0.135942,,1
OR.PA-management-noise-633,27,0.128169,,1
OR.PA-management-noise-633,28,0.127214,,1
OR.PA-management-noise-633,29,0.105288,,1
OR.PA-management-noise-633,30,0.106997,,1
OR.PA-management-noise-632,1,0.086431,,1
OR.PA-management-noise-632,2,0.091175,,1
OR.PA-management-noise-632,3,0.081953,,1
OR.PA-management-noise-632,4,0.082181,,1
OR.PA-management-noise-632,5,0.080218,,1
OR.PA-management-noise-632,6,0.081943,,1
OR.PA-management-noise-632,7,0.064939,,1
OR.PA-management-noise-632,8,0.070011,,1
OR.PA-management-noise-632,9,0.10331,,1
OR.PA-management-noise-632,10,0.086517,,1
OR.PA-management-noise-632,11,0.076053,,1
OR.PA-management-noise-632,12,0.050312,,1
OR.PA-management-noise-632,13,0.065546,,1
OR.PA-management-noise-632,14,0.056943,,1
OR.PA-management-noise-632,15,0.066676,,1
OR.PA-management-noise-632,16,0.062144,,1
OR.PA-management-noise-632,17,0.064737,,1
OR.PA-management-noise-632,18,0.063415,,1
OR.PA-management-noise-632,19,0.072274,,1
OR.PA-management-noise-632,20,0.070685,,1
OR.PA-management-noise-632,21,0.077282,,1
OR.PA-management-noise-632,22,0.094232,,1
OR.PA-management-noise-632,23,0.09758,,1
OR.PA-management-noise-632,24,0.14354,,1
OR.PA-management-noise-632,25,0.146107,,1
OR.PA-management-noise-632,26,0.135942,,1
OR.PA-management-noise-632,27,0.128169,,1
OR.PA-management-noise-632,28,0.127214,,1
OR.PA-management-noise-632,29,0.105288,,1
OR.PA-management-noise-632,30,0.106997,,1
OR.PA-management-noise-631,1,0.086431,,1
OR.PA-management-noise-631,2,0.091175,,1
OR.PA-management-noise-631,3,0.081953,,1
OR.PA-management-noise-631,4,0.082181,,1
OR.PA-management-noise-631,5,0.080218,,1
OR.PA-management-noise-631,6,0.081943,,1
OR.PA-management-noise-631,7,0.064939,,1
OR.PA-management-noise-631,8,0.070011,,1
OR.PA-management-noise-631,9,0.10331,,1
OR.PA-management-noise-631,10,0.086517,,1
OR.PA-management-noise-631,11,0.076053,,1
OR.PA-management-noise-631,12,0.050312,,1
OR.PA-management-noise-631,13,0.065546,,1
OR.PA-management-noise-631,14,0.056943,,1
OR.PA-management-noise-631,15,0.066676,,1
OR.PA-management-noise-631,16,0.062144,,1
OR.PA-management-noise-631,17,0.064737,,1
OR.PA-management-noise-631,18,0.063415,,1
OR.PA-management-noise-631,19,0.072274,,1
OR.PA-management-noise-631,20,0.070685,,1
OR.PA-management-noise-631,21,0.077282,,1
OR.PA-management-noise-631,22,0.094232,,1
OR.PA-management-noise-631,23,0.09758,,1
OR.PA-management-noise-631,24,0.14354,,1
OR.PA-management-noise-631,25,0.146107,,1
OR.PA-management-noise-631,26,0.135942,,1
OR.PA-management-noise-631,27,0.128169,,1
OR.PA-management-noise-631,28,0.127214,,1
OR.PA-management-noise-631,29,0.105288,,1
OR.PA-management-noise-631,30,0.106997,,1
OR.PA-management-noise-630,1,0.086431,,1
OR.PA-management-noise-630,2,0.091175,,1
OR.PA-management-noise-630,3,0.081953,,1
OR.PA-management-noise-630,4,0.082181,,1
OR.PA-management-noise-630,5,0.080218,,1
OR.PA-management-noise-630,6,0.081943,,1
OR.PA-management-noise-630,7,0.064939,,1
OR.PA-management-noise-630,8,0.070011,,1
OR.PA-management-noise-630,9,0.10331,,1
OR.PA-management-noise-630,10,0.086517,,1
OR.PA-management-noise-630,11,0.076053,,1
OR.PA-management-noise-630,12,0.050312,,1
OR.PA-management-noise-630,13,0.065546,,1
OR.PA-management-noise-630,14,0.056943,,1
OR.PA-management-noise-630,15,0.066676,,1
OR.PA-management-noise-630,16,0.062144,,1
OR.PA-management-noise-630,17,0.064737,,1
OR.PA-management-noise-630,18,0.063415,,1
OR.PA-management-noise-630,19,0.072274,,1
OR.PA-management-noise-630,20,0.070685,,1
OR.PA-management-noise-630,21,0.077282,,1
OR.PA-management-noise-630,22,0.094232,,1
OR.PA-management-noise-630,23,0.09758,,1
OR.PA-management-noise-630,24,0.14354,,1
OR.PA-management-noise-630,25,0.146107,,1
OR.PA-management-noise-630,26,0.135942,,1
OR.PA-management-noise-630,27,0.128169,,1
OR.PA-management-noise-630,28,0.127214,,1
OR.PA-management-noise-630,29,0.105288,,1
OR.PA-management-noise-630,30,0.106997,,1
OR.PA-management-noise-629,1,0.086431,,1
OR.PA-management-noise-629,2,0.091175,,1
OR.PA-management-noise-629,3,0.081953,,1
OR.PA-management-noise-629,4,0.082181,,1
OR.PA-management-noise-629,5,0.080218,,1
OR.PA-management-noise-629,6,0.081943,,1
OR.PA-management-noise-629,7,0.064939,,1
OR.PA-management-noise-629,8,0.070011,,1
OR.PA-management-noise-629,9,0.10331,,1
OR.PA-management-noise-629,10,0.086517,,1
OR.PA-management-noise-629,11,0.076053,,1
OR.PA-management-noise-629,12,0.050312,,1
OR.PA-management-noise-629,13,0.065546,,1
OR.PA-management-noise-629,14,0.056943,,1
OR.PA-management-noise-629,15,0.066676,,1
OR.PA-management-noise-629,16,0.062144,,1
OR.PA-management-noise-629,17,0.064737,,1
OR.PA-management-noise-629,18,0.063415,,1
OR.PA-management-noise-629,19,0.072274,,1
OR.PA-management-noise-629,20,0.070685,,1
OR.PA-management-noise-629,21,0.077282,,1
OR.PA-management-noise-629,22,0.094232,,1
OR.PA-management-noise-629,23,0.09758,,1
OR.PA-management-noise-629,24,0.14354,,1
OR.PA-management-noise-629,25,0.146107,,1
OR.PA-management-noise-629,26,0.135942,,1
OR.PA-management-noise-629,27,0.128169,,1
OR.PA-management-noise-629,28,0.127214,,1
OR.PA-management-noise-629,29,0.105288,,1
OR.PA-management-noise-629,30,0.106997,,1
OR.PA-management-noise-628,1,0.086431,,1
OR.PA-management-noise-628,2,0.091175,,1
OR.PA-management-noise-628,3,0.081953,,1
OR.PA-management-noise-628,4,0.082181,,1
OR.PA-management-noise-628,5,0.080218,,1
OR.PA-management-noise-628,6,0.081943,,1
OR.PA-management-noise-628,7,0.064939,,1
OR.PA-management-noise-628,8,0.070011,,1
OR.PA-management-noise-628,9,0.10331,,1
OR.PA-management-noise-628,10,0.086517,,1
OR.PA-management-noise-628,11,0.076053,,1
OR.PA-management-noise-628,12,0.050312,,1
OR.PA-management-noise-628,13,0.065546,,1
OR.PA-management-noise-628,14,0.056943,,1
OR.PA-management-noise-628,15,0.066676,,1
OR.PA-management-noise-628,16,0.062144,,1
OR.PA-management-noise-628,17,0.064737,,1
OR.PA-management-noise-628,18,0.063415,,1
OR.PA-management-noise-628,19,0.072274,,1
OR.PA-management-noise-628,20,0.070685,,1
OR.PA-management-noise-628,21,0.077282,,1
OR.PA-management-noise-628,22,0.094232,,1
OR.PA-management-noise-628,23,0.09758,,1
OR.PA-management-noise-628,24,0.14354,,1
OR.PA-management-noise-628,25,0.146107,,1
OR.PA-management-noise-628,26,0.135942,,1
OR.PA-management-noise-628,27,0.128169,,1
OR.PA-management-noise-628,28,0.127214,,1
OR.PA-management-noise-628,29,0.105288,,1
OR.PA-management-noise-628,30,0.106997,,1
OR.PA-management-noise-627,1,0.086431,,1
OR.PA-management-noise-627,2,0.091175,,1
OR.PA-management-noise-627,3,0.081953,,1
OR.PA-management-noise-627,4,0.082181,,1
OR.PA-management-noise-627,5,0.080218,,1
OR.PA-management-noise-627,6,0.081943,,1
OR.PA-management-noise-627,7,0.064939,,1
OR.PA-management-noise-627,8,0.070011,,1
OR.PA-management-noise-627,9,0.10331,,1
OR.PA-management-noise-627,10,0.086517,,1
OR.PA-management-noise-627,11,0.076053,,1
OR.PA-management-noise-627,12,0.050312,,1
OR.PA-management-noise-627,13,0.065546,,1
OR.PA-management-noise-627,14,0.056943,,1
OR.PA-management-noise-627,15,0.066676,,1
OR.PA-management-noise-627,16,0.062144,,1
OR.PA-management-noise-627,17,0.064737,,1
OR.PA-management-noise-627,18,0.063415,,1
OR.PA-management-noise-627,19,0.072274,,1
OR.PA-management-noise-627,20,0.070685,,1
OR.PA-management-noise-627,21,0.077282,,1
OR.PA-management-noise-627,22,0.094232,,1
OR.PA-management-noise-627,23,0.09758,,1
OR.PA-management-noise-627,24,0.14354,,1
OR.PA-management-noise-627,25,0.146107,,1
OR.PA-management-noise-627,26,0.135942,,1
OR.PA-management-noise-627,27,0.128169,,1
OR.PA-management-noise-627,28,0.127214,,1
OR.PA-management-noise-627,29,0.105288,,1
OR.PA-management-noise-627,30,0.106997,,1
OR.PA-management-noise-626,1,0.086431,,1
OR.PA-management-noise-626,2,0.091175,,1
OR.PA-management-noise-626,3,0.081953,,1
OR.PA-management-noise-626,4,0.082181,,1
OR.PA-management-noise-626,5,0.080218,,1
OR.PA-management-noise-626,6,0.081943,,1
OR.PA-management-noise-626,7,0.064939,,1
OR.PA-management-noise-626,8,0.070011,,1
OR.PA-management-noise-626,9,0.10331,,1
OR.PA-management-noise-626,10,0.086517,,1
OR.PA-management-noise-626,11,0.076053,,1
OR.PA-management-noise-626,12,0.050312,,1
OR.PA-management-noise-626,13,0.065546,,1
OR.PA-management-noise-626,14,0.056943,,1
OR.PA-management-noise-626,15,0.066676,,1
OR.PA-management-noise-626,16,0.062144,,1
OR.PA-management-noise-626,17,0.064737,,1
OR.PA-management-noise-626,18,0.063415,,1
OR.PA-management-noise-626,19,0.072274,,1
OR.PA-management-noise-626,20,0.070685,,1
OR.PA-management-noise-626,21,0.077282,,1
OR.PA-management-noise-626,22,0.094232,,1
OR.PA-management-noise-626,23,0.09758,,1
OR.PA-management-noise-626,24,0.14354,,1
OR.PA-management-noise-626,25,0.146107,,1
OR.PA-management-noise-626,26,0.135942,,1
OR.PA-management-noise-626,27,0.128169,,1
OR.PA-management-noise-626,28,0.127214,,1
OR.PA-management-noise-626,29,0.105288,,1
OR.PA-management-noise-626,30,0.106997,,1
OR.PA-management-noise-625,1,0.086431,,1
OR.PA-management-noise-625,2,0.091175,,1
OR.PA-management-noise-625,3,0.081953,,1
OR.PA-management-noise-625,4,0.082181,,1
OR.PA-management-noise-625,5,0.080218,,1
OR.PA-management-noise-625,6,0.081943,,1
OR.PA-management-noise-625,7,0.064939,,1
OR.PA-management-noise-625,8,0.070011,,1
OR.PA-management-noise-625,9,0.10331,,1
OR.PA-management-noise-625,10,0.086517,,1
OR.PA-management-noise-625,11,0.076053,,1
OR.PA-management-noise-625,12,0.050312,,1
OR.PA-management-noise-625,13,0.065546,,1
OR.PA-management-noise-625,14,0.056943,,1
OR.PA-management-noise-625,15,0.066676,,1
OR.PA-management-noise-625,16,0.062144,,1
OR.PA-management-noise-625,17,0.064737,,1
OR.PA-management-noise-625,18,0.063415,,1
OR.PA-management-noise-625,19,0.072274,,1
OR.PA-management-noise-625,20,0.070685,,1
OR.PA-management-noise-625,21,0.077282,,1
OR.PA-management-noise-625,22,0.094232,,1
OR.PA-management-noise-625,23,0.09758,,1
OR.PA-management-noise-625,24,0.14354,,1
OR.PA-management-noise-625,25,0.146107,,1
OR.PA-management-noise-625,26,0.135942,,1
OR.PA-management-noise-625,27,0.128169,,1
OR.PA-management-noise-625,28,0.127214,,1
OR.PA-management-noise-625,29,0.105288,,1
OR.PA-management-noise-625,30,0.106997,,1
OR.PA-management-noise-624,1,0.086431,,1
OR.PA-management-noise-624,2,0.091175,,1
OR.PA-management-noise-624,3,0.081953,,1
OR.PA-management-noise-624,4,0.082181,,1
OR.PA-management-noise-624,5,0.080218,,1
OR.PA-management-noise-624,6,0.081943,,1
OR.PA-management-noise-624,7,0.064939,,1
OR.PA-management-noise-624,8,0.070011,,1
OR.PA-management-noise-624,9,0.10331,,1
OR.PA-management-noise-624,10,0.086517,,1
OR.PA-management-noise-624,11,0.076053,,1
OR.PA-management-noise-624,12,0.050312,,1
OR.PA-management-noise-624,13,0.065546,,1
OR.PA-management-noise-624,14,0.056943,,1
OR.PA-management-noise-624,15,0.066676,,1
OR.PA-management-noise-624,16,0.062144,,1
OR.PA-management-noise-624,17,0.064737,,1
OR.PA-management-noise-624,18,0.063415,,1
OR.PA-management-noise-624,19,0.072274,,1
OR.PA-management-noise-624,20,0.070685,,1
OR.PA-management-noise-624,21,0.077282,,1
OR.PA-management-noise-624,22,0.094232,,1
OR.PA-management-noise-624,23,0.09758,,1
OR.PA-management-noise-624,24,0.14354,,1
OR.PA-management-noise-624,25,0.146107,,1
OR.PA-management-noise-624,26,0.135942,,1
OR.PA-management-noise-624,27,0.128169,,1
OR.PA-management-noise-624,28,0.127214,,1
OR.PA-management-noise-624,29,0.105288,,1
OR.PA-management-noise-624,30,0.106997,,1
OR.PA-management-noise-623,1,0.086431,,1
OR.PA-management-noise-623,2,0.091175,,1
OR.PA-management-noise-623,3,0.081953,,1
OR.PA-management-noise-623,4,0.082181,,1
OR.PA-management-noise-623,5,0.080218,,1
OR.PA-management-noise-623,6,0.081943,,1
OR.PA-management-noise-623,7,0.064939,,1
OR.PA-management-noise-623,8,0.070011,,1
OR.PA-management-noise-623,9,0.10331,,1
OR.PA-management-noise-623,10,0.086517,,1
OR.PA-management-noise-623,11,0.076053,,1
OR.PA-management-noise-623,12,0.050312,,1
OR.PA-management-noise-623,13,0.065546,,1
OR.PA-management-noise-623,14,0.056943,,1
OR.PA-management-noise-623,15,0.066676,,1
OR.PA-management-noise-623,16,0.062144,,1
OR.PA-management-noise-623,17,0.064737,,1
OR.PA-management-noise-623,18,0.063415,,1
OR.PA-management-noise-623,19,0.072274,,1
OR.PA-management-noise-623,20,0.070685,,1
OR.PA-management-noise-623,21,0.077282,,1
OR.PA-management-noise-623,22,0.094232,,1
OR.PA-management-noise-623,23,0.09758,,1
OR.PA-management-noise-623,24,0.14354,,1
OR.PA-management-noise-623,25,0.146107,,1
OR.PA-management-noise-623,26,0.135942,,1
OR.PA-management-noise-623,27,0.128169,,1
OR.PA-management-noise-623,28,0.127214,,1
OR.PA-management-noise-623,29,0.105288,,1
OR.PA-management-noise-623,30,0.106997,,1
OR.PA-management-noise-622,1,0.086431,,1
OR.PA-management-noise-622,2,0.091175,,1
OR.PA-management-noise-622,3,0.081953,,1
OR.PA-management-noise-622,4,0.082181,,1
OR.PA-management-noise-622,5,0.080218,,1
OR.PA-management-noise-622,6,0.081943,,1
OR.PA-management-noise-622,7,0.064939,,1
OR.PA-management-noise-622,8,0.070011,,1
OR.PA-management-noise-622,9,0.10331,,1
OR.PA-management-noise-622,10,0.086517,,1
OR.PA-management-noise-622,11,0.076053,,1
OR.PA-management-noise-622,12,0.050312,,1
OR.PA-management-noise-622,13,0.065546,,1
OR.PA-management-noise-622,14,0.056943,,1
OR.PA-management-noise-622,15,0.066676,,1
OR.PA-management-noise-622,16,0.062144,,1
OR.PA-management-noise-622,17,0.064737,,1
OR.PA-management-noise-622,18,0.063415,,1
OR.PA-management-noise-622,19,0.072274,,1
OR.PA-management-noise-622,20,0.070685,,1
OR.PA-management-noise-622,21,0.077282,,1
OR.PA-management-noise-622,22,0.094232,,1
OR.PA-management-noise-622,23,0.09758,,1
OR.PA-management-noise-622,24,0.14354,,1
OR.PA-management-noise-622,25,0.146107,,1
OR.PA-management-noise-622,26,0.135942,,1
OR.PA-management-noise-622,27,0.128169,,1
OR.PA-management-noise-622,28,0.127214,,1
OR.PA-management-noise-622,29,0.105288,,1
OR.PA-management-noise-622,30,0.106997,,1
OR.PA-management-noise-621,1,0.086431,,1
OR.PA-management-noise-621,2,0.091175,,1
OR.PA-management-noise-621,3,0.081953,,1
OR.PA-management-noise-621,4,0.082181,,1
OR.PA-management-noise-621,5,0.080218,,1
OR.PA-management-noise-621,6,0.081943,,1
OR.PA-management-noise-621,7,0.064939,,1
OR.PA-management-noise-621,8,0.070011,,1
OR.PA-management-noise-621,9,0.10331,,1
OR.PA-management-noise-621,10,0.086517,,1
OR.PA-management-noise-621,11,0.076053,,1
OR.PA-management-noise-621,12,0.050312,,1
OR.PA-management-noise-621,13,0.065546,,1
OR.PA-management-noise-621,14,0.056943,,1
OR.PA-management-noise-621,15,0.066676,,1
OR.PA-management-noise-621,16,0.062144,,1
OR.PA-management-noise-621,17,0.064737,,1
OR.PA-management-noise-621,18,0.063415,,1
OR.PA-management-noise-621,19,0.072274,,1
OR.PA-management-noise-621,20,0.070685,,1
OR.PA-management-noise-621,21,0.077282,,1
OR.PA-management-noise-621,22,0.094232,,1
OR.PA-management-noise-621,23,0.09758,,1
OR.PA-management-noise-621,24,0.14354,,1
OR.PA-management-noise-621,25,0.146107,,1
OR.PA-management-noise-621,26,0.135942,,1
OR.PA-management-noise-621,27,0.128169,,1
OR.PA-management-noise-621,28,0.127214,,1
OR.PA-management-noise-621,29,0.105288,,1
OR.PA-management-noise-621,30,0.106997,,1
OR.PA-management-noise-620,1,0.086431,,1
OR.PA-management-noise-620,2,0.091175,,1
OR.PA-management-noise-620,3,0.081953,,1
OR.PA-management-noise-620,4,0.082181,,1
OR.PA-management-noise-620,5,0.080218,,1
OR.PA-management-noise-620,6,0.081943,,1
OR.PA-management-noise-620,7,0.064939,,1
OR.PA-management-noise-620,8,0.070011,,1
OR.PA-management-noise-620,9,0.10331,,1
OR.PA-management-noise-620,10,0.086517,,1
OR.PA-management-noise-620,11,0.076053,,1
OR.PA-management-noise-620,12,0.050312,,1
OR.PA-management-noise-620,13,0.065546,,1
OR.PA-management-noise-620,14,0.056943,,1
OR.PA-management-noise-620,15,0.066676,,1
OR.PA-management-noise-620,16,0.062144,,1
OR.PA-management-noise-620,17,0.064737,,1
OR.PA-management-noise-620,18,0.063415,,1
OR.PA-management-noise-620,19,0.072274,,1
OR.PA-management-noise-620,20,0.070685,,1
OR.PA-management-noise-620,21,0.077282,,1
OR.PA-management-noise-620,22,0.094232,,1
OR.PA-management-noise-620,23,0.09758,,1
OR.PA-management-noise-620,24,0.14354,,1
OR.PA-management-noise-620,25,0.146107,,1
OR.PA-management-noise-620,26,0.135942,,1
OR.PA-management-noise-620,27,0.128169,,1
OR.PA-management-noise-620,28,0.127214,,1
OR.PA-management-noise-620,29,0.105288,,1
OR.PA-management-noise-620,30,0.106997,,1
OR.PA-management-noise-619,1,0.086431,,1
OR.PA-management-noise-619,2,0.091175,,1
OR.PA-management-noise-619,3,0.081953,,1
OR.PA-management-noise-619,4,0.082181,,1
OR.PA-management-noise-619,5,0.080218,,1
OR.PA-management-noise-619,6,0.081943,,1
OR.PA-management-noise-619,7,0.064939,,1
OR.PA-management-noise-619,8,0.070011,,1
OR.PA-management-noise-619,9,0.10331,,1
OR.PA-management-noise-619,10,0.086517,,1
OR.PA-management-noise-619,11,0.076053,,1
OR.PA-management-noise-619,12,0.050312,,1
OR.PA-management-noise-619,13,0.065546,,1
OR.PA-management-noise-619,14,0.056943,,1
OR.PA-management-noise-619,15,0.066676,,1
OR.PA-management-noise-619,16,0.062144,,1
OR.PA-management-noise-619,17,0.064737,,1
OR.PA-management-noise-619,18,0.063415,,1
OR.PA-management-noise-619,19,0.072274,,1
OR.PA-management-noise-619,20,0.070685,,1
OR.PA-management-noise-619,21,0.077282,,1
OR.PA-management-noise-619,22,0.094232,,1
OR.PA-management-noise-619,23,0.09758,,1
OR.PA-management-noise-619,24,0.14354,,1
OR.PA-management-noise-619,25,0.146107,,1
OR.PA-management-noise-619,26,0.135942,,1
OR.PA-management-noise-619,27,0.128169,,1
OR.PA-management-noise-619,28,0.127214,,1
OR.PA-management-noise-619,29,0.105288,,1
OR.PA-management-noise-619,30,0.106997,,1
OR.PA-management-noise-618,1,0.086431,,1
OR.PA-management-noise-618,2,0.091175,,1
OR.PA-management-noise-618,3,0.081953,,1
OR.PA-management-noise-618,4,0.082181,,1
OR.PA-management-noise-618,5,0.080218,,1
OR.PA-management-noise-618,6,0.081943,,1
OR.PA-management-noise-618,7,0.064939,,1
OR.PA-management-noise-618,8,0.070011,,1
OR.PA-management-noise-618,9,0.10331,,1
OR.PA-management-noise-618,10,0.086517,,1
OR.PA-management-noise-618,11,0.076053,,1
OR.PA-management-noise-618,12,0.050312,,1
OR.PA-management-noise-618,13,0.065546,,1
OR.PA-management-noise-618,14,0.056943,,1
OR.PA-management-noise-618,15,0.066676,,1
OR.PA-management-noise-618,16,0.062144,,1
OR.PA-management-noise-618,17,0.064737,,1
OR.PA-management-noise-618,18,0.063415,,1
OR.PA-management-noise-618,19,0.072274,,1
OR.PA-management-noise-618,20,0.070685,,1
OR.PA-management-noise-618,21,0.077282,,1
OR.PA-management-noise-618,22,0.094232,,1
OR.PA-management-noise-618,23,0.09758,,1
OR.PA-management-noise-618,24,0.14354,,1
OR.PA-management-noise-618,25,0.146107,,1
OR.PA-management-noise-618,26,0.135942,,1
OR.PA-management-noise-618,27,0.128169,,1
OR.PA-management-noise-618,28,0.127214,,1
OR.PA-management-noise-618,29,0.105288,,1
OR.PA-management-noise-618,30,0.106997,,1
OR.PA-management-noise-617,1,0.086431,,1
OR.PA-management-noise-617,2,0.091175,,1
OR.PA-management-noise-617,3,0.081953,,1
OR.PA-management-noise-617,4,0.082181,,1
OR.PA-management-noise-617,5,0.080218,,1
OR.PA-management-noise-617,6,0.081943,,1
OR.PA-management-noise-617,7,0.064939,,1
OR.PA-management-noise-617,8,0.070011,,1
OR.PA-management-noise-617,9,0.10331,,1
OR.PA-management-noise-617,10,0.086517,,1
OR.PA-management-noise-617,11,0.076053,,1
OR.PA-management-noise-617,12,0.050312,,1
OR.PA-management-noise-617,13,0.065546,,1
OR.PA-management-noise-617,14,0.056943,,1
OR.PA-management-noise-617,15,0.066676,,1
OR.PA-management-noise-617,16,0.062144,,1
OR.PA-management-noise-617,17,0.064737,,1
OR.PA-management-noise-617,18,0.063415,,1
OR.PA-management-noise-617,19,0.072274,,1
OR.PA-management-noise-617,20,0.070685,,1
OR.PA-management-noise-617,21,0.077282,,1
OR.PA-management-noise-617,22,0.094232,,1
OR.PA-management-noise-617,23,0.09758,,1
OR.PA-management-noise-617,24,0.14354,,1
OR.PA-management-noise-617,25,0.146107,,1
OR.PA-management-noise-617,26,0.135942,,1
OR.PA-management-noise-617,27,0.128169,,1
OR.PA-management-noise-617,28,0.127214,,1
OR.PA-management-noise-617,29,0.105288,,1
OR.PA-management-noise-617,30,0.106997,,1
OR.PA-management-noise-616,1,0.086431,,1
OR.PA-management-noise-616,2,0.091175,,1
OR.PA-management-noise-616,3,0.081953,,1
OR.PA-management-noise-616,4,0.082181,,1
OR.PA-management-noise-616,5,0.080218,,1
OR.PA-management-noise-616,6,0.081943,,1
OR.PA-management-noise-616,7,0.064939,,1
OR.PA-management-noise-616,8,0.070011,,1
OR.PA-management-noise-616,9,0.10331,,1
OR.PA-management-noise-616,10,0.086517,,1
OR.PA-management-noise-616,11,0.076053,,1
OR.PA-management-noise-616,12,0.050312,,1
OR.PA-management-noise-616,13,0.065546,,1
OR.PA-management-noise-616,14,0.056943,,1
OR.PA-management-noise-616,15,0.066676,,1
OR.PA-management-noise-616,16,0.062144,,1
OR.PA-management-noise-616,17,0.064737,,1
OR.PA-management-noise-616,18,0.063415,,1
OR.PA-management-noise-616,19,0.072274,,1
OR.PA-management-noise-616,20,0.070685,,1
OR.PA-management-noise-616,21,0.077282,,1
OR.PA-management-noise-616,22,0.094232,,1
OR.PA-management-noise-616,23,0.09758,,1
OR.PA-management-noise-616,24,0.14354,,1
OR.PA-management-noise-616,25,0.146107,,1
OR.PA-management-noise-616,26,0.135942,,1
OR.PA-management-noise-616,27,0.128169,,1
OR.PA-management-noise-616,28,0.127214,,1
OR.PA-management-noise-616,29,0.105288,,1
OR.PA-management-noise-616,30,0.106997,,1
OR.PA-management-noise-615,1,0.086431,,1
OR.PA-management-noise-615,2,0.091175,,1
OR.PA-management-noise-615,3,0.081953,,1
OR.PA-management-noise-615,4,0.082181,,1
OR.PA-management-noise-615,5,0.080218,,1
OR.PA-management-noise-615,6,0.081943,,1
OR.PA-management-noise-615,7,0.064939,,1
OR.PA-management-noise-615,8,0.070011,,1
OR.PA-management-noise-615,9,0.10331,,1
OR.PA-management-noise-615,10,0.086517,,1
OR.PA-management-noise-615,11,0.076053,,1
OR.PA-management-noise-615,12,0.050312,,1
OR.PA-management-noise-615,13,0.065546,,1
OR.PA-management-noise-615,14,0.056943,,1
OR.PA-management-noise-615,15,0.066676,,1
OR.PA-management-noise-615,16,0.062144,,1
OR.PA-management-noise-615,17,0.064737,,1
OR.PA-management-noise-615,18,0.063415,,1
OR.PA-management-noise-615,19,0.072274,,1
OR.PA-management-noise-615,20,0.070685,,1
OR.PA-management-noise-615,21,0.077282,,1
OR.PA-management-noise-615,22,0.094232,,1
OR.PA-management-noise-615,23,0.09758,,1
OR.PA-management-noise-615,24,0.14354,,1
OR.PA-management-noise-615,25,0.146107,,1
OR.PA-management-noise-615,26,0.135942,,1
OR.PA-management-noise-615,27,0.128169,,1
OR.PA-management-noise-615,28,0.127214,,1
OR.PA-management-noise-615,29,0.105288,,1
OR.PA-management-noise-615,30,0.106997,,1
OR.PA-management-noise-614,1,0.086431,,1
OR.PA-management-noise-614,2,0.091175,,1
OR.PA-management-noise-614,3,0.081953,,1
OR.PA-management-noise-614,4,0.082181,,1
OR.PA-management-noise-614,5,0.080218,,1
OR.PA-management-noise-614,6,0.081943,,1
OR.PA-management-noise-614,7,0.064939,,1
OR.PA-management-noise-614,8,0.070011,,1
OR.PA-management-noise-614,9,0.10331,,1
OR.PA-management-noise-614,10,0.086517,,1
OR.PA-management-noise-614,11,0.076053,,1
OR.PA-management-noise-614,12,0.050312,,1
OR.PA-management-noise-614,13,0.065546,,1
OR.PA-management-noise-614,14,0.056943,,1
OR.PA-management-noise-614,15,0.066676,,1
OR.PA-management-noise-614,16,0.062144,,1
OR.PA-management-noise-614,17,0.064737,,1
OR.PA-management-noise-614,18,0.063415,,1
OR.PA-management-noise-614,19,0.072274,,1
OR.PA-management-noise-614,20,0.070685,,1
OR.PA-management-noise-614,21,0.077282,,1
OR.PA-management-noise-614,22,0.094232,,1
OR.PA-management-noise-614,23,0.09758,,1
OR.PA-management-noise-614,24,0.14354,,1
OR.PA-management-noise-614,25,0.146107,,1
OR.PA-management-noise-614,26,0.135942,,1
OR.PA-management-noise-614,27,0.128169,,1
OR.PA-management-noise-614,28,0.127214,,1
OR.PA-management-noise-614,29,0.105288,,1
OR.PA-management-noise-614,30,0.106997,,1
OR.PA-management-noise-613,1,0.086431,,1
OR.PA-management-noise-613,2,0.091175,,1
OR.PA-management-noise-613,3,0.081953,,1
OR.PA-management-noise-613,4,0.082181,,1
OR.PA-management-noise-613,5,0.080218,,1
OR.PA-management-noise-613,6,0.081943,,1
OR.PA-management-noise-613,7,0.064939,,1
OR.PA-management-noise-613,8,0.070011,,1
OR.PA-management-noise-613,9,0.10331,,1
OR.PA-management-noise-613,10,0.086517,,1
OR.PA-management-noise-613,11,0.076053,,1
OR.PA-management-noise-613,12,0.050312,,1
OR.PA-management-noise-613,13,0.065546,,1
OR.PA-management-noise-613,14,0.056943,,1
OR.PA-management-noise-613,15,0.066676,,1
OR.PA-management-noise-613,16,0.062144,,1
OR.PA-management-noise-613,17,0.064737,,1
OR.PA-management-noise-613,18,0.063415,,1
OR.PA-management-noise-613,19,0.072274,,1
OR.PA-management-noise-613,20,0.070685,,1
OR.PA-management-noise-613,21,0.077282,,1
OR.PA-management-noise-613,22,0.094232,,1
OR.PA-management-noise-613,23,0.09758,,1
OR.PA-management-noise-613,24,0.14354,,1
OR.PA-management-noise-613,25,0.146107,,1
OR.PA-management-noise-613,26,0.135942,,1
OR.PA-management-noise-613,27,0.128169,,1
OR.PA-management-noise-613,28,0.127214,,1
OR.PA-management-noise-613,29,0.105288,,1
OR.PA-management-noise-613,30,0.106997,,1
OR.PA-management-noise-612,1,0.086431,,1
OR.PA-management-noise-612,2,0.091175,,1
OR.PA-management-noise-612,3,0.081953,,1
OR.PA-management-noise-612,4,0.082181,,1
OR.PA-management-noise-612,5,0.080218,,1
OR.PA-management-noise-612,6,0.081943,,1
OR.PA-management-noise-612,7,0.064939,,1
OR.PA-management-noise-612,8,0.070011,,1
OR.PA-management-noise-612,9,0.10331,,1
OR.PA-management-noise-612,10,0.086517,,1
OR.PA-management-noise-612,11,0.076053,,1
OR.PA-management-noise-612,12,0.050312,,1
OR.PA-management-noise-612,13,0.065546,,1
OR.PA-management-noise-612,14,0.056943,,1
OR.PA-management-noise-612,15,0.066676,,1
OR.PA-management-noise-612,16,0.062144,,1
OR.PA-management-noise-612,17,0.064737,,1
OR.PA-management-noise-612,18,0.063415,,1
OR.PA-management-noise-612,19,0.072274,,1
OR.PA-management-noise-612,20,0.070685,,1
OR.PA-management-noise-612,21,0.077282,,1
OR.PA-management-noise-612,22,0.094232,,1
OR.PA-management-noise-612,23,0.09758,,1
OR.PA-management-noise-612,24,0.14354,,1
OR.PA-management-noise-612,25,0.146107,,1
OR.PA-management-noise-612,26,0.135942,,1
OR.PA-management-noise-612,27,0.128169,,1
OR.PA-management-noise-612,28,0.127214,,1
OR.PA-management-noise-612,29,0.105288,,1
OR.PA-management-noise-612,30,0.106997,,1
OR.PA-management-noise-611,1,0.086431,,1
OR.PA-management-noise-611,2,0.091175,,1
OR.PA-management-noise-611,3,0.081953,,1
OR.PA-management-noise-611,4,0.082181,,1
OR.PA-management-noise-611,5,0.080218,,1
OR.PA-management-noise-611,6,0.081943,,1
OR.PA-management-noise-611,7,0.064939,,1
OR.PA-management-noise-611,8,0.070011,,1
OR.PA-management-noise-611,9,0.10331,,1
OR.PA-management-noise-611,10,0.086517,,1
OR.PA-management-noise-611,11,0.076053,,1
OR.PA-management-noise-611,12,0.050312,,1
OR.PA-management-noise-611,13,0.065546,,1
OR.PA-management-noise-611,14,0.056943,,1
OR.PA-management-noise-611,15,0.066676,,1
OR.PA-management-noise-611,16,0.062144,,1
OR.PA-management-noise-611,17,0.064737,,1
OR.PA-management-noise-611,18,0.063415,,1
OR.PA-management-noise-611,19,0.072274,,1
OR.PA-management-noise-611,20,0.070685,,1
OR.PA-management-noise-611,21,0.077282,,1
OR.PA-management-noise-611,22,0.094232,,1
OR.PA-management-noise-611,23,0.09758,,1
OR.PA-management-noise-611,24,0.14354,,1
OR.PA-management-noise-611,25,0.146107,,1
OR.PA-management-noise-611,26,0.135942,,1
OR.PA-management-noise-611,27,0.128169,,1
OR.PA-management-noise-611,28,0.127214,,1
OR.PA-management-noise-611,29,0.105288,,1
OR.PA-management-noise-611,30,0.106997,,1
OR.PA-management-noise-605,1,0.086431,,1
OR.PA-management-noise-605,2,0.091175,,1
OR.PA-management-noise-605,3,0.081953,,1
OR.PA-management-noise-605,4,0.082181,,1
OR.PA-management-noise-605,5,0.080218,,1
OR.PA-management-noise-605,6,0.081943,,1
OR.PA-management-noise-605,7,0.064939,,1
OR.PA-management-noise-605,8,0.070011,,1
OR.PA-management-noise-605,9,0.10331,,1
OR.PA-management-noise-605,10,0.086517,,1
OR.PA-management-noise-605,11,0.076053,,1
OR.PA-management-noise-605,12,0.050312,,1
OR.PA-management-noise-605,13,0.065546,,1
OR.PA-management-noise-605,14,0.056943,,1
OR.PA-management-noise-605,15,0.066676,,1
OR.PA-management-noise-605,16,0.062144,,1
OR.PA-management-noise-605,17,0.064737,,1
OR.PA-management-noise-605,18,0.063415,,1
OR.PA-management-noise-605,19,0.072274,,1
OR.PA-management-noise-605,20,0.070685,,1
OR.PA-management-noise-605,21,0.077282,,1
OR.PA-management-noise-605,22,0.094232,,1
OR.PA-management-noise-605,23,0.09758,,1
OR.PA-management-noise-605,24,0.14354,,1
OR.PA-management-noise-605,25,0.146107,,1
OR.PA-management-noise-605,26,0.135942,,1
OR.PA-management-noise-605,27,0.128169,,1
OR.PA-management-noise-605,28,0.127214,,1
OR.PA-management-noise-605,29,0.105288,,1
OR.PA-management-noise-605,30,0.106997,,1
OR.PA-management-noise-602,1,0.086431,,1
OR.PA-management-noise-602,2,0.091175,,1
OR.PA-management-noise-602,3,0.081953,,1
OR.PA-management-noise-602,4,0.082181,,1
OR.PA-management-noise-602,5,0.080218,,1
OR.PA-management-noise-602,6,0.081943,,1
OR.PA-management-noise-602,7,0.064939,,1
OR.PA-management-noise-602,8,0.070011,,1
OR.PA-management-noise-602,9,0.10331,,1
OR.PA-management-noise-602,10,0.086517,,1
OR.PA-management-noise-602,11,0.076053,,1
OR.PA-management-noise-602,12,0.050312,,1
OR.PA-management-noise-602,13,0.065546,,1
OR.PA-management-noise-602,14,0.056943,,1
OR.PA-management-noise-602,15,0.066676,,1
OR.PA-management-noise-602,16,0.062144,,1
OR.PA-management-noise-602,17,0.064737,,1
OR.PA-management-noise-602,18,0.063415,,1
OR.PA-management-noise-602,19,0.072274,,1
OR.PA-management-noise-602,20,0.070685,,1
OR.PA-management-noise-602,21,0.077282,,1
OR.PA-management-noise-602,22,0.094232,,1
OR.PA-management-noise-602,23,0.09758,,1
OR.PA-management-noise-602,24,0.14354,,1
OR.PA-management-noise-602,25,0.146107,,1
OR.PA-management-noise-602,26,0.135942,,1
OR.PA-management-noise-602,27,0.128169,,1
OR.PA-management-noise-602,28,0.127214,,1
OR.PA-management-noise-602,29,0.105288,,1
OR.PA-management-noise-602,30,0.106997,,1
OR.PA-management-noise-601,1,-0.050101,,1
OR.PA-management-noise-601,2,-0.01613,,1
OR.PA-management-noise-601,3,-0.00177,,1
OR.PA-management-noise-601,4,0.009108,,1
OR.PA-management-noise-601,5,0.010681,,1
OR.PA-management-noise-601,6,0.026564,,1
OR.PA-management-noise-601,7,0.016849,,1
OR.PA-management-noise-601,8,0.032278,,1
OR.PA-management-noise-601,9,0.021234,,1
OR.PA-management-noise-601,10,0.019028,,1
OR.PA-management-noise-601,11,0.019335,,1
OR.PA-management-noise-601,12,-0.022507,,1
OR.PA-management-noise-601,13,-0.068276,,1
OR.PA-management-noise-601,14,-0.039252,,1
OR.PA-management-noise-601,15,-0.046462,,1
OR.PA-management-noise-601,16,-0.047512,,1
OR.PA-management-noise-601,17,-0.068884,,1
OR.PA-management-noise-601,18,-0.068038,,1
OR.PA-management-noise-601,19,-0.070778,,1
OR.PA-management-noise-601,20,-0.077694,,1
OR.PA-management-noise-601,21,-0.092972,,1
OR.PA-management-noise-601,22,-0.097074,,1
OR.PA-management-noise-601,23,-0.095648,,1
OR.PA-management-noise-601,24,-0.101477,,1
OR.PA-management-noise-601,25,-0.115135,,1
OR.PA-management-noise-601,26,-0.107776,,1
OR.PA-management-noise-601,27,-0.115429,,1
OR.PA-management-noise-601,28,-0.104899,,1
OR.PA-management-noise-601,29,-0.094187,,1
OR.PA-management-noise-601,30,-0.097026,,1
OR.PA-management-noise-600,1,-0.050101,,1
OR.PA-management-noise-600,2,-0.01613,,1
OR.PA-management-noise-600,3,-0.00177,,1
OR.PA-management-noise-600,4,0.009108,,1
OR.PA-management-noise-600,5,0.010681,,1
OR.PA-management-noise-600,6,0.026564,,1
OR.PA-management-noise-600,7,0.016849,,1
OR.PA-management-noise-600,8,0.032278,,1
OR.PA-management-noise-600,9,0.021234,,1
OR.PA-management-noise-600,10,0.019028,,1
OR.PA-management-noise-600,11,0.019335,,1
OR.PA-management-noise-600,12,-0.022507,,1
OR.PA-management-noise-600,13,-0.068276,,1
OR.PA-management-noise-600,14,-0.039252,,1
OR.PA-management-noise-600,15,-0.046462,,1
OR.PA-management-noise-600,16,-0.047512,,1
OR.PA-management-noise-600,17,-0.068884,,1
OR.PA-management-noise-600,18,-0.068038,,1
OR.PA-management-noise-600,19,-0.070778,,1
OR.PA-management-noise-600,20,-0.077694,,1
OR.PA-management-noise-600,21,-0.092972,,1
OR.PA-management-noise-600,22,-0.097074,,1
OR.PA-management-noise-600,23,-0.095648,,1
OR.PA-management-noise-600,24,-0.101477,,1
OR.PA-management-noise-600,25,-0.115135,,1
OR.PA-management-noise-600,26,-0.107776,,1
OR.PA-management-noise-600,27,-0.115429,,1
OR.PA-management-noise-600,28,-0.104899,,1
OR.PA-management-noise-600,29,-0.094187,,1
OR.PA-management-noise-600,30,-0.097026,,1
OR.PA-management-noise-599,1,-0.050101,,1
OR.PA-management-noise-599,2,-0.01613,,1
OR.PA-management-noise-599,3,-0.00177,,1
OR.PA-management-noise-599,4,0.009108,,1
OR.PA-management-noise-599,5,0.010681,,1
OR.PA-management-noise-599,6,0.026564,,1
OR.PA-management-noise-599,7,0.016849,,1
OR.PA-management-noise-599,8,0.032278,,1
OR.PA-management-noise-599,9,0.021234,,1
OR.PA-management-noise-599,10,0.019028,,1
OR.PA-management-noise-599,11,0.019335,,1
OR.PA-management-noise-599,12,-0.022507,,1
OR.PA-management-noise-599,13,-0.068276,,1
OR.PA-management-noise-599,14,-0.039252,,1
OR.PA-management-noise-599,15,-0.046462,,1
OR.PA-management-noise-599,16,-0.047512,,1
OR.PA-management-noise-599,17,-0.068884,,1
OR.PA-management-noise-599,18,-0.068038,,1
OR.PA-management-noise-599,19,-0.070778,,1
OR.PA-management-noise-599,20,-0.077694,,1
OR.PA-management-noise-599,21,-0.092972,,1
OR.PA-management-noise-599,22,-0.097074,,1
OR.PA-management-noise-599,23,-0.095648,,1
OR.PA-management-noise-599,24,-0.101477,,1
OR.PA-management-noise-599,25,-0.115135,,1
OR.PA-management-noise-599,26,-0.107776,,1
OR.PA-management-noise-599,27,-0.115429,,1
OR.PA-management-noise-599,28,-0.104899,,1
OR.PA-management-noise-599,29,-0.094187,,1
OR.PA-management-noise-599,30,-0.097026,,1
OR.PA-management-noise-598,1,-0.050101,,1
OR.PA-management-noise-598,2,-0.01613,,1
OR.PA-management-noise-598,3,-0.00177,,1
OR.PA-management-noise-598,4,0.009108,,1
OR.PA-management-noise-598,5,0.010681,,1
OR.PA-management-noise-598,6,0.026564,,1
OR.PA-management-noise-598,7,0.016849,,1
OR.PA-management-noise-598,8,0.032278,,1
OR.PA-management-noise-598,9,0.021234,,1
OR.PA-management-noise-598,10,0.019028,,1
OR.PA-management-noise-598,11,0.019335,,1
OR.PA-management-noise-598,12,-0.022507,,1
OR.PA-management-noise-598,13,-0.068276,,1
OR.PA-management-noise-598,14,-0.039252,,1
OR.PA-management-noise-598,15,-0.046462,,1
OR.PA-management-noise-598,16,-0.047512,,1
OR.PA-management-noise-598,17,-0.068884,,1
OR.PA-management-noise-598,18,-0.068038,,1
OR.PA-management-noise-598,19,-0.070778,,1
OR.PA-management-noise-598,20,-0.077694,,1
OR.PA-management-noise-598,21,-0.092972,,1
OR.PA-management-noise-598,22,-0.097074,,1
OR.PA-management-noise-598,23,-0.095648,,1
OR.PA-management-noise-598,24,-0.101477,,1
OR.PA-management-noise-598,25,-0.115135,,1
OR.PA-management-noise-598,26,-0.107776,,1
OR.PA-management-noise-598,27,-0.115429,,1
OR.PA-management-noise-598,28,-0.104899,,1
OR.PA-management-noise-598,29,-0.094187,,1
OR.PA-management-noise-598,30,-0.097026,,1
OR.PA-management-noise-597,1,-0.050101,,1
OR.PA-management-noise-597,2,-0.01613,,1
OR.PA-management-noise-597,3,-0.00177,,1
OR.PA-management-noise-597,4,0.009108,,1
OR.PA-management-noise-597,5,0.010681,,1
OR.PA-management-noise-597,6,0.026564,,1
OR.PA-management-noise-597,7,0.016849,,1
OR.PA-management-noise-597,8,0.032278,,1
OR.PA-management-noise-597,9,0.021234,,1
OR.PA-management-noise-597,10,0.019028,,1
OR.PA-management-noise-597,11,0.019335,,1
OR.PA-management-noise-597,12,-0.022507,,1
OR.PA-management-noise-597,13,-0.068276,,1
OR.PA-management-noise-597,14,-0.039252,,1
OR.PA-management-noise-597,15,-0.046462,,1
OR.PA-management-noise-597,16,-0.047512,,1
OR.PA-management-noise-597,17,-0.068884,,1
OR.PA-management-noise-597,18,-0.068038,,1
OR.PA-management-noise-597,19,-0.070778,,1
OR.PA-management-noise-597,20,-0.077694,,1
OR.PA-management-noise-597,21,-0.092972,,1
OR.PA-management-noise-597,22,-0.097074,,1
OR.PA-management-noise-597,23,-0.095648,,1
OR.PA-management-noise-597,24,-0.101477,,1
OR.PA-management-noise-597,25,-0.115135,,1
OR.PA-management-noise-597,26,-0.107776,,1
OR.PA-management-noise-597,27,-0.115429,,1
OR.PA-management-noise-597,28,-0.104899,,1
OR.PA-management-noise-597,29,-0.094187,,1
OR.PA-management-noise-597,30,-0.097026,,1
OR.PA-management-noise-596,1,-0.050101,,1
OR.PA-management-noise-596,2,-0.01613,,1
OR.PA-management-noise-596,3,-0.00177,,1
OR.PA-management-noise-596,4,0.009108,,1
OR.PA-management-noise-596,5,0.010681,,1
OR.PA-management-noise-596,6,0.026564,,1
OR.PA-management-noise-596,7,0.016849,,1
OR.PA-management-noise-596,8,0.032278,,1
OR.PA-management-noise-596,9,0.021234,,1
OR.PA-management-noise-596,10,0.019028,,1
OR.PA-management-noise-596,11,0.019335,,1
OR.PA-management-noise-596,12,-0.022507,,1
OR.PA-management-noise-596,13,-0.068276,,1
OR.PA-management-noise-596,14,-0.039252,,1
OR.PA-management-noise-596,15,-0.046462,,1
OR.PA-management-noise-596,16,-0.047512,,1
OR.PA-management-noise-596,17,-0.068884,,1
OR.PA-management-noise-596,18,-0.068038,,1
OR.PA-management-noise-596,19,-0.070778,,1
OR.PA-management-noise-596,20,-0.077694,,1
OR.PA-management-noise-596,21,-0.092972,,1
OR.PA-management-noise-596,22,-0.097074,,1
OR.PA-management-noise-596,23,-0.095648,,1
OR.PA-management-noise-596,24,-0.101477,,1
OR.PA-management-noise-596,25,-0.115135,,1
OR.PA-management-noise-596,26,-0.107776,,1
OR.PA-management-noise-596,27,-0.115429,,1
OR.PA-management-noise-596,28,-0.104899,,1
OR.PA-management-noise-596,29,-0.094187,,1
OR.PA-management-noise-596,30,-0.097026,,1
OR.PA-management-noise-595,1,-0.050101,,1
OR.PA-management-noise-595,2,-0.01613,,1
OR.PA-management-noise-595,3,-0.00177,,1
OR.PA-management-noise-595,4,0.009108,,1
OR.PA-management-noise-595,5,0.010681,,1
OR.PA-management-noise-595,6,0.026564,,1
OR.PA-management-noise-595,7,0.016849,,1
OR.PA-management-noise-595,8,0.032278,,1
OR.PA-management-noise-595,9,0.021234,,1
OR.PA-management-noise-595,10,0.019028,,1
OR.PA-management-noise-595,11,0.019335,,1
OR.PA-management-noise-595,12,-0.022507,,1
OR.PA-management-noise-595,13,-0.068276,,1
OR.PA-management-noise-595,14,-0.039252,,1
OR.PA-management-noise-595,15,-0.046462,,1
OR.PA-management-noise-595,16,-0.047512,,1
OR.PA-management-noise-595,17,-0.068884,,1
OR.PA-management-noise-595,18,-0.068038,,1
OR.PA-management-noise-595,19,-0.070778,,1
OR.PA-management-noise-595,20,-0.077694,,1
OR.PA-management-noise-595,21,-0.092972,,1
OR.PA-management-noise-595,22,-0.097074,,1
OR.PA-management-noise-595,23,-0.095648,,1
OR.PA-management-noise-595,24,-0.101477,,1
OR.PA-management-noise-595,25,-0.115135,,1
OR.PA-management-noise-595,26,-0.107776,,1
OR.PA-management-noise-595,27,-0.115429,,1
OR.PA-management-noise-595,28,-0.104899,,1
OR.PA-management-noise-595,29,-0.094187,,1
OR.PA-management-noise-595,30,-0.097026,,1
OR.PA-management-noise-594,1,-0.050101,,1
OR.PA-management-noise-594,2,-0.01613,,1
OR.PA-management-noise-594,3,-0.00177,,1
OR.PA-management-noise-594,4,0.009108,,1
OR.PA-management-noise-594,5,0.010681,,1
OR.PA-management-noise-594,6,0.026564,,1
OR.PA-management-noise-594,7,0.016849,,1
OR.PA-management-noise-594,8,0.032278,,1
OR.PA-management-noise-594,9,0.021234,,1
OR.PA-management-noise-594,10,0.019028,,1
OR.PA-management-noise-594,11,0.019335,,1
OR.PA-management-noise-594,12,-0.022507,,1
OR.PA-management-noise-594,13,-0.068276,,1
OR.PA-management-noise-594,14,-0.039252,,1
OR.PA-management-noise-594,15,-0.046462,,1
OR.PA-management-noise-594,16,-0.047512,,1
OR.PA-management-noise-594,17,-0.068884,,1
OR.PA-management-noise-594,18,-0.068038,,1
OR.PA-management-noise-594,19,-0.070778,,1
OR.PA-management-noise-594,20,-0.077694,,1
OR.PA-management-noise-594,21,-0.092972,,1
OR.PA-management-noise-594,22,-0.097074,,1
OR.PA-management-noise-594,23,-0.095648,,1
OR.PA-management-noise-594,24,-0.101477,,1
OR.PA-management-noise-594,25,-0.115135,,1
OR.PA-management-noise-594,26,-0.107776,,1
OR.PA-management-noise-594,27,-0.115429,,1
OR.PA-management-noise-594,28,-0.104899,,1
OR.PA-management-noise-594,29,-0.094187,,1
OR.PA-management-noise-594,30,-0.097026,,1
OR.PA-management-noise-593,1,-0.050101,,1
OR.PA-management-noise-593,2,-0.01613,,1
OR.PA-management-noise-593,3,-0.00177,,1
OR.PA-management-noise-593,4,0.009108,,1
OR.PA-management-noise-593,5,0.010681,,1
OR.PA-management-noise-593,6,0.026564,,1
OR.PA-management-noise-593,7,0.016849,,1
OR.PA-management-noise-593,8,0.032278,,1
OR.PA-management-noise-593,9,0.021234,,1
OR.PA-management-noise-593,10,0.019028,,1
OR.PA-management-noise-593,11,0.019335,,1
OR.PA-management-noise-593,12,-0.022507,,1
OR.PA-management-noise-593,13,-0.068276,,1
OR.PA-management-noise-593,14,-0.039252,,1
OR.PA-management-noise-593,15,-0.046462,,1
OR.PA-management-noise-593,16,-0.047512,,1
OR.PA-management-noise-593,17,-0.068884,,1
OR.PA-management-noise-593,18,-0.068038,,1
OR.PA-management-noise-593,19,-0.070778,,1
OR.PA-management-noise-593,20,-0.077694,,1
OR.PA-management-noise-593,21,-0.092972,,1
OR.PA-management-noise-593,22,-0.097074,,1
OR.PA-management-noise-593,23,-0.095648,,1
OR.PA-management-noise-593,24,-0.101477,,1
OR.PA-management-noise-593,25,-0.115135,,1
OR.PA-management-noise-593,26,-0.107776,,1
OR.PA-management-noise-593,27,-0.115429,,1
OR.PA-management-noise-593,28,-0.104899,,1
OR.PA-management-noise-593,29,-0.094187,,1
OR.PA-management-noise-593,30,-0.097026,,1
OR.PA-management-noise-592,1,-0.050101,,1
OR.PA-management-noise-592,2,-0.01613,,1
OR.PA-management-noise-592,3,-0.00177,,1
OR.PA-management-noise-592,4,0.009108,,1
OR.PA-management-noise-592,5,0.010681,,1
OR.PA-management-noise-592,6,0.026564,,1
OR.PA-management-noise-592,7,0.016849,,1
OR.PA-management-noise-592,8,0.032278,,1
OR.PA-management-noise-592,9,0.021234,,1
OR.PA-management-noise-592,10,0.019028,,1
OR.PA-management-noise-592,11,0.019335,,1
OR.PA-management-noise-592,12,-0.022507,,1
OR.PA-management-noise-592,13,-0.068276,,1
OR.PA-management-noise-592,14,-0.039252,,1
OR.PA-management-noise-592,15,-0.046462,,1
OR.PA-management-noise-592,16,-0.047512,,1
OR.PA-management-noise-592,17,-0.068884,,1
OR.PA-management-noise-592,18,-0.068038,,1
OR.PA-management-noise-592,19,-0.070778,,1
OR.PA-management-noise-592,20,-0.077694,,1
OR.PA-management-noise-592,21,-0.092972,,1
OR.PA-management-noise-592,22,-0.097074,,1
OR.PA-management-noise-592,23,-0.095648,,1
OR.PA-management-noise-592,24,-0.101477,,1
OR.PA-management-noise-592,25,-0.115135,,1
OR.PA-management-noise-592,26,-0.107776,,1
OR.PA-management-noise-592,27,-0.115429,,1
OR.PA-management-noise-592,28,-0.104899,,1
OR.PA-management-noise-592,29,-0.094187,,1
OR.PA-management-noise-592,30,-0.097026,,1
OR.PA-management-noise-591,1,-0.050101,,1
OR.PA-management-noise-591,2,-0.01613,,1
OR.PA-management-noise-591,3,-0.00177,,1
OR.PA-management-noise-591,4,0.009108,,1
OR.PA-management-noise-591,5,0.010681,,1
OR.PA-management-noise-591,6,0.026564,,1
OR.PA-management-noise-591,7,0.016849,,1
OR.PA-management-noise-591,8,0.032278,,1
OR.PA-management-noise-591,9,0.021234,,1
OR.PA-management-noise-591,10,0.019028,,1
OR.PA-management-noise-591,11,0.019335,,1
OR.PA-management-noise-591,12,-0.022507,,1
OR.PA-management-noise-591,13,-0.068276,,1
OR.PA-management-noise-591,14,-0.039252,,1
OR.PA-management-noise-591,15,-0.046462,,1
OR.PA-management-noise-591,16,-0.047512,,1
OR.PA-management-noise-591,17,-0.068884,,1
OR.PA-management-noise-591,18,-0.068038,,1
OR.PA-management-noise-591,19,-0.070778,,1
OR.PA-management-noise-591,20,-0.077694,,1
OR.PA-management-noise-591,21,-0.092972,,1
OR.PA-management-noise-591,22,-0.097074,,1
OR.PA-management-noise-591,23,-0.095648,,1
OR.PA-management-noise-591,24,-0.101477,,1
OR.PA-management-noise-591,25,-0.115135,,1
OR.PA-management-noise-591,26,-0.107776,,1
OR.PA-management-noise-591,27,-0.115429,,1
OR.PA-management-noise-591,28,-0.104899,,1
OR.PA-management-noise-591,29,-0.094187,,1
OR.PA-management-noise-591,30,-0.097026,,1
OR.PA-management-noise-590,1,-0.050101,,1
OR.PA-management-noise-590,2,-0.01613,,1
OR.PA-management-noise-590,3,-0.00177,,1
OR.PA-management-noise-590,4,0.009108,,1
OR.PA-management-noise-590,5,0.010681,,1
OR.PA-management-noise-590,6,0.026564,,1
OR.PA-management-noise-590,7,0.016849,,1
OR.PA-management-noise-590,8,0.032278,,1
OR.PA-management-noise-590,9,0.021234,,1
OR.PA-management-noise-590,10,0.019028,,1
OR.PA-management-noise-590,11,0.019335,,1
OR.PA-management-noise-590,12,-0.022507,,1
OR.PA-management-noise-590,13,-0.068276,,1
OR.PA-management-noise-590,14,-0.039252,,1
OR.PA-management-noise-590,15,-0.046462,,1
OR.PA-management-noise-590,16,-0.047512,,1
OR.PA-management-noise-590,17,-0.068884,,1
OR.PA-management-noise-590,18,-0.068038,,1
OR.PA-management-noise-590,19,-0.070778,,1
OR.PA-management-noise-590,20,-0.077694,,1
OR.PA-management-noise-590,21,-0.092972,,1
OR.PA-management-noise-590,22,-0.097074,,1
OR.PA-management-noise-590,23,-0.095648,,1
OR.PA-management-noise-590,24,-0.101477,,1
OR.PA-management-noise-590,25,-0.115135,,1
OR.PA-management-noise-590,26,-0.107776,,1
OR.PA-management-noise-590,27,-0.115429,,1
OR.PA-management-noise-590,28,-0.104899,,1
OR.PA-management-noise-590,29,-0.094187,,1
OR.PA-management-noise-590,30,-0.097026,,1
OR.PA-management-noise-589,1,-0.050101,,1
OR.PA-management-noise-589,2,-0.01613,,1
OR.PA-management-noise-589,3,-0.00177,,1
OR.PA-management-noise-589,4,0.009108,,1
OR.PA-management-noise-589,5,0.010681,,1
OR.PA-management-noise-589,6,0.026564,,1
OR.PA-management-noise-589,7,0.016849,,1
OR.PA-management-noise-589,8,0.032278,,1
OR.PA-management-noise-589,9,0.021234,,1
OR.PA-management-noise-589,10,0.019028,,1
OR.PA-management-noise-589,11,0.019335,,1
OR.PA-management-noise-589,12,-0.022507,,1
OR.PA-management-noise-589,13,-0.068276,,1
OR.PA-management-noise-589,14,-0.039252,,1
OR.PA-management-noise-589,15,-0.046462,,1
OR.PA-management-noise-589,16,-0.047512,,1
OR.PA-management-noise-589,17,-0.068884,,1
OR.PA-management-noise-589,18,-0.068038,,1
OR.PA-management-noise-589,19,-0.070778,,1
OR.PA-management-noise-589,20,-0.077694,,1
OR.PA-management-noise-589,21,-0.092972,,1
OR.PA-management-noise-589,22,-0.097074,,1
OR.PA-management-noise-589,23,-0.095648,,1
OR.PA-management-noise-589,24,-0.101477,,1
OR.PA-management-noise-589,25,-0.115135,,1
OR.PA-management-noise-589,26,-0.107776,,1
OR.PA-management-noise-589,27,-0.115429,,1
OR.PA-management-noise-589,28,-0.104899,,1
OR.PA-management-noise-589,29,-0.094187,,1
OR.PA-management-noise-589,30,-0.097026,,1
OR.PA-management-noise-588,1,-0.050101,,1
OR.PA-management-noise-588,2,-0.01613,,1
OR.PA-management-noise-588,3,-0.00177,,1
OR.PA-management-noise-588,4,0.009108,,1
OR.PA-management-noise-588,5,0.010681,,1
OR.PA-management-noise-588,6,0.026564,,1
OR.PA-management-noise-588,7,0.016849,,1
OR.PA-management-noise-588,8,0.032278,,1
OR.PA-management-noise-588,9,0.021234,,1
OR.PA-management-noise-588,10,0.019028,,1
OR.PA-management-noise-588,11,0.019335,,1
OR.PA-management-noise-588,12,-0.022507,,1
OR.PA-management-noise-588,13,-0.068276,,1
OR.PA-management-noise-588,14,-0.039252,,1
OR.PA-management-noise-588,15,-0.046462,,1
OR.PA-management-noise-588,16,-0.047512,,1
OR.PA-management-noise-588,17,-0.068884,,1
OR.PA-management-noise-588,18,-0.068038,,1
OR.PA-management-noise-588,19,-0.070778,,1
OR.PA-management-noise-588,20,-0.077694,,1
OR.PA-management-noise-588,21,-0.092972,,1
OR.PA-management-noise-588,22,-0.097074,,1
OR.PA-management-noise-588,23,-0.095648,,1
OR.PA-management-noise-588,24,-0.101477,,1
OR.PA-management-noise-588,25,-0.115135,,1
OR.PA-management-noise-588,26,-0.107776,,1
OR.PA-management-noise-588,27,-0.115429,,1
OR.PA-management-noise-588,28,-0.104899,,1
OR.PA-management-noise-588,29,-0.094187,,1
OR.PA-management-noise-588,30,-0.097026,,1
OR.PA-management-noise-587,1,-0.050101,,1
OR.PA-management-noise-587,2,-0.01613,,1
OR.PA-management-noise-587,3,-0.00177,,1
OR.PA-management-noise-587,4,0.009108,,1
OR.PA-management-noise-587,5,0.010681,,1
OR.PA-management-noise-587,6,0.026564,,1
OR.PA-management-noise-587,7,0.016849,,1
OR.PA-management-noise-587,8,0.032278,,1
OR.PA-management-noise-587,9,0.021234,,1
OR.PA-management-noise-587,10,0.019028,,1
OR.PA-management-noise-587,11,0.019335,,1
OR.PA-management-noise-587,12,-0.022507,,1
OR.PA-management-noise-587,13,-0.068276,,1
OR.PA-management-noise-587,14,-0.039252,,1
OR.PA-management-noise-587,15,-0.046462,,1
OR.PA-management-noise-587,16,-0.047512,,1
OR.PA-management-noise-587,17,-0.068884,,1
OR.PA-management-noise-587,18,-0.068038,,1
OR.PA-management-noise-587,19,-0.070778,,1
OR.PA-management-noise-587,20,-0.077694,,1
OR.PA-management-noise-587,21,-0.092972,,1
OR.PA-management-noise-587,22,-0.097074,,1
OR.PA-management-noise-587,23,-0.095648,,1
OR.PA-management-noise-587,24,-0.101477,,1
OR.PA-management-noise-587,25,-0.115135,,1
OR.PA-management-noise-587,26,-0.107776,,1
OR.PA-management-noise-587,27,-0.115429,,1
OR.PA-management-noise-587,28,-0.104899,,1
OR.PA-management-noise-587,29,-0.094187,,1
OR.PA-management-noise-587,30,-0.097026,,1
OR.PA-management-noise-586,1,-0.050101,,1
OR.PA-management-noise-586,2,-0.01613,,1
OR.PA-management-noise-586,3,-0.00177,,1
OR.PA-management-noise-586,4,0.009108,,1
OR.PA-management-noise-586,5,0.010681,,1
OR.PA-management-noise-586,6,0.026564,,1
OR.PA-management-noise-586,7,0.016849,,1
OR.PA-management-noise-586,8,0.032278,,1
OR.PA-management-noise-586,9,0.021234,,1
OR.PA-management-noise-586,10,0.019028,,1
OR.PA-management-noise-586,11,0.019335,,1
OR.PA-management-noise-586,12,-0.022507,,1
OR.PA-management-noise-586,13,-0.068276,,1
OR.PA-management-noise-586,14,-0.039252,,1
OR.PA-management-noise-586,15,-0.046462,,1
OR.PA-management-noise-586,16,-0.047512,,1
OR.PA-management-noise-586,17,-0.068884,,1
OR.PA-management-noise-586,18,-0.068038,,1
OR.PA-management-noise-586,19,-0.070778,,1
OR.PA-management-noise-586,20,-0.077694,,1
OR.PA-management-noise-586,21,-0.092972,,1
OR.PA-management-noise-586,22,-0.097074,,1
OR.PA-management-noise-586,23,-0.095648,,1
OR.PA-management-noise-586,24,-0.101477,,1
OR.PA-management-noise-586,25,-0.115135,,1
OR.PA-management-noise-586,26,-0.107776,,1
OR.PA-management-noise-586,27,-0.115429,,1
OR.PA-management-noise-586,28,-0.104899,,1
OR.PA-management-noise-586,29,-0.094187,,1
OR.PA-management-noise-586,30,-0.097026,,1
OR.PA-management-noise-585,1,-0.050101,,1
OR.PA-management-noise-585,2,-0.01613,,1
OR.PA-management-noise-585,3,-0.00177,,1
OR.PA-management-noise-585,4,0.009108,,1
OR.PA-management-noise-585,5,0.010681,,1
OR.PA-management-noise-585,6,0.026564,,1
OR.PA-management-noise-585,7,0.016849,,1
OR.PA-management-noise-585,8,0.032278,,1
OR.PA-management-noise-585,9,0.021234,,1
OR.PA-management-noise-585,10,0.019028,,1
OR.PA-management-noise-585,11,0.019335,,1
OR.PA-management-noise-585,12,-0.022507,,1
OR.PA-management-noise-585,13,-0.068276,,1
OR.PA-management-noise-585,14,-0.039252,,1
OR.PA-management-noise-585,15,-0.046462,,1
OR.PA-management-noise-585,16,-0.047512,,1
OR.PA-management-noise-585,17,-0.068884,,1
OR.PA-management-noise-585,18,-0.068038,,1
OR.PA-management-noise-585,19,-0.070778,,1
OR.PA-management-noise-585,20,-0.077694,,1
OR.PA-management-noise-585,21,-0.092972,,1
OR.PA-management-noise-585,22,-0.097074,,1
OR.PA-management-noise-585,23,-0.095648,,1
OR.PA-management-noise-585,24,-0.101477,,1
OR.PA-management-noise-585,25,-0.115135,,1
OR.PA-management-noise-585,26,-0.107776,,1
OR.PA-management-noise-585,27,-0.115429,,1
OR.PA-management-noise-585,28,-0.104899,,1
OR.PA-management-noise-585,29,-0.094187,,1
OR.PA-management-noise-585,30,-0.097026,,1
OR.PA-management-noise-584,1,-0.050101,,1
OR.PA-management-noise-584,2,-0.01613,,1
OR.PA-management-noise-584,3,-0.00177,,1
OR.PA-management-noise-584,4,0.009108,,1
OR.PA-management-noise-584,5,0.010681,,1
OR.PA-management-noise-584,6,0.026564,,1
OR.PA-management-noise-584,7,0.016849,,1
OR.PA-management-noise-584,8,0.032278,,1
OR.PA-management-noise-584,9,0.021234,,1
OR.PA-management-noise-584,10,0.019028,,1
OR.PA-management-noise-584,11,0.019335,,1
OR.PA-management-noise-584,12,-0.022507,,1
OR.PA-management-noise-584,13,-0.068276,,1
OR.PA-management-noise-584,14,-0.039252,,1
OR.PA-management-noise-584,15,-0.046462,,1
OR.PA-management-noise-584,16,-0.047512,,1
OR.PA-management-noise-584,17,-0.068884,,1
OR.PA-management-noise-584,18,-0.068038,,1
OR.PA-management-noise-584,19,-0.070778,,1
OR.PA-management-noise-584,20,-0.077694,,1
OR.PA-management-noise-584,21,-0.092972,,1
OR.PA-management-noise-584,22,-0.097074,,1
OR.PA-management-noise-584,23,-0.095648,,1
OR.PA-management-noise-584,24,-0.101477,,1
OR.PA-management-noise-584,25,-0.115135,,1
OR.PA-management-noise-584,26,-0.107776,,1
OR.PA-management-noise-584,27,-0.115429,,1
OR.PA-management-noise-584,28,-0.104899,,1
OR.PA-management-noise-584,29,-0.094187,,1
OR.PA-management-noise-584,30,-0.097026,,1
OR.PA-management-noise-583,1,-0.050101,,1
OR.PA-management-noise-583,2,-0.01613,,1
OR.PA-management-noise-583,3,-0.00177,,1
OR.PA-management-noise-583,4,0.009108,,1
OR.PA-management-noise-583,5,0.010681,,1
OR.PA-management-noise-583,6,0.026564,,1
OR.PA-management-noise-583,7,0.016849,,1
OR.PA-management-noise-583,8,0.032278,,1
OR.PA-management-noise-583,9,0.021234,,1
OR.PA-management-noise-583,10,0.019028,,1
OR.PA-management-noise-583,11,0.019335,,1
OR.PA-management-noise-583,12,-0.022507,,1
OR.PA-management-noise-583,13,-0.068276,,1
OR.PA-management-noise-583,14,-0.039252,,1
OR.PA-management-noise-583,15,-0.046462,,1
OR.PA-management-noise-583,16,-0.047512,,1
OR.PA-management-noise-583,17,-0.068884,,1
OR.PA-management-noise-583,18,-0.068038,,1
OR.PA-management-noise-583,19,-0.070778,,1
OR.PA-management-noise-583,20,-0.077694,,1
OR.PA-management-noise-583,21,-0.092972,,1
OR.PA-management-noise-583,22,-0.097074,,1
OR.PA-management-noise-583,23,-0.095648,,1
OR.PA-management-noise-583,24,-0.101477,,1
OR.PA-management-noise-583,25,-0.115135,,1
OR.PA-management-noise-583,26,-0.107776,,1
OR.PA-management-noise-583,27,-0.115429,,1
OR.PA-management-noise-583,28,-0.104899,,1
OR.PA-management-noise-583,29,-0.094187,,1
OR.PA-management-noise-583,30,-0.097026,,1
OR.PA-management-noise-582,1,-0.050101,,1
OR.PA-management-noise-582,2,-0.01613,,1
OR.PA-management-noise-582,3,-0.00177,,1
OR.PA-management-noise-582,4,0.009108,,1
OR.PA-management-noise-582,5,0.010681,,1
OR.PA-management-noise-582,6,0.026564,,1
OR.PA-management-noise-582,7,0.016849,,1
OR.PA-management-noise-582,8,0.032278,,1
OR.PA-management-noise-582,9,0.021234,,1
OR.PA-management-noise-582,10,0.019028,,1
OR.PA-management-noise-582,11,0.019335,,1
OR.PA-management-noise-582,12,-0.022507,,1
OR.PA-management-noise-582,13,-0.068276,,1
OR.PA-management-noise-582,14,-0.039252,,1
OR.PA-management-noise-582,15,-0.046462,,1
OR.PA-management-noise-582,16,-0.047512,,1
OR.PA-management-noise-582,17,-0.068884,,1
OR.PA-management-noise-582,18,-0.068038,,1
OR.PA-management-noise-582,19,-0.070778,,1
OR.PA-management-noise-582,20,-0.077694,,1
OR.PA-management-noise-582,21,-0.092972,,1
OR.PA-management-noise-582,22,-0.097074,,1
OR.PA-management-noise-582,23,-0.095648,,1
OR.PA-management-noise-582,24,-0.101477,,1
OR.PA-management-noise-582,25,-0.115135,,1
OR.PA-management-noise-582,26,-0.107776,,1
OR.PA-management-noise-582,27,-0.115429,,1
OR.PA-management-noise-582,28,-0.104899,,1
OR.PA-management-noise-582,29,-0.094187,,1
OR.PA-management-noise-582,30,-0.097026,,1
OR.PA-management-noise-581,1,-0.050101,,1
OR.PA-management-noise-581,2,-0.01613,,1
OR.PA-management-noise-581,3,-0.00177,,1
OR.PA-management-noise-581,4,0.009108,,1
OR.PA-management-noise-581,5,0.010681,,1
OR.PA-management-noise-581,6,0.026564,,1
OR.PA-management-noise-581,7,0.016849,,1
OR.PA-management-noise-581,8,0.032278,,1
OR.PA-management-noise-581,9,0.021234,,1
OR.PA-management-noise-581,10,0.019028,,1
OR.PA-management-noise-581,11,0.019335,,1
OR.PA-management-noise-581,12,-0.022507,,1
OR.PA-management-noise-581,13,-0.068276,,1
OR.PA-management-noise-581,14,-0.039252,,1
OR.PA-management-noise-581,15,-0.046462,,1
OR.PA-management-noise-581,16,-0.047512,,1
OR.PA-management-noise-581,17,-0.068884,,1
OR.PA-management-noise-581,18,-0.068038,,1
OR.PA-management-noise-581,19,-0.070778,,1
OR.PA-management-noise-581,20,-0.077694,,1
OR.PA-management-noise-581,21,-0.092972,,1
OR.PA-management-noise-581,22,-0.097074,,1
OR.PA-management-noise-581,23,-0.095648,,1
OR.PA-management-noise-581,24,-0.101477,,1
OR.PA-management-noise-581,25,-0.115135,,1
OR.PA-management-noise-581,26,-0.107776,,1
OR.PA-management-noise-581,27,-0.115429,,1
OR.PA-management-noise-581,28,-0.104899,,1
OR.PA-management-noise-581,29,-0.094187,,1
OR.PA-management-noise-581,30,-0.097026,,1
OR.PA-management-noise-578,1,-0.050101,,1
OR.PA-management-noise-578,2,-0.01613,,1
OR.PA-management-noise-578,3,-0.00177,,1
OR.PA-management-noise-578,4,0.009108,,1
OR.PA-management-noise-578,5,0.010681,,1
OR.PA-management-noise-578,6,0.026564,,1
OR.PA-management-noise-578,7,0.016849,,1
OR.PA-management-noise-578,8,0.032278,,1
OR.PA-management-noise-578,9,0.021234,,1
OR.PA-management-noise-578,10,0.019028,,1
OR.PA-management-noise-578,11,0.019335,,1
OR.PA-management-noise-578,12,-0.022507,,1
OR.PA-management-noise-578,13,-0.068276,,1
OR.PA-management-noise-578,14,-0.039252,,1
OR.PA-management-noise-578,15,-0.046462,,1
OR.PA-management-noise-578,16,-0.047512,,1
OR.PA-management-noise-578,17,-0.068884,,1
OR.PA-management-noise-578,18,-0.068038,,1
OR.PA-management-noise-578,19,-0.070778,,1
OR.PA-management-noise-578,20,-0.077694,,1
OR.PA-management-noise-578,21,-0.092972,,1
OR.PA-management-noise-578,22,-0.097074,,1
OR.PA-management-noise-578,23,-0.095648,,1
OR.PA-management-noise-578,24,-0.101477,,1
OR.PA-management-noise-578,25,-0.115135,,1
OR.PA-management-noise-578,26,-0.107776,,1
OR.PA-management-noise-578,27,-0.115429,,1
OR.PA-management-noise-578,28,-0.104899,,1
OR.PA-management-noise-578,29,-0.094187,,1
OR.PA-management-noise-578,30,-0.097026,,1
OR.PA-management-noise-577,1,-0.050101,,1
OR.PA-management-noise-577,2,-0.01613,,1
OR.PA-management-noise-577,3,-0.00177,,1
OR.PA-management-noise-577,4,0.009108,,1
OR.PA-management-noise-577,5,0.010681,,1
OR.PA-management-noise-577,6,0.026564,,1
OR.PA-management-noise-577,7,0.016849,,1
OR.PA-management-noise-577,8,0.032278,,1
OR.PA-management-noise-577,9,0.021234,,1
OR.PA-management-noise-577,10,0.019028,,1
OR.PA-management-noise-577,11,0.019335,,1
OR.PA-management-noise-577,12,-0.022507,,1
OR.PA-management-noise-577,13,-0.068276,,1
OR.PA-management-noise-577,14,-0.039252,,1
OR.PA-management-noise-577,15,-0.046462,,1
OR.PA-management-noise-577,16,-0.047512,,1
OR.PA-management-noise-577,17,-0.068884,,1
OR.PA-management-noise-577,18,-0.068038,,1
OR.PA-management-noise-577,19,-0.070778,,1
OR.PA-management-noise-577,20,-0.077694,,1
OR.PA-management-noise-577,21,-0.092972,,1
OR.PA-management-noise-577,22,-0.097074,,1
OR.PA-management-noise-577,23,-0.095648,,1
OR.PA-management-noise-577,24,-0.101477,,1
OR.PA-management-noise-577,25,-0.115135,,1
OR.PA-management-noise-577,26,-0.107776,,1
OR.PA-management-noise-577,27,-0.115429,,1
OR.PA-management-noise-577,28,-0.104899,,1
OR.PA-management-noise-577,29,-0.094187,,1
OR.PA-management-noise-577,30,-0.097026,,1
OR.PA-management-noise-576,1,-0.050101,,1
OR.PA-management-noise-576,2,-0.01613,,1
OR.PA-management-noise-576,3,-0.00177,,1
OR.PA-management-noise-576,4,0.009108,,1
OR.PA-management-noise-576,5,0.010681,,1
OR.PA-management-noise-576,6,0.026564,,1
OR.PA-management-noise-576,7,0.016849,,1
OR.PA-management-noise-576,8,0.032278,,1
OR.PA-management-noise-576,9,0.021234,,1
OR.PA-management-noise-576,10,0.019028,,1
OR.PA-management-noise-576,11,0.019335,,1
OR.PA-management-noise-576,12,-0.022507,,1
OR.PA-management-noise-576,13,-0.068276,,1
OR.PA-management-noise-576,14,-0.039252,,1
OR.PA-management-noise-576,15,-0.046462,,1
OR.PA-management-noise-576,16,-0.047512,,1
OR.PA-management-noise-576,17,-0.068884,,1
OR.PA-management-noise-576,18,-0.068038,,1
OR.PA-management-noise-576,19,-0.070778,,1
OR.PA-management-noise-576,20,-0.077694,,1
OR.PA-management-noise-576,21,-0.092972,,1
OR.PA-management-noise-576,22,-0.097074,,1
OR.PA-management-noise-576,23,-0.095648,,1
OR.PA-management-noise-576,24,-0.101477,,1
OR.PA-management-noise-576,25,-0.115135,,1
OR.PA-management-noise-576,26,-0.107776,,1
OR.PA-management-noise-576,27,-0.115429,,1
OR.PA-management-noise-576,28,-0.104899,,1
OR.PA-management-noise-576,29,-0.094187,,1
OR.PA-management-noise-576,30,-0.097026,,1
OR.PA-management-noise-575,1,-0.050101,,1
OR.PA-management-noise-575,2,-0.01613,,1
OR.PA-management-noise-575,3,-0.00177,,1
OR.PA-management-noise-575,4,0.009108,,1
OR.PA-management-noise-575,5,0.010681,,1
OR.PA-management-noise-575,6,0.026564,,1
OR.PA-management-noise-575,7,0.016849,,1
OR.PA-management-noise-575,8,0.032278,,1
OR.PA-management-noise-575,9,0.021234,,1
OR.PA-management-noise-575,10,0.019028,,1
OR.PA-management-noise-575,11,0.019335,,1
OR.PA-management-noise-575,12,-0.022507,,1
OR.PA-management-noise-575,13,-0.068276,,1
OR.PA-management-noise-575,14,-0.039252,,1
OR.PA-management-noise-575,15,-0.046462,,1
OR.PA-management-noise-575,16,-0.047512,,1
OR.PA-management-noise-575,17,-0.068884,,1
OR.PA-management-noise-575,18,-0.068038,,1
OR.PA-management-noise-575,19,-0.070778,,1
OR.PA-management-noise-575,20,-0.077694,,1
OR.PA-management-noise-575,21,-0.092972,,1
OR.PA-management-noise-575,22,-0.097074,,1
OR.PA-management-noise-575,23,-0.095648,,1
OR.PA-management-noise-575,24,-0.101477,,1
OR.PA-management-noise-575,25,-0.115135,,1
OR.PA-management-noise-575,26,-0.107776,,1
OR.PA-management-noise-575,27,-0.115429,,1
OR.PA-management-noise-575,28,-0.104899,,1
OR.PA-management-noise-575,29,-0.094187,,1
OR.PA-management-noise-575,30,-0.097026,,1
OR.PA-management-noise-574,1,-0.050101,,1
OR.PA-management-noise-574,2,-0.01613,,1
OR.PA-management-noise-574,3,-0.00177,,1
OR.PA-management-noise-574,4,0.009108,,1
OR.PA-management-noise-574,5,0.010681,,1
OR.PA-management-noise-574,6,0.026564,,1
OR.PA-management-noise-574,7,0.016849,,1
OR.PA-management-noise-574,8,0.032278,,1
OR.PA-management-noise-574,9,0.021234,,1
OR.PA-management-noise-574,10,0.019028,,1
OR.PA-management-noise-574,11,0.019335,,1
OR.PA-management-noise-574,12,-0.022507,,1
OR.PA-management-noise-574,13,-0.068276,,1
OR.PA-management-noise-574,14,-0.039252,,1
OR.PA-management-noise-574,15,-0.046462,,1
OR.PA-management-noise-574,16,-0.047512,,1
OR.PA-management-noise-574,17,-0.068884,,1
OR.PA-management-noise-574,18,-0.068038,,1
OR.PA-management-noise-574,19,-0.070778,,1
OR.PA-management-noise-574,20,-0.077694,,1
OR.PA-management-noise-574,21,-0.092972,,1
OR.PA-management-noise-574,22,-0.097074,,1
OR.PA-management-noise-574,23,-0.095648,,1
OR.PA-management-noise-574,24,-0.101477,,1
OR.PA-management-noise-574,25,-0.115135,,1
OR.PA-management-noise-574,26,-0.107776,,1
OR.PA-management-noise-574,27,-0.115429,,1
OR.PA-management-noise-574,28,-0.104899,,1
OR.PA-management-noise-574,29,-0.094187,,1
OR.PA-management-noise-574,30,-0.097026,,1
OR.PA-management-noise-573,1,-0.050101,,1
OR.PA-management-noise-573,2,-0.01613,,1
OR.PA-management-noise-573,3,-0.00177,,1
OR.PA-management-noise-573,4,0.009108,,1
OR.PA-management-noise-573,5,0.010681,,1
OR.PA-management-noise-573,6,0.026564,,1
OR.PA-management-noise-573,7,0.016849,,1
OR.PA-management-noise-573,8,0.032278,,1
OR.PA-management-noise-573,9,0.021234,,1
OR.PA-management-noise-573,10,0.019028,,1
OR.PA-management-noise-573,11,0.019335,,1
OR.PA-management-noise-573,12,-0.022507,,1
OR.PA-management-noise-573,13,-0.068276,,1
OR.PA-management-noise-573,14,-0.039252,,1
OR.PA-management-noise-573,15,-0.046462,,1
OR.PA-management-noise-573,16,-0.047512,,1
OR.PA-management-noise-573,17,-0.068884,,1
OR.PA-management-noise-573,18,-0.068038,,1
OR.PA-management-noise-573,19,-0.070778,,1
OR.PA-management-noise-573,20,-0.077694,,1
OR.PA-management-noise-573,21,-0.092972,,1
OR.PA-management-noise-573,22,-0.097074,,1
OR.PA-management-noise-573,23,-0.095648,,1
OR.PA-management-noise-573,24,-0.101477,,1
OR.PA-management-noise-573,25,-0.115135,,1
OR.PA-management-noise-573,26,-0.107776,,1
OR.PA-management-noise-573,27,-0.115429,,1
OR.PA-management-noise-573,28,-0.104899,,1
OR.PA-management-noise-573,29,-0.094187,,1
OR.PA-management-noise-573,30,-0.097026,,1
OR.PA-management-noise-570,1,-0.050101,,1
OR.PA-management-noise-570,2,-0.01613,,1
OR.PA-management-noise-570,3,-0.00177,,1
OR.PA-management-noise-570,4,0.009108,,1
OR.PA-management-noise-570,5,0.010681,,1
OR.PA-management-noise-570,6,0.026564,,1
OR.PA-management-noise-570,7,0.016849,,1
OR.PA-management-noise-570,8,0.032278,,1
OR.PA-management-noise-570,9,0.021234,,1
OR.PA-management-noise-570,10,0.019028,,1
OR.PA-management-noise-570,11,0.019335,,1
OR.PA-management-noise-570,12,-0.022507,,1
OR.PA-management-noise-570,13,-0.068276,,1
OR.PA-management-noise-570,14,-0.039252,,1
OR.PA-management-noise-570,15,-0.046462,,1
OR.PA-management-noise-570,16,-0.047512,,1
OR.PA-management-noise-570,17,-0.068884,,1
OR.PA-management-noise-570,18,-0.068038,,1
OR.PA-management-noise-570,19,-0.070778,,1
OR.PA-management-noise-570,20,-0.077694,,1
OR.PA-management-noise-570,21,-0.092972,,1
OR.PA-management-noise-570,22,-0.097074,,1
OR.PA-management-noise-570,23,-0.095648,,1
OR.PA-management-noise-570,24,-0.101477,,1
OR.PA-management-noise-570,25,-0.115135,,1
OR.PA-management-noise-570,26,-0.107776,,1
OR.PA-management-noise-570,27,-0.115429,,1
OR.PA-management-noise-570,28,-0.104899,,1
OR.PA-management-noise-570,29,-0.094187,,1
OR.PA-management-noise-570,30,-0.097026,,1
OR.PA-management-noise-568,1,-0.050101,,1
OR.PA-management-noise-568,2,-0.01613,,1
OR.PA-management-noise-568,3,-0.00177,,1
OR.PA-management-noise-568,4,0.009108,,1
OR.PA-management-noise-568,5,0.010681,,1
OR.PA-management-noise-568,6,0.026564,,1
OR.PA-management-noise-568,7,0.016849,,1
OR.PA-management-noise-568,8,0.032278,,1
OR.PA-management-noise-568,9,0.021234,,1
OR.PA-management-noise-568,10,0.019028,,1
OR.PA-management-noise-568,11,0.019335,,1
OR.PA-management-noise-568,12,-0.022507,,1
OR.PA-management-noise-568,13,-0.068276,,1
OR.PA-management-noise-568,14,-0.039252,,1
OR.PA-management-noise-568,15,-0.046462,,1
OR.PA-management-noise-568,16,-0.047512,,1
OR.PA-management-noise-568,17,-0.068884,,1
OR.PA-management-noise-568,18,-0.068038,,1
OR.PA-management-noise-568,19,-0.070778,,1
OR.PA-management-noise-568,20,-0.077694,,1
OR.PA-management-noise-568,21,-0.092972,,1
OR.PA-management-noise-568,22,-0.097074,,1
OR.PA-management-noise-568,23,-0.095648,,1
OR.PA-management-noise-568,24,-0.101477,,1
OR.PA-management-noise-568,25,-0.115135,,1
OR.PA-management-noise-568,26,-0.107776,,1
OR.PA-management-noise-568,27,-0.115429,,1
OR.PA-management-noise-568,28,-0.104899,,1
OR.PA-management-noise-568,29,-0.094187,,1
OR.PA-management-noise-568,30,-0.097026,,1
OR.PA-management-noise-567,1,-0.050101,,1
OR.PA-management-noise-567,2,-0.01613,,1
OR.PA-management-noise-567,3,-0.00177,,1
OR.PA-management-noise-567,4,0.009108,,1
OR.PA-management-noise-567,5,0.010681,,1
OR.PA-management-noise-567,6,0.026564,,1
OR.PA-management-noise-567,7,0.016849,,1
OR.PA-management-noise-567,8,0.032278,,1
OR.PA-management-noise-567,9,0.021234,,1
OR.PA-management-noise-567,10,0.019028,,1
OR.PA-management-noise-567,11,0.019335,,1
OR.PA-management-noise-567,12,-0.022507,,1
OR.PA-management-noise-567,13,-0.068276,,1
OR.PA-management-noise-567,14,-0.039252,,1
OR.PA-management-noise-567,15,-0.046462,,1
OR.PA-management-noise-567,16,-0.047512,,1
OR.PA-management-noise-567,17,-0.068884,,1
OR.PA-management-noise-567,18,-0.068038,,1
OR.PA-management-noise-567,19,-0.070778,,1
OR.PA-management-noise-567,20,-0.077694,,1
OR.PA-management-noise-567,21,-0.092972,,1
OR.PA-management-noise-567,22,-0.097074,,1
OR.PA-management-noise-567,23,-0.095648,,1
OR.PA-management-noise-567,24,-0.101477,,1
OR.PA-management-noise-567,25,-0.115135,,1
OR.PA-management-noise-567,26,-0.107776,,1
OR.PA-management-noise-567,27,-0.115429,,1
OR.PA-management-noise-567,28,-0.104899,,1
OR.PA-management-noise-567,29,-0.094187,,1
OR.PA-management-noise-567,30,-0.097026,,1
OR.PA-management-noise-563,1,0.009522,,1
OR.PA-management-noise-563,2,-0.004968,,1
OR.PA-management-noise-563,3,-0.007753,,1
OR.PA-management-noise-563,4,-0.047523,,1
OR.PA-management-noise-563,5,-0.024068,,1
OR.PA-management-noise-563,6,-0.046986,,1
OR.PA-management-noise-563,7,-0.012796,,1
OR.PA-management-noise-563,8,-0.010571,,1
OR.PA-management-noise-563,9,-0.000767,,1
OR.PA-management-noise-563,10,-0.020282,,1
OR.PA-management-noise-563,11,-0.02606,,1
OR.PA-management-noise-563,12,-0.024688,,1
OR.PA-management-noise-563,13,0.037085,,1
OR.PA-management-noise-563,14,0.067814,,1
OR.PA-management-noise-563,15,0.085137,,1
OR.PA-management-noise-563,16,0.068294,,1
OR.PA-management-noise-563,17,0.082209,,1
OR.PA-management-noise-563,18,0.105791,,1
OR.PA-management-noise-563,19,0.103852,,1
OR.PA-management-noise-563,20,0.12064,,1
OR.PA-management-noise-563,21,0.130429,,1
OR.PA-management-noise-563,22,0.10837,,1
OR.PA-management-noise-563,23,0.091274,,1
OR.PA-management-noise-563,24,0.094449,,1
OR.PA-management-noise-563,25,0.115788,,1
OR.PA-management-noise-563,26,0.145618,,1
OR.PA-management-noise-563,27,0.122146,,1
OR.PA-management-noise-563,28,0.089659,,1
OR.PA-management-noise-563,29,0.101775,,1
OR.PA-management-noise-563,30,0.09429,,1
OR.PA-management-noise-562,1,0.009522,,1
OR.PA-management-noise-562,2,-0.004968,,1
OR.PA-management-noise-562,3,-0.007753,,1
OR.PA-management-noise-562,4,-0.047523,,1
OR.PA-management-noise-562,5,-0.024068,,1
OR.PA-management-noise-562,6,-0.046986,,1
OR.PA-management-noise-562,7,-0.012796,,1
OR.PA-management-noise-562,8,-0.010571,,1
OR.PA-management-noise-562,9,-0.000767,,1
OR.PA-management-noise-562,10,-0.020282,,1
OR.PA-management-noise-562,11,-0.02606,,1
OR.PA-management-noise-562,12,-0.024688,,1
OR.PA-management-noise-562,13,0.037085,,1
OR.PA-management-noise-562,14,0.067814,,1
OR.PA-management-noise-562,15,0.085137,,1
OR.PA-management-noise-562,16,0.068294,,1
OR.PA-management-noise-562,17,0.082209,,1
OR.PA-management-noise-562,18,0.105791,,1
OR.PA-management-noise-562,19,0.103852,,1
OR.PA-management-noise-562,20,0.12064,,1
OR.PA-management-noise-562,21,0.130429,,1
OR.PA-management-noise-562,22,0.10837,,1
OR.PA-management-noise-562,23,0.091274,,1
OR.PA-management-noise-562,24,0.094449,,1
OR.PA-management-noise-562,25,0.115788,,1
OR.PA-management-noise-562,26,0.145618,,1
OR.PA-management-noise-562,27,0.122146,,1
OR.PA-management-noise-562,28,0.089659,,1
OR.PA-management-noise-562,29,0.101775,,1
OR.PA-management-noise-562,30,0.09429,,1
OR.PA-management-noise-561,1,0.009522,,1
OR.PA-management-noise-561,2,-0.004968,,1
OR.PA-management-noise-561,3,-0.007753,,1
OR.PA-management-noise-561,4,-0.047523,,1
OR.PA-management-noise-561,5,-0.024068,,1
OR.PA-management-noise-561,6,-0.046986,,1
OR.PA-management-noise-561,7,-0.012796,,1
OR.PA-management-noise-561,8,-0.010571,,1
OR.PA-management-noise-561,9,-0.000767,,1
OR.PA-management-noise-561,10,-0.020282,,1
OR.PA-management-noise-561,11,-0.02606,,1
OR.PA-management-noise-561,12,-0.024688,,1
OR.PA-management-noise-561,13,0.037085,,1
OR.PA-management-noise-561,14,0.067814,,1
OR.PA-management-noise-561,15,0.085137,,1
OR.PA-management-noise-561,16,0.068294,,1
OR.PA-management-noise-561,17,0.082209,,1
OR.PA-management-noise-561,18,0.105791,,1
OR.PA-management-noise-561,19,0.103852,,1
OR.PA-management-noise-561,20,0.12064,,1
OR.PA-management-noise-561,21,0.130429,,1
OR.PA-management-noise-561,22,0.10837,,1
OR.PA-management-noise-561,23,0.091274,,1
OR.PA-management-noise-561,24,0.094449,,1
OR.PA-management-noise-561,25,0.115788,,1
OR.PA-management-noise-561,26,0.145618,,1
OR.PA-management-noise-561,27,0.122146,,1
OR.PA-management-noise-561,28,0.089659,,1
OR.PA-management-noise-561,29,0.101775,,1
OR.PA-management-noise-561,30,0.09429,,1
OR.PA-management-noise-560,1,0.009522,,1
OR.PA-management-noise-560,2,-0.004968,,1
OR.PA-management-noise-560,3,-0.007753,,1
OR.PA-management-noise-560,4,-0.047523,,1
OR.PA-management-noise-560,5,-0.024068,,1
OR.PA-management-noise-560,6,-0.046986,,1
OR.PA-management-noise-560,7,-0.012796,,1
OR.PA-management-noise-560,8,-0.010571,,1
OR.PA-management-noise-560,9,-0.000767,,1
OR.PA-management-noise-560,10,-0.020282,,1
OR.PA-management-noise-560,11,-0.02606,,1
OR.PA-management-noise-560,12,-0.024688,,1
OR.PA-management-noise-560,13,0.037085,,1
OR.PA-management-noise-560,14,0.067814,,1
OR.PA-management-noise-560,15,0.085137,,1
OR.PA-management-noise-560,16,0.068294,,1
OR.PA-management-noise-560,17,0.082209,,1
OR.PA-management-noise-560,18,0.105791,,1
OR.PA-management-noise-560,19,0.103852,,1
OR.PA-management-noise-560,20,0.12064,,1
OR.PA-management-noise-560,21,0.130429,,1
OR.PA-management-noise-560,22,0.10837,,1
OR.PA-management-noise-560,23,0.091274,,1
OR.PA-management-noise-560,24,0.094449,,1
OR.PA-management-noise-560,25,0.115788,,1
OR.PA-management-noise-560,26,0.145618,,1
OR.PA-management-noise-560,27,0.122146,,1
OR.PA-management-noise-560,28,0.089659,,1
OR.PA-management-noise-560,29,0.101775,,1
OR.PA-management-noise-560,30,0.09429,,1
OR.PA-management-noise-559,1,0.009522,,1
OR.PA-management-noise-559,2,-0.004968,,1
OR.PA-management-noise-559,3,-0.007753,,1
OR.PA-management-noise-559,4,-0.047523,,1
OR.PA-management-noise-559,5,-0.024068,,1
OR.PA-management-noise-559,6,-0.046986,,1
OR.PA-management-noise-559,7,-0.012796,,1
OR.PA-management-noise-559,8,-0.010571,,1
OR.PA-management-noise-559,9,-0.000767,,1
OR.PA-management-noise-559,10,-0.020282,,1
OR.PA-management-noise-559,11,-0.02606,,1
OR.PA-management-noise-559,12,-0.024688,,1
OR.PA-management-noise-559,13,0.037085,,1
OR.PA-management-noise-559,14,0.067814,,1
OR.PA-management-noise-559,15,0.085137,,1
OR.PA-management-noise-559,16,0.068294,,1
OR.PA-management-noise-559,17,0.082209,,1
OR.PA-management-noise-559,18,0.105791,,1
OR.PA-management-noise-559,19,0.103852,,1
OR.PA-management-noise-559,20,0.12064,,1
OR.PA-management-noise-559,21,0.130429,,1
OR.PA-management-noise-559,22,0.10837,,1
OR.PA-management-noise-559,23,0.091274,,1
OR.PA-management-noise-559,24,0.094449,,1
OR.PA-management-noise-559,25,0.115788,,1
OR.PA-management-noise-559,26,0.145618,,1
OR.PA-management-noise-559,27,0.122146,,1
OR.PA-management-noise-559,28,0.089659,,1
OR.PA-management-noise-559,29,0.101775,,1
OR.PA-management-noise-559,30,0.09429,,1
OR.PA-management-noise-558,1,0.009522,,1
OR.PA-management-noise-558,2,-0.004968,,1
OR.PA-management-noise-558,3,-0.007753,,1
OR.PA-management-noise-558,4,-0.047523,,1
OR.PA-management-noise-558,5,-0.024068,,1
OR.PA-management-noise-558,6,-0.046986,,1
OR.PA-management-noise-558,7,-0.012796,,1
OR.PA-management-noise-558,8,-0.010571,,1
OR.PA-management-noise-558,9,-0.000767,,1
OR.PA-management-noise-558,10,-0.020282,,1
OR.PA-management-noise-558,11,-0.02606,,1
OR.PA-management-noise-558,12,-0.024688,,1
OR.PA-management-noise-558,13,0.037085,,1
OR.PA-management-noise-558,14,0.067814,,1
OR.PA-management-noise-558,15,0.085137,,1
OR.PA-management-noise-558,16,0.068294,,1
OR.PA-management-noise-558,17,0.082209,,1
OR.PA-management-noise-558,18,0.105791,,1
OR.PA-management-noise-558,19,0.103852,,1
OR.PA-management-noise-558,20,0.12064,,1
OR.PA-management-noise-558,21,0.130429,,1
OR.PA-management-noise-558,22,0.10837,,1
OR.PA-management-noise-558,23,0.091274,,1
OR.PA-management-noise-558,24,0.094449,,1
OR.PA-management-noise-558,25,0.115788,,1
OR.PA-management-noise-558,26,0.145618,,1
OR.PA-management-noise-558,27,0.122146,,1
OR.PA-management-noise-558,28,0.089659,,1
OR.PA-management-noise-558,29,0.101775,,1
OR.PA-management-noise-558,30,0.09429,,1
OR.PA-management-noise-557,1,0.009522,,1
OR.PA-management-noise-557,2,-0.004968,,1
OR.PA-management-noise-557,3,-0.007753,,1
OR.PA-management-noise-557,4,-0.047523,,1
OR.PA-management-noise-557,5,-0.024068,,1
OR.PA-management-noise-557,6,-0.046986,,1
OR.PA-management-noise-557,7,-0.012796,,1
OR.PA-management-noise-557,8,-0.010571,,1
OR.PA-management-noise-557,9,-0.000767,,1
OR.PA-management-noise-557,10,-0.020282,,1
OR.PA-management-noise-557,11,-0.02606,,1
OR.PA-management-noise-557,12,-0.024688,,1
OR.PA-management-noise-557,13,0.037085,,1
OR.PA-management-noise-557,14,0.067814,,1
OR.PA-management-noise-557,15,0.085137,,1
OR.PA-management-noise-557,16,0.068294,,1
OR.PA-management-noise-557,17,0.082209,,1
OR.PA-management-noise-557,18,0.105791,,1
OR.PA-management-noise-557,19,0.103852,,1
OR.PA-management-noise-557,20,0.12064,,1
OR.PA-management-noise-557,21,0.130429,,1
OR.PA-management-noise-557,22,0.10837,,1
OR.PA-management-noise-557,23,0.091274,,1
OR.PA-management-noise-557,24,0.094449,,1
OR.PA-management-noise-557,25,0.115788,,1
OR.PA-management-noise-557,26,0.145618,,1
OR.PA-management-noise-557,27,0.122146,,1
OR.PA-management-noise-557,28,0.089659,,1
OR.PA-management-noise-557,29,0.101775,,1
OR.PA-management-noise-557,30,0.09429,,1
OR.PA-management-noise-556,1,0.009522,,1
OR.PA-management-noise-556,2,-0.004968,,1
OR.PA-management-noise-556,3,-0.007753,,1
OR.PA-management-noise-556,4,-0.047523,,1
OR.PA-management-noise-556,5,-0.024068,,1
OR.PA-management-noise-556,6,-0.046986,,1
OR.PA-management-noise-556,7,-0.012796,,1
OR.PA-management-noise-556,8,-0.010571,,1
OR.PA-management-noise-556,9,-0.000767,,1
OR.PA-management-noise-556,10,-0.020282,,1
OR.PA-management-noise-556,11,-0.02606,,1
OR.PA-management-noise-556,12,-0.024688,,1
OR.PA-management-noise-556,13,0.037085,,1
OR.PA-management-noise-556,14,0.067814,,1
OR.PA-management-noise-556,15,0.085137,,1
OR.PA-management-noise-556,16,0.068294,,1
OR.PA-management-noise-556,17,0.082209,,1
OR.PA-management-noise-556,18,0.105791,,1
OR.PA-management-noise-556,19,0.103852,,1
OR.PA-management-noise-556,20,0.12064,,1
OR.PA-management-noise-556,21,0.130429,,1
OR.PA-management-noise-556,22,0.10837,,1
OR.PA-management-noise-556,23,0.091274,,1
OR.PA-management-noise-556,24,0.094449,,1
OR.PA-management-noise-556,25,0.115788,,1
OR.PA-management-noise-556,26,0.145618,,1
OR.PA-management-noise-556,27,0.122146,,1
OR.PA-management-noise-556,28,0.089659,,1
OR.PA-management-noise-556,29,0.101775,,1
OR.PA-management-noise-556,30,0.09429,,1
OR.PA-management-noise-555,1,0.009522,,1
OR.PA-management-noise-555,2,-0.004968,,1
OR.PA-management-noise-555,3,-0.007753,,1
OR.PA-management-noise-555,4,-0.047523,,1
OR.PA-management-noise-555,5,-0.024068,,1
OR.PA-management-noise-555,6,-0.046986,,1
OR.PA-management-noise-555,7,-0.012796,,1
OR.PA-management-noise-555,8,-0.010571,,1
OR.PA-management-noise-555,9,-0.000767,,1
OR.PA-management-noise-555,10,-0.020282,,1
OR.PA-management-noise-555,11,-0.02606,,1
OR.PA-management-noise-555,12,-0.024688,,1
OR.PA-management-noise-555,13,0.037085,,1
OR.PA-management-noise-555,14,0.067814,,1
OR.PA-management-noise-555,15,0.085137,,1
OR.PA-management-noise-555,16,0.068294,,1
OR.PA-management-noise-555,17,0.082209,,1
OR.PA-management-noise-555,18,0.105791,,1
OR.PA-management-noise-555,19,0.103852,,1
OR.PA-management-noise-555,20,0.12064,,1
OR.PA-management-noise-555,21,0.130429,,1
OR.PA-management-noise-555,22,0.10837,,1
OR.PA-management-noise-555,23,0.091274,,1
OR.PA-management-noise-555,24,0.094449,,1
OR.PA-management-noise-555,25,0.115788,,1
OR.PA-management-noise-555,26,0.145618,,1
OR.PA-management-noise-555,27,0.122146,,1
OR.PA-management-noise-555,28,0.089659,,1
OR.PA-management-noise-555,29,0.101775,,1
OR.PA-management-noise-555,30,0.09429,,1
OR.PA-management-noise-554,1,0.009522,,1
OR.PA-management-noise-554,2,-0.004968,,1
OR.PA-management-noise-554,3,-0.007753,,1
OR.PA-management-noise-554,4,-0.047523,,1
OR.PA-management-noise-554,5,-0.024068,,1
OR.PA-management-noise-554,6,-0.046986,,1
OR.PA-management-noise-554,7,-0.012796,,1
OR.PA-management-noise-554,8,-0.010571,,1
OR.PA-management-noise-554,9,-0.000767,,1
OR.PA-management-noise-554,10,-0.020282,,1
OR.PA-management-noise-554,11,-0.02606,,1
OR.PA-management-noise-554,12,-0.024688,,1
OR.PA-management-noise-554,13,0.037085,,1
OR.PA-management-noise-554,14,0.067814,,1
OR.PA-management-noise-554,15,0.085137,,1
OR.PA-management-noise-554,16,0.068294,,1
OR.PA-management-noise-554,17,0.082209,,1
OR.PA-management-noise-554,18,0.105791,,1
OR.PA-management-noise-554,19,0.103852,,1
OR.PA-management-noise-554,20,0.12064,,1
OR.PA-management-noise-554,21,0.130429,,1
OR.PA-management-noise-554,22,0.10837,,1
OR.PA-management-noise-554,23,0.091274,,1
OR.PA-management-noise-554,24,0.094449,,1
OR.PA-management-noise-554,25,0.115788,,1
OR.PA-management-noise-554,26,0.145618,,1
OR.PA-management-noise-554,27,0.122146,,1
OR.PA-management-noise-554,28,0.089659,,1
OR.PA-management-noise-554,29,0.101775,,1
OR.PA-management-noise-554,30,0.09429,,1
OR.PA-management-noise-553,1,0.009522,,1
OR.PA-management-noise-553,2,-0.004968,,1
OR.PA-management-noise-553,3,-0.007753,,1
OR.PA-management-noise-553,4,-0.047523,,1
OR.PA-management-noise-553,5,-0.024068,,1
OR.PA-management-noise-553,6,-0.046986,,1
OR.PA-management-noise-553,7,-0.012796,,1
OR.PA-management-noise-553,8,-0.010571,,1
OR.PA-management-noise-553,9,-0.000767,,1
OR.PA-management-noise-553,10,-0.020282,,1
OR.PA-management-noise-553,11,-0.02606,,1
OR.PA-management-noise-553,12,-0.024688,,1
OR.PA-management-noise-553,13,0.037085,,1
OR.PA-management-noise-553,14,0.067814,,1
OR.PA-management-noise-553,15,0.085137,,1
OR.PA-management-noise-553,16,0.068294,,1
OR.PA-management-noise-553,17,0.082209,,1
OR.PA-management-noise-553,18,0.105791,,1
OR.PA-management-noise-553,19,0.103852,,1
OR.PA-management-noise-553,20,0.12064,,1
OR.PA-management-noise-553,21,0.130429,,1
OR.PA-management-noise-553,22,0.10837,,1
OR.PA-management-noise-553,23,0.091274,,1
OR.PA-management-noise-553,24,0.094449,,1
OR.PA-management-noise-553,25,0.115788,,1
OR.PA-management-noise-553,26,0.145618,,1
OR.PA-management-noise-553,27,0.122146,,1
OR.PA-management-noise-553,28,0.089659,,1
OR.PA-management-noise-553,29,0.101775,,1
OR.PA-management-noise-553,30,0.09429,,1
OR.PA-management-noise-552,1,0.009522,,1
OR.PA-management-noise-552,2,-0.004968,,1
OR.PA-management-noise-552,3,-0.007753,,1
OR.PA-management-noise-552,4,-0.047523,,1
OR.PA-management-noise-552,5,-0.024068,,1
OR.PA-management-noise-552,6,-0.046986,,1
OR.PA-management-noise-552,7,-0.012796,,1
OR.PA-management-noise-552,8,-0.010571,,1
OR.PA-management-noise-552,9,-0.000767,,1
OR.PA-management-noise-552,10,-0.020282,,1
OR.PA-management-noise-552,11,-0.02606,,1
OR.PA-management-noise-552,12,-0.024688,,1
OR.PA-management-noise-552,13,0.037085,,1
OR.PA-management-noise-552,14,0.067814,,1
OR.PA-management-noise-552,15,0.085137,,1
OR.PA-management-noise-552,16,0.068294,,1
OR.PA-management-noise-552,17,0.082209,,1
OR.PA-management-noise-552,18,0.105791,,1
OR.PA-management-noise-552,19,0.103852,,1
OR.PA-management-noise-552,20,0.12064,,1
OR.PA-management-noise-552,21,0.130429,,1
OR.PA-management-noise-552,22,0.10837,,1
OR.PA-management-noise-552,23,0.091274,,1
OR.PA-management-noise-552,24,0.094449,,1
OR.PA-management-noise-552,25,0.115788,,1
OR.PA-management-noise-552,26,0.145618,,1
OR.PA-management-noise-552,27,0.122146,,1
OR.PA-management-noise-552,28,0.089659,,1
OR.PA-management-noise-552,29,0.101775,,1
OR.PA-management-noise-552,30,0.09429,,1
OR.PA-management-noise-551,1,0.009522,,1
OR.PA-management-noise-551,2,-0.004968,,1
OR.PA-management-noise-551,3,-0.007753,,1
OR.PA-management-noise-551,4,-0.047523,,1
OR.PA-management-noise-551,5,-0.024068,,1
OR.PA-management-noise-551,6,-0.046986,,1
OR.PA-management-noise-551,7,-0.012796,,1
OR.PA-management-noise-551,8,-0.010571,,1
OR.PA-management-noise-551,9,-0.000767,,1
OR.PA-management-noise-551,10,-0.020282,,1
OR.PA-management-noise-551,11,-0.02606,,1
OR.PA-management-noise-551,12,-0.024688,,1
OR.PA-management-noise-551,13,0.037085,,1
OR.PA-management-noise-551,14,0.067814,,1
OR.PA-management-noise-551,15,0.085137,,1
OR.PA-management-noise-551,16,0.068294,,1
OR.PA-management-noise-551,17,0.082209,,1
OR.PA-management-noise-551,18,0.105791,,1
OR.PA-management-noise-551,19,0.103852,,1
OR.PA-management-noise-551,20,0.12064,,1
OR.PA-management-noise-551,21,0.130429,,1
OR.PA-management-noise-551,22,0.10837,,1
OR.PA-management-noise-551,23,0.091274,,1
OR.PA-management-noise-551,24,0.094449,,1
OR.PA-management-noise-551,25,0.115788,,1
OR.PA-management-noise-551,26,0.145618,,1
OR.PA-management-noise-551,27,0.122146,,1
OR.PA-management-noise-551,28,0.089659,,1
OR.PA-management-noise-551,29,0.101775,,1
OR.PA-management-noise-551,30,0.09429,,1
OR.PA-management-noise-550,1,0.009522,,1
OR.PA-management-noise-550,2,-0.004968,,1
OR.PA-management-noise-550,3,-0.007753,,1
OR.PA-management-noise-550,4,-0.047523,,1
OR.PA-management-noise-550,5,-0.024068,,1
OR.PA-management-noise-550,6,-0.046986,,1
OR.PA-management-noise-550,7,-0.012796,,1
OR.PA-management-noise-550,8,-0.010571,,1
OR.PA-management-noise-550,9,-0.000767,,1
OR.PA-management-noise-550,10,-0.020282,,1
OR.PA-management-noise-550,11,-0.02606,,1
OR.PA-management-noise-550,12,-0.024688,,1
OR.PA-management-noise-550,13,0.037085,,1
OR.PA-management-noise-550,14,0.067814,,1
OR.PA-management-noise-550,15,0.085137,,1
OR.PA-management-noise-550,16,0.068294,,1
OR.PA-management-noise-550,17,0.082209,,1
OR.PA-management-noise-550,18,0.105791,,1
OR.PA-management-noise-550,19,0.103852,,1
OR.PA-management-noise-550,20,0.12064,,1
OR.PA-management-noise-550,21,0.130429,,1
OR.PA-management-noise-550,22,0.10837,,1
OR.PA-management-noise-550,23,0.091274,,1
OR.PA-management-noise-550,24,0.094449,,1
OR.PA-management-noise-550,25,0.115788,,1
OR.PA-management-noise-550,26,0.145618,,1
OR.PA-management-noise-550,27,0.122146,,1
OR.PA-management-noise-550,28,0.089659,,1
OR.PA-management-noise-550,29,0.101775,,1
OR.PA-management-noise-550,30,0.09429,,1
OR.PA-management-noise-549,1,0.009522,,1
OR.PA-management-noise-549,2,-0.004968,,1
OR.PA-management-noise-549,3,-0.007753,,1
OR.PA-management-noise-549,4,-0.047523,,1
OR.PA-management-noise-549,5,-0.024068,,1
OR.PA-management-noise-549,6,-0.046986,,1
OR.PA-management-noise-549,7,-0.012796,,1
OR.PA-management-noise-549,8,-0.010571,,1
OR.PA-management-noise-549,9,-0.000767,,1
OR.PA-management-noise-549,10,-0.020282,,1
OR.PA-management-noise-549,11,-0.02606,,1
OR.PA-management-noise-549,12,-0.024688,,1
OR.PA-management-noise-549,13,0.037085,,1
OR.PA-management-noise-549,14,0.067814,,1
OR.PA-management-noise-549,15,0.085137,,1
OR.PA-management-noise-549,16,0.068294,,1
OR.PA-management-noise-549,17,0.082209,,1
OR.PA-management-noise-549,18,0.105791,,1
OR.PA-management-noise-549,19,0.103852,,1
OR.PA-management-noise-549,20,0.12064,,1
OR.PA-management-noise-549,21,0.130429,,1
OR.PA-management-noise-549,22,0.10837,,1
OR.PA-management-noise-549,23,0.091274,,1
OR.PA-management-noise-549,24,0.094449,,1
OR.PA-management-noise-549,25,0.115788,,1
OR.PA-management-noise-549,26,0.145618,,1
OR.PA-management-noise-549,27,0.122146,,1
OR.PA-management-noise-549,28,0.089659,,1
OR.PA-management-noise-549,29,0.101775,,1
OR.PA-management-noise-549,30,0.09429,,1
OR.PA-management-noise-548,1,0.009522,,1
OR.PA-management-noise-548,2,-0.004968,,1
OR.PA-management-noise-548,3,-0.007753,,1
OR.PA-management-noise-548,4,-0.047523,,1
OR.PA-management-noise-548,5,-0.024068,,1
OR.PA-management-noise-548,6,-0.046986,,1
OR.PA-management-noise-548,7,-0.012796,,1
OR.PA-management-noise-548,8,-0.010571,,1
OR.PA-management-noise-548,9,-0.000767,,1
OR.PA-management-noise-548,10,-0.020282,,1
OR.PA-management-noise-548,11,-0.02606,,1
OR.PA-management-noise-548,12,-0.024688,,1
OR.PA-management-noise-548,13,0.037085,,1
OR.PA-management-noise-548,14,0.067814,,1
OR.PA-management-noise-548,15,0.085137,,1
OR.PA-management-noise-548,16,0.068294,,1
OR.PA-management-noise-548,17,0.082209,,1
OR.PA-management-noise-548,18,0.105791,,1
OR.PA-management-noise-548,19,0.103852,,1
OR.PA-management-noise-548,20,0.12064,,1
OR.PA-management-noise-548,21,0.130429,,1
OR.PA-management-noise-548,22,0.10837,,1
OR.PA-management-noise-548,23,0.091274,,1
OR.PA-management-noise-548,24,0.094449,,1
OR.PA-management-noise-548,25,0.115788,,1
OR.PA-management-noise-548,26,0.145618,,1
OR.PA-management-noise-548,27,0.122146,,1
OR.PA-management-noise-548,28,0.089659,,1
OR.PA-management-noise-548,29,0.101775,,1
OR.PA-management-noise-548,30,0.09429,,1
OR.PA-management-noise-547,1,0.009522,,1
OR.PA-management-noise-547,2,-0.004968,,1
OR.PA-management-noise-547,3,-0.007753,,1
OR.PA-management-noise-547,4,-0.047523,,1
OR.PA-management-noise-547,5,-0.024068,,1
OR.PA-management-noise-547,6,-0.046986,,1
OR.PA-management-noise-547,7,-0.012796,,1
OR.PA-management-noise-547,8,-0.010571,,1
OR.PA-management-noise-547,9,-0.000767,,1
OR.PA-management-noise-547,10,-0.020282,,1
OR.PA-management-noise-547,11,-0.02606,,1
OR.PA-management-noise-547,12,-0.024688,,1
OR.PA-management-noise-547,13,0.037085,,1
OR.PA-management-noise-547,14,0.067814,,1
OR.PA-management-noise-547,15,0.085137,,1
OR.PA-management-noise-547,16,0.068294,,1
OR.PA-management-noise-547,17,0.082209,,1
OR.PA-management-noise-547,18,0.105791,,1
OR.PA-management-noise-547,19,0.103852,,1
OR.PA-management-noise-547,20,0.12064,,1
OR.PA-management-noise-547,21,0.130429,,1
OR.PA-management-noise-547,22,0.10837,,1
OR.PA-management-noise-547,23,0.091274,,1
OR.PA-management-noise-547,24,0.094449,,1
OR.PA-management-noise-547,25,0.115788,,1
OR.PA-management-noise-547,26,0.145618,,1
OR.PA-management-noise-547,27,0.122146,,1
OR.PA-management-noise-547,28,0.089659,,1
OR.PA-management-noise-547,29,0.101775,,1
OR.PA-management-noise-547,30,0.09429,,1
OR.PA-management-noise-546,1,0.009522,,1
OR.PA-management-noise-546,2,-0.004968,,1
OR.PA-management-noise-546,3,-0.007753,,1
OR.PA-management-noise-546,4,-0.047523,,1
OR.PA-management-noise-546,5,-0.024068,,1
OR.PA-management-noise-546,6,-0.046986,,1
OR.PA-management-noise-546,7,-0.012796,,1
OR.PA-management-noise-546,8,-0.010571,,1
OR.PA-management-noise-546,9,-0.000767,,1
OR.PA-management-noise-546,10,-0.020282,,1
OR.PA-management-noise-546,11,-0.02606,,1
OR.PA-management-noise-546,12,-0.024688,,1
OR.PA-management-noise-546,13,0.037085,,1
OR.PA-management-noise-546,14,0.067814,,1
OR.PA-management-noise-546,15,0.085137,,1
OR.PA-management-noise-546,16,0.068294,,1
OR.PA-management-noise-546,17,0.082209,,1
OR.PA-management-noise-546,18,0.105791,,1
OR.PA-management-noise-546,19,0.103852,,1
OR.PA-management-noise-546,20,0.12064,,1
OR.PA-management-noise-546,21,0.130429,,1
OR.PA-management-noise-546,22,0.10837,,1
OR.PA-management-noise-546,23,0.091274,,1
OR.PA-management-noise-546,24,0.094449,,1
OR.PA-management-noise-546,25,0.115788,,1
OR.PA-management-noise-546,26,0.145618,,1
OR.PA-management-noise-546,27,0.122146,,1
OR.PA-management-noise-546,28,0.089659,,1
OR.PA-management-noise-546,29,0.101775,,1
OR.PA-management-noise-546,30,0.09429,,1
OR.PA-management-noise-545,1,0.009522,,1
OR.PA-management-noise-545,2,-0.004968,,1
OR.PA-management-noise-545,3,-0.007753,,1
OR.PA-management-noise-545,4,-0.047523,,1
OR.PA-management-noise-545,5,-0.024068,,1
OR.PA-management-noise-545,6,-0.046986,,1
OR.PA-management-noise-545,7,-0.012796,,1
OR.PA-management-noise-545,8,-0.010571,,1
OR.PA-management-noise-545,9,-0.000767,,1
OR.PA-management-noise-545,10,-0.020282,,1
OR.PA-management-noise-545,11,-0.02606,,1
OR.PA-management-noise-545,12,-0.024688,,1
OR.PA-management-noise-545,13,0.037085,,1
OR.PA-management-noise-545,14,0.067814,,1
OR.PA-management-noise-545,15,0.085137,,1
OR.PA-management-noise-545,16,0.068294,,1
OR.PA-management-noise-545,17,0.082209,,1
OR.PA-management-noise-545,18,0.105791,,1
OR.PA-management-noise-545,19,0.103852,,1
OR.PA-management-noise-545,20,0.12064,,1
OR.PA-management-noise-545,21,0.130429,,1
OR.PA-management-noise-545,22,0.10837,,1
OR.PA-management-noise-545,23,0.091274,,1
OR.PA-management-noise-545,24,0.094449,,1
OR.PA-management-noise-545,25,0.115788,,1
OR.PA-management-noise-545,26,0.145618,,1
OR.PA-management-noise-545,27,0.122146,,1
OR.PA-management-noise-545,28,0.089659,,1
OR.PA-management-noise-545,29,0.101775,,1
OR.PA-management-noise-545,30,0.09429,,1
OR.PA-management-noise-539,1,0.009522,,1
OR.PA-management-noise-539,2,-0.004968,,1
OR.PA-management-noise-539,3,-0.007753,,1
OR.PA-management-noise-539,4,-0.047523,,1
OR.PA-management-noise-539,5,-0.024068,,1
OR.PA-management-noise-539,6,-0.046986,,1
OR.PA-management-noise-539,7,-0.012796,,1
OR.PA-management-noise-539,8,-0.010571,,1
OR.PA-management-noise-539,9,-0.000767,,1
OR.PA-management-noise-539,10,-0.020282,,1
OR.PA-management-noise-539,11,-0.02606,,1
OR.PA-management-noise-539,12,-0.024688,,1
OR.PA-management-noise-539,13,0.037085,,1
OR.PA-management-noise-539,14,0.067814,,1
OR.PA-management-noise-539,15,0.085137,,1
OR.PA-management-noise-539,16,0.068294,,1
OR.PA-management-noise-539,17,0.082209,,1
OR.PA-management-noise-539,18,0.105791,,1
OR.PA-management-noise-539,19,0.103852,,1
OR.PA-management-noise-539,20,0.12064,,1
OR.PA-management-noise-539,21,0.130429,,1
OR.PA-management-noise-539,22,0.10837,,1
OR.PA-management-noise-539,23,0.091274,,1
OR.PA-management-noise-539,24,0.094449,,1
OR.PA-management-noise-539,25,0.115788,,1
OR.PA-management-noise-539,26,0.145618,,1
OR.PA-management-noise-539,27,0.122146,,1
OR.PA-management-noise-539,28,0.089659,,1
OR.PA-management-noise-539,29,0.101775,,1
OR.PA-management-noise-539,30,0.09429,,1
OR.PA-management-noise-538,1,0.009522,,1
OR.PA-management-noise-538,2,-0.004968,,1
OR.PA-management-noise-538,3,-0.007753,,1
OR.PA-management-noise-538,4,-0.047523,,1
OR.PA-management-noise-538,5,-0.024068,,1
OR.PA-management-noise-538,6,-0.046986,,1
OR.PA-management-noise-538,7,-0.012796,,1
OR.PA-management-noise-538,8,-0.010571,,1
OR.PA-management-noise-538,9,-0.000767,,1
OR.PA-management-noise-538,10,-0.020282,,1
OR.PA-management-noise-538,11,-0.02606,,1
OR.PA-management-noise-538,12,-0.024688,,1
OR.PA-management-noise-538,13,0.037085,,1
OR.PA-management-noise-538,14,0.067814,,1
OR.PA-management-noise-538,15,0.085137,,1
OR.PA-management-noise-538,16,0.068294,,1
OR.PA-management-noise-538,17,0.082209,,1
OR.PA-management-noise-538,18,0.105791,,1
OR.PA-management-noise-538,19,0.103852,,1
OR.PA-management-noise-538,20,0.12064,,1
OR.PA-management-noise-538,21,0.130429,,1
OR.PA-management-noise-538,22,0.10837,,1
OR.PA-management-noise-538,23,0.091274,,1
OR.PA-management-noise-538,24,0.094449,,1
OR.PA-management-noise-538,25,0.115788,,1
OR.PA-management-noise-538,26,0.145618,,1
OR.PA-management-noise-538,27,0.122146,,1
OR.PA-management-noise-538,28,0.089659,,1
OR.PA-management-noise-538,29,0.101775,,1
OR.PA-management-noise-538,30,0.09429,,1
OR.PA-management-noise-537,1,0.009522,,1
OR.PA-management-noise-537,2,-0.004968,,1
OR.PA-management-noise-537,3,-0.007753,,1
OR.PA-management-noise-537,4,-0.047523,,1
OR.PA-management-noise-537,5,-0.024068,,1
OR.PA-management-noise-537,6,-0.046986,,1
OR.PA-management-noise-537,7,-0.012796,,1
OR.PA-management-noise-537,8,-0.010571,,1
OR.PA-management-noise-537,9,-0.000767,,1
OR.PA-management-noise-537,10,-0.020282,,1
OR.PA-management-noise-537,11,-0.02606,,1
OR.PA-management-noise-537,12,-0.024688,,1
OR.PA-management-noise-537,13,0.037085,,1
OR.PA-management-noise-537,14,0.067814,,1
OR.PA-management-noise-537,15,0.085137,,1
OR.PA-management-noise-537,16,0.068294,,1
OR.PA-management-noise-537,17,0.082209,,1
OR.PA-management-noise-537,18,0.105791,,1
OR.PA-management-noise-537,19,0.103852,,1
OR.PA-management-noise-537,20,0.12064,,1
OR.PA-management-noise-537,21,0.130429,,1
OR.PA-management-noise-537,22,0.10837,,1
OR.PA-management-noise-537,23,0.091274,,1
OR.PA-management-noise-537,24,0.094449,,1
OR.PA-management-noise-537,25,0.115788,,1
OR.PA-management-noise-537,26,0.145618,,1
OR.PA-management-noise-537,27,0.122146,,1
OR.PA-management-noise-537,28,0.089659,,1
OR.PA-management-noise-537,29,0.101775,,1
OR.PA-management-noise-537,30,0.09429,,1
OR.PA-management-noise-536,1,0.009522,,1
OR.PA-management-noise-536,2,-0.004968,,1
OR.PA-management-noise-536,3,-0.007753,,1
OR.PA-management-noise-536,4,-0.047523,,1
OR.PA-management-noise-536,5,-0.024068,,1
OR.PA-management-noise-536,6,-0.046986,,1
OR.PA-management-noise-536,7,-0.012796,,1
OR.PA-management-noise-536,8,-0.010571,,1
OR.PA-management-noise-536,9,-0.000767,,1
OR.PA-management-noise-536,10,-0.020282,,1
OR.PA-management-noise-536,11,-0.02606,,1
OR.PA-management-noise-536,12,-0.024688,,1
OR.PA-management-noise-536,13,0.037085,,1
OR.PA-management-noise-536,14,0.067814,,1
OR.PA-management-noise-536,15,0.085137,,1
OR.PA-management-noise-536,16,0.068294,,1
OR.PA-management-noise-536,17,0.082209,,1
OR.PA-management-noise-536,18,0.105791,,1
OR.PA-management-noise-536,19,0.103852,,1
OR.PA-management-noise-536,20,0.12064,,1
OR.PA-management-noise-536,21,0.130429,,1
OR.PA-management-noise-536,22,0.10837,,1
OR.PA-management-noise-536,23,0.091274,,1
OR.PA-management-noise-536,24,0.094449,,1
OR.PA-management-noise-536,25,0.115788,,1
OR.PA-management-noise-536,26,0.145618,,1
OR.PA-management-noise-536,27,0.122146,,1
OR.PA-management-noise-536,28,0.089659,,1
OR.PA-management-noise-536,29,0.101775,,1
OR.PA-management-noise-536,30,0.09429,,1
OR.PA-management-noise-535,1,0.009522,,1
OR.PA-management-noise-535,2,-0.004968,,1
OR.PA-management-noise-535,3,-0.007753,,1
OR.PA-management-noise-535,4,-0.047523,,1
OR.PA-management-noise-535,5,-0.024068,,1
OR.PA-management-noise-535,6,-0.046986,,1
OR.PA-management-noise-535,7,-0.012796,,1
OR.PA-management-noise-535,8,-0.010571,,1
OR.PA-management-noise-535,9,-0.000767,,1
OR.PA-management-noise-535,10,-0.020282,,1
OR.PA-management-noise-535,11,-0.02606,,1
OR.PA-management-noise-535,12,-0.024688,,1
OR.PA-management-noise-535,13,0.037085,,1
OR.PA-management-noise-535,14,0.067814,,1
OR.PA-management-noise-535,15,0.085137,,1
OR.PA-management-noise-535,16,0.068294,,1
OR.PA-management-noise-535,17,0.082209,,1
OR.PA-management-noise-535,18,0.105791,,1
OR.PA-management-noise-535,19,0.103852,,1
OR.PA-management-noise-535,20,0.12064,,1
OR.PA-management-noise-535,21,0.130429,,1
OR.PA-management-noise-535,22,0.10837,,1
OR.PA-management-noise-535,23,0.091274,,1
OR.PA-management-noise-535,24,0.094449,,1
OR.PA-management-noise-535,25,0.115788,,1
OR.PA-management-noise-535,26,0.145618,,1
OR.PA-management-noise-535,27,0.122146,,1
OR.PA-management-noise-535,28,0.089659,,1
OR.PA-management-noise-535,29,0.101775,,1
OR.PA-management-noise-535,30,0.09429,,1
OR.PA-management-noise-534,1,0.009522,,1
OR.PA-management-noise-534,2,-0.004968,,1
OR.PA-management-noise-534,3,-0.007753,,1
OR.PA-management-noise-534,4,-0.047523,,1
OR.PA-management-noise-534,5,-0.024068,,1
OR.PA-management-noise-534,6,-0.046986,,1
OR.PA-management-noise-534,7,-0.012796,,1
OR.PA-management-noise-534,8,-0.010571,,1
OR.PA-management-noise-534,9,-0.000767,,1
OR.PA-management-noise-534,10,-0.020282,,1
OR.PA-management-noise-534,11,-0.02606,,1
OR.PA-management-noise-534,12,-0.024688,,1
OR.PA-management-noise-534,13,0.037085,,1
OR.PA-management-noise-534,14,0.067814,,1
OR.PA-management-noise-534,15,0.085137,,1
OR.PA-management-noise-534,16,0.068294,,1
OR.PA-management-noise-534,17,0.082209,,1
OR.PA-management-noise-534,18,0.105791,,1
OR.PA-management-noise-534,19,0.103852,,1
OR.PA-management-noise-534,20,0.12064,,1
OR.PA-management-noise-534,21,0.130429,,1
OR.PA-management-noise-534,22,0.10837,,1
OR.PA-management-noise-534,23,0.091274,,1
OR.PA-management-noise-534,24,0.094449,,1
OR.PA-management-noise-534,25,0.115788,,1
OR.PA-management-noise-534,26,0.145618,,1
OR.PA-management-noise-534,27,0.122146,,1
OR.PA-management-noise-534,28,0.089659,,1
OR.PA-management-noise-534,29,0.101775,,1
OR.PA-management-noise-534,30,0.09429,,1
OR.PA-management-noise-533,1,0.009522,,1
OR.PA-management-noise-533,2,-0.004968,,1
OR.PA-management-noise-533,3,-0.007753,,1
OR.PA-management-noise-533,4,-0.047523,,1
OR.PA-management-noise-533,5,-0.024068,,1
OR.PA-management-noise-533,6,-0.046986,,1
OR.PA-management-noise-533,7,-0.012796,,1
OR.PA-management-noise-533,8,-0.010571,,1
OR.PA-management-noise-533,9,-0.000767,,1
OR.PA-management-noise-533,10,-0.020282,,1
OR.PA-management-noise-533,11,-0.02606,,1
OR.PA-management-noise-533,12,-0.024688,,1
OR.PA-management-noise-533,13,0.037085,,1
OR.PA-management-noise-533,14,0.067814,,1
OR.PA-management-noise-533,15,0.085137,,1
OR.PA-management-noise-533,16,0.068294,,1
OR.PA-management-noise-533,17,0.082209,,1
OR.PA-management-noise-533,18,0.105791,,1
OR.PA-management-noise-533,19,0.103852,,1
OR.PA-management-noise-533,20,0.12064,,1
OR.PA-management-noise-533,21,0.130429,,1
OR.PA-management-noise-533,22,0.10837,,1
OR.PA-management-noise-533,23,0.091274,,1
OR.PA-management-noise-533,24,0.094449,,1
OR.PA-management-noise-533,25,0.115788,,1
OR.PA-management-noise-533,26,0.145618,,1
OR.PA-management-noise-533,27,0.122146,,1
OR.PA-management-noise-533,28,0.089659,,1
OR.PA-management-noise-533,29,0.101775,,1
OR.PA-management-noise-533,30,0.09429,,1
OR.PA-management-noise-532,1,0.009522,,1
OR.PA-management-noise-532,2,-0.004968,,1
OR.PA-management-noise-532,3,-0.007753,,1
OR.PA-management-noise-532,4,-0.047523,,1
OR.PA-management-noise-532,5,-0.024068,,1
OR.PA-management-noise-532,6,-0.046986,,1
OR.PA-management-noise-532,7,-0.012796,,1
OR.PA-management-noise-532,8,-0.010571,,1
OR.PA-management-noise-532,9,-0.000767,,1
OR.PA-management-noise-532,10,-0.020282,,1
OR.PA-management-noise-532,11,-0.02606,,1
OR.PA-management-noise-532,12,-0.024688,,1
OR.PA-management-noise-532,13,0.037085,,1
OR.PA-management-noise-532,14,0.067814,,1
OR.PA-management-noise-532,15,0.085137,,1
OR.PA-management-noise-532,16,0.068294,,1
OR.PA-management-noise-532,17,0.082209,,1
OR.PA-management-noise-532,18,0.105791,,1
OR.PA-management-noise-532,19,0.103852,,1
OR.PA-management-noise-532,20,0.12064,,1
OR.PA-management-noise-532,21,0.130429,,1
OR.PA-management-noise-532,22,0.10837,,1
OR.PA-management-noise-532,23,0.091274,,1
OR.PA-management-noise-532,24,0.094449,,1
OR.PA-management-noise-532,25,0.115788,,1
OR.PA-management-noise-532,26,0.145618,,1
OR.PA-management-noise-532,27,0.122146,,1
OR.PA-management-noise-532,28,0.089659,,1
OR.PA-management-noise-532,29,0.101775,,1
OR.PA-management-noise-532,30,0.09429,,1
OR.PA-management-noise-529,1,0.009522,,1
OR.PA-management-noise-529,2,-0.004968,,1
OR.PA-management-noise-529,3,-0.007753,,1
OR.PA-management-noise-529,4,-0.047523,,1
OR.PA-management-noise-529,5,-0.024068,,1
OR.PA-management-noise-529,6,-0.046986,,1
OR.PA-management-noise-529,7,-0.012796,,1
OR.PA-management-noise-529,8,-0.010571,,1
OR.PA-management-noise-529,9,-0.000767,,1
OR.PA-management-noise-529,10,-0.020282,,1
OR.PA-management-noise-529,11,-0.02606,,1
OR.PA-management-noise-529,12,-0.024688,,1
OR.PA-management-noise-529,13,0.037085,,1
OR.PA-management-noise-529,14,0.067814,,1
OR.PA-management-noise-529,15,0.085137,,1
OR.PA-management-noise-529,16,0.068294,,1
OR.PA-management-noise-529,17,0.082209,,1
OR.PA-management-noise-529,18,0.105791,,1
OR.PA-management-noise-529,19,0.103852,,1
OR.PA-management-noise-529,20,0.12064,,1
OR.PA-management-noise-529,21,0.130429,,1
OR.PA-management-noise-529,22,0.10837,,1
OR.PA-management-noise-529,23,0.091274,,1
OR.PA-management-noise-529,24,0.094449,,1
OR.PA-management-noise-529,25,0.115788,,1
OR.PA-management-noise-529,26,0.145618,,1
OR.PA-management-noise-529,27,0.122146,,1
OR.PA-management-noise-529,28,0.089659,,1
OR.PA-management-noise-529,29,0.101775,,1
OR.PA-management-noise-529,30,0.09429,,1
OR.PA-management-noise-528,1,0.009522,,1
OR.PA-management-noise-528,2,-0.004968,,1
OR.PA-management-noise-528,3,-0.007753,,1
OR.PA-management-noise-528,4,-0.047523,,1
OR.PA-management-noise-528,5,-0.024068,,1
OR.PA-management-noise-528,6,-0.046986,,1
OR.PA-management-noise-528,7,-0.012796,,1
OR.PA-management-noise-528,8,-0.010571,,1
OR.PA-management-noise-528,9,-0.000767,,1
OR.PA-management-noise-528,10,-0.020282,,1
OR.PA-management-noise-528,11,-0.02606,,1
OR.PA-management-noise-528,12,-0.024688,,1
OR.PA-management-noise-528,13,0.037085,,1
OR.PA-management-noise-528,14,0.067814,,1
OR.PA-management-noise-528,15,0.085137,,1
OR.PA-management-noise-528,16,0.068294,,1
OR.PA-management-noise-528,17,0.082209,,1
OR.PA-management-noise-528,18,0.105791,,1
OR.PA-management-noise-528,19,0.103852,,1
OR.PA-management-noise-528,20,0.12064,,1
OR.PA-management-noise-528,21,0.130429,,1
OR.PA-management-noise-528,22,0.10837,,1
OR.PA-management-noise-528,23,0.091274,,1
OR.PA-management-noise-528,24,0.094449,,1
OR.PA-management-noise-528,25,0.115788,,1
OR.PA-management-noise-528,26,0.145618,,1
OR.PA-management-noise-528,27,0.122146,,1
OR.PA-management-noise-528,28,0.089659,,1
OR.PA-management-noise-528,29,0.101775,,1
OR.PA-management-noise-528,30,0.09429,,1
OR.PA-management-noise-527,1,0.009522,,1
OR.PA-management-noise-527,2,-0.004968,,1
OR.PA-management-noise-527,3,-0.007753,,1
OR.PA-management-noise-527,4,-0.047523,,1
OR.PA-management-noise-527,5,-0.024068,,1
OR.PA-management-noise-527,6,-0.046986,,1
OR.PA-management-noise-527,7,-0.012796,,1
OR.PA-management-noise-527,8,-0.010571,,1
OR.PA-management-noise-527,9,-0.000767,,1
OR.PA-management-noise-527,10,-0.020282,,1
OR.PA-management-noise-527,11,-0.02606,,1
OR.PA-management-noise-527,12,-0.024688,,1
OR.PA-management-noise-527,13,0.037085,,1
OR.PA-management-noise-527,14,0.067814,,1
OR.PA-management-noise-527,15,0.085137,,1
OR.PA-management-noise-527,16,0.068294,,1
OR.PA-management-noise-527,17,0.082209,,1
OR.PA-management-noise-527,18,0.105791,,1
OR.PA-management-noise-527,19,0.103852,,1
OR.PA-management-noise-527,20,0.12064,,1
OR.PA-management-noise-527,21,0.130429,,1
OR.PA-management-noise-527,22,0.10837,,1
OR.PA-management-noise-527,23,0.091274,,1
OR.PA-management-noise-527,24,0.094449,,1
OR.PA-management-noise-527,25,0.115788,,1
OR.PA-management-noise-527,26,0.145618,,1
OR.PA-management-noise-527,27,0.122146,,1
OR.PA-management-noise-527,28,0.089659,,1
OR.PA-management-noise-527,29,0.101775,,1
OR.PA-management-noise-527,30,0.09429,,1
OR.PA-management-noise-526,1,0.009522,,1
OR.PA-management-noise-526,2,-0.004968,,1
OR.PA-management-noise-526,3,-0.007753,,1
OR.PA-management-noise-526,4,-0.047523,,1
OR.PA-management-noise-526,5,-0.024068,,1
OR.PA-management-noise-526,6,-0.046986,,1
OR.PA-management-noise-526,7,-0.012796,,1
OR.PA-management-noise-526,8,-0.010571,,1
OR.PA-management-noise-526,9,-0.000767,,1
OR.PA-management-noise-526,10,-0.020282,,1
OR.PA-management-noise-526,11,-0.02606,,1
OR.PA-management-noise-526,12,-0.024688,,1
OR.PA-management-noise-526,13,0.037085,,1
OR.PA-management-noise-526,14,0.067814,,1
OR.PA-management-noise-526,15,0.085137,,1
OR.PA-management-noise-526,16,0.068294,,1
OR.PA-management-noise-526,17,0.082209,,1
OR.PA-management-noise-526,18,0.105791,,1
OR.PA-management-noise-526,19,0.103852,,1
OR.PA-management-noise-526,20,0.12064,,1
OR.PA-management-noise-526,21,0.130429,,1
OR.PA-management-noise-526,22,0.10837,,1
OR.PA-management-noise-526,23,0.091274,,1
OR.PA-management-noise-526,24,0.094449,,1
OR.PA-management-noise-526,25,0.115788,,1
OR.PA-management-noise-526,26,0.145618,,1
OR.PA-management-noise-526,27,0.122146,,1
OR.PA-management-noise-526,28,0.089659,,1
OR.PA-management-noise-526,29,0.101775,,1
OR.PA-management-noise-526,30,0.09429,,1
OR.PA-management-noise-524,1,-0.021028,,1
OR.PA-management-noise-524,2,-0.030161,,1
OR.PA-management-noise-524,3,-0.032048,,1
OR.PA-management-noise-524,4,-0.046842,,1
OR.PA-management-noise-524,5,-0.048051,,1
OR.PA-management-noise-524,6,-0.038045,,1
OR.PA-management-noise-524,7,-0.043605,,1
OR.PA-management-noise-524,8,-0.013165,,1
OR.PA-management-noise-524,9,-0.003302,,1
OR.PA-management-noise-524,10,-0.017452,,1
OR.PA-management-noise-524,11,-0.019896,,1
OR.PA-management-noise-524,12,-0.059325,,1
OR.PA-management-noise-524,13,-0.03553,,1
OR.PA-management-noise-524,14,-0.058107,,1
OR.PA-management-noise-524,15,-0.023576,,1
OR.PA-management-noise-524,16,-0.021011,,1
OR.PA-management-noise-524,17,-0.010866,,1
OR.PA-management-noise-524,18,-0.03004,,1
OR.PA-management-noise-524,19,-0.035478,,1
OR.PA-management-noise-524,20,-0.033765,,1
OR.PA-management-noise-524,21,0.028349,,1
OR.PA-management-noise-524,22,0.059418,,1
OR.PA-management-noise-524,23,0.077082,,1
OR.PA-management-noise-524,24,0.06058,,1
OR.PA-management-noise-524,25,0.074835,,1
OR.PA-management-noise-524,26,0.098758,,1
OR.PA-management-noise-524,27,0.097159,,1
OR.PA-management-noise-524,28,0.114289,,1
OR.PA-management-noise-524,29,0.124418,,1
OR.PA-management-noise-524,30,0.102699,,1
OR.PA-management-noise-523,1,-0.021028,,1
OR.PA-management-noise-523,2,-0.030161,,1
OR.PA-management-noise-523,3,-0.032048,,1
OR.PA-management-noise-523,4,-0.046842,,1
OR.PA-management-noise-523,5,-0.048051,,1
OR.PA-management-noise-523,6,-0.038045,,1
OR.PA-management-noise-523,7,-0.043605,,1
OR.PA-management-noise-523,8,-0.013165,,1
OR.PA-management-noise-523,9,-0.003302,,1
OR.PA-management-noise-523,10,-0.017452,,1
OR.PA-management-noise-523,11,-0.019896,,1
OR.PA-management-noise-523,12,-0.059325,,1
OR.PA-management-noise-523,13,-0.03553,,1
OR.PA-management-noise-523,14,-0.058107,,1
OR.PA-management-noise-523,15,-0.023576,,1
OR.PA-management-noise-523,16,-0.021011,,1
OR.PA-management-noise-523,17,-0.010866,,1
OR.PA-management-noise-523,18,-0.03004,,1
OR.PA-management-noise-523,19,-0.035478,,1
OR.PA-management-noise-523,20,-0.033765,,1
OR.PA-management-noise-523,21,0.028349,,1
OR.PA-management-noise-523,22,0.059418,,1
OR.PA-management-noise-523,23,0.077082,,1
OR.PA-management-noise-523,24,0.06058,,1
OR.PA-management-noise-523,25,0.074835,,1
OR.PA-management-noise-523,26,0.098758,,1
OR.PA-management-noise-523,27,0.097159,,1
OR.PA-management-noise-523,28,0.114289,,1
OR.PA-management-noise-523,29,0.124418,,1
OR.PA-management-noise-523,30,0.102699,,1
OR.PA-management-noise-522,1,-0.021028,,1
OR.PA-management-noise-522,2,-0.030161,,1
OR.PA-management-noise-522,3,-0.032048,,1
OR.PA-management-noise-522,4,-0.046842,,1
OR.PA-management-noise-522,5,-0.048051,,1
OR.PA-management-noise-522,6,-0.038045,,1
OR.PA-management-noise-522,7,-0.043605,,1
OR.PA-management-noise-522,8,-0.013165,,1
OR.PA-management-noise-522,9,-0.003302,,1
OR.PA-management-noise-522,10,-0.017452,,1
OR.PA-management-noise-522,11,-0.019896,,1
OR.PA-management-noise-522,12,-0.059325,,1
OR.PA-management-noise-522,13,-0.03553,,1
OR.PA-management-noise-522,14,-0.058107,,1
OR.PA-management-noise-522,15,-0.023576,,1
OR.PA-management-noise-522,16,-0.021011,,1
OR.PA-management-noise-522,17,-0.010866,,1
OR.PA-management-noise-522,18,-0.03004,,1
OR.PA-management-noise-522,19,-0.035478,,1
OR.PA-management-noise-522,20,-0.033765,,1
OR.PA-management-noise-522,21,0.028349,,1
OR.PA-management-noise-522,22,0.059418,,1
OR.PA-management-noise-522,23,0.077082,,1
OR.PA-management-noise-522,24,0.06058,,1
OR.PA-management-noise-522,25,0.074835,,1
OR.PA-management-noise-522,26,0.098758,,1
OR.PA-management-noise-522,27,0.097159,,1
OR.PA-management-noise-522,28,0.114289,,1
OR.PA-management-noise-522,29,0.124418,,1
OR.PA-management-noise-522,30,0.102699,,1
OR.PA-management-noise-520,1,-0.021028,,1
OR.PA-management-noise-520,2,-0.030161,,1
OR.PA-management-noise-520,3,-0.032048,,1
OR.PA-management-noise-520,4,-0.046842,,1
OR.PA-management-noise-520,5,-0.048051,,1
OR.PA-management-noise-520,6,-0.038045,,1
OR.PA-management-noise-520,7,-0.043605,,1
OR.PA-management-noise-520,8,-0.013165,,1
OR.PA-management-noise-520,9,-0.003302,,1
OR.PA-management-noise-520,10,-0.017452,,1
OR.PA-management-noise-520,11,-0.019896,,1
OR.PA-management-noise-520,12,-0.059325,,1
OR.PA-management-noise-520,13,-0.03553,,1
OR.PA-management-noise-520,14,-0.058107,,1
OR.PA-management-noise-520,15,-0.023576,,1
OR.PA-management-noise-520,16,-0.021011,,1
OR.PA-management-noise-520,17,-0.010866,,1
OR.PA-management-noise-520,18,-0.03004,,1
OR.PA-management-noise-520,19,-0.035478,,1
OR.PA-management-noise-520,20,-0.033765,,1
OR.PA-management-noise-520,21,0.028349,,1
OR.PA-management-noise-520,22,0.059418,,1
OR.PA-management-noise-520,23,0.077082,,1
OR.PA-management-noise-520,24,0.06058,,1
OR.PA-management-noise-520,25,0.074835,,1
OR.PA-management-noise-520,26,0.098758,,1
OR.PA-management-noise-520,27,0.097159,,1
OR.PA-management-noise-520,28,0.114289,,1
OR.PA-management-noise-520,29,0.124418,,1
OR.PA-management-noise-520,30,0.102699,,1
OR.PA-management-noise-519,1,-0.021028,,1
OR.PA-management-noise-519,2,-0.030161,,1
OR.PA-management-noise-519,3,-0.032048,,1
OR.PA-management-noise-519,4,-0.046842,,1
OR.PA-management-noise-519,5,-0.048051,,1
OR.PA-management-noise-519,6,-0.038045,,1
OR.PA-management-noise-519,7,-0.043605,,1
OR.PA-management-noise-519,8,-0.013165,,1
OR.PA-management-noise-519,9,-0.003302,,1
OR.PA-management-noise-519,10,-0.017452,,1
OR.PA-management-noise-519,11,-0.019896,,1
OR.PA-management-noise-519,12,-0.059325,,1
OR.PA-management-noise-519,13,-0.03553,,1
OR.PA-management-noise-519,14,-0.058107,,1
OR.PA-management-noise-519,15,-0.023576,,1
OR.PA-management-noise-519,16,-0.021011,,1
OR.PA-management-noise-519,17,-0.010866,,1
OR.PA-management-noise-519,18,-0.03004,,1
OR.PA-management-noise-519,19,-0.035478,,1
OR.PA-management-noise-519,20,-0.033765,,1
OR.PA-management-noise-519,21,0.028349,,1
OR.PA-management-noise-519,22,0.059418,,1
OR.PA-management-noise-519,23,0.077082,,1
OR.PA-management-noise-519,24,0.06058,,1
OR.PA-management-noise-519,25,0.074835,,1
OR.PA-management-noise-519,26,0.098758,,1
OR.PA-management-noise-519,27,0.097159,,1
OR.PA-management-noise-519,28,0.114289,,1
OR.PA-management-noise-519,29,0.124418,,1
OR.PA-management-noise-519,30,0.102699,,1
OR.PA-management-noise-518,1,-0.021028,,1
OR.PA-management-noise-518,2,-0.030161,,1
OR.PA-management-noise-518,3,-0.032048,,1
OR.PA-management-noise-518,4,-0.046842,,1
OR.PA-management-noise-518,5,-0.048051,,1
OR.PA-management-noise-518,6,-0.038045,,1
OR.PA-management-noise-518,7,-0.043605,,1
OR.PA-management-noise-518,8,-0.013165,,1
OR.PA-management-noise-518,9,-0.003302,,1
OR.PA-management-noise-518,10,-0.017452,,1
OR.PA-management-noise-518,11,-0.019896,,1
OR.PA-management-noise-518,12,-0.059325,,1
OR.PA-management-noise-518,13,-0.03553,,1
OR.PA-management-noise-518,14,-0.058107,,1
OR.PA-management-noise-518,15,-0.023576,,1
OR.PA-management-noise-518,16,-0.021011,,1
OR.PA-management-noise-518,17,-0.010866,,1
OR.PA-management-noise-518,18,-0.03004,,1
OR.PA-management-noise-518,19,-0.035478,,1
OR.PA-management-noise-518,20,-0.033765,,1
OR.PA-management-noise-518,21,0.028349,,1
OR.PA-management-noise-518,22,0.059418,,1
OR.PA-management-noise-518,23,0.077082,,1
OR.PA-management-noise-518,24,0.06058,,1
OR.PA-management-noise-518,25,0.074835,,1
OR.PA-management-noise-518,26,0.098758,,1
OR.PA-management-noise-518,27,0.097159,,1
OR.PA-management-noise-518,28,0.114289,,1
OR.PA-management-noise-518,29,0.124418,,1
OR.PA-management-noise-518,30,0.102699,,1
OR.PA-management-noise-517,1,-0.021028,,1
OR.PA-management-noise-517,2,-0.030161,,1
OR.PA-management-noise-517,3,-0.032048,,1
OR.PA-management-noise-517,4,-0.046842,,1
OR.PA-management-noise-517,5,-0.048051,,1
OR.PA-management-noise-517,6,-0.038045,,1
OR.PA-management-noise-517,7,-0.043605,,1
OR.PA-management-noise-517,8,-0.013165,,1
OR.PA-management-noise-517,9,-0.003302,,1
OR.PA-management-noise-517,10,-0.017452,,1
OR.PA-management-noise-517,11,-0.019896,,1
OR.PA-management-noise-517,12,-0.059325,,1
OR.PA-management-noise-517,13,-0.03553,,1
OR.PA-management-noise-517,14,-0.058107,,1
OR.PA-management-noise-517,15,-0.023576,,1
OR.PA-management-noise-517,16,-0.021011,,1
OR.PA-management-noise-517,17,-0.010866,,1
OR.PA-management-noise-517,18,-0.03004,,1
OR.PA-management-noise-517,19,-0.035478,,1
OR.PA-management-noise-517,20,-0.033765,,1
OR.PA-management-noise-517,21,0.028349,,1
OR.PA-management-noise-517,22,0.059418,,1
OR.PA-management-noise-517,23,0.077082,,1
OR.PA-management-noise-517,24,0.06058,,1
OR.PA-management-noise-517,25,0.074835,,1
OR.PA-management-noise-517,26,0.098758,,1
OR.PA-management-noise-517,27,0.097159,,1
OR.PA-management-noise-517,28,0.114289,,1
OR.PA-management-noise-517,29,0.124418,,1
OR.PA-management-noise-517,30,0.102699,,1
OR.PA-management-noise-516,1,-0.021028,,1
OR.PA-management-noise-516,2,-0.030161,,1
OR.PA-management-noise-516,3,-0.032048,,1
OR.PA-management-noise-516,4,-0.046842,,1
OR.PA-management-noise-516,5,-0.048051,,1
OR.PA-management-noise-516,6,-0.038045,,1
OR.PA-management-noise-516,7,-0.043605,,1
OR.PA-management-noise-516,8,-0.013165,,1
OR.PA-management-noise-516,9,-0.003302,,1
OR.PA-management-noise-516,10,-0.017452,,1
OR.PA-management-noise-516,11,-0.019896,,1
OR.PA-management-noise-516,12,-0.059325,,1
OR.PA-management-noise-516,13,-0.03553,,1
OR.PA-management-noise-516,14,-0.058107,,1
OR.PA-management-noise-516,15,-0.023576,,1
OR.PA-management-noise-516,16,-0.021011,,1
OR.PA-management-noise-516,17,-0.010866,,1
OR.PA-management-noise-516,18,-0.03004,,1
OR.PA-management-noise-516,19,-0.035478,,1
OR.PA-management-noise-516,20,-0.033765,,1
OR.PA-management-noise-516,21,0.028349,,1
OR.PA-management-noise-516,22,0.059418,,1
OR.PA-management-noise-516,23,0.077082,,1
OR.PA-management-noise-516,24,0.06058,,1
OR.PA-management-noise-516,25,0.074835,,1
OR.PA-management-noise-516,26,0.098758,,1
OR.PA-management-noise-516,27,0.097159,,1
OR.PA-management-noise-516,28,0.114289,,1
OR.PA-management-noise-516,29,0.124418,,1
OR.PA-management-noise-516,30,0.102699,,1
OR.PA-management-noise-515,1,-0.021028,,1
OR.PA-management-noise-515,2,-0.030161,,1
OR.PA-management-noise-515,3,-0.032048,,1
OR.PA-management-noise-515,4,-0.046842,,1
OR.PA-management-noise-515,5,-0.048051,,1
OR.PA-management-noise-515,6,-0.038045,,1
OR.PA-management-noise-515,7,-0.043605,,1
OR.PA-management-noise-515,8,-0.013165,,1
OR.PA-management-noise-515,9,-0.003302,,1
OR.PA-management-noise-515,10,-0.017452,,1
OR.PA-management-noise-515,11,-0.019896,,1
OR.PA-management-noise-515,12,-0.059325,,1
OR.PA-management-noise-515,13,-0.03553,,1
OR.PA-management-noise-515,14,-0.058107,,1
OR.PA-management-noise-515,15,-0.023576,,1
OR.PA-management-noise-515,16,-0.021011,,1
OR.PA-management-noise-515,17,-0.010866,,1
OR.PA-management-noise-515,18,-0.03004,,1
OR.PA-management-noise-515,19,-0.035478,,1
OR.PA-management-noise-515,20,-0.033765,,1
OR.PA-management-noise-515,21,0.028349,,1
OR.PA-management-noise-515,22,0.059418,,1
OR.PA-management-noise-515,23,0.077082,,1
OR.PA-management-noise-515,24,0.06058,,1
OR.PA-management-noise-515,25,0.074835,,1
OR.PA-management-noise-515,26,0.098758,,1
OR.PA-management-noise-515,27,0.097159,,1
OR.PA-management-noise-515,28,0.114289,,1
OR.PA-management-noise-515,29,0.124418,,1
OR.PA-management-noise-515,30,0.102699,,1
OR.PA-management-noise-506,1,-0.021028,,1
OR.PA-management-noise-506,2,-0.030161,,1
OR.PA-management-noise-506,3,-0.032048,,1
OR.PA-management-noise-506,4,-0.046842,,1
OR.PA-management-noise-506,5,-0.048051,,1
OR.PA-management-noise-506,6,-0.038045,,1
OR.PA-management-noise-506,7,-0.043605,,1
OR.PA-management-noise-506,8,-0.013165,,1
OR.PA-management-noise-506,9,-0.003302,,1
OR.PA-management-noise-506,10,-0.017452,,1
OR.PA-management-noise-506,11,-0.019896,,1
OR.PA-management-noise-506,12,-0.059325,,1
OR.PA-management-noise-506,13,-0.03553,,1
OR.PA-management-noise-506,14,-0.058107,,1
OR.PA-management-noise-506,15,-0.023576,,1
OR.PA-management-noise-506,16,-0.021011,,1
OR.PA-management-noise-506,17,-0.010866,,1
OR.PA-management-noise-506,18,-0.03004,,1
OR.PA-management-noise-506,19,-0.035478,,1
OR.PA-management-noise-506,20,-0.033765,,1
OR.PA-management-noise-506,21,0.028349,,1
OR.PA-management-noise-506,22,0.059418,,1
OR.PA-management-noise-506,23,0.077082,,1
OR.PA-management-noise-506,24,0.06058,,1
OR.PA-management-noise-506,25,0.074835,,1
OR.PA-management-noise-506,26,0.098758,,1
OR.PA-management-noise-506,27,0.097159,,1
OR.PA-management-noise-506,28,0.114289,,1
OR.PA-management-noise-506,29,0.124418,,1
OR.PA-management-noise-506,30,0.102699,,1
OR.PA-management-noise-505,1,-0.021028,,1
OR.PA-management-noise-505,2,-0.030161,,1
OR.PA-management-noise-505,3,-0.032048,,1
OR.PA-management-noise-505,4,-0.046842,,1
OR.PA-management-noise-505,5,-0.048051,,1
OR.PA-management-noise-505,6,-0.038045,,1
OR.PA-management-noise-505,7,-0.043605,,1
OR.PA-management-noise-505,8,-0.013165,,1
OR.PA-management-noise-505,9,-0.003302,,1
OR.PA-management-noise-505,10,-0.017452,,1
OR.PA-management-noise-505,11,-0.019896,,1
OR.PA-management-noise-505,12,-0.059325,,1
OR.PA-management-noise-505,13,-0.03553,,1
OR.PA-management-noise-505,14,-0.058107,,1
OR.PA-management-noise-505,15,-0.023576,,1
OR.PA-management-noise-505,16,-0.021011,,1
OR.PA-management-noise-505,17,-0.010866,,1
OR.PA-management-noise-505,18,-0.03004,,1
OR.PA-management-noise-505,19,-0.035478,,1
OR.PA-management-noise-505,20,-0.033765,,1
OR.PA-management-noise-505,21,0.028349,,1
OR.PA-management-noise-505,22,0.059418,,1
OR.PA-management-noise-505,23,0.077082,,1
OR.PA-management-noise-505,24,0.06058,,1
OR.PA-management-noise-505,25,0.074835,,1
OR.PA-management-noise-505,26,0.098758,,1
OR.PA-management-noise-505,27,0.097159,,1
OR.PA-management-noise-505,28,0.114289,,1
OR.PA-management-noise-505,29,0.124418,,1
OR.PA-management-noise-505,30,0.102699,,1
OR.PA-management-noise-496,1,-0.021028,,1
OR.PA-management-noise-496,2,-0.030161,,1
OR.PA-management-noise-496,3,-0.032048,,1
OR.PA-management-noise-496,4,-0.046842,,1
OR.PA-management-noise-496,5,-0.048051,,1
OR.PA-management-noise-496,6,-0.038045,,1
OR.PA-management-noise-496,7,-0.043605,,1
OR.PA-management-noise-496,8,-0.013165,,1
OR.PA-management-noise-496,9,-0.003302,,1
OR.PA-management-noise-496,10,-0.017452,,1
OR.PA-management-noise-496,11,-0.019896,,1
OR.PA-management-noise-496,12,-0.059325,,1
OR.PA-management-noise-496,13,-0.03553,,1
OR.PA-management-noise-496,14,-0.058107,,1
OR.PA-management-noise-496,15,-0.023576,,1
OR.PA-management-noise-496,16,-0.021011,,1
OR.PA-management-noise-496,17,-0.010866,,1
OR.PA-management-noise-496,18,-0.03004,,1
OR.PA-management-noise-496,19,-0.035478,,1
OR.PA-management-noise-496,20,-0.033765,,1
OR.PA-management-noise-496,21,0.028349,,1
OR.PA-management-noise-496,22,0.059418,,1
OR.PA-management-noise-496,23,0.077082,,1
OR.PA-management-noise-496,24,0.06058,,1
OR.PA-management-noise-496,25,0.074835,,1
OR.PA-management-noise-496,26,0.098758,,1
OR.PA-management-noise-496,27,0.097159,,1
OR.PA-management-noise-496,28,0.114289,,1
OR.PA-management-noise-496,29,0.124418,,1
OR.PA-management-noise-496,30,0.102699,,1
OR.PA-management-noise-494,1,-0.021028,,1
OR.PA-management-noise-494,2,-0.030161,,1
OR.PA-management-noise-494,3,-0.032048,,1
OR.PA-management-noise-494,4,-0.046842,,1
OR.PA-management-noise-494,5,-0.048051,,1
OR.PA-management-noise-494,6,-0.038045,,1
OR.PA-management-noise-494,7,-0.043605,,1
OR.PA-management-noise-494,8,-0.013165,,1
OR.PA-management-noise-494,9,-0.003302,,1
OR.PA-management-noise-494,10,-0.017452,,1
OR.PA-management-noise-494,11,-0.019896,,1
OR.PA-management-noise-494,12,-0.059325,,1
OR.PA-management-noise-494,13,-0.03553,,1
OR.PA-management-noise-494,14,-0.058107,,1
OR.PA-management-noise-494,15,-0.023576,,1
OR.PA-management-noise-494,16,-0.021011,,1
OR.PA-management-noise-494,17,-0.010866,,1
OR.PA-management-noise-494,18,-0.03004,,1
OR.PA-management-noise-494,19,-0.035478,,1
OR.PA-management-noise-494,20,-0.033765,,1
OR.PA-management-noise-494,21,0.028349,,1
OR.PA-management-noise-494,22,0.059418,,1
OR.PA-management-noise-494,23,0.077082,,1
OR.PA-management-noise-494,24,0.06058,,1
OR.PA-management-noise-494,25,0.074835,,1
OR.PA-management-noise-494,26,0.098758,,1
OR.PA-management-noise-494,27,0.097159,,1
OR.PA-management-noise-494,28,0.114289,,1
OR.PA-management-noise-494,29,0.124418,,1
OR.PA-management-noise-494,30,0.102699,,1
OR.PA-management-noise-493,1,-0.021028,,1
OR.PA-management-noise-493,2,-0.030161,,1
OR.PA-management-noise-493,3,-0.032048,,1
OR.PA-management-noise-493,4,-0.046842,,1
OR.PA-management-noise-493,5,-0.048051,,1
OR.PA-management-noise-493,6,-0.038045,,1
OR.PA-management-noise-493,7,-0.043605,,1
OR.PA-management-noise-493,8,-0.013165,,1
OR.PA-management-noise-493,9,-0.003302,,1
OR.PA-management-noise-493,10,-0.017452,,1
OR.PA-management-noise-493,11,-0.019896,,1
OR.PA-management-noise-493,12,-0.059325,,1
OR.PA-management-noise-493,13,-0.03553,,1
OR.PA-management-noise-493,14,-0.058107,,1
OR.PA-management-noise-493,15,-0.023576,,1
OR.PA-management-noise-493,16,-0.021011,,1
OR.PA-management-noise-493,17,-0.010866,,1
OR.PA-management-noise-493,18,-0.03004,,1
OR.PA-management-noise-493,19,-0.035478,,1
OR.PA-management-noise-493,20,-0.033765,,1
OR.PA-management-noise-493,21,0.028349,,1
OR.PA-management-noise-493,22,0.059418,,1
OR.PA-management-noise-493,23,0.077082,,1
OR.PA-management-noise-493,24,0.06058,,1
OR.PA-management-noise-493,25,0.074835,,1
OR.PA-management-noise-493,26,0.098758,,1
OR.PA-management-noise-493,27,0.097159,,1
OR.PA-management-noise-493,28,0.114289,,1
OR.PA-management-noise-493,29,0.124418,,1
OR.PA-management-noise-493,30,0.102699,,1
OR.PA-management-noise-492,1,-0.021028,,1
OR.PA-management-noise-492,2,-0.030161,,1
OR.PA-management-noise-492,3,-0.032048,,1
OR.PA-management-noise-492,4,-0.046842,,1
OR.PA-management-noise-492,5,-0.048051,,1
OR.PA-management-noise-492,6,-0.038045,,1
OR.PA-management-noise-492,7,-0.043605,,1
OR.PA-management-noise-492,8,-0.013165,,1
OR.PA-management-noise-492,9,-0.003302,,1
OR.PA-management-noise-492,10,-0.017452,,1
OR.PA-management-noise-492,11,-0.019896,,1
OR.PA-management-noise-492,12,-0.059325,,1
OR.PA-management-noise-492,13,-0.03553,,1
OR.PA-management-noise-492,14,-0.058107,,1
OR.PA-management-noise-492,15,-0.023576,,1
OR.PA-management-noise-492,16,-0.021011,,1
OR.PA-management-noise-492,17,-0.010866,,1
OR.PA-management-noise-492,18,-0.03004,,1
OR.PA-management-noise-492,19,-0.035478,,1
OR.PA-management-noise-492,20,-0.033765,,1
OR.PA-management-noise-492,21,0.028349,,1
OR.PA-management-noise-492,22,0.059418,,1
OR.PA-management-noise-492,23,0.077082,,1
OR.PA-management-noise-492,24,0.06058,,1
OR.PA-management-noise-492,25,0.074835,,1
OR.PA-management-noise-492,26,0.098758,,1
OR.PA-management-noise-492,27,0.097159,,1
OR.PA-management-noise-492,28,0.114289,,1
OR.PA-management-noise-492,29,0.124418,,1
OR.PA-management-noise-492,30,0.102699,,1
OR.PA-management-noise-488,1,-0.021028,,1
OR.PA-management-noise-488,2,-0.030161,,1
OR.PA-management-noise-488,3,-0.032048,,1
OR.PA-management-noise-488,4,-0.046842,,1
OR.PA-management-noise-488,5,-0.048051,,1
OR.PA-management-noise-488,6,-0.038045,,1
OR.PA-management-noise-488,7,-0.043605,,1
OR.PA-management-noise-488,8,-0.013165,,1
OR.PA-management-noise-488,9,-0.003302,,1
OR.PA-management-noise-488,10,-0.017452,,1
OR.PA-management-noise-488,11,-0.019896,,1
OR.PA-management-noise-488,12,-0.059325,,1
OR.PA-management-noise-488,13,-0.03553,,1
OR.PA-management-noise-488,14,-0.058107,,1
OR.PA-management-noise-488,15,-0.023576,,1
OR.PA-management-noise-488,16,-0.021011,,1
OR.PA-management-noise-488,17,-0.010866,,1
OR.PA-management-noise-488,18,-0.03004,,1
OR.PA-management-noise-488,19,-0.035478,,1
OR.PA-management-noise-488,20,-0.033765,,1
OR.PA-management-noise-488,21,0.028349,,1
OR.PA-management-noise-488,22,0.059418,,1
OR.PA-management-noise-488,23,0.077082,,1
OR.PA-management-noise-488,24,0.06058,,1
OR.PA-management-noise-488,25,0.074835,,1
OR.PA-management-noise-488,26,0.098758,,1
OR.PA-management-noise-488,27,0.097159,,1
OR.PA-management-noise-488,28,0.114289,,1
OR.PA-management-noise-488,29,0.124418,,1
OR.PA-management-noise-488,30,0.102699,,1
OR.PA-management-noise-487,1,-0.021028,,1
OR.PA-management-noise-487,2,-0.030161,,1
OR.PA-management-noise-487,3,-0.032048,,1
OR.PA-management-noise-487,4,-0.046842,,1
OR.PA-management-noise-487,5,-0.048051,,1
OR.PA-management-noise-487,6,-0.038045,,1
OR.PA-management-noise-487,7,-0.043605,,1
OR.PA-management-noise-487,8,-0.013165,,1
OR.PA-management-noise-487,9,-0.003302,,1
OR.PA-management-noise-487,10,-0.017452,,1
OR.PA-management-noise-487,11,-0.019896,,1
OR.PA-management-noise-487,12,-0.059325,,1
OR.PA-management-noise-487,13,-0.03553,,1
OR.PA-management-noise-487,14,-0.058107,,1
OR.PA-management-noise-487,15,-0.023576,,1
OR.PA-management-noise-487,16,-0.021011,,1
OR.PA-management-noise-487,17,-0.010866,,1
OR.PA-management-noise-487,18,-0.03004,,1
OR.PA-management-noise-487,19,-0.035478,,1
OR.PA-management-noise-487,20,-0.033765,,1
OR.PA-management-noise-487,21,0.028349,,1
OR.PA-management-noise-487,22,0.059418,,1
OR.PA-management-noise-487,23,0.077082,,1
OR.PA-management-noise-487,24,0.06058,,1
OR.PA-management-noise-487,25,0.074835,,1
OR.PA-management-noise-487,26,0.098758,,1
OR.PA-management-noise-487,27,0.097159,,1
OR.PA-management-noise-487,28,0.114289,,1
OR.PA-management-noise-487,29,0.124418,,1
OR.PA-management-noise-487,30,0.102699,,1
OR.PA-management-noise-483,1,-0.023923,,1
OR.PA-management-noise-483,2,-0.027457,,1
OR.PA-management-noise-483,3,-0.047457,,1
OR.PA-management-noise-483,4,-0.052493,,1
OR.PA-management-noise-483,5,-0.043485,,1
OR.PA-management-noise-483,6,-0.046084,,1
OR.PA-management-noise-483,7,-0.038245,,1
OR.PA-management-noise-483,8,-0.05008,,1
OR.PA-management-noise-483,9,-0.049186,,1
OR.PA-management-noise-483,10,-0.051424,,1
OR.PA-management-noise-483,11,-0.04526,,1
OR.PA-management-noise-483,12,-0.033944,,1
OR.PA-management-noise-483,13,0.013833,,1
OR.PA-management-noise-483,14,0.003521,,1
OR.PA-management-noise-483,15,0.001445,,1
OR.PA-management-noise-483,16,-0.000972,,1
OR.PA-management-noise-483,17,-0.012641,,1
OR.PA-management-noise-483,18,0.000996,,1
OR.PA-management-noise-483,19,0.00155,,1
OR.PA-management-noise-483,20,0.007346,,1
OR.PA-management-noise-483,21,-0.000782,,1
OR.PA-management-noise-483,22,0.007395,,1
OR.PA-management-noise-483,23,0.010751,,1
OR.PA-management-noise-483,24,0.013636,,1
OR.PA-management-noise-483,25,0.017061,,1
OR.PA-management-noise-483,26,0.030763,,1
OR.PA-management-noise-483,27,0.028486,,1
OR.PA-management-noise-483,28,0.031711,,1
OR.PA-management-noise-483,29,0.033275,,1
OR.PA-management-noise-483,30,0.031661,,1
OR.PA-management-noise-482,1,-0.023923,,1
OR.PA-management-noise-482,2,-0.027457,,1
OR.PA-management-noise-482,3,-0.047457,,1
OR.PA-management-noise-482,4,-0.052493,,1
OR.PA-management-noise-482,5,-0.043485,,1
OR.PA-management-noise-482,6,-0.046084,,1
OR.PA-management-noise-482,7,-0.038245,,1
OR.PA-management-noise-482,8,-0.05008,,1
OR.PA-management-noise-482,9,-0.049186,,1
OR.PA-management-noise-482,10,-0.051424,,1
OR.PA-management-noise-482,11,-0.04526,,1
OR.PA-management-noise-482,12,-0.033944,,1
OR.PA-management-noise-482,13,0.013833,,1
OR.PA-management-noise-482,14,0.003521,,1
OR.PA-management-noise-482,15,0.001445,,1
OR.PA-management-noise-482,16,-0.000972,,1
OR.PA-management-noise-482,17,-0.012641,,1
OR.PA-management-noise-482,18,0.000996,,1
OR.PA-management-noise-482,19,0.00155,,1
OR.PA-management-noise-482,20,0.007346,,1
OR.PA-management-noise-482,21,-0.000782,,1
OR.PA-management-noise-482,22,0.007395,,1
OR.PA-management-noise-482,23,0.010751,,1
OR.PA-management-noise-482,24,0.013636,,1
OR.PA-management-noise-482,25,0.017061,,1
OR.PA-management-noise-482,26,0.030763,,1
OR.PA-management-noise-482,27,0.028486,,1
OR.PA-management-noise-482,28,0.031711,,1
OR.PA-management-noise-482,29,0.033275,,1
OR.PA-management-noise-482,30,0.031661,,1
OR.PA-management-noise-481,1,-0.023923,,1
OR.PA-management-noise-481,2,-0.027457,,1
OR.PA-management-noise-481,3,-0.047457,,1
OR.PA-management-noise-481,4,-0.052493,,1
OR.PA-management-noise-481,5,-0.043485,,1
OR.PA-management-noise-481,6,-0.046084,,1
OR.PA-management-noise-481,7,-0.038245,,1
OR.PA-management-noise-481,8,-0.05008,,1
OR.PA-management-noise-481,9,-0.049186,,1
OR.PA-management-noise-481,10,-0.051424,,1
OR.PA-management-noise-481,11,-0.04526,,1
OR.PA-management-noise-481,12,-0.033944,,1
OR.PA-management-noise-481,13,0.013833,,1
OR.PA-management-noise-481,14,0.003521,,1
OR.PA-management-noise-481,15,0.001445,,1
OR.PA-management-noise-481,16,-0.000972,,1
OR.PA-management-noise-481,17,-0.012641,,1
OR.PA-management-noise-481,18,0.000996,,1
OR.PA-management-noise-481,19,0.00155,,1
OR.PA-management-noise-481,20,0.007346,,1
OR.PA-management-noise-481,21,-0.000782,,1
OR.PA-management-noise-481,22,0.007395,,1
OR.PA-management-noise-481,23,0.010751,,1
OR.PA-management-noise-481,24,0.013636,,1
OR.PA-management-noise-481,25,0.017061,,1
OR.PA-management-noise-481,26,0.030763,,1
OR.PA-management-noise-481,27,0.028486,,1
OR.PA-management-noise-481,28,0.031711,,1
OR.PA-management-noise-481,29,0.033275,,1
OR.PA-management-noise-481,30,0.031661,,1
OR.PA-management-noise-480,1,-0.023923,,1
OR.PA-management-noise-480,2,-0.027457,,1
OR.PA-management-noise-480,3,-0.047457,,1
OR.PA-management-noise-480,4,-0.052493,,1
OR.PA-management-noise-480,5,-0.043485,,1
OR.PA-management-noise-480,6,-0.046084,,1
OR.PA-management-noise-480,7,-0.038245,,1
OR.PA-management-noise-480,8,-0.05008,,1
OR.PA-management-noise-480,9,-0.049186,,1
OR.PA-management-noise-480,10,-0.051424,,1
OR.PA-management-noise-480,11,-0.04526,,1
OR.PA-management-noise-480,12,-0.033944,,1
OR.PA-management-noise-480,13,0.013833,,1
OR.PA-management-noise-480,14,0.003521,,1
OR.PA-management-noise-480,15,0.001445,,1
OR.PA-management-noise-480,16,-0.000972,,1
OR.PA-management-noise-480,17,-0.012641,,1
OR.PA-management-noise-480,18,0.000996,,1
OR.PA-management-noise-480,19,0.00155,,1
OR.PA-management-noise-480,20,0.007346,,1
OR.PA-management-noise-480,21,-0.000782,,1
OR.PA-management-noise-480,22,0.007395,,1
OR.PA-management-noise-480,23,0.010751,,1
OR.PA-management-noise-480,24,0.013636,,1
OR.PA-management-noise-480,25,0.017061,,1
OR.PA-management-noise-480,26,0.030763,,1
OR.PA-management-noise-480,27,0.028486,,1
OR.PA-management-noise-480,28,0.031711,,1
OR.PA-management-noise-480,29,0.033275,,1
OR.PA-management-noise-480,30,0.031661,,1
OR.PA-management-noise-479,1,-0.023923,,1
OR.PA-management-noise-479,2,-0.027457,,1
OR.PA-management-noise-479,3,-0.047457,,1
OR.PA-management-noise-479,4,-0.052493,,1
OR.PA-management-noise-479,5,-0.043485,,1
OR.PA-management-noise-479,6,-0.046084,,1
OR.PA-management-noise-479,7,-0.038245,,1
OR.PA-management-noise-479,8,-0.05008,,1
OR.PA-management-noise-479,9,-0.049186,,1
OR.PA-management-noise-479,10,-0.051424,,1
OR.PA-management-noise-479,11,-0.04526,,1
OR.PA-management-noise-479,12,-0.033944,,1
OR.PA-management-noise-479,13,0.013833,,1
OR.PA-management-noise-479,14,0.003521,,1
OR.PA-management-noise-479,15,0.001445,,1
OR.PA-management-noise-479,16,-0.000972,,1
OR.PA-management-noise-479,17,-0.012641,,1
OR.PA-management-noise-479,18,0.000996,,1
OR.PA-management-noise-479,19,0.00155,,1
OR.PA-management-noise-479,20,0.007346,,1
OR.PA-management-noise-479,21,-0.000782,,1
OR.PA-management-noise-479,22,0.007395,,1
OR.PA-management-noise-479,23,0.010751,,1
OR.PA-management-noise-479,24,0.013636,,1
OR.PA-management-noise-479,25,0.017061,,1
OR.PA-management-noise-479,26,0.030763,,1
OR.PA-management-noise-479,27,0.028486,,1
OR.PA-management-noise-479,28,0.031711,,1
OR.PA-management-noise-479,29,0.033275,,1
OR.PA-management-noise-479,30,0.031661,,1
OR.PA-management-noise-478,1,-0.023923,,1
OR.PA-management-noise-478,2,-0.027457,,1
OR.PA-management-noise-478,3,-0.047457,,1
OR.PA-management-noise-478,4,-0.052493,,1
OR.PA-management-noise-478,5,-0.043485,,1
OR.PA-management-noise-478,6,-0.046084,,1
OR.PA-management-noise-478,7,-0.038245,,1
OR.PA-management-noise-478,8,-0.05008,,1
OR.PA-management-noise-478,9,-0.049186,,1
OR.PA-management-noise-478,10,-0.051424,,1
OR.PA-management-noise-478,11,-0.04526,,1
OR.PA-management-noise-478,12,-0.033944,,1
OR.PA-management-noise-478,13,0.013833,,1
OR.PA-management-noise-478,14,0.003521,,1
OR.PA-management-noise-478,15,0.001445,,1
OR.PA-management-noise-478,16,-0.000972,,1
OR.PA-management-noise-478,17,-0.012641,,1
OR.PA-management-noise-478,18,0.000996,,1
OR.PA-management-noise-478,19,0.00155,,1
OR.PA-management-noise-478,20,0.007346,,1
OR.PA-management-noise-478,21,-0.000782,,1
OR.PA-management-noise-478,22,0.007395,,1
OR.PA-management-noise-478,23,0.010751,,1
OR.PA-management-noise-478,24,0.013636,,1
OR.PA-management-noise-478,25,0.017061,,1
OR.PA-management-noise-478,26,0.030763,,1
OR.PA-management-noise-478,27,0.028486,,1
OR.PA-management-noise-478,28,0.031711,,1
OR.PA-management-noise-478,29,0.033275,,1
OR.PA-management-noise-478,30,0.031661,,1
OR.PA-management-noise-477,1,-0.023923,,1
OR.PA-management-noise-477,2,-0.027457,,1
OR.PA-management-noise-477,3,-0.047457,,1
OR.PA-management-noise-477,4,-0.052493,,1
OR.PA-management-noise-477,5,-0.043485,,1
OR.PA-management-noise-477,6,-0.046084,,1
OR.PA-management-noise-477,7,-0.038245,,1
OR.PA-management-noise-477,8,-0.05008,,1
OR.PA-management-noise-477,9,-0.049186,,1
OR.PA-management-noise-477,10,-0.051424,,1
OR.PA-management-noise-477,11,-0.04526,,1
OR.PA-management-noise-477,12,-0.033944,,1
OR.PA-management-noise-477,13,0.013833,,1
OR.PA-management-noise-477,14,0.003521,,1
OR.PA-management-noise-477,15,0.001445,,1
OR.PA-management-noise-477,16,-0.000972,,1
OR.PA-management-noise-477,17,-0.012641,,1
OR.PA-management-noise-477,18,0.000996,,1
OR.PA-management-noise-477,19,0.00155,,1
OR.PA-management-noise-477,20,0.007346,,1
OR.PA-management-noise-477,21,-0.000782,,1
OR.PA-management-noise-477,22,0.007395,,1
OR.PA-management-noise-477,23,0.010751,,1
OR.PA-management-noise-477,24,0.013636,,1
OR.PA-management-noise-477,25,0.017061,,1
OR.PA-management-noise-477,26,0.030763,,1
OR.PA-management-noise-477,27,0.028486,,1
OR.PA-management-noise-477,28,0.031711,,1
OR.PA-management-noise-477,29,0.033275,,1
OR.PA-management-noise-477,30,0.031661,,1
OR.PA-management-noise-476,1,-0.023923,,1
OR.PA-management-noise-476,2,-0.027457,,1
OR.PA-management-noise-476,3,-0.047457,,1
OR.PA-management-noise-476,4,-0.052493,,1
OR.PA-management-noise-476,5,-0.043485,,1
OR.PA-management-noise-476,6,-0.046084,,1
OR.PA-management-noise-476,7,-0.038245,,1
OR.PA-management-noise-476,8,-0.05008,,1
OR.PA-management-noise-476,9,-0.049186,,1
OR.PA-management-noise-476,10,-0.051424,,1
OR.PA-management-noise-476,11,-0.04526,,1
OR.PA-management-noise-476,12,-0.033944,,1
OR.PA-management-noise-476,13,0.013833,,1
OR.PA-management-noise-476,14,0.003521,,1
OR.PA-management-noise-476,15,0.001445,,1
OR.PA-management-noise-476,16,-0.000972,,1
OR.PA-management-noise-476,17,-0.012641,,1
OR.PA-management-noise-476,18,0.000996,,1
OR.PA-management-noise-476,19,0.00155,,1
OR.PA-management-noise-476,20,0.007346,,1
OR.PA-management-noise-476,21,-0.000782,,1
OR.PA-management-noise-476,22,0.007395,,1
OR.PA-management-noise-476,23,0.010751,,1
OR.PA-management-noise-476,24,0.013636,,1
OR.PA-management-noise-476,25,0.017061,,1
OR.PA-management-noise-476,26,0.030763,,1
OR.PA-management-noise-476,27,0.028486,,1
OR.PA-management-noise-476,28,0.031711,,1
OR.PA-management-noise-476,29,0.033275,,1
OR.PA-management-noise-476,30,0.031661,,1
OR.PA-management-noise-474,1,-0.023923,,1
OR.PA-management-noise-474,2,-0.027457,,1
OR.PA-management-noise-474,3,-0.047457,,1
OR.PA-management-noise-474,4,-0.052493,,1
OR.PA-management-noise-474,5,-0.043485,,1
OR.PA-management-noise-474,6,-0.046084,,1
OR.PA-management-noise-474,7,-0.038245,,1
OR.PA-management-noise-474,8,-0.05008,,1
OR.PA-management-noise-474,9,-0.049186,,1
OR.PA-management-noise-474,10,-0.051424,,1
OR.PA-management-noise-474,11,-0.04526,,1
OR.PA-management-noise-474,12,-0.033944,,1
OR.PA-management-noise-474,13,0.013833,,1
OR.PA-management-noise-474,14,0.003521,,1
OR.PA-management-noise-474,15,0.001445,,1
OR.PA-management-noise-474,16,-0.000972,,1
OR.PA-management-noise-474,17,-0.012641,,1
OR.PA-management-noise-474,18,0.000996,,1
OR.PA-management-noise-474,19,0.00155,,1
OR.PA-management-noise-474,20,0.007346,,1
OR.PA-management-noise-474,21,-0.000782,,1
OR.PA-management-noise-474,22,0.007395,,1
OR.PA-management-noise-474,23,0.010751,,1
OR.PA-management-noise-474,24,0.013636,,1
OR.PA-management-noise-474,25,0.017061,,1
OR.PA-management-noise-474,26,0.030763,,1
OR.PA-management-noise-474,27,0.028486,,1
OR.PA-management-noise-474,28,0.031711,,1
OR.PA-management-noise-474,29,0.033275,,1
OR.PA-management-noise-474,30,0.031661,,1
OR.PA-management-noise-473,1,-0.023923,,1
OR.PA-management-noise-473,2,-0.027457,,1
OR.PA-management-noise-473,3,-0.047457,,1
OR.PA-management-noise-473,4,-0.052493,,1
OR.PA-management-noise-473,5,-0.043485,,1
OR.PA-management-noise-473,6,-0.046084,,1
OR.PA-management-noise-473,7,-0.038245,,1
OR.PA-management-noise-473,8,-0.05008,,1
OR.PA-management-noise-473,9,-0.049186,,1
OR.PA-management-noise-473,10,-0.051424,,1
OR.PA-management-noise-473,11,-0.04526,,1
OR.PA-management-noise-473,12,-0.033944,,1
OR.PA-management-noise-473,13,0.013833,,1
OR.PA-management-noise-473,14,0.003521,,1
OR.PA-management-noise-473,15,0.001445,,1
OR.PA-management-noise-473,16,-0.000972,,1
OR.PA-management-noise-473,17,-0.012641,,1
OR.PA-management-noise-473,18,0.000996,,1
OR.PA-management-noise-473,19,0.00155,,1
OR.PA-management-noise-473,20,0.007346,,1
OR.PA-management-noise-473,21,-0.000782,,1
OR.PA-management-noise-473,22,0.007395,,1
OR.PA-management-noise-473,23,0.010751,,1
OR.PA-management-noise-473,24,0.013636,,1
OR.PA-management-noise-473,25,0.017061,,1
OR.PA-management-noise-473,26,0.030763,,1
OR.PA-management-noise-473,27,0.028486,,1
OR.PA-management-noise-473,28,0.031711,,1
OR.PA-management-noise-473,29,0.033275,,1
OR.PA-management-noise-473,30,0.031661,,1
OR.PA-management-noise-472,1,-0.023923,,1
OR.PA-management-noise-472,2,-0.027457,,1
OR.PA-management-noise-472,3,-0.047457,,1
OR.PA-management-noise-472,4,-0.052493,,1
OR.PA-management-noise-472,5,-0.043485,,1
OR.PA-management-noise-472,6,-0.046084,,1
OR.PA-management-noise-472,7,-0.038245,,1
OR.PA-management-noise-472,8,-0.05008,,1
OR.PA-management-noise-472,9,-0.049186,,1
OR.PA-management-noise-472,10,-0.051424,,1
OR.PA-management-noise-472,11,-0.04526,,1
OR.PA-management-noise-472,12,-0.033944,,1
OR.PA-management-noise-472,13,0.013833,,1
OR.PA-management-noise-472,14,0.003521,,1
OR.PA-management-noise-472,15,0.001445,,1
OR.PA-management-noise-472,16,-0.000972,,1
OR.PA-management-noise-472,17,-0.012641,,1
OR.PA-management-noise-472,18,0.000996,,1
OR.PA-management-noise-472,19,0.00155,,1
OR.PA-management-noise-472,20,0.007346,,1
OR.PA-management-noise-472,21,-0.000782,,1
OR.PA-management-noise-472,22,0.007395,,1
OR.PA-management-noise-472,23,0.010751,,1
OR.PA-management-noise-472,24,0.013636,,1
OR.PA-management-noise-472,25,0.017061,,1
OR.PA-management-noise-472,26,0.030763,,1
OR.PA-management-noise-472,27,0.028486,,1
OR.PA-management-noise-472,28,0.031711,,1
OR.PA-management-noise-472,29,0.033275,,1
OR.PA-management-noise-472,30,0.031661,,1
OR.PA-management-noise-471,1,-0.023923,,1
OR.PA-management-noise-471,2,-0.027457,,1
OR.PA-management-noise-471,3,-0.047457,,1
OR.PA-management-noise-471,4,-0.052493,,1
OR.PA-management-noise-471,5,-0.043485,,1
OR.PA-management-noise-471,6,-0.046084,,1
OR.PA-management-noise-471,7,-0.038245,,1
OR.PA-management-noise-471,8,-0.05008,,1
OR.PA-management-noise-471,9,-0.049186,,1
OR.PA-management-noise-471,10,-0.051424,,1
OR.PA-management-noise-471,11,-0.04526,,1
OR.PA-management-noise-471,12,-0.033944,,1
OR.PA-management-noise-471,13,0.013833,,1
OR.PA-management-noise-471,14,0.003521,,1
OR.PA-management-noise-471,15,0.001445,,1
OR.PA-management-noise-471,16,-0.000972,,1
OR.PA-management-noise-471,17,-0.012641,,1
OR.PA-management-noise-471,18,0.000996,,1
OR.PA-management-noise-471,19,0.00155,,1
OR.PA-management-noise-471,20,0.007346,,1
OR.PA-management-noise-471,21,-0.000782,,1
OR.PA-management-noise-471,22,0.007395,,1
OR.PA-management-noise-471,23,0.010751,,1
OR.PA-management-noise-471,24,0.013636,,1
OR.PA-management-noise-471,25,0.017061,,1
OR.PA-management-noise-471,26,0.030763,,1
OR.PA-management-noise-471,27,0.028486,,1
OR.PA-management-noise-471,28,0.031711,,1
OR.PA-management-noise-471,29,0.033275,,1
OR.PA-management-noise-471,30,0.031661,,1
OR.PA-management-noise-470,1,-0.023923,,1
OR.PA-management-noise-470,2,-0.027457,,1
OR.PA-management-noise-470,3,-0.047457,,1
OR.PA-management-noise-470,4,-0.052493,,1
OR.PA-management-noise-470,5,-0.043485,,1
OR.PA-management-noise-470,6,-0.046084,,1
OR.PA-management-noise-470,7,-0.038245,,1
OR.PA-management-noise-470,8,-0.05008,,1
OR.PA-management-noise-470,9,-0.049186,,1
OR.PA-management-noise-470,10,-0.051424,,1
OR.PA-management-noise-470,11,-0.04526,,1
OR.PA-management-noise-470,12,-0.033944,,1
OR.PA-management-noise-470,13,0.013833,,1
OR.PA-management-noise-470,14,0.003521,,1
OR.PA-management-noise-470,15,0.001445,,1
OR.PA-management-noise-470,16,-0.000972,,1
OR.PA-management-noise-470,17,-0.012641,,1
OR.PA-management-noise-470,18,0.000996,,1
OR.PA-management-noise-470,19,0.00155,,1
OR.PA-management-noise-470,20,0.007346,,1
OR.PA-management-noise-470,21,-0.000782,,1
OR.PA-management-noise-470,22,0.007395,,1
OR.PA-management-noise-470,23,0.010751,,1
OR.PA-management-noise-470,24,0.013636,,1
OR.PA-management-noise-470,25,0.017061,,1
OR.PA-management-noise-470,26,0.030763,,1
OR.PA-management-noise-470,27,0.028486,,1
OR.PA-management-noise-470,28,0.031711,,1
OR.PA-management-noise-470,29,0.033275,,1
OR.PA-management-noise-470,30,0.031661,,1
OR.PA-management-noise-469,1,-0.023923,,1
OR.PA-management-noise-469,2,-0.027457,,1
OR.PA-management-noise-469,3,-0.047457,,1
OR.PA-management-noise-469,4,-0.052493,,1
OR.PA-management-noise-469,5,-0.043485,,1
OR.PA-management-noise-469,6,-0.046084,,1
OR.PA-management-noise-469,7,-0.038245,,1
OR.PA-management-noise-469,8,-0.05008,,1
OR.PA-management-noise-469,9,-0.049186,,1
OR.PA-management-noise-469,10,-0.051424,,1
OR.PA-management-noise-469,11,-0.04526,,1
OR.PA-management-noise-469,12,-0.033944,,1
OR.PA-management-noise-469,13,0.013833,,1
OR.PA-management-noise-469,14,0.003521,,1
OR.PA-management-noise-469,15,0.001445,,1
OR.PA-management-noise-469,16,-0.000972,,1
OR.PA-management-noise-469,17,-0.012641,,1
OR.PA-management-noise-469,18,0.000996,,1
OR.PA-management-noise-469,19,0.00155,,1
OR.PA-management-noise-469,20,0.007346,,1
OR.PA-management-noise-469,21,-0.000782,,1
OR.PA-management-noise-469,22,0.007395,,1
OR.PA-management-noise-469,23,0.010751,,1
OR.PA-management-noise-469,24,0.013636,,1
OR.PA-management-noise-469,25,0.017061,,1
OR.PA-management-noise-469,26,0.030763,,1
OR.PA-management-noise-469,27,0.028486,,1
OR.PA-management-noise-469,28,0.031711,,1
OR.PA-management-noise-469,29,0.033275,,1
OR.PA-management-noise-469,30,0.031661,,1
OR.PA-management-noise-468,1,-0.023923,,1
OR.PA-management-noise-468,2,-0.027457,,1
OR.PA-management-noise-468,3,-0.047457,,1
OR.PA-management-noise-468,4,-0.052493,,1
OR.PA-management-noise-468,5,-0.043485,,1
OR.PA-management-noise-468,6,-0.046084,,1
OR.PA-management-noise-468,7,-0.038245,,1
OR.PA-management-noise-468,8,-0.05008,,1
OR.PA-management-noise-468,9,-0.049186,,1
OR.PA-management-noise-468,10,-0.051424,,1
OR.PA-management-noise-468,11,-0.04526,,1
OR.PA-management-noise-468,12,-0.033944,,1
OR.PA-management-noise-468,13,0.013833,,1
OR.PA-management-noise-468,14,0.003521,,1
OR.PA-management-noise-468,15,0.001445,,1
OR.PA-management-noise-468,16,-0.000972,,1
OR.PA-management-noise-468,17,-0.012641,,1
OR.PA-management-noise-468,18,0.000996,,1
OR.PA-management-noise-468,19,0.00155,,1
OR.PA-management-noise-468,20,0.007346,,1
OR.PA-management-noise-468,21,-0.000782,,1
OR.PA-management-noise-468,22,0.007395,,1
OR.PA-management-noise-468,23,0.010751,,1
OR.PA-management-noise-468,24,0.013636,,1
OR.PA-management-noise-468,25,0.017061,,1
OR.PA-management-noise-468,26,0.030763,,1
OR.PA-management-noise-468,27,0.028486,,1
OR.PA-management-noise-468,28,0.031711,,1
OR.PA-management-noise-468,29,0.033275,,1
OR.PA-management-noise-468,30,0.031661,,1
OR.PA-management-noise-465,1,-0.023923,,1
OR.PA-management-noise-465,2,-0.027457,,1
OR.PA-management-noise-465,3,-0.047457,,1
OR.PA-management-noise-465,4,-0.052493,,1
OR.PA-management-noise-465,5,-0.043485,,1
OR.PA-management-noise-465,6,-0.046084,,1
OR.PA-management-noise-465,7,-0.038245,,1
OR.PA-management-noise-465,8,-0.05008,,1
OR.PA-management-noise-465,9,-0.049186,,1
OR.PA-management-noise-465,10,-0.051424,,1
OR.PA-management-noise-465,11,-0.04526,,1
OR.PA-management-noise-465,12,-0.033944,,1
OR.PA-management-noise-465,13,0.013833,,1
OR.PA-management-noise-465,14,0.003521,,1
OR.PA-management-noise-465,15,0.001445,,1
OR.PA-management-noise-465,16,-0.000972,,1
OR.PA-management-noise-465,17,-0.012641,,1
OR.PA-management-noise-465,18,0.000996,,1
OR.PA-management-noise-465,19,0.00155,,1
OR.PA-management-noise-465,20,0.007346,,1
OR.PA-management-noise-465,21,-0.000782,,1
OR.PA-management-noise-465,22,0.007395,,1
OR.PA-management-noise-465,23,0.010751,,1
OR.PA-management-noise-465,24,0.013636,,1
OR.PA-management-noise-465,25,0.017061,,1
OR.PA-management-noise-465,26,0.030763,,1
OR.PA-management-noise-465,27,0.028486,,1
OR.PA-management-noise-465,28,0.031711,,1
OR.PA-management-noise-465,29,0.033275,,1
OR.PA-management-noise-465,30,0.031661,,1
OR.PA-management-noise-464,1,-0.023923,,1
OR.PA-management-noise-464,2,-0.027457,,1
OR.PA-management-noise-464,3,-0.047457,,1
OR.PA-management-noise-464,4,-0.052493,,1
OR.PA-management-noise-464,5,-0.043485,,1
OR.PA-management-noise-464,6,-0.046084,,1
OR.PA-management-noise-464,7,-0.038245,,1
OR.PA-management-noise-464,8,-0.05008,,1
OR.PA-management-noise-464,9,-0.049186,,1
OR.PA-management-noise-464,10,-0.051424,,1
OR.PA-management-noise-464,11,-0.04526,,1
OR.PA-management-noise-464,12,-0.033944,,1
OR.PA-management-noise-464,13,0.013833,,1
OR.PA-management-noise-464,14,0.003521,,1
OR.PA-management-noise-464,15,0.001445,,1
OR.PA-management-noise-464,16,-0.000972,,1
OR.PA-management-noise-464,17,-0.012641,,1
OR.PA-management-noise-464,18,0.000996,,1
OR.PA-management-noise-464,19,0.00155,,1
OR.PA-management-noise-464,20,0.007346,,1
OR.PA-management-noise-464,21,-0.000782,,1
OR.PA-management-noise-464,22,0.007395,,1
OR.PA-management-noise-464,23,0.010751,,1
OR.PA-management-noise-464,24,0.013636,,1
OR.PA-management-noise-464,25,0.017061,,1
OR.PA-management-noise-464,26,0.030763,,1
OR.PA-management-noise-464,27,0.028486,,1
OR.PA-management-noise-464,28,0.031711,,1
OR.PA-management-noise-464,29,0.033275,,1
OR.PA-management-noise-464,30,0.031661,,1
OR.PA-management-noise-457,1,-0.005185,,1
OR.PA-management-noise-457,2,-0.011543,,1
OR.PA-management-noise-457,3,-0.006147,,1
OR.PA-management-noise-457,4,-0.010654,,1
OR.PA-management-noise-457,5,-0.000139,,1
OR.PA-management-noise-457,6,-0.001992,,1
OR.PA-management-noise-457,7,-0.020757,,1
OR.PA-management-noise-457,8,-0.044341,,1
OR.PA-management-noise-457,9,-0.047535,,1
OR.PA-management-noise-457,10,-0.067195,,1
OR.PA-management-noise-457,11,-0.071891,,1
OR.PA-management-noise-457,12,-0.062544,,1
OR.PA-management-noise-457,13,-0.064804,,1
OR.PA-management-noise-457,14,-0.056625,,1
OR.PA-management-noise-457,15,-0.06812,,1
OR.PA-management-noise-457,16,-0.066886,,1
OR.PA-management-noise-457,17,-0.068785,,1
OR.PA-management-noise-457,18,-0.06228,,1
OR.PA-management-noise-457,19,-0.050625,,1
OR.PA-management-noise-457,20,-0.002508,,1
OR.PA-management-noise-457,21,-0.012481,,1
OR.PA-management-noise-457,22,-0.014217,,1
OR.PA-management-noise-457,23,-0.016294,,1
OR.PA-management-noise-457,24,-0.027624,,1
OR.PA-management-noise-457,25,-0.013647,,1
OR.PA-management-noise-457,26,-0.012753,,1
OR.PA-management-noise-457,27,-0.006618,,1
OR.PA-management-noise-457,28,-0.014406,,1
OR.PA-management-noise-457,29,-0.005889,,1
OR.PA-management-noise-457,30,-0.002193,,1
OR.PA-management-noise-456,1,-0.005185,,1
OR.PA-management-noise-456,2,-0.011543,,1
OR.PA-management-noise-456,3,-0.006147,,1
OR.PA-management-noise-456,4,-0.010654,,1
OR.PA-management-noise-456,5,-0.000139,,1
OR.PA-management-noise-456,6,-0.001992,,1
OR.PA-management-noise-456,7,-0.020757,,1
OR.PA-management-noise-456,8,-0.044341,,1
OR.PA-management-noise-456,9,-0.047535,,1
OR.PA-management-noise-456,10,-0.067195,,1
OR.PA-management-noise-456,11,-0.071891,,1
OR.PA-management-noise-456,12,-0.062544,,1
OR.PA-management-noise-456,13,-0.064804,,1
OR.PA-management-noise-456,14,-0.056625,,1
OR.PA-management-noise-456,15,-0.06812,,1
OR.PA-management-noise-456,16,-0.066886,,1
OR.PA-management-noise-456,17,-0.068785,,1
OR.PA-management-noise-456,18,-0.06228,,1
OR.PA-management-noise-456,19,-0.050625,,1
OR.PA-management-noise-456,20,-0.002508,,1
OR.PA-management-noise-456,21,-0.012481,,1
OR.PA-management-noise-456,22,-0.014217,,1
OR.PA-management-noise-456,23,-0.016294,,1
OR.PA-management-noise-456,24,-0.027624,,1
OR.PA-management-noise-456,25,-0.013647,,1
OR.PA-management-noise-456,26,-0.012753,,1
OR.PA-management-noise-456,27,-0.006618,,1
OR.PA-management-noise-456,28,-0.014406,,1
OR.PA-management-noise-456,29,-0.005889,,1
OR.PA-management-noise-456,30,-0.002193,,1
OR.PA-management-noise-455,1,-0.005185,,1
OR.PA-management-noise-455,2,-0.011543,,1
OR.PA-management-noise-455,3,-0.006147,,1
OR.PA-management-noise-455,4,-0.010654,,1
OR.PA-management-noise-455,5,-0.000139,,1
OR.PA-management-noise-455,6,-0.001992,,1
OR.PA-management-noise-455,7,-0.020757,,1
OR.PA-management-noise-455,8,-0.044341,,1
OR.PA-management-noise-455,9,-0.047535,,1
OR.PA-management-noise-455,10,-0.067195,,1
OR.PA-management-noise-455,11,-0.071891,,1
OR.PA-management-noise-455,12,-0.062544,,1
OR.PA-management-noise-455,13,-0.064804,,1
OR.PA-management-noise-455,14,-0.056625,,1
OR.PA-management-noise-455,15,-0.06812,,1
OR.PA-management-noise-455,16,-0.066886,,1
OR.PA-management-noise-455,17,-0.068785,,1
OR.PA-management-noise-455,18,-0.06228,,1
OR.PA-management-noise-455,19,-0.050625,,1
OR.PA-management-noise-455,20,-0.002508,,1
OR.PA-management-noise-455,21,-0.012481,,1
OR.PA-management-noise-455,22,-0.014217,,1
OR.PA-management-noise-455,23,-0.016294,,1
OR.PA-management-noise-455,24,-0.027624,,1
OR.PA-management-noise-455,25,-0.013647,,1
OR.PA-management-noise-455,26,-0.012753,,1
OR.PA-management-noise-455,27,-0.006618,,1
OR.PA-management-noise-455,28,-0.014406,,1
OR.PA-management-noise-455,29,-0.005889,,1
OR.PA-management-noise-455,30,-0.002193,,1
OR.PA-management-noise-454,1,-0.005185,,1
OR.PA-management-noise-454,2,-0.011543,,1
OR.PA-management-noise-454,3,-0.006147,,1
OR.PA-management-noise-454,4,-0.010654,,1
OR.PA-management-noise-454,5,-0.000139,,1
OR.PA-management-noise-454,6,-0.001992,,1
OR.PA-management-noise-454,7,-0.020757,,1
OR.PA-management-noise-454,8,-0.044341,,1
OR.PA-management-noise-454,9,-0.047535,,1
OR.PA-management-noise-454,10,-0.067195,,1
OR.PA-management-noise-454,11,-0.071891,,1
OR.PA-management-noise-454,12,-0.062544,,1
OR.PA-management-noise-454,13,-0.064804,,1
OR.PA-management-noise-454,14,-0.056625,,1
OR.PA-management-noise-454,15,-0.06812,,1
OR.PA-management-noise-454,16,-0.066886,,1
OR.PA-management-noise-454,17,-0.068785,,1
OR.PA-management-noise-454,18,-0.06228,,1
OR.PA-management-noise-454,19,-0.050625,,1
OR.PA-management-noise-454,20,-0.002508,,1
OR.PA-management-noise-454,21,-0.012481,,1
OR.PA-management-noise-454,22,-0.014217,,1
OR.PA-management-noise-454,23,-0.016294,,1
OR.PA-management-noise-454,24,-0.027624,,1
OR.PA-management-noise-454,25,-0.013647,,1
OR.PA-management-noise-454,26,-0.012753,,1
OR.PA-management-noise-454,27,-0.006618,,1
OR.PA-management-noise-454,28,-0.014406,,1
OR.PA-management-noise-454,29,-0.005889,,1
OR.PA-management-noise-454,30,-0.002193,,1
OR.PA-management-noise-448,1,-0.005185,,1
OR.PA-management-noise-448,2,-0.011543,,1
OR.PA-management-noise-448,3,-0.006147,,1
OR.PA-management-noise-448,4,-0.010654,,1
OR.PA-management-noise-448,5,-0.000139,,1
OR.PA-management-noise-448,6,-0.001992,,1
OR.PA-management-noise-448,7,-0.020757,,1
OR.PA-management-noise-448,8,-0.044341,,1
OR.PA-management-noise-448,9,-0.047535,,1
OR.PA-management-noise-448,10,-0.067195,,1
OR.PA-management-noise-448,11,-0.071891,,1
OR.PA-management-noise-448,12,-0.062544,,1
OR.PA-management-noise-448,13,-0.064804,,1
OR.PA-management-noise-448,14,-0.056625,,1
OR.PA-management-noise-448,15,-0.06812,,1
OR.PA-management-noise-448,16,-0.066886,,1
OR.PA-management-noise-448,17,-0.068785,,1
OR.PA-management-noise-448,18,-0.06228,,1
OR.PA-management-noise-448,19,-0.050625,,1
OR.PA-management-noise-448,20,-0.002508,,1
OR.PA-management-noise-448,21,-0.012481,,1
OR.PA-management-noise-448,22,-0.014217,,1
OR.PA-management-noise-448,23,-0.016294,,1
OR.PA-management-noise-448,24,-0.027624,,1
OR.PA-management-noise-448,25,-0.013647,,1
OR.PA-management-noise-448,26,-0.012753,,1
OR.PA-management-noise-448,27,-0.006618,,1
OR.PA-management-noise-448,28,-0.014406,,1
OR.PA-management-noise-448,29,-0.005889,,1
OR.PA-management-noise-448,30,-0.002193,,1
OR.PA-management-noise-447,1,-0.005185,,1
OR.PA-management-noise-447,2,-0.011543,,1
OR.PA-management-noise-447,3,-0.006147,,1
OR.PA-management-noise-447,4,-0.010654,,1
OR.PA-management-noise-447,5,-0.000139,,1
OR.PA-management-noise-447,6,-0.001992,,1
OR.PA-management-noise-447,7,-0.020757,,1
OR.PA-management-noise-447,8,-0.044341,,1
OR.PA-management-noise-447,9,-0.047535,,1
OR.PA-management-noise-447,10,-0.067195,,1
OR.PA-management-noise-447,11,-0.071891,,1
OR.PA-management-noise-447,12,-0.062544,,1
OR.PA-management-noise-447,13,-0.064804,,1
OR.PA-management-noise-447,14,-0.056625,,1
OR.PA-management-noise-447,15,-0.06812,,1
OR.PA-management-noise-447,16,-0.066886,,1
OR.PA-management-noise-447,17,-0.068785,,1
OR.PA-management-noise-447,18,-0.06228,,1
OR.PA-management-noise-447,19,-0.050625,,1
OR.PA-management-noise-447,20,-0.002508,,1
OR.PA-management-noise-447,21,-0.012481,,1
OR.PA-management-noise-447,22,-0.014217,,1
OR.PA-management-noise-447,23,-0.016294,,1
OR.PA-management-noise-447,24,-0.027624,,1
OR.PA-management-noise-447,25,-0.013647,,1
OR.PA-management-noise-447,26,-0.012753,,1
OR.PA-management-noise-447,27,-0.006618,,1
OR.PA-management-noise-447,28,-0.014406,,1
OR.PA-management-noise-447,29,-0.005889,,1
OR.PA-management-noise-447,30,-0.002193,,1
OR.PA-management-noise-446,1,-0.005185,,1
OR.PA-management-noise-446,2,-0.011543,,1
OR.PA-management-noise-446,3,-0.006147,,1
OR.PA-management-noise-446,4,-0.010654,,1
OR.PA-management-noise-446,5,-0.000139,,1
OR.PA-management-noise-446,6,-0.001992,,1
OR.PA-management-noise-446,7,-0.020757,,1
OR.PA-management-noise-446,8,-0.044341,,1
OR.PA-management-noise-446,9,-0.047535,,1
OR.PA-management-noise-446,10,-0.067195,,1
OR.PA-management-noise-446,11,-0.071891,,1
OR.PA-management-noise-446,12,-0.062544,,1
OR.PA-management-noise-446,13,-0.064804,,1
OR.PA-management-noise-446,14,-0.056625,,1
OR.PA-management-noise-446,15,-0.06812,,1
OR.PA-management-noise-446,16,-0.066886,,1
OR.PA-management-noise-446,17,-0.068785,,1
OR.PA-management-noise-446,18,-0.06228,,1
OR.PA-management-noise-446,19,-0.050625,,1
OR.PA-management-noise-446,20,-0.002508,,1
OR.PA-management-noise-446,21,-0.012481,,1
OR.PA-management-noise-446,22,-0.014217,,1
OR.PA-management-noise-446,23,-0.016294,,1
OR.PA-management-noise-446,24,-0.027624,,1
OR.PA-management-noise-446,25,-0.013647,,1
OR.PA-management-noise-446,26,-0.012753,,1
OR.PA-management-noise-446,27,-0.006618,,1
OR.PA-management-noise-446,28,-0.014406,,1
OR.PA-management-noise-446,29,-0.005889,,1
OR.PA-management-noise-446,30,-0.002193,,1
OR.PA-management-noise-432,1,-0.005185,,1
OR.PA-management-noise-432,2,-0.011543,,1
OR.PA-management-noise-432,3,-0.006147,,1
OR.PA-management-noise-432,4,-0.010654,,1
OR.PA-management-noise-432,5,-0.000139,,1
OR.PA-management-noise-432,6,-0.001992,,1
OR.PA-management-noise-432,7,-0.020757,,1
OR.PA-management-noise-432,8,-0.044341,,1
OR.PA-management-noise-432,9,-0.047535,,1
OR.PA-management-noise-432,10,-0.067195,,1
OR.PA-management-noise-432,11,-0.071891,,1
OR.PA-management-noise-432,12,-0.062544,,1
OR.PA-management-noise-432,13,-0.064804,,1
OR.PA-management-noise-432,14,-0.056625,,1
OR.PA-management-noise-432,15,-0.06812,,1
OR.PA-management-noise-432,16,-0.066886,,1
OR.PA-management-noise-432,17,-0.068785,,1
OR.PA-management-noise-432,18,-0.06228,,1
OR.PA-management-noise-432,19,-0.050625,,1
OR.PA-management-noise-432,20,-0.002508,,1
OR.PA-management-noise-432,21,-0.012481,,1
OR.PA-management-noise-432,22,-0.014217,,1
OR.PA-management-noise-432,23,-0.016294,,1
OR.PA-management-noise-432,24,-0.027624,,1
OR.PA-management-noise-432,25,-0.013647,,1
OR.PA-management-noise-432,26,-0.012753,,1
OR.PA-management-noise-432,27,-0.006618,,1
OR.PA-management-noise-432,28,-0.014406,,1
OR.PA-management-noise-432,29,-0.005889,,1
OR.PA-management-noise-432,30,-0.002193,,1
OR.PA-management-noise-431,1,-0.005185,,1
OR.PA-management-noise-431,2,-0.011543,,1
OR.PA-management-noise-431,3,-0.006147,,1
OR.PA-management-noise-431,4,-0.010654,,1
OR.PA-management-noise-431,5,-0.000139,,1
OR.PA-management-noise-431,6,-0.001992,,1
OR.PA-management-noise-431,7,-0.020757,,1
OR.PA-management-noise-431,8,-0.044341,,1
OR.PA-management-noise-431,9,-0.047535,,1
OR.PA-management-noise-431,10,-0.067195,,1
OR.PA-management-noise-431,11,-0.071891,,1
OR.PA-management-noise-431,12,-0.062544,,1
OR.PA-management-noise-431,13,-0.064804,,1
OR.PA-management-noise-431,14,-0.056625,,1
OR.PA-management-noise-431,15,-0.06812,,1
OR.PA-management-noise-431,16,-0.066886,,1
OR.PA-management-noise-431,17,-0.068785,,1
OR.PA-management-noise-431,18,-0.06228,,1
OR.PA-management-noise-431,19,-0.050625,,1
OR.PA-management-noise-431,20,-0.002508,,1
OR.PA-management-noise-431,21,-0.012481,,1
OR.PA-management-noise-431,22,-0.014217,,1
OR.PA-management-noise-431,23,-0.016294,,1
OR.PA-management-noise-431,24,-0.027624,,1
OR.PA-management-noise-431,25,-0.013647,,1
OR.PA-management-noise-431,26,-0.012753,,1
OR.PA-management-noise-431,27,-0.006618,,1
OR.PA-management-noise-431,28,-0.014406,,1
OR.PA-management-noise-431,29,-0.005889,,1
OR.PA-management-noise-431,30,-0.002193,,1
OR.PA-management-noise-427,1,-0.005185,,1
OR.PA-management-noise-427,2,-0.011543,,1
OR.PA-management-noise-427,3,-0.006147,,1
OR.PA-management-noise-427,4,-0.010654,,1
OR.PA-management-noise-427,5,-0.000139,,1
OR.PA-management-noise-427,6,-0.001992,,1
OR.PA-management-noise-427,7,-0.020757,,1
OR.PA-management-noise-427,8,-0.044341,,1
OR.PA-management-noise-427,9,-0.047535,,1
OR.PA-management-noise-427,10,-0.067195,,1
OR.PA-management-noise-427,11,-0.071891,,1
OR.PA-management-noise-427,12,-0.062544,,1
OR.PA-management-noise-427,13,-0.064804,,1
OR.PA-management-noise-427,14,-0.056625,,1
OR.PA-management-noise-427,15,-0.06812,,1
OR.PA-management-noise-427,16,-0.066886,,1
OR.PA-management-noise-427,17,-0.068785,,1
OR.PA-management-noise-427,18,-0.06228,,1
OR.PA-management-noise-427,19,-0.050625,,1
OR.PA-management-noise-427,20,-0.002508,,1
OR.PA-management-noise-427,21,-0.012481,,1
OR.PA-management-noise-427,22,-0.014217,,1
OR.PA-management-noise-427,23,-0.016294,,1
OR.PA-management-noise-427,24,-0.027624,,1
OR.PA-management-noise-427,25,-0.013647,,1
OR.PA-management-noise-427,26,-0.012753,,1
OR.PA-management-noise-427,27,-0.006618,,1
OR.PA-management-noise-427,28,-0.014406,,1
OR.PA-management-noise-427,29,-0.005889,,1
OR.PA-management-noise-427,30,-0.002193,,1
OR.PA-management-noise-423,1,-0.005185,,1
OR.PA-management-noise-423,2,-0.011543,,1
OR.PA-management-noise-423,3,-0.006147,,1
OR.PA-management-noise-423,4,-0.010654,,1
OR.PA-management-noise-423,5,-0.000139,,1
OR.PA-management-noise-423,6,-0.001992,,1
OR.PA-management-noise-423,7,-0.020757,,1
OR.PA-management-noise-423,8,-0.044341,,1
OR.PA-management-noise-423,9,-0.047535,,1
OR.PA-management-noise-423,10,-0.067195,,1
OR.PA-management-noise-423,11,-0.071891,,1
OR.PA-management-noise-423,12,-0.062544,,1
OR.PA-management-noise-423,13,-0.064804,,1
OR.PA-management-noise-423,14,-0.056625,,1
OR.PA-management-noise-423,15,-0.06812,,1
OR.PA-management-noise-423,16,-0.066886,,1
OR.PA-management-noise-423,17,-0.068785,,1
OR.PA-management-noise-423,18,-0.06228,,1
OR.PA-management-noise-423,19,-0.050625,,1
OR.PA-management-noise-423,20,-0.002508,,1
OR.PA-management-noise-423,21,-0.012481,,1
OR.PA-management-noise-423,22,-0.014217,,1
OR.PA-management-noise-423,23,-0.016294,,1
OR.PA-management-noise-423,24,-0.027624,,1
OR.PA-management-noise-423,25,-0.013647,,1
OR.PA-management-noise-423,26,-0.012753,,1
OR.PA-management-noise-423,27,-0.006618,,1
OR.PA-management-noise-423,28,-0.014406,,1
OR.PA-management-noise-423,29,-0.005889,,1
OR.PA-management-noise-423,30,-0.002193,,1
OR.PA-management-noise-422,1,-0.005185,,1
OR.PA-management-noise-422,2,-0.011543,,1
OR.PA-management-noise-422,3,-0.006147,,1
OR.PA-management-noise-422,4,-0.010654,,1
OR.PA-management-noise-422,5,-0.000139,,1
OR.PA-management-noise-422,6,-0.001992,,1
OR.PA-management-noise-422,7,-0.020757,,1
OR.PA-management-noise-422,8,-0.044341,,1
OR.PA-management-noise-422,9,-0.047535,,1
OR.PA-management-noise-422,10,-0.067195,,1
OR.PA-management-noise-422,11,-0.071891,,1
OR.PA-management-noise-422,12,-0.062544,,1
OR.PA-management-noise-422,13,-0.064804,,1
OR.PA-management-noise-422,14,-0.056625,,1
OR.PA-management-noise-422,15,-0.06812,,1
OR.PA-management-noise-422,16,-0.066886,,1
OR.PA-management-noise-422,17,-0.068785,,1
OR.PA-management-noise-422,18,-0.06228,,1
OR.PA-management-noise-422,19,-0.050625,,1
OR.PA-management-noise-422,20,-0.002508,,1
OR.PA-management-noise-422,21,-0.012481,,1
OR.PA-management-noise-422,22,-0.014217,,1
OR.PA-management-noise-422,23,-0.016294,,1
OR.PA-management-noise-422,24,-0.027624,,1
OR.PA-management-noise-422,25,-0.013647,,1
OR.PA-management-noise-422,26,-0.012753,,1
OR.PA-management-noise-422,27,-0.006618,,1
OR.PA-management-noise-422,28,-0.014406,,1
OR.PA-management-noise-422,29,-0.005889,,1
OR.PA-management-noise-422,30,-0.002193,,1
OR.PA-management-noise-408,1,-0.004959,,1
OR.PA-management-noise-408,2,0.01462,,1
OR.PA-management-noise-408,3,0.022507,,1
OR.PA-management-noise-408,4,0.022426,,1
OR.PA-management-noise-408,5,0.027473,,1
OR.PA-management-noise-408,6,0.019624,,1
OR.PA-management-noise-408,7,0.030145,,1
OR.PA-management-noise-408,8,0.035237,,1
OR.PA-management-noise-408,9,0.04773,,1
OR.PA-management-noise-408,10,0.056427,,1
OR.PA-management-noise-408,11,0.066688,,1
OR.PA-management-noise-408,12,0.073162,,1
OR.PA-management-noise-408,13,0.039073,,1
OR.PA-management-noise-408,14,0.054654,,1
OR.PA-management-noise-408,15,0.041132,,1
OR.PA-management-noise-408,16,0.06825,,1
OR.PA-management-noise-408,17,0.058617,,1
OR.PA-management-noise-408,18,0.063079,,1
OR.PA-management-noise-408,19,0.064329,,1
OR.PA-management-noise-408,20,0.05814,,1
OR.PA-management-noise-408,21,0.073698,,1
OR.PA-management-noise-408,22,0.102163,,1
OR.PA-management-noise-408,23,0.088423,,1
OR.PA-management-noise-408,24,0.075919,,1
OR.PA-management-noise-408,25,0.077499,,1
OR.PA-management-noise-408,26,0.090082,,1
OR.PA-management-noise-408,27,0.08631,,1
OR.PA-management-noise-408,28,0.080213,,1
OR.PA-management-noise-408,29,0.073979,,1
OR.PA-management-noise-408,30,0.054865,,1
OR.PA-management-noise-407,1,-0.004959,,1
OR.PA-management-noise-407,2,0.01462,,1
OR.PA-management-noise-407,3,0.022507,,1
OR.PA-management-noise-407,4,0.022426,,1
OR.PA-management-noise-407,5,0.027473,,1
OR.PA-management-noise-407,6,0.019624,,1
OR.PA-management-noise-407,7,0.030145,,1
OR.PA-management-noise-407,8,0.035237,,1
OR.PA-management-noise-407,9,0.04773,,1
OR.PA-management-noise-407,10,0.056427,,1
OR.PA-management-noise-407,11,0.066688,,1
OR.PA-management-noise-407,12,0.073162,,1
OR.PA-management-noise-407,13,0.039073,,1
OR.PA-management-noise-407,14,0.054654,,1
OR.PA-management-noise-407,15,0.041132,,1
OR.PA-management-noise-407,16,0.06825,,1
OR.PA-management-noise-407,17,0.058617,,1
OR.PA-management-noise-407,18,0.063079,,1
OR.PA-management-noise-407,19,0.064329,,1
OR.PA-management-noise-407,20,0.05814,,1
OR.PA-management-noise-407,21,0.073698,,1
OR.PA-management-noise-407,22,0.102163,,1
OR.PA-management-noise-407,23,0.088423,,1
OR.PA-management-noise-407,24,0.075919,,1
OR.PA-management-noise-407,25,0.077499,,1
OR.PA-management-noise-407,26,0.090082,,1
OR.PA-management-noise-407,27,0.08631,,1
OR.PA-management-noise-407,28,0.080213,,1
OR.PA-management-noise-407,29,0.073979,,1
OR.PA-management-noise-407,30,0.054865,,1
OR.PA-management-noise-406,1,-0.004959,,1
OR.PA-management-noise-406,2,0.01462,,1
OR.PA-management-noise-406,3,0.022507,,1
OR.PA-management-noise-406,4,0.022426,,1
OR.PA-management-noise-406,5,0.027473,,1
OR.PA-management-noise-406,6,0.019624,,1
OR.PA-management-noise-406,7,0.030145,,1
OR.PA-management-noise-406,8,0.035237,,1
OR.PA-management-noise-406,9,0.04773,,1
OR.PA-management-noise-406,10,0.056427,,1
OR.PA-management-noise-406,11,0.066688,,1
OR.PA-management-noise-406,12,0.073162,,1
OR.PA-management-noise-406,13,0.039073,,1
OR.PA-management-noise-406,14,0.054654,,1
OR.PA-management-noise-406,15,0.041132,,1
OR.PA-management-noise-406,16,0.06825,,1
OR.PA-management-noise-406,17,0.058617,,1
OR.PA-management-noise-406,18,0.063079,,1
OR.PA-management-noise-406,19,0.064329,,1
OR.PA-management-noise-406,20,0.05814,,1
OR.PA-management-noise-406,21,0.073698,,1
OR.PA-management-noise-406,22,0.102163,,1
OR.PA-management-noise-406,23,0.088423,,1
OR.PA-management-noise-406,24,0.075919,,1
OR.PA-management-noise-406,25,0.077499,,1
OR.PA-management-noise-406,26,0.090082,,1
OR.PA-management-noise-406,27,0.08631,,1
OR.PA-management-noise-406,28,0.080213,,1
OR.PA-management-noise-406,29,0.073979,,1
OR.PA-management-noise-406,30,0.054865,,1
OR.PA-management-noise-405,1,-0.004959,,1
OR.PA-management-noise-405,2,0.01462,,1
OR.PA-management-noise-405,3,0.022507,,1
OR.PA-management-noise-405,4,0.022426,,1
OR.PA-management-noise-405,5,0.027473,,1
OR.PA-management-noise-405,6,0.019624,,1
OR.PA-management-noise-405,7,0.030145,,1
OR.PA-management-noise-405,8,0.035237,,1
OR.PA-management-noise-405,9,0.04773,,1
OR.PA-management-noise-405,10,0.056427,,1
OR.PA-management-noise-405,11,0.066688,,1
OR.PA-management-noise-405,12,0.073162,,1
OR.PA-management-noise-405,13,0.039073,,1
OR.PA-management-noise-405,14,0.054654,,1
OR.PA-management-noise-405,15,0.041132,,1
OR.PA-management-noise-405,16,0.06825,,1
OR.PA-management-noise-405,17,0.058617,,1
OR.PA-management-noise-405,18,0.063079,,1
OR.PA-management-noise-405,19,0.064329,,1
OR.PA-management-noise-405,20,0.05814,,1
OR.PA-management-noise-405,21,0.073698,,1
OR.PA-management-noise-405,22,0.102163,,1
OR.PA-management-noise-405,23,0.088423,,1
OR.PA-management-noise-405,24,0.075919,,1
OR.PA-management-noise-405,25,0.077499,,1
OR.PA-management-noise-405,26,0.090082,,1
OR.PA-management-noise-405,27,0.08631,,1
OR.PA-management-noise-405,28,0.080213,,1
OR.PA-management-noise-405,29,0.073979,,1
OR.PA-management-noise-405,30,0.054865,,1
OR.PA-management-noise-403,1,-0.004959,,1
OR.PA-management-noise-403,2,0.01462,,1
OR.PA-management-noise-403,3,0.022507,,1
OR.PA-management-noise-403,4,0.022426,,1
OR.PA-management-noise-403,5,0.027473,,1
OR.PA-management-noise-403,6,0.019624,,1
OR.PA-management-noise-403,7,0.030145,,1
OR.PA-management-noise-403,8,0.035237,,1
OR.PA-management-noise-403,9,0.04773,,1
OR.PA-management-noise-403,10,0.056427,,1
OR.PA-management-noise-403,11,0.066688,,1
OR.PA-management-noise-403,12,0.073162,,1
OR.PA-management-noise-403,13,0.039073,,1
OR.PA-management-noise-403,14,0.054654,,1
OR.PA-management-noise-403,15,0.041132,,1
OR.PA-management-noise-403,16,0.06825,,1
OR.PA-management-noise-403,17,0.058617,,1
OR.PA-management-noise-403,18,0.063079,,1
OR.PA-management-noise-403,19,0.064329,,1
OR.PA-management-noise-403,20,0.05814,,1
OR.PA-management-noise-403,21,0.073698,,1
OR.PA-management-noise-403,22,0.102163,,1
OR.PA-management-noise-403,23,0.088423,,1
OR.PA-management-noise-403,24,0.075919,,1
OR.PA-management-noise-403,25,0.077499,,1
OR.PA-management-noise-403,26,0.090082,,1
OR.PA-management-noise-403,27,0.08631,,1
OR.PA-management-noise-403,28,0.080213,,1
OR.PA-management-noise-403,29,0.073979,,1
OR.PA-management-noise-403,30,0.054865,,1
OR.PA-management-noise-396,1,-0.004959,,1
OR.PA-management-noise-396,2,0.01462,,1
OR.PA-management-noise-396,3,0.022507,,1
OR.PA-management-noise-396,4,0.022426,,1
OR.PA-management-noise-396,5,0.027473,,1
OR.PA-management-noise-396,6,0.019624,,1
OR.PA-management-noise-396,7,0.030145,,1
OR.PA-management-noise-396,8,0.035237,,1
OR.PA-management-noise-396,9,0.04773,,1
OR.PA-management-noise-396,10,0.056427,,1
OR.PA-management-noise-396,11,0.066688,,1
OR.PA-management-noise-396,12,0.073162,,1
OR.PA-management-noise-396,13,0.039073,,1
OR.PA-management-noise-396,14,0.054654,,1
OR.PA-management-noise-396,15,0.041132,,1
OR.PA-management-noise-396,16,0.06825,,1
OR.PA-management-noise-396,17,0.058617,,1
OR.PA-management-noise-396,18,0.063079,,1
OR.PA-management-noise-396,19,0.064329,,1
OR.PA-management-noise-396,20,0.05814,,1
OR.PA-management-noise-396,21,0.073698,,1
OR.PA-management-noise-396,22,0.102163,,1
OR.PA-management-noise-396,23,0.088423,,1
OR.PA-management-noise-396,24,0.075919,,1
OR.PA-management-noise-396,25,0.077499,,1
OR.PA-management-noise-396,26,0.090082,,1
OR.PA-management-noise-396,27,0.08631,,1
OR.PA-management-noise-396,28,0.080213,,1
OR.PA-management-noise-396,29,0.073979,,1
OR.PA-management-noise-396,30,0.054865,,1
OR.PA-management-noise-395,1,-0.004959,,1
OR.PA-management-noise-395,2,0.01462,,1
OR.PA-management-noise-395,3,0.022507,,1
OR.PA-management-noise-395,4,0.022426,,1
OR.PA-management-noise-395,5,0.027473,,1
OR.PA-management-noise-395,6,0.019624,,1
OR.PA-management-noise-395,7,0.030145,,1
OR.PA-management-noise-395,8,0.035237,,1
OR.PA-management-noise-395,9,0.04773,,1
OR.PA-management-noise-395,10,0.056427,,1
OR.PA-management-noise-395,11,0.066688,,1
OR.PA-management-noise-395,12,0.073162,,1
OR.PA-management-noise-395,13,0.039073,,1
OR.PA-management-noise-395,14,0.054654,,1
OR.PA-management-noise-395,15,0.041132,,1
OR.PA-management-noise-395,16,0.06825,,1
OR.PA-management-noise-395,17,0.058617,,1
OR.PA-management-noise-395,18,0.063079,,1
OR.PA-management-noise-395,19,0.064329,,1
OR.PA-management-noise-395,20,0.05814,,1
OR.PA-management-noise-395,21,0.073698,,1
OR.PA-management-noise-395,22,0.102163,,1
OR.PA-management-noise-395,23,0.088423,,1
OR.PA-management-noise-395,24,0.075919,,1
OR.PA-management-noise-395,25,0.077499,,1
OR.PA-management-noise-395,26,0.090082,,1
OR.PA-management-noise-395,27,0.08631,,1
OR.PA-management-noise-395,28,0.080213,,1
OR.PA-management-noise-395,29,0.073979,,1
OR.PA-management-noise-395,30,0.054865,,1
OR.PA-management-noise-394,1,-0.004959,,1
OR.PA-management-noise-394,2,0.01462,,1
OR.PA-management-noise-394,3,0.022507,,1
OR.PA-management-noise-394,4,0.022426,,1
OR.PA-management-noise-394,5,0.027473,,1
OR.PA-management-noise-394,6,0.019624,,1
OR.PA-management-noise-394,7,0.030145,,1
OR.PA-management-noise-394,8,0.035237,,1
OR.PA-management-noise-394,9,0.04773,,1
OR.PA-management-noise-394,10,0.056427,,1
OR.PA-management-noise-394,11,0.066688,,1
OR.PA-management-noise-394,12,0.073162,,1
OR.PA-management-noise-394,13,0.039073,,1
OR.PA-management-noise-394,14,0.054654,,1
OR.PA-management-noise-394,15,0.041132,,1
OR.PA-management-noise-394,16,0.06825,,1
OR.PA-management-noise-394,17,0.058617,,1
OR.PA-management-noise-394,18,0.063079,,1
OR.PA-management-noise-394,19,0.064329,,1
OR.PA-management-noise-394,20,0.05814,,1
OR.PA-management-noise-394,21,0.073698,,1
OR.PA-management-noise-394,22,0.102163,,1
OR.PA-management-noise-394,23,0.088423,,1
OR.PA-management-noise-394,24,0.075919,,1
OR.PA-management-noise-394,25,0.077499,,1
OR.PA-management-noise-394,26,0.090082,,1
OR.PA-management-noise-394,27,0.08631,,1
OR.PA-management-noise-394,28,0.080213,,1
OR.PA-management-noise-394,29,0.073979,,1
OR.PA-management-noise-394,30,0.054865,,1
OR.PA-management-noise-393,1,-0.004959,,1
OR.PA-management-noise-393,2,0.01462,,1
OR.PA-management-noise-393,3,0.022507,,1
OR.PA-management-noise-393,4,0.022426,,1
OR.PA-management-noise-393,5,0.027473,,1
OR.PA-management-noise-393,6,0.019624,,1
OR.PA-management-noise-393,7,0.030145,,1
OR.PA-management-noise-393,8,0.035237,,1
OR.PA-management-noise-393,9,0.04773,,1
OR.PA-management-noise-393,10,0.056427,,1
OR.PA-management-noise-393,11,0.066688,,1
OR.PA-management-noise-393,12,0.073162,,1
OR.PA-management-noise-393,13,0.039073,,1
OR.PA-management-noise-393,14,0.054654,,1
OR.PA-management-noise-393,15,0.041132,,1
OR.PA-management-noise-393,16,0.06825,,1
OR.PA-management-noise-393,17,0.058617,,1
OR.PA-management-noise-393,18,0.063079,,1
OR.PA-management-noise-393,19,0.064329,,1
OR.PA-management-noise-393,20,0.05814,,1
OR.PA-management-noise-393,21,0.073698,,1
OR.PA-management-noise-393,22,0.102163,,1
OR.PA-management-noise-393,23,0.088423,,1
OR.PA-management-noise-393,24,0.075919,,1
OR.PA-management-noise-393,25,0.077499,,1
OR.PA-management-noise-393,26,0.090082,,1
OR.PA-management-noise-393,27,0.08631,,1
OR.PA-management-noise-393,28,0.080213,,1
OR.PA-management-noise-393,29,0.073979,,1
OR.PA-management-noise-393,30,0.054865,,1
OR.PA-management-noise-388,1,-0.004959,,1
OR.PA-management-noise-388,2,0.01462,,1
OR.PA-management-noise-388,3,0.022507,,1
OR.PA-management-noise-388,4,0.022426,,1
OR.PA-management-noise-388,5,0.027473,,1
OR.PA-management-noise-388,6,0.019624,,1
OR.PA-management-noise-388,7,0.030145,,1
OR.PA-management-noise-388,8,0.035237,,1
OR.PA-management-noise-388,9,0.04773,,1
OR.PA-management-noise-388,10,0.056427,,1
OR.PA-management-noise-388,11,0.066688,,1
OR.PA-management-noise-388,12,0.073162,,1
OR.PA-management-noise-388,13,0.039073,,1
OR.PA-management-noise-388,14,0.054654,,1
OR.PA-management-noise-388,15,0.041132,,1
OR.PA-management-noise-388,16,0.06825,,1
OR.PA-management-noise-388,17,0.058617,,1
OR.PA-management-noise-388,18,0.063079,,1
OR.PA-management-noise-388,19,0.064329,,1
OR.PA-management-noise-388,20,0.05814,,1
OR.PA-management-noise-388,21,0.073698,,1
OR.PA-management-noise-388,22,0.102163,,1
OR.PA-management-noise-388,23,0.088423,,1
OR.PA-management-noise-388,24,0.075919,,1
OR.PA-management-noise-388,25,0.077499,,1
OR.PA-management-noise-388,26,0.090082,,1
OR.PA-management-noise-388,27,0.08631,,1
OR.PA-management-noise-388,28,0.080213,,1
OR.PA-management-noise-388,29,0.073979,,1
OR.PA-management-noise-388,30,0.054865,,1
OR.PA-management-noise-383,1,-0.004959,,1
OR.PA-management-noise-383,2,0.01462,,1
OR.PA-management-noise-383,3,0.022507,,1
OR.PA-management-noise-383,4,0.022426,,1
OR.PA-management-noise-383,5,0.027473,,1
OR.PA-management-noise-383,6,0.019624,,1
OR.PA-management-noise-383,7,0.030145,,1
OR.PA-management-noise-383,8,0.035237,,1
OR.PA-management-noise-383,9,0.04773,,1
OR.PA-management-noise-383,10,0.056427,,1
OR.PA-management-noise-383,11,0.066688,,1
OR.PA-management-noise-383,12,0.073162,,1
OR.PA-management-noise-383,13,0.039073,,1
OR.PA-management-noise-383,14,0.054654,,1
OR.PA-management-noise-383,15,0.041132,,1
OR.PA-management-noise-383,16,0.06825,,1
OR.PA-management-noise-383,17,0.058617,,1
OR.PA-management-noise-383,18,0.063079,,1
OR.PA-management-noise-383,19,0.064329,,1
OR.PA-management-noise-383,20,0.05814,,1
OR.PA-management-noise-383,21,0.073698,,1
OR.PA-management-noise-383,22,0.102163,,1
OR.PA-management-noise-383,23,0.088423,,1
OR.PA-management-noise-383,24,0.075919,,1
OR.PA-management-noise-383,25,0.077499,,1
OR.PA-management-noise-383,26,0.090082,,1
OR.PA-management-noise-383,27,0.08631,,1
OR.PA-management-noise-383,28,0.080213,,1
OR.PA-management-noise-383,29,0.073979,,1
OR.PA-management-noise-383,30,0.054865,,1
OR.PA-management-noise-379,1,0.023482,,1
OR.PA-management-noise-379,2,0.007206,,1
OR.PA-management-noise-379,3,-0.012927,,1
OR.PA-management-noise-379,4,-0.013844,,1
OR.PA-management-noise-379,5,-0.001238,,1
OR.PA-management-noise-379,6,0.042866,,1
OR.PA-management-noise-379,7,0.036455,,1
OR.PA-management-noise-379,8,0.029445,,1
OR.PA-management-noise-379,9,0.040626,,1
OR.PA-management-noise-379,10,0.050351,,1
OR.PA-management-noise-379,11,0.060261,,1
OR.PA-management-noise-379,12,0.039051,,1
OR.PA-management-noise-379,13,0.041887,,1
OR.PA-management-noise-379,14,0.044311,,1
OR.PA-management-noise-379,15,0.035681,,1
OR.PA-management-noise-379,16,0.028624,,1
OR.PA-management-noise-379,17,0.022482,,1
OR.PA-management-noise-379,18,0.029382,,1
OR.PA-management-noise-379,19,0.000557,,1
OR.PA-management-noise-379,20,0.008876,,1
OR.PA-management-noise-379,21,0.029964,,1
OR.PA-management-noise-379,22,0.008348,,1
OR.PA-management-noise-379,23,-0.022947,,1
OR.PA-management-noise-379,24,-0.033172,,1
OR.PA-management-noise-379,25,-0.008366,,1
OR.PA-management-noise-379,26,0.008985,,1
OR.PA-management-noise-379,27,0.014237,,1
OR.PA-management-noise-379,28,-0.010654,,1
OR.PA-management-noise-379,29,-0.029595,,1
OR.PA-management-noise-379,30,-0.040096,,1
OR.PA-management-noise-377,1,0.023482,,1
OR.PA-management-noise-377,2,0.007206,,1
OR.PA-management-noise-377,3,-0.012927,,1
OR.PA-management-noise-377,4,-0.013844,,1
OR.PA-management-noise-377,5,-0.001238,,1
OR.PA-management-noise-377,6,0.042866,,1
OR.PA-management-noise-377,7,0.036455,,1
OR.PA-management-noise-377,8,0.029445,,1
OR.PA-management-noise-377,9,0.040626,,1
OR.PA-management-noise-377,10,0.050351,,1
OR.PA-management-noise-377,11,0.060261,,1
OR.PA-management-noise-377,12,0.039051,,1
OR.PA-management-noise-377,13,0.041887,,1
OR.PA-management-noise-377,14,0.044311,,1
OR.PA-management-noise-377,15,0.035681,,1
OR.PA-management-noise-377,16,0.028624,,1
OR.PA-management-noise-377,17,0.022482,,1
OR.PA-management-noise-377,18,0.029382,,1
OR.PA-management-noise-377,19,0.000557,,1
OR.PA-management-noise-377,20,0.008876,,1
OR.PA-management-noise-377,21,0.029964,,1
OR.PA-management-noise-377,22,0.008348,,1
OR.PA-management-noise-377,23,-0.022947,,1
OR.PA-management-noise-377,24,-0.033172,,1
OR.PA-management-noise-377,25,-0.008366,,1
OR.PA-management-noise-377,26,0.008985,,1
OR.PA-management-noise-377,27,0.014237,,1
OR.PA-management-noise-377,28,-0.010654,,1
OR.PA-management-noise-377,29,-0.029595,,1
OR.PA-management-noise-377,30,-0.040096,,1
OR.PA-management-noise-376,1,0.023482,,1
OR.PA-management-noise-376,2,0.007206,,1
OR.PA-management-noise-376,3,-0.012927,,1
OR.PA-management-noise-376,4,-0.013844,,1
OR.PA-management-noise-376,5,-0.001238,,1
OR.PA-management-noise-376,6,0.042866,,1
OR.PA-management-noise-376,7,0.036455,,1
OR.PA-management-noise-376,8,0.029445,,1
OR.PA-management-noise-376,9,0.040626,,1
OR.PA-management-noise-376,10,0.050351,,1
OR.PA-management-noise-376,11,0.060261,,1
OR.PA-management-noise-376,12,0.039051,,1
OR.PA-management-noise-376,13,0.041887,,1
OR.PA-management-noise-376,14,0.044311,,1
OR.PA-management-noise-376,15,0.035681,,1
OR.PA-management-noise-376,16,0.028624,,1
OR.PA-management-noise-376,17,0.022482,,1
OR.PA-management-noise-376,18,0.029382,,1
OR.PA-management-noise-376,19,0.000557,,1
OR.PA-management-noise-376,20,0.008876,,1
OR.PA-management-noise-376,21,0.029964,,1
OR.PA-management-noise-376,22,0.008348,,1
OR.PA-management-noise-376,23,-0.022947,,1
OR.PA-management-noise-376,24,-0.033172,,1
OR.PA-management-noise-376,25,-0.008366,,1
OR.PA-management-noise-376,26,0.008985,,1
OR.PA-management-noise-376,27,0.014237,,1
OR.PA-management-noise-376,28,-0.010654,,1
OR.PA-management-noise-376,29,-0.029595,,1
OR.PA-management-noise-376,30,-0.040096,,1
OR.PA-management-noise-375,1,0.023482,,1
OR.PA-management-noise-375,2,0.007206,,1
OR.PA-management-noise-375,3,-0.012927,,1
OR.PA-management-noise-375,4,-0.013844,,1
OR.PA-management-noise-375,5,-0.001238,,1
OR.PA-management-noise-375,6,0.042866,,1
OR.PA-management-noise-375,7,0.036455,,1
OR.PA-management-noise-375,8,0.029445,,1
OR.PA-management-noise-375,9,0.040626,,1
OR.PA-management-noise-375,10,0.050351,,1
OR.PA-management-noise-375,11,0.060261,,1
OR.PA-management-noise-375,12,0.039051,,1
OR.PA-management-noise-375,13,0.041887,,1
OR.PA-management-noise-375,14,0.044311,,1
OR.PA-management-noise-375,15,0.035681,,1
OR.PA-management-noise-375,16,0.028624,,1
OR.PA-management-noise-375,17,0.022482,,1
OR.PA-management-noise-375,18,0.029382,,1
OR.PA-management-noise-375,19,0.000557,,1
OR.PA-management-noise-375,20,0.008876,,1
OR.PA-management-noise-375,21,0.029964,,1
OR.PA-management-noise-375,22,0.008348,,1
OR.PA-management-noise-375,23,-0.022947,,1
OR.PA-management-noise-375,24,-0.033172,,1
OR.PA-management-noise-375,25,-0.008366,,1
OR.PA-management-noise-375,26,0.008985,,1
OR.PA-management-noise-375,27,0.014237,,1
OR.PA-management-noise-375,28,-0.010654,,1
OR.PA-management-noise-375,29,-0.029595,,1
OR.PA-management-noise-375,30,-0.040096,,1
OR.PA-management-noise-374,1,0.023482,,1
OR.PA-management-noise-374,2,0.007206,,1
OR.PA-management-noise-374,3,-0.012927,,1
OR.PA-management-noise-374,4,-0.013844,,1
OR.PA-management-noise-374,5,-0.001238,,1
OR.PA-management-noise-374,6,0.042866,,1
OR.PA-management-noise-374,7,0.036455,,1
OR.PA-management-noise-374,8,0.029445,,1
OR.PA-management-noise-374,9,0.040626,,1
OR.PA-management-noise-374,10,0.050351,,1
OR.PA-management-noise-374,11,0.060261,,1
OR.PA-management-noise-374,12,0.039051,,1
OR.PA-management-noise-374,13,0.041887,,1
OR.PA-management-noise-374,14,0.044311,,1
OR.PA-management-noise-374,15,0.035681,,1
OR.PA-management-noise-374,16,0.028624,,1
OR.PA-management-noise-374,17,0.022482,,1
OR.PA-management-noise-374,18,0.029382,,1
OR.PA-management-noise-374,19,0.000557,,1
OR.PA-management-noise-374,20,0.008876,,1
OR.PA-management-noise-374,21,0.029964,,1
OR.PA-management-noise-374,22,0.008348,,1
OR.PA-management-noise-374,23,-0.022947,,1
OR.PA-management-noise-374,24,-0.033172,,1
OR.PA-management-noise-374,25,-0.008366,,1
OR.PA-management-noise-374,26,0.008985,,1
OR.PA-management-noise-374,27,0.014237,,1
OR.PA-management-noise-374,28,-0.010654,,1
OR.PA-management-noise-374,29,-0.029595,,1
OR.PA-management-noise-374,30,-0.040096,,1
OR.PA-management-noise-372,1,0.023482,,1
OR.PA-management-noise-372,2,0.007206,,1
OR.PA-management-noise-372,3,-0.012927,,1
OR.PA-management-noise-372,4,-0.013844,,1
OR.PA-management-noise-372,5,-0.001238,,1
OR.PA-management-noise-372,6,0.042866,,1
OR.PA-management-noise-372,7,0.036455,,1
OR.PA-management-noise-372,8,0.029445,,1
OR.PA-management-noise-372,9,0.040626,,1
OR.PA-management-noise-372,10,0.050351,,1
OR.PA-management-noise-372,11,0.060261,,1
OR.PA-management-noise-372,12,0.039051,,1
OR.PA-management-noise-372,13,0.041887,,1
OR.PA-management-noise-372,14,0.044311,,1
OR.PA-management-noise-372,15,0.035681,,1
OR.PA-management-noise-372,16,0.028624,,1
OR.PA-management-noise-372,17,0.022482,,1
OR.PA-management-noise-372,18,0.029382,,1
OR.PA-management-noise-372,19,0.000557,,1
OR.PA-management-noise-372,20,0.008876,,1
OR.PA-management-noise-372,21,0.029964,,1
OR.PA-management-noise-372,22,0.008348,,1
OR.PA-management-noise-372,23,-0.022947,,1
OR.PA-management-noise-372,24,-0.033172,,1
OR.PA-management-noise-372,25,-0.008366,,1
OR.PA-management-noise-372,26,0.008985,,1
OR.PA-management-noise-372,27,0.014237,,1
OR.PA-management-noise-372,28,-0.010654,,1
OR.PA-management-noise-372,29,-0.029595,,1
OR.PA-management-noise-372,30,-0.040096,,1
OR.PA-management-noise-371,1,0.023482,,1
OR.PA-management-noise-371,2,0.007206,,1
OR.PA-management-noise-371,3,-0.012927,,1
OR.PA-management-noise-371,4,-0.013844,,1
OR.PA-management-noise-371,5,-0.001238,,1
OR.PA-management-noise-371,6,0.042866,,1
OR.PA-management-noise-371,7,0.036455,,1
OR.PA-management-noise-371,8,0.029445,,1
OR.PA-management-noise-371,9,0.040626,,1
OR.PA-management-noise-371,10,0.050351,,1
OR.PA-management-noise-371,11,0.060261,,1
OR.PA-management-noise-371,12,0.039051,,1
OR.PA-management-noise-371,13,0.041887,,1
OR.PA-management-noise-371,14,0.044311,,1
OR.PA-management-noise-371,15,0.035681,,1
OR.PA-management-noise-371,16,0.028624,,1
OR.PA-management-noise-371,17,0.022482,,1
OR.PA-management-noise-371,18,0.029382,,1
OR.PA-management-noise-371,19,0.000557,,1
OR.PA-management-noise-371,20,0.008876,,1
OR.PA-management-noise-371,21,0.029964,,1
OR.PA-management-noise-371,22,0.008348,,1
OR.PA-management-noise-371,23,-0.022947,,1
OR.PA-management-noise-371,24,-0.033172,,1
OR.PA-management-noise-371,25,-0.008366,,1
OR.PA-management-noise-371,26,0.008985,,1
OR.PA-management-noise-371,27,0.014237,,1
OR.PA-management-noise-371,28,-0.010654,,1
OR.PA-management-noise-371,29,-0.029595,,1
OR.PA-management-noise-371,30,-0.040096,,1
OR.PA-management-noise-370,1,0.023482,,1
OR.PA-management-noise-370,2,0.007206,,1
OR.PA-management-noise-370,3,-0.012927,,1
OR.PA-management-noise-370,4,-0.013844,,1
OR.PA-management-noise-370,5,-0.001238,,1
OR.PA-management-noise-370,6,0.042866,,1
OR.PA-management-noise-370,7,0.036455,,1
OR.PA-management-noise-370,8,0.029445,,1
OR.PA-management-noise-370,9,0.040626,,1
OR.PA-management-noise-370,10,0.050351,,1
OR.PA-management-noise-370,11,0.060261,,1
OR.PA-management-noise-370,12,0.039051,,1
OR.PA-management-noise-370,13,0.041887,,1
OR.PA-management-noise-370,14,0.044311,,1
OR.PA-management-noise-370,15,0.035681,,1
OR.PA-management-noise-370,16,0.028624,,1
OR.PA-management-noise-370,17,0.022482,,1
OR.PA-management-noise-370,18,0.029382,,1
OR.PA-management-noise-370,19,0.000557,,1
OR.PA-management-noise-370,20,0.008876,,1
OR.PA-management-noise-370,21,0.029964,,1
OR.PA-management-noise-370,22,0.008348,,1
OR.PA-management-noise-370,23,-0.022947,,1
OR.PA-management-noise-370,24,-0.033172,,1
OR.PA-management-noise-370,25,-0.008366,,1
OR.PA-management-noise-370,26,0.008985,,1
OR.PA-management-noise-370,27,0.014237,,1
OR.PA-management-noise-370,28,-0.010654,,1
OR.PA-management-noise-370,29,-0.029595,,1
OR.PA-management-noise-370,30,-0.040096,,1
OR.PA-management-noise-369,1,0.023482,,1
OR.PA-management-noise-369,2,0.007206,,1
OR.PA-management-noise-369,3,-0.012927,,1
OR.PA-management-noise-369,4,-0.013844,,1
OR.PA-management-noise-369,5,-0.001238,,1
OR.PA-management-noise-369,6,0.042866,,1
OR.PA-management-noise-369,7,0.036455,,1
OR.PA-management-noise-369,8,0.029445,,1
OR.PA-management-noise-369,9,0.040626,,1
OR.PA-management-noise-369,10,0.050351,,1
OR.PA-management-noise-369,11,0.060261,,1
OR.PA-management-noise-369,12,0.039051,,1
OR.PA-management-noise-369,13,0.041887,,1
OR.PA-management-noise-369,14,0.044311,,1
OR.PA-management-noise-369,15,0.035681,,1
OR.PA-management-noise-369,16,0.028624,,1
OR.PA-management-noise-369,17,0.022482,,1
OR.PA-management-noise-369,18,0.029382,,1
OR.PA-management-noise-369,19,0.000557,,1
OR.PA-management-noise-369,20,0.008876,,1
OR.PA-management-noise-369,21,0.029964,,1
OR.PA-management-noise-369,22,0.008348,,1
OR.PA-management-noise-369,23,-0.022947,,1
OR.PA-management-noise-369,24,-0.033172,,1
OR.PA-management-noise-369,25,-0.008366,,1
OR.PA-management-noise-369,26,0.008985,,1
OR.PA-management-noise-369,27,0.014237,,1
OR.PA-management-noise-369,28,-0.010654,,1
OR.PA-management-noise-369,29,-0.029595,,1
OR.PA-management-noise-369,30,-0.040096,,1
OR.PA-management-noise-368,1,0.023482,,1
OR.PA-management-noise-368,2,0.007206,,1
OR.PA-management-noise-368,3,-0.012927,,1
OR.PA-management-noise-368,4,-0.013844,,1
OR.PA-management-noise-368,5,-0.001238,,1
OR.PA-management-noise-368,6,0.042866,,1
OR.PA-management-noise-368,7,0.036455,,1
OR.PA-management-noise-368,8,0.029445,,1
OR.PA-management-noise-368,9,0.040626,,1
OR.PA-management-noise-368,10,0.050351,,1
OR.PA-management-noise-368,11,0.060261,,1
OR.PA-management-noise-368,12,0.039051,,1
OR.PA-management-noise-368,13,0.041887,,1
OR.PA-management-noise-368,14,0.044311,,1
OR.PA-management-noise-368,15,0.035681,,1
OR.PA-management-noise-368,16,0.028624,,1
OR.PA-management-noise-368,17,0.022482,,1
OR.PA-management-noise-368,18,0.029382,,1
OR.PA-management-noise-368,19,0.000557,,1
OR.PA-management-noise-368,20,0.008876,,1
OR.PA-management-noise-368,21,0.029964,,1
OR.PA-management-noise-368,22,0.008348,,1
OR.PA-management-noise-368,23,-0.022947,,1
OR.PA-management-noise-368,24,-0.033172,,1
OR.PA-management-noise-368,25,-0.008366,,1
OR.PA-management-noise-368,26,0.008985,,1
OR.PA-management-noise-368,27,0.014237,,1
OR.PA-management-noise-368,28,-0.010654,,1
OR.PA-management-noise-368,29,-0.029595,,1
OR.PA-management-noise-368,30,-0.040096,,1
OR.PA-management-noise-367,1,0.023482,,1
OR.PA-management-noise-367,2,0.007206,,1
OR.PA-management-noise-367,3,-0.012927,,1
OR.PA-management-noise-367,4,-0.013844,,1
OR.PA-management-noise-367,5,-0.001238,,1
OR.PA-management-noise-367,6,0.042866,,1
OR.PA-management-noise-367,7,0.036455,,1
OR.PA-management-noise-367,8,0.029445,,1
OR.PA-management-noise-367,9,0.040626,,1
OR.PA-management-noise-367,10,0.050351,,1
OR.PA-management-noise-367,11,0.060261,,1
OR.PA-management-noise-367,12,0.039051,,1
OR.PA-management-noise-367,13,0.041887,,1
OR.PA-management-noise-367,14,0.044311,,1
OR.PA-management-noise-367,15,0.035681,,1
OR.PA-management-noise-367,16,0.028624,,1
OR.PA-management-noise-367,17,0.022482,,1
OR.PA-management-noise-367,18,0.029382,,1
OR.PA-management-noise-367,19,0.000557,,1
OR.PA-management-noise-367,20,0.008876,,1
OR.PA-management-noise-367,21,0.029964,,1
OR.PA-management-noise-367,22,0.008348,,1
OR.PA-management-noise-367,23,-0.022947,,1
OR.PA-management-noise-367,24,-0.033172,,1
OR.PA-management-noise-367,25,-0.008366,,1
OR.PA-management-noise-367,26,0.008985,,1
OR.PA-management-noise-367,27,0.014237,,1
OR.PA-management-noise-367,28,-0.010654,,1
OR.PA-management-noise-367,29,-0.029595,,1
OR.PA-management-noise-367,30,-0.040096,,1
OR.PA-management-noise-361,1,0.023482,,1
OR.PA-management-noise-361,2,0.007206,,1
OR.PA-management-noise-361,3,-0.012927,,1
OR.PA-management-noise-361,4,-0.013844,,1
OR.PA-management-noise-361,5,-0.001238,,1
OR.PA-management-noise-361,6,0.042866,,1
OR.PA-management-noise-361,7,0.036455,,1
OR.PA-management-noise-361,8,0.029445,,1
OR.PA-management-noise-361,9,0.040626,,1
OR.PA-management-noise-361,10,0.050351,,1
OR.PA-management-noise-361,11,0.060261,,1
OR.PA-management-noise-361,12,0.039051,,1
OR.PA-management-noise-361,13,0.041887,,1
OR.PA-management-noise-361,14,0.044311,,1
OR.PA-management-noise-361,15,0.035681,,1
OR.PA-management-noise-361,16,0.028624,,1
OR.PA-management-noise-361,17,0.022482,,1
OR.PA-management-noise-361,18,0.029382,,1
OR.PA-management-noise-361,19,0.000557,,1
OR.PA-management-noise-361,20,0.008876,,1
OR.PA-management-noise-361,21,0.029964,,1
OR.PA-management-noise-361,22,0.008348,,1
OR.PA-management-noise-361,23,-0.022947,,1
OR.PA-management-noise-361,24,-0.033172,,1
OR.PA-management-noise-361,25,-0.008366,,1
OR.PA-management-noise-361,26,0.008985,,1
OR.PA-management-noise-361,27,0.014237,,1
OR.PA-management-noise-361,28,-0.010654,,1
OR.PA-management-noise-361,29,-0.029595,,1
OR.PA-management-noise-361,30,-0.040096,,1
OR.PA-management-noise-357,1,0.023482,,1
OR.PA-management-noise-357,2,0.007206,,1
OR.PA-management-noise-357,3,-0.012927,,1
OR.PA-management-noise-357,4,-0.013844,,1
OR.PA-management-noise-357,5,-0.001238,,1
OR.PA-management-noise-357,6,0.042866,,1
OR.PA-management-noise-357,7,0.036455,,1
OR.PA-management-noise-357,8,0.029445,,1
OR.PA-management-noise-357,9,0.040626,,1
OR.PA-management-noise-357,10,0.050351,,1
OR.PA-management-noise-357,11,0.060261,,1
OR.PA-management-noise-357,12,0.039051,,1
OR.PA-management-noise-357,13,0.041887,,1
OR.PA-management-noise-357,14,0.044311,,1
OR.PA-management-noise-357,15,0.035681,,1
OR.PA-management-noise-357,16,0.028624,,1
OR.PA-management-noise-357,17,0.022482,,1
OR.PA-management-noise-357,18,0.029382,,1
OR.PA-management-noise-357,19,0.000557,,1
OR.PA-management-noise-357,20,0.008876,,1
OR.PA-management-noise-357,21,0.029964,,1
OR.PA-management-noise-357,22,0.008348,,1
OR.PA-management-noise-357,23,-0.022947,,1
OR.PA-management-noise-357,24,-0.033172,,1
OR.PA-management-noise-357,25,-0.008366,,1
OR.PA-management-noise-357,26,0.008985,,1
OR.PA-management-noise-357,27,0.014237,,1
OR.PA-management-noise-357,28,-0.010654,,1
OR.PA-management-noise-357,29,-0.029595,,1
OR.PA-management-noise-357,30,-0.040096,,1
OR.PA-management-noise-356,1,0.023482,,1
OR.PA-management-noise-356,2,0.007206,,1
OR.PA-management-noise-356,3,-0.012927,,1
OR.PA-management-noise-356,4,-0.013844,,1
OR.PA-management-noise-356,5,-0.001238,,1
OR.PA-management-noise-356,6,0.042866,,1
OR.PA-management-noise-356,7,0.036455,,1
OR.PA-management-noise-356,8,0.029445,,1
OR.PA-management-noise-356,9,0.040626,,1
OR.PA-management-noise-356,10,0.050351,,1
OR.PA-management-noise-356,11,0.060261,,1
OR.PA-management-noise-356,12,0.039051,,1
OR.PA-management-noise-356,13,0.041887,,1
OR.PA-management-noise-356,14,0.044311,,1
OR.PA-management-noise-356,15,0.035681,,1
OR.PA-management-noise-356,16,0.028624,,1
OR.PA-management-noise-356,17,0.022482,,1
OR.PA-management-noise-356,18,0.029382,,1
OR.PA-management-noise-356,19,0.000557,,1
OR.PA-management-noise-356,20,0.008876,,1
OR.PA-management-noise-356,21,0.029964,,1
OR.PA-management-noise-356,22,0.008348,,1
OR.PA-management-noise-356,23,-0.022947,,1
OR.PA-management-noise-356,24,-0.033172,,1
OR.PA-management-noise-356,25,-0.008366,,1
OR.PA-management-noise-356,26,0.008985,,1
OR.PA-management-noise-356,27,0.014237,,1
OR.PA-management-noise-356,28,-0.010654,,1
OR.PA-management-noise-356,29,-0.029595,,1
OR.PA-management-noise-356,30,-0.040096,,1
OR.PA-management-noise-355,1,0.023482,,1
OR.PA-management-noise-355,2,0.007206,,1
OR.PA-management-noise-355,3,-0.012927,,1
OR.PA-management-noise-355,4,-0.013844,,1
OR.PA-management-noise-355,5,-0.001238,,1
OR.PA-management-noise-355,6,0.042866,,1
OR.PA-management-noise-355,7,0.036455,,1
OR.PA-management-noise-355,8,0.029445,,1
OR.PA-management-noise-355,9,0.040626,,1
OR.PA-management-noise-355,10,0.050351,,1
OR.PA-management-noise-355,11,0.060261,,1
OR.PA-management-noise-355,12,0.039051,,1
OR.PA-management-noise-355,13,0.041887,,1
OR.PA-management-noise-355,14,0.044311,,1
OR.PA-management-noise-355,15,0.035681,,1
OR.PA-management-noise-355,16,0.028624,,1
OR.PA-management-noise-355,17,0.022482,,1
OR.PA-management-noise-355,18,0.029382,,1
OR.PA-management-noise-355,19,0.000557,,1
OR.PA-management-noise-355,20,0.008876,,1
OR.PA-management-noise-355,21,0.029964,,1
OR.PA-management-noise-355,22,0.008348,,1
OR.PA-management-noise-355,23,-0.022947,,1
OR.PA-management-noise-355,24,-0.033172,,1
OR.PA-management-noise-355,25,-0.008366,,1
OR.PA-management-noise-355,26,0.008985,,1
OR.PA-management-noise-355,27,0.014237,,1
OR.PA-management-noise-355,28,-0.010654,,1
OR.PA-management-noise-355,29,-0.029595,,1
OR.PA-management-noise-355,30,-0.040096,,1
OR.PA-management-noise-354,1,0.023482,,1
OR.PA-management-noise-354,2,0.007206,,1
OR.PA-management-noise-354,3,-0.012927,,1
OR.PA-management-noise-354,4,-0.013844,,1
OR.PA-management-noise-354,5,-0.001238,,1
OR.PA-management-noise-354,6,0.042866,,1
OR.PA-management-noise-354,7,0.036455,,1
OR.PA-management-noise-354,8,0.029445,,1
OR.PA-management-noise-354,9,0.040626,,1
OR.PA-management-noise-354,10,0.050351,,1
OR.PA-management-noise-354,11,0.060261,,1
OR.PA-management-noise-354,12,0.039051,,1
OR.PA-management-noise-354,13,0.041887,,1
OR.PA-management-noise-354,14,0.044311,,1
OR.PA-management-noise-354,15,0.035681,,1
OR.PA-management-noise-354,16,0.028624,,1
OR.PA-management-noise-354,17,0.022482,,1
OR.PA-management-noise-354,18,0.029382,,1
OR.PA-management-noise-354,19,0.000557,,1
OR.PA-management-noise-354,20,0.008876,,1
OR.PA-management-noise-354,21,0.029964,,1
OR.PA-management-noise-354,22,0.008348,,1
OR.PA-management-noise-354,23,-0.022947,,1
OR.PA-management-noise-354,24,-0.033172,,1
OR.PA-management-noise-354,25,-0.008366,,1
OR.PA-management-noise-354,26,0.008985,,1
OR.PA-management-noise-354,27,0.014237,,1
OR.PA-management-noise-354,28,-0.010654,,1
OR.PA-management-noise-354,29,-0.029595,,1
OR.PA-management-noise-354,30,-0.040096,,1
OR.PA-management-noise-353,1,0.023482,,1
OR.PA-management-noise-353,2,0.007206,,1
OR.PA-management-noise-353,3,-0.012927,,1
OR.PA-management-noise-353,4,-0.013844,,1
OR.PA-management-noise-353,5,-0.001238,,1
OR.PA-management-noise-353,6,0.042866,,1
OR.PA-management-noise-353,7,0.036455,,1
OR.PA-management-noise-353,8,0.029445,,1
OR.PA-management-noise-353,9,0.040626,,1
OR.PA-management-noise-353,10,0.050351,,1
OR.PA-management-noise-353,11,0.060261,,1
OR.PA-management-noise-353,12,0.039051,,1
OR.PA-management-noise-353,13,0.041887,,1
OR.PA-management-noise-353,14,0.044311,,1
OR.PA-management-noise-353,15,0.035681,,1
OR.PA-management-noise-353,16,0.028624,,1
OR.PA-management-noise-353,17,0.022482,,1
OR.PA-management-noise-353,18,0.029382,,1
OR.PA-management-noise-353,19,0.000557,,1
OR.PA-management-noise-353,20,0.008876,,1
OR.PA-management-noise-353,21,0.029964,,1
OR.PA-management-noise-353,22,0.008348,,1
OR.PA-management-noise-353,23,-0.022947,,1
OR.PA-management-noise-353,24,-0.033172,,1
OR.PA-management-noise-353,25,-0.008366,,1
OR.PA-management-noise-353,26,0.008985,,1
OR.PA-management-noise-353,27,0.014237,,1
OR.PA-management-noise-353,28,-0.010654,,1
OR.PA-management-noise-353,29,-0.029595,,1
OR.PA-management-noise-353,30,-0.040096,,1
OR.PA-management-noise-348,1,-0.019569,,1
OR.PA-management-noise-348,2,-0.01915,,1
OR.PA-management-noise-348,3,-0.048859,,1
OR.PA-management-noise-348,4,-0.030757,,1
OR.PA-management-noise-348,5,-0.041956,,1
OR.PA-management-noise-348,6,-0.037325,,1
OR.PA-management-noise-348,7,-0.025198,,1
OR.PA-management-noise-348,8,-0.065089,,1
OR.PA-management-noise-348,9,-0.057915,,1
OR.PA-management-noise-348,10,-0.072527,,1
OR.PA-management-noise-348,11,-0.080302,,1
OR.PA-management-noise-348,12,-0.041445,,1
OR.PA-management-noise-348,13,-0.037927,,1
OR.PA-management-noise-348,14,-0.066668,,1
OR.PA-management-noise-348,15,-0.055293,,1
OR.PA-management-noise-348,16,-0.061069,,1
OR.PA-management-noise-348,17,-0.089517,,1
OR.PA-management-noise-348,18,-0.072889,,1
OR.PA-management-noise-348,19,-0.112777,,1
OR.PA-management-noise-348,20,-0.031218,,1
OR.PA-management-noise-348,21,-0.080182,,1
OR.PA-management-noise-348,22,-0.081398,,1
OR.PA-management-noise-348,23,-0.06021,,1
OR.PA-management-noise-348,24,-0.063281,,1
OR.PA-management-noise-348,25,-0.017401,,1
OR.PA-management-noise-348,26,-0.014347,,1
OR.PA-management-noise-348,27,-0.008677,,1
OR.PA-management-noise-348,28,-0.029156,,1
OR.PA-management-noise-348,29,-0.005773,,1
OR.PA-management-noise-348,30,-0.022147,,1
OR.PA-management-noise-347,1,-0.019569,,1
OR.PA-management-noise-347,2,-0.01915,,1
OR.PA-management-noise-347,3,-0.048859,,1
OR.PA-management-noise-347,4,-0.030757,,1
OR.PA-management-noise-347,5,-0.041956,,1
OR.PA-management-noise-347,6,-0.037325,,1
OR.PA-management-noise-347,7,-0.025198,,1
OR.PA-management-noise-347,8,-0.065089,,1
OR.PA-management-noise-347,9,-0.057915,,1
OR.PA-management-noise-347,10,-0.072527,,1
OR.PA-management-noise-347,11,-0.080302,,1
OR.PA-management-noise-347,12,-0.041445,,1
OR.PA-management-noise-347,13,-0.037927,,1
OR.PA-management-noise-347,14,-0.066668,,1
OR.PA-management-noise-347,15,-0.055293,,1
OR.PA-management-noise-347,16,-0.061069,,1
OR.PA-management-noise-347,17,-0.089517,,1
OR.PA-management-noise-347,18,-0.072889,,1
OR.PA-management-noise-347,19,-0.112777,,1
OR.PA-management-noise-347,20,-0.031218,,1
OR.PA-management-noise-347,21,-0.080182,,1
OR.PA-management-noise-347,22,-0.081398,,1
OR.PA-management-noise-347,23,-0.06021,,1
OR.PA-management-noise-347,24,-0.063281,,1
OR.PA-management-noise-347,25,-0.017401,,1
OR.PA-management-noise-347,26,-0.014347,,1
OR.PA-management-noise-347,27,-0.008677,,1
OR.PA-management-noise-347,28,-0.029156,,1
OR.PA-management-noise-347,29,-0.005773,,1
OR.PA-management-noise-347,30,-0.022147,,1
OR.PA-management-noise-329,1,-0.019569,,1
OR.PA-management-noise-329,2,-0.01915,,1
OR.PA-management-noise-329,3,-0.048859,,1
OR.PA-management-noise-329,4,-0.030757,,1
OR.PA-management-noise-329,5,-0.041956,,1
OR.PA-management-noise-329,6,-0.037325,,1
OR.PA-management-noise-329,7,-0.025198,,1
OR.PA-management-noise-329,8,-0.065089,,1
OR.PA-management-noise-329,9,-0.057915,,1
OR.PA-management-noise-329,10,-0.072527,,1
OR.PA-management-noise-329,11,-0.080302,,1
OR.PA-management-noise-329,12,-0.041445,,1
OR.PA-management-noise-329,13,-0.037927,,1
OR.PA-management-noise-329,14,-0.066668,,1
OR.PA-management-noise-329,15,-0.055293,,1
OR.PA-management-noise-329,16,-0.061069,,1
OR.PA-management-noise-329,17,-0.089517,,1
OR.PA-management-noise-329,18,-0.072889,,1
OR.PA-management-noise-329,19,-0.112777,,1
OR.PA-management-noise-329,20,-0.031218,,1
OR.PA-management-noise-329,21,-0.080182,,1
OR.PA-management-noise-329,22,-0.081398,,1
OR.PA-management-noise-329,23,-0.06021,,1
OR.PA-management-noise-329,24,-0.063281,,1
OR.PA-management-noise-329,25,-0.017401,,1
OR.PA-management-noise-329,26,-0.014347,,1
OR.PA-management-noise-329,27,-0.008677,,1
OR.PA-management-noise-329,28,-0.029156,,1
OR.PA-management-noise-329,29,-0.005773,,1
OR.PA-management-noise-329,30,-0.022147,,1
OR.PA-management-noise-328,1,-0.019569,,1
OR.PA-management-noise-328,2,-0.01915,,1
OR.PA-management-noise-328,3,-0.048859,,1
OR.PA-management-noise-328,4,-0.030757,,1
OR.PA-management-noise-328,5,-0.041956,,1
OR.PA-management-noise-328,6,-0.037325,,1
OR.PA-management-noise-328,7,-0.025198,,1
OR.PA-management-noise-328,8,-0.065089,,1
OR.PA-management-noise-328,9,-0.057915,,1
OR.PA-management-noise-328,10,-0.072527,,1
OR.PA-management-noise-328,11,-0.080302,,1
OR.PA-management-noise-328,12,-0.041445,,1
OR.PA-management-noise-328,13,-0.037927,,1
OR.PA-management-noise-328,14,-0.066668,,1
OR.PA-management-noise-328,15,-0.055293,,1
OR.PA-management-noise-328,16,-0.061069,,1
OR.PA-management-noise-328,17,-0.089517,,1
OR.PA-management-noise-328,18,-0.072889,,1
OR.PA-management-noise-328,19,-0.112777,,1
OR.PA-management-noise-328,20,-0.031218,,1
OR.PA-management-noise-328,21,-0.080182,,1
OR.PA-management-noise-328,22,-0.081398,,1
OR.PA-management-noise-328,23,-0.06021,,1
OR.PA-management-noise-328,24,-0.063281,,1
OR.PA-management-noise-328,25,-0.017401,,1
OR.PA-management-noise-328,26,-0.014347,,1
OR.PA-management-noise-328,27,-0.008677,,1
OR.PA-management-noise-328,28,-0.029156,,1
OR.PA-management-noise-328,29,-0.005773,,1
OR.PA-management-noise-328,30,-0.022147,,1
OR.PA-management-noise-326,1,-0.019569,,1
OR.PA-management-noise-326,2,-0.01915,,1
OR.PA-management-noise-326,3,-0.048859,,1
OR.PA-management-noise-326,4,-0.030757,,1
OR.PA-management-noise-326,5,-0.041956,,1
OR.PA-management-noise-326,6,-0.037325,,1
OR.PA-management-noise-326,7,-0.025198,,1
OR.PA-management-noise-326,8,-0.065089,,1
OR.PA-management-noise-326,9,-0.057915,,1
OR.PA-management-noise-326,10,-0.072527,,1
OR.PA-management-noise-326,11,-0.080302,,1
OR.PA-management-noise-326,12,-0.041445,,1
OR.PA-management-noise-326,13,-0.037927,,1
OR.PA-management-noise-326,14,-0.066668,,1
OR.PA-management-noise-326,15,-0.055293,,1
OR.PA-management-noise-326,16,-0.061069,,1
OR.PA-management-noise-326,17,-0.089517,,1
OR.PA-management-noise-326,18,-0.072889,,1
OR.PA-management-noise-326,19,-0.112777,,1
OR.PA-management-noise-326,20,-0.031218,,1
OR.PA-management-noise-326,21,-0.080182,,1
OR.PA-management-noise-326,22,-0.081398,,1
OR.PA-management-noise-326,23,-0.06021,,1
OR.PA-management-noise-326,24,-0.063281,,1
OR.PA-management-noise-326,25,-0.017401,,1
OR.PA-management-noise-326,26,-0.014347,,1
OR.PA-management-noise-326,27,-0.008677,,1
OR.PA-management-noise-326,28,-0.029156,,1
OR.PA-management-noise-326,29,-0.005773,,1
OR.PA-management-noise-326,30,-0.022147,,1
OR.PA-management-noise-325,1,-0.019569,,1
OR.PA-management-noise-325,2,-0.01915,,1
OR.PA-management-noise-325,3,-0.048859,,1
OR.PA-management-noise-325,4,-0.030757,,1
OR.PA-management-noise-325,5,-0.041956,,1
OR.PA-management-noise-325,6,-0.037325,,1
OR.PA-management-noise-325,7,-0.025198,,1
OR.PA-management-noise-325,8,-0.065089,,1
OR.PA-management-noise-325,9,-0.057915,,1
OR.PA-management-noise-325,10,-0.072527,,1
OR.PA-management-noise-325,11,-0.080302,,1
OR.PA-management-noise-325,12,-0.041445,,1
OR.PA-management-noise-325,13,-0.037927,,1
OR.PA-management-noise-325,14,-0.066668,,1
OR.PA-management-noise-325,15,-0.055293,,1
OR.PA-management-noise-325,16,-0.061069,,1
OR.PA-management-noise-325,17,-0.089517,,1
OR.PA-management-noise-325,18,-0.072889,,1
OR.PA-management-noise-325,19,-0.112777,,1
OR.PA-management-noise-325,20,-0.031218,,1
OR.PA-management-noise-325,21,-0.080182,,1
OR.PA-management-noise-325,22,-0.081398,,1
OR.PA-management-noise-325,23,-0.06021,,1
OR.PA-management-noise-325,24,-0.063281,,1
OR.PA-management-noise-325,25,-0.017401,,1
OR.PA-management-noise-325,26,-0.014347,,1
OR.PA-management-noise-325,27,-0.008677,,1
OR.PA-management-noise-325,28,-0.029156,,1
OR.PA-management-noise-325,29,-0.005773,,1
OR.PA-management-noise-325,30,-0.022147,,1
OR.PA-management-noise-322,1,-0.019569,,1
OR.PA-management-noise-322,2,-0.01915,,1
OR.PA-management-noise-322,3,-0.048859,,1
OR.PA-management-noise-322,4,-0.030757,,1
OR.PA-management-noise-322,5,-0.041956,,1
OR.PA-management-noise-322,6,-0.037325,,1
OR.PA-management-noise-322,7,-0.025198,,1
OR.PA-management-noise-322,8,-0.065089,,1
OR.PA-management-noise-322,9,-0.057915,,1
OR.PA-management-noise-322,10,-0.072527,,1
OR.PA-management-noise-322,11,-0.080302,,1
OR.PA-management-noise-322,12,-0.041445,,1
OR.PA-management-noise-322,13,-0.037927,,1
OR.PA-management-noise-322,14,-0.066668,,1
OR.PA-management-noise-322,15,-0.055293,,1
OR.PA-management-noise-322,16,-0.061069,,1
OR.PA-management-noise-322,17,-0.089517,,1
OR.PA-management-noise-322,18,-0.072889,,1
OR.PA-management-noise-322,19,-0.112777,,1
OR.PA-management-noise-322,20,-0.031218,,1
OR.PA-management-noise-322,21,-0.080182,,1
OR.PA-management-noise-322,22,-0.081398,,1
OR.PA-management-noise-322,23,-0.06021,,1
OR.PA-management-noise-322,24,-0.063281,,1
OR.PA-management-noise-322,25,-0.017401,,1
OR.PA-management-noise-322,26,-0.014347,,1
OR.PA-management-noise-322,27,-0.008677,,1
OR.PA-management-noise-322,28,-0.029156,,1
OR.PA-management-noise-322,29,-0.005773,,1
OR.PA-management-noise-322,30,-0.022147,,1
OR.PA-management-noise-319,1,-0.019569,,1
OR.PA-management-noise-319,2,-0.01915,,1
OR.PA-management-noise-319,3,-0.048859,,1
OR.PA-management-noise-319,4,-0.030757,,1
OR.PA-management-noise-319,5,-0.041956,,1
OR.PA-management-noise-319,6,-0.037325,,1
OR.PA-management-noise-319,7,-0.025198,,1
OR.PA-management-noise-319,8,-0.065089,,1
OR.PA-management-noise-319,9,-0.057915,,1
OR.PA-management-noise-319,10,-0.072527,,1
OR.PA-management-noise-319,11,-0.080302,,1
OR.PA-management-noise-319,12,-0.041445,,1
OR.PA-management-noise-319,13,-0.037927,,1
OR.PA-management-noise-319,14,-0.066668,,1
OR.PA-management-noise-319,15,-0.055293,,1
OR.PA-management-noise-319,16,-0.061069,,1
OR.PA-management-noise-319,17,-0.089517,,1
OR.PA-management-noise-319,18,-0.072889,,1
OR.PA-management-noise-319,19,-0.112777,,1
OR.PA-management-noise-319,20,-0.031218,,1
OR.PA-management-noise-319,21,-0.080182,,1
OR.PA-management-noise-319,22,-0.081398,,1
OR.PA-management-noise-319,23,-0.06021,,1
OR.PA-management-noise-319,24,-0.063281,,1
OR.PA-management-noise-319,25,-0.017401,,1
OR.PA-management-noise-319,26,-0.014347,,1
OR.PA-management-noise-319,27,-0.008677,,1
OR.PA-management-noise-319,28,-0.029156,,1
OR.PA-management-noise-319,29,-0.005773,,1
OR.PA-management-noise-319,30,-0.022147,,1
OR.PA-management-noise-318,1,-0.019569,,1
OR.PA-management-noise-318,2,-0.01915,,1
OR.PA-management-noise-318,3,-0.048859,,1
OR.PA-management-noise-318,4,-0.030757,,1
OR.PA-management-noise-318,5,-0.041956,,1
OR.PA-management-noise-318,6,-0.037325,,1
OR.PA-management-noise-318,7,-0.025198,,1
OR.PA-management-noise-318,8,-0.065089,,1
OR.PA-management-noise-318,9,-0.057915,,1
OR.PA-management-noise-318,10,-0.072527,,1
OR.PA-management-noise-318,11,-0.080302,,1
OR.PA-management-noise-318,12,-0.041445,,1
OR.PA-management-noise-318,13,-0.037927,,1
OR.PA-management-noise-318,14,-0.066668,,1
OR.PA-management-noise-318,15,-0.055293,,1
OR.PA-management-noise-318,16,-0.061069,,1
OR.PA-management-noise-318,17,-0.089517,,1
OR.PA-management-noise-318,18,-0.072889,,1
OR.PA-management-noise-318,19,-0.112777,,1
OR.PA-management-noise-318,20,-0.031218,,1
OR.PA-management-noise-318,21,-0.080182,,1
OR.PA-management-noise-318,22,-0.081398,,1
OR.PA-management-noise-318,23,-0.06021,,1
OR.PA-management-noise-318,24,-0.063281,,1
OR.PA-management-noise-318,25,-0.017401,,1
OR.PA-management-noise-318,26,-0.014347,,1
OR.PA-management-noise-318,27,-0.008677,,1
OR.PA-management-noise-318,28,-0.029156,,1
OR.PA-management-noise-318,29,-0.005773,,1
OR.PA-management-noise-318,30,-0.022147,,1
OR.PA-management-noise-317,1,-0.019569,,1
OR.PA-management-noise-317,2,-0.01915,,1
OR.PA-management-noise-317,3,-0.048859,,1
OR.PA-management-noise-317,4,-0.030757,,1
OR.PA-management-noise-317,5,-0.041956,,1
OR.PA-management-noise-317,6,-0.037325,,1
OR.PA-management-noise-317,7,-0.025198,,1
OR.PA-management-noise-317,8,-0.065089,,1
OR.PA-management-noise-317,9,-0.057915,,1
OR.PA-management-noise-317,10,-0.072527,,1
OR.PA-management-noise-317,11,-0.080302,,1
OR.PA-management-noise-317,12,-0.041445,,1
OR.PA-management-noise-317,13,-0.037927,,1
OR.PA-management-noise-317,14,-0.066668,,1
OR.PA-management-noise-317,15,-0.055293,,1
OR.PA-management-noise-317,16,-0.061069,,1
OR.PA-management-noise-317,17,-0.089517,,1
OR.PA-management-noise-317,18,-0.072889,,1
OR.PA-management-noise-317,19,-0.112777,,1
OR.PA-management-noise-317,20,-0.031218,,1
OR.PA-management-noise-317,21,-0.080182,,1
OR.PA-management-noise-317,22,-0.081398,,1
OR.PA-management-noise-317,23,-0.06021,,1
OR.PA-management-noise-317,24,-0.063281,,1
OR.PA-management-noise-317,25,-0.017401,,1
OR.PA-management-noise-317,26,-0.014347,,1
OR.PA-management-noise-317,27,-0.008677,,1
OR.PA-management-noise-317,28,-0.029156,,1
OR.PA-management-noise-317,29,-0.005773,,1
OR.PA-management-noise-317,30,-0.022147,,1
OR.PA-management-noise-316,1,-0.019569,,1
OR.PA-management-noise-316,2,-0.01915,,1
OR.PA-management-noise-316,3,-0.048859,,1
OR.PA-management-noise-316,4,-0.030757,,1
OR.PA-management-noise-316,5,-0.041956,,1
OR.PA-management-noise-316,6,-0.037325,,1
OR.PA-management-noise-316,7,-0.025198,,1
OR.PA-management-noise-316,8,-0.065089,,1
OR.PA-management-noise-316,9,-0.057915,,1
OR.PA-management-noise-316,10,-0.072527,,1
OR.PA-management-noise-316,11,-0.080302,,1
OR.PA-management-noise-316,12,-0.041445,,1
OR.PA-management-noise-316,13,-0.037927,,1
OR.PA-management-noise-316,14,-0.066668,,1
OR.PA-management-noise-316,15,-0.055293,,1
OR.PA-management-noise-316,16,-0.061069,,1
OR.PA-management-noise-316,17,-0.089517,,1
OR.PA-management-noise-316,18,-0.072889,,1
OR.PA-management-noise-316,19,-0.112777,,1
OR.PA-management-noise-316,20,-0.031218,,1
OR.PA-management-noise-316,21,-0.080182,,1
OR.PA-management-noise-316,22,-0.081398,,1
OR.PA-management-noise-316,23,-0.06021,,1
OR.PA-management-noise-316,24,-0.063281,,1
OR.PA-management-noise-316,25,-0.017401,,1
OR.PA-management-noise-316,26,-0.014347,,1
OR.PA-management-noise-316,27,-0.008677,,1
OR.PA-management-noise-316,28,-0.029156,,1
OR.PA-management-noise-316,29,-0.005773,,1
OR.PA-management-noise-316,30,-0.022147,,1
OR.PA-management-noise-315,1,-0.019569,,1
OR.PA-management-noise-315,2,-0.01915,,1
OR.PA-management-noise-315,3,-0.048859,,1
OR.PA-management-noise-315,4,-0.030757,,1
OR.PA-management-noise-315,5,-0.041956,,1
OR.PA-management-noise-315,6,-0.037325,,1
OR.PA-management-noise-315,7,-0.025198,,1
OR.PA-management-noise-315,8,-0.065089,,1
OR.PA-management-noise-315,9,-0.057915,,1
OR.PA-management-noise-315,10,-0.072527,,1
OR.PA-management-noise-315,11,-0.080302,,1
OR.PA-management-noise-315,12,-0.041445,,1
OR.PA-management-noise-315,13,-0.037927,,1
OR.PA-management-noise-315,14,-0.066668,,1
OR.PA-management-noise-315,15,-0.055293,,1
OR.PA-management-noise-315,16,-0.061069,,1
OR.PA-management-noise-315,17,-0.089517,,1
OR.PA-management-noise-315,18,-0.072889,,1
OR.PA-management-noise-315,19,-0.112777,,1
OR.PA-management-noise-315,20,-0.031218,,1
OR.PA-management-noise-315,21,-0.080182,,1
OR.PA-management-noise-315,22,-0.081398,,1
OR.PA-management-noise-315,23,-0.06021,,1
OR.PA-management-noise-315,24,-0.063281,,1
OR.PA-management-noise-315,25,-0.017401,,1
OR.PA-management-noise-315,26,-0.014347,,1
OR.PA-management-noise-315,27,-0.008677,,1
OR.PA-management-noise-315,28,-0.029156,,1
OR.PA-management-noise-315,29,-0.005773,,1
OR.PA-management-noise-315,30,-0.022147,,1
OR.PA-management-noise-314,1,-0.019569,,1
OR.PA-management-noise-314,2,-0.01915,,1
OR.PA-management-noise-314,3,-0.048859,,1
OR.PA-management-noise-314,4,-0.030757,,1
OR.PA-management-noise-314,5,-0.041956,,1
OR.PA-management-noise-314,6,-0.037325,,1
OR.PA-management-noise-314,7,-0.025198,,1
OR.PA-management-noise-314,8,-0.065089,,1
OR.PA-management-noise-314,9,-0.057915,,1
OR.PA-management-noise-314,10,-0.072527,,1
OR.PA-management-noise-314,11,-0.080302,,1
OR.PA-management-noise-314,12,-0.041445,,1
OR.PA-management-noise-314,13,-0.037927,,1
OR.PA-management-noise-314,14,-0.066668,,1
OR.PA-management-noise-314,15,-0.055293,,1
OR.PA-management-noise-314,16,-0.061069,,1
OR.PA-management-noise-314,17,-0.089517,,1
OR.PA-management-noise-314,18,-0.072889,,1
OR.PA-management-noise-314,19,-0.112777,,1
OR.PA-management-noise-314,20,-0.031218,,1
OR.PA-management-noise-314,21,-0.080182,,1
OR.PA-management-noise-314,22,-0.081398,,1
OR.PA-management-noise-314,23,-0.06021,,1
OR.PA-management-noise-314,24,-0.063281,,1
OR.PA-management-noise-314,25,-0.017401,,1
OR.PA-management-noise-314,26,-0.014347,,1
OR.PA-management-noise-314,27,-0.008677,,1
OR.PA-management-noise-314,28,-0.029156,,1
OR.PA-management-noise-314,29,-0.005773,,1
OR.PA-management-noise-314,30,-0.022147,,1
OR.PA-management-noise-313,1,-0.019569,,1
OR.PA-management-noise-313,2,-0.01915,,1
OR.PA-management-noise-313,3,-0.048859,,1
OR.PA-management-noise-313,4,-0.030757,,1
OR.PA-management-noise-313,5,-0.041956,,1
OR.PA-management-noise-313,6,-0.037325,,1
OR.PA-management-noise-313,7,-0.025198,,1
OR.PA-management-noise-313,8,-0.065089,,1
OR.PA-management-noise-313,9,-0.057915,,1
OR.PA-management-noise-313,10,-0.072527,,1
OR.PA-management-noise-313,11,-0.080302,,1
OR.PA-management-noise-313,12,-0.041445,,1
OR.PA-management-noise-313,13,-0.037927,,1
OR.PA-management-noise-313,14,-0.066668,,1
OR.PA-management-noise-313,15,-0.055293,,1
OR.PA-management-noise-313,16,-0.061069,,1
OR.PA-management-noise-313,17,-0.089517,,1
OR.PA-management-noise-313,18,-0.072889,,1
OR.PA-management-noise-313,19,-0.112777,,1
OR.PA-management-noise-313,20,-0.031218,,1
OR.PA-management-noise-313,21,-0.080182,,1
OR.PA-management-noise-313,22,-0.081398,,1
OR.PA-management-noise-313,23,-0.06021,,1
OR.PA-management-noise-313,24,-0.063281,,1
OR.PA-management-noise-313,25,-0.017401,,1
OR.PA-management-noise-313,26,-0.014347,,1
OR.PA-management-noise-313,27,-0.008677,,1
OR.PA-management-noise-313,28,-0.029156,,1
OR.PA-management-noise-313,29,-0.005773,,1
OR.PA-management-noise-313,30,-0.022147,,1
OR.PA-management-noise-312,1,-0.019569,,1
OR.PA-management-noise-312,2,-0.01915,,1
OR.PA-management-noise-312,3,-0.048859,,1
OR.PA-management-noise-312,4,-0.030757,,1
OR.PA-management-noise-312,5,-0.041956,,1
OR.PA-management-noise-312,6,-0.037325,,1
OR.PA-management-noise-312,7,-0.025198,,1
OR.PA-management-noise-312,8,-0.065089,,1
OR.PA-management-noise-312,9,-0.057915,,1
OR.PA-management-noise-312,10,-0.072527,,1
OR.PA-management-noise-312,11,-0.080302,,1
OR.PA-management-noise-312,12,-0.041445,,1
OR.PA-management-noise-312,13,-0.037927,,1
OR.PA-management-noise-312,14,-0.066668,,1
OR.PA-management-noise-312,15,-0.055293,,1
OR.PA-management-noise-312,16,-0.061069,,1
OR.PA-management-noise-312,17,-0.089517,,1
OR.PA-management-noise-312,18,-0.072889,,1
OR.PA-management-noise-312,19,-0.112777,,1
OR.PA-management-noise-312,20,-0.031218,,1
OR.PA-management-noise-312,21,-0.080182,,1
OR.PA-management-noise-312,22,-0.081398,,1
OR.PA-management-noise-312,23,-0.06021,,1
OR.PA-management-noise-312,24,-0.063281,,1
OR.PA-management-noise-312,25,-0.017401,,1
OR.PA-management-noise-312,26,-0.014347,,1
OR.PA-management-noise-312,27,-0.008677,,1
OR.PA-management-noise-312,28,-0.029156,,1
OR.PA-management-noise-312,29,-0.005773,,1
OR.PA-management-noise-312,30,-0.022147,,1
OR.PA-management-noise-311,1,-0.019569,,1
OR.PA-management-noise-311,2,-0.01915,,1
OR.PA-management-noise-311,3,-0.048859,,1
OR.PA-management-noise-311,4,-0.030757,,1
OR.PA-management-noise-311,5,-0.041956,,1
OR.PA-management-noise-311,6,-0.037325,,1
OR.PA-management-noise-311,7,-0.025198,,1
OR.PA-management-noise-311,8,-0.065089,,1
OR.PA-management-noise-311,9,-0.057915,,1
OR.PA-management-noise-311,10,-0.072527,,1
OR.PA-management-noise-311,11,-0.080302,,1
OR.PA-management-noise-311,12,-0.041445,,1
OR.PA-management-noise-311,13,-0.037927,,1
OR.PA-management-noise-311,14,-0.066668,,1
OR.PA-management-noise-311,15,-0.055293,,1
OR.PA-management-noise-311,16,-0.061069,,1
OR.PA-management-noise-311,17,-0.089517,,1
OR.PA-management-noise-311,18,-0.072889,,1
OR.PA-management-noise-311,19,-0.112777,,1
OR.PA-management-noise-311,20,-0.031218,,1
OR.PA-management-noise-311,21,-0.080182,,1
OR.PA-management-noise-311,22,-0.081398,,1
OR.PA-management-noise-311,23,-0.06021,,1
OR.PA-management-noise-311,24,-0.063281,,1
OR.PA-management-noise-311,25,-0.017401,,1
OR.PA-management-noise-311,26,-0.014347,,1
OR.PA-management-noise-311,27,-0.008677,,1
OR.PA-management-noise-311,28,-0.029156,,1
OR.PA-management-noise-311,29,-0.005773,,1
OR.PA-management-noise-311,30,-0.022147,,1
OR.PA-management-noise-310,1,-0.019569,,1
OR.PA-management-noise-310,2,-0.01915,,1
OR.PA-management-noise-310,3,-0.048859,,1
OR.PA-management-noise-310,4,-0.030757,,1
OR.PA-management-noise-310,5,-0.041956,,1
OR.PA-management-noise-310,6,-0.037325,,1
OR.PA-management-noise-310,7,-0.025198,,1
OR.PA-management-noise-310,8,-0.065089,,1
OR.PA-management-noise-310,9,-0.057915,,1
OR.PA-management-noise-310,10,-0.072527,,1
OR.PA-management-noise-310,11,-0.080302,,1
OR.PA-management-noise-310,12,-0.041445,,1
OR.PA-management-noise-310,13,-0.037927,,1
OR.PA-management-noise-310,14,-0.066668,,1
OR.PA-management-noise-310,15,-0.055293,,1
OR.PA-management-noise-310,16,-0.061069,,1
OR.PA-management-noise-310,17,-0.089517,,1
OR.PA-management-noise-310,18,-0.072889,,1
OR.PA-management-noise-310,19,-0.112777,,1
OR.PA-management-noise-310,20,-0.031218,,1
OR.PA-management-noise-310,21,-0.080182,,1
OR.PA-management-noise-310,22,-0.081398,,1
OR.PA-management-noise-310,23,-0.06021,,1
OR.PA-management-noise-310,24,-0.063281,,1
OR.PA-management-noise-310,25,-0.017401,,1
OR.PA-management-noise-310,26,-0.014347,,1
OR.PA-management-noise-310,27,-0.008677,,1
OR.PA-management-noise-310,28,-0.029156,,1
OR.PA-management-noise-310,29,-0.005773,,1
OR.PA-management-noise-310,30,-0.022147,,1
OR.PA-management-noise-309,1,-0.019569,,1
OR.PA-management-noise-309,2,-0.01915,,1
OR.PA-management-noise-309,3,-0.048859,,1
OR.PA-management-noise-309,4,-0.030757,,1
OR.PA-management-noise-309,5,-0.041956,,1
OR.PA-management-noise-309,6,-0.037325,,1
OR.PA-management-noise-309,7,-0.025198,,1
OR.PA-management-noise-309,8,-0.065089,,1
OR.PA-management-noise-309,9,-0.057915,,1
OR.PA-management-noise-309,10,-0.072527,,1
OR.PA-management-noise-309,11,-0.080302,,1
OR.PA-management-noise-309,12,-0.041445,,1
OR.PA-management-noise-309,13,-0.037927,,1
OR.PA-management-noise-309,14,-0.066668,,1
OR.PA-management-noise-309,15,-0.055293,,1
OR.PA-management-noise-309,16,-0.061069,,1
OR.PA-management-noise-309,17,-0.089517,,1
OR.PA-management-noise-309,18,-0.072889,,1
OR.PA-management-noise-309,19,-0.112777,,1
OR.PA-management-noise-309,20,-0.031218,,1
OR.PA-management-noise-309,21,-0.080182,,1
OR.PA-management-noise-309,22,-0.081398,,1
OR.PA-management-noise-309,23,-0.06021,,1
OR.PA-management-noise-309,24,-0.063281,,1
OR.PA-management-noise-309,25,-0.017401,,1
OR.PA-management-noise-309,26,-0.014347,,1
OR.PA-management-noise-309,27,-0.008677,,1
OR.PA-management-noise-309,28,-0.029156,,1
OR.PA-management-noise-309,29,-0.005773,,1
OR.PA-management-noise-309,30,-0.022147,,1
OR.PA-management-noise-283,1,0.021145,,1
OR.PA-management-noise-283,2,0.01864,,1
OR.PA-management-noise-283,3,0.044051,,1
OR.PA-management-noise-283,4,0.039513,,1
OR.PA-management-noise-283,5,0.034371,,1
OR.PA-management-noise-283,6,0.041938,,1
OR.PA-management-noise-283,7,0.038142,,1
OR.PA-management-noise-283,8,0.047701,,1
OR.PA-management-noise-283,9,0.028155,,1
OR.PA-management-noise-283,10,0.03382,,1
OR.PA-management-noise-283,11,0.028979,,1
OR.PA-management-noise-283,12,0.042535,,1
OR.PA-management-noise-283,13,0.056166,,1
OR.PA-management-noise-283,14,0.048528,,1
OR.PA-management-noise-283,15,0.039536,,1
OR.PA-management-noise-283,16,0.030834,,1
OR.PA-management-noise-283,17,0.037982,,1
OR.PA-management-noise-283,18,0.048858,,1
OR.PA-management-noise-283,19,0.043478,,1
OR.PA-management-noise-283,20,0.053827,,1
OR.PA-management-noise-283,21,0.040308,,1
OR.PA-management-noise-283,22,0.052693,,1
OR.PA-management-noise-283,23,0.056304,,1
OR.PA-management-noise-283,24,0.06161,,1
OR.PA-management-noise-283,25,0.067584,,1
OR.PA-management-noise-283,26,0.049265,,1
OR.PA-management-noise-283,27,0.047831,,1
OR.PA-management-noise-283,28,0.057742,,1
OR.PA-management-noise-283,29,0.062859,,1
OR.PA-management-noise-283,30,0.070473,,1
OR.PA-management-noise-282,1,0.021145,,1
OR.PA-management-noise-282,2,0.01864,,1
OR.PA-management-noise-282,3,0.044051,,1
OR.PA-management-noise-282,4,0.039513,,1
OR.PA-management-noise-282,5,0.034371,,1
OR.PA-management-noise-282,6,0.041938,,1
OR.PA-management-noise-282,7,0.038142,,1
OR.PA-management-noise-282,8,0.047701,,1
OR.PA-management-noise-282,9,0.028155,,1
OR.PA-management-noise-282,10,0.03382,,1
OR.PA-management-noise-282,11,0.028979,,1
OR.PA-management-noise-282,12,0.042535,,1
OR.PA-management-noise-282,13,0.056166,,1
OR.PA-management-noise-282,14,0.048528,,1
OR.PA-management-noise-282,15,0.039536,,1
OR.PA-management-noise-282,16,0.030834,,1
OR.PA-management-noise-282,17,0.037982,,1
OR.PA-management-noise-282,18,0.048858,,1
OR.PA-management-noise-282,19,0.043478,,1
OR.PA-management-noise-282,20,0.053827,,1
OR.PA-management-noise-282,21,0.040308,,1
OR.PA-management-noise-282,22,0.052693,,1
OR.PA-management-noise-282,23,0.056304,,1
OR.PA-management-noise-282,24,0.06161,,1
OR.PA-management-noise-282,25,0.067584,,1
OR.PA-management-noise-282,26,0.049265,,1
OR.PA-management-noise-282,27,0.047831,,1
OR.PA-management-noise-282,28,0.057742,,1
OR.PA-management-noise-282,29,0.062859,,1
OR.PA-management-noise-282,30,0.070473,,1
OR.PA-management-noise-281,1,0.021145,,1
OR.PA-management-noise-281,2,0.01864,,1
OR.PA-management-noise-281,3,0.044051,,1
OR.PA-management-noise-281,4,0.039513,,1
OR.PA-management-noise-281,5,0.034371,,1
OR.PA-management-noise-281,6,0.041938,,1
OR.PA-management-noise-281,7,0.038142,,1
OR.PA-management-noise-281,8,0.047701,,1
OR.PA-management-noise-281,9,0.028155,,1
OR.PA-management-noise-281,10,0.03382,,1
OR.PA-management-noise-281,11,0.028979,,1
OR.PA-management-noise-281,12,0.042535,,1
OR.PA-management-noise-281,13,0.056166,,1
OR.PA-management-noise-281,14,0.048528,,1
OR.PA-management-noise-281,15,0.039536,,1
OR.PA-management-noise-281,16,0.030834,,1
OR.PA-management-noise-281,17,0.037982,,1
OR.PA-management-noise-281,18,0.048858,,1
OR.PA-management-noise-281,19,0.043478,,1
OR.PA-management-noise-281,20,0.053827,,1
OR.PA-management-noise-281,21,0.040308,,1
OR.PA-management-noise-281,22,0.052693,,1
OR.PA-management-noise-281,23,0.056304,,1
OR.PA-management-noise-281,24,0.06161,,1
OR.PA-management-noise-281,25,0.067584,,1
OR.PA-management-noise-281,26,0.049265,,1
OR.PA-management-noise-281,27,0.047831,,1
OR.PA-management-noise-281,28,0.057742,,1
OR.PA-management-noise-281,29,0.062859,,1
OR.PA-management-noise-281,30,0.070473,,1
OR.PA-management-noise-280,1,0.021145,,1
OR.PA-management-noise-280,2,0.01864,,1
OR.PA-management-noise-280,3,0.044051,,1
OR.PA-management-noise-280,4,0.039513,,1
OR.PA-management-noise-280,5,0.034371,,1
OR.PA-management-noise-280,6,0.041938,,1
OR.PA-management-noise-280,7,0.038142,,1
OR.PA-management-noise-280,8,0.047701,,1
OR.PA-management-noise-280,9,0.028155,,1
OR.PA-management-noise-280,10,0.03382,,1
OR.PA-management-noise-280,11,0.028979,,1
OR.PA-management-noise-280,12,0.042535,,1
OR.PA-management-noise-280,13,0.056166,,1
OR.PA-management-noise-280,14,0.048528,,1
OR.PA-management-noise-280,15,0.039536,,1
OR.PA-management-noise-280,16,0.030834,,1
OR.PA-management-noise-280,17,0.037982,,1
OR.PA-management-noise-280,18,0.048858,,1
OR.PA-management-noise-280,19,0.043478,,1
OR.PA-management-noise-280,20,0.053827,,1
OR.PA-management-noise-280,21,0.040308,,1
OR.PA-management-noise-280,22,0.052693,,1
OR.PA-management-noise-280,23,0.056304,,1
OR.PA-management-noise-280,24,0.06161,,1
OR.PA-management-noise-280,25,0.067584,,1
OR.PA-management-noise-280,26,0.049265,,1
OR.PA-management-noise-280,27,0.047831,,1
OR.PA-management-noise-280,28,0.057742,,1
OR.PA-management-noise-280,29,0.062859,,1
OR.PA-management-noise-280,30,0.070473,,1
OR.PA-management-noise-279,1,0.021145,,1
OR.PA-management-noise-279,2,0.01864,,1
OR.PA-management-noise-279,3,0.044051,,1
OR.PA-management-noise-279,4,0.039513,,1
OR.PA-management-noise-279,5,0.034371,,1
OR.PA-management-noise-279,6,0.041938,,1
OR.PA-management-noise-279,7,0.038142,,1
OR.PA-management-noise-279,8,0.047701,,1
OR.PA-management-noise-279,9,0.028155,,1
OR.PA-management-noise-279,10,0.03382,,1
OR.PA-management-noise-279,11,0.028979,,1
OR.PA-management-noise-279,12,0.042535,,1
OR.PA-management-noise-279,13,0.056166,,1
OR.PA-management-noise-279,14,0.048528,,1
OR.PA-management-noise-279,15,0.039536,,1
OR.PA-management-noise-279,16,0.030834,,1
OR.PA-management-noise-279,17,0.037982,,1
OR.PA-management-noise-279,18,0.048858,,1
OR.PA-management-noise-279,19,0.043478,,1
OR.PA-management-noise-279,20,0.053827,,1
OR.PA-management-noise-279,21,0.040308,,1
OR.PA-management-noise-279,22,0.052693,,1
OR.PA-management-noise-279,23,0.056304,,1
OR.PA-management-noise-279,24,0.06161,,1
OR.PA-management-noise-279,25,0.067584,,1
OR.PA-management-noise-279,26,0.049265,,1
OR.PA-management-noise-279,27,0.047831,,1
OR.PA-management-noise-279,28,0.057742,,1
OR.PA-management-noise-279,29,0.062859,,1
OR.PA-management-noise-279,30,0.070473,,1
OR.PA-management-noise-278,1,0.021145,,1
OR.PA-management-noise-278,2,0.01864,,1
OR.PA-management-noise-278,3,0.044051,,1
OR.PA-management-noise-278,4,0.039513,,1
OR.PA-management-noise-278,5,0.034371,,1
OR.PA-management-noise-278,6,0.041938,,1
OR.PA-management-noise-278,7,0.038142,,1
OR.PA-management-noise-278,8,0.047701,,1
OR.PA-management-noise-278,9,0.028155,,1
OR.PA-management-noise-278,10,0.03382,,1
OR.PA-management-noise-278,11,0.028979,,1
OR.PA-management-noise-278,12,0.042535,,1
OR.PA-management-noise-278,13,0.056166,,1
OR.PA-management-noise-278,14,0.048528,,1
OR.PA-management-noise-278,15,0.039536,,1
OR.PA-management-noise-278,16,0.030834,,1
OR.PA-management-noise-278,17,0.037982,,1
OR.PA-management-noise-278,18,0.048858,,1
OR.PA-management-noise-278,19,0.043478,,1
OR.PA-management-noise-278,20,0.053827,,1
OR.PA-management-noise-278,21,0.040308,,1
OR.PA-management-noise-278,22,0.052693,,1
OR.PA-management-noise-278,23,0.056304,,1
OR.PA-management-noise-278,24,0.06161,,1
OR.PA-management-noise-278,25,0.067584,,1
OR.PA-management-noise-278,26,0.049265,,1
OR.PA-management-noise-278,27,0.047831,,1
OR.PA-management-noise-278,28,0.057742,,1
OR.PA-management-noise-278,29,0.062859,,1
OR.PA-management-noise-278,30,0.070473,,1
OR.PA-management-noise-277,1,0.021145,,1
OR.PA-management-noise-277,2,0.01864,,1
OR.PA-management-noise-277,3,0.044051,,1
OR.PA-management-noise-277,4,0.039513,,1
OR.PA-management-noise-277,5,0.034371,,1
OR.PA-management-noise-277,6,0.041938,,1
OR.PA-management-noise-277,7,0.038142,,1
OR.PA-management-noise-277,8,0.047701,,1
OR.PA-management-noise-277,9,0.028155,,1
OR.PA-management-noise-277,10,0.03382,,1
OR.PA-management-noise-277,11,0.028979,,1
OR.PA-management-noise-277,12,0.042535,,1
OR.PA-management-noise-277,13,0.056166,,1
OR.PA-management-noise-277,14,0.048528,,1
OR.PA-management-noise-277,15,0.039536,,1
OR.PA-management-noise-277,16,0.030834,,1
OR.PA-management-noise-277,17,0.037982,,1
OR.PA-management-noise-277,18,0.048858,,1
OR.PA-management-noise-277,19,0.043478,,1
OR.PA-management-noise-277,20,0.053827,,1
OR.PA-management-noise-277,21,0.040308,,1
OR.PA-management-noise-277,22,0.052693,,1
OR.PA-management-noise-277,23,0.056304,,1
OR.PA-management-noise-277,24,0.06161,,1
OR.PA-management-noise-277,25,0.067584,,1
OR.PA-management-noise-277,26,0.049265,,1
OR.PA-management-noise-277,27,0.047831,,1
OR.PA-management-noise-277,28,0.057742,,1
OR.PA-management-noise-277,29,0.062859,,1
OR.PA-management-noise-277,30,0.070473,,1
OR.PA-management-noise-276,1,0.021145,,1
OR.PA-management-noise-276,2,0.01864,,1
OR.PA-management-noise-276,3,0.044051,,1
OR.PA-management-noise-276,4,0.039513,,1
OR.PA-management-noise-276,5,0.034371,,1
OR.PA-management-noise-276,6,0.041938,,1
OR.PA-management-noise-276,7,0.038142,,1
OR.PA-management-noise-276,8,0.047701,,1
OR.PA-management-noise-276,9,0.028155,,1
OR.PA-management-noise-276,10,0.03382,,1
OR.PA-management-noise-276,11,0.028979,,1
OR.PA-management-noise-276,12,0.042535,,1
OR.PA-management-noise-276,13,0.056166,,1
OR.PA-management-noise-276,14,0.048528,,1
OR.PA-management-noise-276,15,0.039536,,1
OR.PA-management-noise-276,16,0.030834,,1
OR.PA-management-noise-276,17,0.037982,,1
OR.PA-management-noise-276,18,0.048858,,1
OR.PA-management-noise-276,19,0.043478,,1
OR.PA-management-noise-276,20,0.053827,,1
OR.PA-management-noise-276,21,0.040308,,1
OR.PA-management-noise-276,22,0.052693,,1
OR.PA-management-noise-276,23,0.056304,,1
OR.PA-management-noise-276,24,0.06161,,1
OR.PA-management-noise-276,25,0.067584,,1
OR.PA-management-noise-276,26,0.049265,,1
OR.PA-management-noise-276,27,0.047831,,1
OR.PA-management-noise-276,28,0.057742,,1
OR.PA-management-noise-276,29,0.062859,,1
OR.PA-management-noise-276,30,0.070473,,1
OR.PA-management-noise-275,1,0.021145,,1
OR.PA-management-noise-275,2,0.01864,,1
OR.PA-management-noise-275,3,0.044051,,1
OR.PA-management-noise-275,4,0.039513,,1
OR.PA-management-noise-275,5,0.034371,,1
OR.PA-management-noise-275,6,0.041938,,1
OR.PA-management-noise-275,7,0.038142,,1
OR.PA-management-noise-275,8,0.047701,,1
OR.PA-management-noise-275,9,0.028155,,1
OR.PA-management-noise-275,10,0.03382,,1
OR.PA-management-noise-275,11,0.028979,,1
OR.PA-management-noise-275,12,0.042535,,1
OR.PA-management-noise-275,13,0.056166,,1
OR.PA-management-noise-275,14,0.048528,,1
OR.PA-management-noise-275,15,0.039536,,1
OR.PA-management-noise-275,16,0.030834,,1
OR.PA-management-noise-275,17,0.037982,,1
OR.PA-management-noise-275,18,0.048858,,1
OR.PA-management-noise-275,19,0.043478,,1
OR.PA-management-noise-275,20,0.053827,,1
OR.PA-management-noise-275,21,0.040308,,1
OR.PA-management-noise-275,22,0.052693,,1
OR.PA-management-noise-275,23,0.056304,,1
OR.PA-management-noise-275,24,0.06161,,1
OR.PA-management-noise-275,25,0.067584,,1
OR.PA-management-noise-275,26,0.049265,,1
OR.PA-management-noise-275,27,0.047831,,1
OR.PA-management-noise-275,28,0.057742,,1
OR.PA-management-noise-275,29,0.062859,,1
OR.PA-management-noise-275,30,0.070473,,1
OR.PA-management-noise-274,1,0.021145,,1
OR.PA-management-noise-274,2,0.01864,,1
OR.PA-management-noise-274,3,0.044051,,1
OR.PA-management-noise-274,4,0.039513,,1
OR.PA-management-noise-274,5,0.034371,,1
OR.PA-management-noise-274,6,0.041938,,1
OR.PA-management-noise-274,7,0.038142,,1
OR.PA-management-noise-274,8,0.047701,,1
OR.PA-management-noise-274,9,0.028155,,1
OR.PA-management-noise-274,10,0.03382,,1
OR.PA-management-noise-274,11,0.028979,,1
OR.PA-management-noise-274,12,0.042535,,1
OR.PA-management-noise-274,13,0.056166,,1
OR.PA-management-noise-274,14,0.048528,,1
OR.PA-management-noise-274,15,0.039536,,1
OR.PA-management-noise-274,16,0.030834,,1
OR.PA-management-noise-274,17,0.037982,,1
OR.PA-management-noise-274,18,0.048858,,1
OR.PA-management-noise-274,19,0.043478,,1
OR.PA-management-noise-274,20,0.053827,,1
OR.PA-management-noise-274,21,0.040308,,1
OR.PA-management-noise-274,22,0.052693,,1
OR.PA-management-noise-274,23,0.056304,,1
OR.PA-management-noise-274,24,0.06161,,1
OR.PA-management-noise-274,25,0.067584,,1
OR.PA-management-noise-274,26,0.049265,,1
OR.PA-management-noise-274,27,0.047831,,1
OR.PA-management-noise-274,28,0.057742,,1
OR.PA-management-noise-274,29,0.062859,,1
OR.PA-management-noise-274,30,0.070473,,1
OR.PA-management-noise-273,1,0.021145,,1
OR.PA-management-noise-273,2,0.01864,,1
OR.PA-management-noise-273,3,0.044051,,1
OR.PA-management-noise-273,4,0.039513,,1
OR.PA-management-noise-273,5,0.034371,,1
OR.PA-management-noise-273,6,0.041938,,1
OR.PA-management-noise-273,7,0.038142,,1
OR.PA-management-noise-273,8,0.047701,,1
OR.PA-management-noise-273,9,0.028155,,1
OR.PA-management-noise-273,10,0.03382,,1
OR.PA-management-noise-273,11,0.028979,,1
OR.PA-management-noise-273,12,0.042535,,1
OR.PA-management-noise-273,13,0.056166,,1
OR.PA-management-noise-273,14,0.048528,,1
OR.PA-management-noise-273,15,0.039536,,1
OR.PA-management-noise-273,16,0.030834,,1
OR.PA-management-noise-273,17,0.037982,,1
OR.PA-management-noise-273,18,0.048858,,1
OR.PA-management-noise-273,19,0.043478,,1
OR.PA-management-noise-273,20,0.053827,,1
OR.PA-management-noise-273,21,0.040308,,1
OR.PA-management-noise-273,22,0.052693,,1
OR.PA-management-noise-273,23,0.056304,,1
OR.PA-management-noise-273,24,0.06161,,1
OR.PA-management-noise-273,25,0.067584,,1
OR.PA-management-noise-273,26,0.049265,,1
OR.PA-management-noise-273,27,0.047831,,1
OR.PA-management-noise-273,28,0.057742,,1
OR.PA-management-noise-273,29,0.062859,,1
OR.PA-management-noise-273,30,0.070473,,1
OR.PA-management-noise-272,1,0.021145,,1
OR.PA-management-noise-272,2,0.01864,,1
OR.PA-management-noise-272,3,0.044051,,1
OR.PA-management-noise-272,4,0.039513,,1
OR.PA-management-noise-272,5,0.034371,,1
OR.PA-management-noise-272,6,0.041938,,1
OR.PA-management-noise-272,7,0.038142,,1
OR.PA-management-noise-272,8,0.047701,,1
OR.PA-management-noise-272,9,0.028155,,1
OR.PA-management-noise-272,10,0.03382,,1
OR.PA-management-noise-272,11,0.028979,,1
OR.PA-management-noise-272,12,0.042535,,1
OR.PA-management-noise-272,13,0.056166,,1
OR.PA-management-noise-272,14,0.048528,,1
OR.PA-management-noise-272,15,0.039536,,1
OR.PA-management-noise-272,16,0.030834,,1
OR.PA-management-noise-272,17,0.037982,,1
OR.PA-management-noise-272,18,0.048858,,1
OR.PA-management-noise-272,19,0.043478,,1
OR.PA-management-noise-272,20,0.053827,,1
OR.PA-management-noise-272,21,0.040308,,1
OR.PA-management-noise-272,22,0.052693,,1
OR.PA-management-noise-272,23,0.056304,,1
OR.PA-management-noise-272,24,0.06161,,1
OR.PA-management-noise-272,25,0.067584,,1
OR.PA-management-noise-272,26,0.049265,,1
OR.PA-management-noise-272,27,0.047831,,1
OR.PA-management-noise-272,28,0.057742,,1
OR.PA-management-noise-272,29,0.062859,,1
OR.PA-management-noise-272,30,0.070473,,1
OR.PA-management-noise-271,1,0.021145,,1
OR.PA-management-noise-271,2,0.01864,,1
OR.PA-management-noise-271,3,0.044051,,1
OR.PA-management-noise-271,4,0.039513,,1
OR.PA-management-noise-271,5,0.034371,,1
OR.PA-management-noise-271,6,0.041938,,1
OR.PA-management-noise-271,7,0.038142,,1
OR.PA-management-noise-271,8,0.047701,,1
OR.PA-management-noise-271,9,0.028155,,1
OR.PA-management-noise-271,10,0.03382,,1
OR.PA-management-noise-271,11,0.028979,,1
OR.PA-management-noise-271,12,0.042535,,1
OR.PA-management-noise-271,13,0.056166,,1
OR.PA-management-noise-271,14,0.048528,,1
OR.PA-management-noise-271,15,0.039536,,1
OR.PA-management-noise-271,16,0.030834,,1
OR.PA-management-noise-271,17,0.037982,,1
OR.PA-management-noise-271,18,0.048858,,1
OR.PA-management-noise-271,19,0.043478,,1
OR.PA-management-noise-271,20,0.053827,,1
OR.PA-management-noise-271,21,0.040308,,1
OR.PA-management-noise-271,22,0.052693,,1
OR.PA-management-noise-271,23,0.056304,,1
OR.PA-management-noise-271,24,0.06161,,1
OR.PA-management-noise-271,25,0.067584,,1
OR.PA-management-noise-271,26,0.049265,,1
OR.PA-management-noise-271,27,0.047831,,1
OR.PA-management-noise-271,28,0.057742,,1
OR.PA-management-noise-271,29,0.062859,,1
OR.PA-management-noise-271,30,0.070473,,1
OR.PA-management-noise-270,1,0.021145,,1
OR.PA-management-noise-270,2,0.01864,,1
OR.PA-management-noise-270,3,0.044051,,1
OR.PA-management-noise-270,4,0.039513,,1
OR.PA-management-noise-270,5,0.034371,,1
OR.PA-management-noise-270,6,0.041938,,1
OR.PA-management-noise-270,7,0.038142,,1
OR.PA-management-noise-270,8,0.047701,,1
OR.PA-management-noise-270,9,0.028155,,1
OR.PA-management-noise-270,10,0.03382,,1
OR.PA-management-noise-270,11,0.028979,,1
OR.PA-management-noise-270,12,0.042535,,1
OR.PA-management-noise-270,13,0.056166,,1
OR.PA-management-noise-270,14,0.048528,,1
OR.PA-management-noise-270,15,0.039536,,1
OR.PA-management-noise-270,16,0.030834,,1
OR.PA-management-noise-270,17,0.037982,,1
OR.PA-management-noise-270,18,0.048858,,1
OR.PA-management-noise-270,19,0.043478,,1
OR.PA-management-noise-270,20,0.053827,,1
OR.PA-management-noise-270,21,0.040308,,1
OR.PA-management-noise-270,22,0.052693,,1
OR.PA-management-noise-270,23,0.056304,,1
OR.PA-management-noise-270,24,0.06161,,1
OR.PA-management-noise-270,25,0.067584,,1
OR.PA-management-noise-270,26,0.049265,,1
OR.PA-management-noise-270,27,0.047831,,1
OR.PA-management-noise-270,28,0.057742,,1
OR.PA-management-noise-270,29,0.062859,,1
OR.PA-management-noise-270,30,0.070473,,1
OR.PA-management-noise-269,1,0.021145,,1
OR.PA-management-noise-269,2,0.01864,,1
OR.PA-management-noise-269,3,0.044051,,1
OR.PA-management-noise-269,4,0.039513,,1
OR.PA-management-noise-269,5,0.034371,,1
OR.PA-management-noise-269,6,0.041938,,1
OR.PA-management-noise-269,7,0.038142,,1
OR.PA-management-noise-269,8,0.047701,,1
OR.PA-management-noise-269,9,0.028155,,1
OR.PA-management-noise-269,10,0.03382,,1
OR.PA-management-noise-269,11,0.028979,,1
OR.PA-management-noise-269,12,0.042535,,1
OR.PA-management-noise-269,13,0.056166,,1
OR.PA-management-noise-269,14,0.048528,,1
OR.PA-management-noise-269,15,0.039536,,1
OR.PA-management-noise-269,16,0.030834,,1
OR.PA-management-noise-269,17,0.037982,,1
OR.PA-management-noise-269,18,0.048858,,1
OR.PA-management-noise-269,19,0.043478,,1
OR.PA-management-noise-269,20,0.053827,,1
OR.PA-management-noise-269,21,0.040308,,1
OR.PA-management-noise-269,22,0.052693,,1
OR.PA-management-noise-269,23,0.056304,,1
OR.PA-management-noise-269,24,0.06161,,1
OR.PA-management-noise-269,25,0.067584,,1
OR.PA-management-noise-269,26,0.049265,,1
OR.PA-management-noise-269,27,0.047831,,1
OR.PA-management-noise-269,28,0.057742,,1
OR.PA-management-noise-269,29,0.062859,,1
OR.PA-management-noise-269,30,0.070473,,1
OR.PA-management-noise-268,1,0.021145,,1
OR.PA-management-noise-268,2,0.01864,,1
OR.PA-management-noise-268,3,0.044051,,1
OR.PA-management-noise-268,4,0.039513,,1
OR.PA-management-noise-268,5,0.034371,,1
OR.PA-management-noise-268,6,0.041938,,1
OR.PA-management-noise-268,7,0.038142,,1
OR.PA-management-noise-268,8,0.047701,,1
OR.PA-management-noise-268,9,0.028155,,1
OR.PA-management-noise-268,10,0.03382,,1
OR.PA-management-noise-268,11,0.028979,,1
OR.PA-management-noise-268,12,0.042535,,1
OR.PA-management-noise-268,13,0.056166,,1
OR.PA-management-noise-268,14,0.048528,,1
OR.PA-management-noise-268,15,0.039536,,1
OR.PA-management-noise-268,16,0.030834,,1
OR.PA-management-noise-268,17,0.037982,,1
OR.PA-management-noise-268,18,0.048858,,1
OR.PA-management-noise-268,19,0.043478,,1
OR.PA-management-noise-268,20,0.053827,,1
OR.PA-management-noise-268,21,0.040308,,1
OR.PA-management-noise-268,22,0.052693,,1
OR.PA-management-noise-268,23,0.056304,,1
OR.PA-management-noise-268,24,0.06161,,1
OR.PA-management-noise-268,25,0.067584,,1
OR.PA-management-noise-268,26,0.049265,,1
OR.PA-management-noise-268,27,0.047831,,1
OR.PA-management-noise-268,28,0.057742,,1
OR.PA-management-noise-268,29,0.062859,,1
OR.PA-management-noise-268,30,0.070473,,1
OR.PA-management-noise-267,1,0.021145,,1
OR.PA-management-noise-267,2,0.01864,,1
OR.PA-management-noise-267,3,0.044051,,1
OR.PA-management-noise-267,4,0.039513,,1
OR.PA-management-noise-267,5,0.034371,,1
OR.PA-management-noise-267,6,0.041938,,1
OR.PA-management-noise-267,7,0.038142,,1
OR.PA-management-noise-267,8,0.047701,,1
OR.PA-management-noise-267,9,0.028155,,1
OR.PA-management-noise-267,10,0.03382,,1
OR.PA-management-noise-267,11,0.028979,,1
OR.PA-management-noise-267,12,0.042535,,1
OR.PA-management-noise-267,13,0.056166,,1
OR.PA-management-noise-267,14,0.048528,,1
OR.PA-management-noise-267,15,0.039536,,1
OR.PA-management-noise-267,16,0.030834,,1
OR.PA-management-noise-267,17,0.037982,,1
OR.PA-management-noise-267,18,0.048858,,1
OR.PA-management-noise-267,19,0.043478,,1
OR.PA-management-noise-267,20,0.053827,,1
OR.PA-management-noise-267,21,0.040308,,1
OR.PA-management-noise-267,22,0.052693,,1
OR.PA-management-noise-267,23,0.056304,,1
OR.PA-management-noise-267,24,0.06161,,1
OR.PA-management-noise-267,25,0.067584,,1
OR.PA-management-noise-267,26,0.049265,,1
OR.PA-management-noise-267,27,0.047831,,1
OR.PA-management-noise-267,28,0.057742,,1
OR.PA-management-noise-267,29,0.062859,,1
OR.PA-management-noise-267,30,0.070473,,1
OR.PA-management-noise-266,1,0.021145,,1
OR.PA-management-noise-266,2,0.01864,,1
OR.PA-management-noise-266,3,0.044051,,1
OR.PA-management-noise-266,4,0.039513,,1
OR.PA-management-noise-266,5,0.034371,,1
OR.PA-management-noise-266,6,0.041938,,1
OR.PA-management-noise-266,7,0.038142,,1
OR.PA-management-noise-266,8,0.047701,,1
OR.PA-management-noise-266,9,0.028155,,1
OR.PA-management-noise-266,10,0.03382,,1
OR.PA-management-noise-266,11,0.028979,,1
OR.PA-management-noise-266,12,0.042535,,1
OR.PA-management-noise-266,13,0.056166,,1
OR.PA-management-noise-266,14,0.048528,,1
OR.PA-management-noise-266,15,0.039536,,1
OR.PA-management-noise-266,16,0.030834,,1
OR.PA-management-noise-266,17,0.037982,,1
OR.PA-management-noise-266,18,0.048858,,1
OR.PA-management-noise-266,19,0.043478,,1
OR.PA-management-noise-266,20,0.053827,,1
OR.PA-management-noise-266,21,0.040308,,1
OR.PA-management-noise-266,22,0.052693,,1
OR.PA-management-noise-266,23,0.056304,,1
OR.PA-management-noise-266,24,0.06161,,1
OR.PA-management-noise-266,25,0.067584,,1
OR.PA-management-noise-266,26,0.049265,,1
OR.PA-management-noise-266,27,0.047831,,1
OR.PA-management-noise-266,28,0.057742,,1
OR.PA-management-noise-266,29,0.062859,,1
OR.PA-management-noise-266,30,0.070473,,1
OR.PA-management-noise-265,1,0.021145,,1
OR.PA-management-noise-265,2,0.01864,,1
OR.PA-management-noise-265,3,0.044051,,1
OR.PA-management-noise-265,4,0.039513,,1
OR.PA-management-noise-265,5,0.034371,,1
OR.PA-management-noise-265,6,0.041938,,1
OR.PA-management-noise-265,7,0.038142,,1
OR.PA-management-noise-265,8,0.047701,,1
OR.PA-management-noise-265,9,0.028155,,1
OR.PA-management-noise-265,10,0.03382,,1
OR.PA-management-noise-265,11,0.028979,,1
OR.PA-management-noise-265,12,0.042535,,1
OR.PA-management-noise-265,13,0.056166,,1
OR.PA-management-noise-265,14,0.048528,,1
OR.PA-management-noise-265,15,0.039536,,1
OR.PA-management-noise-265,16,0.030834,,1
OR.PA-management-noise-265,17,0.037982,,1
OR.PA-management-noise-265,18,0.048858,,1
OR.PA-management-noise-265,19,0.043478,,1
OR.PA-management-noise-265,20,0.053827,,1
OR.PA-management-noise-265,21,0.040308,,1
OR.PA-management-noise-265,22,0.052693,,1
OR.PA-management-noise-265,23,0.056304,,1
OR.PA-management-noise-265,24,0.06161,,1
OR.PA-management-noise-265,25,0.067584,,1
OR.PA-management-noise-265,26,0.049265,,1
OR.PA-management-noise-265,27,0.047831,,1
OR.PA-management-noise-265,28,0.057742,,1
OR.PA-management-noise-265,29,0.062859,,1
OR.PA-management-noise-265,30,0.070473,,1
OR.PA-management-noise-264,1,0.021145,,1
OR.PA-management-noise-264,2,0.01864,,1
OR.PA-management-noise-264,3,0.044051,,1
OR.PA-management-noise-264,4,0.039513,,1
OR.PA-management-noise-264,5,0.034371,,1
OR.PA-management-noise-264,6,0.041938,,1
OR.PA-management-noise-264,7,0.038142,,1
OR.PA-management-noise-264,8,0.047701,,1
OR.PA-management-noise-264,9,0.028155,,1
OR.PA-management-noise-264,10,0.03382,,1
OR.PA-management-noise-264,11,0.028979,,1
OR.PA-management-noise-264,12,0.042535,,1
OR.PA-management-noise-264,13,0.056166,,1
OR.PA-management-noise-264,14,0.048528,,1
OR.PA-management-noise-264,15,0.039536,,1
OR.PA-management-noise-264,16,0.030834,,1
OR.PA-management-noise-264,17,0.037982,,1
OR.PA-management-noise-264,18,0.048858,,1
OR.PA-management-noise-264,19,0.043478,,1
OR.PA-management-noise-264,20,0.053827,,1
OR.PA-management-noise-264,21,0.040308,,1
OR.PA-management-noise-264,22,0.052693,,1
OR.PA-management-noise-264,23,0.056304,,1
OR.PA-management-noise-264,24,0.06161,,1
OR.PA-management-noise-264,25,0.067584,,1
OR.PA-management-noise-264,26,0.049265,,1
OR.PA-management-noise-264,27,0.047831,,1
OR.PA-management-noise-264,28,0.057742,,1
OR.PA-management-noise-264,29,0.062859,,1
OR.PA-management-noise-264,30,0.070473,,1
OR.PA-management-noise-263,1,0.021145,,1
OR.PA-management-noise-263,2,0.01864,,1
OR.PA-management-noise-263,3,0.044051,,1
OR.PA-management-noise-263,4,0.039513,,1
OR.PA-management-noise-263,5,0.034371,,1
OR.PA-management-noise-263,6,0.041938,,1
OR.PA-management-noise-263,7,0.038142,,1
OR.PA-management-noise-263,8,0.047701,,1
OR.PA-management-noise-263,9,0.028155,,1
OR.PA-management-noise-263,10,0.03382,,1
OR.PA-management-noise-263,11,0.028979,,1
OR.PA-management-noise-263,12,0.042535,,1
OR.PA-management-noise-263,13,0.056166,,1
OR.PA-management-noise-263,14,0.048528,,1
OR.PA-management-noise-263,15,0.039536,,1
OR.PA-management-noise-263,16,0.030834,,1
OR.PA-management-noise-263,17,0.037982,,1
OR.PA-management-noise-263,18,0.048858,,1
OR.PA-management-noise-263,19,0.043478,,1
OR.PA-management-noise-263,20,0.053827,,1
OR.PA-management-noise-263,21,0.040308,,1
OR.PA-management-noise-263,22,0.052693,,1
OR.PA-management-noise-263,23,0.056304,,1
OR.PA-management-noise-263,24,0.06161,,1
OR.PA-management-noise-263,25,0.067584,,1
OR.PA-management-noise-263,26,0.049265,,1
OR.PA-management-noise-263,27,0.047831,,1
OR.PA-management-noise-263,28,0.057742,,1
OR.PA-management-noise-263,29,0.062859,,1
OR.PA-management-noise-263,30,0.070473,,1
OR.PA-management-noise-261,1,0.021145,,1
OR.PA-management-noise-261,2,0.01864,,1
OR.PA-management-noise-261,3,0.044051,,1
OR.PA-management-noise-261,4,0.039513,,1
OR.PA-management-noise-261,5,0.034371,,1
OR.PA-management-noise-261,6,0.041938,,1
OR.PA-management-noise-261,7,0.038142,,1
OR.PA-management-noise-261,8,0.047701,,1
OR.PA-management-noise-261,9,0.028155,,1
OR.PA-management-noise-261,10,0.03382,,1
OR.PA-management-noise-261,11,0.028979,,1
OR.PA-management-noise-261,12,0.042535,,1
OR.PA-management-noise-261,13,0.056166,,1
OR.PA-management-noise-261,14,0.048528,,1
OR.PA-management-noise-261,15,0.039536,,1
OR.PA-management-noise-261,16,0.030834,,1
OR.PA-management-noise-261,17,0.037982,,1
OR.PA-management-noise-261,18,0.048858,,1
OR.PA-management-noise-261,19,0.043478,,1
OR.PA-management-noise-261,20,0.053827,,1
OR.PA-management-noise-261,21,0.040308,,1
OR.PA-management-noise-261,22,0.052693,,1
OR.PA-management-noise-261,23,0.056304,,1
OR.PA-management-noise-261,24,0.06161,,1
OR.PA-management-noise-261,25,0.067584,,1
OR.PA-management-noise-261,26,0.049265,,1
OR.PA-management-noise-261,27,0.047831,,1
OR.PA-management-noise-261,28,0.057742,,1
OR.PA-management-noise-261,29,0.062859,,1
OR.PA-management-noise-261,30,0.070473,,1
OR.PA-management-noise-260,1,0.021145,,1
OR.PA-management-noise-260,2,0.01864,,1
OR.PA-management-noise-260,3,0.044051,,1
OR.PA-management-noise-260,4,0.039513,,1
OR.PA-management-noise-260,5,0.034371,,1
OR.PA-management-noise-260,6,0.041938,,1
OR.PA-management-noise-260,7,0.038142,,1
OR.PA-management-noise-260,8,0.047701,,1
OR.PA-management-noise-260,9,0.028155,,1
OR.PA-management-noise-260,10,0.03382,,1
OR.PA-management-noise-260,11,0.028979,,1
OR.PA-management-noise-260,12,0.042535,,1
OR.PA-management-noise-260,13,0.056166,,1
OR.PA-management-noise-260,14,0.048528,,1
OR.PA-management-noise-260,15,0.039536,,1
OR.PA-management-noise-260,16,0.030834,,1
OR.PA-management-noise-260,17,0.037982,,1
OR.PA-management-noise-260,18,0.048858,,1
OR.PA-management-noise-260,19,0.043478,,1
OR.PA-management-noise-260,20,0.053827,,1
OR.PA-management-noise-260,21,0.040308,,1
OR.PA-management-noise-260,22,0.052693,,1
OR.PA-management-noise-260,23,0.056304,,1
OR.PA-management-noise-260,24,0.06161,,1
OR.PA-management-noise-260,25,0.067584,,1
OR.PA-management-noise-260,26,0.049265,,1
OR.PA-management-noise-260,27,0.047831,,1
OR.PA-management-noise-260,28,0.057742,,1
OR.PA-management-noise-260,29,0.062859,,1
OR.PA-management-noise-260,30,0.070473,,1
OR.PA-management-noise-259,1,0.021145,,1
OR.PA-management-noise-259,2,0.01864,,1
OR.PA-management-noise-259,3,0.044051,,1
OR.PA-management-noise-259,4,0.039513,,1
OR.PA-management-noise-259,5,0.034371,,1
OR.PA-management-noise-259,6,0.041938,,1
OR.PA-management-noise-259,7,0.038142,,1
OR.PA-management-noise-259,8,0.047701,,1
OR.PA-management-noise-259,9,0.028155,,1
OR.PA-management-noise-259,10,0.03382,,1
OR.PA-management-noise-259,11,0.028979,,1
OR.PA-management-noise-259,12,0.042535,,1
OR.PA-management-noise-259,13,0.056166,,1
OR.PA-management-noise-259,14,0.048528,,1
OR.PA-management-noise-259,15,0.039536,,1
OR.PA-management-noise-259,16,0.030834,,1
OR.PA-management-noise-259,17,0.037982,,1
OR.PA-management-noise-259,18,0.048858,,1
OR.PA-management-noise-259,19,0.043478,,1
OR.PA-management-noise-259,20,0.053827,,1
OR.PA-management-noise-259,21,0.040308,,1
OR.PA-management-noise-259,22,0.052693,,1
OR.PA-management-noise-259,23,0.056304,,1
OR.PA-management-noise-259,24,0.06161,,1
OR.PA-management-noise-259,25,0.067584,,1
OR.PA-management-noise-259,26,0.049265,,1
OR.PA-management-noise-259,27,0.047831,,1
OR.PA-management-noise-259,28,0.057742,,1
OR.PA-management-noise-259,29,0.062859,,1
OR.PA-management-noise-259,30,0.070473,,1
OR.PA-management-noise-257,1,0.021145,,1
OR.PA-management-noise-257,2,0.01864,,1
OR.PA-management-noise-257,3,0.044051,,1
OR.PA-management-noise-257,4,0.039513,,1
OR.PA-management-noise-257,5,0.034371,,1
OR.PA-management-noise-257,6,0.041938,,1
OR.PA-management-noise-257,7,0.038142,,1
OR.PA-management-noise-257,8,0.047701,,1
OR.PA-management-noise-257,9,0.028155,,1
OR.PA-management-noise-257,10,0.03382,,1
OR.PA-management-noise-257,11,0.028979,,1
OR.PA-management-noise-257,12,0.042535,,1
OR.PA-management-noise-257,13,0.056166,,1
OR.PA-management-noise-257,14,0.048528,,1
OR.PA-management-noise-257,15,0.039536,,1
OR.PA-management-noise-257,16,0.030834,,1
OR.PA-management-noise-257,17,0.037982,,1
OR.PA-management-noise-257,18,0.048858,,1
OR.PA-management-noise-257,19,0.043478,,1
OR.PA-management-noise-257,20,0.053827,,1
OR.PA-management-noise-257,21,0.040308,,1
OR.PA-management-noise-257,22,0.052693,,1
OR.PA-management-noise-257,23,0.056304,,1
OR.PA-management-noise-257,24,0.06161,,1
OR.PA-management-noise-257,25,0.067584,,1
OR.PA-management-noise-257,26,0.049265,,1
OR.PA-management-noise-257,27,0.047831,,1
OR.PA-management-noise-257,28,0.057742,,1
OR.PA-management-noise-257,29,0.062859,,1
OR.PA-management-noise-257,30,0.070473,,1
OR.PA-management-noise-256,1,0.021145,,1
OR.PA-management-noise-256,2,0.01864,,1
OR.PA-management-noise-256,3,0.044051,,1
OR.PA-management-noise-256,4,0.039513,,1
OR.PA-management-noise-256,5,0.034371,,1
OR.PA-management-noise-256,6,0.041938,,1
OR.PA-management-noise-256,7,0.038142,,1
OR.PA-management-noise-256,8,0.047701,,1
OR.PA-management-noise-256,9,0.028155,,1
OR.PA-management-noise-256,10,0.03382,,1
OR.PA-management-noise-256,11,0.028979,,1
OR.PA-management-noise-256,12,0.042535,,1
OR.PA-management-noise-256,13,0.056166,,1
OR.PA-management-noise-256,14,0.048528,,1
OR.PA-management-noise-256,15,0.039536,,1
OR.PA-management-noise-256,16,0.030834,,1
OR.PA-management-noise-256,17,0.037982,,1
OR.PA-management-noise-256,18,0.048858,,1
OR.PA-management-noise-256,19,0.043478,,1
OR.PA-management-noise-256,20,0.053827,,1
OR.PA-management-noise-256,21,0.040308,,1
OR.PA-management-noise-256,22,0.052693,,1
OR.PA-management-noise-256,23,0.056304,,1
OR.PA-management-noise-256,24,0.06161,,1
OR.PA-management-noise-256,25,0.067584,,1
OR.PA-management-noise-256,26,0.049265,,1
OR.PA-management-noise-256,27,0.047831,,1
OR.PA-management-noise-256,28,0.057742,,1
OR.PA-management-noise-256,29,0.062859,,1
OR.PA-management-noise-256,30,0.070473,,1
OR.PA-management-noise-255,1,0.021145,,1
OR.PA-management-noise-255,2,0.01864,,1
OR.PA-management-noise-255,3,0.044051,,1
OR.PA-management-noise-255,4,0.039513,,1
OR.PA-management-noise-255,5,0.034371,,1
OR.PA-management-noise-255,6,0.041938,,1
OR.PA-management-noise-255,7,0.038142,,1
OR.PA-management-noise-255,8,0.047701,,1
OR.PA-management-noise-255,9,0.028155,,1
OR.PA-management-noise-255,10,0.03382,,1
OR.PA-management-noise-255,11,0.028979,,1
OR.PA-management-noise-255,12,0.042535,,1
OR.PA-management-noise-255,13,0.056166,,1
OR.PA-management-noise-255,14,0.048528,,1
OR.PA-management-noise-255,15,0.039536,,1
OR.PA-management-noise-255,16,0.030834,,1
OR.PA-management-noise-255,17,0.037982,,1
OR.PA-management-noise-255,18,0.048858,,1
OR.PA-management-noise-255,19,0.043478,,1
OR.PA-management-noise-255,20,0.053827,,1
OR.PA-management-noise-255,21,0.040308,,1
OR.PA-management-noise-255,22,0.052693,,1
OR.PA-management-noise-255,23,0.056304,,1
OR.PA-management-noise-255,24,0.06161,,1
OR.PA-management-noise-255,25,0.067584,,1
OR.PA-management-noise-255,26,0.049265,,1
OR.PA-management-noise-255,27,0.047831,,1
OR.PA-management-noise-255,28,0.057742,,1
OR.PA-management-noise-255,29,0.062859,,1
OR.PA-management-noise-255,30,0.070473,,1
OR.PA-management-noise-254,1,0.021145,,1
OR.PA-management-noise-254,2,0.01864,,1
OR.PA-management-noise-254,3,0.044051,,1
OR.PA-management-noise-254,4,0.039513,,1
OR.PA-management-noise-254,5,0.034371,,1
OR.PA-management-noise-254,6,0.041938,,1
OR.PA-management-noise-254,7,0.038142,,1
OR.PA-management-noise-254,8,0.047701,,1
OR.PA-management-noise-254,9,0.028155,,1
OR.PA-management-noise-254,10,0.03382,,1
OR.PA-management-noise-254,11,0.028979,,1
OR.PA-management-noise-254,12,0.042535,,1
OR.PA-management-noise-254,13,0.056166,,1
OR.PA-management-noise-254,14,0.048528,,1
OR.PA-management-noise-254,15,0.039536,,1
OR.PA-management-noise-254,16,0.030834,,1
OR.PA-management-noise-254,17,0.037982,,1
OR.PA-management-noise-254,18,0.048858,,1
OR.PA-management-noise-254,19,0.043478,,1
OR.PA-management-noise-254,20,0.053827,,1
OR.PA-management-noise-254,21,0.040308,,1
OR.PA-management-noise-254,22,0.052693,,1
OR.PA-management-noise-254,23,0.056304,,1
OR.PA-management-noise-254,24,0.06161,,1
OR.PA-management-noise-254,25,0.067584,,1
OR.PA-management-noise-254,26,0.049265,,1
OR.PA-management-noise-254,27,0.047831,,1
OR.PA-management-noise-254,28,0.057742,,1
OR.PA-management-noise-254,29,0.062859,,1
OR.PA-management-noise-254,30,0.070473,,1
OR.PA-management-noise-253,1,0.021145,,1
OR.PA-management-noise-253,2,0.01864,,1
OR.PA-management-noise-253,3,0.044051,,1
OR.PA-management-noise-253,4,0.039513,,1
OR.PA-management-noise-253,5,0.034371,,1
OR.PA-management-noise-253,6,0.041938,,1
OR.PA-management-noise-253,7,0.038142,,1
OR.PA-management-noise-253,8,0.047701,,1
OR.PA-management-noise-253,9,0.028155,,1
OR.PA-management-noise-253,10,0.03382,,1
OR.PA-management-noise-253,11,0.028979,,1
OR.PA-management-noise-253,12,0.042535,,1
OR.PA-management-noise-253,13,0.056166,,1
OR.PA-management-noise-253,14,0.048528,,1
OR.PA-management-noise-253,15,0.039536,,1
OR.PA-management-noise-253,16,0.030834,,1
OR.PA-management-noise-253,17,0.037982,,1
OR.PA-management-noise-253,18,0.048858,,1
OR.PA-management-noise-253,19,0.043478,,1
OR.PA-management-noise-253,20,0.053827,,1
OR.PA-management-noise-253,21,0.040308,,1
OR.PA-management-noise-253,22,0.052693,,1
OR.PA-management-noise-253,23,0.056304,,1
OR.PA-management-noise-253,24,0.06161,,1
OR.PA-management-noise-253,25,0.067584,,1
OR.PA-management-noise-253,26,0.049265,,1
OR.PA-management-noise-253,27,0.047831,,1
OR.PA-management-noise-253,28,0.057742,,1
OR.PA-management-noise-253,29,0.062859,,1
OR.PA-management-noise-253,30,0.070473,,1
OR.PA-management-noise-252,1,0.021145,,1
OR.PA-management-noise-252,2,0.01864,,1
OR.PA-management-noise-252,3,0.044051,,1
OR.PA-management-noise-252,4,0.039513,,1
OR.PA-management-noise-252,5,0.034371,,1
OR.PA-management-noise-252,6,0.041938,,1
OR.PA-management-noise-252,7,0.038142,,1
OR.PA-management-noise-252,8,0.047701,,1
OR.PA-management-noise-252,9,0.028155,,1
OR.PA-management-noise-252,10,0.03382,,1
OR.PA-management-noise-252,11,0.028979,,1
OR.PA-management-noise-252,12,0.042535,,1
OR.PA-management-noise-252,13,0.056166,,1
OR.PA-management-noise-252,14,0.048528,,1
OR.PA-management-noise-252,15,0.039536,,1
OR.PA-management-noise-252,16,0.030834,,1
OR.PA-management-noise-252,17,0.037982,,1
OR.PA-management-noise-252,18,0.048858,,1
OR.PA-management-noise-252,19,0.043478,,1
OR.PA-management-noise-252,20,0.053827,,1
OR.PA-management-noise-252,21,0.040308,,1
OR.PA-management-noise-252,22,0.052693,,1
OR.PA-management-noise-252,23,0.056304,,1
OR.PA-management-noise-252,24,0.06161,,1
OR.PA-management-noise-252,25,0.067584,,1
OR.PA-management-noise-252,26,0.049265,,1
OR.PA-management-noise-252,27,0.047831,,1
OR.PA-management-noise-252,28,0.057742,,1
OR.PA-management-noise-252,29,0.062859,,1
OR.PA-management-noise-252,30,0.070473,,1
OR.PA-management-noise-251,1,0.021145,,1
OR.PA-management-noise-251,2,0.01864,,1
OR.PA-management-noise-251,3,0.044051,,1
OR.PA-management-noise-251,4,0.039513,,1
OR.PA-management-noise-251,5,0.034371,,1
OR.PA-management-noise-251,6,0.041938,,1
OR.PA-management-noise-251,7,0.038142,,1
OR.PA-management-noise-251,8,0.047701,,1
OR.PA-management-noise-251,9,0.028155,,1
OR.PA-management-noise-251,10,0.03382,,1
OR.PA-management-noise-251,11,0.028979,,1
OR.PA-management-noise-251,12,0.042535,,1
OR.PA-management-noise-251,13,0.056166,,1
OR.PA-management-noise-251,14,0.048528,,1
OR.PA-management-noise-251,15,0.039536,,1
OR.PA-management-noise-251,16,0.030834,,1
OR.PA-management-noise-251,17,0.037982,,1
OR.PA-management-noise-251,18,0.048858,,1
OR.PA-management-noise-251,19,0.043478,,1
OR.PA-management-noise-251,20,0.053827,,1
OR.PA-management-noise-251,21,0.040308,,1
OR.PA-management-noise-251,22,0.052693,,1
OR.PA-management-noise-251,23,0.056304,,1
OR.PA-management-noise-251,24,0.06161,,1
OR.PA-management-noise-251,25,0.067584,,1
OR.PA-management-noise-251,26,0.049265,,1
OR.PA-management-noise-251,27,0.047831,,1
OR.PA-management-noise-251,28,0.057742,,1
OR.PA-management-noise-251,29,0.062859,,1
OR.PA-management-noise-251,30,0.070473,,1
OR.PA-management-noise-250,1,0.021145,,1
OR.PA-management-noise-250,2,0.01864,,1
OR.PA-management-noise-250,3,0.044051,,1
OR.PA-management-noise-250,4,0.039513,,1
OR.PA-management-noise-250,5,0.034371,,1
OR.PA-management-noise-250,6,0.041938,,1
OR.PA-management-noise-250,7,0.038142,,1
OR.PA-management-noise-250,8,0.047701,,1
OR.PA-management-noise-250,9,0.028155,,1
OR.PA-management-noise-250,10,0.03382,,1
OR.PA-management-noise-250,11,0.028979,,1
OR.PA-management-noise-250,12,0.042535,,1
OR.PA-management-noise-250,13,0.056166,,1
OR.PA-management-noise-250,14,0.048528,,1
OR.PA-management-noise-250,15,0.039536,,1
OR.PA-management-noise-250,16,0.030834,,1
OR.PA-management-noise-250,17,0.037982,,1
OR.PA-management-noise-250,18,0.048858,,1
OR.PA-management-noise-250,19,0.043478,,1
OR.PA-management-noise-250,20,0.053827,,1
OR.PA-management-noise-250,21,0.040308,,1
OR.PA-management-noise-250,22,0.052693,,1
OR.PA-management-noise-250,23,0.056304,,1
OR.PA-management-noise-250,24,0.06161,,1
OR.PA-management-noise-250,25,0.067584,,1
OR.PA-management-noise-250,26,0.049265,,1
OR.PA-management-noise-250,27,0.047831,,1
OR.PA-management-noise-250,28,0.057742,,1
OR.PA-management-noise-250,29,0.062859,,1
OR.PA-management-noise-250,30,0.070473,,1
OR.PA-management-noise-249,1,0.021145,,1
OR.PA-management-noise-249,2,0.01864,,1
OR.PA-management-noise-249,3,0.044051,,1
OR.PA-management-noise-249,4,0.039513,,1
OR.PA-management-noise-249,5,0.034371,,1
OR.PA-management-noise-249,6,0.041938,,1
OR.PA-management-noise-249,7,0.038142,,1
OR.PA-management-noise-249,8,0.047701,,1
OR.PA-management-noise-249,9,0.028155,,1
OR.PA-management-noise-249,10,0.03382,,1
OR.PA-management-noise-249,11,0.028979,,1
OR.PA-management-noise-249,12,0.042535,,1
OR.PA-management-noise-249,13,0.056166,,1
OR.PA-management-noise-249,14,0.048528,,1
OR.PA-management-noise-249,15,0.039536,,1
OR.PA-management-noise-249,16,0.030834,,1
OR.PA-management-noise-249,17,0.037982,,1
OR.PA-management-noise-249,18,0.048858,,1
OR.PA-management-noise-249,19,0.043478,,1
OR.PA-management-noise-249,20,0.053827,,1
OR.PA-management-noise-249,21,0.040308,,1
OR.PA-management-noise-249,22,0.052693,,1
OR.PA-management-noise-249,23,0.056304,,1
OR.PA-management-noise-249,24,0.06161,,1
OR.PA-management-noise-249,25,0.067584,,1
OR.PA-management-noise-249,26,0.049265,,1
OR.PA-management-noise-249,27,0.047831,,1
OR.PA-management-noise-249,28,0.057742,,1
OR.PA-management-noise-249,29,0.062859,,1
OR.PA-management-noise-249,30,0.070473,,1
OR.PA-management-noise-247,1,0.021145,,1
OR.PA-management-noise-247,2,0.01864,,1
OR.PA-management-noise-247,3,0.044051,,1
OR.PA-management-noise-247,4,0.039513,,1
OR.PA-management-noise-247,5,0.034371,,1
OR.PA-management-noise-247,6,0.041938,,1
OR.PA-management-noise-247,7,0.038142,,1
OR.PA-management-noise-247,8,0.047701,,1
OR.PA-management-noise-247,9,0.028155,,1
OR.PA-management-noise-247,10,0.03382,,1
OR.PA-management-noise-247,11,0.028979,,1
OR.PA-management-noise-247,12,0.042535,,1
OR.PA-management-noise-247,13,0.056166,,1
OR.PA-management-noise-247,14,0.048528,,1
OR.PA-management-noise-247,15,0.039536,,1
OR.PA-management-noise-247,16,0.030834,,1
OR.PA-management-noise-247,17,0.037982,,1
OR.PA-management-noise-247,18,0.048858,,1
OR.PA-management-noise-247,19,0.043478,,1
OR.PA-management-noise-247,20,0.053827,,1
OR.PA-management-noise-247,21,0.040308,,1
OR.PA-management-noise-247,22,0.052693,,1
OR.PA-management-noise-247,23,0.056304,,1
OR.PA-management-noise-247,24,0.06161,,1
OR.PA-management-noise-247,25,0.067584,,1
OR.PA-management-noise-247,26,0.049265,,1
OR.PA-management-noise-247,27,0.047831,,1
OR.PA-management-noise-247,28,0.057742,,1
OR.PA-management-noise-247,29,0.062859,,1
OR.PA-management-noise-247,30,0.070473,,1
OR.PA-management-noise-244,1,0.021145,,1
OR.PA-management-noise-244,2,0.01864,,1
OR.PA-management-noise-244,3,0.044051,,1
OR.PA-management-noise-244,4,0.039513,,1
OR.PA-management-noise-244,5,0.034371,,1
OR.PA-management-noise-244,6,0.041938,,1
OR.PA-management-noise-244,7,0.038142,,1
OR.PA-management-noise-244,8,0.047701,,1
OR.PA-management-noise-244,9,0.028155,,1
OR.PA-management-noise-244,10,0.03382,,1
OR.PA-management-noise-244,11,0.028979,,1
OR.PA-management-noise-244,12,0.042535,,1
OR.PA-management-noise-244,13,0.056166,,1
OR.PA-management-noise-244,14,0.048528,,1
OR.PA-management-noise-244,15,0.039536,,1
OR.PA-management-noise-244,16,0.030834,,1
OR.PA-management-noise-244,17,0.037982,,1
OR.PA-management-noise-244,18,0.048858,,1
OR.PA-management-noise-244,19,0.043478,,1
OR.PA-management-noise-244,20,0.053827,,1
OR.PA-management-noise-244,21,0.040308,,1
OR.PA-management-noise-244,22,0.052693,,1
OR.PA-management-noise-244,23,0.056304,,1
OR.PA-management-noise-244,24,0.06161,,1
OR.PA-management-noise-244,25,0.067584,,1
OR.PA-management-noise-244,26,0.049265,,1
OR.PA-management-noise-244,27,0.047831,,1
OR.PA-management-noise-244,28,0.057742,,1
OR.PA-management-noise-244,29,0.062859,,1
OR.PA-management-noise-244,30,0.070473,,1
OR.PA-management-noise-242,1,0.021145,,1
OR.PA-management-noise-242,2,0.01864,,1
OR.PA-management-noise-242,3,0.044051,,1
OR.PA-management-noise-242,4,0.039513,,1
OR.PA-management-noise-242,5,0.034371,,1
OR.PA-management-noise-242,6,0.041938,,1
OR.PA-management-noise-242,7,0.038142,,1
OR.PA-management-noise-242,8,0.047701,,1
OR.PA-management-noise-242,9,0.028155,,1
OR.PA-management-noise-242,10,0.03382,,1
OR.PA-management-noise-242,11,0.028979,,1
OR.PA-management-noise-242,12,0.042535,,1
OR.PA-management-noise-242,13,0.056166,,1
OR.PA-management-noise-242,14,0.048528,,1
OR.PA-management-noise-242,15,0.039536,,1
OR.PA-management-noise-242,16,0.030834,,1
OR.PA-management-noise-242,17,0.037982,,1
OR.PA-management-noise-242,18,0.048858,,1
OR.PA-management-noise-242,19,0.043478,,1
OR.PA-management-noise-242,20,0.053827,,1
OR.PA-management-noise-242,21,0.040308,,1
OR.PA-management-noise-242,22,0.052693,,1
OR.PA-management-noise-242,23,0.056304,,1
OR.PA-management-noise-242,24,0.06161,,1
OR.PA-management-noise-242,25,0.067584,,1
OR.PA-management-noise-242,26,0.049265,,1
OR.PA-management-noise-242,27,0.047831,,1
OR.PA-management-noise-242,28,0.057742,,1
OR.PA-management-noise-242,29,0.062859,,1
OR.PA-management-noise-242,30,0.070473,,1
OR.PA-management-noise-241,1,0.021145,,1
OR.PA-management-noise-241,2,0.01864,,1
OR.PA-management-noise-241,3,0.044051,,1
OR.PA-management-noise-241,4,0.039513,,1
OR.PA-management-noise-241,5,0.034371,,1
OR.PA-management-noise-241,6,0.041938,,1
OR.PA-management-noise-241,7,0.038142,,1
OR.PA-management-noise-241,8,0.047701,,1
OR.PA-management-noise-241,9,0.028155,,1
OR.PA-management-noise-241,10,0.03382,,1
OR.PA-management-noise-241,11,0.028979,,1
OR.PA-management-noise-241,12,0.042535,,1
OR.PA-management-noise-241,13,0.056166,,1
OR.PA-management-noise-241,14,0.048528,,1
OR.PA-management-noise-241,15,0.039536,,1
OR.PA-management-noise-241,16,0.030834,,1
OR.PA-management-noise-241,17,0.037982,,1
OR.PA-management-noise-241,18,0.048858,,1
OR.PA-management-noise-241,19,0.043478,,1
OR.PA-management-noise-241,20,0.053827,,1
OR.PA-management-noise-241,21,0.040308,,1
OR.PA-management-noise-241,22,0.052693,,1
OR.PA-management-noise-241,23,0.056304,,1
OR.PA-management-noise-241,24,0.06161,,1
OR.PA-management-noise-241,25,0.067584,,1
OR.PA-management-noise-241,26,0.049265,,1
OR.PA-management-noise-241,27,0.047831,,1
OR.PA-management-noise-241,28,0.057742,,1
OR.PA-management-noise-241,29,0.062859,,1
OR.PA-management-noise-241,30,0.070473,,1
OR.PA-management-noise-240,1,0.021145,,1
OR.PA-management-noise-240,2,0.01864,,1
OR.PA-management-noise-240,3,0.044051,,1
OR.PA-management-noise-240,4,0.039513,,1
OR.PA-management-noise-240,5,0.034371,,1
OR.PA-management-noise-240,6,0.041938,,1
OR.PA-management-noise-240,7,0.038142,,1
OR.PA-management-noise-240,8,0.047701,,1
OR.PA-management-noise-240,9,0.028155,,1
OR.PA-management-noise-240,10,0.03382,,1
OR.PA-management-noise-240,11,0.028979,,1
OR.PA-management-noise-240,12,0.042535,,1
OR.PA-management-noise-240,13,0.056166,,1
OR.PA-management-noise-240,14,0.048528,,1
OR.PA-management-noise-240,15,0.039536,,1
OR.PA-management-noise-240,16,0.030834,,1
OR.PA-management-noise-240,17,0.037982,,1
OR.PA-management-noise-240,18,0.048858,,1
OR.PA-management-noise-240,19,0.043478,,1
OR.PA-management-noise-240,20,0.053827,,1
OR.PA-management-noise-240,21,0.040308,,1
OR.PA-management-noise-240,22,0.052693,,1
OR.PA-management-noise-240,23,0.056304,,1
OR.PA-management-noise-240,24,0.06161,,1
OR.PA-management-noise-240,25,0.067584,,1
OR.PA-management-noise-240,26,0.049265,,1
OR.PA-management-noise-240,27,0.047831,,1
OR.PA-management-noise-240,28,0.057742,,1
OR.PA-management-noise-240,29,0.062859,,1
OR.PA-management-noise-240,30,0.070473,,1
OR.PA-management-noise-239,1,0.021145,,1
OR.PA-management-noise-239,2,0.01864,,1
OR.PA-management-noise-239,3,0.044051,,1
OR.PA-management-noise-239,4,0.039513,,1
OR.PA-management-noise-239,5,0.034371,,1
OR.PA-management-noise-239,6,0.041938,,1
OR.PA-management-noise-239,7,0.038142,,1
OR.PA-management-noise-239,8,0.047701,,1
OR.PA-management-noise-239,9,0.028155,,1
OR.PA-management-noise-239,10,0.03382,,1
OR.PA-management-noise-239,11,0.028979,,1
OR.PA-management-noise-239,12,0.042535,,1
OR.PA-management-noise-239,13,0.056166,,1
OR.PA-management-noise-239,14,0.048528,,1
OR.PA-management-noise-239,15,0.039536,,1
OR.PA-management-noise-239,16,0.030834,,1
OR.PA-management-noise-239,17,0.037982,,1
OR.PA-management-noise-239,18,0.048858,,1
OR.PA-management-noise-239,19,0.043478,,1
OR.PA-management-noise-239,20,0.053827,,1
OR.PA-management-noise-239,21,0.040308,,1
OR.PA-management-noise-239,22,0.052693,,1
OR.PA-management-noise-239,23,0.056304,,1
OR.PA-management-noise-239,24,0.06161,,1
OR.PA-management-noise-239,25,0.067584,,1
OR.PA-management-noise-239,26,0.049265,,1
OR.PA-management-noise-239,27,0.047831,,1
OR.PA-management-noise-239,28,0.057742,,1
OR.PA-management-noise-239,29,0.062859,,1
OR.PA-management-noise-239,30,0.070473,,1
OR.PA-management-noise-238,1,0.021145,,1
OR.PA-management-noise-238,2,0.01864,,1
OR.PA-management-noise-238,3,0.044051,,1
OR.PA-management-noise-238,4,0.039513,,1
OR.PA-management-noise-238,5,0.034371,,1
OR.PA-management-noise-238,6,0.041938,,1
OR.PA-management-noise-238,7,0.038142,,1
OR.PA-management-noise-238,8,0.047701,,1
OR.PA-management-noise-238,9,0.028155,,1
OR.PA-management-noise-238,10,0.03382,,1
OR.PA-management-noise-238,11,0.028979,,1
OR.PA-management-noise-238,12,0.042535,,1
OR.PA-management-noise-238,13,0.056166,,1
OR.PA-management-noise-238,14,0.048528,,1
OR.PA-management-noise-238,15,0.039536,,1
OR.PA-management-noise-238,16,0.030834,,1
OR.PA-management-noise-238,17,0.037982,,1
OR.PA-management-noise-238,18,0.048858,,1
OR.PA-management-noise-238,19,0.043478,,1
OR.PA-management-noise-238,20,0.053827,,1
OR.PA-management-noise-238,21,0.040308,,1
OR.PA-management-noise-238,22,0.052693,,1
OR.PA-management-noise-238,23,0.056304,,1
OR.PA-management-noise-238,24,0.06161,,1
OR.PA-management-noise-238,25,0.067584,,1
OR.PA-management-noise-238,26,0.049265,,1
OR.PA-management-noise-238,27,0.047831,,1
OR.PA-management-noise-238,28,0.057742,,1
OR.PA-management-noise-238,29,0.062859,,1
OR.PA-management-noise-238,30,0.070473,,1
OR.PA-management-noise-237,1,0.021145,,1
OR.PA-management-noise-237,2,0.01864,,1
OR.PA-management-noise-237,3,0.044051,,1
OR.PA-management-noise-237,4,0.039513,,1
OR.PA-management-noise-237,5,0.034371,,1
OR.PA-management-noise-237,6,0.041938,,1
OR.PA-management-noise-237,7,0.038142,,1
OR.PA-management-noise-237,8,0.047701,,1
OR.PA-management-noise-237,9,0.028155,,1
OR.PA-management-noise-237,10,0.03382,,1
OR.PA-management-noise-237,11,0.028979,,1
OR.PA-management-noise-237,12,0.042535,,1
OR.PA-management-noise-237,13,0.056166,,1
OR.PA-management-noise-237,14,0.048528,,1
OR.PA-management-noise-237,15,0.039536,,1
OR.PA-management-noise-237,16,0.030834,,1
OR.PA-management-noise-237,17,0.037982,,1
OR.PA-management-noise-237,18,0.048858,,1
OR.PA-management-noise-237,19,0.043478,,1
OR.PA-management-noise-237,20,0.053827,,1
OR.PA-management-noise-237,21,0.040308,,1
OR.PA-management-noise-237,22,0.052693,,1
OR.PA-management-noise-237,23,0.056304,,1
OR.PA-management-noise-237,24,0.06161,,1
OR.PA-management-noise-237,25,0.067584,,1
OR.PA-management-noise-237,26,0.049265,,1
OR.PA-management-noise-237,27,0.047831,,1
OR.PA-management-noise-237,28,0.057742,,1
OR.PA-management-noise-237,29,0.062859,,1
OR.PA-management-noise-237,30,0.070473,,1
OR.PA-management-noise-233,1,0.021145,,1
OR.PA-management-noise-233,2,0.01864,,1
OR.PA-management-noise-233,3,0.044051,,1
OR.PA-management-noise-233,4,0.039513,,1
OR.PA-management-noise-233,5,0.034371,,1
OR.PA-management-noise-233,6,0.041938,,1
OR.PA-management-noise-233,7,0.038142,,1
OR.PA-management-noise-233,8,0.047701,,1
OR.PA-management-noise-233,9,0.028155,,1
OR.PA-management-noise-233,10,0.03382,,1
OR.PA-management-noise-233,11,0.028979,,1
OR.PA-management-noise-233,12,0.042535,,1
OR.PA-management-noise-233,13,0.056166,,1
OR.PA-management-noise-233,14,0.048528,,1
OR.PA-management-noise-233,15,0.039536,,1
OR.PA-management-noise-233,16,0.030834,,1
OR.PA-management-noise-233,17,0.037982,,1
OR.PA-management-noise-233,18,0.048858,,1
OR.PA-management-noise-233,19,0.043478,,1
OR.PA-management-noise-233,20,0.053827,,1
OR.PA-management-noise-233,21,0.040308,,1
OR.PA-management-noise-233,22,0.052693,,1
OR.PA-management-noise-233,23,0.056304,,1
OR.PA-management-noise-233,24,0.06161,,1
OR.PA-management-noise-233,25,0.067584,,1
OR.PA-management-noise-233,26,0.049265,,1
OR.PA-management-noise-233,27,0.047831,,1
OR.PA-management-noise-233,28,0.057742,,1
OR.PA-management-noise-233,29,0.062859,,1
OR.PA-management-noise-233,30,0.070473,,1
OR.PA-management-noise-232,1,0.021145,,1
OR.PA-management-noise-232,2,0.01864,,1
OR.PA-management-noise-232,3,0.044051,,1
OR.PA-management-noise-232,4,0.039513,,1
OR.PA-management-noise-232,5,0.034371,,1
OR.PA-management-noise-232,6,0.041938,,1
OR.PA-management-noise-232,7,0.038142,,1
OR.PA-management-noise-232,8,0.047701,,1
OR.PA-management-noise-232,9,0.028155,,1
OR.PA-management-noise-232,10,0.03382,,1
OR.PA-management-noise-232,11,0.028979,,1
OR.PA-management-noise-232,12,0.042535,,1
OR.PA-management-noise-232,13,0.056166,,1
OR.PA-management-noise-232,14,0.048528,,1
OR.PA-management-noise-232,15,0.039536,,1
OR.PA-management-noise-232,16,0.030834,,1
OR.PA-management-noise-232,17,0.037982,,1
OR.PA-management-noise-232,18,0.048858,,1
OR.PA-management-noise-232,19,0.043478,,1
OR.PA-management-noise-232,20,0.053827,,1
OR.PA-management-noise-232,21,0.040308,,1
OR.PA-management-noise-232,22,0.052693,,1
OR.PA-management-noise-232,23,0.056304,,1
OR.PA-management-noise-232,24,0.06161,,1
OR.PA-management-noise-232,25,0.067584,,1
OR.PA-management-noise-232,26,0.049265,,1
OR.PA-management-noise-232,27,0.047831,,1
OR.PA-management-noise-232,28,0.057742,,1
OR.PA-management-noise-232,29,0.062859,,1
OR.PA-management-noise-232,30,0.070473,,1
OR.PA-management-noise-230,1,0.021145,,1
OR.PA-management-noise-230,2,0.01864,,1
OR.PA-management-noise-230,3,0.044051,,1
OR.PA-management-noise-230,4,0.039513,,1
OR.PA-management-noise-230,5,0.034371,,1
OR.PA-management-noise-230,6,0.041938,,1
OR.PA-management-noise-230,7,0.038142,,1
OR.PA-management-noise-230,8,0.047701,,1
OR.PA-management-noise-230,9,0.028155,,1
OR.PA-management-noise-230,10,0.03382,,1
OR.PA-management-noise-230,11,0.028979,,1
OR.PA-management-noise-230,12,0.042535,,1
OR.PA-management-noise-230,13,0.056166,,1
OR.PA-management-noise-230,14,0.048528,,1
OR.PA-management-noise-230,15,0.039536,,1
OR.PA-management-noise-230,16,0.030834,,1
OR.PA-management-noise-230,17,0.037982,,1
OR.PA-management-noise-230,18,0.048858,,1
OR.PA-management-noise-230,19,0.043478,,1
OR.PA-management-noise-230,20,0.053827,,1
OR.PA-management-noise-230,21,0.040308,,1
OR.PA-management-noise-230,22,0.052693,,1
OR.PA-management-noise-230,23,0.056304,,1
OR.PA-management-noise-230,24,0.06161,,1
OR.PA-management-noise-230,25,0.067584,,1
OR.PA-management-noise-230,26,0.049265,,1
OR.PA-management-noise-230,27,0.047831,,1
OR.PA-management-noise-230,28,0.057742,,1
OR.PA-management-noise-230,29,0.062859,,1
OR.PA-management-noise-230,30,0.070473,,1
OR.PA-management-noise-228,1,0.021145,,1
OR.PA-management-noise-228,2,0.01864,,1
OR.PA-management-noise-228,3,0.044051,,1
OR.PA-management-noise-228,4,0.039513,,1
OR.PA-management-noise-228,5,0.034371,,1
OR.PA-management-noise-228,6,0.041938,,1
OR.PA-management-noise-228,7,0.038142,,1
OR.PA-management-noise-228,8,0.047701,,1
OR.PA-management-noise-228,9,0.028155,,1
OR.PA-management-noise-228,10,0.03382,,1
OR.PA-management-noise-228,11,0.028979,,1
OR.PA-management-noise-228,12,0.042535,,1
OR.PA-management-noise-228,13,0.056166,,1
OR.PA-management-noise-228,14,0.048528,,1
OR.PA-management-noise-228,15,0.039536,,1
OR.PA-management-noise-228,16,0.030834,,1
OR.PA-management-noise-228,17,0.037982,,1
OR.PA-management-noise-228,18,0.048858,,1
OR.PA-management-noise-228,19,0.043478,,1
OR.PA-management-noise-228,20,0.053827,,1
OR.PA-management-noise-228,21,0.040308,,1
OR.PA-management-noise-228,22,0.052693,,1
OR.PA-management-noise-228,23,0.056304,,1
OR.PA-management-noise-228,24,0.06161,,1
OR.PA-management-noise-228,25,0.067584,,1
OR.PA-management-noise-228,26,0.049265,,1
OR.PA-management-noise-228,27,0.047831,,1
OR.PA-management-noise-228,28,0.057742,,1
OR.PA-management-noise-228,29,0.062859,,1
OR.PA-management-noise-228,30,0.070473,,1
OR.PA-management-noise-226,1,0.021145,,1
OR.PA-management-noise-226,2,0.01864,,1
OR.PA-management-noise-226,3,0.044051,,1
OR.PA-management-noise-226,4,0.039513,,1
OR.PA-management-noise-226,5,0.034371,,1
OR.PA-management-noise-226,6,0.041938,,1
OR.PA-management-noise-226,7,0.038142,,1
OR.PA-management-noise-226,8,0.047701,,1
OR.PA-management-noise-226,9,0.028155,,1
OR.PA-management-noise-226,10,0.03382,,1
OR.PA-management-noise-226,11,0.028979,,1
OR.PA-management-noise-226,12,0.042535,,1
OR.PA-management-noise-226,13,0.056166,,1
OR.PA-management-noise-226,14,0.048528,,1
OR.PA-management-noise-226,15,0.039536,,1
OR.PA-management-noise-226,16,0.030834,,1
OR.PA-management-noise-226,17,0.037982,,1
OR.PA-management-noise-226,18,0.048858,,1
OR.PA-management-noise-226,19,0.043478,,1
OR.PA-management-noise-226,20,0.053827,,1
OR.PA-management-noise-226,21,0.040308,,1
OR.PA-management-noise-226,22,0.052693,,1
OR.PA-management-noise-226,23,0.056304,,1
OR.PA-management-noise-226,24,0.06161,,1
OR.PA-management-noise-226,25,0.067584,,1
OR.PA-management-noise-226,26,0.049265,,1
OR.PA-management-noise-226,27,0.047831,,1
OR.PA-management-noise-226,28,0.057742,,1
OR.PA-management-noise-226,29,0.062859,,1
OR.PA-management-noise-226,30,0.070473,,1
OR.PA-management-noise-223,1,0.021145,,1
OR.PA-management-noise-223,2,0.01864,,1
OR.PA-management-noise-223,3,0.044051,,1
OR.PA-management-noise-223,4,0.039513,,1
OR.PA-management-noise-223,5,0.034371,,1
OR.PA-management-noise-223,6,0.041938,,1
OR.PA-management-noise-223,7,0.038142,,1
OR.PA-management-noise-223,8,0.047701,,1
OR.PA-management-noise-223,9,0.028155,,1
OR.PA-management-noise-223,10,0.03382,,1
OR.PA-management-noise-223,11,0.028979,,1
OR.PA-management-noise-223,12,0.042535,,1
OR.PA-management-noise-223,13,0.056166,,1
OR.PA-management-noise-223,14,0.048528,,1
OR.PA-management-noise-223,15,0.039536,,1
OR.PA-management-noise-223,16,0.030834,,1
OR.PA-management-noise-223,17,0.037982,,1
OR.PA-management-noise-223,18,0.048858,,1
OR.PA-management-noise-223,19,0.043478,,1
OR.PA-management-noise-223,20,0.053827,,1
OR.PA-management-noise-223,21,0.040308,,1
OR.PA-management-noise-223,22,0.052693,,1
OR.PA-management-noise-223,23,0.056304,,1
OR.PA-management-noise-223,24,0.06161,,1
OR.PA-management-noise-223,25,0.067584,,1
OR.PA-management-noise-223,26,0.049265,,1
OR.PA-management-noise-223,27,0.047831,,1
OR.PA-management-noise-223,28,0.057742,,1
OR.PA-management-noise-223,29,0.062859,,1
OR.PA-management-noise-223,30,0.070473,,1
OR.PA-management-noise-222,1,0.021145,,1
OR.PA-management-noise-222,2,0.01864,,1
OR.PA-management-noise-222,3,0.044051,,1
OR.PA-management-noise-222,4,0.039513,,1
OR.PA-management-noise-222,5,0.034371,,1
OR.PA-management-noise-222,6,0.041938,,1
OR.PA-management-noise-222,7,0.038142,,1
OR.PA-management-noise-222,8,0.047701,,1
OR.PA-management-noise-222,9,0.028155,,1
OR.PA-management-noise-222,10,0.03382,,1
OR.PA-management-noise-222,11,0.028979,,1
OR.PA-management-noise-222,12,0.042535,,1
OR.PA-management-noise-222,13,0.056166,,1
OR.PA-management-noise-222,14,0.048528,,1
OR.PA-management-noise-222,15,0.039536,,1
OR.PA-management-noise-222,16,0.030834,,1
OR.PA-management-noise-222,17,0.037982,,1
OR.PA-management-noise-222,18,0.048858,,1
OR.PA-management-noise-222,19,0.043478,,1
OR.PA-management-noise-222,20,0.053827,,1
OR.PA-management-noise-222,21,0.040308,,1
OR.PA-management-noise-222,22,0.052693,,1
OR.PA-management-noise-222,23,0.056304,,1
OR.PA-management-noise-222,24,0.06161,,1
OR.PA-management-noise-222,25,0.067584,,1
OR.PA-management-noise-222,26,0.049265,,1
OR.PA-management-noise-222,27,0.047831,,1
OR.PA-management-noise-222,28,0.057742,,1
OR.PA-management-noise-222,29,0.062859,,1
OR.PA-management-noise-222,30,0.070473,,1
OR.PA-management-noise-216,1,0.001833,,1
OR.PA-management-noise-216,2,-0.010074,,1
OR.PA-management-noise-216,3,0.003001,,1
OR.PA-management-noise-216,4,0.004817,,1
OR.PA-management-noise-216,5,0.013077,,1
OR.PA-management-noise-216,6,0.015776,,1
OR.PA-management-noise-216,7,0.011752,,1
OR.PA-management-noise-216,8,0.001716,,1
OR.PA-management-noise-216,9,0.023039,,1
OR.PA-management-noise-216,10,0.020711,,1
OR.PA-management-noise-216,11,0.046299,,1
OR.PA-management-noise-216,12,0.041939,,1
OR.PA-management-noise-216,13,0.036974,,1
OR.PA-management-noise-216,14,0.044719,,1
OR.PA-management-noise-216,15,0.0411,,1
OR.PA-management-noise-216,16,0.050837,,1
OR.PA-management-noise-216,17,0.031468,,1
OR.PA-management-noise-216,18,0.03731,,1
OR.PA-management-noise-216,19,0.032646,,1
OR.PA-management-noise-216,20,0.04638,,1
OR.PA-management-noise-216,21,0.060188,,1
OR.PA-management-noise-216,22,0.052728,,1
OR.PA-management-noise-216,23,0.043913,,1
OR.PA-management-noise-216,24,0.035388,,1
OR.PA-management-noise-216,25,0.042714,,1
OR.PA-management-noise-216,26,0.053767,,1
OR.PA-management-noise-216,27,0.048564,,1
OR.PA-management-noise-216,28,0.059091,,1
OR.PA-management-noise-216,29,0.045749,,1
OR.PA-management-noise-216,30,0.058311,,1
OR.PA-management-noise-215,1,0.001833,,1
OR.PA-management-noise-215,2,-0.010074,,1
OR.PA-management-noise-215,3,0.003001,,1
OR.PA-management-noise-215,4,0.004817,,1
OR.PA-management-noise-215,5,0.013077,,1
OR.PA-management-noise-215,6,0.015776,,1
OR.PA-management-noise-215,7,0.011752,,1
OR.PA-management-noise-215,8,0.001716,,1
OR.PA-management-noise-215,9,0.023039,,1
OR.PA-management-noise-215,10,0.020711,,1
OR.PA-management-noise-215,11,0.046299,,1
OR.PA-management-noise-215,12,0.041939,,1
OR.PA-management-noise-215,13,0.036974,,1
OR.PA-management-noise-215,14,0.044719,,1
OR.PA-management-noise-215,15,0.0411,,1
OR.PA-management-noise-215,16,0.050837,,1
OR.PA-management-noise-215,17,0.031468,,1
OR.PA-management-noise-215,18,0.03731,,1
OR.PA-management-noise-215,19,0.032646,,1
OR.PA-management-noise-215,20,0.04638,,1
OR.PA-management-noise-215,21,0.060188,,1
OR.PA-management-noise-215,22,0.052728,,1
OR.PA-management-noise-215,23,0.043913,,1
OR.PA-management-noise-215,24,0.035388,,1
OR.PA-management-noise-215,25,0.042714,,1
OR.PA-management-noise-215,26,0.053767,,1
OR.PA-management-noise-215,27,0.048564,,1
OR.PA-management-noise-215,28,0.059091,,1
OR.PA-management-noise-215,29,0.045749,,1
OR.PA-management-noise-215,30,0.058311,,1
OR.PA-management-noise-211,1,0.001833,,1
OR.PA-management-noise-211,2,-0.010074,,1
OR.PA-management-noise-211,3,0.003001,,1
OR.PA-management-noise-211,4,0.004817,,1
OR.PA-management-noise-211,5,0.013077,,1
OR.PA-management-noise-211,6,0.015776,,1
OR.PA-management-noise-211,7,0.011752,,1
OR.PA-management-noise-211,8,0.001716,,1
OR.PA-management-noise-211,9,0.023039,,1
OR.PA-management-noise-211,10,0.020711,,1
OR.PA-management-noise-211,11,0.046299,,1
OR.PA-management-noise-211,12,0.041939,,1
OR.PA-management-noise-211,13,0.036974,,1
OR.PA-management-noise-211,14,0.044719,,1
OR.PA-management-noise-211,15,0.0411,,1
OR.PA-management-noise-211,16,0.050837,,1
OR.PA-management-noise-211,17,0.031468,,1
OR.PA-management-noise-211,18,0.03731,,1
OR.PA-management-noise-211,19,0.032646,,1
OR.PA-management-noise-211,20,0.04638,,1
OR.PA-management-noise-211,21,0.060188,,1
OR.PA-management-noise-211,22,0.052728,,1
OR.PA-management-noise-211,23,0.043913,,1
OR.PA-management-noise-211,24,0.035388,,1
OR.PA-management-noise-211,25,0.042714,,1
OR.PA-management-noise-211,26,0.053767,,1
OR.PA-management-noise-211,27,0.048564,,1
OR.PA-management-noise-211,28,0.059091,,1
OR.PA-management-noise-211,29,0.045749,,1
OR.PA-management-noise-211,30,0.058311,,1
OR.PA-management-noise-198,1,0.001833,,1
OR.PA-management-noise-198,2,-0.010074,,1
OR.PA-management-noise-198,3,0.003001,,1
OR.PA-management-noise-198,4,0.004817,,1
OR.PA-management-noise-198,5,0.013077,,1
OR.PA-management-noise-198,6,0.015776,,1
OR.PA-management-noise-198,7,0.011752,,1
OR.PA-management-noise-198,8,0.001716,,1
OR.PA-management-noise-198,9,0.023039,,1
OR.PA-management-noise-198,10,0.020711,,1
OR.PA-management-noise-198,11,0.046299,,1
OR.PA-management-noise-198,12,0.041939,,1
OR.PA-management-noise-198,13,0.036974,,1
OR.PA-management-noise-198,14,0.044719,,1
OR.PA-management-noise-198,15,0.0411,,1
OR.PA-management-noise-198,16,0.050837,,1
OR.PA-management-noise-198,17,0.031468,,1
OR.PA-management-noise-198,18,0.03731,,1
OR.PA-management-noise-198,19,0.032646,,1
OR.PA-management-noise-198,20,0.04638,,1
OR.PA-management-noise-198,21,0.060188,,1
OR.PA-management-noise-198,22,0.052728,,1
OR.PA-management-noise-198,23,0.043913,,1
OR.PA-management-noise-198,24,0.035388,,1
OR.PA-management-noise-198,25,0.042714,,1
OR.PA-management-noise-198,26,0.053767,,1
OR.PA-management-noise-198,27,0.048564,,1
OR.PA-management-noise-198,28,0.059091,,1
OR.PA-management-noise-198,29,0.045749,,1
OR.PA-management-noise-198,30,0.058311,,1
OR.PA-management-noise-191,1,0.001833,,1
OR.PA-management-noise-191,2,-0.010074,,1
OR.PA-management-noise-191,3,0.003001,,1
OR.PA-management-noise-191,4,0.004817,,1
OR.PA-management-noise-191,5,0.013077,,1
OR.PA-management-noise-191,6,0.015776,,1
OR.PA-management-noise-191,7,0.011752,,1
OR.PA-management-noise-191,8,0.001716,,1
OR.PA-management-noise-191,9,0.023039,,1
OR.PA-management-noise-191,10,0.020711,,1
OR.PA-management-noise-191,11,0.046299,,1
OR.PA-management-noise-191,12,0.041939,,1
OR.PA-management-noise-191,13,0.036974,,1
OR.PA-management-noise-191,14,0.044719,,1
OR.PA-management-noise-191,15,0.0411,,1
OR.PA-management-noise-191,16,0.050837,,1
OR.PA-management-noise-191,17,0.031468,,1
OR.PA-management-noise-191,18,0.03731,,1
OR.PA-management-noise-191,19,0.032646,,1
OR.PA-management-noise-191,20,0.04638,,1
OR.PA-management-noise-191,21,0.060188,,1
OR.PA-management-noise-191,22,0.052728,,1
OR.PA-management-noise-191,23,0.043913,,1
OR.PA-management-noise-191,24,0.035388,,1
OR.PA-management-noise-191,25,0.042714,,1
OR.PA-management-noise-191,26,0.053767,,1
OR.PA-management-noise-191,27,0.048564,,1
OR.PA-management-noise-191,28,0.059091,,1
OR.PA-management-noise-191,29,0.045749,,1
OR.PA-management-noise-191,30,0.058311,,1
OR.PA-management-noise-183,1,0.001833,,1
OR.PA-management-noise-183,2,-0.010074,,1
OR.PA-management-noise-183,3,0.003001,,1
OR.PA-management-noise-183,4,0.004817,,1
OR.PA-management-noise-183,5,0.013077,,1
OR.PA-management-noise-183,6,0.015776,,1
OR.PA-management-noise-183,7,0.011752,,1
OR.PA-management-noise-183,8,0.001716,,1
OR.PA-management-noise-183,9,0.023039,,1
OR.PA-management-noise-183,10,0.020711,,1
OR.PA-management-noise-183,11,0.046299,,1
OR.PA-management-noise-183,12,0.041939,,1
OR.PA-management-noise-183,13,0.036974,,1
OR.PA-management-noise-183,14,0.044719,,1
OR.PA-management-noise-183,15,0.0411,,1
OR.PA-management-noise-183,16,0.050837,,1
OR.PA-management-noise-183,17,0.031468,,1
OR.PA-management-noise-183,18,0.03731,,1
OR.PA-management-noise-183,19,0.032646,,1
OR.PA-management-noise-183,20,0.04638,,1
OR.PA-management-noise-183,21,0.060188,,1
OR.PA-management-noise-183,22,0.052728,,1
OR.PA-management-noise-183,23,0.043913,,1
OR.PA-management-noise-183,24,0.035388,,1
OR.PA-management-noise-183,25,0.042714,,1
OR.PA-management-noise-183,26,0.053767,,1
OR.PA-management-noise-183,27,0.048564,,1
OR.PA-management-noise-183,28,0.059091,,1
OR.PA-management-noise-183,29,0.045749,,1
OR.PA-management-noise-183,30,0.058311,,1
OR.PA-management-noise-166,1,-0.028864,,1
OR.PA-management-noise-166,2,0.04805,,1
OR.PA-management-noise-166,3,0.110801,,1
OR.PA-management-noise-166,4,0.113683,,1
OR.PA-management-noise-166,5,0.054364,,1
OR.PA-management-noise-166,6,0.08001,,1
OR.PA-management-noise-166,7,0.04924,,1
OR.PA-management-noise-166,8,0.025255,,1
OR.PA-management-noise-166,9,0.044935,,1
OR.PA-management-noise-166,10,0.037501,,1
OR.PA-management-noise-166,11,0.03342,,1
OR.PA-management-noise-166,12,0.052508,,1
OR.PA-management-noise-166,13,0.062193,,1
OR.PA-management-noise-166,14,0.07178,,1
OR.PA-management-noise-166,15,0.094533,,1
OR.PA-management-noise-166,16,0.075734,,1
OR.PA-management-noise-166,17,0.069759,,1
OR.PA-management-noise-166,18,0.082093,,1
OR.PA-management-noise-166,19,0.114018,,1
OR.PA-management-noise-166,20,0.074267,,1
OR.PA-management-noise-166,21,0.083315,,1
OR.PA-management-noise-166,22,0.073736,,1
OR.PA-management-noise-166,23,0.063248,,1
OR.PA-management-noise-166,24,0.074832,,1
OR.PA-management-noise-166,25,0.107331,,1
OR.PA-management-noise-166,26,0.114116,,1
OR.PA-management-noise-166,27,0.148754,,1
OR.PA-management-noise-166,28,0.089888,,1
OR.PA-management-noise-166,29,0.081598,,1
OR.PA-management-noise-166,30,0.060159,,1
OR.PA-management-noise-165,1,-0.028864,,1
OR.PA-management-noise-165,2,0.04805,,1
OR.PA-management-noise-165,3,0.110801,,1
OR.PA-management-noise-165,4,0.113683,,1
OR.PA-management-noise-165,5,0.054364,,1
OR.PA-management-noise-165,6,0.08001,,1
OR.PA-management-noise-165,7,0.04924,,1
OR.PA-management-noise-165,8,0.025255,,1
OR.PA-management-noise-165,9,0.044935,,1
OR.PA-management-noise-165,10,0.037501,,1
OR.PA-management-noise-165,11,0.03342,,1
OR.PA-management-noise-165,12,0.052508,,1
OR.PA-management-noise-165,13,0.062193,,1
OR.PA-management-noise-165,14,0.07178,,1
OR.PA-management-noise-165,15,0.094533,,1
OR.PA-management-noise-165,16,0.075734,,1
OR.PA-management-noise-165,17,0.069759,,1
OR.PA-management-noise-165,18,0.082093,,1
OR.PA-management-noise-165,19,0.114018,,1
OR.PA-management-noise-165,20,0.074267,,1
OR.PA-management-noise-165,21,0.083315,,1
OR.PA-management-noise-165,22,0.073736,,1
OR.PA-management-noise-165,23,0.063248,,1
OR.PA-management-noise-165,24,0.074832,,1
OR.PA-management-noise-165,25,0.107331,,1
OR.PA-management-noise-165,26,0.114116,,1
OR.PA-management-noise-165,27,0.148754,,1
OR.PA-management-noise-165,28,0.089888,,1
OR.PA-management-noise-165,29,0.081598,,1
OR.PA-management-noise-165,30,0.060159,,1
OR.PA-management-noise-164,1,-0.028864,,1
OR.PA-management-noise-164,2,0.04805,,1
OR.PA-management-noise-164,3,0.110801,,1
OR.PA-management-noise-164,4,0.113683,,1
OR.PA-management-noise-164,5,0.054364,,1
OR.PA-management-noise-164,6,0.08001,,1
OR.PA-management-noise-164,7,0.04924,,1
OR.PA-management-noise-164,8,0.025255,,1
OR.PA-management-noise-164,9,0.044935,,1
OR.PA-management-noise-164,10,0.037501,,1
OR.PA-management-noise-164,11,0.03342,,1
OR.PA-management-noise-164,12,0.052508,,1
OR.PA-management-noise-164,13,0.062193,,1
OR.PA-management-noise-164,14,0.07178,,1
OR.PA-management-noise-164,15,0.094533,,1
OR.PA-management-noise-164,16,0.075734,,1
OR.PA-management-noise-164,17,0.069759,,1
OR.PA-management-noise-164,18,0.082093,,1
OR.PA-management-noise-164,19,0.114018,,1
OR.PA-management-noise-164,20,0.074267,,1
OR.PA-management-noise-164,21,0.083315,,1
OR.PA-management-noise-164,22,0.073736,,1
OR.PA-management-noise-164,23,0.063248,,1
OR.PA-management-noise-164,24,0.074832,,1
OR.PA-management-noise-164,25,0.107331,,1
OR.PA-management-noise-164,26,0.114116,,1
OR.PA-management-noise-164,27,0.148754,,1
OR.PA-management-noise-164,28,0.089888,,1
OR.PA-management-noise-164,29,0.081598,,1
OR.PA-management-noise-164,30,0.060159,,1
OR.PA-management-noise-161,1,-0.028864,,1
OR.PA-management-noise-161,2,0.04805,,1
OR.PA-management-noise-161,3,0.110801,,1
OR.PA-management-noise-161,4,0.113683,,1
OR.PA-management-noise-161,5,0.054364,,1
OR.PA-management-noise-161,6,0.08001,,1
OR.PA-management-noise-161,7,0.04924,,1
OR.PA-management-noise-161,8,0.025255,,1
OR.PA-management-noise-161,9,0.044935,,1
OR.PA-management-noise-161,10,0.037501,,1
OR.PA-management-noise-161,11,0.03342,,1
OR.PA-management-noise-161,12,0.052508,,1
OR.PA-management-noise-161,13,0.062193,,1
OR.PA-management-noise-161,14,0.07178,,1
OR.PA-management-noise-161,15,0.094533,,1
OR.PA-management-noise-161,16,0.075734,,1
OR.PA-management-noise-161,17,0.069759,,1
OR.PA-management-noise-161,18,0.082093,,1
OR.PA-management-noise-161,19,0.114018,,1
OR.PA-management-noise-161,20,0.074267,,1
OR.PA-management-noise-161,21,0.083315,,1
OR.PA-management-noise-161,22,0.073736,,1
OR.PA-management-noise-161,23,0.063248,,1
OR.PA-management-noise-161,24,0.074832,,1
OR.PA-management-noise-161,25,0.107331,,1
OR.PA-management-noise-161,26,0.114116,,1
OR.PA-management-noise-161,27,0.148754,,1
OR.PA-management-noise-161,28,0.089888,,1
OR.PA-management-noise-161,29,0.081598,,1
OR.PA-management-noise-161,30,0.060159,,1
OR.PA-management-noise-160,1,-0.028864,,1
OR.PA-management-noise-160,2,0.04805,,1
OR.PA-management-noise-160,3,0.110801,,1
OR.PA-management-noise-160,4,0.113683,,1
OR.PA-management-noise-160,5,0.054364,,1
OR.PA-management-noise-160,6,0.08001,,1
OR.PA-management-noise-160,7,0.04924,,1
OR.PA-management-noise-160,8,0.025255,,1
OR.PA-management-noise-160,9,0.044935,,1
OR.PA-management-noise-160,10,0.037501,,1
OR.PA-management-noise-160,11,0.03342,,1
OR.PA-management-noise-160,12,0.052508,,1
OR.PA-management-noise-160,13,0.062193,,1
OR.PA-management-noise-160,14,0.07178,,1
OR.PA-management-noise-160,15,0.094533,,1
OR.PA-management-noise-160,16,0.075734,,1
OR.PA-management-noise-160,17,0.069759,,1
OR.PA-management-noise-160,18,0.082093,,1
OR.PA-management-noise-160,19,0.114018,,1
OR.PA-management-noise-160,20,0.074267,,1
OR.PA-management-noise-160,21,0.083315,,1
OR.PA-management-noise-160,22,0.073736,,1
OR.PA-management-noise-160,23,0.063248,,1
OR.PA-management-noise-160,24,0.074832,,1
OR.PA-management-noise-160,25,0.107331,,1
OR.PA-management-noise-160,26,0.114116,,1
OR.PA-management-noise-160,27,0.148754,,1
OR.PA-management-noise-160,28,0.089888,,1
OR.PA-management-noise-160,29,0.081598,,1
OR.PA-management-noise-160,30,0.060159,,1
OR.PA-management-noise-159,1,-0.028864,,1
OR.PA-management-noise-159,2,0.04805,,1
OR.PA-management-noise-159,3,0.110801,,1
OR.PA-management-noise-159,4,0.113683,,1
OR.PA-management-noise-159,5,0.054364,,1
OR.PA-management-noise-159,6,0.08001,,1
OR.PA-management-noise-159,7,0.04924,,1
OR.PA-management-noise-159,8,0.025255,,1
OR.PA-management-noise-159,9,0.044935,,1
OR.PA-management-noise-159,10,0.037501,,1
OR.PA-management-noise-159,11,0.03342,,1
OR.PA-management-noise-159,12,0.052508,,1
OR.PA-management-noise-159,13,0.062193,,1
OR.PA-management-noise-159,14,0.07178,,1
OR.PA-management-noise-159,15,0.094533,,1
OR.PA-management-noise-159,16,0.075734,,1
OR.PA-management-noise-159,17,0.069759,,1
OR.PA-management-noise-159,18,0.082093,,1
OR.PA-management-noise-159,19,0.114018,,1
OR.PA-management-noise-159,20,0.074267,,1
OR.PA-management-noise-159,21,0.083315,,1
OR.PA-management-noise-159,22,0.073736,,1
OR.PA-management-noise-159,23,0.063248,,1
OR.PA-management-noise-159,24,0.074832,,1
OR.PA-management-noise-159,25,0.107331,,1
OR.PA-management-noise-159,26,0.114116,,1
OR.PA-management-noise-159,27,0.148754,,1
OR.PA-management-noise-159,28,0.089888,,1
OR.PA-management-noise-159,29,0.081598,,1
OR.PA-management-noise-159,30,0.060159,,1
OR.PA-management-noise-142,1,-0.028864,,1
OR.PA-management-noise-142,2,0.04805,,1
OR.PA-management-noise-142,3,0.110801,,1
OR.PA-management-noise-142,4,0.113683,,1
OR.PA-management-noise-142,5,0.054364,,1
OR.PA-management-noise-142,6,0.08001,,1
OR.PA-management-noise-142,7,0.04924,,1
OR.PA-management-noise-142,8,0.025255,,1
OR.PA-management-noise-142,9,0.044935,,1
OR.PA-management-noise-142,10,0.037501,,1
OR.PA-management-noise-142,11,0.03342,,1
OR.PA-management-noise-142,12,0.052508,,1
OR.PA-management-noise-142,13,0.062193,,1
OR.PA-management-noise-142,14,0.07178,,1
OR.PA-management-noise-142,15,0.094533,,1
OR.PA-management-noise-142,16,0.075734,,1
OR.PA-management-noise-142,17,0.069759,,1
OR.PA-management-noise-142,18,0.082093,,1
OR.PA-management-noise-142,19,0.114018,,1
OR.PA-management-noise-142,20,0.074267,,1
OR.PA-management-noise-142,21,0.083315,,1
OR.PA-management-noise-142,22,0.073736,,1
OR.PA-management-noise-142,23,0.063248,,1
OR.PA-management-noise-142,24,0.074832,,1
OR.PA-management-noise-142,25,0.107331,,1
OR.PA-management-noise-142,26,0.114116,,1
OR.PA-management-noise-142,27,0.148754,,1
OR.PA-management-noise-142,28,0.089888,,1
OR.PA-management-noise-142,29,0.081598,,1
OR.PA-management-noise-142,30,0.060159,,1
OR.PA-management-noise-120,1,0.009643,,1
OR.PA-management-noise-120,2,0.008883,,1
OR.PA-management-noise-120,3,0.015846,,1
OR.PA-management-noise-120,4,0.007734,,1
OR.PA-management-noise-120,5,0.00808,,1
OR.PA-management-noise-120,6,-0.005278,,1
OR.PA-management-noise-120,7,-0.009019,,1
OR.PA-management-noise-120,8,-0.007162,,1
OR.PA-management-noise-120,9,0.006509,,1
OR.PA-management-noise-120,10,-0.019156,,1
OR.PA-management-noise-120,11,-0.019156,,1
OR.PA-management-noise-120,12,-0.058604,,1
OR.PA-management-noise-120,13,-0.072706,,1
OR.PA-management-noise-120,14,-0.068704,,1
OR.PA-management-noise-120,15,-0.099399,,1
OR.PA-management-noise-120,16,-0.123498,,1
OR.PA-management-noise-120,17,-0.098012,,1
OR.PA-management-noise-120,18,-0.083506,,1
OR.PA-management-noise-120,19,-0.052923,,1
OR.PA-management-noise-120,20,-0.061788,,1
OR.PA-management-noise-120,21,-0.077784,,1
OR.PA-management-noise-120,22,-0.147849,,1
OR.PA-management-noise-120,23,-0.159164,,1
OR.PA-management-noise-120,24,-0.180548,,1
OR.PA-management-noise-120,25,-0.257158,,1
OR.PA-management-noise-120,26,-0.2443,,1
OR.PA-management-noise-120,27,-0.285094,,1
OR.PA-management-noise-120,28,-0.216459,,1
OR.PA-management-noise-120,29,-0.209534,,1
OR.PA-management-noise-120,30,-0.196502,,1
OR.PA-management-noise-113,1,0.009643,,1
OR.PA-management-noise-113,2,0.008883,,1
OR.PA-management-noise-113,3,0.015846,,1
OR.PA-management-noise-113,4,0.007734,,1
OR.PA-management-noise-113,5,0.00808,,1
OR.PA-management-noise-113,6,-0.005278,,1
OR.PA-management-noise-113,7,-0.009019,,1
OR.PA-management-noise-113,8,-0.007162,,1
OR.PA-management-noise-113,9,0.006509,,1
OR.PA-management-noise-113,10,-0.019156,,1
OR.PA-management-noise-113,11,-0.019156,,1
OR.PA-management-noise-113,12,-0.058604,,1
OR.PA-management-noise-113,13,-0.072706,,1
OR.PA-management-noise-113,14,-0.068704,,1
OR.PA-management-noise-113,15,-0.099399,,1
OR.PA-management-noise-113,16,-0.123498,,1
OR.PA-management-noise-113,17,-0.098012,,1
OR.PA-management-noise-113,18,-0.083506,,1
OR.PA-management-noise-113,19,-0.052923,,1
OR.PA-management-noise-113,20,-0.061788,,1
OR.PA-management-noise-113,21,-0.077784,,1
OR.PA-management-noise-113,22,-0.147849,,1
OR.PA-management-noise-113,23,-0.159164,,1
OR.PA-management-noise-113,24,-0.180548,,1
OR.PA-management-noise-113,25,-0.257158,,1
OR.PA-management-noise-113,26,-0.2443,,1
OR.PA-management-noise-113,27,-0.285094,,1
OR.PA-management-noise-113,28,-0.216459,,1
OR.PA-management-noise-113,29,-0.209534,,1
OR.PA-management-noise-113,30,-0.196502,,1
OR.PA-management-noise-110,1,0.002636,,1
OR.PA-management-noise-110,2,0.008844,,1
OR.PA-management-noise-110,3,-0.00779,,1
OR.PA-management-noise-110,4,-0.031648,,1
OR.PA-management-noise-110,5,-0.020301,,1
OR.PA-management-noise-110,6,-0.053576,,1
OR.PA-management-noise-110,7,-0.086571,,1
OR.PA-management-noise-110,8,-0.09577,,1
OR.PA-management-noise-110,9,-0.078495,,1
OR.PA-management-noise-110,10,-0.059052,,1
OR.PA-management-noise-110,11,-0.083362,,1
OR.PA-management-noise-110,12,-0.077445,,1
OR.PA-management-noise-110,13,-0.083508,,1
OR.PA-management-noise-110,14,-0.099966,,1
OR.PA-management-noise-110,15,-0.100886,,1
OR.PA-management-noise-110,16,-0.089733,,1
OR.PA-management-noise-110,17,-0.073259,,1
OR.PA-management-noise-110,18,-0.080112,,1
OR.PA-management-noise-110,19,-0.062215,,1
OR.PA-management-noise-110,20,-0.072752,,1
OR.PA-management-noise-110,21,-0.08675,,1
OR.PA-management-noise-110,22,-0.078006,,1
OR.PA-management-noise-110,23,-0.057006,,1
OR.PA-management-noise-110,24,-0.049823,,1
OR.PA-management-noise-110,25,-0.039506,,1
OR.PA-management-noise-110,26,-0.044107,,1
OR.PA-management-noise-110,27,-0.035492,,1
OR.PA-management-noise-110,28,-0.030536,,1
OR.PA-management-noise-110,29,-0.024841,,1
OR.PA-management-noise-110,30,-0.042852,,1
OR.PA-management-noise-109,1,0.002636,,1
OR.PA-management-noise-109,2,0.008844,,1
OR.PA-management-noise-109,3,-0.00779,,1
OR.PA-management-noise-109,4,-0.031648,,1
OR.PA-management-noise-109,5,-0.020301,,1
OR.PA-management-noise-109,6,-0.053576,,1
OR.PA-management-noise-109,7,-0.086571,,1
OR.PA-management-noise-109,8,-0.09577,,1
OR.PA-management-noise-109,9,-0.078495,,1
OR.PA-management-noise-109,10,-0.059052,,1
OR.PA-management-noise-109,11,-0.083362,,1
OR.PA-management-noise-109,12,-0.077445,,1
OR.PA-management-noise-109,13,-0.083508,,1
OR.PA-management-noise-109,14,-0.099966,,1
OR.PA-management-noise-109,15,-0.100886,,1
OR.PA-management-noise-109,16,-0.089733,,1
OR.PA-management-noise-109,17,-0.073259,,1
OR.PA-management-noise-109,18,-0.080112,,1
OR.PA-management-noise-109,19,-0.062215,,1
OR.PA-management-noise-109,20,-0.072752,,1
OR.PA-management-noise-109,21,-0.08675,,1
OR.PA-management-noise-109,22,-0.078006,,1
OR.PA-management-noise-109,23,-0.057006,,1
OR.PA-management-noise-109,24,-0.049823,,1
OR.PA-management-noise-109,25,-0.039506,,1
OR.PA-management-noise-109,26,-0.044107,,1
OR.PA-management-noise-109,27,-0.035492,,1
OR.PA-management-noise-109,28,-0.030536,,1
OR.PA-management-noise-109,29,-0.024841,,1
OR.PA-management-noise-109,30,-0.042852,,1
OR.PA-management-noise-108,1,0.002636,,1
OR.PA-management-noise-108,2,0.008844,,1
OR.PA-management-noise-108,3,-0.00779,,1
OR.PA-management-noise-108,4,-0.031648,,1
OR.PA-management-noise-108,5,-0.020301,,1
OR.PA-management-noise-108,6,-0.053576,,1
OR.PA-management-noise-108,7,-0.086571,,1
OR.PA-management-noise-108,8,-0.09577,,1
OR.PA-management-noise-108,9,-0.078495,,1
OR.PA-management-noise-108,10,-0.059052,,1
OR.PA-management-noise-108,11,-0.083362,,1
OR.PA-management-noise-108,12,-0.077445,,1
OR.PA-management-noise-108,13,-0.083508,,1
OR.PA-management-noise-108,14,-0.099966,,1
OR.PA-management-noise-108,15,-0.100886,,1
OR.PA-management-noise-108,16,-0.089733,,1
OR.PA-management-noise-108,17,-0.073259,,1
OR.PA-management-noise-108,18,-0.080112,,1
OR.PA-management-noise-108,19,-0.062215,,1
OR.PA-management-noise-108,20,-0.072752,,1
OR.PA-management-noise-108,21,-0.08675,,1
OR.PA-management-noise-108,22,-0.078006,,1
OR.PA-management-noise-108,23,-0.057006,,1
OR.PA-management-noise-108,24,-0.049823,,1
OR.PA-management-noise-108,25,-0.039506,,1
OR.PA-management-noise-108,26,-0.044107,,1
OR.PA-management-noise-108,27,-0.035492,,1
OR.PA-management-noise-108,28,-0.030536,,1
OR.PA-management-noise-108,29,-0.024841,,1
OR.PA-management-noise-108,30,-0.042852,,1
OR.PA-management-noise-107,1,0.002636,,1
OR.PA-management-noise-107,2,0.008844,,1
OR.PA-management-noise-107,3,-0.00779,,1
OR.PA-management-noise-107,4,-0.031648,,1
OR.PA-management-noise-107,5,-0.020301,,1
OR.PA-management-noise-107,6,-0.053576,,1
OR.PA-management-noise-107,7,-0.086571,,1
OR.PA-management-noise-107,8,-0.09577,,1
OR.PA-management-noise-107,9,-0.078495,,1
OR.PA-management-noise-107,10,-0.059052,,1
OR.PA-management-noise-107,11,-0.083362,,1
OR.PA-management-noise-107,12,-0.077445,,1
OR.PA-management-noise-107,13,-0.083508,,1
OR.PA-management-noise-107,14,-0.099966,,1
OR.PA-management-noise-107,15,-0.100886,,1
OR.PA-management-noise-107,16,-0.089733,,1
OR.PA-management-noise-107,17,-0.073259,,1
OR.PA-management-noise-107,18,-0.080112,,1
OR.PA-management-noise-107,19,-0.062215,,1
OR.PA-management-noise-107,20,-0.072752,,1
OR.PA-management-noise-107,21,-0.08675,,1
OR.PA-management-noise-107,22,-0.078006,,1
OR.PA-management-noise-107,23,-0.057006,,1
OR.PA-management-noise-107,24,-0.049823,,1
OR.PA-management-noise-107,25,-0.039506,,1
OR.PA-management-noise-107,26,-0.044107,,1
OR.PA-management-noise-107,27,-0.035492,,1
OR.PA-management-noise-107,28,-0.030536,,1
OR.PA-management-noise-107,29,-0.024841,,1
OR.PA-management-noise-107,30,-0.042852,,1
OR.PA-management-noise-106,1,0.002636,,1
OR.PA-management-noise-106,2,0.008844,,1
OR.PA-management-noise-106,3,-0.00779,,1
OR.PA-management-noise-106,4,-0.031648,,1
OR.PA-management-noise-106,5,-0.020301,,1
OR.PA-management-noise-106,6,-0.053576,,1
OR.PA-management-noise-106,7,-0.086571,,1
OR.PA-management-noise-106,8,-0.09577,,1
OR.PA-management-noise-106,9,-0.078495,,1
OR.PA-management-noise-106,10,-0.059052,,1
OR.PA-management-noise-106,11,-0.083362,,1
OR.PA-management-noise-106,12,-0.077445,,1
OR.PA-management-noise-106,13,-0.083508,,1
OR.PA-management-noise-106,14,-0.099966,,1
OR.PA-management-noise-106,15,-0.100886,,1
OR.PA-management-noise-106,16,-0.089733,,1
OR.PA-management-noise-106,17,-0.073259,,1
OR.PA-management-noise-106,18,-0.080112,,1
OR.PA-management-noise-106,19,-0.062215,,1
OR.PA-management-noise-106,20,-0.072752,,1
OR.PA-management-noise-106,21,-0.08675,,1
OR.PA-management-noise-106,22,-0.078006,,1
OR.PA-management-noise-106,23,-0.057006,,1
OR.PA-management-noise-106,24,-0.049823,,1
OR.PA-management-noise-106,25,-0.039506,,1
OR.PA-management-noise-106,26,-0.044107,,1
OR.PA-management-noise-106,27,-0.035492,,1
OR.PA-management-noise-106,28,-0.030536,,1
OR.PA-management-noise-106,29,-0.024841,,1
OR.PA-management-noise-106,30,-0.042852,,1
OR.PA-management-noise-105,1,0.002636,,1
OR.PA-management-noise-105,2,0.008844,,1
OR.PA-management-noise-105,3,-0.00779,,1
OR.PA-management-noise-105,4,-0.031648,,1
OR.PA-management-noise-105,5,-0.020301,,1
OR.PA-management-noise-105,6,-0.053576,,1
OR.PA-management-noise-105,7,-0.086571,,1
OR.PA-management-noise-105,8,-0.09577,,1
OR.PA-management-noise-105,9,-0.078495,,1
OR.PA-management-noise-105,10,-0.059052,,1
OR.PA-management-noise-105,11,-0.083362,,1
OR.PA-management-noise-105,12,-0.077445,,1
OR.PA-management-noise-105,13,-0.083508,,1
OR.PA-management-noise-105,14,-0.099966,,1
OR.PA-management-noise-105,15,-0.100886,,1
OR.PA-management-noise-105,16,-0.089733,,1
OR.PA-management-noise-105,17,-0.073259,,1
OR.PA-management-noise-105,18,-0.080112,,1
OR.PA-management-noise-105,19,-0.062215,,1
OR.PA-management-noise-105,20,-0.072752,,1
OR.PA-management-noise-105,21,-0.08675,,1
OR.PA-management-noise-105,22,-0.078006,,1
OR.PA-management-noise-105,23,-0.057006,,1
OR.PA-management-noise-105,24,-0.049823,,1
OR.PA-management-noise-105,25,-0.039506,,1
OR.PA-management-noise-105,26,-0.044107,,1
OR.PA-management-noise-105,27,-0.035492,,1
OR.PA-management-noise-105,28,-0.030536,,1
OR.PA-management-noise-105,29,-0.024841,,1
OR.PA-management-noise-105,30,-0.042852,,1
OR.PA-management-noise-104,1,0.002636,,1
OR.PA-management-noise-104,2,0.008844,,1
OR.PA-management-noise-104,3,-0.00779,,1
OR.PA-management-noise-104,4,-0.031648,,1
OR.PA-management-noise-104,5,-0.020301,,1
OR.PA-management-noise-104,6,-0.053576,,1
OR.PA-management-noise-104,7,-0.086571,,1
OR.PA-management-noise-104,8,-0.09577,,1
OR.PA-management-noise-104,9,-0.078495,,1
OR.PA-management-noise-104,10,-0.059052,,1
OR.PA-management-noise-104,11,-0.083362,,1
OR.PA-management-noise-104,12,-0.077445,,1
OR.PA-management-noise-104,13,-0.083508,,1
OR.PA-management-noise-104,14,-0.099966,,1
OR.PA-management-noise-104,15,-0.100886,,1
OR.PA-management-noise-104,16,-0.089733,,1
OR.PA-management-noise-104,17,-0.073259,,1
OR.PA-management-noise-104,18,-0.080112,,1
OR.PA-management-noise-104,19,-0.062215,,1
OR.PA-management-noise-104,20,-0.072752,,1
OR.PA-management-noise-104,21,-0.08675,,1
OR.PA-management-noise-104,22,-0.078006,,1
OR.PA-management-noise-104,23,-0.057006,,1
OR.PA-management-noise-104,24,-0.049823,,1
OR.PA-management-noise-104,25,-0.039506,,1
OR.PA-management-noise-104,26,-0.044107,,1
OR.PA-management-noise-104,27,-0.035492,,1
OR.PA-management-noise-104,28,-0.030536,,1
OR.PA-management-noise-104,29,-0.024841,,1
OR.PA-management-noise-104,30,-0.042852,,1
OR.PA-management-noise-103,1,0.002636,,1
OR.PA-management-noise-103,2,0.008844,,1
OR.PA-management-noise-103,3,-0.00779,,1
OR.PA-management-noise-103,4,-0.031648,,1
OR.PA-management-noise-103,5,-0.020301,,1
OR.PA-management-noise-103,6,-0.053576,,1
OR.PA-management-noise-103,7,-0.086571,,1
OR.PA-management-noise-103,8,-0.09577,,1
OR.PA-management-noise-103,9,-0.078495,,1
OR.PA-management-noise-103,10,-0.059052,,1
OR.PA-management-noise-103,11,-0.083362,,1
OR.PA-management-noise-103,12,-0.077445,,1
OR.PA-management-noise-103,13,-0.083508,,1
OR.PA-management-noise-103,14,-0.099966,,1
OR.PA-management-noise-103,15,-0.100886,,1
OR.PA-management-noise-103,16,-0.089733,,1
OR.PA-management-noise-103,17,-0.073259,,1
OR.PA-management-noise-103,18,-0.080112,,1
OR.PA-management-noise-103,19,-0.062215,,1
OR.PA-management-noise-103,20,-0.072752,,1
OR.PA-management-noise-103,21,-0.08675,,1
OR.PA-management-noise-103,22,-0.078006,,1
OR.PA-management-noise-103,23,-0.057006,,1
OR.PA-management-noise-103,24,-0.049823,,1
OR.PA-management-noise-103,25,-0.039506,,1
OR.PA-management-noise-103,26,-0.044107,,1
OR.PA-management-noise-103,27,-0.035492,,1
OR.PA-management-noise-103,28,-0.030536,,1
OR.PA-management-noise-103,29,-0.024841,,1
OR.PA-management-noise-103,30,-0.042852,,1
OR.PA-management-noise-102,1,0.002636,,1
OR.PA-management-noise-102,2,0.008844,,1
OR.PA-management-noise-102,3,-0.00779,,1
OR.PA-management-noise-102,4,-0.031648,,1
OR.PA-management-noise-102,5,-0.020301,,1
OR.PA-management-noise-102,6,-0.053576,,1
OR.PA-management-noise-102,7,-0.086571,,1
OR.PA-management-noise-102,8,-0.09577,,1
OR.PA-management-noise-102,9,-0.078495,,1
OR.PA-management-noise-102,10,-0.059052,,1
OR.PA-management-noise-102,11,-0.083362,,1
OR.PA-management-noise-102,12,-0.077445,,1
OR.PA-management-noise-102,13,-0.083508,,1
OR.PA-management-noise-102,14,-0.099966,,1
OR.PA-management-noise-102,15,-0.100886,,1
OR.PA-management-noise-102,16,-0.089733,,1
OR.PA-management-noise-102,17,-0.073259,,1
OR.PA-management-noise-102,18,-0.080112,,1
OR.PA-management-noise-102,19,-0.062215,,1
OR.PA-management-noise-102,20,-0.072752,,1
OR.PA-management-noise-102,21,-0.08675,,1
OR.PA-management-noise-102,22,-0.078006,,1
OR.PA-management-noise-102,23,-0.057006,,1
OR.PA-management-noise-102,24,-0.049823,,1
OR.PA-management-noise-102,25,-0.039506,,1
OR.PA-management-noise-102,26,-0.044107,,1
OR.PA-management-noise-102,27,-0.035492,,1
OR.PA-management-noise-102,28,-0.030536,,1
OR.PA-management-noise-102,29,-0.024841,,1
OR.PA-management-noise-102,30,-0.042852,,1
OR.PA-management-noise-101,1,0.002636,,1
OR.PA-management-noise-101,2,0.008844,,1
OR.PA-management-noise-101,3,-0.00779,,1
OR.PA-management-noise-101,4,-0.031648,,1
OR.PA-management-noise-101,5,-0.020301,,1
OR.PA-management-noise-101,6,-0.053576,,1
OR.PA-management-noise-101,7,-0.086571,,1
OR.PA-management-noise-101,8,-0.09577,,1
OR.PA-management-noise-101,9,-0.078495,,1
OR.PA-management-noise-101,10,-0.059052,,1
OR.PA-management-noise-101,11,-0.083362,,1
OR.PA-management-noise-101,12,-0.077445,,1
OR.PA-management-noise-101,13,-0.083508,,1
OR.PA-management-noise-101,14,-0.099966,,1
OR.PA-management-noise-101,15,-0.100886,,1
OR.PA-management-noise-101,16,-0.089733,,1
OR.PA-management-noise-101,17,-0.073259,,1
OR.PA-management-noise-101,18,-0.080112,,1
OR.PA-management-noise-101,19,-0.062215,,1
OR.PA-management-noise-101,20,-0.072752,,1
OR.PA-management-noise-101,21,-0.08675,,1
OR.PA-management-noise-101,22,-0.078006,,1
OR.PA-management-noise-101,23,-0.057006,,1
OR.PA-management-noise-101,24,-0.049823,,1
OR.PA-management-noise-101,25,-0.039506,,1
OR.PA-management-noise-101,26,-0.044107,,1
OR.PA-management-noise-101,27,-0.035492,,1
OR.PA-management-noise-101,28,-0.030536,,1
OR.PA-management-noise-101,29,-0.024841,,1
OR.PA-management-noise-101,30,-0.042852,,1
OR.PA-management-noise-100,1,0.002636,,1
OR.PA-management-noise-100,2,0.008844,,1
OR.PA-management-noise-100,3,-0.00779,,1
OR.PA-management-noise-100,4,-0.031648,,1
OR.PA-management-noise-100,5,-0.020301,,1
OR.PA-management-noise-100,6,-0.053576,,1
OR.PA-management-noise-100,7,-0.086571,,1
OR.PA-management-noise-100,8,-0.09577,,1
OR.PA-management-noise-100,9,-0.078495,,1
OR.PA-management-noise-100,10,-0.059052,,1
OR.PA-management-noise-100,11,-0.083362,,1
OR.PA-management-noise-100,12,-0.077445,,1
OR.PA-management-noise-100,13,-0.083508,,1
OR.PA-management-noise-100,14,-0.099966,,1
OR.PA-management-noise-100,15,-0.100886,,1
OR.PA-management-noise-100,16,-0.089733,,1
OR.PA-management-noise-100,17,-0.073259,,1
OR.PA-management-noise-100,18,-0.080112,,1
OR.PA-management-noise-100,19,-0.062215,,1
OR.PA-management-noise-100,20,-0.072752,,1
OR.PA-management-noise-100,21,-0.08675,,1
OR.PA-management-noise-100,22,-0.078006,,1
OR.PA-management-noise-100,23,-0.057006,,1
OR.PA-management-noise-100,24,-0.049823,,1
OR.PA-management-noise-100,25,-0.039506,,1
OR.PA-management-noise-100,26,-0.044107,,1
OR.PA-management-noise-100,27,-0.035492,,1
OR.PA-management-noise-100,28,-0.030536,,1
OR.PA-management-noise-100,29,-0.024841,,1
OR.PA-management-noise-100,30,-0.042852,,1
OR.PA-management-noise-99,1,0.002636,,1
OR.PA-management-noise-99,2,0.008844,,1
OR.PA-management-noise-99,3,-0.00779,,1
OR.PA-management-noise-99,4,-0.031648,,1
OR.PA-management-noise-99,5,-0.020301,,1
OR.PA-management-noise-99,6,-0.053576,,1
OR.PA-management-noise-99,7,-0.086571,,1
OR.PA-management-noise-99,8,-0.09577,,1
OR.PA-management-noise-99,9,-0.078495,,1
OR.PA-management-noise-99,10,-0.059052,,1
OR.PA-management-noise-99,11,-0.083362,,1
OR.PA-management-noise-99,12,-0.077445,,1
OR.PA-management-noise-99,13,-0.083508,,1
OR.PA-management-noise-99,14,-0.099966,,1
OR.PA-management-noise-99,15,-0.100886,,1
OR.PA-management-noise-99,16,-0.089733,,1
OR.PA-management-noise-99,17,-0.073259,,1
OR.PA-management-noise-99,18,-0.080112,,1
OR.PA-management-noise-99,19,-0.062215,,1
OR.PA-management-noise-99,20,-0.072752,,1
OR.PA-management-noise-99,21,-0.08675,,1
OR.PA-management-noise-99,22,-0.078006,,1
OR.PA-management-noise-99,23,-0.057006,,1
OR.PA-management-noise-99,24,-0.049823,,1
OR.PA-management-noise-99,25,-0.039506,,1
OR.PA-management-noise-99,26,-0.044107,,1
OR.PA-management-noise-99,27,-0.035492,,1
OR.PA-management-noise-99,28,-0.030536,,1
OR.PA-management-noise-99,29,-0.024841,,1
OR.PA-management-noise-99,30,-0.042852,,1
OR.PA-management-noise-98,1,0.002636,,1
OR.PA-management-noise-98,2,0.008844,,1
OR.PA-management-noise-98,3,-0.00779,,1
OR.PA-management-noise-98,4,-0.031648,,1
OR.PA-management-noise-98,5,-0.020301,,1
OR.PA-management-noise-98,6,-0.053576,,1
OR.PA-management-noise-98,7,-0.086571,,1
OR.PA-management-noise-98,8,-0.09577,,1
OR.PA-management-noise-98,9,-0.078495,,1
OR.PA-management-noise-98,10,-0.059052,,1
OR.PA-management-noise-98,11,-0.083362,,1
OR.PA-management-noise-98,12,-0.077445,,1
OR.PA-management-noise-98,13,-0.083508,,1
OR.PA-management-noise-98,14,-0.099966,,1
OR.PA-management-noise-98,15,-0.100886,,1
OR.PA-management-noise-98,16,-0.089733,,1
OR.PA-management-noise-98,17,-0.073259,,1
OR.PA-management-noise-98,18,-0.080112,,1
OR.PA-management-noise-98,19,-0.062215,,1
OR.PA-management-noise-98,20,-0.072752,,1
OR.PA-management-noise-98,21,-0.08675,,1
OR.PA-management-noise-98,22,-0.078006,,1
OR.PA-management-noise-98,23,-0.057006,,1
OR.PA-management-noise-98,24,-0.049823,,1
OR.PA-management-noise-98,25,-0.039506,,1
OR.PA-management-noise-98,26,-0.044107,,1
OR.PA-management-noise-98,27,-0.035492,,1
OR.PA-management-noise-98,28,-0.030536,,1
OR.PA-management-noise-98,29,-0.024841,,1
OR.PA-management-noise-98,30,-0.042852,,1
OR.PA-management-noise-97,1,0.002636,,1
OR.PA-management-noise-97,2,0.008844,,1
OR.PA-management-noise-97,3,-0.00779,,1
OR.PA-management-noise-97,4,-0.031648,,1
OR.PA-management-noise-97,5,-0.020301,,1
OR.PA-management-noise-97,6,-0.053576,,1
OR.PA-management-noise-97,7,-0.086571,,1
OR.PA-management-noise-97,8,-0.09577,,1
OR.PA-management-noise-97,9,-0.078495,,1
OR.PA-management-noise-97,10,-0.059052,,1
OR.PA-management-noise-97,11,-0.083362,,1
OR.PA-management-noise-97,12,-0.077445,,1
OR.PA-management-noise-97,13,-0.083508,,1
OR.PA-management-noise-97,14,-0.099966,,1
OR.PA-management-noise-97,15,-0.100886,,1
OR.PA-management-noise-97,16,-0.089733,,1
OR.PA-management-noise-97,17,-0.073259,,1
OR.PA-management-noise-97,18,-0.080112,,1
OR.PA-management-noise-97,19,-0.062215,,1
OR.PA-management-noise-97,20,-0.072752,,1
OR.PA-management-noise-97,21,-0.08675,,1
OR.PA-management-noise-97,22,-0.078006,,1
OR.PA-management-noise-97,23,-0.057006,,1
OR.PA-management-noise-97,24,-0.049823,,1
OR.PA-management-noise-97,25,-0.039506,,1
OR.PA-management-noise-97,26,-0.044107,,1
OR.PA-management-noise-97,27,-0.035492,,1
OR.PA-management-noise-97,28,-0.030536,,1
OR.PA-management-noise-97,29,-0.024841,,1
OR.PA-management-noise-97,30,-0.042852,,1
OR.PA-management-noise-96,1,0.002636,,1
OR.PA-management-noise-96,2,0.008844,,1
OR.PA-management-noise-96,3,-0.00779,,1
OR.PA-management-noise-96,4,-0.031648,,1
OR.PA-management-noise-96,5,-0.020301,,1
OR.PA-management-noise-96,6,-0.053576,,1
OR.PA-management-noise-96,7,-0.086571,,1
OR.PA-management-noise-96,8,-0.09577,,1
OR.PA-management-noise-96,9,-0.078495,,1
OR.PA-management-noise-96,10,-0.059052,,1
OR.PA-management-noise-96,11,-0.083362,,1
OR.PA-management-noise-96,12,-0.077445,,1
OR.PA-management-noise-96,13,-0.083508,,1
OR.PA-management-noise-96,14,-0.099966,,1
OR.PA-management-noise-96,15,-0.100886,,1
OR.PA-management-noise-96,16,-0.089733,,1
OR.PA-management-noise-96,17,-0.073259,,1
OR.PA-management-noise-96,18,-0.080112,,1
OR.PA-management-noise-96,19,-0.062215,,1
OR.PA-management-noise-96,20,-0.072752,,1
OR.PA-management-noise-96,21,-0.08675,,1
OR.PA-management-noise-96,22,-0.078006,,1
OR.PA-management-noise-96,23,-0.057006,,1
OR.PA-management-noise-96,24,-0.049823,,1
OR.PA-management-noise-96,25,-0.039506,,1
OR.PA-management-noise-96,26,-0.044107,,1
OR.PA-management-noise-96,27,-0.035492,,1
OR.PA-management-noise-96,28,-0.030536,,1
OR.PA-management-noise-96,29,-0.024841,,1
OR.PA-management-noise-96,30,-0.042852,,1
OR.PA-management-noise-95,1,0.002636,,1
OR.PA-management-noise-95,2,0.008844,,1
OR.PA-management-noise-95,3,-0.00779,,1
OR.PA-management-noise-95,4,-0.031648,,1
OR.PA-management-noise-95,5,-0.020301,,1
OR.PA-management-noise-95,6,-0.053576,,1
OR.PA-management-noise-95,7,-0.086571,,1
OR.PA-management-noise-95,8,-0.09577,,1
OR.PA-management-noise-95,9,-0.078495,,1
OR.PA-management-noise-95,10,-0.059052,,1
OR.PA-management-noise-95,11,-0.083362,,1
OR.PA-management-noise-95,12,-0.077445,,1
OR.PA-management-noise-95,13,-0.083508,,1
OR.PA-management-noise-95,14,-0.099966,,1
OR.PA-management-noise-95,15,-0.100886,,1
OR.PA-management-noise-95,16,-0.089733,,1
OR.PA-management-noise-95,17,-0.073259,,1
OR.PA-management-noise-95,18,-0.080112,,1
OR.PA-management-noise-95,19,-0.062215,,1
OR.PA-management-noise-95,20,-0.072752,,1
OR.PA-management-noise-95,21,-0.08675,,1
OR.PA-management-noise-95,22,-0.078006,,1
OR.PA-management-noise-95,23,-0.057006,,1
OR.PA-management-noise-95,24,-0.049823,,1
OR.PA-management-noise-95,25,-0.039506,,1
OR.PA-management-noise-95,26,-0.044107,,1
OR.PA-management-noise-95,27,-0.035492,,1
OR.PA-management-noise-95,28,-0.030536,,1
OR.PA-management-noise-95,29,-0.024841,,1
OR.PA-management-noise-95,30,-0.042852,,1
OR.PA-management-noise-94,1,0.002636,,1
OR.PA-management-noise-94,2,0.008844,,1
OR.PA-management-noise-94,3,-0.00779,,1
OR.PA-management-noise-94,4,-0.031648,,1
OR.PA-management-noise-94,5,-0.020301,,1
OR.PA-management-noise-94,6,-0.053576,,1
OR.PA-management-noise-94,7,-0.086571,,1
OR.PA-management-noise-94,8,-0.09577,,1
OR.PA-management-noise-94,9,-0.078495,,1
OR.PA-management-noise-94,10,-0.059052,,1
OR.PA-management-noise-94,11,-0.083362,,1
OR.PA-management-noise-94,12,-0.077445,,1
OR.PA-management-noise-94,13,-0.083508,,1
OR.PA-management-noise-94,14,-0.099966,,1
OR.PA-management-noise-94,15,-0.100886,,1
OR.PA-management-noise-94,16,-0.089733,,1
OR.PA-management-noise-94,17,-0.073259,,1
OR.PA-management-noise-94,18,-0.080112,,1
OR.PA-management-noise-94,19,-0.062215,,1
OR.PA-management-noise-94,20,-0.072752,,1
OR.PA-management-noise-94,21,-0.08675,,1
OR.PA-management-noise-94,22,-0.078006,,1
OR.PA-management-noise-94,23,-0.057006,,1
OR.PA-management-noise-94,24,-0.049823,,1
OR.PA-management-noise-94,25,-0.039506,,1
OR.PA-management-noise-94,26,-0.044107,,1
OR.PA-management-noise-94,27,-0.035492,,1
OR.PA-management-noise-94,28,-0.030536,,1
OR.PA-management-noise-94,29,-0.024841,,1
OR.PA-management-noise-94,30,-0.042852,,1
OR.PA-management-noise-91,1,0.002636,,1
OR.PA-management-noise-91,2,0.008844,,1
OR.PA-management-noise-91,3,-0.00779,,1
OR.PA-management-noise-91,4,-0.031648,,1
OR.PA-management-noise-91,5,-0.020301,,1
OR.PA-management-noise-91,6,-0.053576,,1
OR.PA-management-noise-91,7,-0.086571,,1
OR.PA-management-noise-91,8,-0.09577,,1
OR.PA-management-noise-91,9,-0.078495,,1
OR.PA-management-noise-91,10,-0.059052,,1
OR.PA-management-noise-91,11,-0.083362,,1
OR.PA-management-noise-91,12,-0.077445,,1
OR.PA-management-noise-91,13,-0.083508,,1
OR.PA-management-noise-91,14,-0.099966,,1
OR.PA-management-noise-91,15,-0.100886,,1
OR.PA-management-noise-91,16,-0.089733,,1
OR.PA-management-noise-91,17,-0.073259,,1
OR.PA-management-noise-91,18,-0.080112,,1
OR.PA-management-noise-91,19,-0.062215,,1
OR.PA-management-noise-91,20,-0.072752,,1
OR.PA-management-noise-91,21,-0.08675,,1
OR.PA-management-noise-91,22,-0.078006,,1
OR.PA-management-noise-91,23,-0.057006,,1
OR.PA-management-noise-91,24,-0.049823,,1
OR.PA-management-noise-91,25,-0.039506,,1
OR.PA-management-noise-91,26,-0.044107,,1
OR.PA-management-noise-91,27,-0.035492,,1
OR.PA-management-noise-91,28,-0.030536,,1
OR.PA-management-noise-91,29,-0.024841,,1
OR.PA-management-noise-91,30,-0.042852,,1
OR.PA-management-noise-85,1,0.002636,,1
OR.PA-management-noise-85,2,0.008844,,1
OR.PA-management-noise-85,3,-0.00779,,1
OR.PA-management-noise-85,4,-0.031648,,1
OR.PA-management-noise-85,5,-0.020301,,1
OR.PA-management-noise-85,6,-0.053576,,1
OR.PA-management-noise-85,7,-0.086571,,1
OR.PA-management-noise-85,8,-0.09577,,1
OR.PA-management-noise-85,9,-0.078495,,1
OR.PA-management-noise-85,10,-0.059052,,1
OR.PA-management-noise-85,11,-0.083362,,1
OR.PA-management-noise-85,12,-0.077445,,1
OR.PA-management-noise-85,13,-0.083508,,1
OR.PA-management-noise-85,14,-0.099966,,1
OR.PA-management-noise-85,15,-0.100886,,1
OR.PA-management-noise-85,16,-0.089733,,1
OR.PA-management-noise-85,17,-0.073259,,1
OR.PA-management-noise-85,18,-0.080112,,1
OR.PA-management-noise-85,19,-0.062215,,1
OR.PA-management-noise-85,20,-0.072752,,1
OR.PA-management-noise-85,21,-0.08675,,1
OR.PA-management-noise-85,22,-0.078006,,1
OR.PA-management-noise-85,23,-0.057006,,1
OR.PA-management-noise-85,24,-0.049823,,1
OR.PA-management-noise-85,25,-0.039506,,1
OR.PA-management-noise-85,26,-0.044107,,1
OR.PA-management-noise-85,27,-0.035492,,1
OR.PA-management-noise-85,28,-0.030536,,1
OR.PA-management-noise-85,29,-0.024841,,1
OR.PA-management-noise-85,30,-0.042852,,1
OR.PA-management-noise-84,1,0.002636,,1
OR.PA-management-noise-84,2,0.008844,,1
OR.PA-management-noise-84,3,-0.00779,,1
OR.PA-management-noise-84,4,-0.031648,,1
OR.PA-management-noise-84,5,-0.020301,,1
OR.PA-management-noise-84,6,-0.053576,,1
OR.PA-management-noise-84,7,-0.086571,,1
OR.PA-management-noise-84,8,-0.09577,,1
OR.PA-management-noise-84,9,-0.078495,,1
OR.PA-management-noise-84,10,-0.059052,,1
OR.PA-management-noise-84,11,-0.083362,,1
OR.PA-management-noise-84,12,-0.077445,,1
OR.PA-management-noise-84,13,-0.083508,,1
OR.PA-management-noise-84,14,-0.099966,,1
OR.PA-management-noise-84,15,-0.100886,,1
OR.PA-management-noise-84,16,-0.089733,,1
OR.PA-management-noise-84,17,-0.073259,,1
OR.PA-management-noise-84,18,-0.080112,,1
OR.PA-management-noise-84,19,-0.062215,,1
OR.PA-management-noise-84,20,-0.072752,,1
OR.PA-management-noise-84,21,-0.08675,,1
OR.PA-management-noise-84,22,-0.078006,,1
OR.PA-management-noise-84,23,-0.057006,,1
OR.PA-management-noise-84,24,-0.049823,,1
OR.PA-management-noise-84,25,-0.039506,,1
OR.PA-management-noise-84,26,-0.044107,,1
OR.PA-management-noise-84,27,-0.035492,,1
OR.PA-management-noise-84,28,-0.030536,,1
OR.PA-management-noise-84,29,-0.024841,,1
OR.PA-management-noise-84,30,-0.042852,,1
OR.PA-management-noise-83,1,0.002636,,1
OR.PA-management-noise-83,2,0.008844,,1
OR.PA-management-noise-83,3,-0.00779,,1
OR.PA-management-noise-83,4,-0.031648,,1
OR.PA-management-noise-83,5,-0.020301,,1
OR.PA-management-noise-83,6,-0.053576,,1
OR.PA-management-noise-83,7,-0.086571,,1
OR.PA-management-noise-83,8,-0.09577,,1
OR.PA-management-noise-83,9,-0.078495,,1
OR.PA-management-noise-83,10,-0.059052,,1
OR.PA-management-noise-83,11,-0.083362,,1
OR.PA-management-noise-83,12,-0.077445,,1
OR.PA-management-noise-83,13,-0.083508,,1
OR.PA-management-noise-83,14,-0.099966,,1
OR.PA-management-noise-83,15,-0.100886,,1
OR.PA-management-noise-83,16,-0.089733,,1
OR.PA-management-noise-83,17,-0.073259,,1
OR.PA-management-noise-83,18,-0.080112,,1
OR.PA-management-noise-83,19,-0.062215,,1
OR.PA-management-noise-83,20,-0.072752,,1
OR.PA-management-noise-83,21,-0.08675,,1
OR.PA-management-noise-83,22,-0.078006,,1
OR.PA-management-noise-83,23,-0.057006,,1
OR.PA-management-noise-83,24,-0.049823,,1
OR.PA-management-noise-83,25,-0.039506,,1
OR.PA-management-noise-83,26,-0.044107,,1
OR.PA-management-noise-83,27,-0.035492,,1
OR.PA-management-noise-83,28,-0.030536,,1
OR.PA-management-noise-83,29,-0.024841,,1
OR.PA-management-noise-83,30,-0.042852,,1
OR.PA-management-noise-82,1,0.002636,,1
OR.PA-management-noise-82,2,0.008844,,1
OR.PA-management-noise-82,3,-0.00779,,1
OR.PA-management-noise-82,4,-0.031648,,1
OR.PA-management-noise-82,5,-0.020301,,1
OR.PA-management-noise-82,6,-0.053576,,1
OR.PA-management-noise-82,7,-0.086571,,1
OR.PA-management-noise-82,8,-0.09577,,1
OR.PA-management-noise-82,9,-0.078495,,1
OR.PA-management-noise-82,10,-0.059052,,1
OR.PA-management-noise-82,11,-0.083362,,1
OR.PA-management-noise-82,12,-0.077445,,1
OR.PA-management-noise-82,13,-0.083508,,1
OR.PA-management-noise-82,14,-0.099966,,1
OR.PA-management-noise-82,15,-0.100886,,1
OR.PA-management-noise-82,16,-0.089733,,1
OR.PA-management-noise-82,17,-0.073259,,1
OR.PA-management-noise-82,18,-0.080112,,1
OR.PA-management-noise-82,19,-0.062215,,1
OR.PA-management-noise-82,20,-0.072752,,1
OR.PA-management-noise-82,21,-0.08675,,1
OR.PA-management-noise-82,22,-0.078006,,1
OR.PA-management-noise-82,23,-0.057006,,1
OR.PA-management-noise-82,24,-0.049823,,1
OR.PA-management-noise-82,25,-0.039506,,1
OR.PA-management-noise-82,26,-0.044107,,1
OR.PA-management-noise-82,27,-0.035492,,1
OR.PA-management-noise-82,28,-0.030536,,1
OR.PA-management-noise-82,29,-0.024841,,1
OR.PA-management-noise-82,30,-0.042852,,1
OR.PA-management-noise-81,1,0.002636,,1
OR.PA-management-noise-81,2,0.008844,,1
OR.PA-management-noise-81,3,-0.00779,,1
OR.PA-management-noise-81,4,-0.031648,,1
OR.PA-management-noise-81,5,-0.020301,,1
OR.PA-management-noise-81,6,-0.053576,,1
OR.PA-management-noise-81,7,-0.086571,,1
OR.PA-management-noise-81,8,-0.09577,,1
OR.PA-management-noise-81,9,-0.078495,,1
OR.PA-management-noise-81,10,-0.059052,,1
OR.PA-management-noise-81,11,-0.083362,,1
OR.PA-management-noise-81,12,-0.077445,,1
OR.PA-management-noise-81,13,-0.083508,,1
OR.PA-management-noise-81,14,-0.099966,,1
OR.PA-management-noise-81,15,-0.100886,,1
OR.PA-management-noise-81,16,-0.089733,,1
OR.PA-management-noise-81,17,-0.073259,,1
OR.PA-management-noise-81,18,-0.080112,,1
OR.PA-management-noise-81,19,-0.062215,,1
OR.PA-management-noise-81,20,-0.072752,,1
OR.PA-management-noise-81,21,-0.08675,,1
OR.PA-management-noise-81,22,-0.078006,,1
OR.PA-management-noise-81,23,-0.057006,,1
OR.PA-management-noise-81,24,-0.049823,,1
OR.PA-management-noise-81,25,-0.039506,,1
OR.PA-management-noise-81,26,-0.044107,,1
OR.PA-management-noise-81,27,-0.035492,,1
OR.PA-management-noise-81,28,-0.030536,,1
OR.PA-management-noise-81,29,-0.024841,,1
OR.PA-management-noise-81,30,-0.042852,,1
OR.PA-management-noise-80,1,0.002636,,1
OR.PA-management-noise-80,2,0.008844,,1
OR.PA-management-noise-80,3,-0.00779,,1
OR.PA-management-noise-80,4,-0.031648,,1
OR.PA-management-noise-80,5,-0.020301,,1
OR.PA-management-noise-80,6,-0.053576,,1
OR.PA-management-noise-80,7,-0.086571,,1
OR.PA-management-noise-80,8,-0.09577,,1
OR.PA-management-noise-80,9,-0.078495,,1
OR.PA-management-noise-80,10,-0.059052,,1
OR.PA-management-noise-80,11,-0.083362,,1
OR.PA-management-noise-80,12,-0.077445,,1
OR.PA-management-noise-80,13,-0.083508,,1
OR.PA-management-noise-80,14,-0.099966,,1
OR.PA-management-noise-80,15,-0.100886,,1
OR.PA-management-noise-80,16,-0.089733,,1
OR.PA-management-noise-80,17,-0.073259,,1
OR.PA-management-noise-80,18,-0.080112,,1
OR.PA-management-noise-80,19,-0.062215,,1
OR.PA-management-noise-80,20,-0.072752,,1
OR.PA-management-noise-80,21,-0.08675,,1
OR.PA-management-noise-80,22,-0.078006,,1
OR.PA-management-noise-80,23,-0.057006,,1
OR.PA-management-noise-80,24,-0.049823,,1
OR.PA-management-noise-80,25,-0.039506,,1
OR.PA-management-noise-80,26,-0.044107,,1
OR.PA-management-noise-80,27,-0.035492,,1
OR.PA-management-noise-80,28,-0.030536,,1
OR.PA-management-noise-80,29,-0.024841,,1
OR.PA-management-noise-80,30,-0.042852,,1
OR.PA-management-noise-78,1,0.002636,,1
OR.PA-management-noise-78,2,0.008844,,1
OR.PA-management-noise-78,3,-0.00779,,1
OR.PA-management-noise-78,4,-0.031648,,1
OR.PA-management-noise-78,5,-0.020301,,1
OR.PA-management-noise-78,6,-0.053576,,1
OR.PA-management-noise-78,7,-0.086571,,1
OR.PA-management-noise-78,8,-0.09577,,1
OR.PA-management-noise-78,9,-0.078495,,1
OR.PA-management-noise-78,10,-0.059052,,1
OR.PA-management-noise-78,11,-0.083362,,1
OR.PA-management-noise-78,12,-0.077445,,1
OR.PA-management-noise-78,13,-0.083508,,1
OR.PA-management-noise-78,14,-0.099966,,1
OR.PA-management-noise-78,15,-0.100886,,1
OR.PA-management-noise-78,16,-0.089733,,1
OR.PA-management-noise-78,17,-0.073259,,1
OR.PA-management-noise-78,18,-0.080112,,1
OR.PA-management-noise-78,19,-0.062215,,1
OR.PA-management-noise-78,20,-0.072752,,1
OR.PA-management-noise-78,21,-0.08675,,1
OR.PA-management-noise-78,22,-0.078006,,1
OR.PA-management-noise-78,23,-0.057006,,1
OR.PA-management-noise-78,24,-0.049823,,1
OR.PA-management-noise-78,25,-0.039506,,1
OR.PA-management-noise-78,26,-0.044107,,1
OR.PA-management-noise-78,27,-0.035492,,1
OR.PA-management-noise-78,28,-0.030536,,1
OR.PA-management-noise-78,29,-0.024841,,1
OR.PA-management-noise-78,30,-0.042852,,1
OR.PA-management-noise-77,1,0.002636,,1
OR.PA-management-noise-77,2,0.008844,,1
OR.PA-management-noise-77,3,-0.00779,,1
OR.PA-management-noise-77,4,-0.031648,,1
OR.PA-management-noise-77,5,-0.020301,,1
OR.PA-management-noise-77,6,-0.053576,,1
OR.PA-management-noise-77,7,-0.086571,,1
OR.PA-management-noise-77,8,-0.09577,,1
OR.PA-management-noise-77,9,-0.078495,,1
OR.PA-management-noise-77,10,-0.059052,,1
OR.PA-management-noise-77,11,-0.083362,,1
OR.PA-management-noise-77,12,-0.077445,,1
OR.PA-management-noise-77,13,-0.083508,,1
OR.PA-management-noise-77,14,-0.099966,,1
OR.PA-management-noise-77,15,-0.100886,,1
OR.PA-management-noise-77,16,-0.089733,,1
OR.PA-management-noise-77,17,-0.073259,,1
OR.PA-management-noise-77,18,-0.080112,,1
OR.PA-management-noise-77,19,-0.062215,,1
OR.PA-management-noise-77,20,-0.072752,,1
OR.PA-management-noise-77,21,-0.08675,,1
OR.PA-management-noise-77,22,-0.078006,,1
OR.PA-management-noise-77,23,-0.057006,,1
OR.PA-management-noise-77,24,-0.049823,,1
OR.PA-management-noise-77,25,-0.039506,,1
OR.PA-management-noise-77,26,-0.044107,,1
OR.PA-management-noise-77,27,-0.035492,,1
OR.PA-management-noise-77,28,-0.030536,,1
OR.PA-management-noise-77,29,-0.024841,,1
OR.PA-management-noise-77,30,-0.042852,,1
OR.PA-management-noise-76,1,0.002636,,1
OR.PA-management-noise-76,2,0.008844,,1
OR.PA-management-noise-76,3,-0.00779,,1
OR.PA-management-noise-76,4,-0.031648,,1
OR.PA-management-noise-76,5,-0.020301,,1
OR.PA-management-noise-76,6,-0.053576,,1
OR.PA-management-noise-76,7,-0.086571,,1
OR.PA-management-noise-76,8,-0.09577,,1
OR.PA-management-noise-76,9,-0.078495,,1
OR.PA-management-noise-76,10,-0.059052,,1
OR.PA-management-noise-76,11,-0.083362,,1
OR.PA-management-noise-76,12,-0.077445,,1
OR.PA-management-noise-76,13,-0.083508,,1
OR.PA-management-noise-76,14,-0.099966,,1
OR.PA-management-noise-76,15,-0.100886,,1
OR.PA-management-noise-76,16,-0.089733,,1
OR.PA-management-noise-76,17,-0.073259,,1
OR.PA-management-noise-76,18,-0.080112,,1
OR.PA-management-noise-76,19,-0.062215,,1
OR.PA-management-noise-76,20,-0.072752,,1
OR.PA-management-noise-76,21,-0.08675,,1
OR.PA-management-noise-76,22,-0.078006,,1
OR.PA-management-noise-76,23,-0.057006,,1
OR.PA-management-noise-76,24,-0.049823,,1
OR.PA-management-noise-76,25,-0.039506,,1
OR.PA-management-noise-76,26,-0.044107,,1
OR.PA-management-noise-76,27,-0.035492,,1
OR.PA-management-noise-76,28,-0.030536,,1
OR.PA-management-noise-76,29,-0.024841,,1
OR.PA-management-noise-76,30,-0.042852,,1
OR.PA-management-noise-75,1,0.002636,,1
OR.PA-management-noise-75,2,0.008844,,1
OR.PA-management-noise-75,3,-0.00779,,1
OR.PA-management-noise-75,4,-0.031648,,1
OR.PA-management-noise-75,5,-0.020301,,1
OR.PA-management-noise-75,6,-0.053576,,1
OR.PA-management-noise-75,7,-0.086571,,1
OR.PA-management-noise-75,8,-0.09577,,1
OR.PA-management-noise-75,9,-0.078495,,1
OR.PA-management-noise-75,10,-0.059052,,1
OR.PA-management-noise-75,11,-0.083362,,1
OR.PA-management-noise-75,12,-0.077445,,1
OR.PA-management-noise-75,13,-0.083508,,1
OR.PA-management-noise-75,14,-0.099966,,1
OR.PA-management-noise-75,15,-0.100886,,1
OR.PA-management-noise-75,16,-0.089733,,1
OR.PA-management-noise-75,17,-0.073259,,1
OR.PA-management-noise-75,18,-0.080112,,1
OR.PA-management-noise-75,19,-0.062215,,1
OR.PA-management-noise-75,20,-0.072752,,1
OR.PA-management-noise-75,21,-0.08675,,1
OR.PA-management-noise-75,22,-0.078006,,1
OR.PA-management-noise-75,23,-0.057006,,1
OR.PA-management-noise-75,24,-0.049823,,1
OR.PA-management-noise-75,25,-0.039506,,1
OR.PA-management-noise-75,26,-0.044107,,1
OR.PA-management-noise-75,27,-0.035492,,1
OR.PA-management-noise-75,28,-0.030536,,1
OR.PA-management-noise-75,29,-0.024841,,1
OR.PA-management-noise-75,30,-0.042852,,1
OR.PA-management-noise-74,1,0.002636,,1
OR.PA-management-noise-74,2,0.008844,,1
OR.PA-management-noise-74,3,-0.00779,,1
OR.PA-management-noise-74,4,-0.031648,,1
OR.PA-management-noise-74,5,-0.020301,,1
OR.PA-management-noise-74,6,-0.053576,,1
OR.PA-management-noise-74,7,-0.086571,,1
OR.PA-management-noise-74,8,-0.09577,,1
OR.PA-management-noise-74,9,-0.078495,,1
OR.PA-management-noise-74,10,-0.059052,,1
OR.PA-management-noise-74,11,-0.083362,,1
OR.PA-management-noise-74,12,-0.077445,,1
OR.PA-management-noise-74,13,-0.083508,,1
OR.PA-management-noise-74,14,-0.099966,,1
OR.PA-management-noise-74,15,-0.100886,,1
OR.PA-management-noise-74,16,-0.089733,,1
OR.PA-management-noise-74,17,-0.073259,,1
OR.PA-management-noise-74,18,-0.080112,,1
OR.PA-management-noise-74,19,-0.062215,,1
OR.PA-management-noise-74,20,-0.072752,,1
OR.PA-management-noise-74,21,-0.08675,,1
OR.PA-management-noise-74,22,-0.078006,,1
OR.PA-management-noise-74,23,-0.057006,,1
OR.PA-management-noise-74,24,-0.049823,,1
OR.PA-management-noise-74,25,-0.039506,,1
OR.PA-management-noise-74,26,-0.044107,,1
OR.PA-management-noise-74,27,-0.035492,,1
OR.PA-management-noise-74,28,-0.030536,,1
OR.PA-management-noise-74,29,-0.024841,,1
OR.PA-management-noise-74,30,-0.042852,,1
OR.PA-management-noise-73,1,0.002636,,1
OR.PA-management-noise-73,2,0.008844,,1
OR.PA-management-noise-73,3,-0.00779,,1
OR.PA-management-noise-73,4,-0.031648,,1
OR.PA-management-noise-73,5,-0.020301,,1
OR.PA-management-noise-73,6,-0.053576,,1
OR.PA-management-noise-73,7,-0.086571,,1
OR.PA-management-noise-73,8,-0.09577,,1
OR.PA-management-noise-73,9,-0.078495,,1
OR.PA-management-noise-73,10,-0.059052,,1
OR.PA-management-noise-73,11,-0.083362,,1
OR.PA-management-noise-73,12,-0.077445,,1
OR.PA-management-noise-73,13,-0.083508,,1
OR.PA-management-noise-73,14,-0.099966,,1
OR.PA-management-noise-73,15,-0.100886,,1
OR.PA-management-noise-73,16,-0.089733,,1
OR.PA-management-noise-73,17,-0.073259,,1
OR.PA-management-noise-73,18,-0.080112,,1
OR.PA-management-noise-73,19,-0.062215,,1
OR.PA-management-noise-73,20,-0.072752,,1
OR.PA-management-noise-73,21,-0.08675,,1
OR.PA-management-noise-73,22,-0.078006,,1
OR.PA-management-noise-73,23,-0.057006,,1
OR.PA-management-noise-73,24,-0.049823,,1
OR.PA-management-noise-73,25,-0.039506,,1
OR.PA-management-noise-73,26,-0.044107,,1
OR.PA-management-noise-73,27,-0.035492,,1
OR.PA-management-noise-73,28,-0.030536,,1
OR.PA-management-noise-73,29,-0.024841,,1
OR.PA-management-noise-73,30,-0.042852,,1
OR.PA-management-noise-72,1,0.002636,,1
OR.PA-management-noise-72,2,0.008844,,1
OR.PA-management-noise-72,3,-0.00779,,1
OR.PA-management-noise-72,4,-0.031648,,1
OR.PA-management-noise-72,5,-0.020301,,1
OR.PA-management-noise-72,6,-0.053576,,1
OR.PA-management-noise-72,7,-0.086571,,1
OR.PA-management-noise-72,8,-0.09577,,1
OR.PA-management-noise-72,9,-0.078495,,1
OR.PA-management-noise-72,10,-0.059052,,1
OR.PA-management-noise-72,11,-0.083362,,1
OR.PA-management-noise-72,12,-0.077445,,1
OR.PA-management-noise-72,13,-0.083508,,1
OR.PA-management-noise-72,14,-0.099966,,1
OR.PA-management-noise-72,15,-0.100886,,1
OR.PA-management-noise-72,16,-0.089733,,1
OR.PA-management-noise-72,17,-0.073259,,1
OR.PA-management-noise-72,18,-0.080112,,1
OR.PA-management-noise-72,19,-0.062215,,1
OR.PA-management-noise-72,20,-0.072752,,1
OR.PA-management-noise-72,21,-0.08675,,1
OR.PA-management-noise-72,22,-0.078006,,1
OR.PA-management-noise-72,23,-0.057006,,1
OR.PA-management-noise-72,24,-0.049823,,1
OR.PA-management-noise-72,25,-0.039506,,1
OR.PA-management-noise-72,26,-0.044107,,1
OR.PA-management-noise-72,27,-0.035492,,1
OR.PA-management-noise-72,28,-0.030536,,1
OR.PA-management-noise-72,29,-0.024841,,1
OR.PA-management-noise-72,30,-0.042852,,1
OR.PA-management-noise-62,1,0.002636,,1
OR.PA-management-noise-62,2,0.008844,,1
OR.PA-management-noise-62,3,-0.00779,,1
OR.PA-management-noise-62,4,-0.031648,,1
OR.PA-management-noise-62,5,-0.020301,,1
OR.PA-management-noise-62,6,-0.053576,,1
OR.PA-management-noise-62,7,-0.086571,,1
OR.PA-management-noise-62,8,-0.09577,,1
OR.PA-management-noise-62,9,-0.078495,,1
OR.PA-management-noise-62,10,-0.059052,,1
OR.PA-management-noise-62,11,-0.083362,,1
OR.PA-management-noise-62,12,-0.077445,,1
OR.PA-management-noise-62,13,-0.083508,,1
OR.PA-management-noise-62,14,-0.099966,,1
OR.PA-management-noise-62,15,-0.100886,,1
OR.PA-management-noise-62,16,-0.089733,,1
OR.PA-management-noise-62,17,-0.073259,,1
OR.PA-management-noise-62,18,-0.080112,,1
OR.PA-management-noise-62,19,-0.062215,,1
OR.PA-management-noise-62,20,-0.072752,,1
OR.PA-management-noise-62,21,-0.08675,,1
OR.PA-management-noise-62,22,-0.078006,,1
OR.PA-management-noise-62,23,-0.057006,,1
OR.PA-management-noise-62,24,-0.049823,,1
OR.PA-management-noise-62,25,-0.039506,,1
OR.PA-management-noise-62,26,-0.044107,,1
OR.PA-management-noise-62,27,-0.035492,,1
OR.PA-management-noise-62,28,-0.030536,,1
OR.PA-management-noise-62,29,-0.024841,,1
OR.PA-management-noise-62,30,-0.042852,,1
OR.PA-management-noise-60,1,0.002636,,1
OR.PA-management-noise-60,2,0.008844,,1
OR.PA-management-noise-60,3,-0.00779,,1
OR.PA-management-noise-60,4,-0.031648,,1
OR.PA-management-noise-60,5,-0.020301,,1
OR.PA-management-noise-60,6,-0.053576,,1
OR.PA-management-noise-60,7,-0.086571,,1
OR.PA-management-noise-60,8,-0.09577,,1
OR.PA-management-noise-60,9,-0.078495,,1
OR.PA-management-noise-60,10,-0.059052,,1
OR.PA-management-noise-60,11,-0.083362,,1
OR.PA-management-noise-60,12,-0.077445,,1
OR.PA-management-noise-60,13,-0.083508,,1
OR.PA-management-noise-60,14,-0.099966,,1
OR.PA-management-noise-60,15,-0.100886,,1
OR.PA-management-noise-60,16,-0.089733,,1
OR.PA-management-noise-60,17,-0.073259,,1
OR.PA-management-noise-60,18,-0.080112,,1
OR.PA-management-noise-60,19,-0.062215,,1
OR.PA-management-noise-60,20,-0.072752,,1
OR.PA-management-noise-60,21,-0.08675,,1
OR.PA-management-noise-60,22,-0.078006,,1
OR.PA-management-noise-60,23,-0.057006,,1
OR.PA-management-noise-60,24,-0.049823,,1
OR.PA-management-noise-60,25,-0.039506,,1
OR.PA-management-noise-60,26,-0.044107,,1
OR.PA-management-noise-60,27,-0.035492,,1
OR.PA-management-noise-60,28,-0.030536,,1
OR.PA-management-noise-60,29,-0.024841,,1
OR.PA-management-noise-60,30,-0.042852,,1
OR.PA-management-noise-35,1,0.012547,,1
OR.PA-management-noise-35,2,0.023587,,1
OR.PA-management-noise-35,3,0.038526,,1
OR.PA-management-noise-35,4,0.031055,,1
OR.PA-management-noise-35,5,0.020809,,1
OR.PA-management-noise-35,6,0.026818,,1
OR.PA-management-noise-35,7,0.039939,,1
OR.PA-management-noise-35,8,0.032923,,1
OR.PA-management-noise-35,9,0.038864,,1
OR.PA-management-noise-35,10,0.043884,,1
OR.PA-management-noise-35,11,0.042239,,1
OR.PA-management-noise-35,12,0.037918,,1
OR.PA-management-noise-35,13,0.038048,,1
OR.PA-management-noise-35,14,0.021077,,1
OR.PA-management-noise-35,15,0.028444,,1
OR.PA-management-noise-35,16,0.035311,,1
OR.PA-management-noise-35,17,0.034546,,1
OR.PA-management-noise-35,18,0.048028,,1
OR.PA-management-noise-35,19,0.038385,,1
OR.PA-management-noise-35,20,0.056654,,1
OR.PA-management-noise-35,21,0.061159,,1
OR.PA-management-noise-35,22,0.053401,,1
OR.PA-management-noise-35,23,0.057922,,1
OR.PA-management-noise-35,24,0.060677,,1
OR.PA-management-noise-35,25,0.076843,,1
OR.PA-management-noise-35,26,0.091908,,1
OR.PA-management-noise-35,27,0.08822,,1
OR.PA-management-noise-35,28,0.086222,,1
OR.PA-management-noise-35,29,0.088481,,1
OR.PA-management-noise-35,30,0.0975,,1
OR.PA-management-noise-34,1,0.012547,,1
OR.PA-management-noise-34,2,0.023587,,1
OR.PA-management-noise-34,3,0.038526,,1
OR.PA-management-noise-34,4,0.031055,,1
OR.PA-management-noise-34,5,0.020809,,1
OR.PA-management-noise-34,6,0.026818,,1
OR.PA-management-noise-34,7,0.039939,,1
OR.PA-management-noise-34,8,0.032923,,1
OR.PA-management-noise-34,9,0.038864,,1
OR.PA-management-noise-34,10,0.043884,,1
OR.PA-management-noise-34,11,0.042239,,1
OR.PA-management-noise-34,12,0.037918,,1
OR.PA-management-noise-34,13,0.038048,,1
OR.PA-management-noise-34,14,0.021077,,1
OR.PA-management-noise-34,15,0.028444,,1
OR.PA-management-noise-34,16,0.035311,,1
OR.PA-management-noise-34,17,0.034546,,1
OR.PA-management-noise-34,18,0.048028,,1
OR.PA-management-noise-34,19,0.038385,,1
OR.PA-management-noise-34,20,0.056654,,1
OR.PA-management-noise-34,21,0.061159,,1
OR.PA-management-noise-34,22,0.053401,,1
OR.PA-management-noise-34,23,0.057922,,1
OR.PA-management-noise-34,24,0.060677,,1
OR.PA-management-noise-34,25,0.076843,,1
OR.PA-management-noise-34,26,0.091908,,1
OR.PA-management-noise-34,27,0.08822,,1
OR.PA-management-noise-34,28,0.086222,,1
OR.PA-management-noise-34,29,0.088481,,1
OR.PA-management-noise-34,30,0.0975,,1
OR.PA-management-noise-33,1,0.012547,,1
OR.PA-management-noise-33,2,0.023587,,1
OR.PA-management-noise-33,3,0.038526,,1
OR.PA-management-noise-33,4,0.031055,,1
OR.PA-management-noise-33,5,0.020809,,1
OR.PA-management-noise-33,6,0.026818,,1
OR.PA-management-noise-33,7,0.039939,,1
OR.PA-management-noise-33,8,0.032923,,1
OR.PA-management-noise-33,9,0.038864,,1
OR.PA-management-noise-33,10,0.043884,,1
OR.PA-management-noise-33,11,0.042239,,1
OR.PA-management-noise-33,12,0.037918,,1
OR.PA-management-noise-33,13,0.038048,,1
OR.PA-management-noise-33,14,0.021077,,1
OR.PA-management-noise-33,15,0.028444,,1
OR.PA-management-noise-33,16,0.035311,,1
OR.PA-management-noise-33,17,0.034546,,1
OR.PA-management-noise-33,18,0.048028,,1
OR.PA-management-noise-33,19,0.038385,,1
OR.PA-management-noise-33,20,0.056654,,1
OR.PA-management-noise-33,21,0.061159,,1
OR.PA-management-noise-33,22,0.053401,,1
OR.PA-management-noise-33,23,0.057922,,1
OR.PA-management-noise-33,24,0.060677,,1
OR.PA-management-noise-33,25,0.076843,,1
OR.PA-management-noise-33,26,0.091908,,1
OR.PA-management-noise-33,27,0.08822,,1
OR.PA-management-noise-33,28,0.086222,,1
OR.PA-management-noise-33,29,0.088481,,1
OR.PA-management-noise-33,30,0.0975,,1
OR.PA-management-noise-32,1,0.012547,,1
OR.PA-management-noise-32,2,0.023587,,1
OR.PA-management-noise-32,3,0.038526,,1
OR.PA-management-noise-32,4,0.031055,,1
OR.PA-management-noise-32,5,0.020809,,1
OR.PA-management-noise-32,6,0.026818,,1
OR.PA-management-noise-32,7,0.039939,,1
OR.PA-management-noise-32,8,0.032923,,1
OR.PA-management-noise-32,9,0.038864,,1
OR.PA-management-noise-32,10,0.043884,,1
OR.PA-management-noise-32,11,0.042239,,1
OR.PA-management-noise-32,12,0.037918,,1
OR.PA-management-noise-32,13,0.038048,,1
OR.PA-management-noise-32,14,0.021077,,1
OR.PA-management-noise-32,15,0.028444,,1
OR.PA-management-noise-32,16,0.035311,,1
OR.PA-management-noise-32,17,0.034546,,1
OR.PA-management-noise-32,18,0.048028,,1
OR.PA-management-noise-32,19,0.038385,,1
OR.PA-management-noise-32,20,0.056654,,1
OR.PA-management-noise-32,21,0.061159,,1
OR.PA-management-noise-32,22,0.053401,,1
OR.PA-management-noise-32,23,0.057922,,1
OR.PA-management-noise-32,24,0.060677,,1
OR.PA-management-noise-32,25,0.076843,,1
OR.PA-management-noise-32,26,0.091908,,1
OR.PA-management-noise-32,27,0.08822,,1
OR.PA-management-noise-32,28,0.086222,,1
OR.PA-management-noise-32,29,0.088481,,1
OR.PA-management-noise-32,30,0.0975,,1
OR.PA-management-noise-19,1,0.005772,,1
OR.PA-management-noise-19,2,-0.01249,,1
OR.PA-management-noise-19,3,-0.008095,,1
OR.PA-management-noise-19,4,0.00153,,1
OR.PA-management-noise-19,5,0.0025,,1
OR.PA-management-noise-19,6,0.001562,,1
OR.PA-management-noise-19,7,0.009622,,1
OR.PA-management-noise-19,8,0.010092,,1
OR.PA-management-noise-19,9,0.013842,,1
OR.PA-management-noise-19,10,0.006794,,1
OR.PA-management-noise-19,11,-0.001233,,1
OR.PA-management-noise-19,12,-0.029059,,1
OR.PA-management-noise-19,13,-0.025619,,1
OR.PA-management-noise-19,14,-0.018834,,1
OR.PA-management-noise-19,15,-0.043573,,1
OR.PA-management-noise-19,16,-0.039104,,1
OR.PA-management-noise-19,17,-0.0464,,1
OR.PA-management-noise-19,18,-0.038516,,1
OR.PA-management-noise-19,19,-0.037498,,1
OR.PA-management-noise-19,20,-0.037941,,1
OR.PA-management-noise-19,21,-0.033063,,1
OR.PA-management-noise-19,22,-0.03786,,1
OR.PA-management-noise-19,23,-0.033482,,1
OR.PA-management-noise-19,24,-0.030575,,1
OR.PA-management-noise-19,25,-0.030074,,1
OR.PA-management-noise-19,26,-0.027193,,1
OR.PA-management-noise-19,27,-0.044446,,1
OR.PA-management-noise-19,28,-0.044409,,1
OR.PA-management-noise-19,29,-0.064843,,1
OR.PA-management-noise-19,30,-0.084392,,1
OR.PA-management-noise-18,1,0.005772,,1
OR.PA-management-noise-18,2,-0.01249,,1
OR.PA-management-noise-18,3,-0.008095,,1
OR.PA-management-noise-18,4,0.00153,,1
OR.PA-management-noise-18,5,0.0025,,1
OR.PA-management-noise-18,6,0.001562,,1
OR.PA-management-noise-18,7,0.009622,,1
OR.PA-management-noise-18,8,0.010092,,1
OR.PA-management-noise-18,9,0.013842,,1
OR.PA-management-noise-18,10,0.006794,,1
OR.PA-management-noise-18,11,-0.001233,,1
OR.PA-management-noise-18,12,-0.029059,,1
OR.PA-management-noise-18,13,-0.025619,,1
OR.PA-management-noise-18,14,-0.018834,,1
OR.PA-management-noise-18,15,-0.043573,,1
OR.PA-management-noise-18,16,-0.039104,,1
OR.PA-management-noise-18,17,-0.0464,,1
OR.PA-management-noise-18,18,-0.038516,,1
OR.PA-management-noise-18,19,-0.037498,,1
OR.PA-management-noise-18,20,-0.037941,,1
OR.PA-management-noise-18,21,-0.033063,,1
OR.PA-management-noise-18,22,-0.03786,,1
OR.PA-management-noise-18,23,-0.033482,,1
OR.PA-management-noise-18,24,-0.030575,,1
OR.PA-management-noise-18,25,-0.030074,,1
OR.PA-management-noise-18,26,-0.027193,,1
OR.PA-management-noise-18,27,-0.044446,,1
OR.PA-management-noise-18,28,-0.044409,,1
OR.PA-management-noise-18,29,-0.064843,,1
OR.PA-management-noise-18,30,-0.084392,,1
OR.PA-management-noise-17,1,0.005772,,1
OR.PA-management-noise-17,2,-0.01249,,1
OR.PA-management-noise-17,3,-0.008095,,1
OR.PA-management-noise-17,4,0.00153,,1
OR.PA-management-noise-17,5,0.0025,,1
OR.PA-management-noise-17,6,0.001562,,1
OR.PA-management-noise-17,7,0.009622,,1
OR.PA-management-noise-17,8,0.010092,,1
OR.PA-management-noise-17,9,0.013842,,1
OR.PA-management-noise-17,10,0.006794,,1
OR.PA-management-noise-17,11,-0.001233,,1
OR.PA-management-noise-17,12,-0.029059,,1
OR.PA-management-noise-17,13,-0.025619,,1
OR.PA-management-noise-17,14,-0.018834,,1
OR.PA-management-noise-17,15,-0.043573,,1
OR.PA-management-noise-17,16,-0.039104,,1
OR.PA-management-noise-17,17,-0.0464,,1
OR.PA-management-noise-17,18,-0.038516,,1
OR.PA-management-noise-17,19,-0.037498,,1
OR.PA-management-noise-17,20,-0.037941,,1
OR.PA-management-noise-17,21,-0.033063,,1
OR.PA-management-noise-17,22,-0.03786,,1
OR.PA-management-noise-17,23,-0.033482,,1
OR.PA-management-noise-17,24,-0.030575,,1
OR.PA-management-noise-17,25,-0.030074,,1
OR.PA-management-noise-17,26,-0.027193,,1
OR.PA-management-noise-17,27,-0.044446,,1
OR.PA-management-noise-17,28,-0.044409,,1
OR.PA-management-noise-17,29,-0.064843,,1
OR.PA-management-noise-17,30,-0.084392,,1
OR.PA-management-noise-16,1,0.005772,,1
OR.PA-management-noise-16,2,-0.01249,,1
OR.PA-management-noise-16,3,-0.008095,,1
OR.PA-management-noise-16,4,0.00153,,1
OR.PA-management-noise-16,5,0.0025,,1
OR.PA-management-noise-16,6,0.001562,,1
OR.PA-management-noise-16,7,0.009622,,1
OR.PA-management-noise-16,8,0.010092,,1
OR.PA-management-noise-16,9,0.013842,,1
OR.PA-management-noise-16,10,0.006794,,1
OR.PA-management-noise-16,11,-0.001233,,1
OR.PA-management-noise-16,12,-0.029059,,1
OR.PA-management-noise-16,13,-0.025619,,1
OR.PA-management-noise-16,14,-0.018834,,1
OR.PA-management-noise-16,15,-0.043573,,1
OR.PA-management-noise-16,16,-0.039104,,1
OR.PA-management-noise-16,17,-0.0464,,1
OR.PA-management-noise-16,18,-0.038516,,1
OR.PA-management-noise-16,19,-0.037498,,1
OR.PA-management-noise-16,20,-0.037941,,1
OR.PA-management-noise-16,21,-0.033063,,1
OR.PA-management-noise-16,22,-0.03786,,1
OR.PA-management-noise-16,23,-0.033482,,1
OR.PA-management-noise-16,24,-0.030575,,1
OR.PA-management-noise-16,25,-0.030074,,1
OR.PA-management-noise-16,26,-0.027193,,1
OR.PA-management-noise-16,27,-0.044446,,1
OR.PA-management-noise-16,28,-0.044409,,1
OR.PA-management-noise-16,29,-0.064843,,1
OR.PA-management-noise-16,30,-0.084392,,1
OR.PA-management-noise-15,1,0.005772,,1
OR.PA-management-noise-15,2,-0.01249,,1
OR.PA-management-noise-15,3,-0.008095,,1
OR.PA-management-noise-15,4,0.00153,,1
OR.PA-management-noise-15,5,0.0025,,1
OR.PA-management-noise-15,6,0.001562,,1
OR.PA-management-noise-15,7,0.009622,,1
OR.PA-management-noise-15,8,0.010092,,1
OR.PA-management-noise-15,9,0.013842,,1
OR.PA-management-noise-15,10,0.006794,,1
OR.PA-management-noise-15,11,-0.001233,,1
OR.PA-management-noise-15,12,-0.029059,,1
OR.PA-management-noise-15,13,-0.025619,,1
OR.PA-management-noise-15,14,-0.018834,,1
OR.PA-management-noise-15,15,-0.043573,,1
OR.PA-management-noise-15,16,-0.039104,,1
OR.PA-management-noise-15,17,-0.0464,,1
OR.PA-management-noise-15,18,-0.038516,,1
OR.PA-management-noise-15,19,-0.037498,,1
OR.PA-management-noise-15,20,-0.037941,,1
OR.PA-management-noise-15,21,-0.033063,,1
OR.PA-management-noise-15,22,-0.03786,,1
OR.PA-management-noise-15,23,-0.033482,,1
OR.PA-management-noise-15,24,-0.030575,,1
OR.PA-management-noise-15,25,-0.030074,,1
OR.PA-management-noise-15,26,-0.027193,,1
OR.PA-management-noise-15,27,-0.044446,,1
OR.PA-management-noise-15,28,-0.044409,,1
OR.PA-management-noise-15,29,-0.064843,,1
OR.PA-management-noise-15,30,-0.084392,,1
OR.PA-management-noise-10,1,0.005772,,1
OR.PA-management-noise-10,2,-0.01249,,1
OR.PA-management-noise-10,3,-0.008095,,1
OR.PA-management-noise-10,4,0.00153,,1
OR.PA-management-noise-10,5,0.0025,,1
OR.PA-management-noise-10,6,0.001562,,1
OR.PA-management-noise-10,7,0.009622,,1
OR.PA-management-noise-10,8,0.010092,,1
OR.PA-management-noise-10,9,0.013842,,1
OR.PA-management-noise-10,10,0.006794,,1
OR.PA-management-noise-10,11,-0.001233,,1
OR.PA-management-noise-10,12,-0.029059,,1
OR.PA-management-noise-10,13,-0.025619,,1
OR.PA-management-noise-10,14,-0.018834,,1
OR.PA-management-noise-10,15,-0.043573,,1
OR.PA-management-noise-10,16,-0.039104,,1
OR.PA-management-noise-10,17,-0.0464,,1
OR.PA-management-noise-10,18,-0.038516,,1
OR.PA-management-noise-10,19,-0.037498,,1
OR.PA-management-noise-10,20,-0.037941,,1
OR.PA-management-noise-10,21,-0.033063,,1
OR.PA-management-noise-10,22,-0.03786,,1
OR.PA-management-noise-10,23,-0.033482,,1
OR.PA-management-noise-10,24,-0.030575,,1
OR.PA-management-noise-10,25,-0.030074,,1
OR.PA-management-noise-10,26,-0.027193,,1
OR.PA-management-noise-10,27,-0.044446,,1
OR.PA-management-noise-10,28,-0.044409,,1
OR.PA-management-noise-10,29,-0.064843,,1
OR.PA-management-noise-10,30,-0.084392,,1
OR.PA-management-noise-9,1,0.005772,,1
OR.PA-management-noise-9,2,-0.01249,,1
OR.PA-management-noise-9,3,-0.008095,,1
OR.PA-management-noise-9,4,0.00153,,1
OR.PA-management-noise-9,5,0.0025,,1
OR.PA-management-noise-9,6,0.001562,,1
OR.PA-management-noise-9,7,0.009622,,1
OR.PA-management-noise-9,8,0.010092,,1
OR.PA-management-noise-9,9,0.013842,,1
OR.PA-management-noise-9,10,0.006794,,1
OR.PA-management-noise-9,11,-0.001233,,1
OR.PA-management-noise-9,12,-0.029059,,1
OR.PA-management-noise-9,13,-0.025619,,1
OR.PA-management-noise-9,14,-0.018834,,1
OR.PA-management-noise-9,15,-0.043573,,1
OR.PA-management-noise-9,16,-0.039104,,1
OR.PA-management-noise-9,17,-0.0464,,1
OR.PA-management-noise-9,18,-0.038516,,1
OR.PA-management-noise-9,19,-0.037498,,1
OR.PA-management-noise-9,20,-0.037941,,1
OR.PA-management-noise-9,21,-0.033063,,1
OR.PA-management-noise-9,22,-0.03786,,1
OR.PA-management-noise-9,23,-0.033482,,1
OR.PA-management-noise-9,24,-0.030575,,1
OR.PA-management-noise-9,25,-0.030074,,1
OR.PA-management-noise-9,26,-0.027193,,1
OR.PA-management-noise-9,27,-0.044446,,1
OR.PA-management-noise-9,28,-0.044409,,1
OR.PA-management-noise-9,29,-0.064843,,1
OR.PA-management-noise-9,30,-0.084392,,1
OR.PA-management-noise-8,1,0.005772,,1
OR.PA-management-noise-8,2,-0.01249,,1
OR.PA-management-noise-8,3,-0.008095,,1
OR.PA-management-noise-8,4,0.00153,,1
OR.PA-management-noise-8,5,0.0025,,1
OR.PA-management-noise-8,6,0.001562,,1
OR.PA-management-noise-8,7,0.009622,,1
OR.PA-management-noise-8,8,0.010092,,1
OR.PA-management-noise-8,9,0.013842,,1
OR.PA-management-noise-8,10,0.006794,,1
OR.PA-management-noise-8,11,-0.001233,,1
OR.PA-management-noise-8,12,-0.029059,,1
OR.PA-management-noise-8,13,-0.025619,,1
OR.PA-management-noise-8,14,-0.018834,,1
OR.PA-management-noise-8,15,-0.043573,,1
OR.PA-management-noise-8,16,-0.039104,,1
OR.PA-management-noise-8,17,-0.0464,,1
OR.PA-management-noise-8,18,-0.038516,,1
OR.PA-management-noise-8,19,-0.037498,,1
OR.PA-management-noise-8,20,-0.037941,,1
OR.PA-management-noise-8,21,-0.033063,,1
OR.PA-management-noise-8,22,-0.03786,,1
OR.PA-management-noise-8,23,-0.033482,,1
OR.PA-management-noise-8,24,-0.030575,,1
OR.PA-management-noise-8,25,-0.030074,,1
OR.PA-management-noise-8,26,-0.027193,,1
OR.PA-management-noise-8,27,-0.044446,,1
OR.PA-management-noise-8,28,-0.044409,,1
OR.PA-management-noise-8,29,-0.064843,,1
OR.PA-management-noise-8,30,-0.084392,,1
OR.PA-management-noise-6,1,0.005772,,1
OR.PA-management-noise-6,2,-0.01249,,1
OR.PA-management-noise-6,3,-0.008095,,1
OR.PA-management-noise-6,4,0.00153,,1
OR.PA-management-noise-6,5,0.0025,,1
OR.PA-management-noise-6,6,0.001562,,1
OR.PA-management-noise-6,7,0.009622,,1
OR.PA-management-noise-6,8,0.010092,,1
OR.PA-management-noise-6,9,0.013842,,1
OR.PA-management-noise-6,10,0.006794,,1
OR.PA-management-noise-6,11,-0.001233,,1
OR.PA-management-noise-6,12,-0.029059,,1
OR.PA-management-noise-6,13,-0.025619,,1
OR.PA-management-noise-6,14,-0.018834,,1
OR.PA-management-noise-6,15,-0.043573,,1
OR.PA-management-noise-6,16,-0.039104,,1
OR.PA-management-noise-6,17,-0.0464,,1
OR.PA-management-noise-6,18,-0.038516,,1
OR.PA-management-noise-6,19,-0.037498,,1
OR.PA-management-noise-6,20,-0.037941,,1
OR.PA-management-noise-6,21,-0.033063,,1
OR.PA-management-noise-6,22,-0.03786,,1
OR.PA-management-noise-6,23,-0.033482,,1
OR.PA-management-noise-6,24,-0.030575,,1
OR.PA-management-noise-6,25,-0.030074,,1
OR.PA-management-noise-6,26,-0.027193,,1
OR.PA-management-noise-6,27,-0.044446,,1
OR.PA-management-noise-6,28,-0.044409,,1
OR.PA-management-noise-6,29,-0.064843,,1
OR.PA-management-noise-6,30,-0.084392,,1
OR.PA-management-noise-3,1,0.005772,,1
OR.PA-management-noise-3,2,-0.01249,,1
OR.PA-management-noise-3,3,-0.008095,,1
OR.PA-management-noise-3,4,0.00153,,1
OR.PA-management-noise-3,5,0.0025,,1
OR.PA-management-noise-3,6,0.001562,,1
OR.PA-management-noise-3,7,0.009622,,1
OR.PA-management-noise-3,8,0.010092,,1
OR.PA-management-noise-3,9,0.013842,,1
OR.PA-management-noise-3,10,0.006794,,1
OR.PA-management-noise-3,11,-0.001233,,1
OR.PA-management-noise-3,12,-0.029059,,1
OR.PA-management-noise-3,13,-0.025619,,1
OR.PA-management-noise-3,14,-0.018834,,1
OR.PA-management-noise-3,15,-0.043573,,1
OR.PA-management-noise-3,16,-0.039104,,1
OR.PA-management-noise-3,17,-0.0464,,1
OR.PA-management-noise-3,18,-0.038516,,1
OR.PA-management-noise-3,19,-0.037498,,1
OR.PA-management-noise-3,20,-0.037941,,1
OR.PA-management-noise-3,21,-0.033063,,1
OR.PA-management-noise-3,22,-0.03786,,1
OR.PA-management-noise-3,23,-0.033482,,1
OR.PA-management-noise-3,24,-0.030575,,1
OR.PA-management-noise-3,25,-0.030074,,1
OR.PA-management-noise-3,26,-0.027193,,1
OR.PA-management-noise-3,27,-0.044446,,1
OR.PA-management-noise-3,28,-0.044409,,1
OR.PA-management-noise-3,29,-0.064843,,1
OR.PA-management-noise-3,30,-0.084392,,1
OR.PA-management-0,1,-0.010391,0.005319,3
OR.PA-management-0,2,-0.009028,0.012988,3
OR.PA-management-0,3,-0.005229,0.015755,3
OR.PA-management-0,4,-0.01169,0.020003,3
OR.PA-management-0,5,-0.006906,0.022063,3
OR.PA-management-0,6,-0.006805,0.016821,3
OR.PA-management-0,7,-0.011406,0.021797,3
OR.PA-management-0,8,-0.007423,0.023151,3
OR.PA-management-0,9,-0.001036,0.027524,3
OR.PA-management-0,10,-0.009407,0.035912,3
OR.PA-management-0,11,-0.008366,0.040418,3
OR.PA-management-0,12,-0.016236,0.044709,3
OR.PA-management-0,13,-0.02042,0.030924,3
OR.PA-management-0,14,-0.020026,0.037342,3
OR.PA-management-0,15,-0.016855,0.031717,3
OR.PA-management-0,16,-0.006549,0.039675,3
OR.PA-management-0,17,-0.007011,0.036828,3
OR.PA-management-0,18,-0.009747,0.037584,3
OR.PA-management-0,19,-0.007258,0.03606,3
OR.PA-management-0,20,0.007289,0.026979,3
OR.PA-management-0,21,0.029855,0.024889,3
OR.PA-management-0,22,0.049121,0.033988,3
OR.PA-management-0,23,0.049737,0.033177,3
OR.PA-management-0,24,0.036292,0.032263,3
OR.PA-management-0,25,0.046229,0.029948,3
OR.PA-management-0,26,0.058696,0.035812,3
OR.PA-management-0,27,0.05895,0.032933,3
OR.PA-management-0,28,0.060032,0.038497,3
OR.PA-management-0,29,0.064169,0.037935,3
OR.PA-management-0,30,0.05179,0.030319,3
OR.PA-management-2,1,-0.010663,0.009309,3
OR.PA-management-2,2,0.017532,0.016842,3
OR.PA-management-2,3,0.045436,0.033164,3
OR.PA-management-2,4,0.046976,0.033739,3
OR.PA-management-2,5,0.031638,0.012099,3
OR.PA-management-2,6,0.03847,0.0208,3
OR.PA-management-2,7,0.030379,0.010822,3
OR.PA-management-2,8,0.020736,0.009937,3
OR.PA-management-2,9,0.038568,0.007806,3
OR.PA-management-2,10,0.038213,0.010316,3
OR.PA-management-2,11,0.048803,0.009685,3
OR.PA-management-2,12,0.05587,0.009169,3
OR.PA-management-2,13,0.04608,0.008079,3
OR.PA-management-2,14,0.057051,0.007903,3
OR.PA-management-2,15,0.058922,0.017806,3
OR.PA-management-2,16,0.06494,0.007375,3
OR.PA-management-2,17,0.053281,0.011371,3
OR.PA-management-2,18,0.060827,0.012977,3
OR.PA-management-2,19,0.070331,0.023681,3
OR.PA-management-2,20,0.059596,0.008083,3
OR.PA-management-2,21,0.072401,0.006708,3
OR.PA-management-2,22,0.076209,0.014324,3
OR.PA-management-2,23,0.065195,0.012886,3
OR.PA-management-2,24,0.062047,0.013333,3
OR.PA-management-2,25,0.075848,0.018672,3
OR.PA-management-2,26,0.085988,0.017541,3
OR.PA-management-2,27,0.094543,0.029214,3
OR.PA-management-2,28,0.076397,0.009093,3
OR.PA-management-2,29,0.067108,0.010904,3
OR.PA-management-2,30,0.057778,0.001551,3
OR.PA-management-4,1,-0.010391,0.005319,3
OR.PA-management-4,2,-0.009028,0.012988,3
OR.PA-management-4,3,-0.005229,0.015755,3
OR.PA-management-4,4,-0.01169,0.020003,3
OR.PA-management-4,5,-0.006906,0.022063,3
OR.PA-management-4,6,-0.006805,0.016821,3
OR.PA-management-4,7,-0.011406,0.021797,3
OR.PA-management-4,8,-0.007423,0.023151,3
OR.PA-management-4,9,-0.001036,0.027524,3
OR.PA-management-4,10,-0.009407,0.035912,3
OR.PA-management-4,11,-0.008366,0.040418,3
OR.PA-management-4,12,-0.016236,0.044709,3
OR.PA-management-4,13,-0.02042,0.030924,3
OR.PA-management-4,14,-0.020026,0.037342,3
OR.PA-management-4,15,-0.016855,0.031717,3
OR.PA-management-4,16,-0.006549,0.039675,3
OR.PA-management-4,17,-0.007011,0.036828,3
OR.PA-management-4,18,-0.009747,0.037584,3
OR.PA-management-4,19,-0.007258,0.03606,3
OR.PA-management-4,20,0.007289,0.026979,3
OR.PA-management-4,21,0.029855,0.024889,3
OR.PA-management-4,22,0.049121,0.033988,3
OR.PA-management-4,23,0.049737,0.033177,3
OR.PA-management-4,24,0.036292,0.032263,3
OR.PA-management-4,25,0.046229,0.029948,3
OR.PA-management-4,26,0.058696,0.035812,3
OR.PA-management-4,27,0.05895,0.032933,3
OR.PA-management-4,28,0.060032,0.038497,3
OR.PA-management-4,29,0.064169,0.037935,3
OR.PA-management-4,30,0.05179,0.030319,3
OR.PA-management-5,1,-0.014691,0.003881,5
OR.PA-management-5,2,-0.022714,0.004561,5
OR.PA-management-5,3,-0.021687,0.006344,5
OR.PA-management-5,4,-0.032366,0.008864,5
OR.PA-management-5,5,-0.028886,0.011736,5
OR.PA-management-5,6,-0.023624,0.008831,5
OR.PA-management-5,7,-0.034466,0.005597,5
OR.PA-management-5,8,-0.025635,0.007636,5
OR.PA-management-5,9,-0.020995,0.010835,5
OR.PA-management-5,10,-0.037349,0.012184,5
OR.PA-management-5,11,-0.040694,0.012736,5
OR.PA-management-5,12,-0.060613,0.000788,5
OR.PA-management-5,13,-0.047239,0.00717,5
OR.PA-management-5,14,-0.057514,0.000363,5
OR.PA-management-5,15,-0.041394,0.010911,5
OR.PA-management-5,16,-0.039361,0.011237,5
OR.PA-management-5,17,-0.034033,0.014187,5
OR.PA-management-5,18,-0.042936,0.007897,5
OR.PA-management-5,19,-0.041537,0.00371,5
OR.PA-management-5,20,-0.021262,0.007656,5
OR.PA-management-5,21,0.012017,0.010001,5
OR.PA-management-5,22,0.029964,0.018037,5
OR.PA-management-5,23,0.039732,0.022872,5
OR.PA-management-5,24,0.025298,0.021605,5
OR.PA-management-5,25,0.039442,0.021673,5
OR.PA-management-5,26,0.054154,0.027314,5
OR.PA-management-5,27,0.055648,0.02542,5
OR.PA-management-5,28,0.062811,0.031523,5
OR.PA-management-5,29,0.072295,0.031919,5
OR.PA-management-5,30,0.060742,0.025693,5
OR.PA-management-8,1,-0.011377,0.003867,9
OR.PA-management-8,2,0.005608,0.009259,9
OR.PA-management-8,3,0.024348,0.017233,9
OR.PA-management-8,4,0.022026,0.018651,9
OR.PA-management-8,5,0.014254,0.010588,9
OR.PA-management-8,6,0.019002,0.012927,9
OR.PA-management-8,7,0.007183,0.011507,9
OR.PA-management-8,8,-0.00261,0.01165,9
OR.PA-management-8,9,0.00694,0.014664,9
OR.PA-management-8,10,-0.001163,0.018046,9
OR.PA-management-8,11,0.001216,0.020125,9
OR.PA-management-8,12,0.005147,0.021407,9
OR.PA-management-8,13,0.001063,0.019006,9
OR.PA-management-8,14,0.007734,0.020661,9
OR.PA-management-8,15,0.009388,0.022555,9
OR.PA-management-8,16,0.013015,0.02227,9
OR.PA-management-8,17,0.007889,0.020866,9
OR.PA-management-8,18,0.012308,0.021732,9
OR.PA-management-8,19,0.022443,0.023498,9
OR.PA-management-8,20,0.029989,0.013441,9
OR.PA-management-8,21,0.040569,0.01435,9
OR.PA-management-8,22,0.04681,0.016221,9
OR.PA-management-8,23,0.041717,0.015203,9
OR.PA-management-8,24,0.034956,0.01622,9
OR.PA-management-8,25,0.049586,0.01704,9
OR.PA-management-8,26,0.058074,0.018654,9
OR.PA-management-8,27,0.066222,0.020955,9
OR.PA-management-8,28,0.052263,0.017329,9
OR.PA-management-8,29,0.051517,0.015835,9
OR.PA-management-8,30,0.04272,0.012245,9
OR.PA-management-10,1,-0.010391,0.005319,3
OR.PA-management-10,2,-0.009028,0.012988,3
OR.PA-management-10,3,-0.005229,0.015755,3
OR.PA-management-10,4,-0.01169,0.020003,3
OR.PA-management-10,5,-0.006906,0.022063,3
OR.PA-management-10,6,-0.006805,0.016821,3
OR.PA-management-10,7,-0.011406,0.021797,3
OR.PA-management-10,8,-0.007423,0.023151,3
OR.PA-management-10,9,-0.001036,0.027524,3
OR.PA-management-10,10,-0.009407,0.035912,3
OR.PA-management-10,11,-0.008366,0.040418,3
OR.PA-management-10,12,-0.016236,0.044709,3
OR.PA-management-10,13,-0.02042,0.030924,3
OR.PA-management-10,14,-0.020026,0.037342,3
OR.PA-management-10,15,-0.016855,0.031717,3
OR.PA-management-10,16,-0.006549,0.039675,3
OR.PA-management-10,17,-0.007011,0.036828,3
OR.PA-management-10,18,-0.009747,0.037584,3
OR.PA-management-10,19,-0.007258,0.03606,3
OR.PA-management-10,20,0.007289,0.026979,3
OR.PA-management-10,21,0.029855,0.024889,3
OR.PA-management-10,22,0.049121,0.033988,3
OR.PA-management-10,23,0.049737,0.033177,3
OR.PA-management-10,24,0.036292,0.032263,3
OR.PA-management-10,25,0.046229,0.029948,3
OR.PA-management-10,26,0.058696,0.035812,3
OR.PA-management-10,27,0.05895,0.032933,3
OR.PA-management-10,28,0.060032,0.038497,3
OR.PA-management-10,29,0.064169,0.037935,3
OR.PA-management-10,30,0.05179,0.030319,3
OR.PA-management-11,1,-0.003523,0.015134,3
OR.PA-management-11,2,0.014571,0.017593,3
OR.PA-management-11,3,0.030576,0.04016,3
OR.PA-management-11,4,0.029729,0.041988,3
OR.PA-management-11,5,0.017662,0.018353,3
OR.PA-management-11,6,0.040295,0.023707,3
OR.PA-management-11,7,0.021646,0.02152,3
OR.PA-management-11,8,0.003453,0.023927,3
OR.PA-management-11,9,0.012676,0.030131,3
OR.PA-management-11,10,0.006886,0.037226,3
OR.PA-management-11,11,0.007263,0.040329,3
OR.PA-management-11,12,0.009672,0.036316,3
OR.PA-management-11,13,0.013092,0.039387,3
OR.PA-management-11,14,0.019822,0.039037,3
OR.PA-management-11,15,0.020698,0.047548,3
OR.PA-management-11,16,0.01249,0.041954,3
OR.PA-management-11,17,0.007819,0.04066,3
OR.PA-management-11,18,0.016398,0.04218,3
OR.PA-management-11,19,0.021317,0.048649,3
OR.PA-management-11,20,0.026878,0.023921,3
OR.PA-management-11,21,0.033599,0.027714,3
OR.PA-management-11,22,0.022622,0.026374,3
OR.PA-management-11,23,0.008003,0.02769,3
OR.PA-management-11,24,0.004679,0.035113,3
OR.PA-management-11,25,0.02844,0.039475,3
OR.PA-management-11,26,0.036783,0.039173,3
OR.PA-management-11,27,0.052124,0.048688,3
OR.PA-management-11,28,0.02161,0.034156,3
OR.PA-management-11,29,0.015371,0.033813,3
OR.PA-management-11,30,0.005957,0.029227,3
OR.PA-management-12,1,-0.012994,0.008035,2
OR.PA-management-12,2,-0.007771,0.02239,2
OR.PA-management-12,3,-0.00477,0.027277,2
OR.PA-management-12,4,-0.012208,0.034634,2
OR.PA-management-12,5,-0.010289,0.037762,2
OR.PA-management-12,6,-0.009211,0.028835,2
OR.PA-management-12,7,-0.00673,0.036875,2
OR.PA-management-12,8,0.011036,0.024201,2
OR.PA-management-12,9,0.022214,0.025516,2
OR.PA-management-12,10,0.019487,0.036939,2
OR.PA-management-12,11,0.023396,0.043292,2
OR.PA-management-12,12,0.006918,0.066244,2
OR.PA-management-12,13,0.001772,0.037302,2
OR.PA-management-12,14,-0.001726,0.05638,2
OR.PA-management-12,15,0.008778,0.032354,2
OR.PA-management-12,16,0.023619,0.04463,2
OR.PA-management-12,17,0.023876,0.034742,2
OR.PA-management-12,18,0.016519,0.04656,2
OR.PA-management-12,19,0.014425,0.049904,2
OR.PA-management-12,20,0.012188,0.045953,2
OR.PA-management-12,21,0.051024,0.022675,2
OR.PA-management-12,22,0.08079,0.021372,2
OR.PA-management-12,23,0.082753,0.00567,2
OR.PA-management-12,24,0.06825,0.00767,2
OR.PA-management-12,25,0.076167,0.001332,2
OR.PA-management-12,26,0.09442,0.004338,2
OR.PA-management-12,27,0.091734,0.005425,2
OR.PA-management-12,28,0.097251,0.017038,2
OR.PA-management-12,29,0.099198,0.02522,2
OR.PA-management-12,30,0.078782,0.023917,2
OR.PA-management-14,1,-0.021028,0.0,2
OR.PA-management-14,2,-0.030161,0.0,2
OR.PA-management-14,3,-0.032048,0.0,2
OR.PA-management-14,4,-0.046842,0.0,2
OR.PA-management-14,5,-0.048051,0.0,2
OR.PA-management-14,6,-0.038045,0.0,2
OR.PA-management-14,7,-0.043605,0.0,2
OR.PA-management-14,8,-0.013165,0.0,2
OR.PA-management-14,9,-0.003302,0.0,2
OR.PA-management-14,10,-0.017452,0.0,2
OR.PA-management-14,11,-0.019896,0.0,2
OR.PA-management-14,12,-0.059325,0.0,2
OR.PA-management-14,13,-0.03553,0.0,2
OR.PA-management-14,14,-0.058107,0.0,2
OR.PA-management-14,15,-0.023576,0.0,2
OR.PA-management-14,16,-0.021011,0.0,2
OR.PA-management-14,17,-0.010866,0.0,2
OR.PA-management-14,18,-0.03004,0.0,2
OR.PA-management-14,19,-0.035478,0.0,2
OR.PA-management-14,20,-0.033765,0.0,2
OR.PA-management-14,21,0.028349,0.0,2
OR.PA-management-14,22,0.059418,0.0,2
OR.PA-management-14,23,0.077082,0.0,2
OR.PA-management-14,24,0.06058,0.0,2
OR.PA-management-14,25,0.074835,0.0,2
OR.PA-management-14,26,0.098758,0.0,2
OR.PA-management-14,27,0.097159,0.0,2
OR.PA-management-14,28,0.114289,0.0,2
OR.PA-management-14,29,0.124418,0.0,2
OR.PA-management-14,30,0.102699,0.0,2
OR.PA-management-15,1,-0.021028,,1
OR.PA-management-15,2,-0.030161,,1
OR.PA-management-15,3,-0.032048,,1
OR.PA-management-15,4,-0.046842,,1
OR.PA-management-15,5,-0.048051,,1
OR.PA-management-15,6,-0.038045,,1
OR.PA-management-15,7,-0.043605,,1
OR.PA-management-15,8,-0.013165,,1
OR.PA-management-15,9,-0.003302,,1
OR.PA-management-15,10,-0.017452,,1
OR.PA-management-15,11,-0.019896,,1
OR.PA-management-15,12,-0.059325,,1
OR.PA-management-15,13,-0.03553,,1
OR.PA-management-15,14,-0.058107,,1
OR.PA-management-15,15,-0.023576,,1
OR.PA-management-15,16,-0.021011,,1
OR.PA-management-15,17,-0.010866,,1
OR.PA-management-15,18,-0.03004,,1
OR.PA-management-15,19,-0.035478,,1
OR.PA-management-15,20,-0.033765,,1
OR.PA-management-15,21,0.028349,,1
OR.PA-management-15,22,0.059418,,1
OR.PA-management-15,23,0.077082,,1
OR.PA-management-15,24,0.06058,,1
OR.PA-management-15,25,0.074835,,1
OR.PA-management-15,26,0.098758,,1
OR.PA-management-15,27,0.097159,,1
OR.PA-management-15,28,0.114289,,1
OR.PA-management-15,29,0.124418,,1
OR.PA-management-15,30,0.102699,,1
OR.PA-management-16,1,-0.009597,0.011431,2
OR.PA-management-16,2,-0.020118,0.010044,2
OR.PA-management-16,3,-0.014523,0.017524,2
OR.PA-management-16,4,-0.021012,0.025829,2
OR.PA-management-16,5,-0.017487,0.030564,2
OR.PA-management-16,6,-0.011135,0.026911,2
OR.PA-management-16,7,-0.015926,0.027679,2
OR.PA-management-16,8,-0.005724,0.007441,2
OR.PA-management-16,9,0.009868,0.01317,2
OR.PA-management-16,10,0.001629,0.019081,2
OR.PA-management-16,11,0.013202,0.033098,2
OR.PA-management-16,12,-0.008693,0.050632,2
OR.PA-management-16,13,0.000722,0.036252,2
OR.PA-management-16,14,-0.006694,0.051413,2
OR.PA-management-16,15,0.008762,0.032338,2
OR.PA-management-16,16,0.014913,0.035924,2
OR.PA-management-16,17,0.010301,0.021167,2
OR.PA-management-16,18,0.003635,0.033675,2
OR.PA-management-16,19,-0.001416,0.034062,2
OR.PA-management-16,20,0.006307,0.040072,2
OR.PA-management-16,21,0.044268,0.01592,2
OR.PA-management-16,22,0.056073,0.003345,2
OR.PA-management-16,23,0.060497,0.016585,2
OR.PA-management-16,24,0.047984,0.012596,2
OR.PA-management-16,25,0.058774,0.016061,2
OR.PA-management-16,26,0.076263,0.022495,2
OR.PA-management-16,27,0.072862,0.024298,2
OR.PA-management-16,28,0.08669,0.027599,2
OR.PA-management-16,29,0.085083,0.039335,2
OR.PA-management-16,30,0.080505,0.022194,2
OR.PA-management-19,1,-0.007278,0.004855,4
OR.PA-management-19,2,-0.002749,0.010834,4
OR.PA-management-19,3,0.003992,0.012863,4
OR.PA-management-19,4,0.000707,0.016384,4
OR.PA-management-19,5,0.004993,0.018004,4
OR.PA-management-19,6,0.004244,0.014126,4
OR.PA-management-19,7,0.007109,0.017452,4
OR.PA-management-19,8,0.014756,0.012208,4
OR.PA-management-19,9,0.028799,0.012181,4
OR.PA-management-19,10,0.029028,0.017633,4
OR.PA-management-19,11,0.039945,0.020518,4
OR.PA-management-19,12,0.032234,0.031395,4
OR.PA-management-19,13,0.019898,0.018483,4
OR.PA-management-19,14,0.02398,0.027462,4
OR.PA-management-19,15,0.024947,0.016174,4
OR.PA-management-19,16,0.041581,0.021264,4
OR.PA-management-19,17,0.034459,0.016408,4
OR.PA-management-19,18,0.033357,0.021988,4
OR.PA-management-19,19,0.031457,0.023528,4
OR.PA-management-19,20,0.032224,0.02217,4
OR.PA-management-19,21,0.058983,0.010697,4
OR.PA-management-19,22,0.079118,0.013375,4
OR.PA-management-19,23,0.07446,0.010527,4
OR.PA-management-19,24,0.061952,0.009564,4
OR.PA-management-19,25,0.068137,0.008498,4
OR.PA-management-19,26,0.083172,0.010013,4
OR.PA-management-19,27,0.079586,0.010652,4
OR.PA-management-19,28,0.083452,0.011421,4
OR.PA-management-19,29,0.079531,0.016375,4
OR.PA-management-19,30,0.067685,0.0117,4
OR.PA-management-20,1,-0.005787,0.007485,6
OR.PA-management-20,2,0.003016,0.011052,6
OR.PA-management-20,3,0.014198,0.020668,6
OR.PA-management-20,4,0.011598,0.022466,6
OR.PA-management-20,5,0.007581,0.01396,6
OR.PA-management-20,6,0.019706,0.016324,6
OR.PA-management-20,7,0.010538,0.014681,6
OR.PA-management-20,8,0.005691,0.012509,6
OR.PA-management-20,9,0.017582,0.015159,6
OR.PA-management-20,10,0.013391,0.019406,6
OR.PA-management-20,11,0.019147,0.022139,6
OR.PA-management-20,12,0.014132,0.02424,6
OR.PA-management-20,13,0.013299,0.02075,6
OR.PA-management-20,14,0.016789,0.023801,6
OR.PA-management-20,15,0.020125,0.02335,6
OR.PA-management-20,16,0.022591,0.02284,6
OR.PA-management-20,17,0.017113,0.020729,6
OR.PA-management-20,18,0.019924,0.022637,6
OR.PA-management-20,19,0.020908,0.025432,6
OR.PA-management-20,20,0.025232,0.016785,6
OR.PA-management-20,21,0.043839,0.014516,6
OR.PA-management-20,22,0.047029,0.017499,6
OR.PA-management-20,23,0.038904,0.019493,6
OR.PA-management-20,24,0.030987,0.020321,6
OR.PA-management-20,25,0.046728,0.020088,6
OR.PA-management-20,26,0.058826,0.021025,6
OR.PA-management-20,27,0.064734,0.023437,6
OR.PA-management-20,28,0.05307,0.021977,6
OR.PA-management-20,29,0.048376,0.023504,6
OR.PA-management-20,30,0.038958,0.020883,6
OR.PA-management-23,1,-0.012994,0.008035,2
OR.PA-management-23,2,-0.007771,0.02239,2
OR.PA-management-23,3,-0.00477,0.027277,2
OR.PA-management-23,4,-0.012208,0.034634,2
OR.PA-management-23,5,-0.010289,0.037762,2
OR.PA-management-23,6,-0.009211,0.028835,2
OR.PA-management-23,7,-0.00673,0.036875,2
OR.PA-management-23,8,0.011036,0.024201,2
OR.PA-management-23,9,0.022214,0.025516,2
OR.PA-management-23,10,0.019487,0.036939,2
OR.PA-management-23,11,0.023396,0.043292,2
OR.PA-management-23,12,0.006918,0.066244,2
OR.PA-management-23,13,0.001772,0.037302,2
OR.PA-management-23,14,-0.001726,0.05638,2
OR.PA-management-23,15,0.008778,0.032354,2
OR.PA-management-23,16,0.023619,0.04463,2
OR.PA-management-23,17,0.023876,0.034742,2
OR.PA-management-23,18,0.016519,0.04656,2
OR.PA-management-23,19,0.014425,0.049904,2
OR.PA-management-23,20,0.012188,0.045953,2
OR.PA-management-23,21,0.051024,0.022675,2
OR.PA-management-23,22,0.08079,0.021372,2
OR.PA-management-23,23,0.082753,0.00567,2
OR.PA-management-23,24,0.06825,0.00767,2
OR.PA-management-23,25,0.076167,0.001332,2
OR.PA-management-23,26,0.09442,0.004338,2
OR.PA-management-23,27,0.091734,0.005425,2
OR.PA-management-23,28,0.097251,0.017038,2
OR.PA-management-23,29,0.099198,0.02522,2
OR.PA-management-23,30,0.078782,0.023917,2
OR.PA-management-24,1,-0.010391,0.005319,3
OR.PA-management-24,2,-0.009028,0.012988,3
OR.PA-management-24,3,-0.005229,0.015755,3
OR.PA-management-24,4,-0.01169,0.020003,3
OR.PA-management-24,5,-0.006906,0.022063,3
OR.PA-management-24,6,-0.006805,0.016821,3
OR.PA-management-24,7,-0.011406,0.021797,3
OR.PA-management-24,8,-0.007423,0.023151,3
OR.PA-management-24,9,-0.001036,0.027524,3
OR.PA-management-24,10,-0.009407,0.035912,3
OR.PA-management-24,11,-0.008366,0.040418,3
OR.PA-management-24,12,-0.016236,0.044709,3
OR.PA-management-24,13,-0.02042,0.030924,3
OR.PA-management-24,14,-0.020026,0.037342,3
OR.PA-management-24,15,-0.016855,0.031717,3
OR.PA-management-24,16,-0.006549,0.039675,3
OR.PA-management-24,17,-0.007011,0.036828,3
OR.PA-management-24,18,-0.009747,0.037584,3
OR.PA-management-24,19,-0.007258,0.03606,3
OR.PA-management-24,20,0.007289,0.026979,3
OR.PA-management-24,21,0.029855,0.024889,3
OR.PA-management-24,22,0.049121,0.033988,3
OR.PA-management-24,23,0.049737,0.033177,3
OR.PA-management-24,24,0.036292,0.032263,3
OR.PA-management-24,25,0.046229,0.029948,3
OR.PA-management-24,26,0.058696,0.035812,3
OR.PA-management-24,27,0.05895,0.032933,3
OR.PA-management-24,28,0.060032,0.038497,3
OR.PA-management-24,29,0.064169,0.037935,3
OR.PA-management-24,30,0.05179,0.030319,3
OR.PA-management-25,1,-0.00243,0.008805,3
OR.PA-management-25,2,-0.000474,0.009338,3
OR.PA-management-25,3,-0.013601,0.018903,3
OR.PA-management-25,4,-0.018224,0.012981,3
OR.PA-management-25,5,-0.018059,0.014488,3
OR.PA-management-25,6,-0.03206,0.014189,3
OR.PA-management-25,7,-0.040263,0.023621,3
OR.PA-management-25,8,-0.056007,0.025979,3
OR.PA-management-25,9,-0.0433,0.025603,3
OR.PA-management-25,10,-0.050245,0.016024,3
OR.PA-management-25,11,-0.06094,0.02091,3
OR.PA-management-25,12,-0.059165,0.010396,3
OR.PA-management-25,13,-0.064714,0.013752,3
OR.PA-management-25,14,-0.078446,0.010776,3
OR.PA-management-25,15,-0.085193,0.014956,3
OR.PA-management-25,16,-0.091433,0.018042,3
OR.PA-management-25,17,-0.08693,0.007262,3
OR.PA-management-25,18,-0.078836,0.00313,3
OR.PA-management-25,19,-0.075972,0.018597,3
OR.PA-management-25,20,-0.055253,0.012427,3
OR.PA-management-25,21,-0.081572,0.00268,3
OR.PA-management-25,22,-0.102418,0.022737,3
OR.PA-management-25,23,-0.092127,0.033532,3
OR.PA-management-25,24,-0.097884,0.041514,3
OR.PA-management-25,25,-0.104688,0.076502,3
OR.PA-management-25,26,-0.100918,0.072204,3
OR.PA-management-25,27,-0.109754,0.088011,3
OR.PA-management-25,28,-0.09205,0.062206,3
OR.PA-management-25,29,-0.080049,0.064976,3
OR.PA-management-25,30,-0.087167,0.054993,3
OR.PA-management-27,1,0.002636,0.0,2
OR.PA-management-27,2,0.008844,0.0,2
OR.PA-management-27,3,-0.00779,0.0,2
OR.PA-management-27,4,-0.031648,0.0,2
OR.PA-management-27,5,-0.020301,0.0,2
OR.PA-management-27,6,-0.053576,0.0,2
OR.PA-management-27,7,-0.086571,0.0,2
OR.PA-management-27,8,-0.09577,0.0,2
OR.PA-management-27,9,-0.078495,0.0,2
OR.PA-management-27,10,-0.059052,0.0,2
OR.PA-management-27,11,-0.083362,0.0,2
OR.PA-management-27,12,-0.077445,0.0,2
OR.PA-management-27,13,-0.083508,0.0,2
OR.PA-management-27,14,-0.099966,0.0,2
OR.PA-management-27,15,-0.100886,0.0,2
OR.PA-management-27,16,-0.089733,0.0,2
OR.PA-management-27,17,-0.073259,0.0,2
OR.PA-management-27,18,-0.080112,0.0,2
OR.PA-management-27,19,-0.062215,0.0,2
OR.PA-management-27,20,-0.072752,0.0,2
OR.PA-management-27,21,-0.08675,0.0,2
OR.PA-management-27,22,-0.078006,0.0,2
OR.PA-management-27,23,-0.057006,0.0,2
OR.PA-management-27,24,-0.049823,0.0,2
OR.PA-management-27,25,-0.039506,0.0,2
OR.PA-management-27,26,-0.044107,0.0,2
OR.PA-management-27,27,-0.035492,0.0,2
OR.PA-management-27,28,-0.030536,0.0,2
OR.PA-management-27,29,-0.024841,0.0,2
OR.PA-management-27,30,-0.042852,0.0,2
OR.PA-management-28,1,0.009643,,1
OR.PA-management-28,2,0.008883,,1
OR.PA-management-28,3,0.015846,,1
OR.PA-management-28,4,0.007734,,1
OR.PA-management-28,5,0.00808,,1
OR.PA-management-28,6,-0.005278,,1
OR.PA-management-28,7,-0.009019,,1
OR.PA-management-28,8,-0.007162,,1
OR.PA-management-28,9,0.006509,,1
OR.PA-management-28,10,-0.019156,,1
OR.PA-management-28,11,-0.019156,,1
OR.PA-management-28,12,-0.058604,,1
OR.PA-management-28,13,-0.072706,,1
OR.PA-management-28,14,-0.068704,,1
OR.PA-management-28,15,-0.099399,,1
OR.PA-management-28,16,-0.123498,,1
OR.PA-management-28,17,-0.098012,,1
OR.PA-management-28,18,-0.083506,,1
OR.PA-management-28,19,-0.052923,,1
OR.PA-management-28,20,-0.061788,,1
OR.PA-management-28,21,-0.077784,,1
OR.PA-management-28,22,-0.147849,,1
OR.PA-management-28,23,-0.159164,,1
OR.PA-management-28,24,-0.180548,,1
OR.PA-management-28,25,-0.257158,,1
OR.PA-management-28,26,-0.2443,,1
OR.PA-management-28,27,-0.285094,,1
OR.PA-management-28,28,-0.216459,,1
OR.PA-management-28,29,-0.209534,,1
OR.PA-management-28,30,-0.196502,,1
OR.PA-management-34,1,0.010466,0.012357,12
OR.PA-management-34,2,0.014778,0.011011,12
OR.PA-management-34,3,0.015335,0.011476,12
OR.PA-management-34,4,0.010774,0.012514,12
OR.PA-management-34,5,0.012874,0.01125,12
OR.PA-management-34,6,0.008809,0.014249,12
OR.PA-management-34,7,0.002444,0.014513,12
OR.PA-management-34,8,0.002976,0.017228,12
OR.PA-management-34,9,0.009173,0.01713,12
OR.PA-management-34,10,0.004621,0.015271,12
OR.PA-management-34,11,-0.003728,0.016335,12
OR.PA-management-34,12,-0.014,0.014019,12
OR.PA-management-34,13,-0.013276,0.018425,12
OR.PA-management-34,14,-0.012824,0.01875,12
OR.PA-management-34,15,-0.016283,0.020522,12
OR.PA-management-34,16,-0.020326,0.019552,12
OR.PA-management-34,17,-0.019214,0.020149,12
OR.PA-management-34,18,-0.013406,0.02091,12
OR.PA-management-34,19,-0.011152,0.020999,12
OR.PA-management-34,20,-0.005181,0.021125,12
OR.PA-management-34,21,-0.015405,0.023879,12
OR.PA-management-34,22,-0.017921,0.02642,12
OR.PA-management-34,23,-0.01326,0.025596,12
OR.PA-management-34,24,-0.006021,0.030199,12
OR.PA-management-34,25,-0.005895,0.03501,12
OR.PA-management-34,26,-0.006131,0.033746,12
OR.PA-management-34,27,-0.013826,0.035092,12
OR.PA-management-34,28,-0.008444,0.030122,12
OR.PA-management-34,29,-0.006678,0.028473,12
OR.PA-management-34,30,-0.011131,0.028731,12
OR.PA-management-37,1,-0.000915,0.015215,3
OR.PA-management-37,2,0.021367,0.01335,3
OR.PA-management-37,3,0.030028,0.040414,3
OR.PA-management-37,4,0.02273,0.045766,3
OR.PA-management-37,5,0.010941,0.022398,3
OR.PA-management-37,6,0.0231,0.039809,3
OR.PA-management-37,7,-0.000292,0.043297,3
OR.PA-management-37,8,-0.01369,0.041058,3
OR.PA-management-37,9,0.002356,0.040444,3
OR.PA-management-37,10,0.0096,0.034526,3
OR.PA-management-37,11,0.00344,0.044087,3
OR.PA-management-37,12,0.004704,0.041258,3
OR.PA-management-37,13,0.006857,0.045561,3
OR.PA-management-37,14,0.005375,0.053264,3
OR.PA-management-37,15,0.009776,0.05788,3
OR.PA-management-37,16,0.004875,0.04922,3
OR.PA-management-37,17,0.006327,0.042068,3
OR.PA-management-37,18,0.010454,0.047771,3
OR.PA-management-37,19,0.017454,0.051571,3
OR.PA-management-37,20,0.003464,0.042527,3
OR.PA-management-37,21,0.008843,0.050216,3
OR.PA-management-37,22,0.001359,0.043943,3
OR.PA-management-37,23,-0.005568,0.035785,3
OR.PA-management-37,24,-0.002721,0.039073,3
OR.PA-management-37,25,0.01982,0.044669,3
OR.PA-management-37,26,0.026331,0.046491,3
OR.PA-management-37,27,0.0425,0.055032,3
OR.PA-management-37,28,0.016233,0.037272,3
OR.PA-management-37,29,0.009054,0.036298,3
OR.PA-management-37,30,-0.007596,0.033887,3
OR.PA-management-38,1,-0.005744,0.008131,5
OR.PA-management-38,2,-0.010008,0.009267,5
OR.PA-management-38,3,-0.012132,0.010074,5
OR.PA-management-38,4,-0.019151,0.012966,5
OR.PA-management-38,5,-0.014001,0.014822,5
OR.PA-management-38,6,-0.003119,0.015926,5
OR.PA-management-38,7,-0.008273,0.017506,5
OR.PA-management-38,8,-0.001198,0.014856,5
OR.PA-management-38,9,0.006843,0.017286,5
OR.PA-management-38,10,0.000936,0.02328,5
OR.PA-management-38,11,0.003053,0.02645,5
OR.PA-management-38,12,-0.013796,0.029049,5
OR.PA-management-38,13,-0.010981,0.021683,5
OR.PA-management-38,14,-0.014775,0.026285,5
OR.PA-management-38,15,-0.007692,0.02052,5
OR.PA-management-38,16,-0.002407,0.023243,5
OR.PA-management-38,17,-0.001883,0.021085,5
OR.PA-management-38,18,-0.00598,0.022745,5
OR.PA-management-38,19,-0.011339,0.020707,5
OR.PA-management-38,20,-0.000604,0.016947,5
OR.PA-management-38,21,0.029576,0.013636,5
OR.PA-management-38,22,0.043026,0.020632,5
OR.PA-management-38,23,0.040669,0.024723,5
OR.PA-management-38,24,0.027257,0.02372,5
OR.PA-management-38,25,0.041031,0.021266,5
OR.PA-management-38,26,0.056766,0.024241,5
OR.PA-management-38,27,0.057649,0.022314,5
OR.PA-management-38,28,0.056746,0.028964,5
OR.PA-management-38,29,0.057466,0.032273,5
OR.PA-management-38,30,0.043595,0.028473,5
OR.PA-management-39,1,-0.007311,0.008975,5
OR.PA-management-39,2,0.005634,0.01315,5
OR.PA-management-39,3,0.016437,0.025164,5
OR.PA-management-39,4,0.012954,0.027466,5
OR.PA-management-39,5,0.006482,0.017045,5
OR.PA-management-39,6,0.020492,0.01997,5
OR.PA-management-39,7,0.010296,0.017978,5
OR.PA-management-39,8,0.006486,0.01529,5
OR.PA-management-39,9,0.016491,0.018518,5
OR.PA-management-39,10,0.011926,0.0237,5
OR.PA-management-39,11,0.013716,0.026286,5
OR.PA-management-39,12,0.00857,0.028895,5
OR.PA-management-39,13,0.008564,0.024743,5
OR.PA-management-39,14,0.011203,0.028336,5
OR.PA-management-39,15,0.01593,0.028133,5
OR.PA-management-39,16,0.016942,0.027104,5
OR.PA-management-39,17,0.014242,0.025143,5
OR.PA-management-39,18,0.016447,0.027396,5
OR.PA-management-39,19,0.01856,0.031014,5
OR.PA-management-39,20,0.021002,0.019894,5
OR.PA-management-39,21,0.040569,0.017322,5
OR.PA-management-39,22,0.04589,0.021386,5
OR.PA-management-39,23,0.037903,0.023843,5
OR.PA-management-39,24,0.030107,0.024864,5
OR.PA-management-39,25,0.047531,0.024583,5
OR.PA-management-39,26,0.059838,0.025721,5
OR.PA-management-39,27,0.067968,0.02843,5
OR.PA-management-39,28,0.051866,0.026876,5
OR.PA-management-39,29,0.048902,0.028779,5
OR.PA-management-39,30,0.035087,0.025133,5
OR.PA-management-40,1,-0.005787,0.007485,6
OR.PA-management-40,2,0.003016,0.011052,6
OR.PA-management-40,3,0.014198,0.020668,6
OR.PA-management-40,4,0.011598,0.022466,6
OR.PA-management-40,5,0.007581,0.01396,6
OR.PA-management-40,6,0.019706,0.016324,6
OR.PA-management-40,7,0.010538,0.014681,6
OR.PA-management-40,8,0.005691,0.012509,6
OR.PA-management-40,9,0.017582,0.015159,6
OR.PA-management-40,10,0.013391,0.019406,6
OR.PA-management-40,11,0.019147,0.022139,6
OR.PA-management-40,12,0.014132,0.02424,6
OR.PA-management-40,13,0.013299,0.02075,6
OR.PA-management-40,14,0.016789,0.023801,6
OR.PA-management-40,15,0.020125,0.02335,6
OR.PA-management-40,16,0.022591,0.02284,6
OR.PA-management-40,17,0.017113,0.020729,6
OR.PA-management-40,18,0.019924,0.022637,6
OR.PA-management-40,19,0.020908,0.025432,6
OR.PA-management-40,20,0.025232,0.016785,6
OR.PA-management-40,21,0.043839,0.014516,6
OR.PA-management-40,22,0.047029,0.017499,6
OR.PA-management-40,23,0.038904,0.019493,6
OR.PA-management-40,24,0.030987,0.020321,6
OR.PA-management-40,25,0.046728,0.020088,6
OR.PA-management-40,26,0.058826,0.021025,6
OR.PA-management-40,27,0.064734,0.023437,6
OR.PA-management-40,28,0.05307,0.021977,6
OR.PA-management-40,29,0.048376,0.023504,6
OR.PA-management-40,30,0.038958,0.020883,6
OR.PA-management-41,1,-0.007311,0.008975,5
OR.PA-management-41,2,0.005634,0.01315,5
OR.PA-management-41,3,0.016437,0.025164,5
OR.PA-management-41,4,0.012954,0.027466,5
OR.PA-management-41,5,0.006482,0.017045,5
OR.PA-management-41,6,0.020492,0.01997,5
OR.PA-management-41,7,0.010296,0.017978,5
OR.PA-management-41,8,0.006486,0.01529,5
OR.PA-management-41,9,0.016491,0.018518,5
OR.PA-management-41,10,0.011926,0.0237,5
OR.PA-management-41,11,0.013716,0.026286,5
OR.PA-management-41,12,0.00857,0.028895,5
OR.PA-management-41,13,0.008564,0.024743,5
OR.PA-management-41,14,0.011203,0.028336,5
OR.PA-management-41,15,0.01593,0.028133,5
OR.PA-management-41,16,0.016942,0.027104,5
OR.PA-management-41,17,0.014242,0.025143,5
OR.PA-management-41,18,0.016447,0.027396,5
OR.PA-management-41,19,0.01856,0.031014,5
OR.PA-management-41,20,0.021002,0.019894,5
OR.PA-management-41,21,0.040569,0.017322,5
OR.PA-management-41,22,0.04589,0.021386,5
OR.PA-management-41,23,0.037903,0.023843,5
OR.PA-management-41,24,0.030107,0.024864,5
OR.PA-management-41,25,0.047531,0.024583,5
OR.PA-management-41,26,0.059838,0.025721,5
OR.PA-management-41,27,0.067968,0.02843,5
OR.PA-management-41,28,0.051866,0.026876,5
OR.PA-management-41,29,0.048902,0.028779,5
OR.PA-management-41,30,0.035087,0.025133,5
OR.PA-management-47,1,-0.010391,0.005319,3
OR.PA-management-47,2,-0.009028,0.012988,3
OR.PA-management-47,3,-0.005229,0.015755,3
OR.PA-management-47,4,-0.01169,0.020003,3
OR.PA-management-47,5,-0.006906,0.022063,3
OR.PA-management-47,6,-0.006805,0.016821,3
OR.PA-management-47,7,-0.011406,0.021797,3
OR.PA-management-47,8,-0.007423,0.023151,3
OR.PA-management-47,9,-0.001036,0.027524,3
OR.PA-management-47,10,-0.009407,0.035912,3
OR.PA-management-47,11,-0.008366,0.040418,3
OR.PA-management-47,12,-0.016236,0.044709,3
OR.PA-management-47,13,-0.02042,0.030924,3
OR.PA-management-47,14,-0.020026,0.037342,3
OR.PA-management-47,15,-0.016855,0.031717,3
OR.PA-management-47,16,-0.006549,0.039675,3
OR.PA-management-47,17,-0.007011,0.036828,3
OR.PA-management-47,18,-0.009747,0.037584,3
OR.PA-management-47,19,-0.007258,0.03606,3
OR.PA-management-47,20,0.007289,0.026979,3
OR.PA-management-47,21,0.029855,0.024889,3
OR.PA-management-47,22,0.049121,0.033988,3
OR.PA-management-47,23,0.049737,0.033177,3
OR.PA-management-47,24,0.036292,0.032263,3
OR.PA-management-47,25,0.046229,0.029948,3
OR.PA-management-47,26,0.058696,0.035812,3
OR.PA-management-47,27,0.05895,0.032933,3
OR.PA-management-47,28,0.060032,0.038497,3
OR.PA-management-47,29,0.064169,0.037935,3
OR.PA-management-47,30,0.05179,0.030319,3
OR.PA-management-49,1,-0.036917,0.013184,4
OR.PA-management-49,2,-0.009886,0.006243,4
OR.PA-management-49,3,-0.003275,0.001505,4
OR.PA-management-49,4,-0.001081,0.010189,4
OR.PA-management-49,5,0.002936,0.007746,4
OR.PA-management-49,6,0.006529,0.020035,4
OR.PA-management-49,7,-0.009006,0.025855,4
OR.PA-management-49,8,0.000266,0.032012,4
OR.PA-management-49,9,-0.003698,0.024932,4
OR.PA-management-49,10,-0.000492,0.01952,4
OR.PA-management-49,11,-0.006339,0.025674,4
OR.PA-management-49,12,-0.036242,0.013735,4
OR.PA-management-49,13,-0.072084,0.003808,4
OR.PA-management-49,14,-0.05443,0.015178,4
OR.PA-management-49,15,-0.060068,0.013606,4
OR.PA-management-49,16,-0.058067,0.010555,4
OR.PA-management-49,17,-0.069978,0.001094,4
OR.PA-management-49,18,-0.071056,0.003018,4
OR.PA-management-49,19,-0.068637,0.002141,4
OR.PA-management-49,20,-0.076459,0.001236,4
OR.PA-management-49,21,-0.091417,0.001556,4
OR.PA-management-49,22,-0.092307,0.004767,4
OR.PA-management-49,23,-0.085987,0.00966,4
OR.PA-management-49,24,-0.088564,0.012914,4
OR.PA-management-49,25,-0.096228,0.018907,4
OR.PA-management-49,26,-0.091859,0.015917,4
OR.PA-management-49,27,-0.095445,0.019984,4
OR.PA-management-49,28,-0.086309,0.018591,4
OR.PA-management-49,29,-0.07685,0.017336,4
OR.PA-management-49,30,-0.083483,0.013543,4
OR.PA-management-52,1,0.052298,0.034133,4
OR.PA-management-52,2,0.064348,0.026826,4
OR.PA-management-52,3,0.061022,0.020931,4
OR.PA-management-52,4,0.063913,0.018268,4
OR.PA-management-52,5,0.062833,0.017384,4
OR.PA-management-52,6,0.068098,0.013845,4
OR.PA-management-52,7,0.052917,0.012022,4
OR.PA-management-52,8,0.060578,0.009433,4
OR.PA-management-52,9,0.082791,0.020519,4
OR.PA-management-52,10,0.069645,0.016872,4
OR.PA-management-52,11,0.061874,0.014179,4
OR.PA-management-52,12,0.032108,0.018205,4
OR.PA-management-52,13,0.032091,0.033455,4
OR.PA-management-52,14,0.032895,0.024049,4
OR.PA-management-52,15,0.038392,0.028285,4
OR.PA-management-52,16,0.03473,0.027414,4
OR.PA-management-52,17,0.031332,0.033405,4
OR.PA-management-52,18,0.030552,0.032863,4
OR.PA-management-52,19,0.036511,0.035763,4
OR.PA-management-52,20,0.03359,0.037095,4
OR.PA-management-52,21,0.034719,0.042564,4
OR.PA-management-52,22,0.046406,0.047827,4
OR.PA-management-52,23,0.049273,0.048307,4
OR.PA-management-52,24,0.082286,0.061254,4
OR.PA-management-52,25,0.080796,0.065311,4
OR.PA-management-52,26,0.075012,0.06093,4
OR.PA-management-52,27,0.06727,0.060899,4
OR.PA-management-52,28,0.069186,0.058028,4
OR.PA-management-52,29,0.055419,0.049869,4
OR.PA-management-52,30,0.055991,0.051006,4
OR.PA-management-55,1,-0.028864,,1
OR.PA-management-55,2,0.04805,,1
OR.PA-management-55,3,0.110801,,1
OR.PA-management-55,4,0.113683,,1
OR.PA-management-55,5,0.054364,,1
OR.PA-management-55,6,0.08001,,1
OR.PA-management-55,7,0.04924,,1
OR.PA-management-55,8,0.025255,,1
OR.PA-management-55,9,0.044935,,1
OR.PA-management-55,10,0.037501,,1
OR.PA-management-55,11,0.03342,,1
OR.PA-management-55,12,0.052508,,1
OR.PA-management-55,13,0.062193,,1
OR.PA-management-55,14,0.07178,,1
OR.PA-management-55,15,0.094533,,1
OR.PA-management-55,16,0.075734,,1
OR.PA-management-55,17,0.069759,,1
OR.PA-management-55,18,0.082093,,1
OR.PA-management-55,19,0.114018,,1
OR.PA-management-55,20,0.074267,,1
OR.PA-management-55,21,0.083315,,1
OR.PA-management-55,22,0.073736,,1
OR.PA-management-55,23,0.063248,,1
OR.PA-management-55,24,0.074832,,1
OR.PA-management-55,25,0.107331,,1
OR.PA-management-55,26,0.114116,,1
OR.PA-management-55,27,0.148754,,1
OR.PA-management-55,28,0.089888,,1
OR.PA-management-55,29,0.081598,,1
OR.PA-management-55,30,0.060159,,1
OR.PA-management-56,1,-0.011641,0.005712,5
OR.PA-management-56,2,0.002178,0.013497,5
OR.PA-management-56,3,0.019623,0.024425,5
OR.PA-management-56,4,0.016686,0.026801,5
OR.PA-management-56,5,0.009345,0.016961,5
OR.PA-management-56,6,0.015074,0.019171,5
OR.PA-management-56,7,0.005355,0.016823,5
OR.PA-management-56,8,0.00094,0.014173,5
OR.PA-management-56,9,0.012973,0.017688,5
OR.PA-management-56,10,0.005998,0.021976,5
OR.PA-management-56,11,0.010924,0.025175,5
OR.PA-management-56,12,0.009148,0.029053,5
OR.PA-management-56,13,0.007581,0.02443,5
OR.PA-management-56,14,0.011284,0.02836,5
OR.PA-management-56,15,0.017014,0.028343,5
OR.PA-management-56,16,0.021385,0.027935,5
OR.PA-management-56,17,0.016039,0.025353,5
OR.PA-management-56,18,0.018032,0.027628,5
OR.PA-management-56,19,0.024978,0.030746,5
OR.PA-management-56,20,0.028503,0.020163,5
OR.PA-management-56,21,0.046614,0.017451,5
OR.PA-management-56,22,0.054766,0.019223,5
OR.PA-management-56,23,0.051274,0.018451,5
OR.PA-management-56,24,0.043819,0.019298,5
OR.PA-management-56,25,0.057746,0.020572,5
OR.PA-management-56,26,0.068794,0.022672,5
OR.PA-management-56,27,0.074834,0.025902,5
OR.PA-management-56,28,0.065815,0.021928,5
OR.PA-management-56,29,0.063971,0.021537,5
OR.PA-management-56,30,0.054768,0.016709,5
OR.PA-management-57,1,0.023482,,1
OR.PA-management-57,2,0.007206,,1
OR.PA-management-57,3,-0.012927,,1
OR.PA-management-57,4,-0.013844,,1
OR.PA-management-57,5,-0.001238,,1
OR.PA-management-57,6,0.042866,,1
OR.PA-management-57,7,0.036455,,1
OR.PA-management-57,8,0.029445,,1
OR.PA-management-57,9,0.040626,,1
OR.PA-management-57,10,0.050351,,1
OR.PA-management-57,11,0.060261,,1
OR.PA-management-57,12,0.039051,,1
OR.PA-management-57,13,0.041887,,1
OR.PA-management-57,14,0.044311,,1
OR.PA-management-57,15,0.035681,,1
OR.PA-management-57,16,0.028624,,1
OR.PA-management-57,17,0.022482,,1
OR.PA-management-57,18,0.029382,,1
OR.PA-management-57,19,0.000557,,1
OR.PA-management-57,20,0.008876,,1
OR.PA-management-57,21,0.029964,,1
OR.PA-management-57,22,0.008348,,1
OR.PA-management-57,23,-0.022947,,1
OR.PA-management-57,24,-0.033172,,1
OR.PA-management-57,25,-0.008366,,1
OR.PA-management-57,26,0.008985,,1
OR.PA-management-57,27,0.014237,,1
OR.PA-management-57,28,-0.010654,,1
OR.PA-management-57,29,-0.029595,,1
OR.PA-management-57,30,-0.040096,,1
OR.PA-management-59,1,-0.005072,0.000113,2
OR.PA-management-59,2,0.001538,0.013081,2
OR.PA-management-59,3,0.00818,0.014327,2
OR.PA-management-59,4,0.005886,0.01654,2
OR.PA-management-59,5,0.013667,0.013806,2
OR.PA-management-59,6,0.008816,0.010808,2
OR.PA-management-59,7,0.004694,0.025451,2
OR.PA-management-59,8,-0.004552,0.039789,2
OR.PA-management-59,9,9.8e-05,0.047632,2
OR.PA-management-59,10,-0.005384,0.061811,2
OR.PA-management-59,11,-0.002602,0.06929,2
OR.PA-management-59,12,0.005309,0.067853,2
OR.PA-management-59,13,-0.012865,0.051938,2
OR.PA-management-59,14,-0.000985,0.055639,2
OR.PA-management-59,15,-0.013494,0.054626,2
OR.PA-management-59,16,0.000682,0.067568,2
OR.PA-management-59,17,-0.005084,0.063701,2
OR.PA-management-59,18,0.000399,0.06268,2
OR.PA-management-59,19,0.006852,0.057477,2
OR.PA-management-59,20,0.027816,0.030324,2
OR.PA-management-59,21,0.030609,0.04309,2
OR.PA-management-59,22,0.043973,0.05819,2
OR.PA-management-59,23,0.036064,0.052359,2
OR.PA-management-59,24,0.024148,0.051772,2
OR.PA-management-59,25,0.031926,0.045573,2
OR.PA-management-59,26,0.038665,0.051417,2
OR.PA-management-59,27,0.039846,0.046464,2
OR.PA-management-59,28,0.032904,0.047309,2
OR.PA-management-59,29,0.034045,0.039934,2
OR.PA-management-59,30,0.026336,0.028529,2
OR.PA-management-60,1,-0.004656,0.008114,4
OR.PA-management-60,2,0.008583,0.013994,4
OR.PA-management-60,3,0.024479,0.02889,4
OR.PA-management-60,4,0.022096,0.03162,4
OR.PA-management-60,5,0.01241,0.015623,4
OR.PA-management-60,6,0.010943,0.027453,4
OR.PA-management-60,7,-0.003989,0.028992,4
OR.PA-management-60,8,-0.014677,0.027466,4
OR.PA-management-60,9,0.00083,0.027234,4
OR.PA-management-60,10,0.001489,0.021134,4
OR.PA-management-60,11,-0.001219,0.029162,4
OR.PA-management-60,12,-0.003014,0.030716,4
OR.PA-management-60,13,-0.00249,0.032711,4
OR.PA-management-60,14,-0.000575,0.038187,4
OR.PA-management-60,15,-0.002206,0.043477,4
OR.PA-management-60,16,-0.000567,0.038622,4
OR.PA-management-60,17,-0.004608,0.033281,4
OR.PA-management-60,18,0.000194,0.036552,4
OR.PA-management-60,19,0.011738,0.039572,4
OR.PA-management-60,20,0.002488,0.03461,4
OR.PA-management-60,21,0.005923,0.039835,4
OR.PA-management-60,22,0.00265,0.03618,4
OR.PA-management-60,23,0.004168,0.029198,4
OR.PA-management-60,24,0.007456,0.028935,4
OR.PA-management-60,25,0.020116,0.034388,4
OR.PA-management-60,26,0.024146,0.036817,4
OR.PA-management-60,27,0.029345,0.044978,4
OR.PA-management-60,28,0.018508,0.033048,4
OR.PA-management-60,29,0.009416,0.033189,4
OR.PA-management-60,30,-0.002194,0.036467,4
OR.PA-management-61,1,0.023482,0.0,2
OR.PA-management-61,2,0.007206,0.0,2
OR.PA-management-61,3,-0.012927,0.0,2
OR.PA-management-61,4,-0.013844,0.0,2
OR.PA-management-61,5,-0.001238,0.0,2
OR.PA-management-61,6,0.042866,0.0,2
OR.PA-management-61,7,0.036455,0.0,2
OR.PA-management-61,8,0.029445,0.0,2
OR.PA-management-61,9,0.040626,0.0,2
OR.PA-management-61,10,0.050351,0.0,2
OR.PA-management-61,11,0.060261,0.0,2
OR.PA-management-61,12,0.039051,0.0,2
OR.PA-management-61,13,0.041887,0.0,2
OR.PA-management-61,14,0.044311,0.0,2
OR.PA-management-61,15,0.035681,0.0,2
OR.PA-management-61,16,0.028624,0.0,2
OR.PA-management-61,17,0.022482,0.0,2
OR.PA-management-61,18,0.029382,0.0,2
OR.PA-management-61,19,0.000557,0.0,2
OR.PA-management-61,20,0.008876,0.0,2
OR.PA-management-61,21,0.029964,0.0,2
OR.PA-management-61,22,0.008348,0.0,2
OR.PA-management-61,23,-0.022947,0.0,2
OR.PA-management-61,24,-0.033172,0.0,2
OR.PA-management-61,25,-0.008366,0.0,2
OR.PA-management-61,26,0.008985,0.0,2
OR.PA-management-61,27,0.014237,0.0,2
OR.PA-management-61,28,-0.010654,0.0,2
OR.PA-management-61,29,-0.029595,0.0,2
OR.PA-management-61,30,-0.040096,0.0,2
OR.PA-management-71,1,0.009261,0.01422,2
OR.PA-management-71,2,0.010913,0.003707,2
OR.PA-management-71,3,0.00479,0.017717,2
OR.PA-management-71,4,0.004291,0.018135,2
OR.PA-management-71,5,0.013117,0.014355,2
OR.PA-management-71,6,0.031245,0.011621,2
OR.PA-management-71,7,0.0333,0.003155,2
OR.PA-management-71,8,0.032341,0.002896,2
OR.PA-management-71,9,0.044178,0.003552,2
OR.PA-management-71,10,0.053389,0.003038,2
OR.PA-management-71,11,0.063475,0.003213,2
OR.PA-management-71,12,0.056106,0.017056,2
OR.PA-management-71,13,0.04048,0.001407,2
OR.PA-management-71,14,0.049483,0.005171,2
OR.PA-management-71,15,0.038406,0.002725,2
OR.PA-management-71,16,0.048437,0.019813,2
OR.PA-management-71,17,0.04055,0.018068,2
OR.PA-management-71,18,0.04623,0.016849,2
OR.PA-management-71,19,0.032443,0.031886,2
OR.PA-management-71,20,0.033508,0.024632,2
OR.PA-management-71,21,0.051831,0.021867,2
OR.PA-management-71,22,0.055255,0.046908,2
OR.PA-management-71,23,0.032738,0.055685,2
OR.PA-management-71,24,0.021374,0.054546,2
OR.PA-management-71,25,0.034567,0.042933,2
OR.PA-management-71,26,0.049533,0.040549,2
OR.PA-management-71,27,0.050273,0.036036,2
OR.PA-management-71,28,0.03478,0.045433,2
OR.PA-management-71,29,0.022192,0.051787,2
OR.PA-management-71,30,0.007385,0.047481,2
OR.PA-management-74,1,0.005772,,1
OR.PA-management-74,2,-0.01249,,1
OR.PA-management-74,3,-0.008095,,1
OR.PA-management-74,4,0.00153,,1
OR.PA-management-74,5,0.0025,,1
OR.PA-management-74,6,0.001562,,1
OR.PA-management-74,7,0.009622,,1
OR.PA-management-74,8,0.010092,,1
OR.PA-management-74,9,0.013842,,1
OR.PA-management-74,10,0.006794,,1
OR.PA-management-74,11,-0.001233,,1
OR.PA-management-74,12,-0.029059,,1
OR.PA-management-74,13,-0.025619,,1
OR.PA-management-74,14,-0.018834,,1
OR.PA-management-74,15,-0.043573,,1
OR.PA-management-74,16,-0.039104,,1
OR.PA-management-74,17,-0.0464,,1
OR.PA-management-74,18,-0.038516,,1
OR.PA-management-74,19,-0.037498,,1
OR.PA-management-74,20,-0.037941,,1
OR.PA-management-74,21,-0.033063,,1
OR.PA-management-74,22,-0.03786,,1
OR.PA-management-74,23,-0.033482,,1
OR.PA-management-74,24,-0.030575,,1
OR.PA-management-74,25,-0.030074,,1
OR.PA-management-74,26,-0.027193,,1
OR.PA-management-74,27,-0.044446,,1
OR.PA-management-74,28,-0.044409,,1
OR.PA-management-74,29,-0.064843,,1
OR.PA-management-74,30,-0.084392,,1
OR.PA-management-77,1,-0.021028,,1
OR.PA-management-77,2,-0.030161,,1
OR.PA-management-77,3,-0.032048,,1
OR.PA-management-77,4,-0.046842,,1
OR.PA-management-77,5,-0.048051,,1
OR.PA-management-77,6,-0.038045,,1
OR.PA-management-77,7,-0.043605,,1
OR.PA-management-77,8,-0.013165,,1
OR.PA-management-77,9,-0.003302,,1
OR.PA-management-77,10,-0.017452,,1
OR.PA-management-77,11,-0.019896,,1
OR.PA-management-77,12,-0.059325,,1
OR.PA-management-77,13,-0.03553,,1
OR.PA-management-77,14,-0.058107,,1
OR.PA-management-77,15,-0.023576,,1
OR.PA-management-77,16,-0.021011,,1
OR.PA-management-77,17,-0.010866,,1
OR.PA-management-77,18,-0.03004,,1
OR.PA-management-77,19,-0.035478,,1
OR.PA-management-77,20,-0.033765,,1
OR.PA-management-77,21,0.028349,,1
OR.PA-management-77,22,0.059418,,1
OR.PA-management-77,23,0.077082,,1
OR.PA-management-77,24,0.06058,,1
OR.PA-management-77,25,0.074835,,1
OR.PA-management-77,26,0.098758,,1
OR.PA-management-77,27,0.097159,,1
OR.PA-management-77,28,0.114289,,1
OR.PA-management-77,29,0.124418,,1
OR.PA-management-77,30,0.102699,,1
OR.PA-management-78,1,0.005772,,1
OR.PA-management-78,2,-0.01249,,1
OR.PA-management-78,3,-0.008095,,1
OR.PA-management-78,4,0.00153,,1
OR.PA-management-78,5,0.0025,,1
OR.PA-management-78,6,0.001562,,1
OR.PA-management-78,7,0.009622,,1
OR.PA-management-78,8,0.010092,,1
OR.PA-management-78,9,0.013842,,1
OR.PA-management-78,10,0.006794,,1
OR.PA-management-78,11,-0.001233,,1
OR.PA-management-78,12,-0.029059,,1
OR.PA-management-78,13,-0.025619,,1
OR.PA-management-78,14,-0.018834,,1
OR.PA-management-78,15,-0.043573,,1
OR.PA-management-78,16,-0.039104,,1
OR.PA-management-78,17,-0.0464,,1
OR.PA-management-78,18,-0.038516,,1
OR.PA-management-78,19,-0.037498,,1
OR.PA-management-78,20,-0.037941,,1
OR.PA-management-78,21,-0.033063,,1
OR.PA-management-78,22,-0.03786,,1
OR.PA-management-78,23,-0.033482,,1
OR.PA-management-78,24,-0.030575,,1
OR.PA-management-78,25,-0.030074,,1
OR.PA-management-78,26,-0.027193,,1
OR.PA-management-78,27,-0.044446,,1
OR.PA-management-78,28,-0.044409,,1
OR.PA-management-78,29,-0.064843,,1
OR.PA-management-78,30,-0.084392,,1
OR.PA-management-80,1,-0.001563,0.003396,2
OR.PA-management-80,2,0.002273,0.012347,2
OR.PA-management-80,3,0.012754,0.009753,2
OR.PA-management-80,4,0.013622,0.008804,2
OR.PA-management-80,5,0.020275,0.007198,2
OR.PA-management-80,6,0.0177,0.001924,2
OR.PA-management-80,7,0.020949,0.009196,2
OR.PA-management-80,8,0.018476,0.01676,2
OR.PA-management-80,9,0.035384,0.012345,2
OR.PA-management-80,10,0.038569,0.017858,2
OR.PA-management-80,11,0.056494,0.010194,2
OR.PA-management-80,12,0.057551,0.015612,2
OR.PA-management-80,13,0.038024,0.00105,2
OR.PA-management-80,14,0.049686,0.004968,2
OR.PA-management-80,15,0.041116,1.6e-05,2
OR.PA-management-80,16,0.059543,0.008707,2
OR.PA-management-80,17,0.045043,0.013575,2
OR.PA-management-80,18,0.050195,0.012884,2
OR.PA-management-80,19,0.048488,0.015841,2
OR.PA-management-80,20,0.05226,0.00588,2
OR.PA-management-80,21,0.066943,0.006755,2
OR.PA-management-80,22,0.077445,0.024718,2
OR.PA-management-80,23,0.066168,0.022255,2
OR.PA-management-80,24,0.055654,0.020266,2
OR.PA-management-80,25,0.060107,0.017393,2
OR.PA-management-80,26,0.071925,0.018157,2
OR.PA-management-80,27,0.067437,0.018873,2
OR.PA-management-80,28,0.069652,0.010561,2
OR.PA-management-80,29,0.059864,0.014115,2
OR.PA-management-80,30,0.056588,0.001723,2
OR.PA-management-81,1,-0.005519,0.007758,3
OR.PA-management-81,2,-0.010464,0.011261,3
OR.PA-management-81,3,-0.012279,0.010363,3
OR.PA-management-81,4,-0.024558,0.015328,3
OR.PA-management-81,5,-0.018425,0.017671,3
OR.PA-management-81,6,-0.025282,0.021013,3
OR.PA-management-81,7,-0.039475,0.028459,3
OR.PA-management-81,8,-0.035739,0.030321,3
OR.PA-management-81,9,-0.019586,0.03042,3
OR.PA-management-81,10,-0.018598,0.023033,3
OR.PA-management-81,11,-0.018986,0.037433,3
OR.PA-management-81,12,-0.031611,0.037145,3
OR.PA-management-81,13,-0.027355,0.03502,3
OR.PA-management-81,14,-0.037785,0.042985,3
OR.PA-management-81,15,-0.027787,0.041042,3
OR.PA-management-81,16,-0.019969,0.040582,3
OR.PA-management-81,17,-0.017552,0.030416,3
OR.PA-management-81,18,-0.024281,0.034019,3
OR.PA-management-81,19,-0.021682,0.028239,3
OR.PA-management-81,20,-0.020046,0.035068,3
OR.PA-management-81,21,0.000596,0.044629,3
OR.PA-management-81,22,0.01138,0.044735,3
OR.PA-management-81,23,0.02133,0.040321,3
OR.PA-management-81,24,0.015382,0.033404,3
OR.PA-management-81,25,0.026014,0.034047,3
OR.PA-management-81,26,0.03614,0.042173,3
OR.PA-management-81,27,0.036744,0.038746,3
OR.PA-management-81,28,0.047614,0.042199,3
OR.PA-management-81,29,0.048442,0.043108,3
OR.PA-management-81,30,0.039386,0.043069,3
OR.PA-management-82,1,0.005772,,1
OR.PA-management-82,2,-0.01249,,1
OR.PA-management-82,3,-0.008095,,1
OR.PA-management-82,4,0.00153,,1
OR.PA-management-82,5,0.0025,,1
OR.PA-management-82,6,0.001562,,1
OR.PA-management-82,7,0.009622,,1
OR.PA-management-82,8,0.010092,,1
OR.PA-management-82,9,0.013842,,1
OR.PA-management-82,10,0.006794,,1
OR.PA-management-82,11,-0.001233,,1
OR.PA-management-82,12,-0.029059,,1
OR.PA-management-82,13,-0.025619,,1
OR.PA-management-82,14,-0.018834,,1
OR.PA-management-82,15,-0.043573,,1
OR.PA-management-82,16,-0.039104,,1
OR.PA-management-82,17,-0.0464,,1
OR.PA-management-82,18,-0.038516,,1
OR.PA-management-82,19,-0.037498,,1
OR.PA-management-82,20,-0.037941,,1
OR.PA-management-82,21,-0.033063,,1
OR.PA-management-82,22,-0.03786,,1
OR.PA-management-82,23,-0.033482,,1
OR.PA-management-82,24,-0.030575,,1
OR.PA-management-82,25,-0.030074,,1
OR.PA-management-82,26,-0.027193,,1
OR.PA-management-82,27,-0.044446,,1
OR.PA-management-82,28,-0.044409,,1
OR.PA-management-82,29,-0.064843,,1
OR.PA-management-82,30,-0.084392,,1
OR.PA-management-83,1,-0.005379,0.005487,4
OR.PA-management-83,2,-0.004193,0.010136,4
OR.PA-management-83,3,-0.003583,0.011372,4
OR.PA-management-83,4,-0.012812,0.015983,4
OR.PA-management-83,5,-0.006951,0.016964,4
OR.PA-management-83,6,-0.014056,0.018623,4
OR.PA-management-83,7,-0.02207,0.026606,4
OR.PA-management-83,8,-0.017995,0.02783,4
OR.PA-management-83,9,-0.002757,0.027311,4
OR.PA-management-83,10,0.000159,0.02484,4
OR.PA-management-83,11,0.002432,0.034049,4
OR.PA-management-83,12,-0.005417,0.037094,4
OR.PA-management-83,13,-0.010748,0.029816,4
OR.PA-management-83,14,-0.014675,0.038183,4
OR.PA-management-83,15,-0.010558,0.03375,4
OR.PA-management-83,16,0.002085,0.036192,4
OR.PA-management-83,17,0.00149,0.028726,4
OR.PA-management-83,18,-0.002441,0.03249,4
OR.PA-management-83,19,-0.000179,0.029345,4
OR.PA-management-83,20,-0.000499,0.031574,4
OR.PA-management-83,21,0.018871,0.036468,4
OR.PA-management-83,22,0.034076,0.038932,4
OR.PA-management-83,23,0.038103,0.033079,4
OR.PA-management-83,24,0.030516,0.028053,4
OR.PA-management-83,25,0.038886,0.0273,4
OR.PA-management-83,26,0.049625,0.032728,4
OR.PA-management-83,27,0.049135,0.03007,4
OR.PA-management-83,28,0.055764,0.030932,4
OR.PA-management-83,29,0.054826,0.031144,4
OR.PA-management-83,30,0.043256,0.0307,4
OR.PA-management-84,1,0.009522,0.0,3
OR.PA-management-84,2,-0.004968,0.0,3
OR.PA-management-84,3,-0.007753,0.0,3
OR.PA-management-84,4,-0.047523,0.0,3
OR.PA-management-84,5,-0.024068,0.0,3
OR.PA-management-84,6,-0.046986,0.0,3
OR.PA-management-84,7,-0.012796,0.0,3
OR.PA-management-84,8,-0.010571,0.0,3
OR.PA-management-84,9,-0.000767,0.0,3
OR.PA-management-84,10,-0.020282,0.0,3
OR.PA-management-84,11,-0.02606,0.0,3
OR.PA-management-84,12,-0.024688,0.0,3
OR.PA-management-84,13,0.037085,0.0,3
OR.PA-management-84,14,0.067814,0.0,3
OR.PA-management-84,15,0.085137,0.0,3
OR.PA-management-84,16,0.068294,0.0,3
OR.PA-management-84,17,0.082209,0.0,3
OR.PA-management-84,18,0.105791,0.0,3
OR.PA-management-84,19,0.103852,0.0,3
OR.PA-management-84,20,0.12064,0.0,3
OR.PA-management-84,21,0.130429,0.0,3
OR.PA-management-84,22,0.10837,0.0,3
OR.PA-management-84,23,0.091274,0.0,3
OR.PA-management-84,24,0.094449,0.0,3
OR.PA-management-84,25,0.115788,0.0,3
OR.PA-management-84,26,0.145618,0.0,3
OR.PA-management-84,27,0.122146,0.0,3
OR.PA-management-84,28,0.089659,0.0,3
OR.PA-management-84,29,0.101775,0.0,3
OR.PA-management-84,30,0.09429,0.0,3
OR.PA-management-85,1,-0.050101,0.0,3
OR.PA-management-85,2,-0.01613,0.0,3
OR.PA-management-85,3,-0.00177,0.0,3
OR.PA-management-85,4,0.009108,0.0,3
OR.PA-management-85,5,0.010681,0.0,3
OR.PA-management-85,6,0.026564,0.0,3
OR.PA-management-85,7,0.016849,0.0,3
OR.PA-management-85,8,0.032278,0.0,3
OR.PA-management-85,9,0.021234,0.0,3
OR.PA-management-85,10,0.019028,0.0,3
OR.PA-management-85,11,0.019335,0.0,3
OR.PA-management-85,12,-0.022507,0.0,3
OR.PA-management-85,13,-0.068276,0.0,3
OR.PA-management-85,14,-0.039252,0.0,3
OR.PA-management-85,15,-0.046462,0.0,3
OR.PA-management-85,16,-0.047512,0.0,3
OR.PA-management-85,17,-0.068884,0.0,3
OR.PA-management-85,18,-0.068038,0.0,3
OR.PA-management-85,19,-0.070778,0.0,3
OR.PA-management-85,20,-0.077694,0.0,3
OR.PA-management-85,21,-0.092972,0.0,3
OR.PA-management-85,22,-0.097074,0.0,3
OR.PA-management-85,23,-0.095648,0.0,3
OR.PA-management-85,24,-0.101477,0.0,3
OR.PA-management-85,25,-0.115135,0.0,3
OR.PA-management-85,26,-0.107776,0.0,3
OR.PA-management-85,27,-0.115429,0.0,3
OR.PA-management-85,28,-0.104899,0.0,3
OR.PA-management-85,29,-0.094187,0.0,3
OR.PA-management-85,30,-0.097026,0.0,3
OR.PA-management-87,1,0.006139,0.003503,2
OR.PA-management-87,2,0.008864,2e-05,2
OR.PA-management-87,3,0.004028,0.011818,2
OR.PA-management-87,4,-0.011957,0.019691,2
OR.PA-management-87,5,-0.006111,0.014191,2
OR.PA-management-87,6,-0.029427,0.024149,2
OR.PA-management-87,7,-0.047795,0.038776,2
OR.PA-management-87,8,-0.051466,0.044304,2
OR.PA-management-87,9,-0.035993,0.042502,2
OR.PA-management-87,10,-0.039104,0.019948,2
OR.PA-management-87,11,-0.051259,0.032103,2
OR.PA-management-87,12,-0.068024,0.009421,2
OR.PA-management-87,13,-0.078107,0.005401,2
OR.PA-management-87,14,-0.084335,0.015631,2
OR.PA-management-87,15,-0.100142,0.000744,2
OR.PA-management-87,16,-0.106615,0.016882,2
OR.PA-management-87,17,-0.085636,0.012377,2
OR.PA-management-87,18,-0.081809,0.001697,2
OR.PA-management-87,19,-0.057569,0.004646,2
OR.PA-management-87,20,-0.06727,0.005482,2
OR.PA-management-87,21,-0.082267,0.004483,2
OR.PA-management-87,22,-0.112927,0.034922,2
OR.PA-management-87,23,-0.108085,0.051079,2
OR.PA-management-87,24,-0.115185,0.065362,2
OR.PA-management-87,25,-0.148332,0.108826,2
OR.PA-management-87,26,-0.144203,0.100097,2
OR.PA-management-87,27,-0.160293,0.124801,2
OR.PA-management-87,28,-0.123498,0.092961,2
OR.PA-management-87,29,-0.117187,0.092346,2
OR.PA-management-87,30,-0.119677,0.076825,2
OR.PA-management-91,1,0.021145,0.0,3
OR.PA-management-91,2,0.01864,0.0,3
OR.PA-management-91,3,0.044051,0.0,3
OR.PA-management-91,4,0.039513,0.0,3
OR.PA-management-91,5,0.034371,0.0,3
OR.PA-management-91,6,0.041938,0.0,3
OR.PA-management-91,7,0.038142,0.0,3
OR.PA-management-91,8,0.047701,0.0,3
OR.PA-management-91,9,0.028155,0.0,3
OR.PA-management-91,10,0.03382,0.0,3
OR.PA-management-91,11,0.028979,0.0,3
OR.PA-management-91,12,0.042535,0.0,3
OR.PA-management-91,13,0.056166,0.0,3
OR.PA-management-91,14,0.048528,0.0,3
OR.PA-management-91,15,0.039536,0.0,3
OR.PA-management-91,16,0.030834,0.0,3
OR.PA-management-91,17,0.037982,0.0,3
OR.PA-management-91,18,0.048858,0.0,3
OR.PA-management-91,19,0.043478,0.0,3
OR.PA-management-91,20,0.053827,0.0,3
OR.PA-management-91,21,0.040308,0.0,3
OR.PA-management-91,22,0.052693,0.0,3
OR.PA-management-91,23,0.056304,0.0,3
OR.PA-management-91,24,0.06161,0.0,3
OR.PA-management-91,25,0.067584,0.0,3
OR.PA-management-91,26,0.049265,0.0,3
OR.PA-management-91,27,0.047831,0.0,3
OR.PA-management-91,28,0.057742,0.0,3
OR.PA-management-91,29,0.062859,0.0,3
OR.PA-management-91,30,0.070473,0.0,3
OR.PA-management-93,1,-0.015747,0.005281,3
OR.PA-management-93,2,-0.023955,0.006206,3
OR.PA-management-93,3,-0.023414,0.008633,3
OR.PA-management-93,4,-0.034779,0.012063,3
OR.PA-management-93,5,-0.03208,0.015971,3
OR.PA-management-93,6,-0.026028,0.012018,3
OR.PA-management-93,7,-0.035989,0.007616,3
OR.PA-management-93,8,-0.023557,0.010392,3
OR.PA-management-93,9,-0.018046,0.014744,3
OR.PA-management-93,10,-0.034033,0.016581,3
OR.PA-management-93,11,-0.037228,0.017332,3
OR.PA-management-93,12,-0.060398,0.001073,3
OR.PA-management-93,13,-0.045288,0.009758,3
OR.PA-management-93,14,-0.057613,0.000494,3
OR.PA-management-93,15,-0.038424,0.014848,3
OR.PA-management-93,16,-0.036303,0.015292,3
OR.PA-management-93,17,-0.030172,0.019306,3
OR.PA-management-93,18,-0.040787,0.010747,3
OR.PA-management-93,19,-0.040527,0.005049,3
OR.PA-management-93,20,-0.023346,0.010419,3
OR.PA-management-93,21,0.014739,0.01361,3
OR.PA-management-93,22,0.034873,0.024545,3
OR.PA-management-93,23,0.045957,0.031125,3
OR.PA-management-93,24,0.031179,0.029401,3
OR.PA-management-93,25,0.045341,0.029494,3
OR.PA-management-93,26,0.061588,0.03717,3
OR.PA-management-93,27,0.062567,0.034592,3
OR.PA-management-93,28,0.071391,0.042898,3
OR.PA-management-93,29,0.080982,0.043436,3
OR.PA-management-93,30,0.067735,0.034964,3
OR.PA-management-94,1,0.021145,0.0,5
OR.PA-management-94,2,0.01864,0.0,5
OR.PA-management-94,3,0.044051,0.0,5
OR.PA-management-94,4,0.039513,0.0,5
OR.PA-management-94,5,0.034371,0.0,5
OR.PA-management-94,6,0.041938,0.0,5
OR.PA-management-94,7,0.038142,0.0,5
OR.PA-management-94,8,0.047701,0.0,5
OR.PA-management-94,9,0.028155,0.0,5
OR.PA-management-94,10,0.03382,0.0,5
OR.PA-management-94,11,0.028979,0.0,5
OR.PA-management-94,12,0.042535,0.0,5
OR.PA-management-94,13,0.056166,0.0,5
OR.PA-management-94,14,0.048528,0.0,5
OR.PA-management-94,15,0.039536,0.0,5
OR.PA-management-94,16,0.030834,0.0,5
OR.PA-management-94,17,0.037982,0.0,5
OR.PA-management-94,18,0.048858,0.0,5
OR.PA-management-94,19,0.043478,0.0,5
OR.PA-management-94,20,0.053827,0.0,5
OR.PA-management-94,21,0.040308,0.0,5
OR.PA-management-94,22,0.052693,0.0,5
OR.PA-management-94,23,0.056304,0.0,5
OR.PA-management-94,24,0.06161,0.0,5
OR.PA-management-94,25,0.067584,0.0,5
OR.PA-management-94,26,0.049265,0.0,5
OR.PA-management-94,27,0.047831,0.0,5
OR.PA-management-94,28,0.057742,0.0,5
OR.PA-management-94,29,0.062859,0.0,5
OR.PA-management-94,30,0.070473,0.0,5
OR.PA-management-97,1,0.002636,0.0,2
OR.PA-management-97,2,0.008844,0.0,2
OR.PA-management-97,3,-0.00779,0.0,2
OR.PA-management-97,4,-0.031648,0.0,2
OR.PA-management-97,5,-0.020301,0.0,2
OR.PA-management-97,6,-0.053576,0.0,2
OR.PA-management-97,7,-0.086571,0.0,2
OR.PA-management-97,8,-0.09577,0.0,2
OR.PA-management-97,9,-0.078495,0.0,2
OR.PA-management-97,10,-0.059052,0.0,2
OR.PA-management-97,11,-0.083362,0.0,2
OR.PA-management-97,12,-0.077445,0.0,2
OR.PA-management-97,13,-0.083508,0.0,2
OR.PA-management-97,14,-0.099966,0.0,2
OR.PA-management-97,15,-0.100886,0.0,2
OR.PA-management-97,16,-0.089733,0.0,2
OR.PA-management-97,17,-0.073259,0.0,2
OR.PA-management-97,18,-0.080112,0.0,2
OR.PA-management-97,19,-0.062215,0.0,2
OR.PA-management-97,20,-0.072752,0.0,2
OR.PA-management-97,21,-0.08675,0.0,2
OR.PA-management-97,22,-0.078006,0.0,2
OR.PA-management-97,23,-0.057006,0.0,2
OR.PA-management-97,24,-0.049823,0.0,2
OR.PA-management-97,25,-0.039506,0.0,2
OR.PA-management-97,26,-0.044107,0.0,2
OR.PA-management-97,27,-0.035492,0.0,2
OR.PA-management-97,28,-0.030536,0.0,2
OR.PA-management-97,29,-0.024841,0.0,2
OR.PA-management-97,30,-0.042852,0.0,2
OR.PA-management-99,1,0.017271,0.003874,3
OR.PA-management-99,2,0.01077,0.007869,3
OR.PA-management-99,3,0.026783,0.017268,3
OR.PA-management-99,4,0.010501,0.029012,3
OR.PA-management-99,5,0.014891,0.01948,3
OR.PA-management-99,6,0.012297,0.029641,3
OR.PA-management-99,7,0.021163,0.016979,3
OR.PA-management-99,8,0.028277,0.019424,3
OR.PA-management-99,9,0.018515,0.009641,3
OR.PA-management-99,10,0.015786,0.018034,3
OR.PA-management-99,11,0.010632,0.018346,3
OR.PA-management-99,12,0.020127,0.022408,3
OR.PA-management-99,13,0.049806,0.00636,3
OR.PA-management-99,14,0.054957,0.006428,3
OR.PA-management-99,15,0.054736,0.0152,3
OR.PA-management-99,16,0.043321,0.012487,3
OR.PA-management-99,17,0.052724,0.014742,3
OR.PA-management-99,18,0.067836,0.018978,3
OR.PA-management-99,19,0.063602,0.020125,3
OR.PA-management-99,20,0.076098,0.022271,3
OR.PA-management-99,21,0.070348,0.03004,3
OR.PA-management-99,22,0.071252,0.018559,3
OR.PA-management-99,23,0.067961,0.011656,3
OR.PA-management-99,24,0.072556,0.010946,3
OR.PA-management-99,25,0.083652,0.016068,3
OR.PA-management-99,26,0.081383,0.032117,3
OR.PA-management-99,27,0.072603,0.024772,3
OR.PA-management-99,28,0.068381,0.010639,3
OR.PA-management-99,29,0.075831,0.012972,3
OR.PA-management-99,30,0.078412,0.007939,3
OR.PA-management-101,1,-0.000618,0.011685,3
OR.PA-management-101,2,-0.002946,0.01477,3
OR.PA-management-101,3,-0.005561,0.024845,3
OR.PA-management-101,4,-0.022987,0.027059,3
OR.PA-management-101,5,-0.015582,0.019039,3
OR.PA-management-101,6,-0.022084,0.024452,3
OR.PA-management-101,7,-0.003701,0.023023,3
OR.PA-management-101,8,-0.009243,0.02397,3
OR.PA-management-101,9,-0.003696,0.02546,3
OR.PA-management-101,10,-0.009274,0.028058,3
OR.PA-management-101,11,-0.009694,0.026551,3
OR.PA-management-101,12,-0.006905,0.02257,3
OR.PA-management-101,13,0.029655,0.007916,3
OR.PA-management-101,14,0.030804,0.019187,3
OR.PA-management-101,15,0.038342,0.024662,3
OR.PA-management-101,16,0.034211,0.020003,3
OR.PA-management-101,17,0.034705,0.027381,3
OR.PA-management-101,18,0.051605,0.030304,3
OR.PA-management-101,19,0.047929,0.029915,3
OR.PA-management-101,20,0.061547,0.032797,3
OR.PA-management-101,21,0.063602,0.037897,3
OR.PA-management-101,22,0.056389,0.029187,3
OR.PA-management-101,23,0.053316,0.023359,3
OR.PA-management-101,24,0.056254,0.023433,3
OR.PA-management-101,25,0.069897,0.028711,3
OR.PA-management-101,26,0.08943,0.033179,3
OR.PA-management-101,27,0.079617,0.027377,3
OR.PA-management-101,28,0.069197,0.018769,3
OR.PA-management-101,29,0.07451,0.020972,3
OR.PA-management-101,30,0.074484,0.021432,3
OR.PA-management-103,1,0.013634,0.007511,6
OR.PA-management-103,2,0.010957,0.007683,6
OR.PA-management-103,3,0.0288,0.015251,6
OR.PA-management-103,4,0.024179,0.015334,6
OR.PA-management-103,5,0.021395,0.012976,6
OR.PA-management-103,6,0.027268,0.01467,6
OR.PA-management-103,7,0.025411,0.012731,6
OR.PA-management-103,8,0.031404,0.016297,6
OR.PA-management-103,9,0.015265,0.01289,6
OR.PA-management-103,10,0.019613,0.014207,6
OR.PA-management-103,11,0.016606,0.012373,6
OR.PA-management-103,12,0.029789,0.012747,6
OR.PA-management-103,13,0.04911,0.007056,6
OR.PA-management-103,14,0.041027,0.007501,6
OR.PA-management-103,15,0.033187,0.006349,6
OR.PA-management-103,16,0.025533,0.005301,6
OR.PA-management-103,17,0.029545,0.008437,6
OR.PA-management-103,18,0.040881,0.007977,6
OR.PA-management-103,19,0.03649,0.006988,6
OR.PA-management-103,20,0.04608,0.007747,6
OR.PA-management-103,21,0.03346,0.006848,6
OR.PA-management-103,22,0.045143,0.00755,6
OR.PA-management-103,23,0.048712,0.007592,6
OR.PA-management-103,24,0.053614,0.007996,6
OR.PA-management-103,25,0.059163,0.00842,6
OR.PA-management-103,26,0.046182,0.003084,6
OR.PA-management-103,27,0.044607,0.003224,6
OR.PA-management-103,28,0.053403,0.004338,6
OR.PA-management-103,29,0.057929,0.004931,6
OR.PA-management-103,30,0.064004,0.006469,6
OR.PA-management-104,1,0.086431,0.0,4
OR.PA-management-104,2,0.091175,0.0,4
OR.PA-management-104,3,0.081953,0.0,4
OR.PA-management-104,4,0.082181,0.0,4
OR.PA-management-104,5,0.080218,0.0,4
OR.PA-management-104,6,0.081943,0.0,4
OR.PA-management-104,7,0.064939,0.0,4
OR.PA-management-104,8,0.070011,0.0,4
OR.PA-management-104,9,0.10331,0.0,4
OR.PA-management-104,10,0.086517,0.0,4
OR.PA-management-104,11,0.076053,0.0,4
OR.PA-management-104,12,0.050312,0.0,4
OR.PA-management-104,13,0.065546,0.0,4
OR.PA-management-104,14,0.056943,0.0,4
OR.PA-management-104,15,0.066676,0.0,4
OR.PA-management-104,16,0.062144,0.0,4
OR.PA-management-104,17,0.064737,0.0,4
OR.PA-management-104,18,0.063415,0.0,4
OR.PA-management-104,19,0.072274,0.0,4
OR.PA-management-104,20,0.070685,0.0,4
OR.PA-management-104,21,0.077282,0.0,4
OR.PA-management-104,22,0.094232,0.0,4
OR.PA-management-104,23,0.09758,0.0,4
OR.PA-management-104,24,0.14354,0.0,4
OR.PA-management-104,25,0.146107,0.0,4
OR.PA-management-104,26,0.135942,0.0,4
OR.PA-management-104,27,0.128169,0.0,4
OR.PA-management-104,28,0.127214,0.0,4
OR.PA-management-104,29,0.105288,0.0,4
OR.PA-management-104,30,0.106997,0.0,4
OR.PA-management-106,1,-0.015968,0.034133,4
OR.PA-management-106,2,0.010696,0.026826,4
OR.PA-management-106,3,0.019161,0.020931,4
OR.PA-management-106,4,0.027376,0.018268,4
OR.PA-management-106,5,0.028065,0.017384,4
OR.PA-management-106,6,0.040408,0.013845,4
OR.PA-management-106,7,0.028872,0.012022,4
OR.PA-management-106,8,0.041712,0.009433,4
OR.PA-management-106,9,0.041753,0.020519,4
OR.PA-management-106,10,0.035901,0.016872,4
OR.PA-management-106,11,0.033515,0.014179,4
OR.PA-management-106,12,-0.004302,0.018205,4
OR.PA-management-106,13,-0.03482,0.033455,4
OR.PA-management-106,14,-0.015203,0.024049,4
OR.PA-management-106,15,-0.018178,0.028285,4
OR.PA-management-106,16,-0.020098,0.027414,4
OR.PA-management-106,17,-0.035479,0.033405,4
OR.PA-management-106,18,-0.035175,0.032863,4
OR.PA-management-106,19,-0.035015,0.035763,4
OR.PA-management-106,20,-0.0406,0.037095,4
OR.PA-management-106,21,-0.050409,0.042564,4
OR.PA-management-106,22,-0.049248,0.047827,4
OR.PA-management-106,23,-0.047341,0.048307,4
OR.PA-management-106,24,-0.040223,0.061254,4
OR.PA-management-106,25,-0.049825,0.065311,4
OR.PA-management-106,26,-0.046847,0.06093,4
OR.PA-management-106,27,-0.054529,0.060899,4
OR.PA-management-106,28,-0.046871,0.058028,4
OR.PA-management-106,29,-0.044318,0.049869,4
OR.PA-management-106,30,-0.04602,0.051006,4
OR.PA-management-107,1,0.002543,0.005309,6
OR.PA-management-107,2,0.002255,0.005984,6
OR.PA-management-107,3,-0.006046,0.01205,6
OR.PA-management-107,4,-0.01411,0.012,6
OR.PA-management-107,5,-0.010998,0.010737,6
OR.PA-management-107,6,-0.025759,0.016109,6
OR.PA-management-107,7,-0.039525,0.022578,6
OR.PA-management-107,8,-0.049101,0.025602,6
OR.PA-management-107,9,-0.0419,0.020239,6
OR.PA-management-107,10,-0.034845,0.017913,6
OR.PA-management-107,11,-0.05044,0.020714,6
OR.PA-management-107,12,-0.043384,0.019211,6
OR.PA-management-107,13,-0.042984,0.022424,6
OR.PA-management-107,14,-0.056145,0.024644,6
OR.PA-management-107,15,-0.060331,0.02252,6
OR.PA-management-107,16,-0.056423,0.019377,6
OR.PA-management-107,17,-0.052952,0.019049,6
OR.PA-management-107,18,-0.05048,0.020934,6
OR.PA-management-107,19,-0.048907,0.021036,6
OR.PA-management-107,20,-0.038931,0.02008,6
OR.PA-management-107,21,-0.055531,0.020993,6
OR.PA-management-107,22,-0.050097,0.021627,6
OR.PA-management-107,23,-0.034734,0.018643,6
OR.PA-management-107,24,-0.030286,0.018867,6
OR.PA-management-107,25,-0.016401,0.017169,6
OR.PA-management-107,26,-0.020766,0.014856,6
OR.PA-management-107,27,-0.018628,0.014184,6
OR.PA-management-107,28,-0.017905,0.015308,6
OR.PA-management-107,29,-0.013713,0.017236,6
OR.PA-management-107,30,-0.027437,0.021269,6
OR.PA-management-111,1,-0.032649,0.008726,3
OR.PA-management-111,2,-0.023681,0.003776,3
OR.PA-management-111,3,-0.032228,0.015229,3
OR.PA-management-111,4,-0.031959,0.020534,3
OR.PA-management-111,5,-0.02543,0.018055,3
OR.PA-management-111,6,-0.021868,0.024216,3
OR.PA-management-111,7,-0.019881,0.018365,3
OR.PA-management-111,8,-0.022627,0.027453,3
OR.PA-management-111,9,-0.025713,0.023473,3
OR.PA-management-111,10,-0.02794,0.023484,3
OR.PA-management-111,11,-0.023728,0.021532,3
OR.PA-management-111,12,-0.030132,0.003812,3
OR.PA-management-111,13,-0.013537,0.027369,3
OR.PA-management-111,14,-0.010737,0.014257,3
OR.PA-management-111,15,-0.014524,0.015969,3
OR.PA-management-111,16,-0.016485,0.015513,3
OR.PA-management-111,17,-0.031389,0.018748,3
OR.PA-management-111,18,-0.022015,0.023011,3
OR.PA-management-111,19,-0.022559,0.024109,3
OR.PA-management-111,20,-0.021001,0.028347,3
OR.PA-management-111,21,-0.031512,0.03073,3
OR.PA-management-111,22,-0.027428,0.034823,3
OR.PA-management-111,23,-0.024715,0.035466,3
OR.PA-management-111,24,-0.024735,0.038371,3
OR.PA-management-111,25,-0.027004,0.044066,3
OR.PA-management-111,26,-0.015417,0.04618,3
OR.PA-management-111,27,-0.019486,0.047972,3
OR.PA-management-111,28,-0.013826,0.045537,3
OR.PA-management-111,29,-0.009212,0.042487,3
OR.PA-management-111,30,-0.011235,0.042896,3
OR.PA-management-113,1,0.002636,,1
OR.PA-management-113,2,0.008844,,1
OR.PA-management-113,3,-0.00779,,1
OR.PA-management-113,4,-0.031648,,1
OR.PA-management-113,5,-0.020301,,1
OR.PA-management-113,6,-0.053576,,1
OR.PA-management-113,7,-0.086571,,1
OR.PA-management-113,8,-0.09577,,1
OR.PA-management-113,9,-0.078495,,1
OR.PA-management-113,10,-0.059052,,1
OR.PA-management-113,11,-0.083362,,1
OR.PA-management-113,12,-0.077445,,1
OR.PA-management-113,13,-0.083508,,1
OR.PA-management-113,14,-0.099966,,1
OR.PA-management-113,15,-0.100886,,1
OR.PA-management-113,16,-0.089733,,1
OR.PA-management-113,17,-0.073259,,1
OR.PA-management-113,18,-0.080112,,1
OR.PA-management-113,19,-0.062215,,1
OR.PA-management-113,20,-0.072752,,1
OR.PA-management-113,21,-0.08675,,1
OR.PA-management-113,22,-0.078006,,1
OR.PA-management-113,23,-0.057006,,1
OR.PA-management-113,24,-0.049823,,1
OR.PA-management-113,25,-0.039506,,1
OR.PA-management-113,26,-0.044107,,1
OR.PA-management-113,27,-0.035492,,1
OR.PA-management-113,28,-0.030536,,1
OR.PA-management-113,29,-0.024841,,1
OR.PA-management-113,30,-0.042852,,1
OR.PA-management-115,1,-0.02029,0.029812,2
OR.PA-management-115,2,-0.010549,0.005581,2
OR.PA-management-115,3,-0.004762,0.002991,2
OR.PA-management-115,4,-0.019207,0.028316,2
OR.PA-management-115,5,-0.006694,0.017375,2
OR.PA-management-115,6,-0.010211,0.036775,2
OR.PA-management-115,7,0.002027,0.014822,2
OR.PA-management-115,8,0.010854,0.021425,2
OR.PA-management-115,9,0.010234,0.011,2
OR.PA-management-115,10,-0.000627,0.019655,2
OR.PA-management-115,11,-0.003363,0.022698,2
OR.PA-management-115,12,-0.023597,0.00109,2
OR.PA-management-115,13,-0.015595,0.05268,2
OR.PA-management-115,14,0.014281,0.053533,2
OR.PA-management-115,15,0.019337,0.0658,2
OR.PA-management-115,16,0.010391,0.057903,2
OR.PA-management-115,17,0.006662,0.075546,2
OR.PA-management-115,18,0.018877,0.086915,2
OR.PA-management-115,19,0.016537,0.087315,2
OR.PA-management-115,20,0.021473,0.099167,2
OR.PA-management-115,21,0.018728,0.111701,2
OR.PA-management-115,22,0.005648,0.102722,2
OR.PA-management-115,23,-0.002187,0.093461,2
OR.PA-management-115,24,-0.003514,0.097963,2
OR.PA-management-115,25,0.000326,0.115462,2
OR.PA-management-115,26,0.018921,0.126697,2
OR.PA-management-115,27,0.003358,0.118787,2
OR.PA-management-115,28,-0.00762,0.097279,2
OR.PA-management-115,29,0.003794,0.097981,2
OR.PA-management-115,30,-0.001368,0.095658,2
OR.PA-management-119,1,0.004972,0.002335,3
OR.PA-management-119,2,0.008857,1.3e-05,3
OR.PA-management-119,3,8.8e-05,0.007879,3
OR.PA-management-119,4,-0.018521,0.013127,3
OR.PA-management-119,5,-0.010841,0.00946,3
OR.PA-management-119,6,-0.037477,0.0161,3
OR.PA-management-119,7,-0.060721,0.025851,3
OR.PA-management-119,8,-0.066234,0.029536,3
OR.PA-management-119,9,-0.05016,0.028334,3
OR.PA-management-119,10,-0.045753,0.013298,3
OR.PA-management-119,11,-0.06196,0.021402,3
OR.PA-management-119,12,-0.071165,0.006281,3
OR.PA-management-119,13,-0.079908,0.003601,3
OR.PA-management-119,14,-0.089545,0.010421,3
OR.PA-management-119,15,-0.10039,0.000496,3
OR.PA-management-119,16,-0.100988,0.011255,3
OR.PA-management-119,17,-0.08151,0.008251,3
OR.PA-management-119,18,-0.081243,0.001131,3
OR.PA-management-119,19,-0.059117,0.003097,3
OR.PA-management-119,20,-0.069098,0.003655,3
OR.PA-management-119,21,-0.083761,0.002989,3
OR.PA-management-119,22,-0.101287,0.023281,3
OR.PA-management-119,23,-0.091059,0.034053,3
OR.PA-management-119,24,-0.093398,0.043575,3
OR.PA-management-119,25,-0.112056,0.072551,3
OR.PA-management-119,26,-0.110838,0.066731,3
OR.PA-management-119,27,-0.118692,0.083201,3
OR.PA-management-119,28,-0.092511,0.061974,3
OR.PA-management-119,29,-0.086405,0.061564,3
OR.PA-management-119,30,-0.094069,0.051217,3
OR.PA-management-121,1,0.046101,0.04033,2
OR.PA-management-121,2,0.039342,0.051832,2
OR.PA-management-121,3,0.036929,0.045024,2
OR.PA-management-121,4,0.041855,0.040325,2
OR.PA-management-121,5,0.041359,0.038859,2
OR.PA-management-121,6,0.041753,0.04019,2
OR.PA-management-121,7,0.037281,0.027658,2
OR.PA-management-121,8,0.040052,0.029959,2
OR.PA-management-121,9,0.058576,0.044734,2
OR.PA-management-121,10,0.046655,0.039861,2
OR.PA-management-121,11,0.03741,0.038643,2
OR.PA-management-121,12,0.010627,0.039686,2
OR.PA-management-121,13,0.019964,0.045582,2
OR.PA-management-121,14,0.019055,0.037889,2
OR.PA-management-121,15,0.011552,0.055124,2
OR.PA-management-121,16,0.01152,0.050624,2
OR.PA-management-121,17,0.009168,0.055569,2
OR.PA-management-121,18,0.012449,0.050966,2
OR.PA-management-121,19,0.017388,0.054886,2
OR.PA-management-121,20,0.016372,0.054313,2
OR.PA-management-121,21,0.022109,0.055173,2
OR.PA-management-121,22,0.028186,0.066046,2
OR.PA-management-121,23,0.032049,0.065531,2
OR.PA-management-121,24,0.056483,0.087057,2
OR.PA-management-121,25,0.058017,0.08809,2
OR.PA-management-121,26,0.054375,0.081567,2
OR.PA-management-121,27,0.041862,0.086307,2
OR.PA-management-121,28,0.041402,0.085812,2
OR.PA-management-121,29,0.020222,0.085065,2
OR.PA-management-121,30,0.011302,0.095695,2
OR.PA-management-124,1,0.023482,,1
OR.PA-management-124,2,0.007206,,1
OR.PA-management-124,3,-0.012927,,1
OR.PA-management-124,4,-0.013844,,1
OR.PA-management-124,5,-0.001238,,1
OR.PA-management-124,6,0.042866,,1
OR.PA-management-124,7,0.036455,,1
OR.PA-management-124,8,0.029445,,1
OR.PA-management-124,9,0.040626,,1
OR.PA-management-124,10,0.050351,,1
OR.PA-management-124,11,0.060261,,1
OR.PA-management-124,12,0.039051,,1
OR.PA-management-124,13,0.041887,,1
OR.PA-management-124,14,0.044311,,1
OR.PA-management-124,15,0.035681,,1
OR.PA-management-124,16,0.028624,,1
OR.PA-management-124,17,0.022482,,1
OR.PA-management-124,18,0.029382,,1
OR.PA-management-124,19,0.000557,,1
OR.PA-management-124,20,0.008876,,1
OR.PA-management-124,21,0.029964,,1
OR.PA-management-124,22,0.008348,,1
OR.PA-management-124,23,-0.022947,,1
OR.PA-management-124,24,-0.033172,,1
OR.PA-management-124,25,-0.008366,,1
OR.PA-management-124,26,0.008985,,1
OR.PA-management-124,27,0.014237,,1
OR.PA-management-124,28,-0.010654,,1
OR.PA-management-124,29,-0.029595,,1
OR.PA-management-124,30,-0.040096,,1
OR.PA-management-125,1,0.001833,0.0,3
OR.PA-management-125,2,-0.010074,0.0,3
OR.PA-management-125,3,0.003001,0.0,3
OR.PA-management-125,4,0.004817,0.0,3
OR.PA-management-125,5,0.013077,0.0,3
OR.PA-management-125,6,0.015776,0.0,3
OR.PA-management-125,7,0.011752,0.0,3
OR.PA-management-125,8,0.001716,0.0,3
OR.PA-management-125,9,0.023039,0.0,3
OR.PA-management-125,10,0.020711,0.0,3
OR.PA-management-125,11,0.046299,0.0,3
OR.PA-management-125,12,0.041939,0.0,3
OR.PA-management-125,13,0.036974,0.0,3
OR.PA-management-125,14,0.044719,0.0,3
OR.PA-management-125,15,0.0411,0.0,3
OR.PA-management-125,16,0.050837,0.0,3
OR.PA-management-125,17,0.031468,0.0,3
OR.PA-management-125,18,0.03731,0.0,3
OR.PA-management-125,19,0.032646,0.0,3
OR.PA-management-125,20,0.04638,0.0,3
OR.PA-management-125,21,0.060188,0.0,3
OR.PA-management-125,22,0.052728,0.0,3
OR.PA-management-125,23,0.043913,0.0,3
OR.PA-management-125,24,0.035388,0.0,3
OR.PA-management-125,25,0.042714,0.0,3
OR.PA-management-125,26,0.053767,0.0,3
OR.PA-management-125,27,0.048564,0.0,3
OR.PA-management-125,28,0.059091,0.0,3
OR.PA-management-125,29,0.045749,0.0,3
OR.PA-management-125,30,0.058311,0.0,3
OR.PA-management-131,1,0.005772,0.0,3
OR.PA-management-131,2,-0.01249,0.0,3
OR.PA-management-131,3,-0.008095,0.0,3
OR.PA-management-131,4,0.00153,0.0,3
OR.PA-management-131,5,0.0025,0.0,3
OR.PA-management-131,6,0.001562,0.0,3
OR.PA-management-131,7,0.009622,0.0,3
OR.PA-management-131,8,0.010092,0.0,3
OR.PA-management-131,9,0.013842,0.0,3
OR.PA-management-131,10,0.006794,0.0,3
OR.PA-management-131,11,-0.001233,0.0,3
OR.PA-management-131,12,-0.029059,0.0,3
OR.PA-management-131,13,-0.025619,0.0,3
OR.PA-management-131,14,-0.018834,0.0,3
OR.PA-management-131,15,-0.043573,0.0,3
OR.PA-management-131,16,-0.039104,0.0,3
OR.PA-management-131,17,-0.0464,0.0,3
OR.PA-management-131,18,-0.038516,0.0,3
OR.PA-management-131,19,-0.037498,0.0,3
OR.PA-management-131,20,-0.037941,0.0,3
OR.PA-management-131,21,-0.033063,0.0,3
OR.PA-management-131,22,-0.03786,0.0,3
OR.PA-management-131,23,-0.033482,0.0,3
OR.PA-management-131,24,-0.030575,0.0,3
OR.PA-management-131,25,-0.030074,0.0,3
OR.PA-management-131,26,-0.027193,0.0,3
OR.PA-management-131,27,-0.044446,0.0,3
OR.PA-management-131,28,-0.044409,0.0,3
OR.PA-management-131,29,-0.064843,0.0,3
OR.PA-management-131,30,-0.084392,0.0,3
OR.PA-management-135,1,0.023482,,1
OR.PA-management-135,2,0.007206,,1
OR.PA-management-135,3,-0.012927,,1
OR.PA-management-135,4,-0.013844,,1
OR.PA-management-135,5,-0.001238,,1
OR.PA-management-135,6,0.042866,,1
OR.PA-management-135,7,0.036455,,1
OR.PA-management-135,8,0.029445,,1
OR.PA-management-135,9,0.040626,,1
OR.PA-management-135,10,0.050351,,1
OR.PA-management-135,11,0.060261,,1
OR.PA-management-135,12,0.039051,,1
OR.PA-management-135,13,0.041887,,1
OR.PA-management-135,14,0.044311,,1
OR.PA-management-135,15,0.035681,,1
OR.PA-management-135,16,0.028624,,1
OR.PA-management-135,17,0.022482,,1
OR.PA-management-135,18,0.029382,,1
OR.PA-management-135,19,0.000557,,1
OR.PA-management-135,20,0.008876,,1
OR.PA-management-135,21,0.029964,,1
OR.PA-management-135,22,0.008348,,1
OR.PA-management-135,23,-0.022947,,1
OR.PA-management-135,24,-0.033172,,1
OR.PA-management-135,25,-0.008366,,1
OR.PA-management-135,26,0.008985,,1
OR.PA-management-135,27,0.014237,,1
OR.PA-management-135,28,-0.010654,,1
OR.PA-management-135,29,-0.029595,,1
OR.PA-management-135,30,-0.040096,,1
OR.PA-management-136,1,0.005772,,1
OR.PA-management-136,2,-0.01249,,1
OR.PA-management-136,3,-0.008095,,1
OR.PA-management-136,4,0.00153,,1
OR.PA-management-136,5,0.0025,,1
OR.PA-management-136,6,0.001562,,1
OR.PA-management-136,7,0.009622,,1
OR.PA-management-136,8,0.010092,,1
OR.PA-management-136,9,0.013842,,1
OR.PA-management-136,10,0.006794,,1
OR.PA-management-136,11,-0.001233,,1
OR.PA-management-136,12,-0.029059,,1
OR.PA-management-136,13,-0.025619,,1
OR.PA-management-136,14,-0.018834,,1
OR.PA-management-136,15,-0.043573,,1
OR.PA-management-136,16,-0.039104,,1
OR.PA-management-136,17,-0.0464,,1
OR.PA-management-136,18,-0.038516,,1
OR.PA-management-136,19,-0.037498,,1
OR.PA-management-136,20,-0.037941,,1
OR.PA-management-136,21,-0.033063,,1
OR.PA-management-136,22,-0.03786,,1
OR.PA-management-136,23,-0.033482,,1
OR.PA-management-136,24,-0.030575,,1
OR.PA-management-136,25,-0.030074,,1
OR.PA-management-136,26,-0.027193,,1
OR.PA-management-136,27,-0.044446,,1
OR.PA-management-136,28,-0.044409,,1
OR.PA-management-136,29,-0.064843,,1
OR.PA-management-136,30,-0.084392,,1
OR.PA-press-noise-503,1,0.003931,,1
OR.PA-press-noise-503,2,-0.001127,,1
OR.PA-press-noise-503,3,0.02132,,1
OR.PA-press-noise-503,4,0.024622,,1
OR.PA-press-noise-503,5,0.004112,,1
OR.PA-press-noise-503,6,0.049078,,1
OR.PA-press-noise-503,7,0.033367,,1
OR.PA-press-noise-503,8,0.028037,,1
OR.PA-press-noise-503,9,0.022534,,1
OR.PA-press-noise-503,10,0.033771,,1
OR.PA-press-noise-503,11,0.027461,,1
OR.PA-press-noise-503,12,0.004104,,1
OR.PA-press-noise-503,13,0.023857,,1
OR.PA-press-noise-503,14,0.007832,,1
OR.PA-press-noise-503,15,-0.008467,,1
OR.PA-press-noise-503,16,-0.008826,,1
OR.PA-press-noise-503,17,0.077475,,1
OR.PA-press-noise-503,18,0.082089,,1
OR.PA-press-noise-503,19,0.072738,,1
OR.PA-press-noise-503,20,0.072836,,1
OR.PA-press-noise-503,21,0.070743,,1
OR.PA-press-noise-503,22,0.072339,,1
OR.PA-press-noise-503,23,0.055205,,1
OR.PA-press-noise-503,24,0.060148,,1
OR.PA-press-noise-503,25,0.093317,,1
OR.PA-press-noise-503,26,0.076394,,1
OR.PA-press-noise-503,27,0.065801,,1
OR.PA-press-noise-503,28,0.03993,,1
OR.PA-press-noise-503,29,0.055034,,1
OR.PA-press-noise-503,30,0.046302,,1
OR.PA-press-noise-502,1,0.003931,,1
OR.PA-press-noise-502,2,-0.001127,,1
OR.PA-press-noise-502,3,0.02132,,1
OR.PA-press-noise-502,4,0.024622,,1
OR.PA-press-noise-502,5,0.004112,,1
OR.PA-press-noise-502,6,0.049078,,1
OR.PA-press-noise-502,7,0.033367,,1
OR.PA-press-noise-502,8,0.028037,,1
OR.PA-press-noise-502,9,0.022534,,1
OR.PA-press-noise-502,10,0.033771,,1
OR.PA-press-noise-502,11,0.027461,,1
OR.PA-press-noise-502,12,0.004104,,1
OR.PA-press-noise-502,13,0.023857,,1
OR.PA-press-noise-502,14,0.007832,,1
OR.PA-press-noise-502,15,-0.008467,,1
OR.PA-press-noise-502,16,-0.008826,,1
OR.PA-press-noise-502,17,0.077475,,1
OR.PA-press-noise-502,18,0.082089,,1
OR.PA-press-noise-502,19,0.072738,,1
OR.PA-press-noise-502,20,0.072836,,1
OR.PA-press-noise-502,21,0.070743,,1
OR.PA-press-noise-502,22,0.072339,,1
OR.PA-press-noise-502,23,0.055205,,1
OR.PA-press-noise-502,24,0.060148,,1
OR.PA-press-noise-502,25,0.093317,,1
OR.PA-press-noise-502,26,0.076394,,1
OR.PA-press-noise-502,27,0.065801,,1
OR.PA-press-noise-502,28,0.03993,,1
OR.PA-press-noise-502,29,0.055034,,1
OR.PA-press-noise-502,30,0.046302,,1
OR.PA-press-noise-501,1,0.003931,,1
OR.PA-press-noise-501,2,-0.001127,,1
OR.PA-press-noise-501,3,0.02132,,1
OR.PA-press-noise-501,4,0.024622,,1
OR.PA-press-noise-501,5,0.004112,,1
OR.PA-press-noise-501,6,0.049078,,1
OR.PA-press-noise-501,7,0.033367,,1
OR.PA-press-noise-501,8,0.028037,,1
OR.PA-press-noise-501,9,0.022534,,1
OR.PA-press-noise-501,10,0.033771,,1
OR.PA-press-noise-501,11,0.027461,,1
OR.PA-press-noise-501,12,0.004104,,1
OR.PA-press-noise-501,13,0.023857,,1
OR.PA-press-noise-501,14,0.007832,,1
OR.PA-press-noise-501,15,-0.008467,,1
OR.PA-press-noise-501,16,-0.008826,,1
OR.PA-press-noise-501,17,0.077475,,1
OR.PA-press-noise-501,18,0.082089,,1
OR.PA-press-noise-501,19,0.072738,,1
OR.PA-press-noise-501,20,0.072836,,1
OR.PA-press-noise-501,21,0.070743,,1
OR.PA-press-noise-501,22,0.072339,,1
OR.PA-press-noise-501,23,0.055205,,1
OR.PA-press-noise-501,24,0.060148,,1
OR.PA-press-noise-501,25,0.093317,,1
OR.PA-press-noise-501,26,0.076394,,1
OR.PA-press-noise-501,27,0.065801,,1
OR.PA-press-noise-501,28,0.03993,,1
OR.PA-press-noise-501,29,0.055034,,1
OR.PA-press-noise-501,30,0.046302,,1
OR.PA-press-noise-500,1,0.003931,,1
OR.PA-press-noise-500,2,-0.001127,,1
OR.PA-press-noise-500,3,0.02132,,1
OR.PA-press-noise-500,4,0.024622,,1
OR.PA-press-noise-500,5,0.004112,,1
OR.PA-press-noise-500,6,0.049078,,1
OR.PA-press-noise-500,7,0.033367,,1
OR.PA-press-noise-500,8,0.028037,,1
OR.PA-press-noise-500,9,0.022534,,1
OR.PA-press-noise-500,10,0.033771,,1
OR.PA-press-noise-500,11,0.027461,,1
OR.PA-press-noise-500,12,0.004104,,1
OR.PA-press-noise-500,13,0.023857,,1
OR.PA-press-noise-500,14,0.007832,,1
OR.PA-press-noise-500,15,-0.008467,,1
OR.PA-press-noise-500,16,-0.008826,,1
OR.PA-press-noise-500,17,0.077475,,1
OR.PA-press-noise-500,18,0.082089,,1
OR.PA-press-noise-500,19,0.072738,,1
OR.PA-press-noise-500,20,0.072836,,1
OR.PA-press-noise-500,21,0.070743,,1
OR.PA-press-noise-500,22,0.072339,,1
OR.PA-press-noise-500,23,0.055205,,1
OR.PA-press-noise-500,24,0.060148,,1
OR.PA-press-noise-500,25,0.093317,,1
OR.PA-press-noise-500,26,0.076394,,1
OR.PA-press-noise-500,27,0.065801,,1
OR.PA-press-noise-500,28,0.03993,,1
OR.PA-press-noise-500,29,0.055034,,1
OR.PA-press-noise-500,30,0.046302,,1
OR.PA-press-noise-499,1,0.003931,,1
OR.PA-press-noise-499,2,-0.001127,,1
OR.PA-press-noise-499,3,0.02132,,1
OR.PA-press-noise-499,4,0.024622,,1
OR.PA-press-noise-499,5,0.004112,,1
OR.PA-press-noise-499,6,0.049078,,1
OR.PA-press-noise-499,7,0.033367,,1
OR.PA-press-noise-499,8,0.028037,,1
OR.PA-press-noise-499,9,0.022534,,1
OR.PA-press-noise-499,10,0.033771,,1
OR.PA-press-noise-499,11,0.027461,,1
OR.PA-press-noise-499,12,0.004104,,1
OR.PA-press-noise-499,13,0.023857,,1
OR.PA-press-noise-499,14,0.007832,,1
OR.PA-press-noise-499,15,-0.008467,,1
OR.PA-press-noise-499,16,-0.008826,,1
OR.PA-press-noise-499,17,0.077475,,1
OR.PA-press-noise-499,18,0.082089,,1
OR.PA-press-noise-499,19,0.072738,,1
OR.PA-press-noise-499,20,0.072836,,1
OR.PA-press-noise-499,21,0.070743,,1
OR.PA-press-noise-499,22,0.072339,,1
OR.PA-press-noise-499,23,0.055205,,1
OR.PA-press-noise-499,24,0.060148,,1
OR.PA-press-noise-499,25,0.093317,,1
OR.PA-press-noise-499,26,0.076394,,1
OR.PA-press-noise-499,27,0.065801,,1
OR.PA-press-noise-499,28,0.03993,,1
OR.PA-press-noise-499,29,0.055034,,1
OR.PA-press-noise-499,30,0.046302,,1
OR.PA-press-noise-498,1,0.003931,,1
OR.PA-press-noise-498,2,-0.001127,,1
OR.PA-press-noise-498,3,0.02132,,1
OR.PA-press-noise-498,4,0.024622,,1
OR.PA-press-noise-498,5,0.004112,,1
OR.PA-press-noise-498,6,0.049078,,1
OR.PA-press-noise-498,7,0.033367,,1
OR.PA-press-noise-498,8,0.028037,,1
OR.PA-press-noise-498,9,0.022534,,1
OR.PA-press-noise-498,10,0.033771,,1
OR.PA-press-noise-498,11,0.027461,,1
OR.PA-press-noise-498,12,0.004104,,1
OR.PA-press-noise-498,13,0.023857,,1
OR.PA-press-noise-498,14,0.007832,,1
OR.PA-press-noise-498,15,-0.008467,,1
OR.PA-press-noise-498,16,-0.008826,,1
OR.PA-press-noise-498,17,0.077475,,1
OR.PA-press-noise-498,18,0.082089,,1
OR.PA-press-noise-498,19,0.072738,,1
OR.PA-press-noise-498,20,0.072836,,1
OR.PA-press-noise-498,21,0.070743,,1
OR.PA-press-noise-498,22,0.072339,,1
OR.PA-press-noise-498,23,0.055205,,1
OR.PA-press-noise-498,24,0.060148,,1
OR.PA-press-noise-498,25,0.093317,,1
OR.PA-press-noise-498,26,0.076394,,1
OR.PA-press-noise-498,27,0.065801,,1
OR.PA-press-noise-498,28,0.03993,,1
OR.PA-press-noise-498,29,0.055034,,1
OR.PA-press-noise-498,30,0.046302,,1
OR.PA-press-noise-496,1,0.033747,,1
OR.PA-press-noise-496,2,0.047882,,1
OR.PA-press-noise-496,3,0.058537,,1
OR.PA-press-noise-496,4,0.059885,,1
OR.PA-press-noise-496,5,0.075543,,1
OR.PA-press-noise-496,6,0.065604,,1
OR.PA-press-noise-496,7,0.080809,,1
OR.PA-press-noise-496,8,0.06954,,1
OR.PA-press-noise-496,9,0.067111,,1
OR.PA-press-noise-496,10,0.067193,,1
OR.PA-press-noise-496,11,0.025126,,1
OR.PA-press-noise-496,12,-0.020867,,1
OR.PA-press-noise-496,13,0.007933,,1
OR.PA-press-noise-496,14,0.000498,,1
OR.PA-press-noise-496,15,-0.000776,,1
OR.PA-press-noise-496,16,-0.022372,,1
OR.PA-press-noise-496,17,-0.021751,,1
OR.PA-press-noise-496,18,-0.024715,,1
OR.PA-press-noise-496,19,-0.031856,,1
OR.PA-press-noise-496,20,-0.047358,,1
OR.PA-press-noise-496,21,-0.051685,,1
OR.PA-press-noise-496,22,-0.050482,,1
OR.PA-press-noise-496,23,-0.056536,,1
OR.PA-press-noise-496,24,-0.070419,,1
OR.PA-press-noise-496,25,-0.063284,,1
OR.PA-press-noise-496,26,-0.071161,,1
OR.PA-press-noise-496,27,-0.060856,,1
OR.PA-press-noise-496,28,-0.050368,,1
OR.PA-press-noise-496,29,-0.053432,,1
OR.PA-press-noise-496,30,-0.055649,,1
OR.PA-press-noise-493,1,0.033747,,1
OR.PA-press-noise-493,2,0.047882,,1
OR.PA-press-noise-493,3,0.058537,,1
OR.PA-press-noise-493,4,0.059885,,1
OR.PA-press-noise-493,5,0.075543,,1
OR.PA-press-noise-493,6,0.065604,,1
OR.PA-press-noise-493,7,0.080809,,1
OR.PA-press-noise-493,8,0.06954,,1
OR.PA-press-noise-493,9,0.067111,,1
OR.PA-press-noise-493,10,0.067193,,1
OR.PA-press-noise-493,11,0.025126,,1
OR.PA-press-noise-493,12,-0.020867,,1
OR.PA-press-noise-493,13,0.007933,,1
OR.PA-press-noise-493,14,0.000498,,1
OR.PA-press-noise-493,15,-0.000776,,1
OR.PA-press-noise-493,16,-0.022372,,1
OR.PA-press-noise-493,17,-0.021751,,1
OR.PA-press-noise-493,18,-0.024715,,1
OR.PA-press-noise-493,19,-0.031856,,1
OR.PA-press-noise-493,20,-0.047358,,1
OR.PA-press-noise-493,21,-0.051685,,1
OR.PA-press-noise-493,22,-0.050482,,1
OR.PA-press-noise-493,23,-0.056536,,1
OR.PA-press-noise-493,24,-0.070419,,1
OR.PA-press-noise-493,25,-0.063284,,1
OR.PA-press-noise-493,26,-0.071161,,1
OR.PA-press-noise-493,27,-0.060856,,1
OR.PA-press-noise-493,28,-0.050368,,1
OR.PA-press-noise-493,29,-0.053432,,1
OR.PA-press-noise-493,30,-0.055649,,1
OR.PA-press-noise-492,1,0.033747,,1
OR.PA-press-noise-492,2,0.047882,,1
OR.PA-press-noise-492,3,0.058537,,1
OR.PA-press-noise-492,4,0.059885,,1
OR.PA-press-noise-492,5,0.075543,,1
OR.PA-press-noise-492,6,0.065604,,1
OR.PA-press-noise-492,7,0.080809,,1
OR.PA-press-noise-492,8,0.06954,,1
OR.PA-press-noise-492,9,0.067111,,1
OR.PA-press-noise-492,10,0.067193,,1
OR.PA-press-noise-492,11,0.025126,,1
OR.PA-press-noise-492,12,-0.020867,,1
OR.PA-press-noise-492,13,0.007933,,1
OR.PA-press-noise-492,14,0.000498,,1
OR.PA-press-noise-492,15,-0.000776,,1
OR.PA-press-noise-492,16,-0.022372,,1
OR.PA-press-noise-492,17,-0.021751,,1
OR.PA-press-noise-492,18,-0.024715,,1
OR.PA-press-noise-492,19,-0.031856,,1
OR.PA-press-noise-492,20,-0.047358,,1
OR.PA-press-noise-492,21,-0.051685,,1
OR.PA-press-noise-492,22,-0.050482,,1
OR.PA-press-noise-492,23,-0.056536,,1
OR.PA-press-noise-492,24,-0.070419,,1
OR.PA-press-noise-492,25,-0.063284,,1
OR.PA-press-noise-492,26,-0.071161,,1
OR.PA-press-noise-492,27,-0.060856,,1
OR.PA-press-noise-492,28,-0.050368,,1
OR.PA-press-noise-492,29,-0.053432,,1
OR.PA-press-noise-492,30,-0.055649,,1
OR.PA-press-noise-491,1,0.033747,,1
OR.PA-press-noise-491,2,0.047882,,1
OR.PA-press-noise-491,3,0.058537,,1
OR.PA-press-noise-491,4,0.059885,,1
OR.PA-press-noise-491,5,0.075543,,1
OR.PA-press-noise-491,6,0.065604,,1
OR.PA-press-noise-491,7,0.080809,,1
OR.PA-press-noise-491,8,0.06954,,1
OR.PA-press-noise-491,9,0.067111,,1
OR.PA-press-noise-491,10,0.067193,,1
OR.PA-press-noise-491,11,0.025126,,1
OR.PA-press-noise-491,12,-0.020867,,1
OR.PA-press-noise-491,13,0.007933,,1
OR.PA-press-noise-491,14,0.000498,,1
OR.PA-press-noise-491,15,-0.000776,,1
OR.PA-press-noise-491,16,-0.022372,,1
OR.PA-press-noise-491,17,-0.021751,,1
OR.PA-press-noise-491,18,-0.024715,,1
OR.PA-press-noise-491,19,-0.031856,,1
OR.PA-press-noise-491,20,-0.047358,,1
OR.PA-press-noise-491,21,-0.051685,,1
OR.PA-press-noise-491,22,-0.050482,,1
OR.PA-press-noise-491,23,-0.056536,,1
OR.PA-press-noise-491,24,-0.070419,,1
OR.PA-press-noise-491,25,-0.063284,,1
OR.PA-press-noise-491,26,-0.071161,,1
OR.PA-press-noise-491,27,-0.060856,,1
OR.PA-press-noise-491,28,-0.050368,,1
OR.PA-press-noise-491,29,-0.053432,,1
OR.PA-press-noise-491,30,-0.055649,,1
OR.PA-press-noise-490,1,0.033747,,1
OR.PA-press-noise-490,2,0.047882,,1
OR.PA-press-noise-490,3,0.058537,,1
OR.PA-press-noise-490,4,0.059885,,1
OR.PA-press-noise-490,5,0.075543,,1
OR.PA-press-noise-490,6,0.065604,,1
OR.PA-press-noise-490,7,0.080809,,1
OR.PA-press-noise-490,8,0.06954,,1
OR.PA-press-noise-490,9,0.067111,,1
OR.PA-press-noise-490,10,0.067193,,1
OR.PA-press-noise-490,11,0.025126,,1
OR.PA-press-noise-490,12,-0.020867,,1
OR.PA-press-noise-490,13,0.007933,,1
OR.PA-press-noise-490,14,0.000498,,1
OR.PA-press-noise-490,15,-0.000776,,1
OR.PA-press-noise-490,16,-0.022372,,1
OR.PA-press-noise-490,17,-0.021751,,1
OR.PA-press-noise-490,18,-0.024715,,1
OR.PA-press-noise-490,19,-0.031856,,1
OR.PA-press-noise-490,20,-0.047358,,1
OR.PA-press-noise-490,21,-0.051685,,1
OR.PA-press-noise-490,22,-0.050482,,1
OR.PA-press-noise-490,23,-0.056536,,1
OR.PA-press-noise-490,24,-0.070419,,1
OR.PA-press-noise-490,25,-0.063284,,1
OR.PA-press-noise-490,26,-0.071161,,1
OR.PA-press-noise-490,27,-0.060856,,1
OR.PA-press-noise-490,28,-0.050368,,1
OR.PA-press-noise-490,29,-0.053432,,1
OR.PA-press-noise-490,30,-0.055649,,1
OR.PA-press-noise-489,1,0.009172,,1
OR.PA-press-noise-489,2,0.010766,,1
OR.PA-press-noise-489,3,0.010446,,1
OR.PA-press-noise-489,4,-0.03977,,1
OR.PA-press-noise-489,5,-0.005913,,1
OR.PA-press-noise-489,6,0.008331,,1
OR.PA-press-noise-489,7,0.019095,,1
OR.PA-press-noise-489,8,0.020553,,1
OR.PA-press-noise-489,9,0.036321,,1
OR.PA-press-noise-489,10,0.026492,,1
OR.PA-press-noise-489,11,0.041806,,1
OR.PA-press-noise-489,12,0.030647,,1
OR.PA-press-noise-489,13,0.028327,,1
OR.PA-press-noise-489,14,0.028519,,1
OR.PA-press-noise-489,15,-0.013438,,1
OR.PA-press-noise-489,16,-0.059322,,1
OR.PA-press-noise-489,17,-0.030413,,1
OR.PA-press-noise-489,18,-0.037738,,1
OR.PA-press-noise-489,19,-0.038902,,1
OR.PA-press-noise-489,20,-0.060389,,1
OR.PA-press-noise-489,21,-0.059658,,1
OR.PA-press-noise-489,22,-0.062513,,1
OR.PA-press-noise-489,23,-0.069544,,1
OR.PA-press-noise-489,24,-0.084937,,1
OR.PA-press-noise-489,25,-0.089153,,1
OR.PA-press-noise-489,26,-0.087842,,1
OR.PA-press-noise-489,27,-0.093786,,1
OR.PA-press-noise-489,28,-0.107559,,1
OR.PA-press-noise-489,29,-0.100315,,1
OR.PA-press-noise-489,30,-0.108082,,1
OR.PA-press-noise-488,1,0.009172,,1
OR.PA-press-noise-488,2,0.010766,,1
OR.PA-press-noise-488,3,0.010446,,1
OR.PA-press-noise-488,4,-0.03977,,1
OR.PA-press-noise-488,5,-0.005913,,1
OR.PA-press-noise-488,6,0.008331,,1
OR.PA-press-noise-488,7,0.019095,,1
OR.PA-press-noise-488,8,0.020553,,1
OR.PA-press-noise-488,9,0.036321,,1
OR.PA-press-noise-488,10,0.026492,,1
OR.PA-press-noise-488,11,0.041806,,1
OR.PA-press-noise-488,12,0.030647,,1
OR.PA-press-noise-488,13,0.028327,,1
OR.PA-press-noise-488,14,0.028519,,1
OR.PA-press-noise-488,15,-0.013438,,1
OR.PA-press-noise-488,16,-0.059322,,1
OR.PA-press-noise-488,17,-0.030413,,1
OR.PA-press-noise-488,18,-0.037738,,1
OR.PA-press-noise-488,19,-0.038902,,1
OR.PA-press-noise-488,20,-0.060389,,1
OR.PA-press-noise-488,21,-0.059658,,1
OR.PA-press-noise-488,22,-0.062513,,1
OR.PA-press-noise-488,23,-0.069544,,1
OR.PA-press-noise-488,24,-0.084937,,1
OR.PA-press-noise-488,25,-0.089153,,1
OR.PA-press-noise-488,26,-0.087842,,1
OR.PA-press-noise-488,27,-0.093786,,1
OR.PA-press-noise-488,28,-0.107559,,1
OR.PA-press-noise-488,29,-0.100315,,1
OR.PA-press-noise-488,30,-0.108082,,1
OR.PA-press-noise-487,1,0.009172,,1
OR.PA-press-noise-487,2,0.010766,,1
OR.PA-press-noise-487,3,0.010446,,1
OR.PA-press-noise-487,4,-0.03977,,1
OR.PA-press-noise-487,5,-0.005913,,1
OR.PA-press-noise-487,6,0.008331,,1
OR.PA-press-noise-487,7,0.019095,,1
OR.PA-press-noise-487,8,0.020553,,1
OR.PA-press-noise-487,9,0.036321,,1
OR.PA-press-noise-487,10,0.026492,,1
OR.PA-press-noise-487,11,0.041806,,1
OR.PA-press-noise-487,12,0.030647,,1
OR.PA-press-noise-487,13,0.028327,,1
OR.PA-press-noise-487,14,0.028519,,1
OR.PA-press-noise-487,15,-0.013438,,1
OR.PA-press-noise-487,16,-0.059322,,1
OR.PA-press-noise-487,17,-0.030413,,1
OR.PA-press-noise-487,18,-0.037738,,1
OR.PA-press-noise-487,19,-0.038902,,1
OR.PA-press-noise-487,20,-0.060389,,1
OR.PA-press-noise-487,21,-0.059658,,1
OR.PA-press-noise-487,22,-0.062513,,1
OR.PA-press-noise-487,23,-0.069544,,1
OR.PA-press-noise-487,24,-0.084937,,1
OR.PA-press-noise-487,25,-0.089153,,1
OR.PA-press-noise-487,26,-0.087842,,1
OR.PA-press-noise-487,27,-0.093786,,1
OR.PA-press-noise-487,28,-0.107559,,1
OR.PA-press-noise-487,29,-0.100315,,1
OR.PA-press-noise-487,30,-0.108082,,1
OR.PA-press-noise-486,1,0.009172,,1
OR.PA-press-noise-486,2,0.010766,,1
OR.PA-press-noise-486,3,0.010446,,1
OR.PA-press-noise-486,4,-0.03977,,1
OR.PA-press-noise-486,5,-0.005913,,1
OR.PA-press-noise-486,6,0.008331,,1
OR.PA-press-noise-486,7,0.019095,,1
OR.PA-press-noise-486,8,0.020553,,1
OR.PA-press-noise-486,9,0.036321,,1
OR.PA-press-noise-486,10,0.026492,,1
OR.PA-press-noise-486,11,0.041806,,1
OR.PA-press-noise-486,12,0.030647,,1
OR.PA-press-noise-486,13,0.028327,,1
OR.PA-press-noise-486,14,0.028519,,1
OR.PA-press-noise-486,15,-0.013438,,1
OR.PA-press-noise-486,16,-0.059322,,1
OR.PA-press-noise-486,17,-0.030413,,1
OR.PA-press-noise-486,18,-0.037738,,1
OR.PA-press-noise-486,19,-0.038902,,1
OR.PA-press-noise-486,20,-0.060389,,1
OR.PA-press-noise-486,21,-0.059658,,1
OR.PA-press-noise-486,22,-0.062513,,1
OR.PA-press-noise-486,23,-0.069544,,1
OR.PA-press-noise-486,24,-0.084937,,1
OR.PA-press-noise-486,25,-0.089153,,1
OR.PA-press-noise-486,26,-0.087842,,1
OR.PA-press-noise-486,27,-0.093786,,1
OR.PA-press-noise-486,28,-0.107559,,1
OR.PA-press-noise-486,29,-0.100315,,1
OR.PA-press-noise-486,30,-0.108082,,1
OR.PA-press-noise-484,1,0.009172,,1
OR.PA-press-noise-484,2,0.010766,,1
OR.PA-press-noise-484,3,0.010446,,1
OR.PA-press-noise-484,4,-0.03977,,1
OR.PA-press-noise-484,5,-0.005913,,1
OR.PA-press-noise-484,6,0.008331,,1
OR.PA-press-noise-484,7,0.019095,,1
OR.PA-press-noise-484,8,0.020553,,1
OR.PA-press-noise-484,9,0.036321,,1
OR.PA-press-noise-484,10,0.026492,,1
OR.PA-press-noise-484,11,0.041806,,1
OR.PA-press-noise-484,12,0.030647,,1
OR.PA-press-noise-484,13,0.028327,,1
OR.PA-press-noise-484,14,0.028519,,1
OR.PA-press-noise-484,15,-0.013438,,1
OR.PA-press-noise-484,16,-0.059322,,1
OR.PA-press-noise-484,17,-0.030413,,1
OR.PA-press-noise-484,18,-0.037738,,1
OR.PA-press-noise-484,19,-0.038902,,1
OR.PA-press-noise-484,20,-0.060389,,1
OR.PA-press-noise-484,21,-0.059658,,1
OR.PA-press-noise-484,22,-0.062513,,1
OR.PA-press-noise-484,23,-0.069544,,1
OR.PA-press-noise-484,24,-0.084937,,1
OR.PA-press-noise-484,25,-0.089153,,1
OR.PA-press-noise-484,26,-0.087842,,1
OR.PA-press-noise-484,27,-0.093786,,1
OR.PA-press-noise-484,28,-0.107559,,1
OR.PA-press-noise-484,29,-0.100315,,1
OR.PA-press-noise-484,30,-0.108082,,1
OR.PA-press-noise-483,1,0.009172,,1
OR.PA-press-noise-483,2,0.010766,,1
OR.PA-press-noise-483,3,0.010446,,1
OR.PA-press-noise-483,4,-0.03977,,1
OR.PA-press-noise-483,5,-0.005913,,1
OR.PA-press-noise-483,6,0.008331,,1
OR.PA-press-noise-483,7,0.019095,,1
OR.PA-press-noise-483,8,0.020553,,1
OR.PA-press-noise-483,9,0.036321,,1
OR.PA-press-noise-483,10,0.026492,,1
OR.PA-press-noise-483,11,0.041806,,1
OR.PA-press-noise-483,12,0.030647,,1
OR.PA-press-noise-483,13,0.028327,,1
OR.PA-press-noise-483,14,0.028519,,1
OR.PA-press-noise-483,15,-0.013438,,1
OR.PA-press-noise-483,16,-0.059322,,1
OR.PA-press-noise-483,17,-0.030413,,1
OR.PA-press-noise-483,18,-0.037738,,1
OR.PA-press-noise-483,19,-0.038902,,1
OR.PA-press-noise-483,20,-0.060389,,1
OR.PA-press-noise-483,21,-0.059658,,1
OR.PA-press-noise-483,22,-0.062513,,1
OR.PA-press-noise-483,23,-0.069544,,1
OR.PA-press-noise-483,24,-0.084937,,1
OR.PA-press-noise-483,25,-0.089153,,1
OR.PA-press-noise-483,26,-0.087842,,1
OR.PA-press-noise-483,27,-0.093786,,1
OR.PA-press-noise-483,28,-0.107559,,1
OR.PA-press-noise-483,29,-0.100315,,1
OR.PA-press-noise-483,30,-0.108082,,1
OR.PA-press-noise-482,1,0.009172,,1
OR.PA-press-noise-482,2,0.010766,,1
OR.PA-press-noise-482,3,0.010446,,1
OR.PA-press-noise-482,4,-0.03977,,1
OR.PA-press-noise-482,5,-0.005913,,1
OR.PA-press-noise-482,6,0.008331,,1
OR.PA-press-noise-482,7,0.019095,,1
OR.PA-press-noise-482,8,0.020553,,1
OR.PA-press-noise-482,9,0.036321,,1
OR.PA-press-noise-482,10,0.026492,,1
OR.PA-press-noise-482,11,0.041806,,1
OR.PA-press-noise-482,12,0.030647,,1
OR.PA-press-noise-482,13,0.028327,,1
OR.PA-press-noise-482,14,0.028519,,1
OR.PA-press-noise-482,15,-0.013438,,1
OR.PA-press-noise-482,16,-0.059322,,1
OR.PA-press-noise-482,17,-0.030413,,1
OR.PA-press-noise-482,18,-0.037738,,1
OR.PA-press-noise-482,19,-0.038902,,1
OR.PA-press-noise-482,20,-0.060389,,1
OR.PA-press-noise-482,21,-0.059658,,1
OR.PA-press-noise-482,22,-0.062513,,1
OR.PA-press-noise-482,23,-0.069544,,1
OR.PA-press-noise-482,24,-0.084937,,1
OR.PA-press-noise-482,25,-0.089153,,1
OR.PA-press-noise-482,26,-0.087842,,1
OR.PA-press-noise-482,27,-0.093786,,1
OR.PA-press-noise-482,28,-0.107559,,1
OR.PA-press-noise-482,29,-0.100315,,1
OR.PA-press-noise-482,30,-0.108082,,1
OR.PA-press-noise-481,1,0.009172,,1
OR.PA-press-noise-481,2,0.010766,,1
OR.PA-press-noise-481,3,0.010446,,1
OR.PA-press-noise-481,4,-0.03977,,1
OR.PA-press-noise-481,5,-0.005913,,1
OR.PA-press-noise-481,6,0.008331,,1
OR.PA-press-noise-481,7,0.019095,,1
OR.PA-press-noise-481,8,0.020553,,1
OR.PA-press-noise-481,9,0.036321,,1
OR.PA-press-noise-481,10,0.026492,,1
OR.PA-press-noise-481,11,0.041806,,1
OR.PA-press-noise-481,12,0.030647,,1
OR.PA-press-noise-481,13,0.028327,,1
OR.PA-press-noise-481,14,0.028519,,1
OR.PA-press-noise-481,15,-0.013438,,1
OR.PA-press-noise-481,16,-0.059322,,1
OR.PA-press-noise-481,17,-0.030413,,1
OR.PA-press-noise-481,18,-0.037738,,1
OR.PA-press-noise-481,19,-0.038902,,1
OR.PA-press-noise-481,20,-0.060389,,1
OR.PA-press-noise-481,21,-0.059658,,1
OR.PA-press-noise-481,22,-0.062513,,1
OR.PA-press-noise-481,23,-0.069544,,1
OR.PA-press-noise-481,24,-0.084937,,1
OR.PA-press-noise-481,25,-0.089153,,1
OR.PA-press-noise-481,26,-0.087842,,1
OR.PA-press-noise-481,27,-0.093786,,1
OR.PA-press-noise-481,28,-0.107559,,1
OR.PA-press-noise-481,29,-0.100315,,1
OR.PA-press-noise-481,30,-0.108082,,1
OR.PA-press-noise-480,1,-0.007723,,1
OR.PA-press-noise-480,2,-0.011024,,1
OR.PA-press-noise-480,3,-0.018413,,1
OR.PA-press-noise-480,4,-0.010423,,1
OR.PA-press-noise-480,5,-0.021885,,1
OR.PA-press-noise-480,6,-0.029592,,1
OR.PA-press-noise-480,7,-0.043123,,1
OR.PA-press-noise-480,8,-0.04636,,1
OR.PA-press-noise-480,9,-0.050551,,1
OR.PA-press-noise-480,10,-0.048788,,1
OR.PA-press-noise-480,11,-0.067181,,1
OR.PA-press-noise-480,12,-0.064418,,1
OR.PA-press-noise-480,13,-0.0818,,1
OR.PA-press-noise-480,14,-0.070149,,1
OR.PA-press-noise-480,15,-0.091798,,1
OR.PA-press-noise-480,16,-0.110735,,1
OR.PA-press-noise-480,17,-0.096357,,1
OR.PA-press-noise-480,18,-0.075163,,1
OR.PA-press-noise-480,19,-0.049609,,1
OR.PA-press-noise-480,20,-0.050553,,1
OR.PA-press-noise-480,21,-0.051496,,1
OR.PA-press-noise-480,22,-0.060248,,1
OR.PA-press-noise-480,23,-0.053652,,1
OR.PA-press-noise-480,24,-0.051248,,1
OR.PA-press-noise-480,25,-0.051256,,1
OR.PA-press-noise-480,26,-0.031316,,1
OR.PA-press-noise-480,27,-0.05448,,1
OR.PA-press-noise-480,28,-0.057432,,1
OR.PA-press-noise-480,29,-0.073227,,1
OR.PA-press-noise-480,30,-0.084013,,1
OR.PA-press-noise-479,1,-0.007723,,1
OR.PA-press-noise-479,2,-0.011024,,1
OR.PA-press-noise-479,3,-0.018413,,1
OR.PA-press-noise-479,4,-0.010423,,1
OR.PA-press-noise-479,5,-0.021885,,1
OR.PA-press-noise-479,6,-0.029592,,1
OR.PA-press-noise-479,7,-0.043123,,1
OR.PA-press-noise-479,8,-0.04636,,1
OR.PA-press-noise-479,9,-0.050551,,1
OR.PA-press-noise-479,10,-0.048788,,1
OR.PA-press-noise-479,11,-0.067181,,1
OR.PA-press-noise-479,12,-0.064418,,1
OR.PA-press-noise-479,13,-0.0818,,1
OR.PA-press-noise-479,14,-0.070149,,1
OR.PA-press-noise-479,15,-0.091798,,1
OR.PA-press-noise-479,16,-0.110735,,1
OR.PA-press-noise-479,17,-0.096357,,1
OR.PA-press-noise-479,18,-0.075163,,1
OR.PA-press-noise-479,19,-0.049609,,1
OR.PA-press-noise-479,20,-0.050553,,1
OR.PA-press-noise-479,21,-0.051496,,1
OR.PA-press-noise-479,22,-0.060248,,1
OR.PA-press-noise-479,23,-0.053652,,1
OR.PA-press-noise-479,24,-0.051248,,1
OR.PA-press-noise-479,25,-0.051256,,1
OR.PA-press-noise-479,26,-0.031316,,1
OR.PA-press-noise-479,27,-0.05448,,1
OR.PA-press-noise-479,28,-0.057432,,1
OR.PA-press-noise-479,29,-0.073227,,1
OR.PA-press-noise-479,30,-0.084013,,1
OR.PA-press-noise-469,1,0.002404,,1
OR.PA-press-noise-469,2,0.022973,,1
OR.PA-press-noise-469,3,0.052031,,1
OR.PA-press-noise-469,4,0.027789,,1
OR.PA-press-noise-469,5,-0.005469,,1
OR.PA-press-noise-469,6,0.005876,,1
OR.PA-press-noise-469,7,-0.002379,,1
OR.PA-press-noise-469,8,0.009984,,1
OR.PA-press-noise-469,9,0.016437,,1
OR.PA-press-noise-469,10,0.027788,,1
OR.PA-press-noise-469,11,0.012759,,1
OR.PA-press-noise-469,12,-0.005439,,1
OR.PA-press-noise-469,13,-0.002624,,1
OR.PA-press-noise-469,14,-0.004493,,1
OR.PA-press-noise-469,15,-0.023411,,1
OR.PA-press-noise-469,16,-0.024497,,1
OR.PA-press-noise-469,17,-0.007565,,1
OR.PA-press-noise-469,18,-0.011326,,1
OR.PA-press-noise-469,19,-0.001667,,1
OR.PA-press-noise-469,20,0.024931,,1
OR.PA-press-noise-469,21,0.018022,,1
OR.PA-press-noise-469,22,0.015535,,1
OR.PA-press-noise-469,23,0.00896,,1
OR.PA-press-noise-469,24,0.017763,,1
OR.PA-press-noise-469,25,0.007115,,1
OR.PA-press-noise-469,26,0.000222,,1
OR.PA-press-noise-469,27,-0.012495,,1
OR.PA-press-noise-469,28,-0.014919,,1
OR.PA-press-noise-469,29,-0.018295,,1
OR.PA-press-noise-469,30,-0.015719,,1
OR.PA-press-noise-457,1,0.01329,,1
OR.PA-press-noise-457,2,0.036249,,1
OR.PA-press-noise-457,3,0.033686,,1
OR.PA-press-noise-457,4,0.049851,,1
OR.PA-press-noise-457,5,0.059016,,1
OR.PA-press-noise-457,6,0.036333,,1
OR.PA-press-noise-457,7,0.018613,,1
OR.PA-press-noise-457,8,0.021164,,1
OR.PA-press-noise-457,9,0.04188,,1
OR.PA-press-noise-457,10,0.071086,,1
OR.PA-press-noise-457,11,0.04699,,1
OR.PA-press-noise-457,12,0.01388,,1
OR.PA-press-noise-457,13,0.025371,,1
OR.PA-press-noise-457,14,0.017263,,1
OR.PA-press-noise-457,15,0.029774,,1
OR.PA-press-noise-457,16,0.036373,,1
OR.PA-press-noise-457,17,0.047872,,1
OR.PA-press-noise-457,18,0.03299,,1
OR.PA-press-noise-457,19,0.014939,,1
OR.PA-press-noise-457,20,0.017901,,1
OR.PA-press-noise-457,21,0.016179,,1
OR.PA-press-noise-457,22,-0.002592,,1
OR.PA-press-noise-457,23,-0.00353,,1
OR.PA-press-noise-457,24,0.013549,,1
OR.PA-press-noise-457,25,0.009934,,1
OR.PA-press-noise-457,26,0.01974,,1
OR.PA-press-noise-457,27,0.046485,,1
OR.PA-press-noise-457,28,0.039724,,1
OR.PA-press-noise-457,29,0.037384,,1
OR.PA-press-noise-457,30,0.030956,,1
OR.PA-press-noise-455,1,-0.017142,,1
OR.PA-press-noise-455,2,-0.003528,,1
OR.PA-press-noise-455,3,0.019755,,1
OR.PA-press-noise-455,4,0.017516,,1
OR.PA-press-noise-455,5,0.034005,,1
OR.PA-press-noise-455,6,0.043494,,1
OR.PA-press-noise-455,7,0.021135,,1
OR.PA-press-noise-455,8,0.00374,,1
OR.PA-press-noise-455,9,0.006615,,1
OR.PA-press-noise-455,10,0.027655,,1
OR.PA-press-noise-455,11,0.057185,,1
OR.PA-press-noise-455,12,0.033413,,1
OR.PA-press-noise-455,13,0.000627,,1
OR.PA-press-noise-455,14,0.012443,,1
OR.PA-press-noise-455,15,0.004659,,1
OR.PA-press-noise-455,16,0.017494,,1
OR.PA-press-noise-455,17,0.024417,,1
OR.PA-press-noise-455,18,0.03624,,1
OR.PA-press-noise-455,19,0.021683,,1
OR.PA-press-noise-455,20,0.003955,,1
OR.PA-press-noise-455,21,0.007242,,1
OR.PA-press-noise-455,22,0.005844,,1
OR.PA-press-noise-455,23,-0.012603,,1
OR.PA-press-noise-455,24,-0.013217,,1
OR.PA-press-noise-455,25,0.004186,,1
OR.PA-press-noise-455,26,0.000896,,1
OR.PA-press-noise-455,27,0.011026,,1
OR.PA-press-noise-455,28,0.038095,,1
OR.PA-press-noise-455,29,0.031658,,1
OR.PA-press-noise-455,30,0.029642,,1
OR.PA-press-noise-454,1,-0.017142,,1
OR.PA-press-noise-454,2,-0.003528,,1
OR.PA-press-noise-454,3,0.019755,,1
OR.PA-press-noise-454,4,0.017516,,1
OR.PA-press-noise-454,5,0.034005,,1
OR.PA-press-noise-454,6,0.043494,,1
OR.PA-press-noise-454,7,0.021135,,1
OR.PA-press-noise-454,8,0.00374,,1
OR.PA-press-noise-454,9,0.006615,,1
OR.PA-press-noise-454,10,0.027655,,1
OR.PA-press-noise-454,11,0.057185,,1
OR.PA-press-noise-454,12,0.033413,,1
OR.PA-press-noise-454,13,0.000627,,1
OR.PA-press-noise-454,14,0.012443,,1
OR.PA-press-noise-454,15,0.004659,,1
OR.PA-press-noise-454,16,0.017494,,1
OR.PA-press-noise-454,17,0.024417,,1
OR.PA-press-noise-454,18,0.03624,,1
OR.PA-press-noise-454,19,0.021683,,1
OR.PA-press-noise-454,20,0.003955,,1
OR.PA-press-noise-454,21,0.007242,,1
OR.PA-press-noise-454,22,0.005844,,1
OR.PA-press-noise-454,23,-0.012603,,1
OR.PA-press-noise-454,24,-0.013217,,1
OR.PA-press-noise-454,25,0.004186,,1
OR.PA-press-noise-454,26,0.000896,,1
OR.PA-press-noise-454,27,0.011026,,1
OR.PA-press-noise-454,28,0.038095,,1
OR.PA-press-noise-454,29,0.031658,,1
OR.PA-press-noise-454,30,0.029642,,1
OR.PA-press-noise-453,1,-0.017142,,1
OR.PA-press-noise-453,2,-0.003528,,1
OR.PA-press-noise-453,3,0.019755,,1
OR.PA-press-noise-453,4,0.017516,,1
OR.PA-press-noise-453,5,0.034005,,1
OR.PA-press-noise-453,6,0.043494,,1
OR.PA-press-noise-453,7,0.021135,,1
OR.PA-press-noise-453,8,0.00374,,1
OR.PA-press-noise-453,9,0.006615,,1
OR.PA-press-noise-453,10,0.027655,,1
OR.PA-press-noise-453,11,0.057185,,1
OR.PA-press-noise-453,12,0.033413,,1
OR.PA-press-noise-453,13,0.000627,,1
OR.PA-press-noise-453,14,0.012443,,1
OR.PA-press-noise-453,15,0.004659,,1
OR.PA-press-noise-453,16,0.017494,,1
OR.PA-press-noise-453,17,0.024417,,1
OR.PA-press-noise-453,18,0.03624,,1
OR.PA-press-noise-453,19,0.021683,,1
OR.PA-press-noise-453,20,0.003955,,1
OR.PA-press-noise-453,21,0.007242,,1
OR.PA-press-noise-453,22,0.005844,,1
OR.PA-press-noise-453,23,-0.012603,,1
OR.PA-press-noise-453,24,-0.013217,,1
OR.PA-press-noise-453,25,0.004186,,1
OR.PA-press-noise-453,26,0.000896,,1
OR.PA-press-noise-453,27,0.011026,,1
OR.PA-press-noise-453,28,0.038095,,1
OR.PA-press-noise-453,29,0.031658,,1
OR.PA-press-noise-453,30,0.029642,,1
OR.PA-press-noise-450,1,0.061117,,1
OR.PA-press-noise-450,2,0.091189,,1
OR.PA-press-noise-450,3,0.107856,,1
OR.PA-press-noise-450,4,0.090357,,1
OR.PA-press-noise-450,5,0.103615,,1
OR.PA-press-noise-450,6,0.126541,,1
OR.PA-press-noise-450,7,0.123945,,1
OR.PA-press-noise-450,8,0.140078,,1
OR.PA-press-noise-450,9,0.149211,,1
OR.PA-press-noise-450,10,0.126495,,1
OR.PA-press-noise-450,11,0.108743,,1
OR.PA-press-noise-450,12,0.111261,,1
OR.PA-press-noise-450,13,0.131944,,1
OR.PA-press-noise-450,14,0.161118,,1
OR.PA-press-noise-450,15,0.136989,,1
OR.PA-press-noise-450,16,0.103847,,1
OR.PA-press-noise-450,17,0.115306,,1
OR.PA-press-noise-450,18,0.107165,,1
OR.PA-press-noise-450,19,0.119643,,1
OR.PA-press-noise-450,20,0.12621,,1
OR.PA-press-noise-450,21,0.137676,,1
OR.PA-press-noise-450,22,0.122762,,1
OR.PA-press-noise-450,23,0.104678,,1
OR.PA-press-noise-450,24,0.107608,,1
OR.PA-press-noise-450,25,0.105854,,1
OR.PA-press-noise-450,26,0.08705,,1
OR.PA-press-noise-450,27,0.086079,,1
OR.PA-press-noise-450,28,0.103126,,1
OR.PA-press-noise-450,29,0.099479,,1
OR.PA-press-noise-450,30,0.109252,,1
OR.PA-press-noise-449,1,0.061117,,1
OR.PA-press-noise-449,2,0.091189,,1
OR.PA-press-noise-449,3,0.107856,,1
OR.PA-press-noise-449,4,0.090357,,1
OR.PA-press-noise-449,5,0.103615,,1
OR.PA-press-noise-449,6,0.126541,,1
OR.PA-press-noise-449,7,0.123945,,1
OR.PA-press-noise-449,8,0.140078,,1
OR.PA-press-noise-449,9,0.149211,,1
OR.PA-press-noise-449,10,0.126495,,1
OR.PA-press-noise-449,11,0.108743,,1
OR.PA-press-noise-449,12,0.111261,,1
OR.PA-press-noise-449,13,0.131944,,1
OR.PA-press-noise-449,14,0.161118,,1
OR.PA-press-noise-449,15,0.136989,,1
OR.PA-press-noise-449,16,0.103847,,1
OR.PA-press-noise-449,17,0.115306,,1
OR.PA-press-noise-449,18,0.107165,,1
OR.PA-press-noise-449,19,0.119643,,1
OR.PA-press-noise-449,20,0.12621,,1
OR.PA-press-noise-449,21,0.137676,,1
OR.PA-press-noise-449,22,0.122762,,1
OR.PA-press-noise-449,23,0.104678,,1
OR.PA-press-noise-449,24,0.107608,,1
OR.PA-press-noise-449,25,0.105854,,1
OR.PA-press-noise-449,26,0.08705,,1
OR.PA-press-noise-449,27,0.086079,,1
OR.PA-press-noise-449,28,0.103126,,1
OR.PA-press-noise-449,29,0.099479,,1
OR.PA-press-noise-449,30,0.109252,,1
OR.PA-press-noise-448,1,0.061117,,1
OR.PA-press-noise-448,2,0.091189,,1
OR.PA-press-noise-448,3,0.107856,,1
OR.PA-press-noise-448,4,0.090357,,1
OR.PA-press-noise-448,5,0.103615,,1
OR.PA-press-noise-448,6,0.126541,,1
OR.PA-press-noise-448,7,0.123945,,1
OR.PA-press-noise-448,8,0.140078,,1
OR.PA-press-noise-448,9,0.149211,,1
OR.PA-press-noise-448,10,0.126495,,1
OR.PA-press-noise-448,11,0.108743,,1
OR.PA-press-noise-448,12,0.111261,,1
OR.PA-press-noise-448,13,0.131944,,1
OR.PA-press-noise-448,14,0.161118,,1
OR.PA-press-noise-448,15,0.136989,,1
OR.PA-press-noise-448,16,0.103847,,1
OR.PA-press-noise-448,17,0.115306,,1
OR.PA-press-noise-448,18,0.107165,,1
OR.PA-press-noise-448,19,0.119643,,1
OR.PA-press-noise-448,20,0.12621,,1
OR.PA-press-noise-448,21,0.137676,,1
OR.PA-press-noise-448,22,0.122762,,1
OR.PA-press-noise-448,23,0.104678,,1
OR.PA-press-noise-448,24,0.107608,,1
OR.PA-press-noise-448,25,0.105854,,1
OR.PA-press-noise-448,26,0.08705,,1
OR.PA-press-noise-448,27,0.086079,,1
OR.PA-press-noise-448,28,0.103126,,1
OR.PA-press-noise-448,29,0.099479,,1
OR.PA-press-noise-448,30,0.109252,,1
OR.PA-press-noise-447,1,0.061117,,1
OR.PA-press-noise-447,2,0.091189,,1
OR.PA-press-noise-447,3,0.107856,,1
OR.PA-press-noise-447,4,0.090357,,1
OR.PA-press-noise-447,5,0.103615,,1
OR.PA-press-noise-447,6,0.126541,,1
OR.PA-press-noise-447,7,0.123945,,1
OR.PA-press-noise-447,8,0.140078,,1
OR.PA-press-noise-447,9,0.149211,,1
OR.PA-press-noise-447,10,0.126495,,1
OR.PA-press-noise-447,11,0.108743,,1
OR.PA-press-noise-447,12,0.111261,,1
OR.PA-press-noise-447,13,0.131944,,1
OR.PA-press-noise-447,14,0.161118,,1
OR.PA-press-noise-447,15,0.136989,,1
OR.PA-press-noise-447,16,0.103847,,1
OR.PA-press-noise-447,17,0.115306,,1
OR.PA-press-noise-447,18,0.107165,,1
OR.PA-press-noise-447,19,0.119643,,1
OR.PA-press-noise-447,20,0.12621,,1
OR.PA-press-noise-447,21,0.137676,,1
OR.PA-press-noise-447,22,0.122762,,1
OR.PA-press-noise-447,23,0.104678,,1
OR.PA-press-noise-447,24,0.107608,,1
OR.PA-press-noise-447,25,0.105854,,1
OR.PA-press-noise-447,26,0.08705,,1
OR.PA-press-noise-447,27,0.086079,,1
OR.PA-press-noise-447,28,0.103126,,1
OR.PA-press-noise-447,29,0.099479,,1
OR.PA-press-noise-447,30,0.109252,,1
OR.PA-press-noise-446,1,0.061117,,1
OR.PA-press-noise-446,2,0.091189,,1
OR.PA-press-noise-446,3,0.107856,,1
OR.PA-press-noise-446,4,0.090357,,1
OR.PA-press-noise-446,5,0.103615,,1
OR.PA-press-noise-446,6,0.126541,,1
OR.PA-press-noise-446,7,0.123945,,1
OR.PA-press-noise-446,8,0.140078,,1
OR.PA-press-noise-446,9,0.149211,,1
OR.PA-press-noise-446,10,0.126495,,1
OR.PA-press-noise-446,11,0.108743,,1
OR.PA-press-noise-446,12,0.111261,,1
OR.PA-press-noise-446,13,0.131944,,1
OR.PA-press-noise-446,14,0.161118,,1
OR.PA-press-noise-446,15,0.136989,,1
OR.PA-press-noise-446,16,0.103847,,1
OR.PA-press-noise-446,17,0.115306,,1
OR.PA-press-noise-446,18,0.107165,,1
OR.PA-press-noise-446,19,0.119643,,1
OR.PA-press-noise-446,20,0.12621,,1
OR.PA-press-noise-446,21,0.137676,,1
OR.PA-press-noise-446,22,0.122762,,1
OR.PA-press-noise-446,23,0.104678,,1
OR.PA-press-noise-446,24,0.107608,,1
OR.PA-press-noise-446,25,0.105854,,1
OR.PA-press-noise-446,26,0.08705,,1
OR.PA-press-noise-446,27,0.086079,,1
OR.PA-press-noise-446,28,0.103126,,1
OR.PA-press-noise-446,29,0.099479,,1
OR.PA-press-noise-446,30,0.109252,,1
OR.PA-press-noise-445,1,0.061117,,1
OR.PA-press-noise-445,2,0.091189,,1
OR.PA-press-noise-445,3,0.107856,,1
OR.PA-press-noise-445,4,0.090357,,1
OR.PA-press-noise-445,5,0.103615,,1
OR.PA-press-noise-445,6,0.126541,,1
OR.PA-press-noise-445,7,0.123945,,1
OR.PA-press-noise-445,8,0.140078,,1
OR.PA-press-noise-445,9,0.149211,,1
OR.PA-press-noise-445,10,0.126495,,1
OR.PA-press-noise-445,11,0.108743,,1
OR.PA-press-noise-445,12,0.111261,,1
OR.PA-press-noise-445,13,0.131944,,1
OR.PA-press-noise-445,14,0.161118,,1
OR.PA-press-noise-445,15,0.136989,,1
OR.PA-press-noise-445,16,0.103847,,1
OR.PA-press-noise-445,17,0.115306,,1
OR.PA-press-noise-445,18,0.107165,,1
OR.PA-press-noise-445,19,0.119643,,1
OR.PA-press-noise-445,20,0.12621,,1
OR.PA-press-noise-445,21,0.137676,,1
OR.PA-press-noise-445,22,0.122762,,1
OR.PA-press-noise-445,23,0.104678,,1
OR.PA-press-noise-445,24,0.107608,,1
OR.PA-press-noise-445,25,0.105854,,1
OR.PA-press-noise-445,26,0.08705,,1
OR.PA-press-noise-445,27,0.086079,,1
OR.PA-press-noise-445,28,0.103126,,1
OR.PA-press-noise-445,29,0.099479,,1
OR.PA-press-noise-445,30,0.109252,,1
OR.PA-press-noise-444,1,0.061117,,1
OR.PA-press-noise-444,2,0.091189,,1
OR.PA-press-noise-444,3,0.107856,,1
OR.PA-press-noise-444,4,0.090357,,1
OR.PA-press-noise-444,5,0.103615,,1
OR.PA-press-noise-444,6,0.126541,,1
OR.PA-press-noise-444,7,0.123945,,1
OR.PA-press-noise-444,8,0.140078,,1
OR.PA-press-noise-444,9,0.149211,,1
OR.PA-press-noise-444,10,0.126495,,1
OR.PA-press-noise-444,11,0.108743,,1
OR.PA-press-noise-444,12,0.111261,,1
OR.PA-press-noise-444,13,0.131944,,1
OR.PA-press-noise-444,14,0.161118,,1
OR.PA-press-noise-444,15,0.136989,,1
OR.PA-press-noise-444,16,0.103847,,1
OR.PA-press-noise-444,17,0.115306,,1
OR.PA-press-noise-444,18,0.107165,,1
OR.PA-press-noise-444,19,0.119643,,1
OR.PA-press-noise-444,20,0.12621,,1
OR.PA-press-noise-444,21,0.137676,,1
OR.PA-press-noise-444,22,0.122762,,1
OR.PA-press-noise-444,23,0.104678,,1
OR.PA-press-noise-444,24,0.107608,,1
OR.PA-press-noise-444,25,0.105854,,1
OR.PA-press-noise-444,26,0.08705,,1
OR.PA-press-noise-444,27,0.086079,,1
OR.PA-press-noise-444,28,0.103126,,1
OR.PA-press-noise-444,29,0.099479,,1
OR.PA-press-noise-444,30,0.109252,,1
OR.PA-press-noise-443,1,0.061117,,1
OR.PA-press-noise-443,2,0.091189,,1
OR.PA-press-noise-443,3,0.107856,,1
OR.PA-press-noise-443,4,0.090357,,1
OR.PA-press-noise-443,5,0.103615,,1
OR.PA-press-noise-443,6,0.126541,,1
OR.PA-press-noise-443,7,0.123945,,1
OR.PA-press-noise-443,8,0.140078,,1
OR.PA-press-noise-443,9,0.149211,,1
OR.PA-press-noise-443,10,0.126495,,1
OR.PA-press-noise-443,11,0.108743,,1
OR.PA-press-noise-443,12,0.111261,,1
OR.PA-press-noise-443,13,0.131944,,1
OR.PA-press-noise-443,14,0.161118,,1
OR.PA-press-noise-443,15,0.136989,,1
OR.PA-press-noise-443,16,0.103847,,1
OR.PA-press-noise-443,17,0.115306,,1
OR.PA-press-noise-443,18,0.107165,,1
OR.PA-press-noise-443,19,0.119643,,1
OR.PA-press-noise-443,20,0.12621,,1
OR.PA-press-noise-443,21,0.137676,,1
OR.PA-press-noise-443,22,0.122762,,1
OR.PA-press-noise-443,23,0.104678,,1
OR.PA-press-noise-443,24,0.107608,,1
OR.PA-press-noise-443,25,0.105854,,1
OR.PA-press-noise-443,26,0.08705,,1
OR.PA-press-noise-443,27,0.086079,,1
OR.PA-press-noise-443,28,0.103126,,1
OR.PA-press-noise-443,29,0.099479,,1
OR.PA-press-noise-443,30,0.109252,,1
OR.PA-press-noise-442,1,0.061117,,1
OR.PA-press-noise-442,2,0.091189,,1
OR.PA-press-noise-442,3,0.107856,,1
OR.PA-press-noise-442,4,0.090357,,1
OR.PA-press-noise-442,5,0.103615,,1
OR.PA-press-noise-442,6,0.126541,,1
OR.PA-press-noise-442,7,0.123945,,1
OR.PA-press-noise-442,8,0.140078,,1
OR.PA-press-noise-442,9,0.149211,,1
OR.PA-press-noise-442,10,0.126495,,1
OR.PA-press-noise-442,11,0.108743,,1
OR.PA-press-noise-442,12,0.111261,,1
OR.PA-press-noise-442,13,0.131944,,1
OR.PA-press-noise-442,14,0.161118,,1
OR.PA-press-noise-442,15,0.136989,,1
OR.PA-press-noise-442,16,0.103847,,1
OR.PA-press-noise-442,17,0.115306,,1
OR.PA-press-noise-442,18,0.107165,,1
OR.PA-press-noise-442,19,0.119643,,1
OR.PA-press-noise-442,20,0.12621,,1
OR.PA-press-noise-442,21,0.137676,,1
OR.PA-press-noise-442,22,0.122762,,1
OR.PA-press-noise-442,23,0.104678,,1
OR.PA-press-noise-442,24,0.107608,,1
OR.PA-press-noise-442,25,0.105854,,1
OR.PA-press-noise-442,26,0.08705,,1
OR.PA-press-noise-442,27,0.086079,,1
OR.PA-press-noise-442,28,0.103126,,1
OR.PA-press-noise-442,29,0.099479,,1
OR.PA-press-noise-442,30,0.109252,,1
OR.PA-press-noise-441,1,0.061117,,1
OR.PA-press-noise-441,2,0.091189,,1
OR.PA-press-noise-441,3,0.107856,,1
OR.PA-press-noise-441,4,0.090357,,1
OR.PA-press-noise-441,5,0.103615,,1
OR.PA-press-noise-441,6,0.126541,,1
OR.PA-press-noise-441,7,0.123945,,1
OR.PA-press-noise-441,8,0.140078,,1
OR.PA-press-noise-441,9,0.149211,,1
OR.PA-press-noise-441,10,0.126495,,1
OR.PA-press-noise-441,11,0.108743,,1
OR.PA-press-noise-441,12,0.111261,,1
OR.PA-press-noise-441,13,0.131944,,1
OR.PA-press-noise-441,14,0.161118,,1
OR.PA-press-noise-441,15,0.136989,,1
OR.PA-press-noise-441,16,0.103847,,1
OR.PA-press-noise-441,17,0.115306,,1
OR.PA-press-noise-441,18,0.107165,,1
OR.PA-press-noise-441,19,0.119643,,1
OR.PA-press-noise-441,20,0.12621,,1
OR.PA-press-noise-441,21,0.137676,,1
OR.PA-press-noise-441,22,0.122762,,1
OR.PA-press-noise-441,23,0.104678,,1
OR.PA-press-noise-441,24,0.107608,,1
OR.PA-press-noise-441,25,0.105854,,1
OR.PA-press-noise-441,26,0.08705,,1
OR.PA-press-noise-441,27,0.086079,,1
OR.PA-press-noise-441,28,0.103126,,1
OR.PA-press-noise-441,29,0.099479,,1
OR.PA-press-noise-441,30,0.109252,,1
OR.PA-press-noise-439,1,-0.023077,,1
OR.PA-press-noise-439,2,0.010954,,1
OR.PA-press-noise-439,3,0.013019,,1
OR.PA-press-noise-439,4,0.022665,,1
OR.PA-press-noise-439,5,0.00299,,1
OR.PA-press-noise-439,6,-0.002948,,1
OR.PA-press-noise-439,7,-0.001735,,1
OR.PA-press-noise-439,8,0.059879,,1
OR.PA-press-noise-439,9,0.090448,,1
OR.PA-press-noise-439,10,0.107613,,1
OR.PA-press-noise-439,11,0.09061,,1
OR.PA-press-noise-439,12,0.104365,,1
OR.PA-press-noise-439,13,0.127789,,1
OR.PA-press-noise-439,14,0.12569,,1
OR.PA-press-noise-439,15,0.142319,,1
OR.PA-press-noise-439,16,0.151949,,1
OR.PA-press-noise-439,17,0.12973,,1
OR.PA-press-noise-439,18,0.112475,,1
OR.PA-press-noise-439,19,0.115491,,1
OR.PA-press-noise-439,20,0.13667,,1
OR.PA-press-noise-439,21,0.166341,,1
OR.PA-press-noise-439,22,0.142709,,1
OR.PA-press-noise-439,23,0.110064,,1
OR.PA-press-noise-439,24,0.12202,,1
OR.PA-press-noise-439,25,0.114376,,1
OR.PA-press-noise-439,26,0.127351,,1
OR.PA-press-noise-439,27,0.134415,,1
OR.PA-press-noise-439,28,0.146378,,1
OR.PA-press-noise-439,29,0.131961,,1
OR.PA-press-noise-439,30,0.114374,,1
OR.PA-press-noise-438,1,-0.008095,,1
OR.PA-press-noise-438,2,-0.002915,,1
OR.PA-press-noise-438,3,-0.005627,,1
OR.PA-press-noise-438,4,-0.026888,,1
OR.PA-press-noise-438,5,-0.036254,,1
OR.PA-press-noise-438,6,-0.038373,,1
OR.PA-press-noise-438,7,-0.0534,,1
OR.PA-press-noise-438,8,-0.054842,,1
OR.PA-press-noise-438,9,-0.04507,,1
OR.PA-press-noise-438,10,-0.050862,,1
OR.PA-press-noise-438,11,-0.020655,,1
OR.PA-press-noise-438,12,-0.011025,,1
OR.PA-press-noise-438,13,-0.025408,,1
OR.PA-press-noise-438,14,-0.028085,,1
OR.PA-press-noise-438,15,-0.067748,,1
OR.PA-press-noise-438,16,-0.044185,,1
OR.PA-press-noise-438,17,-0.066995,,1
OR.PA-press-noise-438,18,-0.032698,,1
OR.PA-press-noise-438,19,-0.030365,,1
OR.PA-press-noise-438,20,-0.020453,,1
OR.PA-press-noise-438,21,-0.03986,,1
OR.PA-press-noise-438,22,-0.045531,,1
OR.PA-press-noise-438,23,-0.044051,,1
OR.PA-press-noise-438,24,0.01783,,1
OR.PA-press-noise-438,25,0.048666,,1
OR.PA-press-noise-438,26,0.066097,,1
OR.PA-press-noise-438,27,0.049362,,1
OR.PA-press-noise-438,28,0.063384,,1
OR.PA-press-noise-438,29,0.087074,,1
OR.PA-press-noise-438,30,0.085242,,1
OR.PA-press-noise-433,1,-0.00209,,1
OR.PA-press-noise-433,2,0.016469,,1
OR.PA-press-noise-433,3,0.021142,,1
OR.PA-press-noise-433,4,0.004748,,1
OR.PA-press-noise-433,5,0.01926,,1
OR.PA-press-noise-433,6,-0.002794,,1
OR.PA-press-noise-433,7,-0.019655,,1
OR.PA-press-noise-433,8,-0.005054,,1
OR.PA-press-noise-433,9,0.02918,,1
OR.PA-press-noise-433,10,0.020571,,1
OR.PA-press-noise-433,11,0.012567,,1
OR.PA-press-noise-433,12,0.017837,,1
OR.PA-press-noise-433,13,0.015216,,1
OR.PA-press-noise-433,14,-0.005955,,1
OR.PA-press-noise-433,15,-0.01523,,1
OR.PA-press-noise-433,16,-0.017259,,1
OR.PA-press-noise-433,17,-0.032196,,1
OR.PA-press-noise-433,18,-0.033547,,1
OR.PA-press-noise-433,19,-0.023685,,1
OR.PA-press-noise-433,20,-0.029387,,1
OR.PA-press-noise-433,21,0.000911,,1
OR.PA-press-noise-433,22,0.010631,,1
OR.PA-press-noise-433,23,-0.003661,,1
OR.PA-press-noise-433,24,-0.006248,,1
OR.PA-press-noise-433,25,-0.04582,,1
OR.PA-press-noise-433,26,-0.022167,,1
OR.PA-press-noise-433,27,-0.044886,,1
OR.PA-press-noise-433,28,-0.010498,,1
OR.PA-press-noise-433,29,-0.008076,,1
OR.PA-press-noise-433,30,0.001927,,1
OR.PA-press-noise-432,1,-0.00209,,1
OR.PA-press-noise-432,2,0.016469,,1
OR.PA-press-noise-432,3,0.021142,,1
OR.PA-press-noise-432,4,0.004748,,1
OR.PA-press-noise-432,5,0.01926,,1
OR.PA-press-noise-432,6,-0.002794,,1
OR.PA-press-noise-432,7,-0.019655,,1
OR.PA-press-noise-432,8,-0.005054,,1
OR.PA-press-noise-432,9,0.02918,,1
OR.PA-press-noise-432,10,0.020571,,1
OR.PA-press-noise-432,11,0.012567,,1
OR.PA-press-noise-432,12,0.017837,,1
OR.PA-press-noise-432,13,0.015216,,1
OR.PA-press-noise-432,14,-0.005955,,1
OR.PA-press-noise-432,15,-0.01523,,1
OR.PA-press-noise-432,16,-0.017259,,1
OR.PA-press-noise-432,17,-0.032196,,1
OR.PA-press-noise-432,18,-0.033547,,1
OR.PA-press-noise-432,19,-0.023685,,1
OR.PA-press-noise-432,20,-0.029387,,1
OR.PA-press-noise-432,21,0.000911,,1
OR.PA-press-noise-432,22,0.010631,,1
OR.PA-press-noise-432,23,-0.003661,,1
OR.PA-press-noise-432,24,-0.006248,,1
OR.PA-press-noise-432,25,-0.04582,,1
OR.PA-press-noise-432,26,-0.022167,,1
OR.PA-press-noise-432,27,-0.044886,,1
OR.PA-press-noise-432,28,-0.010498,,1
OR.PA-press-noise-432,29,-0.008076,,1
OR.PA-press-noise-432,30,0.001927,,1
OR.PA-press-noise-431,1,-0.00209,,1
OR.PA-press-noise-431,2,0.016469,,1
OR.PA-press-noise-431,3,0.021142,,1
OR.PA-press-noise-431,4,0.004748,,1
OR.PA-press-noise-431,5,0.01926,,1
OR.PA-press-noise-431,6,-0.002794,,1
OR.PA-press-noise-431,7,-0.019655,,1
OR.PA-press-noise-431,8,-0.005054,,1
OR.PA-press-noise-431,9,0.02918,,1
OR.PA-press-noise-431,10,0.020571,,1
OR.PA-press-noise-431,11,0.012567,,1
OR.PA-press-noise-431,12,0.017837,,1
OR.PA-press-noise-431,13,0.015216,,1
OR.PA-press-noise-431,14,-0.005955,,1
OR.PA-press-noise-431,15,-0.01523,,1
OR.PA-press-noise-431,16,-0.017259,,1
OR.PA-press-noise-431,17,-0.032196,,1
OR.PA-press-noise-431,18,-0.033547,,1
OR.PA-press-noise-431,19,-0.023685,,1
OR.PA-press-noise-431,20,-0.029387,,1
OR.PA-press-noise-431,21,0.000911,,1
OR.PA-press-noise-431,22,0.010631,,1
OR.PA-press-noise-431,23,-0.003661,,1
OR.PA-press-noise-431,24,-0.006248,,1
OR.PA-press-noise-431,25,-0.04582,,1
OR.PA-press-noise-431,26,-0.022167,,1
OR.PA-press-noise-431,27,-0.044886,,1
OR.PA-press-noise-431,28,-0.010498,,1
OR.PA-press-noise-431,29,-0.008076,,1
OR.PA-press-noise-431,30,0.001927,,1
OR.PA-press-noise-430,1,-0.00209,,1
OR.PA-press-noise-430,2,0.016469,,1
OR.PA-press-noise-430,3,0.021142,,1
OR.PA-press-noise-430,4,0.004748,,1
OR.PA-press-noise-430,5,0.01926,,1
OR.PA-press-noise-430,6,-0.002794,,1
OR.PA-press-noise-430,7,-0.019655,,1
OR.PA-press-noise-430,8,-0.005054,,1
OR.PA-press-noise-430,9,0.02918,,1
OR.PA-press-noise-430,10,0.020571,,1
OR.PA-press-noise-430,11,0.012567,,1
OR.PA-press-noise-430,12,0.017837,,1
OR.PA-press-noise-430,13,0.015216,,1
OR.PA-press-noise-430,14,-0.005955,,1
OR.PA-press-noise-430,15,-0.01523,,1
OR.PA-press-noise-430,16,-0.017259,,1
OR.PA-press-noise-430,17,-0.032196,,1
OR.PA-press-noise-430,18,-0.033547,,1
OR.PA-press-noise-430,19,-0.023685,,1
OR.PA-press-noise-430,20,-0.029387,,1
OR.PA-press-noise-430,21,0.000911,,1
OR.PA-press-noise-430,22,0.010631,,1
OR.PA-press-noise-430,23,-0.003661,,1
OR.PA-press-noise-430,24,-0.006248,,1
OR.PA-press-noise-430,25,-0.04582,,1
OR.PA-press-noise-430,26,-0.022167,,1
OR.PA-press-noise-430,27,-0.044886,,1
OR.PA-press-noise-430,28,-0.010498,,1
OR.PA-press-noise-430,29,-0.008076,,1
OR.PA-press-noise-430,30,0.001927,,1
OR.PA-press-noise-428,1,-0.000259,,1
OR.PA-press-noise-428,2,-0.003002,,1
OR.PA-press-noise-428,3,-0.025475,,1
OR.PA-press-noise-428,4,-0.012956,,1
OR.PA-press-noise-428,5,0.011783,,1
OR.PA-press-noise-428,6,0.017301,,1
OR.PA-press-noise-428,7,0.018062,,1
OR.PA-press-noise-428,8,0.026842,,1
OR.PA-press-noise-428,9,0.026319,,1
OR.PA-press-noise-428,10,0.035329,,1
OR.PA-press-noise-428,11,0.053084,,1
OR.PA-press-noise-428,12,0.050917,,1
OR.PA-press-noise-428,13,0.069397,,1
OR.PA-press-noise-428,14,0.073993,,1
OR.PA-press-noise-428,15,0.05752,,1
OR.PA-press-noise-428,16,0.071955,,1
OR.PA-press-noise-428,17,0.049822,,1
OR.PA-press-noise-428,18,0.032884,,1
OR.PA-press-noise-428,19,0.047407,,1
OR.PA-press-noise-428,20,0.081562,,1
OR.PA-press-noise-428,21,0.072876,,1
OR.PA-press-noise-428,22,0.064794,,1
OR.PA-press-noise-428,23,0.069986,,1
OR.PA-press-noise-428,24,0.067287,,1
OR.PA-press-noise-428,25,0.046038,,1
OR.PA-press-noise-428,26,0.036685,,1
OR.PA-press-noise-428,27,0.034578,,1
OR.PA-press-noise-428,28,0.019564,,1
OR.PA-press-noise-428,29,0.018134,,1
OR.PA-press-noise-428,30,0.027919,,1
OR.PA-press-noise-425,1,0.006182,,1
OR.PA-press-noise-425,2,0.003731,,1
OR.PA-press-noise-425,3,-0.017421,,1
OR.PA-press-noise-425,4,0.007895,,1
OR.PA-press-noise-425,5,0.011869,,1
OR.PA-press-noise-425,6,0.011615,,1
OR.PA-press-noise-425,7,0.008876,,1
OR.PA-press-noise-425,8,-0.013593,,1
OR.PA-press-noise-425,9,-0.001069,,1
OR.PA-press-noise-425,10,0.023674,,1
OR.PA-press-noise-425,11,0.029196,,1
OR.PA-press-noise-425,12,0.029962,,1
OR.PA-press-noise-425,13,0.038747,,1
OR.PA-press-noise-425,14,0.038228,,1
OR.PA-press-noise-425,15,0.047243,,1
OR.PA-press-noise-425,16,0.065002,,1
OR.PA-press-noise-425,17,0.062839,,1
OR.PA-press-noise-425,18,0.081323,,1
OR.PA-press-noise-425,19,0.085923,,1
OR.PA-press-noise-425,20,0.069455,,1
OR.PA-press-noise-425,21,0.083894,,1
OR.PA-press-noise-425,22,0.061766,,1
OR.PA-press-noise-425,23,0.044832,,1
OR.PA-press-noise-425,24,0.05936,,1
OR.PA-press-noise-425,25,0.093519,,1
OR.PA-press-noise-425,26,0.084837,,1
OR.PA-press-noise-425,27,0.076759,,1
OR.PA-press-noise-425,28,0.081956,,1
OR.PA-press-noise-425,29,0.079261,,1
OR.PA-press-noise-425,30,0.058017,,1
OR.PA-press-noise-424,1,0.006182,,1
OR.PA-press-noise-424,2,0.003731,,1
OR.PA-press-noise-424,3,-0.017421,,1
OR.PA-press-noise-424,4,0.007895,,1
OR.PA-press-noise-424,5,0.011869,,1
OR.PA-press-noise-424,6,0.011615,,1
OR.PA-press-noise-424,7,0.008876,,1
OR.PA-press-noise-424,8,-0.013593,,1
OR.PA-press-noise-424,9,-0.001069,,1
OR.PA-press-noise-424,10,0.023674,,1
OR.PA-press-noise-424,11,0.029196,,1
OR.PA-press-noise-424,12,0.029962,,1
OR.PA-press-noise-424,13,0.038747,,1
OR.PA-press-noise-424,14,0.038228,,1
OR.PA-press-noise-424,15,0.047243,,1
OR.PA-press-noise-424,16,0.065002,,1
OR.PA-press-noise-424,17,0.062839,,1
OR.PA-press-noise-424,18,0.081323,,1
OR.PA-press-noise-424,19,0.085923,,1
OR.PA-press-noise-424,20,0.069455,,1
OR.PA-press-noise-424,21,0.083894,,1
OR.PA-press-noise-424,22,0.061766,,1
OR.PA-press-noise-424,23,0.044832,,1
OR.PA-press-noise-424,24,0.05936,,1
OR.PA-press-noise-424,25,0.093519,,1
OR.PA-press-noise-424,26,0.084837,,1
OR.PA-press-noise-424,27,0.076759,,1
OR.PA-press-noise-424,28,0.081956,,1
OR.PA-press-noise-424,29,0.079261,,1
OR.PA-press-noise-424,30,0.058017,,1
OR.PA-press-noise-422,1,0.006182,,1
OR.PA-press-noise-422,2,0.003731,,1
OR.PA-press-noise-422,3,-0.017421,,1
OR.PA-press-noise-422,4,0.007895,,1
OR.PA-press-noise-422,5,0.011869,,1
OR.PA-press-noise-422,6,0.011615,,1
OR.PA-press-noise-422,7,0.008876,,1
OR.PA-press-noise-422,8,-0.013593,,1
OR.PA-press-noise-422,9,-0.001069,,1
OR.PA-press-noise-422,10,0.023674,,1
OR.PA-press-noise-422,11,0.029196,,1
OR.PA-press-noise-422,12,0.029962,,1
OR.PA-press-noise-422,13,0.038747,,1
OR.PA-press-noise-422,14,0.038228,,1
OR.PA-press-noise-422,15,0.047243,,1
OR.PA-press-noise-422,16,0.065002,,1
OR.PA-press-noise-422,17,0.062839,,1
OR.PA-press-noise-422,18,0.081323,,1
OR.PA-press-noise-422,19,0.085923,,1
OR.PA-press-noise-422,20,0.069455,,1
OR.PA-press-noise-422,21,0.083894,,1
OR.PA-press-noise-422,22,0.061766,,1
OR.PA-press-noise-422,23,0.044832,,1
OR.PA-press-noise-422,24,0.05936,,1
OR.PA-press-noise-422,25,0.093519,,1
OR.PA-press-noise-422,26,0.084837,,1
OR.PA-press-noise-422,27,0.076759,,1
OR.PA-press-noise-422,28,0.081956,,1
OR.PA-press-noise-422,29,0.079261,,1
OR.PA-press-noise-422,30,0.058017,,1
OR.PA-press-noise-421,1,0.006182,,1
OR.PA-press-noise-421,2,0.003731,,1
OR.PA-press-noise-421,3,-0.017421,,1
OR.PA-press-noise-421,4,0.007895,,1
OR.PA-press-noise-421,5,0.011869,,1
OR.PA-press-noise-421,6,0.011615,,1
OR.PA-press-noise-421,7,0.008876,,1
OR.PA-press-noise-421,8,-0.013593,,1
OR.PA-press-noise-421,9,-0.001069,,1
OR.PA-press-noise-421,10,0.023674,,1
OR.PA-press-noise-421,11,0.029196,,1
OR.PA-press-noise-421,12,0.029962,,1
OR.PA-press-noise-421,13,0.038747,,1
OR.PA-press-noise-421,14,0.038228,,1
OR.PA-press-noise-421,15,0.047243,,1
OR.PA-press-noise-421,16,0.065002,,1
OR.PA-press-noise-421,17,0.062839,,1
OR.PA-press-noise-421,18,0.081323,,1
OR.PA-press-noise-421,19,0.085923,,1
OR.PA-press-noise-421,20,0.069455,,1
OR.PA-press-noise-421,21,0.083894,,1
OR.PA-press-noise-421,22,0.061766,,1
OR.PA-press-noise-421,23,0.044832,,1
OR.PA-press-noise-421,24,0.05936,,1
OR.PA-press-noise-421,25,0.093519,,1
OR.PA-press-noise-421,26,0.084837,,1
OR.PA-press-noise-421,27,0.076759,,1
OR.PA-press-noise-421,28,0.081956,,1
OR.PA-press-noise-421,29,0.079261,,1
OR.PA-press-noise-421,30,0.058017,,1
OR.PA-press-noise-420,1,0.006182,,1
OR.PA-press-noise-420,2,0.003731,,1
OR.PA-press-noise-420,3,-0.017421,,1
OR.PA-press-noise-420,4,0.007895,,1
OR.PA-press-noise-420,5,0.011869,,1
OR.PA-press-noise-420,6,0.011615,,1
OR.PA-press-noise-420,7,0.008876,,1
OR.PA-press-noise-420,8,-0.013593,,1
OR.PA-press-noise-420,9,-0.001069,,1
OR.PA-press-noise-420,10,0.023674,,1
OR.PA-press-noise-420,11,0.029196,,1
OR.PA-press-noise-420,12,0.029962,,1
OR.PA-press-noise-420,13,0.038747,,1
OR.PA-press-noise-420,14,0.038228,,1
OR.PA-press-noise-420,15,0.047243,,1
OR.PA-press-noise-420,16,0.065002,,1
OR.PA-press-noise-420,17,0.062839,,1
OR.PA-press-noise-420,18,0.081323,,1
OR.PA-press-noise-420,19,0.085923,,1
OR.PA-press-noise-420,20,0.069455,,1
OR.PA-press-noise-420,21,0.083894,,1
OR.PA-press-noise-420,22,0.061766,,1
OR.PA-press-noise-420,23,0.044832,,1
OR.PA-press-noise-420,24,0.05936,,1
OR.PA-press-noise-420,25,0.093519,,1
OR.PA-press-noise-420,26,0.084837,,1
OR.PA-press-noise-420,27,0.076759,,1
OR.PA-press-noise-420,28,0.081956,,1
OR.PA-press-noise-420,29,0.079261,,1
OR.PA-press-noise-420,30,0.058017,,1
OR.PA-press-noise-397,1,-0.035159,,1
OR.PA-press-noise-397,2,-0.028858,,1
OR.PA-press-noise-397,3,-0.031192,,1
OR.PA-press-noise-397,4,-0.052225,,1
OR.PA-press-noise-397,5,-0.026791,,1
OR.PA-press-noise-397,6,-0.022698,,1
OR.PA-press-noise-397,7,-0.022834,,1
OR.PA-press-noise-397,8,-0.025455,,1
OR.PA-press-noise-397,9,-0.047806,,1
OR.PA-press-noise-397,10,-0.035163,,1
OR.PA-press-noise-397,11,-0.010302,,1
OR.PA-press-noise-397,12,-0.004662,,1
OR.PA-press-noise-397,13,-0.003778,,1
OR.PA-press-noise-397,14,0.005125,,1
OR.PA-press-noise-397,15,0.004725,,1
OR.PA-press-noise-397,16,0.013858,,1
OR.PA-press-noise-397,17,0.031735,,1
OR.PA-press-noise-397,18,0.02969,,1
OR.PA-press-noise-397,19,0.048293,,1
OR.PA-press-noise-397,20,0.053012,,1
OR.PA-press-noise-397,21,0.036662,,1
OR.PA-press-noise-397,22,0.051219,,1
OR.PA-press-noise-397,23,0.029209,,1
OR.PA-press-noise-397,24,0.012393,,1
OR.PA-press-noise-397,25,0.027039,,1
OR.PA-press-noise-397,26,0.061317,,1
OR.PA-press-noise-397,27,0.052753,,1
OR.PA-press-noise-397,28,0.044794,,1
OR.PA-press-noise-397,29,0.050109,,1
OR.PA-press-noise-397,30,0.047532,,1
OR.PA-press-noise-396,1,-0.035159,,1
OR.PA-press-noise-396,2,-0.028858,,1
OR.PA-press-noise-396,3,-0.031192,,1
OR.PA-press-noise-396,4,-0.052225,,1
OR.PA-press-noise-396,5,-0.026791,,1
OR.PA-press-noise-396,6,-0.022698,,1
OR.PA-press-noise-396,7,-0.022834,,1
OR.PA-press-noise-396,8,-0.025455,,1
OR.PA-press-noise-396,9,-0.047806,,1
OR.PA-press-noise-396,10,-0.035163,,1
OR.PA-press-noise-396,11,-0.010302,,1
OR.PA-press-noise-396,12,-0.004662,,1
OR.PA-press-noise-396,13,-0.003778,,1
OR.PA-press-noise-396,14,0.005125,,1
OR.PA-press-noise-396,15,0.004725,,1
OR.PA-press-noise-396,16,0.013858,,1
OR.PA-press-noise-396,17,0.031735,,1
OR.PA-press-noise-396,18,0.02969,,1
OR.PA-press-noise-396,19,0.048293,,1
OR.PA-press-noise-396,20,0.053012,,1
OR.PA-press-noise-396,21,0.036662,,1
OR.PA-press-noise-396,22,0.051219,,1
OR.PA-press-noise-396,23,0.029209,,1
OR.PA-press-noise-396,24,0.012393,,1
OR.PA-press-noise-396,25,0.027039,,1
OR.PA-press-noise-396,26,0.061317,,1
OR.PA-press-noise-396,27,0.052753,,1
OR.PA-press-noise-396,28,0.044794,,1
OR.PA-press-noise-396,29,0.050109,,1
OR.PA-press-noise-396,30,0.047532,,1
OR.PA-press-noise-395,1,-0.035159,,1
OR.PA-press-noise-395,2,-0.028858,,1
OR.PA-press-noise-395,3,-0.031192,,1
OR.PA-press-noise-395,4,-0.052225,,1
OR.PA-press-noise-395,5,-0.026791,,1
OR.PA-press-noise-395,6,-0.022698,,1
OR.PA-press-noise-395,7,-0.022834,,1
OR.PA-press-noise-395,8,-0.025455,,1
OR.PA-press-noise-395,9,-0.047806,,1
OR.PA-press-noise-395,10,-0.035163,,1
OR.PA-press-noise-395,11,-0.010302,,1
OR.PA-press-noise-395,12,-0.004662,,1
OR.PA-press-noise-395,13,-0.003778,,1
OR.PA-press-noise-395,14,0.005125,,1
OR.PA-press-noise-395,15,0.004725,,1
OR.PA-press-noise-395,16,0.013858,,1
OR.PA-press-noise-395,17,0.031735,,1
OR.PA-press-noise-395,18,0.02969,,1
OR.PA-press-noise-395,19,0.048293,,1
OR.PA-press-noise-395,20,0.053012,,1
OR.PA-press-noise-395,21,0.036662,,1
OR.PA-press-noise-395,22,0.051219,,1
OR.PA-press-noise-395,23,0.029209,,1
OR.PA-press-noise-395,24,0.012393,,1
OR.PA-press-noise-395,25,0.027039,,1
OR.PA-press-noise-395,26,0.061317,,1
OR.PA-press-noise-395,27,0.052753,,1
OR.PA-press-noise-395,28,0.044794,,1
OR.PA-press-noise-395,29,0.050109,,1
OR.PA-press-noise-395,30,0.047532,,1
OR.PA-press-noise-394,1,-0.035159,,1
OR.PA-press-noise-394,2,-0.028858,,1
OR.PA-press-noise-394,3,-0.031192,,1
OR.PA-press-noise-394,4,-0.052225,,1
OR.PA-press-noise-394,5,-0.026791,,1
OR.PA-press-noise-394,6,-0.022698,,1
OR.PA-press-noise-394,7,-0.022834,,1
OR.PA-press-noise-394,8,-0.025455,,1
OR.PA-press-noise-394,9,-0.047806,,1
OR.PA-press-noise-394,10,-0.035163,,1
OR.PA-press-noise-394,11,-0.010302,,1
OR.PA-press-noise-394,12,-0.004662,,1
OR.PA-press-noise-394,13,-0.003778,,1
OR.PA-press-noise-394,14,0.005125,,1
OR.PA-press-noise-394,15,0.004725,,1
OR.PA-press-noise-394,16,0.013858,,1
OR.PA-press-noise-394,17,0.031735,,1
OR.PA-press-noise-394,18,0.02969,,1
OR.PA-press-noise-394,19,0.048293,,1
OR.PA-press-noise-394,20,0.053012,,1
OR.PA-press-noise-394,21,0.036662,,1
OR.PA-press-noise-394,22,0.051219,,1
OR.PA-press-noise-394,23,0.029209,,1
OR.PA-press-noise-394,24,0.012393,,1
OR.PA-press-noise-394,25,0.027039,,1
OR.PA-press-noise-394,26,0.061317,,1
OR.PA-press-noise-394,27,0.052753,,1
OR.PA-press-noise-394,28,0.044794,,1
OR.PA-press-noise-394,29,0.050109,,1
OR.PA-press-noise-394,30,0.047532,,1
OR.PA-press-noise-393,1,-0.035159,,1
OR.PA-press-noise-393,2,-0.028858,,1
OR.PA-press-noise-393,3,-0.031192,,1
OR.PA-press-noise-393,4,-0.052225,,1
OR.PA-press-noise-393,5,-0.026791,,1
OR.PA-press-noise-393,6,-0.022698,,1
OR.PA-press-noise-393,7,-0.022834,,1
OR.PA-press-noise-393,8,-0.025455,,1
OR.PA-press-noise-393,9,-0.047806,,1
OR.PA-press-noise-393,10,-0.035163,,1
OR.PA-press-noise-393,11,-0.010302,,1
OR.PA-press-noise-393,12,-0.004662,,1
OR.PA-press-noise-393,13,-0.003778,,1
OR.PA-press-noise-393,14,0.005125,,1
OR.PA-press-noise-393,15,0.004725,,1
OR.PA-press-noise-393,16,0.013858,,1
OR.PA-press-noise-393,17,0.031735,,1
OR.PA-press-noise-393,18,0.02969,,1
OR.PA-press-noise-393,19,0.048293,,1
OR.PA-press-noise-393,20,0.053012,,1
OR.PA-press-noise-393,21,0.036662,,1
OR.PA-press-noise-393,22,0.051219,,1
OR.PA-press-noise-393,23,0.029209,,1
OR.PA-press-noise-393,24,0.012393,,1
OR.PA-press-noise-393,25,0.027039,,1
OR.PA-press-noise-393,26,0.061317,,1
OR.PA-press-noise-393,27,0.052753,,1
OR.PA-press-noise-393,28,0.044794,,1
OR.PA-press-noise-393,29,0.050109,,1
OR.PA-press-noise-393,30,0.047532,,1
OR.PA-press-noise-392,1,-0.035159,,1
OR.PA-press-noise-392,2,-0.028858,,1
OR.PA-press-noise-392,3,-0.031192,,1
OR.PA-press-noise-392,4,-0.052225,,1
OR.PA-press-noise-392,5,-0.026791,,1
OR.PA-press-noise-392,6,-0.022698,,1
OR.PA-press-noise-392,7,-0.022834,,1
OR.PA-press-noise-392,8,-0.025455,,1
OR.PA-press-noise-392,9,-0.047806,,1
OR.PA-press-noise-392,10,-0.035163,,1
OR.PA-press-noise-392,11,-0.010302,,1
OR.PA-press-noise-392,12,-0.004662,,1
OR.PA-press-noise-392,13,-0.003778,,1
OR.PA-press-noise-392,14,0.005125,,1
OR.PA-press-noise-392,15,0.004725,,1
OR.PA-press-noise-392,16,0.013858,,1
OR.PA-press-noise-392,17,0.031735,,1
OR.PA-press-noise-392,18,0.02969,,1
OR.PA-press-noise-392,19,0.048293,,1
OR.PA-press-noise-392,20,0.053012,,1
OR.PA-press-noise-392,21,0.036662,,1
OR.PA-press-noise-392,22,0.051219,,1
OR.PA-press-noise-392,23,0.029209,,1
OR.PA-press-noise-392,24,0.012393,,1
OR.PA-press-noise-392,25,0.027039,,1
OR.PA-press-noise-392,26,0.061317,,1
OR.PA-press-noise-392,27,0.052753,,1
OR.PA-press-noise-392,28,0.044794,,1
OR.PA-press-noise-392,29,0.050109,,1
OR.PA-press-noise-392,30,0.047532,,1
OR.PA-press-noise-391,1,-0.035159,,1
OR.PA-press-noise-391,2,-0.028858,,1
OR.PA-press-noise-391,3,-0.031192,,1
OR.PA-press-noise-391,4,-0.052225,,1
OR.PA-press-noise-391,5,-0.026791,,1
OR.PA-press-noise-391,6,-0.022698,,1
OR.PA-press-noise-391,7,-0.022834,,1
OR.PA-press-noise-391,8,-0.025455,,1
OR.PA-press-noise-391,9,-0.047806,,1
OR.PA-press-noise-391,10,-0.035163,,1
OR.PA-press-noise-391,11,-0.010302,,1
OR.PA-press-noise-391,12,-0.004662,,1
OR.PA-press-noise-391,13,-0.003778,,1
OR.PA-press-noise-391,14,0.005125,,1
OR.PA-press-noise-391,15,0.004725,,1
OR.PA-press-noise-391,16,0.013858,,1
OR.PA-press-noise-391,17,0.031735,,1
OR.PA-press-noise-391,18,0.02969,,1
OR.PA-press-noise-391,19,0.048293,,1
OR.PA-press-noise-391,20,0.053012,,1
OR.PA-press-noise-391,21,0.036662,,1
OR.PA-press-noise-391,22,0.051219,,1
OR.PA-press-noise-391,23,0.029209,,1
OR.PA-press-noise-391,24,0.012393,,1
OR.PA-press-noise-391,25,0.027039,,1
OR.PA-press-noise-391,26,0.061317,,1
OR.PA-press-noise-391,27,0.052753,,1
OR.PA-press-noise-391,28,0.044794,,1
OR.PA-press-noise-391,29,0.050109,,1
OR.PA-press-noise-391,30,0.047532,,1
OR.PA-press-noise-390,1,-0.035159,,1
OR.PA-press-noise-390,2,-0.028858,,1
OR.PA-press-noise-390,3,-0.031192,,1
OR.PA-press-noise-390,4,-0.052225,,1
OR.PA-press-noise-390,5,-0.026791,,1
OR.PA-press-noise-390,6,-0.022698,,1
OR.PA-press-noise-390,7,-0.022834,,1
OR.PA-press-noise-390,8,-0.025455,,1
OR.PA-press-noise-390,9,-0.047806,,1
OR.PA-press-noise-390,10,-0.035163,,1
OR.PA-press-noise-390,11,-0.010302,,1
OR.PA-press-noise-390,12,-0.004662,,1
OR.PA-press-noise-390,13,-0.003778,,1
OR.PA-press-noise-390,14,0.005125,,1
OR.PA-press-noise-390,15,0.004725,,1
OR.PA-press-noise-390,16,0.013858,,1
OR.PA-press-noise-390,17,0.031735,,1
OR.PA-press-noise-390,18,0.02969,,1
OR.PA-press-noise-390,19,0.048293,,1
OR.PA-press-noise-390,20,0.053012,,1
OR.PA-press-noise-390,21,0.036662,,1
OR.PA-press-noise-390,22,0.051219,,1
OR.PA-press-noise-390,23,0.029209,,1
OR.PA-press-noise-390,24,0.012393,,1
OR.PA-press-noise-390,25,0.027039,,1
OR.PA-press-noise-390,26,0.061317,,1
OR.PA-press-noise-390,27,0.052753,,1
OR.PA-press-noise-390,28,0.044794,,1
OR.PA-press-noise-390,29,0.050109,,1
OR.PA-press-noise-390,30,0.047532,,1
OR.PA-press-noise-389,1,-0.035159,,1
OR.PA-press-noise-389,2,-0.028858,,1
OR.PA-press-noise-389,3,-0.031192,,1
OR.PA-press-noise-389,4,-0.052225,,1
OR.PA-press-noise-389,5,-0.026791,,1
OR.PA-press-noise-389,6,-0.022698,,1
OR.PA-press-noise-389,7,-0.022834,,1
OR.PA-press-noise-389,8,-0.025455,,1
OR.PA-press-noise-389,9,-0.047806,,1
OR.PA-press-noise-389,10,-0.035163,,1
OR.PA-press-noise-389,11,-0.010302,,1
OR.PA-press-noise-389,12,-0.004662,,1
OR.PA-press-noise-389,13,-0.003778,,1
OR.PA-press-noise-389,14,0.005125,,1
OR.PA-press-noise-389,15,0.004725,,1
OR.PA-press-noise-389,16,0.013858,,1
OR.PA-press-noise-389,17,0.031735,,1
OR.PA-press-noise-389,18,0.02969,,1
OR.PA-press-noise-389,19,0.048293,,1
OR.PA-press-noise-389,20,0.053012,,1
OR.PA-press-noise-389,21,0.036662,,1
OR.PA-press-noise-389,22,0.051219,,1
OR.PA-press-noise-389,23,0.029209,,1
OR.PA-press-noise-389,24,0.012393,,1
OR.PA-press-noise-389,25,0.027039,,1
OR.PA-press-noise-389,26,0.061317,,1
OR.PA-press-noise-389,27,0.052753,,1
OR.PA-press-noise-389,28,0.044794,,1
OR.PA-press-noise-389,29,0.050109,,1
OR.PA-press-noise-389,30,0.047532,,1
OR.PA-press-noise-388,1,-0.035159,,1
OR.PA-press-noise-388,2,-0.028858,,1
OR.PA-press-noise-388,3,-0.031192,,1
OR.PA-press-noise-388,4,-0.052225,,1
OR.PA-press-noise-388,5,-0.026791,,1
OR.PA-press-noise-388,6,-0.022698,,1
OR.PA-press-noise-388,7,-0.022834,,1
OR.PA-press-noise-388,8,-0.025455,,1
OR.PA-press-noise-388,9,-0.047806,,1
OR.PA-press-noise-388,10,-0.035163,,1
OR.PA-press-noise-388,11,-0.010302,,1
OR.PA-press-noise-388,12,-0.004662,,1
OR.PA-press-noise-388,13,-0.003778,,1
OR.PA-press-noise-388,14,0.005125,,1
OR.PA-press-noise-388,15,0.004725,,1
OR.PA-press-noise-388,16,0.013858,,1
OR.PA-press-noise-388,17,0.031735,,1
OR.PA-press-noise-388,18,0.02969,,1
OR.PA-press-noise-388,19,0.048293,,1
OR.PA-press-noise-388,20,0.053012,,1
OR.PA-press-noise-388,21,0.036662,,1
OR.PA-press-noise-388,22,0.051219,,1
OR.PA-press-noise-388,23,0.029209,,1
OR.PA-press-noise-388,24,0.012393,,1
OR.PA-press-noise-388,25,0.027039,,1
OR.PA-press-noise-388,26,0.061317,,1
OR.PA-press-noise-388,27,0.052753,,1
OR.PA-press-noise-388,28,0.044794,,1
OR.PA-press-noise-388,29,0.050109,,1
OR.PA-press-noise-388,30,0.047532,,1
OR.PA-press-noise-387,1,-0.035159,,1
OR.PA-press-noise-387,2,-0.028858,,1
OR.PA-press-noise-387,3,-0.031192,,1
OR.PA-press-noise-387,4,-0.052225,,1
OR.PA-press-noise-387,5,-0.026791,,1
OR.PA-press-noise-387,6,-0.022698,,1
OR.PA-press-noise-387,7,-0.022834,,1
OR.PA-press-noise-387,8,-0.025455,,1
OR.PA-press-noise-387,9,-0.047806,,1
OR.PA-press-noise-387,10,-0.035163,,1
OR.PA-press-noise-387,11,-0.010302,,1
OR.PA-press-noise-387,12,-0.004662,,1
OR.PA-press-noise-387,13,-0.003778,,1
OR.PA-press-noise-387,14,0.005125,,1
OR.PA-press-noise-387,15,0.004725,,1
OR.PA-press-noise-387,16,0.013858,,1
OR.PA-press-noise-387,17,0.031735,,1
OR.PA-press-noise-387,18,0.02969,,1
OR.PA-press-noise-387,19,0.048293,,1
OR.PA-press-noise-387,20,0.053012,,1
OR.PA-press-noise-387,21,0.036662,,1
OR.PA-press-noise-387,22,0.051219,,1
OR.PA-press-noise-387,23,0.029209,,1
OR.PA-press-noise-387,24,0.012393,,1
OR.PA-press-noise-387,25,0.027039,,1
OR.PA-press-noise-387,26,0.061317,,1
OR.PA-press-noise-387,27,0.052753,,1
OR.PA-press-noise-387,28,0.044794,,1
OR.PA-press-noise-387,29,0.050109,,1
OR.PA-press-noise-387,30,0.047532,,1
OR.PA-press-noise-386,1,-0.035159,,1
OR.PA-press-noise-386,2,-0.028858,,1
OR.PA-press-noise-386,3,-0.031192,,1
OR.PA-press-noise-386,4,-0.052225,,1
OR.PA-press-noise-386,5,-0.026791,,1
OR.PA-press-noise-386,6,-0.022698,,1
OR.PA-press-noise-386,7,-0.022834,,1
OR.PA-press-noise-386,8,-0.025455,,1
OR.PA-press-noise-386,9,-0.047806,,1
OR.PA-press-noise-386,10,-0.035163,,1
OR.PA-press-noise-386,11,-0.010302,,1
OR.PA-press-noise-386,12,-0.004662,,1
OR.PA-press-noise-386,13,-0.003778,,1
OR.PA-press-noise-386,14,0.005125,,1
OR.PA-press-noise-386,15,0.004725,,1
OR.PA-press-noise-386,16,0.013858,,1
OR.PA-press-noise-386,17,0.031735,,1
OR.PA-press-noise-386,18,0.02969,,1
OR.PA-press-noise-386,19,0.048293,,1
OR.PA-press-noise-386,20,0.053012,,1
OR.PA-press-noise-386,21,0.036662,,1
OR.PA-press-noise-386,22,0.051219,,1
OR.PA-press-noise-386,23,0.029209,,1
OR.PA-press-noise-386,24,0.012393,,1
OR.PA-press-noise-386,25,0.027039,,1
OR.PA-press-noise-386,26,0.061317,,1
OR.PA-press-noise-386,27,0.052753,,1
OR.PA-press-noise-386,28,0.044794,,1
OR.PA-press-noise-386,29,0.050109,,1
OR.PA-press-noise-386,30,0.047532,,1
OR.PA-press-noise-385,1,-0.035159,,1
OR.PA-press-noise-385,2,-0.028858,,1
OR.PA-press-noise-385,3,-0.031192,,1
OR.PA-press-noise-385,4,-0.052225,,1
OR.PA-press-noise-385,5,-0.026791,,1
OR.PA-press-noise-385,6,-0.022698,,1
OR.PA-press-noise-385,7,-0.022834,,1
OR.PA-press-noise-385,8,-0.025455,,1
OR.PA-press-noise-385,9,-0.047806,,1
OR.PA-press-noise-385,10,-0.035163,,1
OR.PA-press-noise-385,11,-0.010302,,1
OR.PA-press-noise-385,12,-0.004662,,1
OR.PA-press-noise-385,13,-0.003778,,1
OR.PA-press-noise-385,14,0.005125,,1
OR.PA-press-noise-385,15,0.004725,,1
OR.PA-press-noise-385,16,0.013858,,1
OR.PA-press-noise-385,17,0.031735,,1
OR.PA-press-noise-385,18,0.02969,,1
OR.PA-press-noise-385,19,0.048293,,1
OR.PA-press-noise-385,20,0.053012,,1
OR.PA-press-noise-385,21,0.036662,,1
OR.PA-press-noise-385,22,0.051219,,1
OR.PA-press-noise-385,23,0.029209,,1
OR.PA-press-noise-385,24,0.012393,,1
OR.PA-press-noise-385,25,0.027039,,1
OR.PA-press-noise-385,26,0.061317,,1
OR.PA-press-noise-385,27,0.052753,,1
OR.PA-press-noise-385,28,0.044794,,1
OR.PA-press-noise-385,29,0.050109,,1
OR.PA-press-noise-385,30,0.047532,,1
OR.PA-press-noise-384,1,-0.035159,,1
OR.PA-press-noise-384,2,-0.028858,,1
OR.PA-press-noise-384,3,-0.031192,,1
OR.PA-press-noise-384,4,-0.052225,,1
OR.PA-press-noise-384,5,-0.026791,,1
OR.PA-press-noise-384,6,-0.022698,,1
OR.PA-press-noise-384,7,-0.022834,,1
OR.PA-press-noise-384,8,-0.025455,,1
OR.PA-press-noise-384,9,-0.047806,,1
OR.PA-press-noise-384,10,-0.035163,,1
OR.PA-press-noise-384,11,-0.010302,,1
OR.PA-press-noise-384,12,-0.004662,,1
OR.PA-press-noise-384,13,-0.003778,,1
OR.PA-press-noise-384,14,0.005125,,1
OR.PA-press-noise-384,15,0.004725,,1
OR.PA-press-noise-384,16,0.013858,,1
OR.PA-press-noise-384,17,0.031735,,1
OR.PA-press-noise-384,18,0.02969,,1
OR.PA-press-noise-384,19,0.048293,,1
OR.PA-press-noise-384,20,0.053012,,1
OR.PA-press-noise-384,21,0.036662,,1
OR.PA-press-noise-384,22,0.051219,,1
OR.PA-press-noise-384,23,0.029209,,1
OR.PA-press-noise-384,24,0.012393,,1
OR.PA-press-noise-384,25,0.027039,,1
OR.PA-press-noise-384,26,0.061317,,1
OR.PA-press-noise-384,27,0.052753,,1
OR.PA-press-noise-384,28,0.044794,,1
OR.PA-press-noise-384,29,0.050109,,1
OR.PA-press-noise-384,30,0.047532,,1
OR.PA-press-noise-383,1,-0.035159,,1
OR.PA-press-noise-383,2,-0.028858,,1
OR.PA-press-noise-383,3,-0.031192,,1
OR.PA-press-noise-383,4,-0.052225,,1
OR.PA-press-noise-383,5,-0.026791,,1
OR.PA-press-noise-383,6,-0.022698,,1
OR.PA-press-noise-383,7,-0.022834,,1
OR.PA-press-noise-383,8,-0.025455,,1
OR.PA-press-noise-383,9,-0.047806,,1
OR.PA-press-noise-383,10,-0.035163,,1
OR.PA-press-noise-383,11,-0.010302,,1
OR.PA-press-noise-383,12,-0.004662,,1
OR.PA-press-noise-383,13,-0.003778,,1
OR.PA-press-noise-383,14,0.005125,,1
OR.PA-press-noise-383,15,0.004725,,1
OR.PA-press-noise-383,16,0.013858,,1
OR.PA-press-noise-383,17,0.031735,,1
OR.PA-press-noise-383,18,0.02969,,1
OR.PA-press-noise-383,19,0.048293,,1
OR.PA-press-noise-383,20,0.053012,,1
OR.PA-press-noise-383,21,0.036662,,1
OR.PA-press-noise-383,22,0.051219,,1
OR.PA-press-noise-383,23,0.029209,,1
OR.PA-press-noise-383,24,0.012393,,1
OR.PA-press-noise-383,25,0.027039,,1
OR.PA-press-noise-383,26,0.061317,,1
OR.PA-press-noise-383,27,0.052753,,1
OR.PA-press-noise-383,28,0.044794,,1
OR.PA-press-noise-383,29,0.050109,,1
OR.PA-press-noise-383,30,0.047532,,1
OR.PA-press-noise-382,1,-0.035159,,1
OR.PA-press-noise-382,2,-0.028858,,1
OR.PA-press-noise-382,3,-0.031192,,1
OR.PA-press-noise-382,4,-0.052225,,1
OR.PA-press-noise-382,5,-0.026791,,1
OR.PA-press-noise-382,6,-0.022698,,1
OR.PA-press-noise-382,7,-0.022834,,1
OR.PA-press-noise-382,8,-0.025455,,1
OR.PA-press-noise-382,9,-0.047806,,1
OR.PA-press-noise-382,10,-0.035163,,1
OR.PA-press-noise-382,11,-0.010302,,1
OR.PA-press-noise-382,12,-0.004662,,1
OR.PA-press-noise-382,13,-0.003778,,1
OR.PA-press-noise-382,14,0.005125,,1
OR.PA-press-noise-382,15,0.004725,,1
OR.PA-press-noise-382,16,0.013858,,1
OR.PA-press-noise-382,17,0.031735,,1
OR.PA-press-noise-382,18,0.02969,,1
OR.PA-press-noise-382,19,0.048293,,1
OR.PA-press-noise-382,20,0.053012,,1
OR.PA-press-noise-382,21,0.036662,,1
OR.PA-press-noise-382,22,0.051219,,1
OR.PA-press-noise-382,23,0.029209,,1
OR.PA-press-noise-382,24,0.012393,,1
OR.PA-press-noise-382,25,0.027039,,1
OR.PA-press-noise-382,26,0.061317,,1
OR.PA-press-noise-382,27,0.052753,,1
OR.PA-press-noise-382,28,0.044794,,1
OR.PA-press-noise-382,29,0.050109,,1
OR.PA-press-noise-382,30,0.047532,,1
OR.PA-press-noise-381,1,-0.035159,,1
OR.PA-press-noise-381,2,-0.028858,,1
OR.PA-press-noise-381,3,-0.031192,,1
OR.PA-press-noise-381,4,-0.052225,,1
OR.PA-press-noise-381,5,-0.026791,,1
OR.PA-press-noise-381,6,-0.022698,,1
OR.PA-press-noise-381,7,-0.022834,,1
OR.PA-press-noise-381,8,-0.025455,,1
OR.PA-press-noise-381,9,-0.047806,,1
OR.PA-press-noise-381,10,-0.035163,,1
OR.PA-press-noise-381,11,-0.010302,,1
OR.PA-press-noise-381,12,-0.004662,,1
OR.PA-press-noise-381,13,-0.003778,,1
OR.PA-press-noise-381,14,0.005125,,1
OR.PA-press-noise-381,15,0.004725,,1
OR.PA-press-noise-381,16,0.013858,,1
OR.PA-press-noise-381,17,0.031735,,1
OR.PA-press-noise-381,18,0.02969,,1
OR.PA-press-noise-381,19,0.048293,,1
OR.PA-press-noise-381,20,0.053012,,1
OR.PA-press-noise-381,21,0.036662,,1
OR.PA-press-noise-381,22,0.051219,,1
OR.PA-press-noise-381,23,0.029209,,1
OR.PA-press-noise-381,24,0.012393,,1
OR.PA-press-noise-381,25,0.027039,,1
OR.PA-press-noise-381,26,0.061317,,1
OR.PA-press-noise-381,27,0.052753,,1
OR.PA-press-noise-381,28,0.044794,,1
OR.PA-press-noise-381,29,0.050109,,1
OR.PA-press-noise-381,30,0.047532,,1
OR.PA-press-noise-374,1,-0.035159,,1
OR.PA-press-noise-374,2,-0.028858,,1
OR.PA-press-noise-374,3,-0.031192,,1
OR.PA-press-noise-374,4,-0.052225,,1
OR.PA-press-noise-374,5,-0.026791,,1
OR.PA-press-noise-374,6,-0.022698,,1
OR.PA-press-noise-374,7,-0.022834,,1
OR.PA-press-noise-374,8,-0.025455,,1
OR.PA-press-noise-374,9,-0.047806,,1
OR.PA-press-noise-374,10,-0.035163,,1
OR.PA-press-noise-374,11,-0.010302,,1
OR.PA-press-noise-374,12,-0.004662,,1
OR.PA-press-noise-374,13,-0.003778,,1
OR.PA-press-noise-374,14,0.005125,,1
OR.PA-press-noise-374,15,0.004725,,1
OR.PA-press-noise-374,16,0.013858,,1
OR.PA-press-noise-374,17,0.031735,,1
OR.PA-press-noise-374,18,0.02969,,1
OR.PA-press-noise-374,19,0.048293,,1
OR.PA-press-noise-374,20,0.053012,,1
OR.PA-press-noise-374,21,0.036662,,1
OR.PA-press-noise-374,22,0.051219,,1
OR.PA-press-noise-374,23,0.029209,,1
OR.PA-press-noise-374,24,0.012393,,1
OR.PA-press-noise-374,25,0.027039,,1
OR.PA-press-noise-374,26,0.061317,,1
OR.PA-press-noise-374,27,0.052753,,1
OR.PA-press-noise-374,28,0.044794,,1
OR.PA-press-noise-374,29,0.050109,,1
OR.PA-press-noise-374,30,0.047532,,1
OR.PA-press-noise-373,1,-0.035159,,1
OR.PA-press-noise-373,2,-0.028858,,1
OR.PA-press-noise-373,3,-0.031192,,1
OR.PA-press-noise-373,4,-0.052225,,1
OR.PA-press-noise-373,5,-0.026791,,1
OR.PA-press-noise-373,6,-0.022698,,1
OR.PA-press-noise-373,7,-0.022834,,1
OR.PA-press-noise-373,8,-0.025455,,1
OR.PA-press-noise-373,9,-0.047806,,1
OR.PA-press-noise-373,10,-0.035163,,1
OR.PA-press-noise-373,11,-0.010302,,1
OR.PA-press-noise-373,12,-0.004662,,1
OR.PA-press-noise-373,13,-0.003778,,1
OR.PA-press-noise-373,14,0.005125,,1
OR.PA-press-noise-373,15,0.004725,,1
OR.PA-press-noise-373,16,0.013858,,1
OR.PA-press-noise-373,17,0.031735,,1
OR.PA-press-noise-373,18,0.02969,,1
OR.PA-press-noise-373,19,0.048293,,1
OR.PA-press-noise-373,20,0.053012,,1
OR.PA-press-noise-373,21,0.036662,,1
OR.PA-press-noise-373,22,0.051219,,1
OR.PA-press-noise-373,23,0.029209,,1
OR.PA-press-noise-373,24,0.012393,,1
OR.PA-press-noise-373,25,0.027039,,1
OR.PA-press-noise-373,26,0.061317,,1
OR.PA-press-noise-373,27,0.052753,,1
OR.PA-press-noise-373,28,0.044794,,1
OR.PA-press-noise-373,29,0.050109,,1
OR.PA-press-noise-373,30,0.047532,,1
OR.PA-press-noise-372,1,-0.035159,,1
OR.PA-press-noise-372,2,-0.028858,,1
OR.PA-press-noise-372,3,-0.031192,,1
OR.PA-press-noise-372,4,-0.052225,,1
OR.PA-press-noise-372,5,-0.026791,,1
OR.PA-press-noise-372,6,-0.022698,,1
OR.PA-press-noise-372,7,-0.022834,,1
OR.PA-press-noise-372,8,-0.025455,,1
OR.PA-press-noise-372,9,-0.047806,,1
OR.PA-press-noise-372,10,-0.035163,,1
OR.PA-press-noise-372,11,-0.010302,,1
OR.PA-press-noise-372,12,-0.004662,,1
OR.PA-press-noise-372,13,-0.003778,,1
OR.PA-press-noise-372,14,0.005125,,1
OR.PA-press-noise-372,15,0.004725,,1
OR.PA-press-noise-372,16,0.013858,,1
OR.PA-press-noise-372,17,0.031735,,1
OR.PA-press-noise-372,18,0.02969,,1
OR.PA-press-noise-372,19,0.048293,,1
OR.PA-press-noise-372,20,0.053012,,1
OR.PA-press-noise-372,21,0.036662,,1
OR.PA-press-noise-372,22,0.051219,,1
OR.PA-press-noise-372,23,0.029209,,1
OR.PA-press-noise-372,24,0.012393,,1
OR.PA-press-noise-372,25,0.027039,,1
OR.PA-press-noise-372,26,0.061317,,1
OR.PA-press-noise-372,27,0.052753,,1
OR.PA-press-noise-372,28,0.044794,,1
OR.PA-press-noise-372,29,0.050109,,1
OR.PA-press-noise-372,30,0.047532,,1
OR.PA-press-noise-371,1,-0.035159,,1
OR.PA-press-noise-371,2,-0.028858,,1
OR.PA-press-noise-371,3,-0.031192,,1
OR.PA-press-noise-371,4,-0.052225,,1
OR.PA-press-noise-371,5,-0.026791,,1
OR.PA-press-noise-371,6,-0.022698,,1
OR.PA-press-noise-371,7,-0.022834,,1
OR.PA-press-noise-371,8,-0.025455,,1
OR.PA-press-noise-371,9,-0.047806,,1
OR.PA-press-noise-371,10,-0.035163,,1
OR.PA-press-noise-371,11,-0.010302,,1
OR.PA-press-noise-371,12,-0.004662,,1
OR.PA-press-noise-371,13,-0.003778,,1
OR.PA-press-noise-371,14,0.005125,,1
OR.PA-press-noise-371,15,0.004725,,1
OR.PA-press-noise-371,16,0.013858,,1
OR.PA-press-noise-371,17,0.031735,,1
OR.PA-press-noise-371,18,0.02969,,1
OR.PA-press-noise-371,19,0.048293,,1
OR.PA-press-noise-371,20,0.053012,,1
OR.PA-press-noise-371,21,0.036662,,1
OR.PA-press-noise-371,22,0.051219,,1
OR.PA-press-noise-371,23,0.029209,,1
OR.PA-press-noise-371,24,0.012393,,1
OR.PA-press-noise-371,25,0.027039,,1
OR.PA-press-noise-371,26,0.061317,,1
OR.PA-press-noise-371,27,0.052753,,1
OR.PA-press-noise-371,28,0.044794,,1
OR.PA-press-noise-371,29,0.050109,,1
OR.PA-press-noise-371,30,0.047532,,1
OR.PA-press-noise-370,1,-0.035159,,1
OR.PA-press-noise-370,2,-0.028858,,1
OR.PA-press-noise-370,3,-0.031192,,1
OR.PA-press-noise-370,4,-0.052225,,1
OR.PA-press-noise-370,5,-0.026791,,1
OR.PA-press-noise-370,6,-0.022698,,1
OR.PA-press-noise-370,7,-0.022834,,1
OR.PA-press-noise-370,8,-0.025455,,1
OR.PA-press-noise-370,9,-0.047806,,1
OR.PA-press-noise-370,10,-0.035163,,1
OR.PA-press-noise-370,11,-0.010302,,1
OR.PA-press-noise-370,12,-0.004662,,1
OR.PA-press-noise-370,13,-0.003778,,1
OR.PA-press-noise-370,14,0.005125,,1
OR.PA-press-noise-370,15,0.004725,,1
OR.PA-press-noise-370,16,0.013858,,1
OR.PA-press-noise-370,17,0.031735,,1
OR.PA-press-noise-370,18,0.02969,,1
OR.PA-press-noise-370,19,0.048293,,1
OR.PA-press-noise-370,20,0.053012,,1
OR.PA-press-noise-370,21,0.036662,,1
OR.PA-press-noise-370,22,0.051219,,1
OR.PA-press-noise-370,23,0.029209,,1
OR.PA-press-noise-370,24,0.012393,,1
OR.PA-press-noise-370,25,0.027039,,1
OR.PA-press-noise-370,26,0.061317,,1
OR.PA-press-noise-370,27,0.052753,,1
OR.PA-press-noise-370,28,0.044794,,1
OR.PA-press-noise-370,29,0.050109,,1
OR.PA-press-noise-370,30,0.047532,,1
OR.PA-press-noise-369,1,-0.035159,,1
OR.PA-press-noise-369,2,-0.028858,,1
OR.PA-press-noise-369,3,-0.031192,,1
OR.PA-press-noise-369,4,-0.052225,,1
OR.PA-press-noise-369,5,-0.026791,,1
OR.PA-press-noise-369,6,-0.022698,,1
OR.PA-press-noise-369,7,-0.022834,,1
OR.PA-press-noise-369,8,-0.025455,,1
OR.PA-press-noise-369,9,-0.047806,,1
OR.PA-press-noise-369,10,-0.035163,,1
OR.PA-press-noise-369,11,-0.010302,,1
OR.PA-press-noise-369,12,-0.004662,,1
OR.PA-press-noise-369,13,-0.003778,,1
OR.PA-press-noise-369,14,0.005125,,1
OR.PA-press-noise-369,15,0.004725,,1
OR.PA-press-noise-369,16,0.013858,,1
OR.PA-press-noise-369,17,0.031735,,1
OR.PA-press-noise-369,18,0.02969,,1
OR.PA-press-noise-369,19,0.048293,,1
OR.PA-press-noise-369,20,0.053012,,1
OR.PA-press-noise-369,21,0.036662,,1
OR.PA-press-noise-369,22,0.051219,,1
OR.PA-press-noise-369,23,0.029209,,1
OR.PA-press-noise-369,24,0.012393,,1
OR.PA-press-noise-369,25,0.027039,,1
OR.PA-press-noise-369,26,0.061317,,1
OR.PA-press-noise-369,27,0.052753,,1
OR.PA-press-noise-369,28,0.044794,,1
OR.PA-press-noise-369,29,0.050109,,1
OR.PA-press-noise-369,30,0.047532,,1
OR.PA-press-noise-368,1,-0.035159,,1
OR.PA-press-noise-368,2,-0.028858,,1
OR.PA-press-noise-368,3,-0.031192,,1
OR.PA-press-noise-368,4,-0.052225,,1
OR.PA-press-noise-368,5,-0.026791,,1
OR.PA-press-noise-368,6,-0.022698,,1
OR.PA-press-noise-368,7,-0.022834,,1
OR.PA-press-noise-368,8,-0.025455,,1
OR.PA-press-noise-368,9,-0.047806,,1
OR.PA-press-noise-368,10,-0.035163,,1
OR.PA-press-noise-368,11,-0.010302,,1
OR.PA-press-noise-368,12,-0.004662,,1
OR.PA-press-noise-368,13,-0.003778,,1
OR.PA-press-noise-368,14,0.005125,,1
OR.PA-press-noise-368,15,0.004725,,1
OR.PA-press-noise-368,16,0.013858,,1
OR.PA-press-noise-368,17,0.031735,,1
OR.PA-press-noise-368,18,0.02969,,1
OR.PA-press-noise-368,19,0.048293,,1
OR.PA-press-noise-368,20,0.053012,,1
OR.PA-press-noise-368,21,0.036662,,1
OR.PA-press-noise-368,22,0.051219,,1
OR.PA-press-noise-368,23,0.029209,,1
OR.PA-press-noise-368,24,0.012393,,1
OR.PA-press-noise-368,25,0.027039,,1
OR.PA-press-noise-368,26,0.061317,,1
OR.PA-press-noise-368,27,0.052753,,1
OR.PA-press-noise-368,28,0.044794,,1
OR.PA-press-noise-368,29,0.050109,,1
OR.PA-press-noise-368,30,0.047532,,1
OR.PA-press-noise-364,1,-0.035159,,1
OR.PA-press-noise-364,2,-0.028858,,1
OR.PA-press-noise-364,3,-0.031192,,1
OR.PA-press-noise-364,4,-0.052225,,1
OR.PA-press-noise-364,5,-0.026791,,1
OR.PA-press-noise-364,6,-0.022698,,1
OR.PA-press-noise-364,7,-0.022834,,1
OR.PA-press-noise-364,8,-0.025455,,1
OR.PA-press-noise-364,9,-0.047806,,1
OR.PA-press-noise-364,10,-0.035163,,1
OR.PA-press-noise-364,11,-0.010302,,1
OR.PA-press-noise-364,12,-0.004662,,1
OR.PA-press-noise-364,13,-0.003778,,1
OR.PA-press-noise-364,14,0.005125,,1
OR.PA-press-noise-364,15,0.004725,,1
OR.PA-press-noise-364,16,0.013858,,1
OR.PA-press-noise-364,17,0.031735,,1
OR.PA-press-noise-364,18,0.02969,,1
OR.PA-press-noise-364,19,0.048293,,1
OR.PA-press-noise-364,20,0.053012,,1
OR.PA-press-noise-364,21,0.036662,,1
OR.PA-press-noise-364,22,0.051219,,1
OR.PA-press-noise-364,23,0.029209,,1
OR.PA-press-noise-364,24,0.012393,,1
OR.PA-press-noise-364,25,0.027039,,1
OR.PA-press-noise-364,26,0.061317,,1
OR.PA-press-noise-364,27,0.052753,,1
OR.PA-press-noise-364,28,0.044794,,1
OR.PA-press-noise-364,29,0.050109,,1
OR.PA-press-noise-364,30,0.047532,,1
OR.PA-press-noise-363,1,-0.035159,,1
OR.PA-press-noise-363,2,-0.028858,,1
OR.PA-press-noise-363,3,-0.031192,,1
OR.PA-press-noise-363,4,-0.052225,,1
OR.PA-press-noise-363,5,-0.026791,,1
OR.PA-press-noise-363,6,-0.022698,,1
OR.PA-press-noise-363,7,-0.022834,,1
OR.PA-press-noise-363,8,-0.025455,,1
OR.PA-press-noise-363,9,-0.047806,,1
OR.PA-press-noise-363,10,-0.035163,,1
OR.PA-press-noise-363,11,-0.010302,,1
OR.PA-press-noise-363,12,-0.004662,,1
OR.PA-press-noise-363,13,-0.003778,,1
OR.PA-press-noise-363,14,0.005125,,1
OR.PA-press-noise-363,15,0.004725,,1
OR.PA-press-noise-363,16,0.013858,,1
OR.PA-press-noise-363,17,0.031735,,1
OR.PA-press-noise-363,18,0.02969,,1
OR.PA-press-noise-363,19,0.048293,,1
OR.PA-press-noise-363,20,0.053012,,1
OR.PA-press-noise-363,21,0.036662,,1
OR.PA-press-noise-363,22,0.051219,,1
OR.PA-press-noise-363,23,0.029209,,1
OR.PA-press-noise-363,24,0.012393,,1
OR.PA-press-noise-363,25,0.027039,,1
OR.PA-press-noise-363,26,0.061317,,1
OR.PA-press-noise-363,27,0.052753,,1
OR.PA-press-noise-363,28,0.044794,,1
OR.PA-press-noise-363,29,0.050109,,1
OR.PA-press-noise-363,30,0.047532,,1
OR.PA-press-noise-362,1,-0.035159,,1
OR.PA-press-noise-362,2,-0.028858,,1
OR.PA-press-noise-362,3,-0.031192,,1
OR.PA-press-noise-362,4,-0.052225,,1
OR.PA-press-noise-362,5,-0.026791,,1
OR.PA-press-noise-362,6,-0.022698,,1
OR.PA-press-noise-362,7,-0.022834,,1
OR.PA-press-noise-362,8,-0.025455,,1
OR.PA-press-noise-362,9,-0.047806,,1
OR.PA-press-noise-362,10,-0.035163,,1
OR.PA-press-noise-362,11,-0.010302,,1
OR.PA-press-noise-362,12,-0.004662,,1
OR.PA-press-noise-362,13,-0.003778,,1
OR.PA-press-noise-362,14,0.005125,,1
OR.PA-press-noise-362,15,0.004725,,1
OR.PA-press-noise-362,16,0.013858,,1
OR.PA-press-noise-362,17,0.031735,,1
OR.PA-press-noise-362,18,0.02969,,1
OR.PA-press-noise-362,19,0.048293,,1
OR.PA-press-noise-362,20,0.053012,,1
OR.PA-press-noise-362,21,0.036662,,1
OR.PA-press-noise-362,22,0.051219,,1
OR.PA-press-noise-362,23,0.029209,,1
OR.PA-press-noise-362,24,0.012393,,1
OR.PA-press-noise-362,25,0.027039,,1
OR.PA-press-noise-362,26,0.061317,,1
OR.PA-press-noise-362,27,0.052753,,1
OR.PA-press-noise-362,28,0.044794,,1
OR.PA-press-noise-362,29,0.050109,,1
OR.PA-press-noise-362,30,0.047532,,1
OR.PA-press-noise-361,1,-0.035159,,1
OR.PA-press-noise-361,2,-0.028858,,1
OR.PA-press-noise-361,3,-0.031192,,1
OR.PA-press-noise-361,4,-0.052225,,1
OR.PA-press-noise-361,5,-0.026791,,1
OR.PA-press-noise-361,6,-0.022698,,1
OR.PA-press-noise-361,7,-0.022834,,1
OR.PA-press-noise-361,8,-0.025455,,1
OR.PA-press-noise-361,9,-0.047806,,1
OR.PA-press-noise-361,10,-0.035163,,1
OR.PA-press-noise-361,11,-0.010302,,1
OR.PA-press-noise-361,12,-0.004662,,1
OR.PA-press-noise-361,13,-0.003778,,1
OR.PA-press-noise-361,14,0.005125,,1
OR.PA-press-noise-361,15,0.004725,,1
OR.PA-press-noise-361,16,0.013858,,1
OR.PA-press-noise-361,17,0.031735,,1
OR.PA-press-noise-361,18,0.02969,,1
OR.PA-press-noise-361,19,0.048293,,1
OR.PA-press-noise-361,20,0.053012,,1
OR.PA-press-noise-361,21,0.036662,,1
OR.PA-press-noise-361,22,0.051219,,1
OR.PA-press-noise-361,23,0.029209,,1
OR.PA-press-noise-361,24,0.012393,,1
OR.PA-press-noise-361,25,0.027039,,1
OR.PA-press-noise-361,26,0.061317,,1
OR.PA-press-noise-361,27,0.052753,,1
OR.PA-press-noise-361,28,0.044794,,1
OR.PA-press-noise-361,29,0.050109,,1
OR.PA-press-noise-361,30,0.047532,,1
OR.PA-press-noise-360,1,-0.035159,,1
OR.PA-press-noise-360,2,-0.028858,,1
OR.PA-press-noise-360,3,-0.031192,,1
OR.PA-press-noise-360,4,-0.052225,,1
OR.PA-press-noise-360,5,-0.026791,,1
OR.PA-press-noise-360,6,-0.022698,,1
OR.PA-press-noise-360,7,-0.022834,,1
OR.PA-press-noise-360,8,-0.025455,,1
OR.PA-press-noise-360,9,-0.047806,,1
OR.PA-press-noise-360,10,-0.035163,,1
OR.PA-press-noise-360,11,-0.010302,,1
OR.PA-press-noise-360,12,-0.004662,,1
OR.PA-press-noise-360,13,-0.003778,,1
OR.PA-press-noise-360,14,0.005125,,1
OR.PA-press-noise-360,15,0.004725,,1
OR.PA-press-noise-360,16,0.013858,,1
OR.PA-press-noise-360,17,0.031735,,1
OR.PA-press-noise-360,18,0.02969,,1
OR.PA-press-noise-360,19,0.048293,,1
OR.PA-press-noise-360,20,0.053012,,1
OR.PA-press-noise-360,21,0.036662,,1
OR.PA-press-noise-360,22,0.051219,,1
OR.PA-press-noise-360,23,0.029209,,1
OR.PA-press-noise-360,24,0.012393,,1
OR.PA-press-noise-360,25,0.027039,,1
OR.PA-press-noise-360,26,0.061317,,1
OR.PA-press-noise-360,27,0.052753,,1
OR.PA-press-noise-360,28,0.044794,,1
OR.PA-press-noise-360,29,0.050109,,1
OR.PA-press-noise-360,30,0.047532,,1
OR.PA-press-noise-359,1,-0.035159,,1
OR.PA-press-noise-359,2,-0.028858,,1
OR.PA-press-noise-359,3,-0.031192,,1
OR.PA-press-noise-359,4,-0.052225,,1
OR.PA-press-noise-359,5,-0.026791,,1
OR.PA-press-noise-359,6,-0.022698,,1
OR.PA-press-noise-359,7,-0.022834,,1
OR.PA-press-noise-359,8,-0.025455,,1
OR.PA-press-noise-359,9,-0.047806,,1
OR.PA-press-noise-359,10,-0.035163,,1
OR.PA-press-noise-359,11,-0.010302,,1
OR.PA-press-noise-359,12,-0.004662,,1
OR.PA-press-noise-359,13,-0.003778,,1
OR.PA-press-noise-359,14,0.005125,,1
OR.PA-press-noise-359,15,0.004725,,1
OR.PA-press-noise-359,16,0.013858,,1
OR.PA-press-noise-359,17,0.031735,,1
OR.PA-press-noise-359,18,0.02969,,1
OR.PA-press-noise-359,19,0.048293,,1
OR.PA-press-noise-359,20,0.053012,,1
OR.PA-press-noise-359,21,0.036662,,1
OR.PA-press-noise-359,22,0.051219,,1
OR.PA-press-noise-359,23,0.029209,,1
OR.PA-press-noise-359,24,0.012393,,1
OR.PA-press-noise-359,25,0.027039,,1
OR.PA-press-noise-359,26,0.061317,,1
OR.PA-press-noise-359,27,0.052753,,1
OR.PA-press-noise-359,28,0.044794,,1
OR.PA-press-noise-359,29,0.050109,,1
OR.PA-press-noise-359,30,0.047532,,1
OR.PA-press-noise-358,1,-0.035159,,1
OR.PA-press-noise-358,2,-0.028858,,1
OR.PA-press-noise-358,3,-0.031192,,1
OR.PA-press-noise-358,4,-0.052225,,1
OR.PA-press-noise-358,5,-0.026791,,1
OR.PA-press-noise-358,6,-0.022698,,1
OR.PA-press-noise-358,7,-0.022834,,1
OR.PA-press-noise-358,8,-0.025455,,1
OR.PA-press-noise-358,9,-0.047806,,1
OR.PA-press-noise-358,10,-0.035163,,1
OR.PA-press-noise-358,11,-0.010302,,1
OR.PA-press-noise-358,12,-0.004662,,1
OR.PA-press-noise-358,13,-0.003778,,1
OR.PA-press-noise-358,14,0.005125,,1
OR.PA-press-noise-358,15,0.004725,,1
OR.PA-press-noise-358,16,0.013858,,1
OR.PA-press-noise-358,17,0.031735,,1
OR.PA-press-noise-358,18,0.02969,,1
OR.PA-press-noise-358,19,0.048293,,1
OR.PA-press-noise-358,20,0.053012,,1
OR.PA-press-noise-358,21,0.036662,,1
OR.PA-press-noise-358,22,0.051219,,1
OR.PA-press-noise-358,23,0.029209,,1
OR.PA-press-noise-358,24,0.012393,,1
OR.PA-press-noise-358,25,0.027039,,1
OR.PA-press-noise-358,26,0.061317,,1
OR.PA-press-noise-358,27,0.052753,,1
OR.PA-press-noise-358,28,0.044794,,1
OR.PA-press-noise-358,29,0.050109,,1
OR.PA-press-noise-358,30,0.047532,,1
OR.PA-press-noise-356,1,-0.035159,,1
OR.PA-press-noise-356,2,-0.028858,,1
OR.PA-press-noise-356,3,-0.031192,,1
OR.PA-press-noise-356,4,-0.052225,,1
OR.PA-press-noise-356,5,-0.026791,,1
OR.PA-press-noise-356,6,-0.022698,,1
OR.PA-press-noise-356,7,-0.022834,,1
OR.PA-press-noise-356,8,-0.025455,,1
OR.PA-press-noise-356,9,-0.047806,,1
OR.PA-press-noise-356,10,-0.035163,,1
OR.PA-press-noise-356,11,-0.010302,,1
OR.PA-press-noise-356,12,-0.004662,,1
OR.PA-press-noise-356,13,-0.003778,,1
OR.PA-press-noise-356,14,0.005125,,1
OR.PA-press-noise-356,15,0.004725,,1
OR.PA-press-noise-356,16,0.013858,,1
OR.PA-press-noise-356,17,0.031735,,1
OR.PA-press-noise-356,18,0.02969,,1
OR.PA-press-noise-356,19,0.048293,,1
OR.PA-press-noise-356,20,0.053012,,1
OR.PA-press-noise-356,21,0.036662,,1
OR.PA-press-noise-356,22,0.051219,,1
OR.PA-press-noise-356,23,0.029209,,1
OR.PA-press-noise-356,24,0.012393,,1
OR.PA-press-noise-356,25,0.027039,,1
OR.PA-press-noise-356,26,0.061317,,1
OR.PA-press-noise-356,27,0.052753,,1
OR.PA-press-noise-356,28,0.044794,,1
OR.PA-press-noise-356,29,0.050109,,1
OR.PA-press-noise-356,30,0.047532,,1
OR.PA-press-noise-354,1,-0.035159,,1
OR.PA-press-noise-354,2,-0.028858,,1
OR.PA-press-noise-354,3,-0.031192,,1
OR.PA-press-noise-354,4,-0.052225,,1
OR.PA-press-noise-354,5,-0.026791,,1
OR.PA-press-noise-354,6,-0.022698,,1
OR.PA-press-noise-354,7,-0.022834,,1
OR.PA-press-noise-354,8,-0.025455,,1
OR.PA-press-noise-354,9,-0.047806,,1
OR.PA-press-noise-354,10,-0.035163,,1
OR.PA-press-noise-354,11,-0.010302,,1
OR.PA-press-noise-354,12,-0.004662,,1
OR.PA-press-noise-354,13,-0.003778,,1
OR.PA-press-noise-354,14,0.005125,,1
OR.PA-press-noise-354,15,0.004725,,1
OR.PA-press-noise-354,16,0.013858,,1
OR.PA-press-noise-354,17,0.031735,,1
OR.PA-press-noise-354,18,0.02969,,1
OR.PA-press-noise-354,19,0.048293,,1
OR.PA-press-noise-354,20,0.053012,,1
OR.PA-press-noise-354,21,0.036662,,1
OR.PA-press-noise-354,22,0.051219,,1
OR.PA-press-noise-354,23,0.029209,,1
OR.PA-press-noise-354,24,0.012393,,1
OR.PA-press-noise-354,25,0.027039,,1
OR.PA-press-noise-354,26,0.061317,,1
OR.PA-press-noise-354,27,0.052753,,1
OR.PA-press-noise-354,28,0.044794,,1
OR.PA-press-noise-354,29,0.050109,,1
OR.PA-press-noise-354,30,0.047532,,1
OR.PA-press-noise-353,1,-0.013504,,1
OR.PA-press-noise-353,2,0.008969,,1
OR.PA-press-noise-353,3,-0.026071,,1
OR.PA-press-noise-353,4,-0.019651,,1
OR.PA-press-noise-353,5,-0.021866,,1
OR.PA-press-noise-353,6,-0.04278,,1
OR.PA-press-noise-353,7,-0.017227,,1
OR.PA-press-noise-353,8,-0.013015,,1
OR.PA-press-noise-353,9,-0.013032,,1
OR.PA-press-noise-353,10,-0.015534,,1
OR.PA-press-noise-353,11,-0.037765,,1
OR.PA-press-noise-353,12,-0.025003,,1
OR.PA-press-noise-353,13,-2.3e-05,,1
OR.PA-press-noise-353,14,0.005736,,1
OR.PA-press-noise-353,15,0.006739,,1
OR.PA-press-noise-353,16,0.015762,,1
OR.PA-press-noise-353,17,0.01548,,1
OR.PA-press-noise-353,18,0.024732,,1
OR.PA-press-noise-353,19,0.042729,,1
OR.PA-press-noise-353,20,0.040803,,1
OR.PA-press-noise-353,21,0.059525,,1
OR.PA-press-noise-353,22,0.064362,,1
OR.PA-press-noise-353,23,0.048132,,1
OR.PA-press-noise-353,24,0.062808,,1
OR.PA-press-noise-353,25,0.040917,,1
OR.PA-press-noise-353,26,0.024221,,1
OR.PA-press-noise-353,27,0.038986,,1
OR.PA-press-noise-353,28,0.073383,,1
OR.PA-press-noise-353,29,0.064938,,1
OR.PA-press-noise-353,30,0.057097,,1
OR.PA-press-noise-352,1,-0.013504,,1
OR.PA-press-noise-352,2,0.008969,,1
OR.PA-press-noise-352,3,-0.026071,,1
OR.PA-press-noise-352,4,-0.019651,,1
OR.PA-press-noise-352,5,-0.021866,,1
OR.PA-press-noise-352,6,-0.04278,,1
OR.PA-press-noise-352,7,-0.017227,,1
OR.PA-press-noise-352,8,-0.013015,,1
OR.PA-press-noise-352,9,-0.013032,,1
OR.PA-press-noise-352,10,-0.015534,,1
OR.PA-press-noise-352,11,-0.037765,,1
OR.PA-press-noise-352,12,-0.025003,,1
OR.PA-press-noise-352,13,-2.3e-05,,1
OR.PA-press-noise-352,14,0.005736,,1
OR.PA-press-noise-352,15,0.006739,,1
OR.PA-press-noise-352,16,0.015762,,1
OR.PA-press-noise-352,17,0.01548,,1
OR.PA-press-noise-352,18,0.024732,,1
OR.PA-press-noise-352,19,0.042729,,1
OR.PA-press-noise-352,20,0.040803,,1
OR.PA-press-noise-352,21,0.059525,,1
OR.PA-press-noise-352,22,0.064362,,1
OR.PA-press-noise-352,23,0.048132,,1
OR.PA-press-noise-352,24,0.062808,,1
OR.PA-press-noise-352,25,0.040917,,1
OR.PA-press-noise-352,26,0.024221,,1
OR.PA-press-noise-352,27,0.038986,,1
OR.PA-press-noise-352,28,0.073383,,1
OR.PA-press-noise-352,29,0.064938,,1
OR.PA-press-noise-352,30,0.057097,,1
OR.PA-press-noise-350,1,0.0295,,1
OR.PA-press-noise-350,2,0.044209,,1
OR.PA-press-noise-350,3,0.037834,,1
OR.PA-press-noise-350,4,0.040379,,1
OR.PA-press-noise-350,5,0.066215,,1
OR.PA-press-noise-350,6,0.081503,,1
OR.PA-press-noise-350,7,0.093815,,1
OR.PA-press-noise-350,8,0.108213,,1
OR.PA-press-noise-350,9,0.121764,,1
OR.PA-press-noise-350,10,0.092054,,1
OR.PA-press-noise-350,11,0.113429,,1
OR.PA-press-noise-350,12,0.100813,,1
OR.PA-press-noise-350,13,0.089129,,1
OR.PA-press-noise-350,14,0.081416,,1
OR.PA-press-noise-350,15,0.068281,,1
OR.PA-press-noise-350,16,0.091122,,1
OR.PA-press-noise-350,17,0.056451,,1
OR.PA-press-noise-350,18,0.06324,,1
OR.PA-press-noise-350,19,0.061394,,1
OR.PA-press-noise-350,20,0.040849,,1
OR.PA-press-noise-350,21,0.06677,,1
OR.PA-press-noise-350,22,0.071351,,1
OR.PA-press-noise-350,23,0.071703,,1
OR.PA-press-noise-350,24,0.06957,,1
OR.PA-press-noise-350,25,0.047707,,1
OR.PA-press-noise-350,26,0.060837,,1
OR.PA-press-noise-350,27,0.086187,,1
OR.PA-press-noise-350,28,0.092315,,1
OR.PA-press-noise-350,29,0.093686,,1
OR.PA-press-noise-350,30,0.103078,,1
OR.PA-press-noise-347,1,0.0295,,1
OR.PA-press-noise-347,2,0.044209,,1
OR.PA-press-noise-347,3,0.037834,,1
OR.PA-press-noise-347,4,0.040379,,1
OR.PA-press-noise-347,5,0.066215,,1
OR.PA-press-noise-347,6,0.081503,,1
OR.PA-press-noise-347,7,0.093815,,1
OR.PA-press-noise-347,8,0.108213,,1
OR.PA-press-noise-347,9,0.121764,,1
OR.PA-press-noise-347,10,0.092054,,1
OR.PA-press-noise-347,11,0.113429,,1
OR.PA-press-noise-347,12,0.100813,,1
OR.PA-press-noise-347,13,0.089129,,1
OR.PA-press-noise-347,14,0.081416,,1
OR.PA-press-noise-347,15,0.068281,,1
OR.PA-press-noise-347,16,0.091122,,1
OR.PA-press-noise-347,17,0.056451,,1
OR.PA-press-noise-347,18,0.06324,,1
OR.PA-press-noise-347,19,0.061394,,1
OR.PA-press-noise-347,20,0.040849,,1
OR.PA-press-noise-347,21,0.06677,,1
OR.PA-press-noise-347,22,0.071351,,1
OR.PA-press-noise-347,23,0.071703,,1
OR.PA-press-noise-347,24,0.06957,,1
OR.PA-press-noise-347,25,0.047707,,1
OR.PA-press-noise-347,26,0.060837,,1
OR.PA-press-noise-347,27,0.086187,,1
OR.PA-press-noise-347,28,0.092315,,1
OR.PA-press-noise-347,29,0.093686,,1
OR.PA-press-noise-347,30,0.103078,,1
OR.PA-press-noise-340,1,-0.000954,,1
OR.PA-press-noise-340,2,0.003046,,1
OR.PA-press-noise-340,3,-0.006093,,1
OR.PA-press-noise-340,4,-0.004055,,1
OR.PA-press-noise-340,5,0.013393,,1
OR.PA-press-noise-340,6,0.004428,,1
OR.PA-press-noise-340,7,0.01824,,1
OR.PA-press-noise-340,8,0.029703,,1
OR.PA-press-noise-340,9,0.054422,,1
OR.PA-press-noise-340,10,0.074818,,1
OR.PA-press-noise-340,11,0.06481,,1
OR.PA-press-noise-340,12,0.056687,,1
OR.PA-press-noise-340,13,0.068232,,1
OR.PA-press-noise-340,14,0.067686,,1
OR.PA-press-noise-340,15,0.065375,,1
OR.PA-press-noise-340,16,0.077643,,1
OR.PA-press-noise-340,17,0.072142,,1
OR.PA-press-noise-340,18,0.067162,,1
OR.PA-press-noise-340,19,0.062863,,1
OR.PA-press-noise-340,20,0.068921,,1
OR.PA-press-noise-340,21,0.07703,,1
OR.PA-press-noise-340,22,0.093418,,1
OR.PA-press-noise-340,23,0.075392,,1
OR.PA-press-noise-340,24,0.091293,,1
OR.PA-press-noise-340,25,0.083061,,1
OR.PA-press-noise-340,26,0.067653,,1
OR.PA-press-noise-340,27,0.088362,,1
OR.PA-press-noise-340,28,0.08597,,1
OR.PA-press-noise-340,29,0.07439,,1
OR.PA-press-noise-340,30,0.078545,,1
OR.PA-press-noise-339,1,-0.000954,,1
OR.PA-press-noise-339,2,0.003046,,1
OR.PA-press-noise-339,3,-0.006093,,1
OR.PA-press-noise-339,4,-0.004055,,1
OR.PA-press-noise-339,5,0.013393,,1
OR.PA-press-noise-339,6,0.004428,,1
OR.PA-press-noise-339,7,0.01824,,1
OR.PA-press-noise-339,8,0.029703,,1
OR.PA-press-noise-339,9,0.054422,,1
OR.PA-press-noise-339,10,0.074818,,1
OR.PA-press-noise-339,11,0.06481,,1
OR.PA-press-noise-339,12,0.056687,,1
OR.PA-press-noise-339,13,0.068232,,1
OR.PA-press-noise-339,14,0.067686,,1
OR.PA-press-noise-339,15,0.065375,,1
OR.PA-press-noise-339,16,0.077643,,1
OR.PA-press-noise-339,17,0.072142,,1
OR.PA-press-noise-339,18,0.067162,,1
OR.PA-press-noise-339,19,0.062863,,1
OR.PA-press-noise-339,20,0.068921,,1
OR.PA-press-noise-339,21,0.07703,,1
OR.PA-press-noise-339,22,0.093418,,1
OR.PA-press-noise-339,23,0.075392,,1
OR.PA-press-noise-339,24,0.091293,,1
OR.PA-press-noise-339,25,0.083061,,1
OR.PA-press-noise-339,26,0.067653,,1
OR.PA-press-noise-339,27,0.088362,,1
OR.PA-press-noise-339,28,0.08597,,1
OR.PA-press-noise-339,29,0.07439,,1
OR.PA-press-noise-339,30,0.078545,,1
OR.PA-press-noise-338,1,-0.000954,,1
OR.PA-press-noise-338,2,0.003046,,1
OR.PA-press-noise-338,3,-0.006093,,1
OR.PA-press-noise-338,4,-0.004055,,1
OR.PA-press-noise-338,5,0.013393,,1
OR.PA-press-noise-338,6,0.004428,,1
OR.PA-press-noise-338,7,0.01824,,1
OR.PA-press-noise-338,8,0.029703,,1
OR.PA-press-noise-338,9,0.054422,,1
OR.PA-press-noise-338,10,0.074818,,1
OR.PA-press-noise-338,11,0.06481,,1
OR.PA-press-noise-338,12,0.056687,,1
OR.PA-press-noise-338,13,0.068232,,1
OR.PA-press-noise-338,14,0.067686,,1
OR.PA-press-noise-338,15,0.065375,,1
OR.PA-press-noise-338,16,0.077643,,1
OR.PA-press-noise-338,17,0.072142,,1
OR.PA-press-noise-338,18,0.067162,,1
OR.PA-press-noise-338,19,0.062863,,1
OR.PA-press-noise-338,20,0.068921,,1
OR.PA-press-noise-338,21,0.07703,,1
OR.PA-press-noise-338,22,0.093418,,1
OR.PA-press-noise-338,23,0.075392,,1
OR.PA-press-noise-338,24,0.091293,,1
OR.PA-press-noise-338,25,0.083061,,1
OR.PA-press-noise-338,26,0.067653,,1
OR.PA-press-noise-338,27,0.088362,,1
OR.PA-press-noise-338,28,0.08597,,1
OR.PA-press-noise-338,29,0.07439,,1
OR.PA-press-noise-338,30,0.078545,,1
OR.PA-press-noise-337,1,0.021589,,1
OR.PA-press-noise-337,2,0.038345,,1
OR.PA-press-noise-337,3,0.037314,,1
OR.PA-press-noise-337,4,0.041239,,1
OR.PA-press-noise-337,5,0.032023,,1
OR.PA-press-noise-337,6,0.033985,,1
OR.PA-press-noise-337,7,0.051357,,1
OR.PA-press-noise-337,8,0.042316,,1
OR.PA-press-noise-337,9,0.056051,,1
OR.PA-press-noise-337,10,0.067438,,1
OR.PA-press-noise-337,11,0.092081,,1
OR.PA-press-noise-337,12,0.112401,,1
OR.PA-press-noise-337,13,0.102317,,1
OR.PA-press-noise-337,14,0.094118,,1
OR.PA-press-noise-337,15,0.105587,,1
OR.PA-press-noise-337,16,0.104965,,1
OR.PA-press-noise-337,17,0.102578,,1
OR.PA-press-noise-337,18,0.114769,,1
OR.PA-press-noise-337,19,0.109193,,1
OR.PA-press-noise-337,20,0.104136,,1
OR.PA-press-noise-337,21,0.099761,,1
OR.PA-press-noise-337,22,0.105743,,1
OR.PA-press-noise-337,23,0.113775,,1
OR.PA-press-noise-337,24,0.130088,,1
OR.PA-press-noise-337,25,0.111985,,1
OR.PA-press-noise-337,26,0.12781,,1
OR.PA-press-noise-337,27,0.119502,,1
OR.PA-press-noise-337,28,0.104018,,1
OR.PA-press-noise-337,29,0.124651,,1
OR.PA-press-noise-337,30,0.122182,,1
OR.PA-press-noise-336,1,0.021589,,1
OR.PA-press-noise-336,2,0.038345,,1
OR.PA-press-noise-336,3,0.037314,,1
OR.PA-press-noise-336,4,0.041239,,1
OR.PA-press-noise-336,5,0.032023,,1
OR.PA-press-noise-336,6,0.033985,,1
OR.PA-press-noise-336,7,0.051357,,1
OR.PA-press-noise-336,8,0.042316,,1
OR.PA-press-noise-336,9,0.056051,,1
OR.PA-press-noise-336,10,0.067438,,1
OR.PA-press-noise-336,11,0.092081,,1
OR.PA-press-noise-336,12,0.112401,,1
OR.PA-press-noise-336,13,0.102317,,1
OR.PA-press-noise-336,14,0.094118,,1
OR.PA-press-noise-336,15,0.105587,,1
OR.PA-press-noise-336,16,0.104965,,1
OR.PA-press-noise-336,17,0.102578,,1
OR.PA-press-noise-336,18,0.114769,,1
OR.PA-press-noise-336,19,0.109193,,1
OR.PA-press-noise-336,20,0.104136,,1
OR.PA-press-noise-336,21,0.099761,,1
OR.PA-press-noise-336,22,0.105743,,1
OR.PA-press-noise-336,23,0.113775,,1
OR.PA-press-noise-336,24,0.130088,,1
OR.PA-press-noise-336,25,0.111985,,1
OR.PA-press-noise-336,26,0.12781,,1
OR.PA-press-noise-336,27,0.119502,,1
OR.PA-press-noise-336,28,0.104018,,1
OR.PA-press-noise-336,29,0.124651,,1
OR.PA-press-noise-336,30,0.122182,,1
OR.PA-press-noise-335,1,0.025934,,1
OR.PA-press-noise-335,2,-0.005328,,1
OR.PA-press-noise-335,3,0.003318,,1
OR.PA-press-noise-335,4,-0.01891,,1
OR.PA-press-noise-335,5,-0.023362,,1
OR.PA-press-noise-335,6,-0.012885,,1
OR.PA-press-noise-335,7,-0.019002,,1
OR.PA-press-noise-335,8,-0.024259,,1
OR.PA-press-noise-335,9,-0.031583,,1
OR.PA-press-noise-335,10,-0.035235,,1
OR.PA-press-noise-335,11,-0.025041,,1
OR.PA-press-noise-335,12,-0.004376,,1
OR.PA-press-noise-335,13,0.011454,,1
OR.PA-press-noise-335,14,0.009499,,1
OR.PA-press-noise-335,15,0.012499,,1
OR.PA-press-noise-335,16,0.002359,,1
OR.PA-press-noise-335,17,0.003396,,1
OR.PA-press-noise-335,18,0.019843,,1
OR.PA-press-noise-335,19,0.009878,,1
OR.PA-press-noise-335,20,0.022689,,1
OR.PA-press-noise-335,21,0.033151,,1
OR.PA-press-noise-335,22,0.056869,,1
OR.PA-press-noise-335,23,0.076264,,1
OR.PA-press-noise-335,24,0.065255,,1
OR.PA-press-noise-335,25,0.056132,,1
OR.PA-press-noise-335,26,0.066676,,1
OR.PA-press-noise-335,27,0.06513,,1
OR.PA-press-noise-335,28,0.061818,,1
OR.PA-press-noise-335,29,0.073084,,1
OR.PA-press-noise-335,30,0.066583,,1
OR.PA-press-noise-334,1,0.025934,,1
OR.PA-press-noise-334,2,-0.005328,,1
OR.PA-press-noise-334,3,0.003318,,1
OR.PA-press-noise-334,4,-0.01891,,1
OR.PA-press-noise-334,5,-0.023362,,1
OR.PA-press-noise-334,6,-0.012885,,1
OR.PA-press-noise-334,7,-0.019002,,1
OR.PA-press-noise-334,8,-0.024259,,1
OR.PA-press-noise-334,9,-0.031583,,1
OR.PA-press-noise-334,10,-0.035235,,1
OR.PA-press-noise-334,11,-0.025041,,1
OR.PA-press-noise-334,12,-0.004376,,1
OR.PA-press-noise-334,13,0.011454,,1
OR.PA-press-noise-334,14,0.009499,,1
OR.PA-press-noise-334,15,0.012499,,1
OR.PA-press-noise-334,16,0.002359,,1
OR.PA-press-noise-334,17,0.003396,,1
OR.PA-press-noise-334,18,0.019843,,1
OR.PA-press-noise-334,19,0.009878,,1
OR.PA-press-noise-334,20,0.022689,,1
OR.PA-press-noise-334,21,0.033151,,1
OR.PA-press-noise-334,22,0.056869,,1
OR.PA-press-noise-334,23,0.076264,,1
OR.PA-press-noise-334,24,0.065255,,1
OR.PA-press-noise-334,25,0.056132,,1
OR.PA-press-noise-334,26,0.066676,,1
OR.PA-press-noise-334,27,0.06513,,1
OR.PA-press-noise-334,28,0.061818,,1
OR.PA-press-noise-334,29,0.073084,,1
OR.PA-press-noise-334,30,0.066583,,1
OR.PA-press-noise-333,1,0.01005,,1
OR.PA-press-noise-333,2,-0.016316,,1
OR.PA-press-noise-333,3,0.009485,,1
OR.PA-press-noise-333,4,-0.02191,,1
OR.PA-press-noise-333,5,-0.013397,,1
OR.PA-press-noise-333,6,-0.035757,,1
OR.PA-press-noise-333,7,-0.040343,,1
OR.PA-press-noise-333,8,-0.029999,,1
OR.PA-press-noise-333,9,-0.036249,,1
OR.PA-press-noise-333,10,-0.041639,,1
OR.PA-press-noise-333,11,-0.049095,,1
OR.PA-press-noise-333,12,-0.052881,,1
OR.PA-press-noise-333,13,-0.042819,,1
OR.PA-press-noise-333,14,-0.022287,,1
OR.PA-press-noise-333,15,-0.00659,,1
OR.PA-press-noise-333,16,-0.008678,,1
OR.PA-press-noise-333,17,-0.005811,,1
OR.PA-press-noise-333,18,-0.016084,,1
OR.PA-press-noise-333,19,-0.01518,,1
OR.PA-press-noise-333,20,0.001135,,1
OR.PA-press-noise-333,21,-0.008964,,1
OR.PA-press-noise-333,22,0.003714,,1
OR.PA-press-noise-333,23,0.014044,,1
OR.PA-press-noise-333,24,0.037629,,1
OR.PA-press-noise-333,25,0.056891,,1
OR.PA-press-noise-333,26,0.045749,,1
OR.PA-press-noise-333,27,0.036493,,1
OR.PA-press-noise-333,28,0.046904,,1
OR.PA-press-noise-333,29,0.045225,,1
OR.PA-press-noise-333,30,0.04178,,1
OR.PA-press-noise-330,1,-0.024178,,1
OR.PA-press-noise-330,2,-0.021451,,1
OR.PA-press-noise-330,3,-0.028937,,1
OR.PA-press-noise-330,4,-0.016978,,1
OR.PA-press-noise-330,5,-0.026972,,1
OR.PA-press-noise-330,6,-0.045513,,1
OR.PA-press-noise-330,7,-0.057304,,1
OR.PA-press-noise-330,8,-0.049736,,1
OR.PA-press-noise-330,9,-0.054763,,1
OR.PA-press-noise-330,10,-0.045324,,1
OR.PA-press-noise-330,11,-0.072302,,1
OR.PA-press-noise-330,12,-0.047113,,1
OR.PA-press-noise-330,13,-0.07912,,1
OR.PA-press-noise-330,14,-0.071219,,1
OR.PA-press-noise-330,15,-0.094191,,1
OR.PA-press-noise-330,16,-0.099388,,1
OR.PA-press-noise-330,17,-0.089656,,1
OR.PA-press-noise-330,18,-0.096518,,1
OR.PA-press-noise-330,19,-0.102519,,1
OR.PA-press-noise-330,20,-0.110588,,1
OR.PA-press-noise-330,21,-0.114985,,1
OR.PA-press-noise-330,22,-0.105535,,1
OR.PA-press-noise-330,23,-0.085615,,1
OR.PA-press-noise-330,24,-0.07053,,1
OR.PA-press-noise-330,25,-0.07323,,1
OR.PA-press-noise-330,26,-0.070974,,1
OR.PA-press-noise-330,27,-0.08186,,1
OR.PA-press-noise-330,28,-0.081567,,1
OR.PA-press-noise-330,29,-0.065865,,1
OR.PA-press-noise-330,30,-0.076575,,1
OR.PA-press-noise-329,1,-0.024178,,1
OR.PA-press-noise-329,2,-0.021451,,1
OR.PA-press-noise-329,3,-0.028937,,1
OR.PA-press-noise-329,4,-0.016978,,1
OR.PA-press-noise-329,5,-0.026972,,1
OR.PA-press-noise-329,6,-0.045513,,1
OR.PA-press-noise-329,7,-0.057304,,1
OR.PA-press-noise-329,8,-0.049736,,1
OR.PA-press-noise-329,9,-0.054763,,1
OR.PA-press-noise-329,10,-0.045324,,1
OR.PA-press-noise-329,11,-0.072302,,1
OR.PA-press-noise-329,12,-0.047113,,1
OR.PA-press-noise-329,13,-0.07912,,1
OR.PA-press-noise-329,14,-0.071219,,1
OR.PA-press-noise-329,15,-0.094191,,1
OR.PA-press-noise-329,16,-0.099388,,1
OR.PA-press-noise-329,17,-0.089656,,1
OR.PA-press-noise-329,18,-0.096518,,1
OR.PA-press-noise-329,19,-0.102519,,1
OR.PA-press-noise-329,20,-0.110588,,1
OR.PA-press-noise-329,21,-0.114985,,1
OR.PA-press-noise-329,22,-0.105535,,1
OR.PA-press-noise-329,23,-0.085615,,1
OR.PA-press-noise-329,24,-0.07053,,1
OR.PA-press-noise-329,25,-0.07323,,1
OR.PA-press-noise-329,26,-0.070974,,1
OR.PA-press-noise-329,27,-0.08186,,1
OR.PA-press-noise-329,28,-0.081567,,1
OR.PA-press-noise-329,29,-0.065865,,1
OR.PA-press-noise-329,30,-0.076575,,1
OR.PA-press-noise-328,1,-0.024178,,1
OR.PA-press-noise-328,2,-0.021451,,1
OR.PA-press-noise-328,3,-0.028937,,1
OR.PA-press-noise-328,4,-0.016978,,1
OR.PA-press-noise-328,5,-0.026972,,1
OR.PA-press-noise-328,6,-0.045513,,1
OR.PA-press-noise-328,7,-0.057304,,1
OR.PA-press-noise-328,8,-0.049736,,1
OR.PA-press-noise-328,9,-0.054763,,1
OR.PA-press-noise-328,10,-0.045324,,1
OR.PA-press-noise-328,11,-0.072302,,1
OR.PA-press-noise-328,12,-0.047113,,1
OR.PA-press-noise-328,13,-0.07912,,1
OR.PA-press-noise-328,14,-0.071219,,1
OR.PA-press-noise-328,15,-0.094191,,1
OR.PA-press-noise-328,16,-0.099388,,1
OR.PA-press-noise-328,17,-0.089656,,1
OR.PA-press-noise-328,18,-0.096518,,1
OR.PA-press-noise-328,19,-0.102519,,1
OR.PA-press-noise-328,20,-0.110588,,1
OR.PA-press-noise-328,21,-0.114985,,1
OR.PA-press-noise-328,22,-0.105535,,1
OR.PA-press-noise-328,23,-0.085615,,1
OR.PA-press-noise-328,24,-0.07053,,1
OR.PA-press-noise-328,25,-0.07323,,1
OR.PA-press-noise-328,26,-0.070974,,1
OR.PA-press-noise-328,27,-0.08186,,1
OR.PA-press-noise-328,28,-0.081567,,1
OR.PA-press-noise-328,29,-0.065865,,1
OR.PA-press-noise-328,30,-0.076575,,1
OR.PA-press-noise-327,1,-0.011572,,1
OR.PA-press-noise-327,2,-0.011658,,1
OR.PA-press-noise-327,3,-0.008583,,1
OR.PA-press-noise-327,4,-0.02114,,1
OR.PA-press-noise-327,5,-0.022248,,1
OR.PA-press-noise-327,6,-0.0066,,1
OR.PA-press-noise-327,7,0.000911,,1
OR.PA-press-noise-327,8,-0.001412,,1
OR.PA-press-noise-327,9,0.003165,,1
OR.PA-press-noise-327,10,0.010471,,1
OR.PA-press-noise-327,11,0.003304,,1
OR.PA-press-noise-327,12,-0.008714,,1
OR.PA-press-noise-327,13,-0.01973,,1
OR.PA-press-noise-327,14,-0.021174,,1
OR.PA-press-noise-327,15,-0.031963,,1
OR.PA-press-noise-327,16,-0.036744,,1
OR.PA-press-noise-327,17,-0.042698,,1
OR.PA-press-noise-327,18,-0.036899,,1
OR.PA-press-noise-327,19,-0.041001,,1
OR.PA-press-noise-327,20,-0.030082,,1
OR.PA-press-noise-327,21,-0.031531,,1
OR.PA-press-noise-327,22,-0.049893,,1
OR.PA-press-noise-327,23,-0.073072,,1
OR.PA-press-noise-327,24,-0.075862,,1
OR.PA-press-noise-327,25,-0.095118,,1
OR.PA-press-noise-327,26,-0.099411,,1
OR.PA-press-noise-327,27,-0.08966,,1
OR.PA-press-noise-327,28,-0.091515,,1
OR.PA-press-noise-327,29,-0.082932,,1
OR.PA-press-noise-327,30,-0.094024,,1
OR.PA-press-noise-326,1,-0.011572,,1
OR.PA-press-noise-326,2,-0.011658,,1
OR.PA-press-noise-326,3,-0.008583,,1
OR.PA-press-noise-326,4,-0.02114,,1
OR.PA-press-noise-326,5,-0.022248,,1
OR.PA-press-noise-326,6,-0.0066,,1
OR.PA-press-noise-326,7,0.000911,,1
OR.PA-press-noise-326,8,-0.001412,,1
OR.PA-press-noise-326,9,0.003165,,1
OR.PA-press-noise-326,10,0.010471,,1
OR.PA-press-noise-326,11,0.003304,,1
OR.PA-press-noise-326,12,-0.008714,,1
OR.PA-press-noise-326,13,-0.01973,,1
OR.PA-press-noise-326,14,-0.021174,,1
OR.PA-press-noise-326,15,-0.031963,,1
OR.PA-press-noise-326,16,-0.036744,,1
OR.PA-press-noise-326,17,-0.042698,,1
OR.PA-press-noise-326,18,-0.036899,,1
OR.PA-press-noise-326,19,-0.041001,,1
OR.PA-press-noise-326,20,-0.030082,,1
OR.PA-press-noise-326,21,-0.031531,,1
OR.PA-press-noise-326,22,-0.049893,,1
OR.PA-press-noise-326,23,-0.073072,,1
OR.PA-press-noise-326,24,-0.075862,,1
OR.PA-press-noise-326,25,-0.095118,,1
OR.PA-press-noise-326,26,-0.099411,,1
OR.PA-press-noise-326,27,-0.08966,,1
OR.PA-press-noise-326,28,-0.091515,,1
OR.PA-press-noise-326,29,-0.082932,,1
OR.PA-press-noise-326,30,-0.094024,,1
OR.PA-press-noise-325,1,-0.011572,,1
OR.PA-press-noise-325,2,-0.011658,,1
OR.PA-press-noise-325,3,-0.008583,,1
OR.PA-press-noise-325,4,-0.02114,,1
OR.PA-press-noise-325,5,-0.022248,,1
OR.PA-press-noise-325,6,-0.0066,,1
OR.PA-press-noise-325,7,0.000911,,1
OR.PA-press-noise-325,8,-0.001412,,1
OR.PA-press-noise-325,9,0.003165,,1
OR.PA-press-noise-325,10,0.010471,,1
OR.PA-press-noise-325,11,0.003304,,1
OR.PA-press-noise-325,12,-0.008714,,1
OR.PA-press-noise-325,13,-0.01973,,1
OR.PA-press-noise-325,14,-0.021174,,1
OR.PA-press-noise-325,15,-0.031963,,1
OR.PA-press-noise-325,16,-0.036744,,1
OR.PA-press-noise-325,17,-0.042698,,1
OR.PA-press-noise-325,18,-0.036899,,1
OR.PA-press-noise-325,19,-0.041001,,1
OR.PA-press-noise-325,20,-0.030082,,1
OR.PA-press-noise-325,21,-0.031531,,1
OR.PA-press-noise-325,22,-0.049893,,1
OR.PA-press-noise-325,23,-0.073072,,1
OR.PA-press-noise-325,24,-0.075862,,1
OR.PA-press-noise-325,25,-0.095118,,1
OR.PA-press-noise-325,26,-0.099411,,1
OR.PA-press-noise-325,27,-0.08966,,1
OR.PA-press-noise-325,28,-0.091515,,1
OR.PA-press-noise-325,29,-0.082932,,1
OR.PA-press-noise-325,30,-0.094024,,1
OR.PA-press-noise-324,1,-0.011572,,1
OR.PA-press-noise-324,2,-0.011658,,1
OR.PA-press-noise-324,3,-0.008583,,1
OR.PA-press-noise-324,4,-0.02114,,1
OR.PA-press-noise-324,5,-0.022248,,1
OR.PA-press-noise-324,6,-0.0066,,1
OR.PA-press-noise-324,7,0.000911,,1
OR.PA-press-noise-324,8,-0.001412,,1
OR.PA-press-noise-324,9,0.003165,,1
OR.PA-press-noise-324,10,0.010471,,1
OR.PA-press-noise-324,11,0.003304,,1
OR.PA-press-noise-324,12,-0.008714,,1
OR.PA-press-noise-324,13,-0.01973,,1
OR.PA-press-noise-324,14,-0.021174,,1
OR.PA-press-noise-324,15,-0.031963,,1
OR.PA-press-noise-324,16,-0.036744,,1
OR.PA-press-noise-324,17,-0.042698,,1
OR.PA-press-noise-324,18,-0.036899,,1
OR.PA-press-noise-324,19,-0.041001,,1
OR.PA-press-noise-324,20,-0.030082,,1
OR.PA-press-noise-324,21,-0.031531,,1
OR.PA-press-noise-324,22,-0.049893,,1
OR.PA-press-noise-324,23,-0.073072,,1
OR.PA-press-noise-324,24,-0.075862,,1
OR.PA-press-noise-324,25,-0.095118,,1
OR.PA-press-noise-324,26,-0.099411,,1
OR.PA-press-noise-324,27,-0.08966,,1
OR.PA-press-noise-324,28,-0.091515,,1
OR.PA-press-noise-324,29,-0.082932,,1
OR.PA-press-noise-324,30,-0.094024,,1
OR.PA-press-noise-323,1,-0.011572,,1
OR.PA-press-noise-323,2,-0.011658,,1
OR.PA-press-noise-323,3,-0.008583,,1
OR.PA-press-noise-323,4,-0.02114,,1
OR.PA-press-noise-323,5,-0.022248,,1
OR.PA-press-noise-323,6,-0.0066,,1
OR.PA-press-noise-323,7,0.000911,,1
OR.PA-press-noise-323,8,-0.001412,,1
OR.PA-press-noise-323,9,0.003165,,1
OR.PA-press-noise-323,10,0.010471,,1
OR.PA-press-noise-323,11,0.003304,,1
OR.PA-press-noise-323,12,-0.008714,,1
OR.PA-press-noise-323,13,-0.01973,,1
OR.PA-press-noise-323,14,-0.021174,,1
OR.PA-press-noise-323,15,-0.031963,,1
OR.PA-press-noise-323,16,-0.036744,,1
OR.PA-press-noise-323,17,-0.042698,,1
OR.PA-press-noise-323,18,-0.036899,,1
OR.PA-press-noise-323,19,-0.041001,,1
OR.PA-press-noise-323,20,-0.030082,,1
OR.PA-press-noise-323,21,-0.031531,,1
OR.PA-press-noise-323,22,-0.049893,,1
OR.PA-press-noise-323,23,-0.073072,,1
OR.PA-press-noise-323,24,-0.075862,,1
OR.PA-press-noise-323,25,-0.095118,,1
OR.PA-press-noise-323,26,-0.099411,,1
OR.PA-press-noise-323,27,-0.08966,,1
OR.PA-press-noise-323,28,-0.091515,,1
OR.PA-press-noise-323,29,-0.082932,,1
OR.PA-press-noise-323,30,-0.094024,,1
OR.PA-press-noise-322,1,-0.011572,,1
OR.PA-press-noise-322,2,-0.011658,,1
OR.PA-press-noise-322,3,-0.008583,,1
OR.PA-press-noise-322,4,-0.02114,,1
OR.PA-press-noise-322,5,-0.022248,,1
OR.PA-press-noise-322,6,-0.0066,,1
OR.PA-press-noise-322,7,0.000911,,1
OR.PA-press-noise-322,8,-0.001412,,1
OR.PA-press-noise-322,9,0.003165,,1
OR.PA-press-noise-322,10,0.010471,,1
OR.PA-press-noise-322,11,0.003304,,1
OR.PA-press-noise-322,12,-0.008714,,1
OR.PA-press-noise-322,13,-0.01973,,1
OR.PA-press-noise-322,14,-0.021174,,1
OR.PA-press-noise-322,15,-0.031963,,1
OR.PA-press-noise-322,16,-0.036744,,1
OR.PA-press-noise-322,17,-0.042698,,1
OR.PA-press-noise-322,18,-0.036899,,1
OR.PA-press-noise-322,19,-0.041001,,1
OR.PA-press-noise-322,20,-0.030082,,1
OR.PA-press-noise-322,21,-0.031531,,1
OR.PA-press-noise-322,22,-0.049893,,1
OR.PA-press-noise-322,23,-0.073072,,1
OR.PA-press-noise-322,24,-0.075862,,1
OR.PA-press-noise-322,25,-0.095118,,1
OR.PA-press-noise-322,26,-0.099411,,1
OR.PA-press-noise-322,27,-0.08966,,1
OR.PA-press-noise-322,28,-0.091515,,1
OR.PA-press-noise-322,29,-0.082932,,1
OR.PA-press-noise-322,30,-0.094024,,1
OR.PA-press-noise-321,1,-0.011572,,1
OR.PA-press-noise-321,2,-0.011658,,1
OR.PA-press-noise-321,3,-0.008583,,1
OR.PA-press-noise-321,4,-0.02114,,1
OR.PA-press-noise-321,5,-0.022248,,1
OR.PA-press-noise-321,6,-0.0066,,1
OR.PA-press-noise-321,7,0.000911,,1
OR.PA-press-noise-321,8,-0.001412,,1
OR.PA-press-noise-321,9,0.003165,,1
OR.PA-press-noise-321,10,0.010471,,1
OR.PA-press-noise-321,11,0.003304,,1
OR.PA-press-noise-321,12,-0.008714,,1
OR.PA-press-noise-321,13,-0.01973,,1
OR.PA-press-noise-321,14,-0.021174,,1
OR.PA-press-noise-321,15,-0.031963,,1
OR.PA-press-noise-321,16,-0.036744,,1
OR.PA-press-noise-321,17,-0.042698,,1
OR.PA-press-noise-321,18,-0.036899,,1
OR.PA-press-noise-321,19,-0.041001,,1
OR.PA-press-noise-321,20,-0.030082,,1
OR.PA-press-noise-321,21,-0.031531,,1
OR.PA-press-noise-321,22,-0.049893,,1
OR.PA-press-noise-321,23,-0.073072,,1
OR.PA-press-noise-321,24,-0.075862,,1
OR.PA-press-noise-321,25,-0.095118,,1
OR.PA-press-noise-321,26,-0.099411,,1
OR.PA-press-noise-321,27,-0.08966,,1
OR.PA-press-noise-321,28,-0.091515,,1
OR.PA-press-noise-321,29,-0.082932,,1
OR.PA-press-noise-321,30,-0.094024,,1
OR.PA-press-noise-320,1,-0.011572,,1
OR.PA-press-noise-320,2,-0.011658,,1
OR.PA-press-noise-320,3,-0.008583,,1
OR.PA-press-noise-320,4,-0.02114,,1
OR.PA-press-noise-320,5,-0.022248,,1
OR.PA-press-noise-320,6,-0.0066,,1
OR.PA-press-noise-320,7,0.000911,,1
OR.PA-press-noise-320,8,-0.001412,,1
OR.PA-press-noise-320,9,0.003165,,1
OR.PA-press-noise-320,10,0.010471,,1
OR.PA-press-noise-320,11,0.003304,,1
OR.PA-press-noise-320,12,-0.008714,,1
OR.PA-press-noise-320,13,-0.01973,,1
OR.PA-press-noise-320,14,-0.021174,,1
OR.PA-press-noise-320,15,-0.031963,,1
OR.PA-press-noise-320,16,-0.036744,,1
OR.PA-press-noise-320,17,-0.042698,,1
OR.PA-press-noise-320,18,-0.036899,,1
OR.PA-press-noise-320,19,-0.041001,,1
OR.PA-press-noise-320,20,-0.030082,,1
OR.PA-press-noise-320,21,-0.031531,,1
OR.PA-press-noise-320,22,-0.049893,,1
OR.PA-press-noise-320,23,-0.073072,,1
OR.PA-press-noise-320,24,-0.075862,,1
OR.PA-press-noise-320,25,-0.095118,,1
OR.PA-press-noise-320,26,-0.099411,,1
OR.PA-press-noise-320,27,-0.08966,,1
OR.PA-press-noise-320,28,-0.091515,,1
OR.PA-press-noise-320,29,-0.082932,,1
OR.PA-press-noise-320,30,-0.094024,,1
OR.PA-press-noise-319,1,-0.011572,,1
OR.PA-press-noise-319,2,-0.011658,,1
OR.PA-press-noise-319,3,-0.008583,,1
OR.PA-press-noise-319,4,-0.02114,,1
OR.PA-press-noise-319,5,-0.022248,,1
OR.PA-press-noise-319,6,-0.0066,,1
OR.PA-press-noise-319,7,0.000911,,1
OR.PA-press-noise-319,8,-0.001412,,1
OR.PA-press-noise-319,9,0.003165,,1
OR.PA-press-noise-319,10,0.010471,,1
OR.PA-press-noise-319,11,0.003304,,1
OR.PA-press-noise-319,12,-0.008714,,1
OR.PA-press-noise-319,13,-0.01973,,1
OR.PA-press-noise-319,14,-0.021174,,1
OR.PA-press-noise-319,15,-0.031963,,1
OR.PA-press-noise-319,16,-0.036744,,1
OR.PA-press-noise-319,17,-0.042698,,1
OR.PA-press-noise-319,18,-0.036899,,1
OR.PA-press-noise-319,19,-0.041001,,1
OR.PA-press-noise-319,20,-0.030082,,1
OR.PA-press-noise-319,21,-0.031531,,1
OR.PA-press-noise-319,22,-0.049893,,1
OR.PA-press-noise-319,23,-0.073072,,1
OR.PA-press-noise-319,24,-0.075862,,1
OR.PA-press-noise-319,25,-0.095118,,1
OR.PA-press-noise-319,26,-0.099411,,1
OR.PA-press-noise-319,27,-0.08966,,1
OR.PA-press-noise-319,28,-0.091515,,1
OR.PA-press-noise-319,29,-0.082932,,1
OR.PA-press-noise-319,30,-0.094024,,1
OR.PA-press-noise-318,1,-0.011572,,1
OR.PA-press-noise-318,2,-0.011658,,1
OR.PA-press-noise-318,3,-0.008583,,1
OR.PA-press-noise-318,4,-0.02114,,1
OR.PA-press-noise-318,5,-0.022248,,1
OR.PA-press-noise-318,6,-0.0066,,1
OR.PA-press-noise-318,7,0.000911,,1
OR.PA-press-noise-318,8,-0.001412,,1
OR.PA-press-noise-318,9,0.003165,,1
OR.PA-press-noise-318,10,0.010471,,1
OR.PA-press-noise-318,11,0.003304,,1
OR.PA-press-noise-318,12,-0.008714,,1
OR.PA-press-noise-318,13,-0.01973,,1
OR.PA-press-noise-318,14,-0.021174,,1
OR.PA-press-noise-318,15,-0.031963,,1
OR.PA-press-noise-318,16,-0.036744,,1
OR.PA-press-noise-318,17,-0.042698,,1
OR.PA-press-noise-318,18,-0.036899,,1
OR.PA-press-noise-318,19,-0.041001,,1
OR.PA-press-noise-318,20,-0.030082,,1
OR.PA-press-noise-318,21,-0.031531,,1
OR.PA-press-noise-318,22,-0.049893,,1
OR.PA-press-noise-318,23,-0.073072,,1
OR.PA-press-noise-318,24,-0.075862,,1
OR.PA-press-noise-318,25,-0.095118,,1
OR.PA-press-noise-318,26,-0.099411,,1
OR.PA-press-noise-318,27,-0.08966,,1
OR.PA-press-noise-318,28,-0.091515,,1
OR.PA-press-noise-318,29,-0.082932,,1
OR.PA-press-noise-318,30,-0.094024,,1
OR.PA-press-noise-317,1,-0.011572,,1
OR.PA-press-noise-317,2,-0.011658,,1
OR.PA-press-noise-317,3,-0.008583,,1
OR.PA-press-noise-317,4,-0.02114,,1
OR.PA-press-noise-317,5,-0.022248,,1
OR.PA-press-noise-317,6,-0.0066,,1
OR.PA-press-noise-317,7,0.000911,,1
OR.PA-press-noise-317,8,-0.001412,,1
OR.PA-press-noise-317,9,0.003165,,1
OR.PA-press-noise-317,10,0.010471,,1
OR.PA-press-noise-317,11,0.003304,,1
OR.PA-press-noise-317,12,-0.008714,,1
OR.PA-press-noise-317,13,-0.01973,,1
OR.PA-press-noise-317,14,-0.021174,,1
OR.PA-press-noise-317,15,-0.031963,,1
OR.PA-press-noise-317,16,-0.036744,,1
OR.PA-press-noise-317,17,-0.042698,,1
OR.PA-press-noise-317,18,-0.036899,,1
OR.PA-press-noise-317,19,-0.041001,,1
OR.PA-press-noise-317,20,-0.030082,,1
OR.PA-press-noise-317,21,-0.031531,,1
OR.PA-press-noise-317,22,-0.049893,,1
OR.PA-press-noise-317,23,-0.073072,,1
OR.PA-press-noise-317,24,-0.075862,,1
OR.PA-press-noise-317,25,-0.095118,,1
OR.PA-press-noise-317,26,-0.099411,,1
OR.PA-press-noise-317,27,-0.08966,,1
OR.PA-press-noise-317,28,-0.091515,,1
OR.PA-press-noise-317,29,-0.082932,,1
OR.PA-press-noise-317,30,-0.094024,,1
OR.PA-press-noise-316,1,-0.011572,,1
OR.PA-press-noise-316,2,-0.011658,,1
OR.PA-press-noise-316,3,-0.008583,,1
OR.PA-press-noise-316,4,-0.02114,,1
OR.PA-press-noise-316,5,-0.022248,,1
OR.PA-press-noise-316,6,-0.0066,,1
OR.PA-press-noise-316,7,0.000911,,1
OR.PA-press-noise-316,8,-0.001412,,1
OR.PA-press-noise-316,9,0.003165,,1
OR.PA-press-noise-316,10,0.010471,,1
OR.PA-press-noise-316,11,0.003304,,1
OR.PA-press-noise-316,12,-0.008714,,1
OR.PA-press-noise-316,13,-0.01973,,1
OR.PA-press-noise-316,14,-0.021174,,1
OR.PA-press-noise-316,15,-0.031963,,1
OR.PA-press-noise-316,16,-0.036744,,1
OR.PA-press-noise-316,17,-0.042698,,1
OR.PA-press-noise-316,18,-0.036899,,1
OR.PA-press-noise-316,19,-0.041001,,1
OR.PA-press-noise-316,20,-0.030082,,1
OR.PA-press-noise-316,21,-0.031531,,1
OR.PA-press-noise-316,22,-0.049893,,1
OR.PA-press-noise-316,23,-0.073072,,1
OR.PA-press-noise-316,24,-0.075862,,1
OR.PA-press-noise-316,25,-0.095118,,1
OR.PA-press-noise-316,26,-0.099411,,1
OR.PA-press-noise-316,27,-0.08966,,1
OR.PA-press-noise-316,28,-0.091515,,1
OR.PA-press-noise-316,29,-0.082932,,1
OR.PA-press-noise-316,30,-0.094024,,1
OR.PA-press-noise-315,1,-0.011572,,1
OR.PA-press-noise-315,2,-0.011658,,1
OR.PA-press-noise-315,3,-0.008583,,1
OR.PA-press-noise-315,4,-0.02114,,1
OR.PA-press-noise-315,5,-0.022248,,1
OR.PA-press-noise-315,6,-0.0066,,1
OR.PA-press-noise-315,7,0.000911,,1
OR.PA-press-noise-315,8,-0.001412,,1
OR.PA-press-noise-315,9,0.003165,,1
OR.PA-press-noise-315,10,0.010471,,1
OR.PA-press-noise-315,11,0.003304,,1
OR.PA-press-noise-315,12,-0.008714,,1
OR.PA-press-noise-315,13,-0.01973,,1
OR.PA-press-noise-315,14,-0.021174,,1
OR.PA-press-noise-315,15,-0.031963,,1
OR.PA-press-noise-315,16,-0.036744,,1
OR.PA-press-noise-315,17,-0.042698,,1
OR.PA-press-noise-315,18,-0.036899,,1
OR.PA-press-noise-315,19,-0.041001,,1
OR.PA-press-noise-315,20,-0.030082,,1
OR.PA-press-noise-315,21,-0.031531,,1
OR.PA-press-noise-315,22,-0.049893,,1
OR.PA-press-noise-315,23,-0.073072,,1
OR.PA-press-noise-315,24,-0.075862,,1
OR.PA-press-noise-315,25,-0.095118,,1
OR.PA-press-noise-315,26,-0.099411,,1
OR.PA-press-noise-315,27,-0.08966,,1
OR.PA-press-noise-315,28,-0.091515,,1
OR.PA-press-noise-315,29,-0.082932,,1
OR.PA-press-noise-315,30,-0.094024,,1
OR.PA-press-noise-314,1,-0.011572,,1
OR.PA-press-noise-314,2,-0.011658,,1
OR.PA-press-noise-314,3,-0.008583,,1
OR.PA-press-noise-314,4,-0.02114,,1
OR.PA-press-noise-314,5,-0.022248,,1
OR.PA-press-noise-314,6,-0.0066,,1
OR.PA-press-noise-314,7,0.000911,,1
OR.PA-press-noise-314,8,-0.001412,,1
OR.PA-press-noise-314,9,0.003165,,1
OR.PA-press-noise-314,10,0.010471,,1
OR.PA-press-noise-314,11,0.003304,,1
OR.PA-press-noise-314,12,-0.008714,,1
OR.PA-press-noise-314,13,-0.01973,,1
OR.PA-press-noise-314,14,-0.021174,,1
OR.PA-press-noise-314,15,-0.031963,,1
OR.PA-press-noise-314,16,-0.036744,,1
OR.PA-press-noise-314,17,-0.042698,,1
OR.PA-press-noise-314,18,-0.036899,,1
OR.PA-press-noise-314,19,-0.041001,,1
OR.PA-press-noise-314,20,-0.030082,,1
OR.PA-press-noise-314,21,-0.031531,,1
OR.PA-press-noise-314,22,-0.049893,,1
OR.PA-press-noise-314,23,-0.073072,,1
OR.PA-press-noise-314,24,-0.075862,,1
OR.PA-press-noise-314,25,-0.095118,,1
OR.PA-press-noise-314,26,-0.099411,,1
OR.PA-press-noise-314,27,-0.08966,,1
OR.PA-press-noise-314,28,-0.091515,,1
OR.PA-press-noise-314,29,-0.082932,,1
OR.PA-press-noise-314,30,-0.094024,,1
OR.PA-press-noise-313,1,-0.011572,,1
OR.PA-press-noise-313,2,-0.011658,,1
OR.PA-press-noise-313,3,-0.008583,,1
OR.PA-press-noise-313,4,-0.02114,,1
OR.PA-press-noise-313,5,-0.022248,,1
OR.PA-press-noise-313,6,-0.0066,,1
OR.PA-press-noise-313,7,0.000911,,1
OR.PA-press-noise-313,8,-0.001412,,1
OR.PA-press-noise-313,9,0.003165,,1
OR.PA-press-noise-313,10,0.010471,,1
OR.PA-press-noise-313,11,0.003304,,1
OR.PA-press-noise-313,12,-0.008714,,1
OR.PA-press-noise-313,13,-0.01973,,1
OR.PA-press-noise-313,14,-0.021174,,1
OR.PA-press-noise-313,15,-0.031963,,1
OR.PA-press-noise-313,16,-0.036744,,1
OR.PA-press-noise-313,17,-0.042698,,1
OR.PA-press-noise-313,18,-0.036899,,1
OR.PA-press-noise-313,19,-0.041001,,1
OR.PA-press-noise-313,20,-0.030082,,1
OR.PA-press-noise-313,21,-0.031531,,1
OR.PA-press-noise-313,22,-0.049893,,1
OR.PA-press-noise-313,23,-0.073072,,1
OR.PA-press-noise-313,24,-0.075862,,1
OR.PA-press-noise-313,25,-0.095118,,1
OR.PA-press-noise-313,26,-0.099411,,1
OR.PA-press-noise-313,27,-0.08966,,1
OR.PA-press-noise-313,28,-0.091515,,1
OR.PA-press-noise-313,29,-0.082932,,1
OR.PA-press-noise-313,30,-0.094024,,1
OR.PA-press-noise-312,1,-0.011572,,1
OR.PA-press-noise-312,2,-0.011658,,1
OR.PA-press-noise-312,3,-0.008583,,1
OR.PA-press-noise-312,4,-0.02114,,1
OR.PA-press-noise-312,5,-0.022248,,1
OR.PA-press-noise-312,6,-0.0066,,1
OR.PA-press-noise-312,7,0.000911,,1
OR.PA-press-noise-312,8,-0.001412,,1
OR.PA-press-noise-312,9,0.003165,,1
OR.PA-press-noise-312,10,0.010471,,1
OR.PA-press-noise-312,11,0.003304,,1
OR.PA-press-noise-312,12,-0.008714,,1
OR.PA-press-noise-312,13,-0.01973,,1
OR.PA-press-noise-312,14,-0.021174,,1
OR.PA-press-noise-312,15,-0.031963,,1
OR.PA-press-noise-312,16,-0.036744,,1
OR.PA-press-noise-312,17,-0.042698,,1
OR.PA-press-noise-312,18,-0.036899,,1
OR.PA-press-noise-312,19,-0.041001,,1
OR.PA-press-noise-312,20,-0.030082,,1
OR.PA-press-noise-312,21,-0.031531,,1
OR.PA-press-noise-312,22,-0.049893,,1
OR.PA-press-noise-312,23,-0.073072,,1
OR.PA-press-noise-312,24,-0.075862,,1
OR.PA-press-noise-312,25,-0.095118,,1
OR.PA-press-noise-312,26,-0.099411,,1
OR.PA-press-noise-312,27,-0.08966,,1
OR.PA-press-noise-312,28,-0.091515,,1
OR.PA-press-noise-312,29,-0.082932,,1
OR.PA-press-noise-312,30,-0.094024,,1
OR.PA-press-noise-311,1,0.022494,,1
OR.PA-press-noise-311,2,0.020222,,1
OR.PA-press-noise-311,3,0.02715,,1
OR.PA-press-noise-311,4,0.04124,,1
OR.PA-press-noise-311,5,0.051053,,1
OR.PA-press-noise-311,6,0.04781,,1
OR.PA-press-noise-311,7,0.052254,,1
OR.PA-press-noise-311,8,0.05364,,1
OR.PA-press-noise-311,9,0.067624,,1
OR.PA-press-noise-311,10,0.064762,,1
OR.PA-press-noise-311,11,0.065008,,1
OR.PA-press-noise-311,12,0.065806,,1
OR.PA-press-noise-311,13,0.054361,,1
OR.PA-press-noise-311,14,0.042687,,1
OR.PA-press-noise-311,15,0.042499,,1
OR.PA-press-noise-311,16,0.045472,,1
OR.PA-press-noise-311,17,0.032813,,1
OR.PA-press-noise-311,18,0.031603,,1
OR.PA-press-noise-311,19,0.047148,,1
OR.PA-press-noise-311,20,0.054557,,1
OR.PA-press-noise-311,21,0.052131,,1
OR.PA-press-noise-311,22,0.056607,,1
OR.PA-press-noise-311,23,0.063811,,1
OR.PA-press-noise-311,24,0.056541,,1
OR.PA-press-noise-311,25,0.044421,,1
OR.PA-press-noise-311,26,0.033303,,1
OR.PA-press-noise-311,27,0.031757,,1
OR.PA-press-noise-311,28,0.020866,,1
OR.PA-press-noise-311,29,0.015982,,1
OR.PA-press-noise-311,30,0.009927,,1
OR.PA-press-noise-310,1,0.022494,,1
OR.PA-press-noise-310,2,0.020222,,1
OR.PA-press-noise-310,3,0.02715,,1
OR.PA-press-noise-310,4,0.04124,,1
OR.PA-press-noise-310,5,0.051053,,1
OR.PA-press-noise-310,6,0.04781,,1
OR.PA-press-noise-310,7,0.052254,,1
OR.PA-press-noise-310,8,0.05364,,1
OR.PA-press-noise-310,9,0.067624,,1
OR.PA-press-noise-310,10,0.064762,,1
OR.PA-press-noise-310,11,0.065008,,1
OR.PA-press-noise-310,12,0.065806,,1
OR.PA-press-noise-310,13,0.054361,,1
OR.PA-press-noise-310,14,0.042687,,1
OR.PA-press-noise-310,15,0.042499,,1
OR.PA-press-noise-310,16,0.045472,,1
OR.PA-press-noise-310,17,0.032813,,1
OR.PA-press-noise-310,18,0.031603,,1
OR.PA-press-noise-310,19,0.047148,,1
OR.PA-press-noise-310,20,0.054557,,1
OR.PA-press-noise-310,21,0.052131,,1
OR.PA-press-noise-310,22,0.056607,,1
OR.PA-press-noise-310,23,0.063811,,1
OR.PA-press-noise-310,24,0.056541,,1
OR.PA-press-noise-310,25,0.044421,,1
OR.PA-press-noise-310,26,0.033303,,1
OR.PA-press-noise-310,27,0.031757,,1
OR.PA-press-noise-310,28,0.020866,,1
OR.PA-press-noise-310,29,0.015982,,1
OR.PA-press-noise-310,30,0.009927,,1
OR.PA-press-noise-309,1,0.022494,,1
OR.PA-press-noise-309,2,0.020222,,1
OR.PA-press-noise-309,3,0.02715,,1
OR.PA-press-noise-309,4,0.04124,,1
OR.PA-press-noise-309,5,0.051053,,1
OR.PA-press-noise-309,6,0.04781,,1
OR.PA-press-noise-309,7,0.052254,,1
OR.PA-press-noise-309,8,0.05364,,1
OR.PA-press-noise-309,9,0.067624,,1
OR.PA-press-noise-309,10,0.064762,,1
OR.PA-press-noise-309,11,0.065008,,1
OR.PA-press-noise-309,12,0.065806,,1
OR.PA-press-noise-309,13,0.054361,,1
OR.PA-press-noise-309,14,0.042687,,1
OR.PA-press-noise-309,15,0.042499,,1
OR.PA-press-noise-309,16,0.045472,,1
OR.PA-press-noise-309,17,0.032813,,1
OR.PA-press-noise-309,18,0.031603,,1
OR.PA-press-noise-309,19,0.047148,,1
OR.PA-press-noise-309,20,0.054557,,1
OR.PA-press-noise-309,21,0.052131,,1
OR.PA-press-noise-309,22,0.056607,,1
OR.PA-press-noise-309,23,0.063811,,1
OR.PA-press-noise-309,24,0.056541,,1
OR.PA-press-noise-309,25,0.044421,,1
OR.PA-press-noise-309,26,0.033303,,1
OR.PA-press-noise-309,27,0.031757,,1
OR.PA-press-noise-309,28,0.020866,,1
OR.PA-press-noise-309,29,0.015982,,1
OR.PA-press-noise-309,30,0.009927,,1
OR.PA-press-noise-308,1,0.022494,,1
OR.PA-press-noise-308,2,0.020222,,1
OR.PA-press-noise-308,3,0.02715,,1
OR.PA-press-noise-308,4,0.04124,,1
OR.PA-press-noise-308,5,0.051053,,1
OR.PA-press-noise-308,6,0.04781,,1
OR.PA-press-noise-308,7,0.052254,,1
OR.PA-press-noise-308,8,0.05364,,1
OR.PA-press-noise-308,9,0.067624,,1
OR.PA-press-noise-308,10,0.064762,,1
OR.PA-press-noise-308,11,0.065008,,1
OR.PA-press-noise-308,12,0.065806,,1
OR.PA-press-noise-308,13,0.054361,,1
OR.PA-press-noise-308,14,0.042687,,1
OR.PA-press-noise-308,15,0.042499,,1
OR.PA-press-noise-308,16,0.045472,,1
OR.PA-press-noise-308,17,0.032813,,1
OR.PA-press-noise-308,18,0.031603,,1
OR.PA-press-noise-308,19,0.047148,,1
OR.PA-press-noise-308,20,0.054557,,1
OR.PA-press-noise-308,21,0.052131,,1
OR.PA-press-noise-308,22,0.056607,,1
OR.PA-press-noise-308,23,0.063811,,1
OR.PA-press-noise-308,24,0.056541,,1
OR.PA-press-noise-308,25,0.044421,,1
OR.PA-press-noise-308,26,0.033303,,1
OR.PA-press-noise-308,27,0.031757,,1
OR.PA-press-noise-308,28,0.020866,,1
OR.PA-press-noise-308,29,0.015982,,1
OR.PA-press-noise-308,30,0.009927,,1
OR.PA-press-noise-307,1,0.022494,,1
OR.PA-press-noise-307,2,0.020222,,1
OR.PA-press-noise-307,3,0.02715,,1
OR.PA-press-noise-307,4,0.04124,,1
OR.PA-press-noise-307,5,0.051053,,1
OR.PA-press-noise-307,6,0.04781,,1
OR.PA-press-noise-307,7,0.052254,,1
OR.PA-press-noise-307,8,0.05364,,1
OR.PA-press-noise-307,9,0.067624,,1
OR.PA-press-noise-307,10,0.064762,,1
OR.PA-press-noise-307,11,0.065008,,1
OR.PA-press-noise-307,12,0.065806,,1
OR.PA-press-noise-307,13,0.054361,,1
OR.PA-press-noise-307,14,0.042687,,1
OR.PA-press-noise-307,15,0.042499,,1
OR.PA-press-noise-307,16,0.045472,,1
OR.PA-press-noise-307,17,0.032813,,1
OR.PA-press-noise-307,18,0.031603,,1
OR.PA-press-noise-307,19,0.047148,,1
OR.PA-press-noise-307,20,0.054557,,1
OR.PA-press-noise-307,21,0.052131,,1
OR.PA-press-noise-307,22,0.056607,,1
OR.PA-press-noise-307,23,0.063811,,1
OR.PA-press-noise-307,24,0.056541,,1
OR.PA-press-noise-307,25,0.044421,,1
OR.PA-press-noise-307,26,0.033303,,1
OR.PA-press-noise-307,27,0.031757,,1
OR.PA-press-noise-307,28,0.020866,,1
OR.PA-press-noise-307,29,0.015982,,1
OR.PA-press-noise-307,30,0.009927,,1
OR.PA-press-noise-306,1,0.022494,,1
OR.PA-press-noise-306,2,0.020222,,1
OR.PA-press-noise-306,3,0.02715,,1
OR.PA-press-noise-306,4,0.04124,,1
OR.PA-press-noise-306,5,0.051053,,1
OR.PA-press-noise-306,6,0.04781,,1
OR.PA-press-noise-306,7,0.052254,,1
OR.PA-press-noise-306,8,0.05364,,1
OR.PA-press-noise-306,9,0.067624,,1
OR.PA-press-noise-306,10,0.064762,,1
OR.PA-press-noise-306,11,0.065008,,1
OR.PA-press-noise-306,12,0.065806,,1
OR.PA-press-noise-306,13,0.054361,,1
OR.PA-press-noise-306,14,0.042687,,1
OR.PA-press-noise-306,15,0.042499,,1
OR.PA-press-noise-306,16,0.045472,,1
OR.PA-press-noise-306,17,0.032813,,1
OR.PA-press-noise-306,18,0.031603,,1
OR.PA-press-noise-306,19,0.047148,,1
OR.PA-press-noise-306,20,0.054557,,1
OR.PA-press-noise-306,21,0.052131,,1
OR.PA-press-noise-306,22,0.056607,,1
OR.PA-press-noise-306,23,0.063811,,1
OR.PA-press-noise-306,24,0.056541,,1
OR.PA-press-noise-306,25,0.044421,,1
OR.PA-press-noise-306,26,0.033303,,1
OR.PA-press-noise-306,27,0.031757,,1
OR.PA-press-noise-306,28,0.020866,,1
OR.PA-press-noise-306,29,0.015982,,1
OR.PA-press-noise-306,30,0.009927,,1
OR.PA-press-noise-304,1,0.022494,,1
OR.PA-press-noise-304,2,0.020222,,1
OR.PA-press-noise-304,3,0.02715,,1
OR.PA-press-noise-304,4,0.04124,,1
OR.PA-press-noise-304,5,0.051053,,1
OR.PA-press-noise-304,6,0.04781,,1
OR.PA-press-noise-304,7,0.052254,,1
OR.PA-press-noise-304,8,0.05364,,1
OR.PA-press-noise-304,9,0.067624,,1
OR.PA-press-noise-304,10,0.064762,,1
OR.PA-press-noise-304,11,0.065008,,1
OR.PA-press-noise-304,12,0.065806,,1
OR.PA-press-noise-304,13,0.054361,,1
OR.PA-press-noise-304,14,0.042687,,1
OR.PA-press-noise-304,15,0.042499,,1
OR.PA-press-noise-304,16,0.045472,,1
OR.PA-press-noise-304,17,0.032813,,1
OR.PA-press-noise-304,18,0.031603,,1
OR.PA-press-noise-304,19,0.047148,,1
OR.PA-press-noise-304,20,0.054557,,1
OR.PA-press-noise-304,21,0.052131,,1
OR.PA-press-noise-304,22,0.056607,,1
OR.PA-press-noise-304,23,0.063811,,1
OR.PA-press-noise-304,24,0.056541,,1
OR.PA-press-noise-304,25,0.044421,,1
OR.PA-press-noise-304,26,0.033303,,1
OR.PA-press-noise-304,27,0.031757,,1
OR.PA-press-noise-304,28,0.020866,,1
OR.PA-press-noise-304,29,0.015982,,1
OR.PA-press-noise-304,30,0.009927,,1
OR.PA-press-noise-302,1,-0.079507,,1
OR.PA-press-noise-302,2,-0.056937,,1
OR.PA-press-noise-302,3,-0.059132,,1
OR.PA-press-noise-302,4,-0.052128,,1
OR.PA-press-noise-302,5,-0.037962,,1
OR.PA-press-noise-302,6,-0.028073,,1
OR.PA-press-noise-302,7,-0.031239,,1
OR.PA-press-noise-302,8,-0.026718,,1
OR.PA-press-noise-302,9,-0.025256,,1
OR.PA-press-noise-302,10,-0.011196,,1
OR.PA-press-noise-302,11,-0.013981,,1
OR.PA-press-noise-302,12,-0.01366,,1
OR.PA-press-noise-302,13,-0.012785,,1
OR.PA-press-noise-302,14,-0.024154,,1
OR.PA-press-noise-302,15,-0.035752,,1
OR.PA-press-noise-302,16,-0.035863,,1
OR.PA-press-noise-302,17,-0.032814,,1
OR.PA-press-noise-302,18,-0.045397,,1
OR.PA-press-noise-302,19,-0.04653,,1
OR.PA-press-noise-302,20,-0.030909,,1
OR.PA-press-noise-302,21,-0.023423,,1
OR.PA-press-noise-302,22,-0.025772,,1
OR.PA-press-noise-302,23,-0.021221,,1
OR.PA-press-noise-302,24,-0.013941,,1
OR.PA-press-noise-302,25,-0.021134,,1
OR.PA-press-noise-302,26,-0.033178,,1
OR.PA-press-noise-302,27,-0.044219,,1
OR.PA-press-noise-302,28,-0.045689,,1
OR.PA-press-noise-302,29,-0.056504,,1
OR.PA-press-noise-302,30,-0.061311,,1
OR.PA-press-noise-301,1,-0.079507,,1
OR.PA-press-noise-301,2,-0.056937,,1
OR.PA-press-noise-301,3,-0.059132,,1
OR.PA-press-noise-301,4,-0.052128,,1
OR.PA-press-noise-301,5,-0.037962,,1
OR.PA-press-noise-301,6,-0.028073,,1
OR.PA-press-noise-301,7,-0.031239,,1
OR.PA-press-noise-301,8,-0.026718,,1
OR.PA-press-noise-301,9,-0.025256,,1
OR.PA-press-noise-301,10,-0.011196,,1
OR.PA-press-noise-301,11,-0.013981,,1
OR.PA-press-noise-301,12,-0.01366,,1
OR.PA-press-noise-301,13,-0.012785,,1
OR.PA-press-noise-301,14,-0.024154,,1
OR.PA-press-noise-301,15,-0.035752,,1
OR.PA-press-noise-301,16,-0.035863,,1
OR.PA-press-noise-301,17,-0.032814,,1
OR.PA-press-noise-301,18,-0.045397,,1
OR.PA-press-noise-301,19,-0.04653,,1
OR.PA-press-noise-301,20,-0.030909,,1
OR.PA-press-noise-301,21,-0.023423,,1
OR.PA-press-noise-301,22,-0.025772,,1
OR.PA-press-noise-301,23,-0.021221,,1
OR.PA-press-noise-301,24,-0.013941,,1
OR.PA-press-noise-301,25,-0.021134,,1
OR.PA-press-noise-301,26,-0.033178,,1
OR.PA-press-noise-301,27,-0.044219,,1
OR.PA-press-noise-301,28,-0.045689,,1
OR.PA-press-noise-301,29,-0.056504,,1
OR.PA-press-noise-301,30,-0.061311,,1
OR.PA-press-noise-294,1,-0.079507,,1
OR.PA-press-noise-294,2,-0.056937,,1
OR.PA-press-noise-294,3,-0.059132,,1
OR.PA-press-noise-294,4,-0.052128,,1
OR.PA-press-noise-294,5,-0.037962,,1
OR.PA-press-noise-294,6,-0.028073,,1
OR.PA-press-noise-294,7,-0.031239,,1
OR.PA-press-noise-294,8,-0.026718,,1
OR.PA-press-noise-294,9,-0.025256,,1
OR.PA-press-noise-294,10,-0.011196,,1
OR.PA-press-noise-294,11,-0.013981,,1
OR.PA-press-noise-294,12,-0.01366,,1
OR.PA-press-noise-294,13,-0.012785,,1
OR.PA-press-noise-294,14,-0.024154,,1
OR.PA-press-noise-294,15,-0.035752,,1
OR.PA-press-noise-294,16,-0.035863,,1
OR.PA-press-noise-294,17,-0.032814,,1
OR.PA-press-noise-294,18,-0.045397,,1
OR.PA-press-noise-294,19,-0.04653,,1
OR.PA-press-noise-294,20,-0.030909,,1
OR.PA-press-noise-294,21,-0.023423,,1
OR.PA-press-noise-294,22,-0.025772,,1
OR.PA-press-noise-294,23,-0.021221,,1
OR.PA-press-noise-294,24,-0.013941,,1
OR.PA-press-noise-294,25,-0.021134,,1
OR.PA-press-noise-294,26,-0.033178,,1
OR.PA-press-noise-294,27,-0.044219,,1
OR.PA-press-noise-294,28,-0.045689,,1
OR.PA-press-noise-294,29,-0.056504,,1
OR.PA-press-noise-294,30,-0.061311,,1
OR.PA-press-noise-292,1,0.00379,,1
OR.PA-press-noise-292,2,0.005204,,1
OR.PA-press-noise-292,3,0.00639,,1
OR.PA-press-noise-292,4,0.001616,,1
OR.PA-press-noise-292,5,0.007857,,1
OR.PA-press-noise-292,6,0.009371,,1
OR.PA-press-noise-292,7,0.016219,,1
OR.PA-press-noise-292,8,0.012386,,1
OR.PA-press-noise-292,9,0.009547,,1
OR.PA-press-noise-292,10,0.007596,,1
OR.PA-press-noise-292,11,0.009663,,1
OR.PA-press-noise-292,12,0.014941,,1
OR.PA-press-noise-292,13,0.013,,1
OR.PA-press-noise-292,14,-0.002816,,1
OR.PA-press-noise-292,15,-0.014646,,1
OR.PA-press-noise-292,16,-0.018455,,1
OR.PA-press-noise-292,17,-0.026068,,1
OR.PA-press-noise-292,18,-0.016942,,1
OR.PA-press-noise-292,19,-0.012777,,1
OR.PA-press-noise-292,20,-0.014413,,1
OR.PA-press-noise-292,21,-0.011509,,1
OR.PA-press-noise-292,22,-0.003214,,1
OR.PA-press-noise-292,23,-0.052481,,1
OR.PA-press-noise-292,24,-0.051567,,1
OR.PA-press-noise-292,25,-0.058443,,1
OR.PA-press-noise-292,26,-0.049276,,1
OR.PA-press-noise-292,27,-0.049775,,1
OR.PA-press-noise-292,28,-0.053683,,1
OR.PA-press-noise-292,29,-0.050071,,1
OR.PA-press-noise-292,30,-0.044726,,1
OR.PA-press-noise-291,1,0.00379,,1
OR.PA-press-noise-291,2,0.005204,,1
OR.PA-press-noise-291,3,0.00639,,1
OR.PA-press-noise-291,4,0.001616,,1
OR.PA-press-noise-291,5,0.007857,,1
OR.PA-press-noise-291,6,0.009371,,1
OR.PA-press-noise-291,7,0.016219,,1
OR.PA-press-noise-291,8,0.012386,,1
OR.PA-press-noise-291,9,0.009547,,1
OR.PA-press-noise-291,10,0.007596,,1
OR.PA-press-noise-291,11,0.009663,,1
OR.PA-press-noise-291,12,0.014941,,1
OR.PA-press-noise-291,13,0.013,,1
OR.PA-press-noise-291,14,-0.002816,,1
OR.PA-press-noise-291,15,-0.014646,,1
OR.PA-press-noise-291,16,-0.018455,,1
OR.PA-press-noise-291,17,-0.026068,,1
OR.PA-press-noise-291,18,-0.016942,,1
OR.PA-press-noise-291,19,-0.012777,,1
OR.PA-press-noise-291,20,-0.014413,,1
OR.PA-press-noise-291,21,-0.011509,,1
OR.PA-press-noise-291,22,-0.003214,,1
OR.PA-press-noise-291,23,-0.052481,,1
OR.PA-press-noise-291,24,-0.051567,,1
OR.PA-press-noise-291,25,-0.058443,,1
OR.PA-press-noise-291,26,-0.049276,,1
OR.PA-press-noise-291,27,-0.049775,,1
OR.PA-press-noise-291,28,-0.053683,,1
OR.PA-press-noise-291,29,-0.050071,,1
OR.PA-press-noise-291,30,-0.044726,,1
OR.PA-press-noise-289,1,0.00379,,1
OR.PA-press-noise-289,2,0.005204,,1
OR.PA-press-noise-289,3,0.00639,,1
OR.PA-press-noise-289,4,0.001616,,1
OR.PA-press-noise-289,5,0.007857,,1
OR.PA-press-noise-289,6,0.009371,,1
OR.PA-press-noise-289,7,0.016219,,1
OR.PA-press-noise-289,8,0.012386,,1
OR.PA-press-noise-289,9,0.009547,,1
OR.PA-press-noise-289,10,0.007596,,1
OR.PA-press-noise-289,11,0.009663,,1
OR.PA-press-noise-289,12,0.014941,,1
OR.PA-press-noise-289,13,0.013,,1
OR.PA-press-noise-289,14,-0.002816,,1
OR.PA-press-noise-289,15,-0.014646,,1
OR.PA-press-noise-289,16,-0.018455,,1
OR.PA-press-noise-289,17,-0.026068,,1
OR.PA-press-noise-289,18,-0.016942,,1
OR.PA-press-noise-289,19,-0.012777,,1
OR.PA-press-noise-289,20,-0.014413,,1
OR.PA-press-noise-289,21,-0.011509,,1
OR.PA-press-noise-289,22,-0.003214,,1
OR.PA-press-noise-289,23,-0.052481,,1
OR.PA-press-noise-289,24,-0.051567,,1
OR.PA-press-noise-289,25,-0.058443,,1
OR.PA-press-noise-289,26,-0.049276,,1
OR.PA-press-noise-289,27,-0.049775,,1
OR.PA-press-noise-289,28,-0.053683,,1
OR.PA-press-noise-289,29,-0.050071,,1
OR.PA-press-noise-289,30,-0.044726,,1
OR.PA-press-noise-288,1,0.00379,,1
OR.PA-press-noise-288,2,0.005204,,1
OR.PA-press-noise-288,3,0.00639,,1
OR.PA-press-noise-288,4,0.001616,,1
OR.PA-press-noise-288,5,0.007857,,1
OR.PA-press-noise-288,6,0.009371,,1
OR.PA-press-noise-288,7,0.016219,,1
OR.PA-press-noise-288,8,0.012386,,1
OR.PA-press-noise-288,9,0.009547,,1
OR.PA-press-noise-288,10,0.007596,,1
OR.PA-press-noise-288,11,0.009663,,1
OR.PA-press-noise-288,12,0.014941,,1
OR.PA-press-noise-288,13,0.013,,1
OR.PA-press-noise-288,14,-0.002816,,1
OR.PA-press-noise-288,15,-0.014646,,1
OR.PA-press-noise-288,16,-0.018455,,1
OR.PA-press-noise-288,17,-0.026068,,1
OR.PA-press-noise-288,18,-0.016942,,1
OR.PA-press-noise-288,19,-0.012777,,1
OR.PA-press-noise-288,20,-0.014413,,1
OR.PA-press-noise-288,21,-0.011509,,1
OR.PA-press-noise-288,22,-0.003214,,1
OR.PA-press-noise-288,23,-0.052481,,1
OR.PA-press-noise-288,24,-0.051567,,1
OR.PA-press-noise-288,25,-0.058443,,1
OR.PA-press-noise-288,26,-0.049276,,1
OR.PA-press-noise-288,27,-0.049775,,1
OR.PA-press-noise-288,28,-0.053683,,1
OR.PA-press-noise-288,29,-0.050071,,1
OR.PA-press-noise-288,30,-0.044726,,1
OR.PA-press-noise-287,1,0.007028,,1
OR.PA-press-noise-287,2,0.001871,,1
OR.PA-press-noise-287,3,0.011122,,1
OR.PA-press-noise-287,4,0.020521,,1
OR.PA-press-noise-287,5,0.019635,,1
OR.PA-press-noise-287,6,0.024793,,1
OR.PA-press-noise-287,7,0.028309,,1
OR.PA-press-noise-287,8,0.023144,,1
OR.PA-press-noise-287,9,0.025857,,1
OR.PA-press-noise-287,10,0.024048,,1
OR.PA-press-noise-287,11,0.035856,,1
OR.PA-press-noise-287,12,0.03762,,1
OR.PA-press-noise-287,13,0.044167,,1
OR.PA-press-noise-287,14,0.047958,,1
OR.PA-press-noise-287,15,0.041982,,1
OR.PA-press-noise-287,16,0.049295,,1
OR.PA-press-noise-287,17,0.05363,,1
OR.PA-press-noise-287,18,0.055589,,1
OR.PA-press-noise-287,19,0.05732,,1
OR.PA-press-noise-287,20,0.053091,,1
OR.PA-press-noise-287,21,0.059878,,1
OR.PA-press-noise-287,22,0.061937,,1
OR.PA-press-noise-287,23,0.069331,,1
OR.PA-press-noise-287,24,0.066043,,1
OR.PA-press-noise-287,25,0.063749,,1
OR.PA-press-noise-287,26,0.062343,,1
OR.PA-press-noise-287,27,0.064955,,1
OR.PA-press-noise-287,28,0.070779,,1
OR.PA-press-noise-287,29,0.069383,,1
OR.PA-press-noise-287,30,0.054112,,1
OR.PA-press-noise-285,1,0.024177,,1
OR.PA-press-noise-285,2,0.022991,,1
OR.PA-press-noise-285,3,0.01659,,1
OR.PA-press-noise-285,4,0.024037,,1
OR.PA-press-noise-285,5,0.019298,,1
OR.PA-press-noise-285,6,0.028967,,1
OR.PA-press-noise-285,7,0.038784,,1
OR.PA-press-noise-285,8,0.038317,,1
OR.PA-press-noise-285,9,0.043893,,1
OR.PA-press-noise-285,10,0.047827,,1
OR.PA-press-noise-285,11,0.043081,,1
OR.PA-press-noise-285,12,0.046211,,1
OR.PA-press-noise-285,13,0.044821,,1
OR.PA-press-noise-285,14,0.057047,,1
OR.PA-press-noise-285,15,0.059229,,1
OR.PA-press-noise-285,16,0.066195,,1
OR.PA-press-noise-285,17,0.070404,,1
OR.PA-press-noise-285,18,0.064847,,1
OR.PA-press-noise-285,19,0.072578,,1
OR.PA-press-noise-285,20,0.077331,,1
OR.PA-press-noise-285,21,0.079709,,1
OR.PA-press-noise-285,22,0.081858,,1
OR.PA-press-noise-285,23,0.078047,,1
OR.PA-press-noise-285,24,0.085252,,1
OR.PA-press-noise-285,25,0.087729,,1
OR.PA-press-noise-285,26,0.095541,,1
OR.PA-press-noise-285,27,0.092672,,1
OR.PA-press-noise-285,28,0.090796,,1
OR.PA-press-noise-285,29,0.089809,,1
OR.PA-press-noise-285,30,0.092839,,1
OR.PA-press-noise-284,1,0.024177,,1
OR.PA-press-noise-284,2,0.022991,,1
OR.PA-press-noise-284,3,0.01659,,1
OR.PA-press-noise-284,4,0.024037,,1
OR.PA-press-noise-284,5,0.019298,,1
OR.PA-press-noise-284,6,0.028967,,1
OR.PA-press-noise-284,7,0.038784,,1
OR.PA-press-noise-284,8,0.038317,,1
OR.PA-press-noise-284,9,0.043893,,1
OR.PA-press-noise-284,10,0.047827,,1
OR.PA-press-noise-284,11,0.043081,,1
OR.PA-press-noise-284,12,0.046211,,1
OR.PA-press-noise-284,13,0.044821,,1
OR.PA-press-noise-284,14,0.057047,,1
OR.PA-press-noise-284,15,0.059229,,1
OR.PA-press-noise-284,16,0.066195,,1
OR.PA-press-noise-284,17,0.070404,,1
OR.PA-press-noise-284,18,0.064847,,1
OR.PA-press-noise-284,19,0.072578,,1
OR.PA-press-noise-284,20,0.077331,,1
OR.PA-press-noise-284,21,0.079709,,1
OR.PA-press-noise-284,22,0.081858,,1
OR.PA-press-noise-284,23,0.078047,,1
OR.PA-press-noise-284,24,0.085252,,1
OR.PA-press-noise-284,25,0.087729,,1
OR.PA-press-noise-284,26,0.095541,,1
OR.PA-press-noise-284,27,0.092672,,1
OR.PA-press-noise-284,28,0.090796,,1
OR.PA-press-noise-284,29,0.089809,,1
OR.PA-press-noise-284,30,0.092839,,1
OR.PA-press-noise-283,1,0.024177,,1
OR.PA-press-noise-283,2,0.022991,,1
OR.PA-press-noise-283,3,0.01659,,1
OR.PA-press-noise-283,4,0.024037,,1
OR.PA-press-noise-283,5,0.019298,,1
OR.PA-press-noise-283,6,0.028967,,1
OR.PA-press-noise-283,7,0.038784,,1
OR.PA-press-noise-283,8,0.038317,,1
OR.PA-press-noise-283,9,0.043893,,1
OR.PA-press-noise-283,10,0.047827,,1
OR.PA-press-noise-283,11,0.043081,,1
OR.PA-press-noise-283,12,0.046211,,1
OR.PA-press-noise-283,13,0.044821,,1
OR.PA-press-noise-283,14,0.057047,,1
OR.PA-press-noise-283,15,0.059229,,1
OR.PA-press-noise-283,16,0.066195,,1
OR.PA-press-noise-283,17,0.070404,,1
OR.PA-press-noise-283,18,0.064847,,1
OR.PA-press-noise-283,19,0.072578,,1
OR.PA-press-noise-283,20,0.077331,,1
OR.PA-press-noise-283,21,0.079709,,1
OR.PA-press-noise-283,22,0.081858,,1
OR.PA-press-noise-283,23,0.078047,,1
OR.PA-press-noise-283,24,0.085252,,1
OR.PA-press-noise-283,25,0.087729,,1
OR.PA-press-noise-283,26,0.095541,,1
OR.PA-press-noise-283,27,0.092672,,1
OR.PA-press-noise-283,28,0.090796,,1
OR.PA-press-noise-283,29,0.089809,,1
OR.PA-press-noise-283,30,0.092839,,1
OR.PA-press-noise-282,1,0.024177,,1
OR.PA-press-noise-282,2,0.022991,,1
OR.PA-press-noise-282,3,0.01659,,1
OR.PA-press-noise-282,4,0.024037,,1
OR.PA-press-noise-282,5,0.019298,,1
OR.PA-press-noise-282,6,0.028967,,1
OR.PA-press-noise-282,7,0.038784,,1
OR.PA-press-noise-282,8,0.038317,,1
OR.PA-press-noise-282,9,0.043893,,1
OR.PA-press-noise-282,10,0.047827,,1
OR.PA-press-noise-282,11,0.043081,,1
OR.PA-press-noise-282,12,0.046211,,1
OR.PA-press-noise-282,13,0.044821,,1
OR.PA-press-noise-282,14,0.057047,,1
OR.PA-press-noise-282,15,0.059229,,1
OR.PA-press-noise-282,16,0.066195,,1
OR.PA-press-noise-282,17,0.070404,,1
OR.PA-press-noise-282,18,0.064847,,1
OR.PA-press-noise-282,19,0.072578,,1
OR.PA-press-noise-282,20,0.077331,,1
OR.PA-press-noise-282,21,0.079709,,1
OR.PA-press-noise-282,22,0.081858,,1
OR.PA-press-noise-282,23,0.078047,,1
OR.PA-press-noise-282,24,0.085252,,1
OR.PA-press-noise-282,25,0.087729,,1
OR.PA-press-noise-282,26,0.095541,,1
OR.PA-press-noise-282,27,0.092672,,1
OR.PA-press-noise-282,28,0.090796,,1
OR.PA-press-noise-282,29,0.089809,,1
OR.PA-press-noise-282,30,0.092839,,1
OR.PA-press-noise-281,1,0.024177,,1
OR.PA-press-noise-281,2,0.022991,,1
OR.PA-press-noise-281,3,0.01659,,1
OR.PA-press-noise-281,4,0.024037,,1
OR.PA-press-noise-281,5,0.019298,,1
OR.PA-press-noise-281,6,0.028967,,1
OR.PA-press-noise-281,7,0.038784,,1
OR.PA-press-noise-281,8,0.038317,,1
OR.PA-press-noise-281,9,0.043893,,1
OR.PA-press-noise-281,10,0.047827,,1
OR.PA-press-noise-281,11,0.043081,,1
OR.PA-press-noise-281,12,0.046211,,1
OR.PA-press-noise-281,13,0.044821,,1
OR.PA-press-noise-281,14,0.057047,,1
OR.PA-press-noise-281,15,0.059229,,1
OR.PA-press-noise-281,16,0.066195,,1
OR.PA-press-noise-281,17,0.070404,,1
OR.PA-press-noise-281,18,0.064847,,1
OR.PA-press-noise-281,19,0.072578,,1
OR.PA-press-noise-281,20,0.077331,,1
OR.PA-press-noise-281,21,0.079709,,1
OR.PA-press-noise-281,22,0.081858,,1
OR.PA-press-noise-281,23,0.078047,,1
OR.PA-press-noise-281,24,0.085252,,1
OR.PA-press-noise-281,25,0.087729,,1
OR.PA-press-noise-281,26,0.095541,,1
OR.PA-press-noise-281,27,0.092672,,1
OR.PA-press-noise-281,28,0.090796,,1
OR.PA-press-noise-281,29,0.089809,,1
OR.PA-press-noise-281,30,0.092839,,1
OR.PA-press-noise-280,1,0.024177,,1
OR.PA-press-noise-280,2,0.022991,,1
OR.PA-press-noise-280,3,0.01659,,1
OR.PA-press-noise-280,4,0.024037,,1
OR.PA-press-noise-280,5,0.019298,,1
OR.PA-press-noise-280,6,0.028967,,1
OR.PA-press-noise-280,7,0.038784,,1
OR.PA-press-noise-280,8,0.038317,,1
OR.PA-press-noise-280,9,0.043893,,1
OR.PA-press-noise-280,10,0.047827,,1
OR.PA-press-noise-280,11,0.043081,,1
OR.PA-press-noise-280,12,0.046211,,1
OR.PA-press-noise-280,13,0.044821,,1
OR.PA-press-noise-280,14,0.057047,,1
OR.PA-press-noise-280,15,0.059229,,1
OR.PA-press-noise-280,16,0.066195,,1
OR.PA-press-noise-280,17,0.070404,,1
OR.PA-press-noise-280,18,0.064847,,1
OR.PA-press-noise-280,19,0.072578,,1
OR.PA-press-noise-280,20,0.077331,,1
OR.PA-press-noise-280,21,0.079709,,1
OR.PA-press-noise-280,22,0.081858,,1
OR.PA-press-noise-280,23,0.078047,,1
OR.PA-press-noise-280,24,0.085252,,1
OR.PA-press-noise-280,25,0.087729,,1
OR.PA-press-noise-280,26,0.095541,,1
OR.PA-press-noise-280,27,0.092672,,1
OR.PA-press-noise-280,28,0.090796,,1
OR.PA-press-noise-280,29,0.089809,,1
OR.PA-press-noise-280,30,0.092839,,1
OR.PA-press-noise-279,1,0.024177,,1
OR.PA-press-noise-279,2,0.022991,,1
OR.PA-press-noise-279,3,0.01659,,1
OR.PA-press-noise-279,4,0.024037,,1
OR.PA-press-noise-279,5,0.019298,,1
OR.PA-press-noise-279,6,0.028967,,1
OR.PA-press-noise-279,7,0.038784,,1
OR.PA-press-noise-279,8,0.038317,,1
OR.PA-press-noise-279,9,0.043893,,1
OR.PA-press-noise-279,10,0.047827,,1
OR.PA-press-noise-279,11,0.043081,,1
OR.PA-press-noise-279,12,0.046211,,1
OR.PA-press-noise-279,13,0.044821,,1
OR.PA-press-noise-279,14,0.057047,,1
OR.PA-press-noise-279,15,0.059229,,1
OR.PA-press-noise-279,16,0.066195,,1
OR.PA-press-noise-279,17,0.070404,,1
OR.PA-press-noise-279,18,0.064847,,1
OR.PA-press-noise-279,19,0.072578,,1
OR.PA-press-noise-279,20,0.077331,,1
OR.PA-press-noise-279,21,0.079709,,1
OR.PA-press-noise-279,22,0.081858,,1
OR.PA-press-noise-279,23,0.078047,,1
OR.PA-press-noise-279,24,0.085252,,1
OR.PA-press-noise-279,25,0.087729,,1
OR.PA-press-noise-279,26,0.095541,,1
OR.PA-press-noise-279,27,0.092672,,1
OR.PA-press-noise-279,28,0.090796,,1
OR.PA-press-noise-279,29,0.089809,,1
OR.PA-press-noise-279,30,0.092839,,1
OR.PA-press-noise-278,1,0.024177,,1
OR.PA-press-noise-278,2,0.022991,,1
OR.PA-press-noise-278,3,0.01659,,1
OR.PA-press-noise-278,4,0.024037,,1
OR.PA-press-noise-278,5,0.019298,,1
OR.PA-press-noise-278,6,0.028967,,1
OR.PA-press-noise-278,7,0.038784,,1
OR.PA-press-noise-278,8,0.038317,,1
OR.PA-press-noise-278,9,0.043893,,1
OR.PA-press-noise-278,10,0.047827,,1
OR.PA-press-noise-278,11,0.043081,,1
OR.PA-press-noise-278,12,0.046211,,1
OR.PA-press-noise-278,13,0.044821,,1
OR.PA-press-noise-278,14,0.057047,,1
OR.PA-press-noise-278,15,0.059229,,1
OR.PA-press-noise-278,16,0.066195,,1
OR.PA-press-noise-278,17,0.070404,,1
OR.PA-press-noise-278,18,0.064847,,1
OR.PA-press-noise-278,19,0.072578,,1
OR.PA-press-noise-278,20,0.077331,,1
OR.PA-press-noise-278,21,0.079709,,1
OR.PA-press-noise-278,22,0.081858,,1
OR.PA-press-noise-278,23,0.078047,,1
OR.PA-press-noise-278,24,0.085252,,1
OR.PA-press-noise-278,25,0.087729,,1
OR.PA-press-noise-278,26,0.095541,,1
OR.PA-press-noise-278,27,0.092672,,1
OR.PA-press-noise-278,28,0.090796,,1
OR.PA-press-noise-278,29,0.089809,,1
OR.PA-press-noise-278,30,0.092839,,1
OR.PA-press-noise-277,1,0.024177,,1
OR.PA-press-noise-277,2,0.022991,,1
OR.PA-press-noise-277,3,0.01659,,1
OR.PA-press-noise-277,4,0.024037,,1
OR.PA-press-noise-277,5,0.019298,,1
OR.PA-press-noise-277,6,0.028967,,1
OR.PA-press-noise-277,7,0.038784,,1
OR.PA-press-noise-277,8,0.038317,,1
OR.PA-press-noise-277,9,0.043893,,1
OR.PA-press-noise-277,10,0.047827,,1
OR.PA-press-noise-277,11,0.043081,,1
OR.PA-press-noise-277,12,0.046211,,1
OR.PA-press-noise-277,13,0.044821,,1
OR.PA-press-noise-277,14,0.057047,,1
OR.PA-press-noise-277,15,0.059229,,1
OR.PA-press-noise-277,16,0.066195,,1
OR.PA-press-noise-277,17,0.070404,,1
OR.PA-press-noise-277,18,0.064847,,1
OR.PA-press-noise-277,19,0.072578,,1
OR.PA-press-noise-277,20,0.077331,,1
OR.PA-press-noise-277,21,0.079709,,1
OR.PA-press-noise-277,22,0.081858,,1
OR.PA-press-noise-277,23,0.078047,,1
OR.PA-press-noise-277,24,0.085252,,1
OR.PA-press-noise-277,25,0.087729,,1
OR.PA-press-noise-277,26,0.095541,,1
OR.PA-press-noise-277,27,0.092672,,1
OR.PA-press-noise-277,28,0.090796,,1
OR.PA-press-noise-277,29,0.089809,,1
OR.PA-press-noise-277,30,0.092839,,1
OR.PA-press-noise-276,1,0.024177,,1
OR.PA-press-noise-276,2,0.022991,,1
OR.PA-press-noise-276,3,0.01659,,1
OR.PA-press-noise-276,4,0.024037,,1
OR.PA-press-noise-276,5,0.019298,,1
OR.PA-press-noise-276,6,0.028967,,1
OR.PA-press-noise-276,7,0.038784,,1
OR.PA-press-noise-276,8,0.038317,,1
OR.PA-press-noise-276,9,0.043893,,1
OR.PA-press-noise-276,10,0.047827,,1
OR.PA-press-noise-276,11,0.043081,,1
OR.PA-press-noise-276,12,0.046211,,1
OR.PA-press-noise-276,13,0.044821,,1
OR.PA-press-noise-276,14,0.057047,,1
OR.PA-press-noise-276,15,0.059229,,1
OR.PA-press-noise-276,16,0.066195,,1
OR.PA-press-noise-276,17,0.070404,,1
OR.PA-press-noise-276,18,0.064847,,1
OR.PA-press-noise-276,19,0.072578,,1
OR.PA-press-noise-276,20,0.077331,,1
OR.PA-press-noise-276,21,0.079709,,1
OR.PA-press-noise-276,22,0.081858,,1
OR.PA-press-noise-276,23,0.078047,,1
OR.PA-press-noise-276,24,0.085252,,1
OR.PA-press-noise-276,25,0.087729,,1
OR.PA-press-noise-276,26,0.095541,,1
OR.PA-press-noise-276,27,0.092672,,1
OR.PA-press-noise-276,28,0.090796,,1
OR.PA-press-noise-276,29,0.089809,,1
OR.PA-press-noise-276,30,0.092839,,1
OR.PA-press-noise-275,1,0.006627,,1
OR.PA-press-noise-275,2,0.03193,,1
OR.PA-press-noise-275,3,0.041377,,1
OR.PA-press-noise-275,4,0.030915,,1
OR.PA-press-noise-275,5,0.032818,,1
OR.PA-press-noise-275,6,0.057469,,1
OR.PA-press-noise-275,7,0.056758,,1
OR.PA-press-noise-275,8,0.050832,,1
OR.PA-press-noise-275,9,0.058753,,1
OR.PA-press-noise-275,10,0.054488,,1
OR.PA-press-noise-275,11,0.064631,,1
OR.PA-press-noise-275,12,0.074923,,1
OR.PA-press-noise-275,13,0.074931,,1
OR.PA-press-noise-275,14,0.080981,,1
OR.PA-press-noise-275,15,0.08539,,1
OR.PA-press-noise-275,16,0.081118,,1
OR.PA-press-noise-275,17,0.084723,,1
OR.PA-press-noise-275,18,0.083807,,1
OR.PA-press-noise-275,19,0.096508,,1
OR.PA-press-noise-275,20,0.099164,,1
OR.PA-press-noise-275,21,0.106605,,1
OR.PA-press-noise-275,22,0.111288,,1
OR.PA-press-noise-275,23,0.106205,,1
OR.PA-press-noise-275,24,0.114411,,1
OR.PA-press-noise-275,25,0.119639,,1
OR.PA-press-noise-275,26,0.122491,,1
OR.PA-press-noise-275,27,0.125114,,1
OR.PA-press-noise-275,28,0.121778,,1
OR.PA-press-noise-275,29,0.129457,,1
OR.PA-press-noise-275,30,0.132409,,1
OR.PA-press-noise-274,1,0.006627,,1
OR.PA-press-noise-274,2,0.03193,,1
OR.PA-press-noise-274,3,0.041377,,1
OR.PA-press-noise-274,4,0.030915,,1
OR.PA-press-noise-274,5,0.032818,,1
OR.PA-press-noise-274,6,0.057469,,1
OR.PA-press-noise-274,7,0.056758,,1
OR.PA-press-noise-274,8,0.050832,,1
OR.PA-press-noise-274,9,0.058753,,1
OR.PA-press-noise-274,10,0.054488,,1
OR.PA-press-noise-274,11,0.064631,,1
OR.PA-press-noise-274,12,0.074923,,1
OR.PA-press-noise-274,13,0.074931,,1
OR.PA-press-noise-274,14,0.080981,,1
OR.PA-press-noise-274,15,0.08539,,1
OR.PA-press-noise-274,16,0.081118,,1
OR.PA-press-noise-274,17,0.084723,,1
OR.PA-press-noise-274,18,0.083807,,1
OR.PA-press-noise-274,19,0.096508,,1
OR.PA-press-noise-274,20,0.099164,,1
OR.PA-press-noise-274,21,0.106605,,1
OR.PA-press-noise-274,22,0.111288,,1
OR.PA-press-noise-274,23,0.106205,,1
OR.PA-press-noise-274,24,0.114411,,1
OR.PA-press-noise-274,25,0.119639,,1
OR.PA-press-noise-274,26,0.122491,,1
OR.PA-press-noise-274,27,0.125114,,1
OR.PA-press-noise-274,28,0.121778,,1
OR.PA-press-noise-274,29,0.129457,,1
OR.PA-press-noise-274,30,0.132409,,1
OR.PA-press-noise-272,1,0.006627,,1
OR.PA-press-noise-272,2,0.03193,,1
OR.PA-press-noise-272,3,0.041377,,1
OR.PA-press-noise-272,4,0.030915,,1
OR.PA-press-noise-272,5,0.032818,,1
OR.PA-press-noise-272,6,0.057469,,1
OR.PA-press-noise-272,7,0.056758,,1
OR.PA-press-noise-272,8,0.050832,,1
OR.PA-press-noise-272,9,0.058753,,1
OR.PA-press-noise-272,10,0.054488,,1
OR.PA-press-noise-272,11,0.064631,,1
OR.PA-press-noise-272,12,0.074923,,1
OR.PA-press-noise-272,13,0.074931,,1
OR.PA-press-noise-272,14,0.080981,,1
OR.PA-press-noise-272,15,0.08539,,1
OR.PA-press-noise-272,16,0.081118,,1
OR.PA-press-noise-272,17,0.084723,,1
OR.PA-press-noise-272,18,0.083807,,1
OR.PA-press-noise-272,19,0.096508,,1
OR.PA-press-noise-272,20,0.099164,,1
OR.PA-press-noise-272,21,0.106605,,1
OR.PA-press-noise-272,22,0.111288,,1
OR.PA-press-noise-272,23,0.106205,,1
OR.PA-press-noise-272,24,0.114411,,1
OR.PA-press-noise-272,25,0.119639,,1
OR.PA-press-noise-272,26,0.122491,,1
OR.PA-press-noise-272,27,0.125114,,1
OR.PA-press-noise-272,28,0.121778,,1
OR.PA-press-noise-272,29,0.129457,,1
OR.PA-press-noise-272,30,0.132409,,1
OR.PA-press-noise-271,1,-0.014718,,1
OR.PA-press-noise-271,2,-0.0208,,1
OR.PA-press-noise-271,3,-0.016414,,1
OR.PA-press-noise-271,4,-0.005457,,1
OR.PA-press-noise-271,5,-0.002761,,1
OR.PA-press-noise-271,6,0.013413,,1
OR.PA-press-noise-271,7,0.015081,,1
OR.PA-press-noise-271,8,0.014271,,1
OR.PA-press-noise-271,9,0.020513,,1
OR.PA-press-noise-271,10,0.045431,,1
OR.PA-press-noise-271,11,0.054492,,1
OR.PA-press-noise-271,12,0.043644,,1
OR.PA-press-noise-271,13,0.045162,,1
OR.PA-press-noise-271,14,0.069428,,1
OR.PA-press-noise-271,15,0.068331,,1
OR.PA-press-noise-271,16,0.06202,,1
OR.PA-press-noise-271,17,0.069555,,1
OR.PA-press-noise-271,18,0.064906,,1
OR.PA-press-noise-271,19,0.074663,,1
OR.PA-press-noise-271,20,0.08457,,1
OR.PA-press-noise-271,21,0.084192,,1
OR.PA-press-noise-271,22,0.089857,,1
OR.PA-press-noise-271,23,0.093881,,1
OR.PA-press-noise-271,24,0.089223,,1
OR.PA-press-noise-271,25,0.092443,,1
OR.PA-press-noise-271,26,0.091142,,1
OR.PA-press-noise-271,27,0.103457,,1
OR.PA-press-noise-271,28,0.105728,,1
OR.PA-press-noise-271,29,0.112783,,1
OR.PA-press-noise-271,30,0.117081,,1
OR.PA-press-noise-269,1,0.00892,,1
OR.PA-press-noise-269,2,-0.005746,,1
OR.PA-press-noise-269,3,0.012322,,1
OR.PA-press-noise-269,4,0.03175,,1
OR.PA-press-noise-269,5,0.045469,,1
OR.PA-press-noise-269,6,0.031058,,1
OR.PA-press-noise-269,7,0.025283,,1
OR.PA-press-noise-269,8,0.029977,,1
OR.PA-press-noise-269,9,0.041241,,1
OR.PA-press-noise-269,10,0.044245,,1
OR.PA-press-noise-269,11,0.060726,,1
OR.PA-press-noise-269,12,0.062701,,1
OR.PA-press-noise-269,13,0.062198,,1
OR.PA-press-noise-269,14,0.068748,,1
OR.PA-press-noise-269,15,0.093973,,1
OR.PA-press-noise-269,16,0.103342,,1
OR.PA-press-noise-269,17,0.092801,,1
OR.PA-press-noise-269,18,0.094627,,1
OR.PA-press-noise-269,19,0.1192,,1
OR.PA-press-noise-269,20,0.11841,,1
OR.PA-press-noise-269,21,0.112406,,1
OR.PA-press-noise-269,22,0.120249,,1
OR.PA-press-noise-269,23,0.115907,,1
OR.PA-press-noise-269,24,0.125972,,1
OR.PA-press-noise-269,25,0.136186,,1
OR.PA-press-noise-269,26,0.136115,,1
OR.PA-press-noise-269,27,0.142088,,1
OR.PA-press-noise-269,28,0.146419,,1
OR.PA-press-noise-269,29,0.142069,,1
OR.PA-press-noise-269,30,0.145596,,1
OR.PA-press-noise-268,1,0.00892,,1
OR.PA-press-noise-268,2,-0.005746,,1
OR.PA-press-noise-268,3,0.012322,,1
OR.PA-press-noise-268,4,0.03175,,1
OR.PA-press-noise-268,5,0.045469,,1
OR.PA-press-noise-268,6,0.031058,,1
OR.PA-press-noise-268,7,0.025283,,1
OR.PA-press-noise-268,8,0.029977,,1
OR.PA-press-noise-268,9,0.041241,,1
OR.PA-press-noise-268,10,0.044245,,1
OR.PA-press-noise-268,11,0.060726,,1
OR.PA-press-noise-268,12,0.062701,,1
OR.PA-press-noise-268,13,0.062198,,1
OR.PA-press-noise-268,14,0.068748,,1
OR.PA-press-noise-268,15,0.093973,,1
OR.PA-press-noise-268,16,0.103342,,1
OR.PA-press-noise-268,17,0.092801,,1
OR.PA-press-noise-268,18,0.094627,,1
OR.PA-press-noise-268,19,0.1192,,1
OR.PA-press-noise-268,20,0.11841,,1
OR.PA-press-noise-268,21,0.112406,,1
OR.PA-press-noise-268,22,0.120249,,1
OR.PA-press-noise-268,23,0.115907,,1
OR.PA-press-noise-268,24,0.125972,,1
OR.PA-press-noise-268,25,0.136186,,1
OR.PA-press-noise-268,26,0.136115,,1
OR.PA-press-noise-268,27,0.142088,,1
OR.PA-press-noise-268,28,0.146419,,1
OR.PA-press-noise-268,29,0.142069,,1
OR.PA-press-noise-268,30,0.145596,,1
OR.PA-press-noise-267,1,-0.009913,,1
OR.PA-press-noise-267,2,-0.01188,,1
OR.PA-press-noise-267,3,-0.002386,,1
OR.PA-press-noise-267,4,0.005245,,1
OR.PA-press-noise-267,5,0.006744,,1
OR.PA-press-noise-267,6,0.002262,,1
OR.PA-press-noise-267,7,0.003,,1
OR.PA-press-noise-267,8,0.001441,,1
OR.PA-press-noise-267,9,0.008925,,1
OR.PA-press-noise-267,10,-0.009152,,1
OR.PA-press-noise-267,11,0.018346,,1
OR.PA-press-noise-267,12,0.016183,,1
OR.PA-press-noise-267,13,0.007297,,1
OR.PA-press-noise-267,14,-0.014459,,1
OR.PA-press-noise-267,15,-0.008787,,1
OR.PA-press-noise-267,16,-0.00688,,1
OR.PA-press-noise-267,17,-0.017813,,1
OR.PA-press-noise-267,18,-0.009526,,1
OR.PA-press-noise-267,19,-0.024824,,1
OR.PA-press-noise-267,20,-0.007388,,1
OR.PA-press-noise-267,21,0.011407,,1
OR.PA-press-noise-267,22,0.024493,,1
OR.PA-press-noise-267,23,0.00945,,1
OR.PA-press-noise-267,24,0.003043,,1
OR.PA-press-noise-267,25,0.007104,,1
OR.PA-press-noise-267,26,0.017736,,1
OR.PA-press-noise-267,27,0.020107,,1
OR.PA-press-noise-267,28,0.035956,,1
OR.PA-press-noise-267,29,0.037299,,1
OR.PA-press-noise-267,30,0.036164,,1
OR.PA-press-noise-266,1,-0.009913,,1
OR.PA-press-noise-266,2,-0.01188,,1
OR.PA-press-noise-266,3,-0.002386,,1
OR.PA-press-noise-266,4,0.005245,,1
OR.PA-press-noise-266,5,0.006744,,1
OR.PA-press-noise-266,6,0.002262,,1
OR.PA-press-noise-266,7,0.003,,1
OR.PA-press-noise-266,8,0.001441,,1
OR.PA-press-noise-266,9,0.008925,,1
OR.PA-press-noise-266,10,-0.009152,,1
OR.PA-press-noise-266,11,0.018346,,1
OR.PA-press-noise-266,12,0.016183,,1
OR.PA-press-noise-266,13,0.007297,,1
OR.PA-press-noise-266,14,-0.014459,,1
OR.PA-press-noise-266,15,-0.008787,,1
OR.PA-press-noise-266,16,-0.00688,,1
OR.PA-press-noise-266,17,-0.017813,,1
OR.PA-press-noise-266,18,-0.009526,,1
OR.PA-press-noise-266,19,-0.024824,,1
OR.PA-press-noise-266,20,-0.007388,,1
OR.PA-press-noise-266,21,0.011407,,1
OR.PA-press-noise-266,22,0.024493,,1
OR.PA-press-noise-266,23,0.00945,,1
OR.PA-press-noise-266,24,0.003043,,1
OR.PA-press-noise-266,25,0.007104,,1
OR.PA-press-noise-266,26,0.017736,,1
OR.PA-press-noise-266,27,0.020107,,1
OR.PA-press-noise-266,28,0.035956,,1
OR.PA-press-noise-266,29,0.037299,,1
OR.PA-press-noise-266,30,0.036164,,1
OR.PA-press-noise-264,1,0.011562,,1
OR.PA-press-noise-264,2,0.008216,,1
OR.PA-press-noise-264,3,0.009984,,1
OR.PA-press-noise-264,4,0.018306,,1
OR.PA-press-noise-264,5,0.027032,,1
OR.PA-press-noise-264,6,0.028375,,1
OR.PA-press-noise-264,7,0.016859,,1
OR.PA-press-noise-264,8,0.014404,,1
OR.PA-press-noise-264,9,0.014784,,1
OR.PA-press-noise-264,10,0.009115,,1
OR.PA-press-noise-264,11,-0.00595,,1
OR.PA-press-noise-264,12,-0.006423,,1
OR.PA-press-noise-264,13,0.007178,,1
OR.PA-press-noise-264,14,0.01335,,1
OR.PA-press-noise-264,15,-0.002098,,1
OR.PA-press-noise-264,16,-0.012588,,1
OR.PA-press-noise-264,17,-0.002306,,1
OR.PA-press-noise-264,18,0.016423,,1
OR.PA-press-noise-264,19,0.001695,,1
OR.PA-press-noise-264,20,-0.009346,,1
OR.PA-press-noise-264,21,0.013496,,1
OR.PA-press-noise-264,22,-0.012923,,1
OR.PA-press-noise-264,23,-0.017282,,1
OR.PA-press-noise-264,24,-0.035603,,1
OR.PA-press-noise-264,25,-0.046719,,1
OR.PA-press-noise-264,26,-0.04989,,1
OR.PA-press-noise-264,27,-0.0416,,1
OR.PA-press-noise-264,28,-0.035173,,1
OR.PA-press-noise-264,29,-0.034877,,1
OR.PA-press-noise-264,30,-0.040563,,1
OR.PA-press-noise-262,1,0.011562,,1
OR.PA-press-noise-262,2,0.008216,,1
OR.PA-press-noise-262,3,0.009984,,1
OR.PA-press-noise-262,4,0.018306,,1
OR.PA-press-noise-262,5,0.027032,,1
OR.PA-press-noise-262,6,0.028375,,1
OR.PA-press-noise-262,7,0.016859,,1
OR.PA-press-noise-262,8,0.014404,,1
OR.PA-press-noise-262,9,0.014784,,1
OR.PA-press-noise-262,10,0.009115,,1
OR.PA-press-noise-262,11,-0.00595,,1
OR.PA-press-noise-262,12,-0.006423,,1
OR.PA-press-noise-262,13,0.007178,,1
OR.PA-press-noise-262,14,0.01335,,1
OR.PA-press-noise-262,15,-0.002098,,1
OR.PA-press-noise-262,16,-0.012588,,1
OR.PA-press-noise-262,17,-0.002306,,1
OR.PA-press-noise-262,18,0.016423,,1
OR.PA-press-noise-262,19,0.001695,,1
OR.PA-press-noise-262,20,-0.009346,,1
OR.PA-press-noise-262,21,0.013496,,1
OR.PA-press-noise-262,22,-0.012923,,1
OR.PA-press-noise-262,23,-0.017282,,1
OR.PA-press-noise-262,24,-0.035603,,1
OR.PA-press-noise-262,25,-0.046719,,1
OR.PA-press-noise-262,26,-0.04989,,1
OR.PA-press-noise-262,27,-0.0416,,1
OR.PA-press-noise-262,28,-0.035173,,1
OR.PA-press-noise-262,29,-0.034877,,1
OR.PA-press-noise-262,30,-0.040563,,1
OR.PA-press-noise-261,1,0.011562,,1
OR.PA-press-noise-261,2,0.008216,,1
OR.PA-press-noise-261,3,0.009984,,1
OR.PA-press-noise-261,4,0.018306,,1
OR.PA-press-noise-261,5,0.027032,,1
OR.PA-press-noise-261,6,0.028375,,1
OR.PA-press-noise-261,7,0.016859,,1
OR.PA-press-noise-261,8,0.014404,,1
OR.PA-press-noise-261,9,0.014784,,1
OR.PA-press-noise-261,10,0.009115,,1
OR.PA-press-noise-261,11,-0.00595,,1
OR.PA-press-noise-261,12,-0.006423,,1
OR.PA-press-noise-261,13,0.007178,,1
OR.PA-press-noise-261,14,0.01335,,1
OR.PA-press-noise-261,15,-0.002098,,1
OR.PA-press-noise-261,16,-0.012588,,1
OR.PA-press-noise-261,17,-0.002306,,1
OR.PA-press-noise-261,18,0.016423,,1
OR.PA-press-noise-261,19,0.001695,,1
OR.PA-press-noise-261,20,-0.009346,,1
OR.PA-press-noise-261,21,0.013496,,1
OR.PA-press-noise-261,22,-0.012923,,1
OR.PA-press-noise-261,23,-0.017282,,1
OR.PA-press-noise-261,24,-0.035603,,1
OR.PA-press-noise-261,25,-0.046719,,1
OR.PA-press-noise-261,26,-0.04989,,1
OR.PA-press-noise-261,27,-0.0416,,1
OR.PA-press-noise-261,28,-0.035173,,1
OR.PA-press-noise-261,29,-0.034877,,1
OR.PA-press-noise-261,30,-0.040563,,1
OR.PA-press-noise-260,1,-0.00141,,1
OR.PA-press-noise-260,2,-0.006598,,1
OR.PA-press-noise-260,3,0.005033,,1
OR.PA-press-noise-260,4,0.001755,,1
OR.PA-press-noise-260,5,0.003592,,1
OR.PA-press-noise-260,6,0.011982,,1
OR.PA-press-noise-260,7,0.020776,,1
OR.PA-press-noise-260,8,0.022188,,1
OR.PA-press-noise-260,9,0.01074,,1
OR.PA-press-noise-260,10,0.008353,,1
OR.PA-press-noise-260,11,0.008802,,1
OR.PA-press-noise-260,12,0.003201,,1
OR.PA-press-noise-260,13,-0.011795,,1
OR.PA-press-noise-260,14,-0.0122,,1
OR.PA-press-noise-260,15,0.001469,,1
OR.PA-press-noise-260,16,0.00771,,1
OR.PA-press-noise-260,17,-0.00767,,1
OR.PA-press-noise-260,18,-0.018091,,1
OR.PA-press-noise-260,19,-0.007741,,1
OR.PA-press-noise-260,20,0.011056,,1
OR.PA-press-noise-260,21,-0.003604,,1
OR.PA-press-noise-260,22,-0.014576,,1
OR.PA-press-noise-260,23,0.008334,,1
OR.PA-press-noise-260,24,-0.018016,,1
OR.PA-press-noise-260,25,-0.022306,,1
OR.PA-press-noise-260,26,-0.040559,,1
OR.PA-press-noise-260,27,-0.051607,,1
OR.PA-press-noise-260,28,-0.05471,,1
OR.PA-press-noise-260,29,-0.046351,,1
OR.PA-press-noise-260,30,-0.039856,,1
OR.PA-press-noise-259,1,-0.00141,,1
OR.PA-press-noise-259,2,-0.006598,,1
OR.PA-press-noise-259,3,0.005033,,1
OR.PA-press-noise-259,4,0.001755,,1
OR.PA-press-noise-259,5,0.003592,,1
OR.PA-press-noise-259,6,0.011982,,1
OR.PA-press-noise-259,7,0.020776,,1
OR.PA-press-noise-259,8,0.022188,,1
OR.PA-press-noise-259,9,0.01074,,1
OR.PA-press-noise-259,10,0.008353,,1
OR.PA-press-noise-259,11,0.008802,,1
OR.PA-press-noise-259,12,0.003201,,1
OR.PA-press-noise-259,13,-0.011795,,1
OR.PA-press-noise-259,14,-0.0122,,1
OR.PA-press-noise-259,15,0.001469,,1
OR.PA-press-noise-259,16,0.00771,,1
OR.PA-press-noise-259,17,-0.00767,,1
OR.PA-press-noise-259,18,-0.018091,,1
OR.PA-press-noise-259,19,-0.007741,,1
OR.PA-press-noise-259,20,0.011056,,1
OR.PA-press-noise-259,21,-0.003604,,1
OR.PA-press-noise-259,22,-0.014576,,1
OR.PA-press-noise-259,23,0.008334,,1
OR.PA-press-noise-259,24,-0.018016,,1
OR.PA-press-noise-259,25,-0.022306,,1
OR.PA-press-noise-259,26,-0.040559,,1
OR.PA-press-noise-259,27,-0.051607,,1
OR.PA-press-noise-259,28,-0.05471,,1
OR.PA-press-noise-259,29,-0.046351,,1
OR.PA-press-noise-259,30,-0.039856,,1
OR.PA-press-noise-258,1,-0.017001,,1
OR.PA-press-noise-258,2,-0.009913,,1
OR.PA-press-noise-258,3,-0.027546,,1
OR.PA-press-noise-258,4,-0.030026,,1
OR.PA-press-noise-258,5,-0.043256,,1
OR.PA-press-noise-258,6,-0.055012,,1
OR.PA-press-noise-258,7,-0.056157,,1
OR.PA-press-noise-258,8,-0.06108,,1
OR.PA-press-noise-258,9,-0.049185,,1
OR.PA-press-noise-258,10,-0.052198,,1
OR.PA-press-noise-258,11,-0.050097,,1
OR.PA-press-noise-258,12,-0.041442,,1
OR.PA-press-noise-258,13,-0.032384,,1
OR.PA-press-noise-258,14,-0.030708,,1
OR.PA-press-noise-258,15,-0.041891,,1
OR.PA-press-noise-258,16,-0.044013,,1
OR.PA-press-noise-258,17,-0.0433,,1
OR.PA-press-noise-258,18,-0.048636,,1
OR.PA-press-noise-258,19,-0.063368,,1
OR.PA-press-noise-258,20,-0.063509,,1
OR.PA-press-noise-258,21,-0.049574,,1
OR.PA-press-noise-258,22,-0.043069,,1
OR.PA-press-noise-258,23,-0.058184,,1
OR.PA-press-noise-258,24,-0.068341,,1
OR.PA-press-noise-258,25,-0.057727,,1
OR.PA-press-noise-258,26,-0.038665,,1
OR.PA-press-noise-258,27,-0.05306,,1
OR.PA-press-noise-258,28,-0.063768,,1
OR.PA-press-noise-258,29,-0.040593,,1
OR.PA-press-noise-258,30,-0.066679,,1
OR.PA-press-noise-257,1,-0.017001,,1
OR.PA-press-noise-257,2,-0.009913,,1
OR.PA-press-noise-257,3,-0.027546,,1
OR.PA-press-noise-257,4,-0.030026,,1
OR.PA-press-noise-257,5,-0.043256,,1
OR.PA-press-noise-257,6,-0.055012,,1
OR.PA-press-noise-257,7,-0.056157,,1
OR.PA-press-noise-257,8,-0.06108,,1
OR.PA-press-noise-257,9,-0.049185,,1
OR.PA-press-noise-257,10,-0.052198,,1
OR.PA-press-noise-257,11,-0.050097,,1
OR.PA-press-noise-257,12,-0.041442,,1
OR.PA-press-noise-257,13,-0.032384,,1
OR.PA-press-noise-257,14,-0.030708,,1
OR.PA-press-noise-257,15,-0.041891,,1
OR.PA-press-noise-257,16,-0.044013,,1
OR.PA-press-noise-257,17,-0.0433,,1
OR.PA-press-noise-257,18,-0.048636,,1
OR.PA-press-noise-257,19,-0.063368,,1
OR.PA-press-noise-257,20,-0.063509,,1
OR.PA-press-noise-257,21,-0.049574,,1
OR.PA-press-noise-257,22,-0.043069,,1
OR.PA-press-noise-257,23,-0.058184,,1
OR.PA-press-noise-257,24,-0.068341,,1
OR.PA-press-noise-257,25,-0.057727,,1
OR.PA-press-noise-257,26,-0.038665,,1
OR.PA-press-noise-257,27,-0.05306,,1
OR.PA-press-noise-257,28,-0.063768,,1
OR.PA-press-noise-257,29,-0.040593,,1
OR.PA-press-noise-257,30,-0.066679,,1
OR.PA-press-noise-256,1,-0.017001,,1
OR.PA-press-noise-256,2,-0.009913,,1
OR.PA-press-noise-256,3,-0.027546,,1
OR.PA-press-noise-256,4,-0.030026,,1
OR.PA-press-noise-256,5,-0.043256,,1
OR.PA-press-noise-256,6,-0.055012,,1
OR.PA-press-noise-256,7,-0.056157,,1
OR.PA-press-noise-256,8,-0.06108,,1
OR.PA-press-noise-256,9,-0.049185,,1
OR.PA-press-noise-256,10,-0.052198,,1
OR.PA-press-noise-256,11,-0.050097,,1
OR.PA-press-noise-256,12,-0.041442,,1
OR.PA-press-noise-256,13,-0.032384,,1
OR.PA-press-noise-256,14,-0.030708,,1
OR.PA-press-noise-256,15,-0.041891,,1
OR.PA-press-noise-256,16,-0.044013,,1
OR.PA-press-noise-256,17,-0.0433,,1
OR.PA-press-noise-256,18,-0.048636,,1
OR.PA-press-noise-256,19,-0.063368,,1
OR.PA-press-noise-256,20,-0.063509,,1
OR.PA-press-noise-256,21,-0.049574,,1
OR.PA-press-noise-256,22,-0.043069,,1
OR.PA-press-noise-256,23,-0.058184,,1
OR.PA-press-noise-256,24,-0.068341,,1
OR.PA-press-noise-256,25,-0.057727,,1
OR.PA-press-noise-256,26,-0.038665,,1
OR.PA-press-noise-256,27,-0.05306,,1
OR.PA-press-noise-256,28,-0.063768,,1
OR.PA-press-noise-256,29,-0.040593,,1
OR.PA-press-noise-256,30,-0.066679,,1
OR.PA-press-noise-255,1,-0.017001,,1
OR.PA-press-noise-255,2,-0.009913,,1
OR.PA-press-noise-255,3,-0.027546,,1
OR.PA-press-noise-255,4,-0.030026,,1
OR.PA-press-noise-255,5,-0.043256,,1
OR.PA-press-noise-255,6,-0.055012,,1
OR.PA-press-noise-255,7,-0.056157,,1
OR.PA-press-noise-255,8,-0.06108,,1
OR.PA-press-noise-255,9,-0.049185,,1
OR.PA-press-noise-255,10,-0.052198,,1
OR.PA-press-noise-255,11,-0.050097,,1
OR.PA-press-noise-255,12,-0.041442,,1
OR.PA-press-noise-255,13,-0.032384,,1
OR.PA-press-noise-255,14,-0.030708,,1
OR.PA-press-noise-255,15,-0.041891,,1
OR.PA-press-noise-255,16,-0.044013,,1
OR.PA-press-noise-255,17,-0.0433,,1
OR.PA-press-noise-255,18,-0.048636,,1
OR.PA-press-noise-255,19,-0.063368,,1
OR.PA-press-noise-255,20,-0.063509,,1
OR.PA-press-noise-255,21,-0.049574,,1
OR.PA-press-noise-255,22,-0.043069,,1
OR.PA-press-noise-255,23,-0.058184,,1
OR.PA-press-noise-255,24,-0.068341,,1
OR.PA-press-noise-255,25,-0.057727,,1
OR.PA-press-noise-255,26,-0.038665,,1
OR.PA-press-noise-255,27,-0.05306,,1
OR.PA-press-noise-255,28,-0.063768,,1
OR.PA-press-noise-255,29,-0.040593,,1
OR.PA-press-noise-255,30,-0.066679,,1
OR.PA-press-noise-254,1,-0.017001,,1
OR.PA-press-noise-254,2,-0.009913,,1
OR.PA-press-noise-254,3,-0.027546,,1
OR.PA-press-noise-254,4,-0.030026,,1
OR.PA-press-noise-254,5,-0.043256,,1
OR.PA-press-noise-254,6,-0.055012,,1
OR.PA-press-noise-254,7,-0.056157,,1
OR.PA-press-noise-254,8,-0.06108,,1
OR.PA-press-noise-254,9,-0.049185,,1
OR.PA-press-noise-254,10,-0.052198,,1
OR.PA-press-noise-254,11,-0.050097,,1
OR.PA-press-noise-254,12,-0.041442,,1
OR.PA-press-noise-254,13,-0.032384,,1
OR.PA-press-noise-254,14,-0.030708,,1
OR.PA-press-noise-254,15,-0.041891,,1
OR.PA-press-noise-254,16,-0.044013,,1
OR.PA-press-noise-254,17,-0.0433,,1
OR.PA-press-noise-254,18,-0.048636,,1
OR.PA-press-noise-254,19,-0.063368,,1
OR.PA-press-noise-254,20,-0.063509,,1
OR.PA-press-noise-254,21,-0.049574,,1
OR.PA-press-noise-254,22,-0.043069,,1
OR.PA-press-noise-254,23,-0.058184,,1
OR.PA-press-noise-254,24,-0.068341,,1
OR.PA-press-noise-254,25,-0.057727,,1
OR.PA-press-noise-254,26,-0.038665,,1
OR.PA-press-noise-254,27,-0.05306,,1
OR.PA-press-noise-254,28,-0.063768,,1
OR.PA-press-noise-254,29,-0.040593,,1
OR.PA-press-noise-254,30,-0.066679,,1
OR.PA-press-noise-253,1,-0.017001,,1
OR.PA-press-noise-253,2,-0.009913,,1
OR.PA-press-noise-253,3,-0.027546,,1
OR.PA-press-noise-253,4,-0.030026,,1
OR.PA-press-noise-253,5,-0.043256,,1
OR.PA-press-noise-253,6,-0.055012,,1
OR.PA-press-noise-253,7,-0.056157,,1
OR.PA-press-noise-253,8,-0.06108,,1
OR.PA-press-noise-253,9,-0.049185,,1
OR.PA-press-noise-253,10,-0.052198,,1
OR.PA-press-noise-253,11,-0.050097,,1
OR.PA-press-noise-253,12,-0.041442,,1
OR.PA-press-noise-253,13,-0.032384,,1
OR.PA-press-noise-253,14,-0.030708,,1
OR.PA-press-noise-253,15,-0.041891,,1
OR.PA-press-noise-253,16,-0.044013,,1
OR.PA-press-noise-253,17,-0.0433,,1
OR.PA-press-noise-253,18,-0.048636,,1
OR.PA-press-noise-253,19,-0.063368,,1
OR.PA-press-noise-253,20,-0.063509,,1
OR.PA-press-noise-253,21,-0.049574,,1
OR.PA-press-noise-253,22,-0.043069,,1
OR.PA-press-noise-253,23,-0.058184,,1
OR.PA-press-noise-253,24,-0.068341,,1
OR.PA-press-noise-253,25,-0.057727,,1
OR.PA-press-noise-253,26,-0.038665,,1
OR.PA-press-noise-253,27,-0.05306,,1
OR.PA-press-noise-253,28,-0.063768,,1
OR.PA-press-noise-253,29,-0.040593,,1
OR.PA-press-noise-253,30,-0.066679,,1
OR.PA-press-noise-250,1,-0.001569,,1
OR.PA-press-noise-250,2,-0.010823,,1
OR.PA-press-noise-250,3,-0.019284,,1
OR.PA-press-noise-250,4,-0.016431,,1
OR.PA-press-noise-250,5,0.012516,,1
OR.PA-press-noise-250,6,-0.004684,,1
OR.PA-press-noise-250,7,0.002206,,1
OR.PA-press-noise-250,8,-0.015626,,1
OR.PA-press-noise-250,9,-0.018305,,1
OR.PA-press-noise-250,10,-0.031732,,1
OR.PA-press-noise-250,11,-0.043687,,1
OR.PA-press-noise-250,12,-0.045031,,1
OR.PA-press-noise-250,13,-0.050152,,1
OR.PA-press-noise-250,14,-0.038456,,1
OR.PA-press-noise-250,15,-0.041667,,1
OR.PA-press-noise-250,16,-0.039765,,1
OR.PA-press-noise-250,17,-0.031308,,1
OR.PA-press-noise-250,18,-0.022448,,1
OR.PA-press-noise-250,19,-0.020971,,1
OR.PA-press-noise-250,20,-0.032352,,1
OR.PA-press-noise-250,21,-0.034673,,1
OR.PA-press-noise-250,22,-0.034158,,1
OR.PA-press-noise-250,23,-0.039693,,1
OR.PA-press-noise-250,24,-0.054623,,1
OR.PA-press-noise-250,25,-0.054963,,1
OR.PA-press-noise-250,26,-0.041227,,1
OR.PA-press-noise-250,27,-0.03492,,1
OR.PA-press-noise-250,28,-0.050234,,1
OR.PA-press-noise-250,29,-0.060589,,1
OR.PA-press-noise-250,30,-0.050173,,1
OR.PA-press-noise-249,1,-0.001569,,1
OR.PA-press-noise-249,2,-0.010823,,1
OR.PA-press-noise-249,3,-0.019284,,1
OR.PA-press-noise-249,4,-0.016431,,1
OR.PA-press-noise-249,5,0.012516,,1
OR.PA-press-noise-249,6,-0.004684,,1
OR.PA-press-noise-249,7,0.002206,,1
OR.PA-press-noise-249,8,-0.015626,,1
OR.PA-press-noise-249,9,-0.018305,,1
OR.PA-press-noise-249,10,-0.031732,,1
OR.PA-press-noise-249,11,-0.043687,,1
OR.PA-press-noise-249,12,-0.045031,,1
OR.PA-press-noise-249,13,-0.050152,,1
OR.PA-press-noise-249,14,-0.038456,,1
OR.PA-press-noise-249,15,-0.041667,,1
OR.PA-press-noise-249,16,-0.039765,,1
OR.PA-press-noise-249,17,-0.031308,,1
OR.PA-press-noise-249,18,-0.022448,,1
OR.PA-press-noise-249,19,-0.020971,,1
OR.PA-press-noise-249,20,-0.032352,,1
OR.PA-press-noise-249,21,-0.034673,,1
OR.PA-press-noise-249,22,-0.034158,,1
OR.PA-press-noise-249,23,-0.039693,,1
OR.PA-press-noise-249,24,-0.054623,,1
OR.PA-press-noise-249,25,-0.054963,,1
OR.PA-press-noise-249,26,-0.041227,,1
OR.PA-press-noise-249,27,-0.03492,,1
OR.PA-press-noise-249,28,-0.050234,,1
OR.PA-press-noise-249,29,-0.060589,,1
OR.PA-press-noise-249,30,-0.050173,,1
OR.PA-press-noise-247,1,-0.001569,,1
OR.PA-press-noise-247,2,-0.010823,,1
OR.PA-press-noise-247,3,-0.019284,,1
OR.PA-press-noise-247,4,-0.016431,,1
OR.PA-press-noise-247,5,0.012516,,1
OR.PA-press-noise-247,6,-0.004684,,1
OR.PA-press-noise-247,7,0.002206,,1
OR.PA-press-noise-247,8,-0.015626,,1
OR.PA-press-noise-247,9,-0.018305,,1
OR.PA-press-noise-247,10,-0.031732,,1
OR.PA-press-noise-247,11,-0.043687,,1
OR.PA-press-noise-247,12,-0.045031,,1
OR.PA-press-noise-247,13,-0.050152,,1
OR.PA-press-noise-247,14,-0.038456,,1
OR.PA-press-noise-247,15,-0.041667,,1
OR.PA-press-noise-247,16,-0.039765,,1
OR.PA-press-noise-247,17,-0.031308,,1
OR.PA-press-noise-247,18,-0.022448,,1
OR.PA-press-noise-247,19,-0.020971,,1
OR.PA-press-noise-247,20,-0.032352,,1
OR.PA-press-noise-247,21,-0.034673,,1
OR.PA-press-noise-247,22,-0.034158,,1
OR.PA-press-noise-247,23,-0.039693,,1
OR.PA-press-noise-247,24,-0.054623,,1
OR.PA-press-noise-247,25,-0.054963,,1
OR.PA-press-noise-247,26,-0.041227,,1
OR.PA-press-noise-247,27,-0.03492,,1
OR.PA-press-noise-247,28,-0.050234,,1
OR.PA-press-noise-247,29,-0.060589,,1
OR.PA-press-noise-247,30,-0.050173,,1
OR.PA-press-noise-246,1,-0.001569,,1
OR.PA-press-noise-246,2,-0.010823,,1
OR.PA-press-noise-246,3,-0.019284,,1
OR.PA-press-noise-246,4,-0.016431,,1
OR.PA-press-noise-246,5,0.012516,,1
OR.PA-press-noise-246,6,-0.004684,,1
OR.PA-press-noise-246,7,0.002206,,1
OR.PA-press-noise-246,8,-0.015626,,1
OR.PA-press-noise-246,9,-0.018305,,1
OR.PA-press-noise-246,10,-0.031732,,1
OR.PA-press-noise-246,11,-0.043687,,1
OR.PA-press-noise-246,12,-0.045031,,1
OR.PA-press-noise-246,13,-0.050152,,1
OR.PA-press-noise-246,14,-0.038456,,1
OR.PA-press-noise-246,15,-0.041667,,1
OR.PA-press-noise-246,16,-0.039765,,1
OR.PA-press-noise-246,17,-0.031308,,1
OR.PA-press-noise-246,18,-0.022448,,1
OR.PA-press-noise-246,19,-0.020971,,1
OR.PA-press-noise-246,20,-0.032352,,1
OR.PA-press-noise-246,21,-0.034673,,1
OR.PA-press-noise-246,22,-0.034158,,1
OR.PA-press-noise-246,23,-0.039693,,1
OR.PA-press-noise-246,24,-0.054623,,1
OR.PA-press-noise-246,25,-0.054963,,1
OR.PA-press-noise-246,26,-0.041227,,1
OR.PA-press-noise-246,27,-0.03492,,1
OR.PA-press-noise-246,28,-0.050234,,1
OR.PA-press-noise-246,29,-0.060589,,1
OR.PA-press-noise-246,30,-0.050173,,1
OR.PA-press-noise-245,1,-0.001569,,1
OR.PA-press-noise-245,2,-0.010823,,1
OR.PA-press-noise-245,3,-0.019284,,1
OR.PA-press-noise-245,4,-0.016431,,1
OR.PA-press-noise-245,5,0.012516,,1
OR.PA-press-noise-245,6,-0.004684,,1
OR.PA-press-noise-245,7,0.002206,,1
OR.PA-press-noise-245,8,-0.015626,,1
OR.PA-press-noise-245,9,-0.018305,,1
OR.PA-press-noise-245,10,-0.031732,,1
OR.PA-press-noise-245,11,-0.043687,,1
OR.PA-press-noise-245,12,-0.045031,,1
OR.PA-press-noise-245,13,-0.050152,,1
OR.PA-press-noise-245,14,-0.038456,,1
OR.PA-press-noise-245,15,-0.041667,,1
OR.PA-press-noise-245,16,-0.039765,,1
OR.PA-press-noise-245,17,-0.031308,,1
OR.PA-press-noise-245,18,-0.022448,,1
OR.PA-press-noise-245,19,-0.020971,,1
OR.PA-press-noise-245,20,-0.032352,,1
OR.PA-press-noise-245,21,-0.034673,,1
OR.PA-press-noise-245,22,-0.034158,,1
OR.PA-press-noise-245,23,-0.039693,,1
OR.PA-press-noise-245,24,-0.054623,,1
OR.PA-press-noise-245,25,-0.054963,,1
OR.PA-press-noise-245,26,-0.041227,,1
OR.PA-press-noise-245,27,-0.03492,,1
OR.PA-press-noise-245,28,-0.050234,,1
OR.PA-press-noise-245,29,-0.060589,,1
OR.PA-press-noise-245,30,-0.050173,,1
OR.PA-press-noise-242,1,0.007429,,1
OR.PA-press-noise-242,2,-0.01179,,1
OR.PA-press-noise-242,3,-0.026318,,1
OR.PA-press-noise-242,4,-0.032259,,1
OR.PA-press-noise-242,5,-0.046297,,1
OR.PA-press-noise-242,6,-0.022207,,1
OR.PA-press-noise-242,7,-0.031787,,1
OR.PA-press-noise-242,8,-0.026945,,1
OR.PA-press-noise-242,9,-0.034952,,1
OR.PA-press-noise-242,10,-0.022196,,1
OR.PA-press-noise-242,11,-0.003426,,1
OR.PA-press-noise-242,12,0.001235,,1
OR.PA-press-noise-242,13,-0.016712,,1
OR.PA-press-noise-242,14,-0.02268,,1
OR.PA-press-noise-242,15,-0.027945,,1
OR.PA-press-noise-242,16,-0.029581,,1
OR.PA-press-noise-242,17,-0.038901,,1
OR.PA-press-noise-242,18,-0.047428,,1
OR.PA-press-noise-242,19,-0.044641,,1
OR.PA-press-noise-242,20,-0.015761,,1
OR.PA-press-noise-242,21,-0.033026,,1
OR.PA-press-noise-242,22,-0.026203,,1
OR.PA-press-noise-242,23,-0.044101,,1
OR.PA-press-noise-242,24,-0.046846,,1
OR.PA-press-noise-242,25,-0.06034,,1
OR.PA-press-noise-242,26,-0.072361,,1
OR.PA-press-noise-242,27,-0.073771,,1
OR.PA-press-noise-242,28,-0.078959,,1
OR.PA-press-noise-242,29,-0.067328,,1
OR.PA-press-noise-242,30,-0.070606,,1
OR.PA-press-noise-240,1,0.007429,,1
OR.PA-press-noise-240,2,-0.01179,,1
OR.PA-press-noise-240,3,-0.026318,,1
OR.PA-press-noise-240,4,-0.032259,,1
OR.PA-press-noise-240,5,-0.046297,,1
OR.PA-press-noise-240,6,-0.022207,,1
OR.PA-press-noise-240,7,-0.031787,,1
OR.PA-press-noise-240,8,-0.026945,,1
OR.PA-press-noise-240,9,-0.034952,,1
OR.PA-press-noise-240,10,-0.022196,,1
OR.PA-press-noise-240,11,-0.003426,,1
OR.PA-press-noise-240,12,0.001235,,1
OR.PA-press-noise-240,13,-0.016712,,1
OR.PA-press-noise-240,14,-0.02268,,1
OR.PA-press-noise-240,15,-0.027945,,1
OR.PA-press-noise-240,16,-0.029581,,1
OR.PA-press-noise-240,17,-0.038901,,1
OR.PA-press-noise-240,18,-0.047428,,1
OR.PA-press-noise-240,19,-0.044641,,1
OR.PA-press-noise-240,20,-0.015761,,1
OR.PA-press-noise-240,21,-0.033026,,1
OR.PA-press-noise-240,22,-0.026203,,1
OR.PA-press-noise-240,23,-0.044101,,1
OR.PA-press-noise-240,24,-0.046846,,1
OR.PA-press-noise-240,25,-0.06034,,1
OR.PA-press-noise-240,26,-0.072361,,1
OR.PA-press-noise-240,27,-0.073771,,1
OR.PA-press-noise-240,28,-0.078959,,1
OR.PA-press-noise-240,29,-0.067328,,1
OR.PA-press-noise-240,30,-0.070606,,1
OR.PA-press-noise-239,1,0.012035,,1
OR.PA-press-noise-239,2,0.020689,,1
OR.PA-press-noise-239,3,0.028429,,1
OR.PA-press-noise-239,4,0.00952,,1
OR.PA-press-noise-239,5,-0.004697,,1
OR.PA-press-noise-239,6,-0.010327,,1
OR.PA-press-noise-239,7,-0.024054,,1
OR.PA-press-noise-239,8,0.000345,,1
OR.PA-press-noise-239,9,-0.008924,,1
OR.PA-press-noise-239,10,-0.003772,,1
OR.PA-press-noise-239,11,-0.011468,,1
OR.PA-press-noise-239,12,0.001599,,1
OR.PA-press-noise-239,13,0.020679,,1
OR.PA-press-noise-239,14,0.02565,,1
OR.PA-press-noise-239,15,0.008014,,1
OR.PA-press-noise-239,16,0.002357,,1
OR.PA-press-noise-239,17,-0.002598,,1
OR.PA-press-noise-239,18,-0.003923,,1
OR.PA-press-noise-239,19,-0.012932,,1
OR.PA-press-noise-239,20,-0.021149,,1
OR.PA-press-noise-239,21,-0.018052,,1
OR.PA-press-noise-239,22,0.011139,,1
OR.PA-press-noise-239,23,-0.005816,,1
OR.PA-press-noise-239,24,0.001319,,1
OR.PA-press-noise-239,25,-0.016269,,1
OR.PA-press-noise-239,26,-0.018704,,1
OR.PA-press-noise-239,27,-0.031887,,1
OR.PA-press-noise-239,28,-0.043597,,1
OR.PA-press-noise-239,29,-0.044697,,1
OR.PA-press-noise-239,30,-0.049574,,1
OR.PA-press-noise-238,1,0.012035,,1
OR.PA-press-noise-238,2,0.020689,,1
OR.PA-press-noise-238,3,0.028429,,1
OR.PA-press-noise-238,4,0.00952,,1
OR.PA-press-noise-238,5,-0.004697,,1
OR.PA-press-noise-238,6,-0.010327,,1
OR.PA-press-noise-238,7,-0.024054,,1
OR.PA-press-noise-238,8,0.000345,,1
OR.PA-press-noise-238,9,-0.008924,,1
OR.PA-press-noise-238,10,-0.003772,,1
OR.PA-press-noise-238,11,-0.011468,,1
OR.PA-press-noise-238,12,0.001599,,1
OR.PA-press-noise-238,13,0.020679,,1
OR.PA-press-noise-238,14,0.02565,,1
OR.PA-press-noise-238,15,0.008014,,1
OR.PA-press-noise-238,16,0.002357,,1
OR.PA-press-noise-238,17,-0.002598,,1
OR.PA-press-noise-238,18,-0.003923,,1
OR.PA-press-noise-238,19,-0.012932,,1
OR.PA-press-noise-238,20,-0.021149,,1
OR.PA-press-noise-238,21,-0.018052,,1
OR.PA-press-noise-238,22,0.011139,,1
OR.PA-press-noise-238,23,-0.005816,,1
OR.PA-press-noise-238,24,0.001319,,1
OR.PA-press-noise-238,25,-0.016269,,1
OR.PA-press-noise-238,26,-0.018704,,1
OR.PA-press-noise-238,27,-0.031887,,1
OR.PA-press-noise-238,28,-0.043597,,1
OR.PA-press-noise-238,29,-0.044697,,1
OR.PA-press-noise-238,30,-0.049574,,1
OR.PA-press-noise-234,1,0.012035,,1
OR.PA-press-noise-234,2,0.020689,,1
OR.PA-press-noise-234,3,0.028429,,1
OR.PA-press-noise-234,4,0.00952,,1
OR.PA-press-noise-234,5,-0.004697,,1
OR.PA-press-noise-234,6,-0.010327,,1
OR.PA-press-noise-234,7,-0.024054,,1
OR.PA-press-noise-234,8,0.000345,,1
OR.PA-press-noise-234,9,-0.008924,,1
OR.PA-press-noise-234,10,-0.003772,,1
OR.PA-press-noise-234,11,-0.011468,,1
OR.PA-press-noise-234,12,0.001599,,1
OR.PA-press-noise-234,13,0.020679,,1
OR.PA-press-noise-234,14,0.02565,,1
OR.PA-press-noise-234,15,0.008014,,1
OR.PA-press-noise-234,16,0.002357,,1
OR.PA-press-noise-234,17,-0.002598,,1
OR.PA-press-noise-234,18,-0.003923,,1
OR.PA-press-noise-234,19,-0.012932,,1
OR.PA-press-noise-234,20,-0.021149,,1
OR.PA-press-noise-234,21,-0.018052,,1
OR.PA-press-noise-234,22,0.011139,,1
OR.PA-press-noise-234,23,-0.005816,,1
OR.PA-press-noise-234,24,0.001319,,1
OR.PA-press-noise-234,25,-0.016269,,1
OR.PA-press-noise-234,26,-0.018704,,1
OR.PA-press-noise-234,27,-0.031887,,1
OR.PA-press-noise-234,28,-0.043597,,1
OR.PA-press-noise-234,29,-0.044697,,1
OR.PA-press-noise-234,30,-0.049574,,1
OR.PA-press-noise-233,1,0.005634,,1
OR.PA-press-noise-233,2,0.012611,,1
OR.PA-press-noise-233,3,-0.002602,,1
OR.PA-press-noise-233,4,-0.017752,,1
OR.PA-press-noise-233,5,-0.004344,,1
OR.PA-press-noise-233,6,-0.012552,,1
OR.PA-press-noise-233,7,-0.014367,,1
OR.PA-press-noise-233,8,-0.020345,,1
OR.PA-press-noise-233,9,-0.032097,,1
OR.PA-press-noise-233,10,-0.030546,,1
OR.PA-press-noise-233,11,-0.021628,,1
OR.PA-press-noise-233,12,-0.030463,,1
OR.PA-press-noise-233,13,-0.047311,,1
OR.PA-press-noise-233,14,-0.070427,,1
OR.PA-press-noise-233,15,-0.065942,,1
OR.PA-press-noise-233,16,-0.057354,,1
OR.PA-press-noise-233,17,-0.066365,,1
OR.PA-press-noise-233,18,-0.078142,,1
OR.PA-press-noise-233,19,-0.093143,,1
OR.PA-press-noise-233,20,-0.092317,,1
OR.PA-press-noise-233,21,-0.075432,,1
OR.PA-press-noise-233,22,-0.084251,,1
OR.PA-press-noise-233,23,-0.090385,,1
OR.PA-press-noise-233,24,-0.099777,,1
OR.PA-press-noise-233,25,-0.097097,,1
OR.PA-press-noise-233,26,-0.099522,,1
OR.PA-press-noise-233,27,-0.096119,,1
OR.PA-press-noise-233,28,-0.093361,,1
OR.PA-press-noise-233,29,-0.08112,,1
OR.PA-press-noise-233,30,-0.089012,,1
OR.PA-press-noise-232,1,0.005634,,1
OR.PA-press-noise-232,2,0.012611,,1
OR.PA-press-noise-232,3,-0.002602,,1
OR.PA-press-noise-232,4,-0.017752,,1
OR.PA-press-noise-232,5,-0.004344,,1
OR.PA-press-noise-232,6,-0.012552,,1
OR.PA-press-noise-232,7,-0.014367,,1
OR.PA-press-noise-232,8,-0.020345,,1
OR.PA-press-noise-232,9,-0.032097,,1
OR.PA-press-noise-232,10,-0.030546,,1
OR.PA-press-noise-232,11,-0.021628,,1
OR.PA-press-noise-232,12,-0.030463,,1
OR.PA-press-noise-232,13,-0.047311,,1
OR.PA-press-noise-232,14,-0.070427,,1
OR.PA-press-noise-232,15,-0.065942,,1
OR.PA-press-noise-232,16,-0.057354,,1
OR.PA-press-noise-232,17,-0.066365,,1
OR.PA-press-noise-232,18,-0.078142,,1
OR.PA-press-noise-232,19,-0.093143,,1
OR.PA-press-noise-232,20,-0.092317,,1
OR.PA-press-noise-232,21,-0.075432,,1
OR.PA-press-noise-232,22,-0.084251,,1
OR.PA-press-noise-232,23,-0.090385,,1
OR.PA-press-noise-232,24,-0.099777,,1
OR.PA-press-noise-232,25,-0.097097,,1
OR.PA-press-noise-232,26,-0.099522,,1
OR.PA-press-noise-232,27,-0.096119,,1
OR.PA-press-noise-232,28,-0.093361,,1
OR.PA-press-noise-232,29,-0.08112,,1
OR.PA-press-noise-232,30,-0.089012,,1
OR.PA-press-noise-231,1,-0.019971,,1
OR.PA-press-noise-231,2,-0.014605,,1
OR.PA-press-noise-231,3,-0.007897,,1
OR.PA-press-noise-231,4,-0.023379,,1
OR.PA-press-noise-231,5,-0.038797,,1
OR.PA-press-noise-231,6,-0.025658,,1
OR.PA-press-noise-231,7,-0.034135,,1
OR.PA-press-noise-231,8,-0.036219,,1
OR.PA-press-noise-231,9,-0.042465,,1
OR.PA-press-noise-231,10,-0.054486,,1
OR.PA-press-noise-231,11,-0.053204,,1
OR.PA-press-noise-231,12,-0.044554,,1
OR.PA-press-noise-231,13,-0.053658,,1
OR.PA-press-noise-231,14,-0.070774,,1
OR.PA-press-noise-231,15,-0.094159,,1
OR.PA-press-noise-231,16,-0.089942,,1
OR.PA-press-noise-231,17,-0.081623,,1
OR.PA-press-noise-231,18,-0.090903,,1
OR.PA-press-noise-231,19,-0.102949,,1
OR.PA-press-noise-231,20,-0.118218,,1
OR.PA-press-noise-231,21,-0.117661,,1
OR.PA-press-noise-231,22,-0.101045,,1
OR.PA-press-noise-231,23,-0.110133,,1
OR.PA-press-noise-231,24,-0.116536,,1
OR.PA-press-noise-231,25,-0.126196,,1
OR.PA-press-noise-231,26,-0.123784,,1
OR.PA-press-noise-231,27,-0.126478,,1
OR.PA-press-noise-231,28,-0.123344,,1
OR.PA-press-noise-231,29,-0.120855,,1
OR.PA-press-noise-231,30,-0.108882,,1
OR.PA-press-noise-229,1,-0.019971,,1
OR.PA-press-noise-229,2,-0.014605,,1
OR.PA-press-noise-229,3,-0.007897,,1
OR.PA-press-noise-229,4,-0.023379,,1
OR.PA-press-noise-229,5,-0.038797,,1
OR.PA-press-noise-229,6,-0.025658,,1
OR.PA-press-noise-229,7,-0.034135,,1
OR.PA-press-noise-229,8,-0.036219,,1
OR.PA-press-noise-229,9,-0.042465,,1
OR.PA-press-noise-229,10,-0.054486,,1
OR.PA-press-noise-229,11,-0.053204,,1
OR.PA-press-noise-229,12,-0.044554,,1
OR.PA-press-noise-229,13,-0.053658,,1
OR.PA-press-noise-229,14,-0.070774,,1
OR.PA-press-noise-229,15,-0.094159,,1
OR.PA-press-noise-229,16,-0.089942,,1
OR.PA-press-noise-229,17,-0.081623,,1
OR.PA-press-noise-229,18,-0.090903,,1
OR.PA-press-noise-229,19,-0.102949,,1
OR.PA-press-noise-229,20,-0.118218,,1
OR.PA-press-noise-229,21,-0.117661,,1
OR.PA-press-noise-229,22,-0.101045,,1
OR.PA-press-noise-229,23,-0.110133,,1
OR.PA-press-noise-229,24,-0.116536,,1
OR.PA-press-noise-229,25,-0.126196,,1
OR.PA-press-noise-229,26,-0.123784,,1
OR.PA-press-noise-229,27,-0.126478,,1
OR.PA-press-noise-229,28,-0.123344,,1
OR.PA-press-noise-229,29,-0.120855,,1
OR.PA-press-noise-229,30,-0.108882,,1
OR.PA-press-noise-228,1,-0.019971,,1
OR.PA-press-noise-228,2,-0.014605,,1
OR.PA-press-noise-228,3,-0.007897,,1
OR.PA-press-noise-228,4,-0.023379,,1
OR.PA-press-noise-228,5,-0.038797,,1
OR.PA-press-noise-228,6,-0.025658,,1
OR.PA-press-noise-228,7,-0.034135,,1
OR.PA-press-noise-228,8,-0.036219,,1
OR.PA-press-noise-228,9,-0.042465,,1
OR.PA-press-noise-228,10,-0.054486,,1
OR.PA-press-noise-228,11,-0.053204,,1
OR.PA-press-noise-228,12,-0.044554,,1
OR.PA-press-noise-228,13,-0.053658,,1
OR.PA-press-noise-228,14,-0.070774,,1
OR.PA-press-noise-228,15,-0.094159,,1
OR.PA-press-noise-228,16,-0.089942,,1
OR.PA-press-noise-228,17,-0.081623,,1
OR.PA-press-noise-228,18,-0.090903,,1
OR.PA-press-noise-228,19,-0.102949,,1
OR.PA-press-noise-228,20,-0.118218,,1
OR.PA-press-noise-228,21,-0.117661,,1
OR.PA-press-noise-228,22,-0.101045,,1
OR.PA-press-noise-228,23,-0.110133,,1
OR.PA-press-noise-228,24,-0.116536,,1
OR.PA-press-noise-228,25,-0.126196,,1
OR.PA-press-noise-228,26,-0.123784,,1
OR.PA-press-noise-228,27,-0.126478,,1
OR.PA-press-noise-228,28,-0.123344,,1
OR.PA-press-noise-228,29,-0.120855,,1
OR.PA-press-noise-228,30,-0.108882,,1
OR.PA-press-noise-226,1,-0.019971,,1
OR.PA-press-noise-226,2,-0.014605,,1
OR.PA-press-noise-226,3,-0.007897,,1
OR.PA-press-noise-226,4,-0.023379,,1
OR.PA-press-noise-226,5,-0.038797,,1
OR.PA-press-noise-226,6,-0.025658,,1
OR.PA-press-noise-226,7,-0.034135,,1
OR.PA-press-noise-226,8,-0.036219,,1
OR.PA-press-noise-226,9,-0.042465,,1
OR.PA-press-noise-226,10,-0.054486,,1
OR.PA-press-noise-226,11,-0.053204,,1
OR.PA-press-noise-226,12,-0.044554,,1
OR.PA-press-noise-226,13,-0.053658,,1
OR.PA-press-noise-226,14,-0.070774,,1
OR.PA-press-noise-226,15,-0.094159,,1
OR.PA-press-noise-226,16,-0.089942,,1
OR.PA-press-noise-226,17,-0.081623,,1
OR.PA-press-noise-226,18,-0.090903,,1
OR.PA-press-noise-226,19,-0.102949,,1
OR.PA-press-noise-226,20,-0.118218,,1
OR.PA-press-noise-226,21,-0.117661,,1
OR.PA-press-noise-226,22,-0.101045,,1
OR.PA-press-noise-226,23,-0.110133,,1
OR.PA-press-noise-226,24,-0.116536,,1
OR.PA-press-noise-226,25,-0.126196,,1
OR.PA-press-noise-226,26,-0.123784,,1
OR.PA-press-noise-226,27,-0.126478,,1
OR.PA-press-noise-226,28,-0.123344,,1
OR.PA-press-noise-226,29,-0.120855,,1
OR.PA-press-noise-226,30,-0.108882,,1
OR.PA-press-noise-224,1,-0.019971,,1
OR.PA-press-noise-224,2,-0.014605,,1
OR.PA-press-noise-224,3,-0.007897,,1
OR.PA-press-noise-224,4,-0.023379,,1
OR.PA-press-noise-224,5,-0.038797,,1
OR.PA-press-noise-224,6,-0.025658,,1
OR.PA-press-noise-224,7,-0.034135,,1
OR.PA-press-noise-224,8,-0.036219,,1
OR.PA-press-noise-224,9,-0.042465,,1
OR.PA-press-noise-224,10,-0.054486,,1
OR.PA-press-noise-224,11,-0.053204,,1
OR.PA-press-noise-224,12,-0.044554,,1
OR.PA-press-noise-224,13,-0.053658,,1
OR.PA-press-noise-224,14,-0.070774,,1
OR.PA-press-noise-224,15,-0.094159,,1
OR.PA-press-noise-224,16,-0.089942,,1
OR.PA-press-noise-224,17,-0.081623,,1
OR.PA-press-noise-224,18,-0.090903,,1
OR.PA-press-noise-224,19,-0.102949,,1
OR.PA-press-noise-224,20,-0.118218,,1
OR.PA-press-noise-224,21,-0.117661,,1
OR.PA-press-noise-224,22,-0.101045,,1
OR.PA-press-noise-224,23,-0.110133,,1
OR.PA-press-noise-224,24,-0.116536,,1
OR.PA-press-noise-224,25,-0.126196,,1
OR.PA-press-noise-224,26,-0.123784,,1
OR.PA-press-noise-224,27,-0.126478,,1
OR.PA-press-noise-224,28,-0.123344,,1
OR.PA-press-noise-224,29,-0.120855,,1
OR.PA-press-noise-224,30,-0.108882,,1
OR.PA-press-noise-223,1,-0.019971,,1
OR.PA-press-noise-223,2,-0.014605,,1
OR.PA-press-noise-223,3,-0.007897,,1
OR.PA-press-noise-223,4,-0.023379,,1
OR.PA-press-noise-223,5,-0.038797,,1
OR.PA-press-noise-223,6,-0.025658,,1
OR.PA-press-noise-223,7,-0.034135,,1
OR.PA-press-noise-223,8,-0.036219,,1
OR.PA-press-noise-223,9,-0.042465,,1
OR.PA-press-noise-223,10,-0.054486,,1
OR.PA-press-noise-223,11,-0.053204,,1
OR.PA-press-noise-223,12,-0.044554,,1
OR.PA-press-noise-223,13,-0.053658,,1
OR.PA-press-noise-223,14,-0.070774,,1
OR.PA-press-noise-223,15,-0.094159,,1
OR.PA-press-noise-223,16,-0.089942,,1
OR.PA-press-noise-223,17,-0.081623,,1
OR.PA-press-noise-223,18,-0.090903,,1
OR.PA-press-noise-223,19,-0.102949,,1
OR.PA-press-noise-223,20,-0.118218,,1
OR.PA-press-noise-223,21,-0.117661,,1
OR.PA-press-noise-223,22,-0.101045,,1
OR.PA-press-noise-223,23,-0.110133,,1
OR.PA-press-noise-223,24,-0.116536,,1
OR.PA-press-noise-223,25,-0.126196,,1
OR.PA-press-noise-223,26,-0.123784,,1
OR.PA-press-noise-223,27,-0.126478,,1
OR.PA-press-noise-223,28,-0.123344,,1
OR.PA-press-noise-223,29,-0.120855,,1
OR.PA-press-noise-223,30,-0.108882,,1
OR.PA-press-noise-221,1,-0.019971,,1
OR.PA-press-noise-221,2,-0.014605,,1
OR.PA-press-noise-221,3,-0.007897,,1
OR.PA-press-noise-221,4,-0.023379,,1
OR.PA-press-noise-221,5,-0.038797,,1
OR.PA-press-noise-221,6,-0.025658,,1
OR.PA-press-noise-221,7,-0.034135,,1
OR.PA-press-noise-221,8,-0.036219,,1
OR.PA-press-noise-221,9,-0.042465,,1
OR.PA-press-noise-221,10,-0.054486,,1
OR.PA-press-noise-221,11,-0.053204,,1
OR.PA-press-noise-221,12,-0.044554,,1
OR.PA-press-noise-221,13,-0.053658,,1
OR.PA-press-noise-221,14,-0.070774,,1
OR.PA-press-noise-221,15,-0.094159,,1
OR.PA-press-noise-221,16,-0.089942,,1
OR.PA-press-noise-221,17,-0.081623,,1
OR.PA-press-noise-221,18,-0.090903,,1
OR.PA-press-noise-221,19,-0.102949,,1
OR.PA-press-noise-221,20,-0.118218,,1
OR.PA-press-noise-221,21,-0.117661,,1
OR.PA-press-noise-221,22,-0.101045,,1
OR.PA-press-noise-221,23,-0.110133,,1
OR.PA-press-noise-221,24,-0.116536,,1
OR.PA-press-noise-221,25,-0.126196,,1
OR.PA-press-noise-221,26,-0.123784,,1
OR.PA-press-noise-221,27,-0.126478,,1
OR.PA-press-noise-221,28,-0.123344,,1
OR.PA-press-noise-221,29,-0.120855,,1
OR.PA-press-noise-221,30,-0.108882,,1
OR.PA-press-noise-212,1,-0.019971,,1
OR.PA-press-noise-212,2,-0.014605,,1
OR.PA-press-noise-212,3,-0.007897,,1
OR.PA-press-noise-212,4,-0.023379,,1
OR.PA-press-noise-212,5,-0.038797,,1
OR.PA-press-noise-212,6,-0.025658,,1
OR.PA-press-noise-212,7,-0.034135,,1
OR.PA-press-noise-212,8,-0.036219,,1
OR.PA-press-noise-212,9,-0.042465,,1
OR.PA-press-noise-212,10,-0.054486,,1
OR.PA-press-noise-212,11,-0.053204,,1
OR.PA-press-noise-212,12,-0.044554,,1
OR.PA-press-noise-212,13,-0.053658,,1
OR.PA-press-noise-212,14,-0.070774,,1
OR.PA-press-noise-212,15,-0.094159,,1
OR.PA-press-noise-212,16,-0.089942,,1
OR.PA-press-noise-212,17,-0.081623,,1
OR.PA-press-noise-212,18,-0.090903,,1
OR.PA-press-noise-212,19,-0.102949,,1
OR.PA-press-noise-212,20,-0.118218,,1
OR.PA-press-noise-212,21,-0.117661,,1
OR.PA-press-noise-212,22,-0.101045,,1
OR.PA-press-noise-212,23,-0.110133,,1
OR.PA-press-noise-212,24,-0.116536,,1
OR.PA-press-noise-212,25,-0.126196,,1
OR.PA-press-noise-212,26,-0.123784,,1
OR.PA-press-noise-212,27,-0.126478,,1
OR.PA-press-noise-212,28,-0.123344,,1
OR.PA-press-noise-212,29,-0.120855,,1
OR.PA-press-noise-212,30,-0.108882,,1
OR.PA-press-noise-211,1,-0.013663,,1
OR.PA-press-noise-211,2,-0.013242,,1
OR.PA-press-noise-211,3,-0.001819,,1
OR.PA-press-noise-211,4,-0.00675,,1
OR.PA-press-noise-211,5,-0.014005,,1
OR.PA-press-noise-211,6,-0.021399,,1
OR.PA-press-noise-211,7,-0.041672,,1
OR.PA-press-noise-211,8,-0.036609,,1
OR.PA-press-noise-211,9,-0.030202,,1
OR.PA-press-noise-211,10,-0.045986,,1
OR.PA-press-noise-211,11,-0.061707,,1
OR.PA-press-noise-211,12,-0.04887,,1
OR.PA-press-noise-211,13,-0.057648,,1
OR.PA-press-noise-211,14,-0.060034,,1
OR.PA-press-noise-211,15,-0.066582,,1
OR.PA-press-noise-211,16,-0.078906,,1
OR.PA-press-noise-211,17,-0.077925,,1
OR.PA-press-noise-211,18,-0.069577,,1
OR.PA-press-noise-211,19,-0.078984,,1
OR.PA-press-noise-211,20,-0.096402,,1
OR.PA-press-noise-211,21,-0.120089,,1
OR.PA-press-noise-211,22,-0.116174,,1
OR.PA-press-noise-211,23,-0.108157,,1
OR.PA-press-noise-211,24,-0.117739,,1
OR.PA-press-noise-211,25,-0.130087,,1
OR.PA-press-noise-211,26,-0.145658,,1
OR.PA-press-noise-211,27,-0.145403,,1
OR.PA-press-noise-211,28,-0.129089,,1
OR.PA-press-noise-211,29,-0.138479,,1
OR.PA-press-noise-211,30,-0.145184,,1
OR.PA-press-noise-210,1,-0.013663,,1
OR.PA-press-noise-210,2,-0.013242,,1
OR.PA-press-noise-210,3,-0.001819,,1
OR.PA-press-noise-210,4,-0.00675,,1
OR.PA-press-noise-210,5,-0.014005,,1
OR.PA-press-noise-210,6,-0.021399,,1
OR.PA-press-noise-210,7,-0.041672,,1
OR.PA-press-noise-210,8,-0.036609,,1
OR.PA-press-noise-210,9,-0.030202,,1
OR.PA-press-noise-210,10,-0.045986,,1
OR.PA-press-noise-210,11,-0.061707,,1
OR.PA-press-noise-210,12,-0.04887,,1
OR.PA-press-noise-210,13,-0.057648,,1
OR.PA-press-noise-210,14,-0.060034,,1
OR.PA-press-noise-210,15,-0.066582,,1
OR.PA-press-noise-210,16,-0.078906,,1
OR.PA-press-noise-210,17,-0.077925,,1
OR.PA-press-noise-210,18,-0.069577,,1
OR.PA-press-noise-210,19,-0.078984,,1
OR.PA-press-noise-210,20,-0.096402,,1
OR.PA-press-noise-210,21,-0.120089,,1
OR.PA-press-noise-210,22,-0.116174,,1
OR.PA-press-noise-210,23,-0.108157,,1
OR.PA-press-noise-210,24,-0.117739,,1
OR.PA-press-noise-210,25,-0.130087,,1
OR.PA-press-noise-210,26,-0.145658,,1
OR.PA-press-noise-210,27,-0.145403,,1
OR.PA-press-noise-210,28,-0.129089,,1
OR.PA-press-noise-210,29,-0.138479,,1
OR.PA-press-noise-210,30,-0.145184,,1
OR.PA-press-noise-209,1,0.02739,,1
OR.PA-press-noise-209,2,0.012577,,1
OR.PA-press-noise-209,3,-0.001001,,1
OR.PA-press-noise-209,4,-0.000495,,1
OR.PA-press-noise-209,5,0.011014,,1
OR.PA-press-noise-209,6,0.006168,,1
OR.PA-press-noise-209,7,-0.001003,,1
OR.PA-press-noise-209,8,-0.008311,,1
OR.PA-press-noise-209,9,-0.028499,,1
OR.PA-press-noise-209,10,-0.02335,,1
OR.PA-press-noise-209,11,-0.016858,,1
OR.PA-press-noise-209,12,-0.032557,,1
OR.PA-press-noise-209,13,-0.048192,,1
OR.PA-press-noise-209,14,-0.03527,,1
OR.PA-press-noise-209,15,-0.043964,,1
OR.PA-press-noise-209,16,-0.046264,,1
OR.PA-press-noise-209,17,-0.052727,,1
OR.PA-press-noise-209,18,-0.064965,,1
OR.PA-press-noise-209,19,-0.0639,,1
OR.PA-press-noise-209,20,-0.055467,,1
OR.PA-press-noise-209,21,-0.064788,,1
OR.PA-press-noise-209,22,-0.082121,,1
OR.PA-press-noise-209,23,-0.105723,,1
OR.PA-press-noise-209,24,-0.101723,,1
OR.PA-press-noise-209,25,-0.09362,,1
OR.PA-press-noise-209,26,-0.103117,,1
OR.PA-press-noise-209,27,-0.115379,,1
OR.PA-press-noise-209,28,-0.130866,,1
OR.PA-press-noise-209,29,-0.130526,,1
OR.PA-press-noise-209,30,-0.114126,,1
OR.PA-press-noise-208,1,0.02739,,1
OR.PA-press-noise-208,2,0.012577,,1
OR.PA-press-noise-208,3,-0.001001,,1
OR.PA-press-noise-208,4,-0.000495,,1
OR.PA-press-noise-208,5,0.011014,,1
OR.PA-press-noise-208,6,0.006168,,1
OR.PA-press-noise-208,7,-0.001003,,1
OR.PA-press-noise-208,8,-0.008311,,1
OR.PA-press-noise-208,9,-0.028499,,1
OR.PA-press-noise-208,10,-0.02335,,1
OR.PA-press-noise-208,11,-0.016858,,1
OR.PA-press-noise-208,12,-0.032557,,1
OR.PA-press-noise-208,13,-0.048192,,1
OR.PA-press-noise-208,14,-0.03527,,1
OR.PA-press-noise-208,15,-0.043964,,1
OR.PA-press-noise-208,16,-0.046264,,1
OR.PA-press-noise-208,17,-0.052727,,1
OR.PA-press-noise-208,18,-0.064965,,1
OR.PA-press-noise-208,19,-0.0639,,1
OR.PA-press-noise-208,20,-0.055467,,1
OR.PA-press-noise-208,21,-0.064788,,1
OR.PA-press-noise-208,22,-0.082121,,1
OR.PA-press-noise-208,23,-0.105723,,1
OR.PA-press-noise-208,24,-0.101723,,1
OR.PA-press-noise-208,25,-0.09362,,1
OR.PA-press-noise-208,26,-0.103117,,1
OR.PA-press-noise-208,27,-0.115379,,1
OR.PA-press-noise-208,28,-0.130866,,1
OR.PA-press-noise-208,29,-0.130526,,1
OR.PA-press-noise-208,30,-0.114126,,1
OR.PA-press-noise-205,1,0.02739,,1
OR.PA-press-noise-205,2,0.012577,,1
OR.PA-press-noise-205,3,-0.001001,,1
OR.PA-press-noise-205,4,-0.000495,,1
OR.PA-press-noise-205,5,0.011014,,1
OR.PA-press-noise-205,6,0.006168,,1
OR.PA-press-noise-205,7,-0.001003,,1
OR.PA-press-noise-205,8,-0.008311,,1
OR.PA-press-noise-205,9,-0.028499,,1
OR.PA-press-noise-205,10,-0.02335,,1
OR.PA-press-noise-205,11,-0.016858,,1
OR.PA-press-noise-205,12,-0.032557,,1
OR.PA-press-noise-205,13,-0.048192,,1
OR.PA-press-noise-205,14,-0.03527,,1
OR.PA-press-noise-205,15,-0.043964,,1
OR.PA-press-noise-205,16,-0.046264,,1
OR.PA-press-noise-205,17,-0.052727,,1
OR.PA-press-noise-205,18,-0.064965,,1
OR.PA-press-noise-205,19,-0.0639,,1
OR.PA-press-noise-205,20,-0.055467,,1
OR.PA-press-noise-205,21,-0.064788,,1
OR.PA-press-noise-205,22,-0.082121,,1
OR.PA-press-noise-205,23,-0.105723,,1
OR.PA-press-noise-205,24,-0.101723,,1
OR.PA-press-noise-205,25,-0.09362,,1
OR.PA-press-noise-205,26,-0.103117,,1
OR.PA-press-noise-205,27,-0.115379,,1
OR.PA-press-noise-205,28,-0.130866,,1
OR.PA-press-noise-205,29,-0.130526,,1
OR.PA-press-noise-205,30,-0.114126,,1
OR.PA-press-noise-204,1,0.02739,,1
OR.PA-press-noise-204,2,0.012577,,1
OR.PA-press-noise-204,3,-0.001001,,1
OR.PA-press-noise-204,4,-0.000495,,1
OR.PA-press-noise-204,5,0.011014,,1
OR.PA-press-noise-204,6,0.006168,,1
OR.PA-press-noise-204,7,-0.001003,,1
OR.PA-press-noise-204,8,-0.008311,,1
OR.PA-press-noise-204,9,-0.028499,,1
OR.PA-press-noise-204,10,-0.02335,,1
OR.PA-press-noise-204,11,-0.016858,,1
OR.PA-press-noise-204,12,-0.032557,,1
OR.PA-press-noise-204,13,-0.048192,,1
OR.PA-press-noise-204,14,-0.03527,,1
OR.PA-press-noise-204,15,-0.043964,,1
OR.PA-press-noise-204,16,-0.046264,,1
OR.PA-press-noise-204,17,-0.052727,,1
OR.PA-press-noise-204,18,-0.064965,,1
OR.PA-press-noise-204,19,-0.0639,,1
OR.PA-press-noise-204,20,-0.055467,,1
OR.PA-press-noise-204,21,-0.064788,,1
OR.PA-press-noise-204,22,-0.082121,,1
OR.PA-press-noise-204,23,-0.105723,,1
OR.PA-press-noise-204,24,-0.101723,,1
OR.PA-press-noise-204,25,-0.09362,,1
OR.PA-press-noise-204,26,-0.103117,,1
OR.PA-press-noise-204,27,-0.115379,,1
OR.PA-press-noise-204,28,-0.130866,,1
OR.PA-press-noise-204,29,-0.130526,,1
OR.PA-press-noise-204,30,-0.114126,,1
OR.PA-press-noise-203,1,0.00639,,1
OR.PA-press-noise-203,2,-0.027784,,1
OR.PA-press-noise-203,3,-0.012287,,1
OR.PA-press-noise-203,4,-0.025894,,1
OR.PA-press-noise-203,5,0.00114,,1
OR.PA-press-noise-203,6,-0.008577,,1
OR.PA-press-noise-203,7,-0.0042,,1
OR.PA-press-noise-203,8,-0.003034,,1
OR.PA-press-noise-203,9,-0.009308,,1
OR.PA-press-noise-203,10,0.006166,,1
OR.PA-press-noise-203,11,0.034546,,1
OR.PA-press-noise-203,12,0.020722,,1
OR.PA-press-noise-203,13,0.008134,,1
OR.PA-press-noise-203,14,0.00963,,1
OR.PA-press-noise-203,15,0.022128,,1
OR.PA-press-noise-203,16,0.018271,,1
OR.PA-press-noise-203,17,0.01209,,1
OR.PA-press-noise-203,18,0.005772,,1
OR.PA-press-noise-203,19,-0.013427,,1
OR.PA-press-noise-203,20,-0.007289,,1
OR.PA-press-noise-203,21,0.000193,,1
OR.PA-press-noise-203,22,-0.014517,,1
OR.PA-press-noise-203,23,-0.029162,,1
OR.PA-press-noise-203,24,-0.015251,,1
OR.PA-press-noise-203,25,-0.022954,,1
OR.PA-press-noise-203,26,-0.024265,,1
OR.PA-press-noise-203,27,-0.029739,,1
OR.PA-press-noise-203,28,-0.040987,,1
OR.PA-press-noise-203,29,-0.038932,,1
OR.PA-press-noise-203,30,-0.02951,,1
OR.PA-press-noise-201,1,0.011616,,1
OR.PA-press-noise-201,2,0.011489,,1
OR.PA-press-noise-201,3,0.005523,,1
OR.PA-press-noise-201,4,-0.02588,,1
OR.PA-press-noise-201,5,-0.012933,,1
OR.PA-press-noise-201,6,-0.02246,,1
OR.PA-press-noise-201,7,-0.031923,,1
OR.PA-press-noise-201,8,-0.016161,,1
OR.PA-press-noise-201,9,-0.013368,,1
OR.PA-press-noise-201,10,-0.018753,,1
OR.PA-press-noise-201,11,-0.022962,,1
OR.PA-press-noise-201,12,-0.026516,,1
OR.PA-press-noise-201,13,-0.028611,,1
OR.PA-press-noise-201,14,-0.035244,,1
OR.PA-press-noise-201,15,-0.038015,,1
OR.PA-press-noise-201,16,-0.027458,,1
OR.PA-press-noise-201,17,-0.045851,,1
OR.PA-press-noise-201,18,-0.01376,,1
OR.PA-press-noise-201,19,-0.023956,,1
OR.PA-press-noise-201,20,-0.007654,,1
OR.PA-press-noise-201,21,-0.012313,,1
OR.PA-press-noise-201,22,0.007566,,1
OR.PA-press-noise-201,23,0.015753,,1
OR.PA-press-noise-201,24,0.015972,,1
OR.PA-press-noise-201,25,0.021319,,1
OR.PA-press-noise-201,26,0.013769,,1
OR.PA-press-noise-201,27,0.024591,,1
OR.PA-press-noise-201,28,0.029982,,1
OR.PA-press-noise-201,29,0.042776,,1
OR.PA-press-noise-201,30,0.051772,,1
OR.PA-press-noise-200,1,0.011616,,1
OR.PA-press-noise-200,2,0.011489,,1
OR.PA-press-noise-200,3,0.005523,,1
OR.PA-press-noise-200,4,-0.02588,,1
OR.PA-press-noise-200,5,-0.012933,,1
OR.PA-press-noise-200,6,-0.02246,,1
OR.PA-press-noise-200,7,-0.031923,,1
OR.PA-press-noise-200,8,-0.016161,,1
OR.PA-press-noise-200,9,-0.013368,,1
OR.PA-press-noise-200,10,-0.018753,,1
OR.PA-press-noise-200,11,-0.022962,,1
OR.PA-press-noise-200,12,-0.026516,,1
OR.PA-press-noise-200,13,-0.028611,,1
OR.PA-press-noise-200,14,-0.035244,,1
OR.PA-press-noise-200,15,-0.038015,,1
OR.PA-press-noise-200,16,-0.027458,,1
OR.PA-press-noise-200,17,-0.045851,,1
OR.PA-press-noise-200,18,-0.01376,,1
OR.PA-press-noise-200,19,-0.023956,,1
OR.PA-press-noise-200,20,-0.007654,,1
OR.PA-press-noise-200,21,-0.012313,,1
OR.PA-press-noise-200,22,0.007566,,1
OR.PA-press-noise-200,23,0.015753,,1
OR.PA-press-noise-200,24,0.015972,,1
OR.PA-press-noise-200,25,0.021319,,1
OR.PA-press-noise-200,26,0.013769,,1
OR.PA-press-noise-200,27,0.024591,,1
OR.PA-press-noise-200,28,0.029982,,1
OR.PA-press-noise-200,29,0.042776,,1
OR.PA-press-noise-200,30,0.051772,,1
OR.PA-press-noise-199,1,0.011616,,1
OR.PA-press-noise-199,2,0.011489,,1
OR.PA-press-noise-199,3,0.005523,,1
OR.PA-press-noise-199,4,-0.02588,,1
OR.PA-press-noise-199,5,-0.012933,,1
OR.PA-press-noise-199,6,-0.02246,,1
OR.PA-press-noise-199,7,-0.031923,,1
OR.PA-press-noise-199,8,-0.016161,,1
OR.PA-press-noise-199,9,-0.013368,,1
OR.PA-press-noise-199,10,-0.018753,,1
OR.PA-press-noise-199,11,-0.022962,,1
OR.PA-press-noise-199,12,-0.026516,,1
OR.PA-press-noise-199,13,-0.028611,,1
OR.PA-press-noise-199,14,-0.035244,,1
OR.PA-press-noise-199,15,-0.038015,,1
OR.PA-press-noise-199,16,-0.027458,,1
OR.PA-press-noise-199,17,-0.045851,,1
OR.PA-press-noise-199,18,-0.01376,,1
OR.PA-press-noise-199,19,-0.023956,,1
OR.PA-press-noise-199,20,-0.007654,,1
OR.PA-press-noise-199,21,-0.012313,,1
OR.PA-press-noise-199,22,0.007566,,1
OR.PA-press-noise-199,23,0.015753,,1
OR.PA-press-noise-199,24,0.015972,,1
OR.PA-press-noise-199,25,0.021319,,1
OR.PA-press-noise-199,26,0.013769,,1
OR.PA-press-noise-199,27,0.024591,,1
OR.PA-press-noise-199,28,0.029982,,1
OR.PA-press-noise-199,29,0.042776,,1
OR.PA-press-noise-199,30,0.051772,,1
OR.PA-press-noise-198,1,-0.018795,,1
OR.PA-press-noise-198,2,-0.029089,,1
OR.PA-press-noise-198,3,-0.017067,,1
OR.PA-press-noise-198,4,-0.016789,,1
OR.PA-press-noise-198,5,-0.022348,,1
OR.PA-press-noise-198,6,-0.053346,,1
OR.PA-press-noise-198,7,-0.039993,,1
OR.PA-press-noise-198,8,-0.049114,,1
OR.PA-press-noise-198,9,-0.058171,,1
OR.PA-press-noise-198,10,-0.042004,,1
OR.PA-press-noise-198,11,-0.038805,,1
OR.PA-press-noise-198,12,-0.043784,,1
OR.PA-press-noise-198,13,-0.047587,,1
OR.PA-press-noise-198,14,-0.050735,,1
OR.PA-press-noise-198,15,-0.052424,,1
OR.PA-press-noise-198,16,-0.058652,,1
OR.PA-press-noise-198,17,-0.061016,,1
OR.PA-press-noise-198,18,-0.050054,,1
OR.PA-press-noise-198,19,-0.068041,,1
OR.PA-press-noise-198,20,-0.035544,,1
OR.PA-press-noise-198,21,-0.045335,,1
OR.PA-press-noise-198,22,-0.028626,,1
OR.PA-press-noise-198,23,-0.03288,,1
OR.PA-press-noise-198,24,-0.012595,,1
OR.PA-press-noise-198,25,-0.004002,,1
OR.PA-press-noise-198,26,-0.003377,,1
OR.PA-press-noise-198,27,0.002375,,1
OR.PA-press-noise-198,28,-0.004768,,1
OR.PA-press-noise-198,29,0.006459,,1
OR.PA-press-noise-198,30,0.012256,,1
OR.PA-press-noise-191,1,-0.018795,,1
OR.PA-press-noise-191,2,-0.029089,,1
OR.PA-press-noise-191,3,-0.017067,,1
OR.PA-press-noise-191,4,-0.016789,,1
OR.PA-press-noise-191,5,-0.022348,,1
OR.PA-press-noise-191,6,-0.053346,,1
OR.PA-press-noise-191,7,-0.039993,,1
OR.PA-press-noise-191,8,-0.049114,,1
OR.PA-press-noise-191,9,-0.058171,,1
OR.PA-press-noise-191,10,-0.042004,,1
OR.PA-press-noise-191,11,-0.038805,,1
OR.PA-press-noise-191,12,-0.043784,,1
OR.PA-press-noise-191,13,-0.047587,,1
OR.PA-press-noise-191,14,-0.050735,,1
OR.PA-press-noise-191,15,-0.052424,,1
OR.PA-press-noise-191,16,-0.058652,,1
OR.PA-press-noise-191,17,-0.061016,,1
OR.PA-press-noise-191,18,-0.050054,,1
OR.PA-press-noise-191,19,-0.068041,,1
OR.PA-press-noise-191,20,-0.035544,,1
OR.PA-press-noise-191,21,-0.045335,,1
OR.PA-press-noise-191,22,-0.028626,,1
OR.PA-press-noise-191,23,-0.03288,,1
OR.PA-press-noise-191,24,-0.012595,,1
OR.PA-press-noise-191,25,-0.004002,,1
OR.PA-press-noise-191,26,-0.003377,,1
OR.PA-press-noise-191,27,0.002375,,1
OR.PA-press-noise-191,28,-0.004768,,1
OR.PA-press-noise-191,29,0.006459,,1
OR.PA-press-noise-191,30,0.012256,,1
OR.PA-press-noise-189,1,-0.018795,,1
OR.PA-press-noise-189,2,-0.029089,,1
OR.PA-press-noise-189,3,-0.017067,,1
OR.PA-press-noise-189,4,-0.016789,,1
OR.PA-press-noise-189,5,-0.022348,,1
OR.PA-press-noise-189,6,-0.053346,,1
OR.PA-press-noise-189,7,-0.039993,,1
OR.PA-press-noise-189,8,-0.049114,,1
OR.PA-press-noise-189,9,-0.058171,,1
OR.PA-press-noise-189,10,-0.042004,,1
OR.PA-press-noise-189,11,-0.038805,,1
OR.PA-press-noise-189,12,-0.043784,,1
OR.PA-press-noise-189,13,-0.047587,,1
OR.PA-press-noise-189,14,-0.050735,,1
OR.PA-press-noise-189,15,-0.052424,,1
OR.PA-press-noise-189,16,-0.058652,,1
OR.PA-press-noise-189,17,-0.061016,,1
OR.PA-press-noise-189,18,-0.050054,,1
OR.PA-press-noise-189,19,-0.068041,,1
OR.PA-press-noise-189,20,-0.035544,,1
OR.PA-press-noise-189,21,-0.045335,,1
OR.PA-press-noise-189,22,-0.028626,,1
OR.PA-press-noise-189,23,-0.03288,,1
OR.PA-press-noise-189,24,-0.012595,,1
OR.PA-press-noise-189,25,-0.004002,,1
OR.PA-press-noise-189,26,-0.003377,,1
OR.PA-press-noise-189,27,0.002375,,1
OR.PA-press-noise-189,28,-0.004768,,1
OR.PA-press-noise-189,29,0.006459,,1
OR.PA-press-noise-189,30,0.012256,,1
OR.PA-press-noise-187,1,-0.018795,,1
OR.PA-press-noise-187,2,-0.029089,,1
OR.PA-press-noise-187,3,-0.017067,,1
OR.PA-press-noise-187,4,-0.016789,,1
OR.PA-press-noise-187,5,-0.022348,,1
OR.PA-press-noise-187,6,-0.053346,,1
OR.PA-press-noise-187,7,-0.039993,,1
OR.PA-press-noise-187,8,-0.049114,,1
OR.PA-press-noise-187,9,-0.058171,,1
OR.PA-press-noise-187,10,-0.042004,,1
OR.PA-press-noise-187,11,-0.038805,,1
OR.PA-press-noise-187,12,-0.043784,,1
OR.PA-press-noise-187,13,-0.047587,,1
OR.PA-press-noise-187,14,-0.050735,,1
OR.PA-press-noise-187,15,-0.052424,,1
OR.PA-press-noise-187,16,-0.058652,,1
OR.PA-press-noise-187,17,-0.061016,,1
OR.PA-press-noise-187,18,-0.050054,,1
OR.PA-press-noise-187,19,-0.068041,,1
OR.PA-press-noise-187,20,-0.035544,,1
OR.PA-press-noise-187,21,-0.045335,,1
OR.PA-press-noise-187,22,-0.028626,,1
OR.PA-press-noise-187,23,-0.03288,,1
OR.PA-press-noise-187,24,-0.012595,,1
OR.PA-press-noise-187,25,-0.004002,,1
OR.PA-press-noise-187,26,-0.003377,,1
OR.PA-press-noise-187,27,0.002375,,1
OR.PA-press-noise-187,28,-0.004768,,1
OR.PA-press-noise-187,29,0.006459,,1
OR.PA-press-noise-187,30,0.012256,,1
OR.PA-press-noise-186,1,-0.018795,,1
OR.PA-press-noise-186,2,-0.029089,,1
OR.PA-press-noise-186,3,-0.017067,,1
OR.PA-press-noise-186,4,-0.016789,,1
OR.PA-press-noise-186,5,-0.022348,,1
OR.PA-press-noise-186,6,-0.053346,,1
OR.PA-press-noise-186,7,-0.039993,,1
OR.PA-press-noise-186,8,-0.049114,,1
OR.PA-press-noise-186,9,-0.058171,,1
OR.PA-press-noise-186,10,-0.042004,,1
OR.PA-press-noise-186,11,-0.038805,,1
OR.PA-press-noise-186,12,-0.043784,,1
OR.PA-press-noise-186,13,-0.047587,,1
OR.PA-press-noise-186,14,-0.050735,,1
OR.PA-press-noise-186,15,-0.052424,,1
OR.PA-press-noise-186,16,-0.058652,,1
OR.PA-press-noise-186,17,-0.061016,,1
OR.PA-press-noise-186,18,-0.050054,,1
OR.PA-press-noise-186,19,-0.068041,,1
OR.PA-press-noise-186,20,-0.035544,,1
OR.PA-press-noise-186,21,-0.045335,,1
OR.PA-press-noise-186,22,-0.028626,,1
OR.PA-press-noise-186,23,-0.03288,,1
OR.PA-press-noise-186,24,-0.012595,,1
OR.PA-press-noise-186,25,-0.004002,,1
OR.PA-press-noise-186,26,-0.003377,,1
OR.PA-press-noise-186,27,0.002375,,1
OR.PA-press-noise-186,28,-0.004768,,1
OR.PA-press-noise-186,29,0.006459,,1
OR.PA-press-noise-186,30,0.012256,,1
OR.PA-press-noise-185,1,-0.018795,,1
OR.PA-press-noise-185,2,-0.029089,,1
OR.PA-press-noise-185,3,-0.017067,,1
OR.PA-press-noise-185,4,-0.016789,,1
OR.PA-press-noise-185,5,-0.022348,,1
OR.PA-press-noise-185,6,-0.053346,,1
OR.PA-press-noise-185,7,-0.039993,,1
OR.PA-press-noise-185,8,-0.049114,,1
OR.PA-press-noise-185,9,-0.058171,,1
OR.PA-press-noise-185,10,-0.042004,,1
OR.PA-press-noise-185,11,-0.038805,,1
OR.PA-press-noise-185,12,-0.043784,,1
OR.PA-press-noise-185,13,-0.047587,,1
OR.PA-press-noise-185,14,-0.050735,,1
OR.PA-press-noise-185,15,-0.052424,,1
OR.PA-press-noise-185,16,-0.058652,,1
OR.PA-press-noise-185,17,-0.061016,,1
OR.PA-press-noise-185,18,-0.050054,,1
OR.PA-press-noise-185,19,-0.068041,,1
OR.PA-press-noise-185,20,-0.035544,,1
OR.PA-press-noise-185,21,-0.045335,,1
OR.PA-press-noise-185,22,-0.028626,,1
OR.PA-press-noise-185,23,-0.03288,,1
OR.PA-press-noise-185,24,-0.012595,,1
OR.PA-press-noise-185,25,-0.004002,,1
OR.PA-press-noise-185,26,-0.003377,,1
OR.PA-press-noise-185,27,0.002375,,1
OR.PA-press-noise-185,28,-0.004768,,1
OR.PA-press-noise-185,29,0.006459,,1
OR.PA-press-noise-185,30,0.012256,,1
OR.PA-press-noise-184,1,-0.018795,,1
OR.PA-press-noise-184,2,-0.029089,,1
OR.PA-press-noise-184,3,-0.017067,,1
OR.PA-press-noise-184,4,-0.016789,,1
OR.PA-press-noise-184,5,-0.022348,,1
OR.PA-press-noise-184,6,-0.053346,,1
OR.PA-press-noise-184,7,-0.039993,,1
OR.PA-press-noise-184,8,-0.049114,,1
OR.PA-press-noise-184,9,-0.058171,,1
OR.PA-press-noise-184,10,-0.042004,,1
OR.PA-press-noise-184,11,-0.038805,,1
OR.PA-press-noise-184,12,-0.043784,,1
OR.PA-press-noise-184,13,-0.047587,,1
OR.PA-press-noise-184,14,-0.050735,,1
OR.PA-press-noise-184,15,-0.052424,,1
OR.PA-press-noise-184,16,-0.058652,,1
OR.PA-press-noise-184,17,-0.061016,,1
OR.PA-press-noise-184,18,-0.050054,,1
OR.PA-press-noise-184,19,-0.068041,,1
OR.PA-press-noise-184,20,-0.035544,,1
OR.PA-press-noise-184,21,-0.045335,,1
OR.PA-press-noise-184,22,-0.028626,,1
OR.PA-press-noise-184,23,-0.03288,,1
OR.PA-press-noise-184,24,-0.012595,,1
OR.PA-press-noise-184,25,-0.004002,,1
OR.PA-press-noise-184,26,-0.003377,,1
OR.PA-press-noise-184,27,0.002375,,1
OR.PA-press-noise-184,28,-0.004768,,1
OR.PA-press-noise-184,29,0.006459,,1
OR.PA-press-noise-184,30,0.012256,,1
OR.PA-press-noise-183,1,-0.018795,,1
OR.PA-press-noise-183,2,-0.029089,,1
OR.PA-press-noise-183,3,-0.017067,,1
OR.PA-press-noise-183,4,-0.016789,,1
OR.PA-press-noise-183,5,-0.022348,,1
OR.PA-press-noise-183,6,-0.053346,,1
OR.PA-press-noise-183,7,-0.039993,,1
OR.PA-press-noise-183,8,-0.049114,,1
OR.PA-press-noise-183,9,-0.058171,,1
OR.PA-press-noise-183,10,-0.042004,,1
OR.PA-press-noise-183,11,-0.038805,,1
OR.PA-press-noise-183,12,-0.043784,,1
OR.PA-press-noise-183,13,-0.047587,,1
OR.PA-press-noise-183,14,-0.050735,,1
OR.PA-press-noise-183,15,-0.052424,,1
OR.PA-press-noise-183,16,-0.058652,,1
OR.PA-press-noise-183,17,-0.061016,,1
OR.PA-press-noise-183,18,-0.050054,,1
OR.PA-press-noise-183,19,-0.068041,,1
OR.PA-press-noise-183,20,-0.035544,,1
OR.PA-press-noise-183,21,-0.045335,,1
OR.PA-press-noise-183,22,-0.028626,,1
OR.PA-press-noise-183,23,-0.03288,,1
OR.PA-press-noise-183,24,-0.012595,,1
OR.PA-press-noise-183,25,-0.004002,,1
OR.PA-press-noise-183,26,-0.003377,,1
OR.PA-press-noise-183,27,0.002375,,1
OR.PA-press-noise-183,28,-0.004768,,1
OR.PA-press-noise-183,29,0.006459,,1
OR.PA-press-noise-183,30,0.012256,,1
OR.PA-press-noise-182,1,-0.018795,,1
OR.PA-press-noise-182,2,-0.029089,,1
OR.PA-press-noise-182,3,-0.017067,,1
OR.PA-press-noise-182,4,-0.016789,,1
OR.PA-press-noise-182,5,-0.022348,,1
OR.PA-press-noise-182,6,-0.053346,,1
OR.PA-press-noise-182,7,-0.039993,,1
OR.PA-press-noise-182,8,-0.049114,,1
OR.PA-press-noise-182,9,-0.058171,,1
OR.PA-press-noise-182,10,-0.042004,,1
OR.PA-press-noise-182,11,-0.038805,,1
OR.PA-press-noise-182,12,-0.043784,,1
OR.PA-press-noise-182,13,-0.047587,,1
OR.PA-press-noise-182,14,-0.050735,,1
OR.PA-press-noise-182,15,-0.052424,,1
OR.PA-press-noise-182,16,-0.058652,,1
OR.PA-press-noise-182,17,-0.061016,,1
OR.PA-press-noise-182,18,-0.050054,,1
OR.PA-press-noise-182,19,-0.068041,,1
OR.PA-press-noise-182,20,-0.035544,,1
OR.PA-press-noise-182,21,-0.045335,,1
OR.PA-press-noise-182,22,-0.028626,,1
OR.PA-press-noise-182,23,-0.03288,,1
OR.PA-press-noise-182,24,-0.012595,,1
OR.PA-press-noise-182,25,-0.004002,,1
OR.PA-press-noise-182,26,-0.003377,,1
OR.PA-press-noise-182,27,0.002375,,1
OR.PA-press-noise-182,28,-0.004768,,1
OR.PA-press-noise-182,29,0.006459,,1
OR.PA-press-noise-182,30,0.012256,,1
OR.PA-press-noise-172,1,-0.00172,,1
OR.PA-press-noise-172,2,-0.032092,,1
OR.PA-press-noise-172,3,-0.054751,,1
OR.PA-press-noise-172,4,0.010994,,1
OR.PA-press-noise-172,5,0.016747,,1
OR.PA-press-noise-172,6,0.03059,,1
OR.PA-press-noise-172,7,0.031216,,1
OR.PA-press-noise-172,8,0.063653,,1
OR.PA-press-noise-172,9,0.087898,,1
OR.PA-press-noise-172,10,0.087201,,1
OR.PA-press-noise-172,11,0.076487,,1
OR.PA-press-noise-172,12,0.084792,,1
OR.PA-press-noise-172,13,0.08785,,1
OR.PA-press-noise-172,14,0.092481,,1
OR.PA-press-noise-172,15,0.09308,,1
OR.PA-press-noise-172,16,0.083147,,1
OR.PA-press-noise-172,17,0.095425,,1
OR.PA-press-noise-172,18,0.102305,,1
OR.PA-press-noise-172,19,0.09948,,1
OR.PA-press-noise-172,20,0.106619,,1
OR.PA-press-noise-172,21,0.091934,,1
OR.PA-press-noise-172,22,0.112892,,1
OR.PA-press-noise-172,23,0.123156,,1
OR.PA-press-noise-172,24,0.12986,,1
OR.PA-press-noise-172,25,0.119018,,1
OR.PA-press-noise-172,26,0.125195,,1
OR.PA-press-noise-172,27,0.118374,,1
OR.PA-press-noise-172,28,0.114466,,1
OR.PA-press-noise-172,29,0.114634,,1
OR.PA-press-noise-172,30,0.09976,,1
OR.PA-press-noise-171,1,-0.00172,,1
OR.PA-press-noise-171,2,-0.032092,,1
OR.PA-press-noise-171,3,-0.054751,,1
OR.PA-press-noise-171,4,0.010994,,1
OR.PA-press-noise-171,5,0.016747,,1
OR.PA-press-noise-171,6,0.03059,,1
OR.PA-press-noise-171,7,0.031216,,1
OR.PA-press-noise-171,8,0.063653,,1
OR.PA-press-noise-171,9,0.087898,,1
OR.PA-press-noise-171,10,0.087201,,1
OR.PA-press-noise-171,11,0.076487,,1
OR.PA-press-noise-171,12,0.084792,,1
OR.PA-press-noise-171,13,0.08785,,1
OR.PA-press-noise-171,14,0.092481,,1
OR.PA-press-noise-171,15,0.09308,,1
OR.PA-press-noise-171,16,0.083147,,1
OR.PA-press-noise-171,17,0.095425,,1
OR.PA-press-noise-171,18,0.102305,,1
OR.PA-press-noise-171,19,0.09948,,1
OR.PA-press-noise-171,20,0.106619,,1
OR.PA-press-noise-171,21,0.091934,,1
OR.PA-press-noise-171,22,0.112892,,1
OR.PA-press-noise-171,23,0.123156,,1
OR.PA-press-noise-171,24,0.12986,,1
OR.PA-press-noise-171,25,0.119018,,1
OR.PA-press-noise-171,26,0.125195,,1
OR.PA-press-noise-171,27,0.118374,,1
OR.PA-press-noise-171,28,0.114466,,1
OR.PA-press-noise-171,29,0.114634,,1
OR.PA-press-noise-171,30,0.09976,,1
OR.PA-press-noise-170,1,-0.00172,,1
OR.PA-press-noise-170,2,-0.032092,,1
OR.PA-press-noise-170,3,-0.054751,,1
OR.PA-press-noise-170,4,0.010994,,1
OR.PA-press-noise-170,5,0.016747,,1
OR.PA-press-noise-170,6,0.03059,,1
OR.PA-press-noise-170,7,0.031216,,1
OR.PA-press-noise-170,8,0.063653,,1
OR.PA-press-noise-170,9,0.087898,,1
OR.PA-press-noise-170,10,0.087201,,1
OR.PA-press-noise-170,11,0.076487,,1
OR.PA-press-noise-170,12,0.084792,,1
OR.PA-press-noise-170,13,0.08785,,1
OR.PA-press-noise-170,14,0.092481,,1
OR.PA-press-noise-170,15,0.09308,,1
OR.PA-press-noise-170,16,0.083147,,1
OR.PA-press-noise-170,17,0.095425,,1
OR.PA-press-noise-170,18,0.102305,,1
OR.PA-press-noise-170,19,0.09948,,1
OR.PA-press-noise-170,20,0.106619,,1
OR.PA-press-noise-170,21,0.091934,,1
OR.PA-press-noise-170,22,0.112892,,1
OR.PA-press-noise-170,23,0.123156,,1
OR.PA-press-noise-170,24,0.12986,,1
OR.PA-press-noise-170,25,0.119018,,1
OR.PA-press-noise-170,26,0.125195,,1
OR.PA-press-noise-170,27,0.118374,,1
OR.PA-press-noise-170,28,0.114466,,1
OR.PA-press-noise-170,29,0.114634,,1
OR.PA-press-noise-170,30,0.09976,,1
OR.PA-press-noise-167,1,-0.00172,,1
OR.PA-press-noise-167,2,-0.032092,,1
OR.PA-press-noise-167,3,-0.054751,,1
OR.PA-press-noise-167,4,0.010994,,1
OR.PA-press-noise-167,5,0.016747,,1
OR.PA-press-noise-167,6,0.03059,,1
OR.PA-press-noise-167,7,0.031216,,1
OR.PA-press-noise-167,8,0.063653,,1
OR.PA-press-noise-167,9,0.087898,,1
OR.PA-press-noise-167,10,0.087201,,1
OR.PA-press-noise-167,11,0.076487,,1
OR.PA-press-noise-167,12,0.084792,,1
OR.PA-press-noise-167,13,0.08785,,1
OR.PA-press-noise-167,14,0.092481,,1
OR.PA-press-noise-167,15,0.09308,,1
OR.PA-press-noise-167,16,0.083147,,1
OR.PA-press-noise-167,17,0.095425,,1
OR.PA-press-noise-167,18,0.102305,,1
OR.PA-press-noise-167,19,0.09948,,1
OR.PA-press-noise-167,20,0.106619,,1
OR.PA-press-noise-167,21,0.091934,,1
OR.PA-press-noise-167,22,0.112892,,1
OR.PA-press-noise-167,23,0.123156,,1
OR.PA-press-noise-167,24,0.12986,,1
OR.PA-press-noise-167,25,0.119018,,1
OR.PA-press-noise-167,26,0.125195,,1
OR.PA-press-noise-167,27,0.118374,,1
OR.PA-press-noise-167,28,0.114466,,1
OR.PA-press-noise-167,29,0.114634,,1
OR.PA-press-noise-167,30,0.09976,,1
OR.PA-press-noise-166,1,-0.00172,,1
OR.PA-press-noise-166,2,-0.032092,,1
OR.PA-press-noise-166,3,-0.054751,,1
OR.PA-press-noise-166,4,0.010994,,1
OR.PA-press-noise-166,5,0.016747,,1
OR.PA-press-noise-166,6,0.03059,,1
OR.PA-press-noise-166,7,0.031216,,1
OR.PA-press-noise-166,8,0.063653,,1
OR.PA-press-noise-166,9,0.087898,,1
OR.PA-press-noise-166,10,0.087201,,1
OR.PA-press-noise-166,11,0.076487,,1
OR.PA-press-noise-166,12,0.084792,,1
OR.PA-press-noise-166,13,0.08785,,1
OR.PA-press-noise-166,14,0.092481,,1
OR.PA-press-noise-166,15,0.09308,,1
OR.PA-press-noise-166,16,0.083147,,1
OR.PA-press-noise-166,17,0.095425,,1
OR.PA-press-noise-166,18,0.102305,,1
OR.PA-press-noise-166,19,0.09948,,1
OR.PA-press-noise-166,20,0.106619,,1
OR.PA-press-noise-166,21,0.091934,,1
OR.PA-press-noise-166,22,0.112892,,1
OR.PA-press-noise-166,23,0.123156,,1
OR.PA-press-noise-166,24,0.12986,,1
OR.PA-press-noise-166,25,0.119018,,1
OR.PA-press-noise-166,26,0.125195,,1
OR.PA-press-noise-166,27,0.118374,,1
OR.PA-press-noise-166,28,0.114466,,1
OR.PA-press-noise-166,29,0.114634,,1
OR.PA-press-noise-166,30,0.09976,,1
OR.PA-press-noise-164,1,-0.001082,,1
OR.PA-press-noise-164,2,0.009779,,1
OR.PA-press-noise-164,3,0.030221,,1
OR.PA-press-noise-164,4,0.018319,,1
OR.PA-press-noise-164,5,0.008595,,1
OR.PA-press-noise-164,6,0.00272,,1
OR.PA-press-noise-164,7,-0.008046,,1
OR.PA-press-noise-164,8,-0.025813,,1
OR.PA-press-noise-164,9,-0.022726,,1
OR.PA-press-noise-164,10,-0.012956,,1
OR.PA-press-noise-164,11,-0.040217,,1
OR.PA-press-noise-164,12,-0.047469,,1
OR.PA-press-noise-164,13,-0.038215,,1
OR.PA-press-noise-164,14,-0.047446,,1
OR.PA-press-noise-164,15,-0.049201,,1
OR.PA-press-noise-164,16,-0.054664,,1
OR.PA-press-noise-164,17,-0.033461,,1
OR.PA-press-noise-164,18,-0.044181,,1
OR.PA-press-noise-164,19,-0.009498,,1
OR.PA-press-noise-164,20,-0.017127,,1
OR.PA-press-noise-164,21,-0.021069,,1
OR.PA-press-noise-164,22,-0.0394,,1
OR.PA-press-noise-164,23,-0.049726,,1
OR.PA-press-noise-164,24,-0.041206,,1
OR.PA-press-noise-164,25,-0.037765,,1
OR.PA-press-noise-164,26,-0.063103,,1
OR.PA-press-noise-164,27,-0.044459,,1
OR.PA-press-noise-164,28,-0.037804,,1
OR.PA-press-noise-164,29,-0.032706,,1
OR.PA-press-noise-164,30,-0.040371,,1
OR.PA-press-noise-161,1,0.004663,,1
OR.PA-press-noise-161,2,0.002665,,1
OR.PA-press-noise-161,3,0.001637,,1
OR.PA-press-noise-161,4,0.010843,,1
OR.PA-press-noise-161,5,0.009271,,1
OR.PA-press-noise-161,6,0.014027,,1
OR.PA-press-noise-161,7,0.012048,,1
OR.PA-press-noise-161,8,0.007445,,1
OR.PA-press-noise-161,9,0.006697,,1
OR.PA-press-noise-161,10,-0.015148,,1
OR.PA-press-noise-161,11,0.003123,,1
OR.PA-press-noise-161,12,1.2e-05,,1
OR.PA-press-noise-161,13,-0.019139,,1
OR.PA-press-noise-161,14,-0.036063,,1
OR.PA-press-noise-161,15,-0.048449,,1
OR.PA-press-noise-161,16,-0.046611,,1
OR.PA-press-noise-161,17,-0.061489,,1
OR.PA-press-noise-161,18,-0.042219,,1
OR.PA-press-noise-161,19,-0.051454,,1
OR.PA-press-noise-161,20,-0.045674,,1
OR.PA-press-noise-161,21,-0.050544,,1
OR.PA-press-noise-161,22,-0.051771,,1
OR.PA-press-noise-161,23,-0.041055,,1
OR.PA-press-noise-161,24,-0.020759,,1
OR.PA-press-noise-161,25,-0.032806,,1
OR.PA-press-noise-161,26,-0.042675,,1
OR.PA-press-noise-161,27,-0.048695,,1
OR.PA-press-noise-161,28,-0.059606,,1
OR.PA-press-noise-161,29,-0.077518,,1
OR.PA-press-noise-161,30,-0.074577,,1
OR.PA-press-noise-155,1,0.037862,,1
OR.PA-press-noise-155,2,0.04176,,1
OR.PA-press-noise-155,3,0.02767,,1
OR.PA-press-noise-155,4,0.021831,,1
OR.PA-press-noise-155,5,0.036214,,1
OR.PA-press-noise-155,6,0.014356,,1
OR.PA-press-noise-155,7,0.023062,,1
OR.PA-press-noise-155,8,0.019121,,1
OR.PA-press-noise-155,9,0.024621,,1
OR.PA-press-noise-155,10,0.023459,,1
OR.PA-press-noise-155,11,0.023267,,1
OR.PA-press-noise-155,12,0.03331,,1
OR.PA-press-noise-155,13,0.032574,,1
OR.PA-press-noise-155,14,0.038166,,1
OR.PA-press-noise-155,15,0.037024,,1
OR.PA-press-noise-155,16,0.033257,,1
OR.PA-press-noise-155,17,0.033346,,1
OR.PA-press-noise-155,18,0.012337,,1
OR.PA-press-noise-155,19,0.031445,,1
OR.PA-press-noise-155,20,0.02917,,1
OR.PA-press-noise-155,21,0.010856,,1
OR.PA-press-noise-155,22,-0.005232,,1
OR.PA-press-noise-155,23,-0.016781,,1
OR.PA-press-noise-155,24,-0.014107,,1
OR.PA-press-noise-155,25,-0.028149,,1
OR.PA-press-noise-155,26,-0.008042,,1
OR.PA-press-noise-155,27,-0.01644,,1
OR.PA-press-noise-155,28,-0.009824,,1
OR.PA-press-noise-155,29,-0.013857,,1
OR.PA-press-noise-155,30,-0.014248,,1
OR.PA-press-noise-150,1,0.037862,,1
OR.PA-press-noise-150,2,0.04176,,1
OR.PA-press-noise-150,3,0.02767,,1
OR.PA-press-noise-150,4,0.021831,,1
OR.PA-press-noise-150,5,0.036214,,1
OR.PA-press-noise-150,6,0.014356,,1
OR.PA-press-noise-150,7,0.023062,,1
OR.PA-press-noise-150,8,0.019121,,1
OR.PA-press-noise-150,9,0.024621,,1
OR.PA-press-noise-150,10,0.023459,,1
OR.PA-press-noise-150,11,0.023267,,1
OR.PA-press-noise-150,12,0.03331,,1
OR.PA-press-noise-150,13,0.032574,,1
OR.PA-press-noise-150,14,0.038166,,1
OR.PA-press-noise-150,15,0.037024,,1
OR.PA-press-noise-150,16,0.033257,,1
OR.PA-press-noise-150,17,0.033346,,1
OR.PA-press-noise-150,18,0.012337,,1
OR.PA-press-noise-150,19,0.031445,,1
OR.PA-press-noise-150,20,0.02917,,1
OR.PA-press-noise-150,21,0.010856,,1
OR.PA-press-noise-150,22,-0.005232,,1
OR.PA-press-noise-150,23,-0.016781,,1
OR.PA-press-noise-150,24,-0.014107,,1
OR.PA-press-noise-150,25,-0.028149,,1
OR.PA-press-noise-150,26,-0.008042,,1
OR.PA-press-noise-150,27,-0.01644,,1
OR.PA-press-noise-150,28,-0.009824,,1
OR.PA-press-noise-150,29,-0.013857,,1
OR.PA-press-noise-150,30,-0.014248,,1
OR.PA-press-noise-146,1,-0.001638,,1
OR.PA-press-noise-146,2,0.027585,,1
OR.PA-press-noise-146,3,0.02038,,1
OR.PA-press-noise-146,4,0.018044,,1
OR.PA-press-noise-146,5,0.035873,,1
OR.PA-press-noise-146,6,0.042389,,1
OR.PA-press-noise-146,7,0.058136,,1
OR.PA-press-noise-146,8,0.050408,,1
OR.PA-press-noise-146,9,0.060042,,1
OR.PA-press-noise-146,10,0.080125,,1
OR.PA-press-noise-146,11,0.081791,,1
OR.PA-press-noise-146,12,0.086419,,1
OR.PA-press-noise-146,13,0.089912,,1
OR.PA-press-noise-146,14,0.088197,,1
OR.PA-press-noise-146,15,0.126521,,1
OR.PA-press-noise-146,16,0.130882,,1
OR.PA-press-noise-146,17,0.117253,,1
OR.PA-press-noise-146,18,0.111876,,1
OR.PA-press-noise-146,19,0.126721,,1
OR.PA-press-noise-146,20,0.105325,,1
OR.PA-press-noise-146,21,0.114493,,1
OR.PA-press-noise-146,22,0.111014,,1
OR.PA-press-noise-146,23,0.116976,,1
OR.PA-press-noise-146,24,0.116276,,1
OR.PA-press-noise-146,25,0.116546,,1
OR.PA-press-noise-146,26,0.127051,,1
OR.PA-press-noise-146,27,0.126778,,1
OR.PA-press-noise-146,28,0.132832,,1
OR.PA-press-noise-146,29,0.132151,,1
OR.PA-press-noise-146,30,0.128846,,1
OR.PA-press-noise-145,1,-0.001638,,1
OR.PA-press-noise-145,2,0.027585,,1
OR.PA-press-noise-145,3,0.02038,,1
OR.PA-press-noise-145,4,0.018044,,1
OR.PA-press-noise-145,5,0.035873,,1
OR.PA-press-noise-145,6,0.042389,,1
OR.PA-press-noise-145,7,0.058136,,1
OR.PA-press-noise-145,8,0.050408,,1
OR.PA-press-noise-145,9,0.060042,,1
OR.PA-press-noise-145,10,0.080125,,1
OR.PA-press-noise-145,11,0.081791,,1
OR.PA-press-noise-145,12,0.086419,,1
OR.PA-press-noise-145,13,0.089912,,1
OR.PA-press-noise-145,14,0.088197,,1
OR.PA-press-noise-145,15,0.126521,,1
OR.PA-press-noise-145,16,0.130882,,1
OR.PA-press-noise-145,17,0.117253,,1
OR.PA-press-noise-145,18,0.111876,,1
OR.PA-press-noise-145,19,0.126721,,1
OR.PA-press-noise-145,20,0.105325,,1
OR.PA-press-noise-145,21,0.114493,,1
OR.PA-press-noise-145,22,0.111014,,1
OR.PA-press-noise-145,23,0.116976,,1
OR.PA-press-noise-145,24,0.116276,,1
OR.PA-press-noise-145,25,0.116546,,1
OR.PA-press-noise-145,26,0.127051,,1
OR.PA-press-noise-145,27,0.126778,,1
OR.PA-press-noise-145,28,0.132832,,1
OR.PA-press-noise-145,29,0.132151,,1
OR.PA-press-noise-145,30,0.128846,,1
OR.PA-press-noise-144,1,-0.001638,,1
OR.PA-press-noise-144,2,0.027585,,1
OR.PA-press-noise-144,3,0.02038,,1
OR.PA-press-noise-144,4,0.018044,,1
OR.PA-press-noise-144,5,0.035873,,1
OR.PA-press-noise-144,6,0.042389,,1
OR.PA-press-noise-144,7,0.058136,,1
OR.PA-press-noise-144,8,0.050408,,1
OR.PA-press-noise-144,9,0.060042,,1
OR.PA-press-noise-144,10,0.080125,,1
OR.PA-press-noise-144,11,0.081791,,1
OR.PA-press-noise-144,12,0.086419,,1
OR.PA-press-noise-144,13,0.089912,,1
OR.PA-press-noise-144,14,0.088197,,1
OR.PA-press-noise-144,15,0.126521,,1
OR.PA-press-noise-144,16,0.130882,,1
OR.PA-press-noise-144,17,0.117253,,1
OR.PA-press-noise-144,18,0.111876,,1
OR.PA-press-noise-144,19,0.126721,,1
OR.PA-press-noise-144,20,0.105325,,1
OR.PA-press-noise-144,21,0.114493,,1
OR.PA-press-noise-144,22,0.111014,,1
OR.PA-press-noise-144,23,0.116976,,1
OR.PA-press-noise-144,24,0.116276,,1
OR.PA-press-noise-144,25,0.116546,,1
OR.PA-press-noise-144,26,0.127051,,1
OR.PA-press-noise-144,27,0.126778,,1
OR.PA-press-noise-144,28,0.132832,,1
OR.PA-press-noise-144,29,0.132151,,1
OR.PA-press-noise-144,30,0.128846,,1
OR.PA-press-noise-143,1,-0.001638,,1
OR.PA-press-noise-143,2,0.027585,,1
OR.PA-press-noise-143,3,0.02038,,1
OR.PA-press-noise-143,4,0.018044,,1
OR.PA-press-noise-143,5,0.035873,,1
OR.PA-press-noise-143,6,0.042389,,1
OR.PA-press-noise-143,7,0.058136,,1
OR.PA-press-noise-143,8,0.050408,,1
OR.PA-press-noise-143,9,0.060042,,1
OR.PA-press-noise-143,10,0.080125,,1
OR.PA-press-noise-143,11,0.081791,,1
OR.PA-press-noise-143,12,0.086419,,1
OR.PA-press-noise-143,13,0.089912,,1
OR.PA-press-noise-143,14,0.088197,,1
OR.PA-press-noise-143,15,0.126521,,1
OR.PA-press-noise-143,16,0.130882,,1
OR.PA-press-noise-143,17,0.117253,,1
OR.PA-press-noise-143,18,0.111876,,1
OR.PA-press-noise-143,19,0.126721,,1
OR.PA-press-noise-143,20,0.105325,,1
OR.PA-press-noise-143,21,0.114493,,1
OR.PA-press-noise-143,22,0.111014,,1
OR.PA-press-noise-143,23,0.116976,,1
OR.PA-press-noise-143,24,0.116276,,1
OR.PA-press-noise-143,25,0.116546,,1
OR.PA-press-noise-143,26,0.127051,,1
OR.PA-press-noise-143,27,0.126778,,1
OR.PA-press-noise-143,28,0.132832,,1
OR.PA-press-noise-143,29,0.132151,,1
OR.PA-press-noise-143,30,0.128846,,1
OR.PA-press-noise-142,1,-0.001638,,1
OR.PA-press-noise-142,2,0.027585,,1
OR.PA-press-noise-142,3,0.02038,,1
OR.PA-press-noise-142,4,0.018044,,1
OR.PA-press-noise-142,5,0.035873,,1
OR.PA-press-noise-142,6,0.042389,,1
OR.PA-press-noise-142,7,0.058136,,1
OR.PA-press-noise-142,8,0.050408,,1
OR.PA-press-noise-142,9,0.060042,,1
OR.PA-press-noise-142,10,0.080125,,1
OR.PA-press-noise-142,11,0.081791,,1
OR.PA-press-noise-142,12,0.086419,,1
OR.PA-press-noise-142,13,0.089912,,1
OR.PA-press-noise-142,14,0.088197,,1
OR.PA-press-noise-142,15,0.126521,,1
OR.PA-press-noise-142,16,0.130882,,1
OR.PA-press-noise-142,17,0.117253,,1
OR.PA-press-noise-142,18,0.111876,,1
OR.PA-press-noise-142,19,0.126721,,1
OR.PA-press-noise-142,20,0.105325,,1
OR.PA-press-noise-142,21,0.114493,,1
OR.PA-press-noise-142,22,0.111014,,1
OR.PA-press-noise-142,23,0.116976,,1
OR.PA-press-noise-142,24,0.116276,,1
OR.PA-press-noise-142,25,0.116546,,1
OR.PA-press-noise-142,26,0.127051,,1
OR.PA-press-noise-142,27,0.126778,,1
OR.PA-press-noise-142,28,0.132832,,1
OR.PA-press-noise-142,29,0.132151,,1
OR.PA-press-noise-142,30,0.128846,,1
OR.PA-press-noise-141,1,-0.001638,,1
OR.PA-press-noise-141,2,0.027585,,1
OR.PA-press-noise-141,3,0.02038,,1
OR.PA-press-noise-141,4,0.018044,,1
OR.PA-press-noise-141,5,0.035873,,1
OR.PA-press-noise-141,6,0.042389,,1
OR.PA-press-noise-141,7,0.058136,,1
OR.PA-press-noise-141,8,0.050408,,1
OR.PA-press-noise-141,9,0.060042,,1
OR.PA-press-noise-141,10,0.080125,,1
OR.PA-press-noise-141,11,0.081791,,1
OR.PA-press-noise-141,12,0.086419,,1
OR.PA-press-noise-141,13,0.089912,,1
OR.PA-press-noise-141,14,0.088197,,1
OR.PA-press-noise-141,15,0.126521,,1
OR.PA-press-noise-141,16,0.130882,,1
OR.PA-press-noise-141,17,0.117253,,1
OR.PA-press-noise-141,18,0.111876,,1
OR.PA-press-noise-141,19,0.126721,,1
OR.PA-press-noise-141,20,0.105325,,1
OR.PA-press-noise-141,21,0.114493,,1
OR.PA-press-noise-141,22,0.111014,,1
OR.PA-press-noise-141,23,0.116976,,1
OR.PA-press-noise-141,24,0.116276,,1
OR.PA-press-noise-141,25,0.116546,,1
OR.PA-press-noise-141,26,0.127051,,1
OR.PA-press-noise-141,27,0.126778,,1
OR.PA-press-noise-141,28,0.132832,,1
OR.PA-press-noise-141,29,0.132151,,1
OR.PA-press-noise-141,30,0.128846,,1
OR.PA-press-noise-140,1,-0.001638,,1
OR.PA-press-noise-140,2,0.027585,,1
OR.PA-press-noise-140,3,0.02038,,1
OR.PA-press-noise-140,4,0.018044,,1
OR.PA-press-noise-140,5,0.035873,,1
OR.PA-press-noise-140,6,0.042389,,1
OR.PA-press-noise-140,7,0.058136,,1
OR.PA-press-noise-140,8,0.050408,,1
OR.PA-press-noise-140,9,0.060042,,1
OR.PA-press-noise-140,10,0.080125,,1
OR.PA-press-noise-140,11,0.081791,,1
OR.PA-press-noise-140,12,0.086419,,1
OR.PA-press-noise-140,13,0.089912,,1
OR.PA-press-noise-140,14,0.088197,,1
OR.PA-press-noise-140,15,0.126521,,1
OR.PA-press-noise-140,16,0.130882,,1
OR.PA-press-noise-140,17,0.117253,,1
OR.PA-press-noise-140,18,0.111876,,1
OR.PA-press-noise-140,19,0.126721,,1
OR.PA-press-noise-140,20,0.105325,,1
OR.PA-press-noise-140,21,0.114493,,1
OR.PA-press-noise-140,22,0.111014,,1
OR.PA-press-noise-140,23,0.116976,,1
OR.PA-press-noise-140,24,0.116276,,1
OR.PA-press-noise-140,25,0.116546,,1
OR.PA-press-noise-140,26,0.127051,,1
OR.PA-press-noise-140,27,0.126778,,1
OR.PA-press-noise-140,28,0.132832,,1
OR.PA-press-noise-140,29,0.132151,,1
OR.PA-press-noise-140,30,0.128846,,1
OR.PA-press-noise-139,1,-0.001638,,1
OR.PA-press-noise-139,2,0.027585,,1
OR.PA-press-noise-139,3,0.02038,,1
OR.PA-press-noise-139,4,0.018044,,1
OR.PA-press-noise-139,5,0.035873,,1
OR.PA-press-noise-139,6,0.042389,,1
OR.PA-press-noise-139,7,0.058136,,1
OR.PA-press-noise-139,8,0.050408,,1
OR.PA-press-noise-139,9,0.060042,,1
OR.PA-press-noise-139,10,0.080125,,1
OR.PA-press-noise-139,11,0.081791,,1
OR.PA-press-noise-139,12,0.086419,,1
OR.PA-press-noise-139,13,0.089912,,1
OR.PA-press-noise-139,14,0.088197,,1
OR.PA-press-noise-139,15,0.126521,,1
OR.PA-press-noise-139,16,0.130882,,1
OR.PA-press-noise-139,17,0.117253,,1
OR.PA-press-noise-139,18,0.111876,,1
OR.PA-press-noise-139,19,0.126721,,1
OR.PA-press-noise-139,20,0.105325,,1
OR.PA-press-noise-139,21,0.114493,,1
OR.PA-press-noise-139,22,0.111014,,1
OR.PA-press-noise-139,23,0.116976,,1
OR.PA-press-noise-139,24,0.116276,,1
OR.PA-press-noise-139,25,0.116546,,1
OR.PA-press-noise-139,26,0.127051,,1
OR.PA-press-noise-139,27,0.126778,,1
OR.PA-press-noise-139,28,0.132832,,1
OR.PA-press-noise-139,29,0.132151,,1
OR.PA-press-noise-139,30,0.128846,,1
OR.PA-press-noise-138,1,0.001504,,1
OR.PA-press-noise-138,2,0.051768,,1
OR.PA-press-noise-138,3,0.042893,,1
OR.PA-press-noise-138,4,0.005255,,1
OR.PA-press-noise-138,5,0.004633,,1
OR.PA-press-noise-138,6,0.034872,,1
OR.PA-press-noise-138,7,0.028683,,1
OR.PA-press-noise-138,8,0.027363,,1
OR.PA-press-noise-138,9,0.046209,,1
OR.PA-press-noise-138,10,0.05374,,1
OR.PA-press-noise-138,11,0.070503,,1
OR.PA-press-noise-138,12,0.063792,,1
OR.PA-press-noise-138,13,0.074442,,1
OR.PA-press-noise-138,14,0.095541,,1
OR.PA-press-noise-138,15,0.098223,,1
OR.PA-press-noise-138,16,0.103867,,1
OR.PA-press-noise-138,17,0.108376,,1
OR.PA-press-noise-138,18,0.107678,,1
OR.PA-press-noise-138,19,0.147018,,1
OR.PA-press-noise-138,20,0.152394,,1
OR.PA-press-noise-138,21,0.139782,,1
OR.PA-press-noise-138,22,0.135421,,1
OR.PA-press-noise-138,23,0.151282,,1
OR.PA-press-noise-138,24,0.130903,,1
OR.PA-press-noise-138,25,0.141086,,1
OR.PA-press-noise-138,26,0.138623,,1
OR.PA-press-noise-138,27,0.145601,,1
OR.PA-press-noise-138,28,0.145918,,1
OR.PA-press-noise-138,29,0.147204,,1
OR.PA-press-noise-138,30,0.158725,,1
OR.PA-press-noise-137,1,0.001504,,1
OR.PA-press-noise-137,2,0.051768,,1
OR.PA-press-noise-137,3,0.042893,,1
OR.PA-press-noise-137,4,0.005255,,1
OR.PA-press-noise-137,5,0.004633,,1
OR.PA-press-noise-137,6,0.034872,,1
OR.PA-press-noise-137,7,0.028683,,1
OR.PA-press-noise-137,8,0.027363,,1
OR.PA-press-noise-137,9,0.046209,,1
OR.PA-press-noise-137,10,0.05374,,1
OR.PA-press-noise-137,11,0.070503,,1
OR.PA-press-noise-137,12,0.063792,,1
OR.PA-press-noise-137,13,0.074442,,1
OR.PA-press-noise-137,14,0.095541,,1
OR.PA-press-noise-137,15,0.098223,,1
OR.PA-press-noise-137,16,0.103867,,1
OR.PA-press-noise-137,17,0.108376,,1
OR.PA-press-noise-137,18,0.107678,,1
OR.PA-press-noise-137,19,0.147018,,1
OR.PA-press-noise-137,20,0.152394,,1
OR.PA-press-noise-137,21,0.139782,,1
OR.PA-press-noise-137,22,0.135421,,1
OR.PA-press-noise-137,23,0.151282,,1
OR.PA-press-noise-137,24,0.130903,,1
OR.PA-press-noise-137,25,0.141086,,1
OR.PA-press-noise-137,26,0.138623,,1
OR.PA-press-noise-137,27,0.145601,,1
OR.PA-press-noise-137,28,0.145918,,1
OR.PA-press-noise-137,29,0.147204,,1
OR.PA-press-noise-137,30,0.158725,,1
OR.PA-press-noise-136,1,0.001504,,1
OR.PA-press-noise-136,2,0.051768,,1
OR.PA-press-noise-136,3,0.042893,,1
OR.PA-press-noise-136,4,0.005255,,1
OR.PA-press-noise-136,5,0.004633,,1
OR.PA-press-noise-136,6,0.034872,,1
OR.PA-press-noise-136,7,0.028683,,1
OR.PA-press-noise-136,8,0.027363,,1
OR.PA-press-noise-136,9,0.046209,,1
OR.PA-press-noise-136,10,0.05374,,1
OR.PA-press-noise-136,11,0.070503,,1
OR.PA-press-noise-136,12,0.063792,,1
OR.PA-press-noise-136,13,0.074442,,1
OR.PA-press-noise-136,14,0.095541,,1
OR.PA-press-noise-136,15,0.098223,,1
OR.PA-press-noise-136,16,0.103867,,1
OR.PA-press-noise-136,17,0.108376,,1
OR.PA-press-noise-136,18,0.107678,,1
OR.PA-press-noise-136,19,0.147018,,1
OR.PA-press-noise-136,20,0.152394,,1
OR.PA-press-noise-136,21,0.139782,,1
OR.PA-press-noise-136,22,0.135421,,1
OR.PA-press-noise-136,23,0.151282,,1
OR.PA-press-noise-136,24,0.130903,,1
OR.PA-press-noise-136,25,0.141086,,1
OR.PA-press-noise-136,26,0.138623,,1
OR.PA-press-noise-136,27,0.145601,,1
OR.PA-press-noise-136,28,0.145918,,1
OR.PA-press-noise-136,29,0.147204,,1
OR.PA-press-noise-136,30,0.158725,,1
OR.PA-press-noise-135,1,0.001504,,1
OR.PA-press-noise-135,2,0.051768,,1
OR.PA-press-noise-135,3,0.042893,,1
OR.PA-press-noise-135,4,0.005255,,1
OR.PA-press-noise-135,5,0.004633,,1
OR.PA-press-noise-135,6,0.034872,,1
OR.PA-press-noise-135,7,0.028683,,1
OR.PA-press-noise-135,8,0.027363,,1
OR.PA-press-noise-135,9,0.046209,,1
OR.PA-press-noise-135,10,0.05374,,1
OR.PA-press-noise-135,11,0.070503,,1
OR.PA-press-noise-135,12,0.063792,,1
OR.PA-press-noise-135,13,0.074442,,1
OR.PA-press-noise-135,14,0.095541,,1
OR.PA-press-noise-135,15,0.098223,,1
OR.PA-press-noise-135,16,0.103867,,1
OR.PA-press-noise-135,17,0.108376,,1
OR.PA-press-noise-135,18,0.107678,,1
OR.PA-press-noise-135,19,0.147018,,1
OR.PA-press-noise-135,20,0.152394,,1
OR.PA-press-noise-135,21,0.139782,,1
OR.PA-press-noise-135,22,0.135421,,1
OR.PA-press-noise-135,23,0.151282,,1
OR.PA-press-noise-135,24,0.130903,,1
OR.PA-press-noise-135,25,0.141086,,1
OR.PA-press-noise-135,26,0.138623,,1
OR.PA-press-noise-135,27,0.145601,,1
OR.PA-press-noise-135,28,0.145918,,1
OR.PA-press-noise-135,29,0.147204,,1
OR.PA-press-noise-135,30,0.158725,,1
OR.PA-press-noise-134,1,0.001504,,1
OR.PA-press-noise-134,2,0.051768,,1
OR.PA-press-noise-134,3,0.042893,,1
OR.PA-press-noise-134,4,0.005255,,1
OR.PA-press-noise-134,5,0.004633,,1
OR.PA-press-noise-134,6,0.034872,,1
OR.PA-press-noise-134,7,0.028683,,1
OR.PA-press-noise-134,8,0.027363,,1
OR.PA-press-noise-134,9,0.046209,,1
OR.PA-press-noise-134,10,0.05374,,1
OR.PA-press-noise-134,11,0.070503,,1
OR.PA-press-noise-134,12,0.063792,,1
OR.PA-press-noise-134,13,0.074442,,1
OR.PA-press-noise-134,14,0.095541,,1
OR.PA-press-noise-134,15,0.098223,,1
OR.PA-press-noise-134,16,0.103867,,1
OR.PA-press-noise-134,17,0.108376,,1
OR.PA-press-noise-134,18,0.107678,,1
OR.PA-press-noise-134,19,0.147018,,1
OR.PA-press-noise-134,20,0.152394,,1
OR.PA-press-noise-134,21,0.139782,,1
OR.PA-press-noise-134,22,0.135421,,1
OR.PA-press-noise-134,23,0.151282,,1
OR.PA-press-noise-134,24,0.130903,,1
OR.PA-press-noise-134,25,0.141086,,1
OR.PA-press-noise-134,26,0.138623,,1
OR.PA-press-noise-134,27,0.145601,,1
OR.PA-press-noise-134,28,0.145918,,1
OR.PA-press-noise-134,29,0.147204,,1
OR.PA-press-noise-134,30,0.158725,,1
OR.PA-press-noise-128,1,0.001504,,1
OR.PA-press-noise-128,2,0.051768,,1
OR.PA-press-noise-128,3,0.042893,,1
OR.PA-press-noise-128,4,0.005255,,1
OR.PA-press-noise-128,5,0.004633,,1
OR.PA-press-noise-128,6,0.034872,,1
OR.PA-press-noise-128,7,0.028683,,1
OR.PA-press-noise-128,8,0.027363,,1
OR.PA-press-noise-128,9,0.046209,,1
OR.PA-press-noise-128,10,0.05374,,1
OR.PA-press-noise-128,11,0.070503,,1
OR.PA-press-noise-128,12,0.063792,,1
OR.PA-press-noise-128,13,0.074442,,1
OR.PA-press-noise-128,14,0.095541,,1
OR.PA-press-noise-128,15,0.098223,,1
OR.PA-press-noise-128,16,0.103867,,1
OR.PA-press-noise-128,17,0.108376,,1
OR.PA-press-noise-128,18,0.107678,,1
OR.PA-press-noise-128,19,0.147018,,1
OR.PA-press-noise-128,20,0.152394,,1
OR.PA-press-noise-128,21,0.139782,,1
OR.PA-press-noise-128,22,0.135421,,1
OR.PA-press-noise-128,23,0.151282,,1
OR.PA-press-noise-128,24,0.130903,,1
OR.PA-press-noise-128,25,0.141086,,1
OR.PA-press-noise-128,26,0.138623,,1
OR.PA-press-noise-128,27,0.145601,,1
OR.PA-press-noise-128,28,0.145918,,1
OR.PA-press-noise-128,29,0.147204,,1
OR.PA-press-noise-128,30,0.158725,,1
OR.PA-press-noise-126,1,0.001504,,1
OR.PA-press-noise-126,2,0.051768,,1
OR.PA-press-noise-126,3,0.042893,,1
OR.PA-press-noise-126,4,0.005255,,1
OR.PA-press-noise-126,5,0.004633,,1
OR.PA-press-noise-126,6,0.034872,,1
OR.PA-press-noise-126,7,0.028683,,1
OR.PA-press-noise-126,8,0.027363,,1
OR.PA-press-noise-126,9,0.046209,,1
OR.PA-press-noise-126,10,0.05374,,1
OR.PA-press-noise-126,11,0.070503,,1
OR.PA-press-noise-126,12,0.063792,,1
OR.PA-press-noise-126,13,0.074442,,1
OR.PA-press-noise-126,14,0.095541,,1
OR.PA-press-noise-126,15,0.098223,,1
OR.PA-press-noise-126,16,0.103867,,1
OR.PA-press-noise-126,17,0.108376,,1
OR.PA-press-noise-126,18,0.107678,,1
OR.PA-press-noise-126,19,0.147018,,1
OR.PA-press-noise-126,20,0.152394,,1
OR.PA-press-noise-126,21,0.139782,,1
OR.PA-press-noise-126,22,0.135421,,1
OR.PA-press-noise-126,23,0.151282,,1
OR.PA-press-noise-126,24,0.130903,,1
OR.PA-press-noise-126,25,0.141086,,1
OR.PA-press-noise-126,26,0.138623,,1
OR.PA-press-noise-126,27,0.145601,,1
OR.PA-press-noise-126,28,0.145918,,1
OR.PA-press-noise-126,29,0.147204,,1
OR.PA-press-noise-126,30,0.158725,,1
OR.PA-press-noise-125,1,0.001504,,1
OR.PA-press-noise-125,2,0.051768,,1
OR.PA-press-noise-125,3,0.042893,,1
OR.PA-press-noise-125,4,0.005255,,1
OR.PA-press-noise-125,5,0.004633,,1
OR.PA-press-noise-125,6,0.034872,,1
OR.PA-press-noise-125,7,0.028683,,1
OR.PA-press-noise-125,8,0.027363,,1
OR.PA-press-noise-125,9,0.046209,,1
OR.PA-press-noise-125,10,0.05374,,1
OR.PA-press-noise-125,11,0.070503,,1
OR.PA-press-noise-125,12,0.063792,,1
OR.PA-press-noise-125,13,0.074442,,1
OR.PA-press-noise-125,14,0.095541,,1
OR.PA-press-noise-125,15,0.098223,,1
OR.PA-press-noise-125,16,0.103867,,1
OR.PA-press-noise-125,17,0.108376,,1
OR.PA-press-noise-125,18,0.107678,,1
OR.PA-press-noise-125,19,0.147018,,1
OR.PA-press-noise-125,20,0.152394,,1
OR.PA-press-noise-125,21,0.139782,,1
OR.PA-press-noise-125,22,0.135421,,1
OR.PA-press-noise-125,23,0.151282,,1
OR.PA-press-noise-125,24,0.130903,,1
OR.PA-press-noise-125,25,0.141086,,1
OR.PA-press-noise-125,26,0.138623,,1
OR.PA-press-noise-125,27,0.145601,,1
OR.PA-press-noise-125,28,0.145918,,1
OR.PA-press-noise-125,29,0.147204,,1
OR.PA-press-noise-125,30,0.158725,,1
OR.PA-press-noise-124,1,0.001479,,1
OR.PA-press-noise-124,2,0.005571,,1
OR.PA-press-noise-124,3,-0.00225,,1
OR.PA-press-noise-124,4,-0.009522,,1
OR.PA-press-noise-124,5,-0.005028,,1
OR.PA-press-noise-124,6,-0.002826,,1
OR.PA-press-noise-124,7,-0.016366,,1
OR.PA-press-noise-124,8,-0.021892,,1
OR.PA-press-noise-124,9,-0.012998,,1
OR.PA-press-noise-124,10,-0.003716,,1
OR.PA-press-noise-124,11,0.004407,,1
OR.PA-press-noise-124,12,0.003146,,1
OR.PA-press-noise-124,13,-0.007399,,1
OR.PA-press-noise-124,14,-0.000919,,1
OR.PA-press-noise-124,15,-0.006827,,1
OR.PA-press-noise-124,16,-0.005113,,1
OR.PA-press-noise-124,17,-0.012475,,1
OR.PA-press-noise-124,18,0.008447,,1
OR.PA-press-noise-124,19,0.020493,,1
OR.PA-press-noise-124,20,0.012497,,1
OR.PA-press-noise-124,21,-0.024197,,1
OR.PA-press-noise-124,22,-0.033136,,1
OR.PA-press-noise-124,23,-0.070747,,1
OR.PA-press-noise-124,24,-0.066999,,1
OR.PA-press-noise-124,25,-0.058258,,1
OR.PA-press-noise-124,26,-0.087333,,1
OR.PA-press-noise-124,27,-0.112358,,1
OR.PA-press-noise-124,28,-0.097607,,1
OR.PA-press-noise-124,29,-0.122461,,1
OR.PA-press-noise-124,30,-0.119693,,1
OR.PA-press-noise-123,1,0.001479,,1
OR.PA-press-noise-123,2,0.005571,,1
OR.PA-press-noise-123,3,-0.00225,,1
OR.PA-press-noise-123,4,-0.009522,,1
OR.PA-press-noise-123,5,-0.005028,,1
OR.PA-press-noise-123,6,-0.002826,,1
OR.PA-press-noise-123,7,-0.016366,,1
OR.PA-press-noise-123,8,-0.021892,,1
OR.PA-press-noise-123,9,-0.012998,,1
OR.PA-press-noise-123,10,-0.003716,,1
OR.PA-press-noise-123,11,0.004407,,1
OR.PA-press-noise-123,12,0.003146,,1
OR.PA-press-noise-123,13,-0.007399,,1
OR.PA-press-noise-123,14,-0.000919,,1
OR.PA-press-noise-123,15,-0.006827,,1
OR.PA-press-noise-123,16,-0.005113,,1
OR.PA-press-noise-123,17,-0.012475,,1
OR.PA-press-noise-123,18,0.008447,,1
OR.PA-press-noise-123,19,0.020493,,1
OR.PA-press-noise-123,20,0.012497,,1
OR.PA-press-noise-123,21,-0.024197,,1
OR.PA-press-noise-123,22,-0.033136,,1
OR.PA-press-noise-123,23,-0.070747,,1
OR.PA-press-noise-123,24,-0.066999,,1
OR.PA-press-noise-123,25,-0.058258,,1
OR.PA-press-noise-123,26,-0.087333,,1
OR.PA-press-noise-123,27,-0.112358,,1
OR.PA-press-noise-123,28,-0.097607,,1
OR.PA-press-noise-123,29,-0.122461,,1
OR.PA-press-noise-123,30,-0.119693,,1
OR.PA-press-noise-122,1,0.006846,,1
OR.PA-press-noise-122,2,0.012358,,1
OR.PA-press-noise-122,3,-0.004381,,1
OR.PA-press-noise-122,4,0.001193,,1
OR.PA-press-noise-122,5,-0.017505,,1
OR.PA-press-noise-122,6,-0.032888,,1
OR.PA-press-noise-122,7,-0.031381,,1
OR.PA-press-noise-122,8,-0.024811,,1
OR.PA-press-noise-122,9,-0.05765,,1
OR.PA-press-noise-122,10,-0.059449,,1
OR.PA-press-noise-122,11,-0.070764,,1
OR.PA-press-noise-122,12,-0.049792,,1
OR.PA-press-noise-122,13,-0.070241,,1
OR.PA-press-noise-122,14,-0.063913,,1
OR.PA-press-noise-122,15,-0.045443,,1
OR.PA-press-noise-122,16,-0.007117,,1
OR.PA-press-noise-122,17,-0.023211,,1
OR.PA-press-noise-122,18,-0.021736,,1
OR.PA-press-noise-122,19,-0.017649,,1
OR.PA-press-noise-122,20,-0.025475,,1
OR.PA-press-noise-122,21,-0.032751,,1
OR.PA-press-noise-122,22,-0.028261,,1
OR.PA-press-noise-122,23,-0.026064,,1
OR.PA-press-noise-122,24,-0.039609,,1
OR.PA-press-noise-122,25,-0.045139,,1
OR.PA-press-noise-122,26,-0.03625,,1
OR.PA-press-noise-122,27,-0.026972,,1
OR.PA-press-noise-122,28,-0.018854,,1
OR.PA-press-noise-122,29,-0.020119,,1
OR.PA-press-noise-122,30,-0.030668,,1
OR.PA-press-noise-121,1,0.006846,,1
OR.PA-press-noise-121,2,0.012358,,1
OR.PA-press-noise-121,3,-0.004381,,1
OR.PA-press-noise-121,4,0.001193,,1
OR.PA-press-noise-121,5,-0.017505,,1
OR.PA-press-noise-121,6,-0.032888,,1
OR.PA-press-noise-121,7,-0.031381,,1
OR.PA-press-noise-121,8,-0.024811,,1
OR.PA-press-noise-121,9,-0.05765,,1
OR.PA-press-noise-121,10,-0.059449,,1
OR.PA-press-noise-121,11,-0.070764,,1
OR.PA-press-noise-121,12,-0.049792,,1
OR.PA-press-noise-121,13,-0.070241,,1
OR.PA-press-noise-121,14,-0.063913,,1
OR.PA-press-noise-121,15,-0.045443,,1
OR.PA-press-noise-121,16,-0.007117,,1
OR.PA-press-noise-121,17,-0.023211,,1
OR.PA-press-noise-121,18,-0.021736,,1
OR.PA-press-noise-121,19,-0.017649,,1
OR.PA-press-noise-121,20,-0.025475,,1
OR.PA-press-noise-121,21,-0.032751,,1
OR.PA-press-noise-121,22,-0.028261,,1
OR.PA-press-noise-121,23,-0.026064,,1
OR.PA-press-noise-121,24,-0.039609,,1
OR.PA-press-noise-121,25,-0.045139,,1
OR.PA-press-noise-121,26,-0.03625,,1
OR.PA-press-noise-121,27,-0.026972,,1
OR.PA-press-noise-121,28,-0.018854,,1
OR.PA-press-noise-121,29,-0.020119,,1
OR.PA-press-noise-121,30,-0.030668,,1
OR.PA-press-noise-109,1,-0.011247,,1
OR.PA-press-noise-109,2,0.005435,,1
OR.PA-press-noise-109,3,-0.000323,,1
OR.PA-press-noise-109,4,0.012359,,1
OR.PA-press-noise-109,5,0.015799,,1
OR.PA-press-noise-109,6,0.023629,,1
OR.PA-press-noise-109,7,0.027774,,1
OR.PA-press-noise-109,8,0.041189,,1
OR.PA-press-noise-109,9,0.048805,,1
OR.PA-press-noise-109,10,0.058177,,1
OR.PA-press-noise-109,11,0.056479,,1
OR.PA-press-noise-109,12,0.061677,,1
OR.PA-press-noise-109,13,0.060829,,1
OR.PA-press-noise-109,14,0.060706,,1
OR.PA-press-noise-109,15,0.075902,,1
OR.PA-press-noise-109,16,0.082874,,1
OR.PA-press-noise-109,17,0.08991,,1
OR.PA-press-noise-109,18,0.095612,,1
OR.PA-press-noise-109,19,0.079063,,1
OR.PA-press-noise-109,20,0.084827,,1
OR.PA-press-noise-109,21,0.066319,,1
OR.PA-press-noise-109,22,0.051127,,1
OR.PA-press-noise-109,23,0.052824,,1
OR.PA-press-noise-109,24,0.059584,,1
OR.PA-press-noise-109,25,0.026934,,1
OR.PA-press-noise-109,26,0.025325,,1
OR.PA-press-noise-109,27,0.014201,,1
OR.PA-press-noise-109,28,0.035363,,1
OR.PA-press-noise-109,29,0.015104,,1
OR.PA-press-noise-109,30,0.021622,,1
OR.PA-press-noise-108,1,-0.011247,,1
OR.PA-press-noise-108,2,0.005435,,1
OR.PA-press-noise-108,3,-0.000323,,1
OR.PA-press-noise-108,4,0.012359,,1
OR.PA-press-noise-108,5,0.015799,,1
OR.PA-press-noise-108,6,0.023629,,1
OR.PA-press-noise-108,7,0.027774,,1
OR.PA-press-noise-108,8,0.041189,,1
OR.PA-press-noise-108,9,0.048805,,1
OR.PA-press-noise-108,10,0.058177,,1
OR.PA-press-noise-108,11,0.056479,,1
OR.PA-press-noise-108,12,0.061677,,1
OR.PA-press-noise-108,13,0.060829,,1
OR.PA-press-noise-108,14,0.060706,,1
OR.PA-press-noise-108,15,0.075902,,1
OR.PA-press-noise-108,16,0.082874,,1
OR.PA-press-noise-108,17,0.08991,,1
OR.PA-press-noise-108,18,0.095612,,1
OR.PA-press-noise-108,19,0.079063,,1
OR.PA-press-noise-108,20,0.084827,,1
OR.PA-press-noise-108,21,0.066319,,1
OR.PA-press-noise-108,22,0.051127,,1
OR.PA-press-noise-108,23,0.052824,,1
OR.PA-press-noise-108,24,0.059584,,1
OR.PA-press-noise-108,25,0.026934,,1
OR.PA-press-noise-108,26,0.025325,,1
OR.PA-press-noise-108,27,0.014201,,1
OR.PA-press-noise-108,28,0.035363,,1
OR.PA-press-noise-108,29,0.015104,,1
OR.PA-press-noise-108,30,0.021622,,1
OR.PA-press-noise-107,1,-0.011247,,1
OR.PA-press-noise-107,2,0.005435,,1
OR.PA-press-noise-107,3,-0.000323,,1
OR.PA-press-noise-107,4,0.012359,,1
OR.PA-press-noise-107,5,0.015799,,1
OR.PA-press-noise-107,6,0.023629,,1
OR.PA-press-noise-107,7,0.027774,,1
OR.PA-press-noise-107,8,0.041189,,1
OR.PA-press-noise-107,9,0.048805,,1
OR.PA-press-noise-107,10,0.058177,,1
OR.PA-press-noise-107,11,0.056479,,1
OR.PA-press-noise-107,12,0.061677,,1
OR.PA-press-noise-107,13,0.060829,,1
OR.PA-press-noise-107,14,0.060706,,1
OR.PA-press-noise-107,15,0.075902,,1
OR.PA-press-noise-107,16,0.082874,,1
OR.PA-press-noise-107,17,0.08991,,1
OR.PA-press-noise-107,18,0.095612,,1
OR.PA-press-noise-107,19,0.079063,,1
OR.PA-press-noise-107,20,0.084827,,1
OR.PA-press-noise-107,21,0.066319,,1
OR.PA-press-noise-107,22,0.051127,,1
OR.PA-press-noise-107,23,0.052824,,1
OR.PA-press-noise-107,24,0.059584,,1
OR.PA-press-noise-107,25,0.026934,,1
OR.PA-press-noise-107,26,0.025325,,1
OR.PA-press-noise-107,27,0.014201,,1
OR.PA-press-noise-107,28,0.035363,,1
OR.PA-press-noise-107,29,0.015104,,1
OR.PA-press-noise-107,30,0.021622,,1
OR.PA-press-noise-102,1,-0.011247,,1
OR.PA-press-noise-102,2,0.005435,,1
OR.PA-press-noise-102,3,-0.000323,,1
OR.PA-press-noise-102,4,0.012359,,1
OR.PA-press-noise-102,5,0.015799,,1
OR.PA-press-noise-102,6,0.023629,,1
OR.PA-press-noise-102,7,0.027774,,1
OR.PA-press-noise-102,8,0.041189,,1
OR.PA-press-noise-102,9,0.048805,,1
OR.PA-press-noise-102,10,0.058177,,1
OR.PA-press-noise-102,11,0.056479,,1
OR.PA-press-noise-102,12,0.061677,,1
OR.PA-press-noise-102,13,0.060829,,1
OR.PA-press-noise-102,14,0.060706,,1
OR.PA-press-noise-102,15,0.075902,,1
OR.PA-press-noise-102,16,0.082874,,1
OR.PA-press-noise-102,17,0.08991,,1
OR.PA-press-noise-102,18,0.095612,,1
OR.PA-press-noise-102,19,0.079063,,1
OR.PA-press-noise-102,20,0.084827,,1
OR.PA-press-noise-102,21,0.066319,,1
OR.PA-press-noise-102,22,0.051127,,1
OR.PA-press-noise-102,23,0.052824,,1
OR.PA-press-noise-102,24,0.059584,,1
OR.PA-press-noise-102,25,0.026934,,1
OR.PA-press-noise-102,26,0.025325,,1
OR.PA-press-noise-102,27,0.014201,,1
OR.PA-press-noise-102,28,0.035363,,1
OR.PA-press-noise-102,29,0.015104,,1
OR.PA-press-noise-102,30,0.021622,,1
OR.PA-press-noise-100,1,-0.011247,,1
OR.PA-press-noise-100,2,0.005435,,1
OR.PA-press-noise-100,3,-0.000323,,1
OR.PA-press-noise-100,4,0.012359,,1
OR.PA-press-noise-100,5,0.015799,,1
OR.PA-press-noise-100,6,0.023629,,1
OR.PA-press-noise-100,7,0.027774,,1
OR.PA-press-noise-100,8,0.041189,,1
OR.PA-press-noise-100,9,0.048805,,1
OR.PA-press-noise-100,10,0.058177,,1
OR.PA-press-noise-100,11,0.056479,,1
OR.PA-press-noise-100,12,0.061677,,1
OR.PA-press-noise-100,13,0.060829,,1
OR.PA-press-noise-100,14,0.060706,,1
OR.PA-press-noise-100,15,0.075902,,1
OR.PA-press-noise-100,16,0.082874,,1
OR.PA-press-noise-100,17,0.08991,,1
OR.PA-press-noise-100,18,0.095612,,1
OR.PA-press-noise-100,19,0.079063,,1
OR.PA-press-noise-100,20,0.084827,,1
OR.PA-press-noise-100,21,0.066319,,1
OR.PA-press-noise-100,22,0.051127,,1
OR.PA-press-noise-100,23,0.052824,,1
OR.PA-press-noise-100,24,0.059584,,1
OR.PA-press-noise-100,25,0.026934,,1
OR.PA-press-noise-100,26,0.025325,,1
OR.PA-press-noise-100,27,0.014201,,1
OR.PA-press-noise-100,28,0.035363,,1
OR.PA-press-noise-100,29,0.015104,,1
OR.PA-press-noise-100,30,0.021622,,1
OR.PA-press-noise-99,1,-0.011247,,1
OR.PA-press-noise-99,2,0.005435,,1
OR.PA-press-noise-99,3,-0.000323,,1
OR.PA-press-noise-99,4,0.012359,,1
OR.PA-press-noise-99,5,0.015799,,1
OR.PA-press-noise-99,6,0.023629,,1
OR.PA-press-noise-99,7,0.027774,,1
OR.PA-press-noise-99,8,0.041189,,1
OR.PA-press-noise-99,9,0.048805,,1
OR.PA-press-noise-99,10,0.058177,,1
OR.PA-press-noise-99,11,0.056479,,1
OR.PA-press-noise-99,12,0.061677,,1
OR.PA-press-noise-99,13,0.060829,,1
OR.PA-press-noise-99,14,0.060706,,1
OR.PA-press-noise-99,15,0.075902,,1
OR.PA-press-noise-99,16,0.082874,,1
OR.PA-press-noise-99,17,0.08991,,1
OR.PA-press-noise-99,18,0.095612,,1
OR.PA-press-noise-99,19,0.079063,,1
OR.PA-press-noise-99,20,0.084827,,1
OR.PA-press-noise-99,21,0.066319,,1
OR.PA-press-noise-99,22,0.051127,,1
OR.PA-press-noise-99,23,0.052824,,1
OR.PA-press-noise-99,24,0.059584,,1
OR.PA-press-noise-99,25,0.026934,,1
OR.PA-press-noise-99,26,0.025325,,1
OR.PA-press-noise-99,27,0.014201,,1
OR.PA-press-noise-99,28,0.035363,,1
OR.PA-press-noise-99,29,0.015104,,1
OR.PA-press-noise-99,30,0.021622,,1
OR.PA-press-noise-98,1,0.033969,,1
OR.PA-press-noise-98,2,0.022493,,1
OR.PA-press-noise-98,3,0.024591,,1
OR.PA-press-noise-98,4,0.017361,,1
OR.PA-press-noise-98,5,0.006935,,1
OR.PA-press-noise-98,6,0.011164,,1
OR.PA-press-noise-98,7,0.017453,,1
OR.PA-press-noise-98,8,0.014361,,1
OR.PA-press-noise-98,9,0.007071,,1
OR.PA-press-noise-98,10,0.02513,,1
OR.PA-press-noise-98,11,0.010977,,1
OR.PA-press-noise-98,12,0.021746,,1
OR.PA-press-noise-98,13,0.020395,,1
OR.PA-press-noise-98,14,0.018699,,1
OR.PA-press-noise-98,15,0.009713,,1
OR.PA-press-noise-98,16,0.02392,,1
OR.PA-press-noise-98,17,0.001388,,1
OR.PA-press-noise-98,18,0.003526,,1
OR.PA-press-noise-98,19,0.007054,,1
OR.PA-press-noise-98,20,0.01542,,1
OR.PA-press-noise-98,21,-0.001282,,1
OR.PA-press-noise-98,22,-0.006884,,1
OR.PA-press-noise-98,23,-0.024666,,1
OR.PA-press-noise-98,24,-0.012476,,1
OR.PA-press-noise-98,25,-0.009601,,1
OR.PA-press-noise-98,26,-0.022384,,1
OR.PA-press-noise-98,27,-0.02773,,1
OR.PA-press-noise-98,28,-0.033827,,1
OR.PA-press-noise-98,29,-0.029805,,1
OR.PA-press-noise-98,30,-0.012244,,1
OR.PA-press-noise-97,1,0.033969,,1
OR.PA-press-noise-97,2,0.022493,,1
OR.PA-press-noise-97,3,0.024591,,1
OR.PA-press-noise-97,4,0.017361,,1
OR.PA-press-noise-97,5,0.006935,,1
OR.PA-press-noise-97,6,0.011164,,1
OR.PA-press-noise-97,7,0.017453,,1
OR.PA-press-noise-97,8,0.014361,,1
OR.PA-press-noise-97,9,0.007071,,1
OR.PA-press-noise-97,10,0.02513,,1
OR.PA-press-noise-97,11,0.010977,,1
OR.PA-press-noise-97,12,0.021746,,1
OR.PA-press-noise-97,13,0.020395,,1
OR.PA-press-noise-97,14,0.018699,,1
OR.PA-press-noise-97,15,0.009713,,1
OR.PA-press-noise-97,16,0.02392,,1
OR.PA-press-noise-97,17,0.001388,,1
OR.PA-press-noise-97,18,0.003526,,1
OR.PA-press-noise-97,19,0.007054,,1
OR.PA-press-noise-97,20,0.01542,,1
OR.PA-press-noise-97,21,-0.001282,,1
OR.PA-press-noise-97,22,-0.006884,,1
OR.PA-press-noise-97,23,-0.024666,,1
OR.PA-press-noise-97,24,-0.012476,,1
OR.PA-press-noise-97,25,-0.009601,,1
OR.PA-press-noise-97,26,-0.022384,,1
OR.PA-press-noise-97,27,-0.02773,,1
OR.PA-press-noise-97,28,-0.033827,,1
OR.PA-press-noise-97,29,-0.029805,,1
OR.PA-press-noise-97,30,-0.012244,,1
OR.PA-press-noise-96,1,0.032356,,1
OR.PA-press-noise-96,2,-0.006964,,1
OR.PA-press-noise-96,3,0.002515,,1
OR.PA-press-noise-96,4,-0.006633,,1
OR.PA-press-noise-96,5,-0.01669,,1
OR.PA-press-noise-96,6,-0.004675,,1
OR.PA-press-noise-96,7,0.028255,,1
OR.PA-press-noise-96,8,0.035471,,1
OR.PA-press-noise-96,9,0.07054,,1
OR.PA-press-noise-96,10,0.012105,,1
OR.PA-press-noise-96,11,0.004245,,1
OR.PA-press-noise-96,12,-0.016762,,1
OR.PA-press-noise-96,13,0.007795,,1
OR.PA-press-noise-96,14,0.025872,,1
OR.PA-press-noise-96,15,0.035461,,1
OR.PA-press-noise-96,16,0.025415,,1
OR.PA-press-noise-96,17,-0.006105,,1
OR.PA-press-noise-96,18,-0.022373,,1
OR.PA-press-noise-96,19,-0.016836,,1
OR.PA-press-noise-96,20,0.014164,,1
OR.PA-press-noise-96,21,0.006307,,1
OR.PA-press-noise-96,22,0.02641,,1
OR.PA-press-noise-96,23,0.006639,,1
OR.PA-press-noise-96,24,0.005999,,1
OR.PA-press-noise-96,25,0.018185,,1
OR.PA-press-noise-96,26,0.007942,,1
OR.PA-press-noise-96,27,0.01971,,1
OR.PA-press-noise-96,28,0.054282,,1
OR.PA-press-noise-96,29,0.06096,,1
OR.PA-press-noise-96,30,0.049218,,1
OR.PA-press-noise-95,1,0.012435,,1
OR.PA-press-noise-95,2,0.044462,,1
OR.PA-press-noise-95,3,0.004811,,1
OR.PA-press-noise-95,4,0.013961,,1
OR.PA-press-noise-95,5,0.004484,,1
OR.PA-press-noise-95,6,-0.005903,,1
OR.PA-press-noise-95,7,0.005782,,1
OR.PA-press-noise-95,8,0.038382,,1
OR.PA-press-noise-95,9,0.045268,,1
OR.PA-press-noise-95,10,0.080007,,1
OR.PA-press-noise-95,11,0.021243,,1
OR.PA-press-noise-95,12,0.013053,,1
OR.PA-press-noise-95,13,-0.008284,,1
OR.PA-press-noise-95,14,0.015943,,1
OR.PA-press-noise-95,15,0.03369,,1
OR.PA-press-noise-95,16,0.04295,,1
OR.PA-press-noise-95,17,0.032573,,1
OR.PA-press-noise-95,18,0.000724,,1
OR.PA-press-noise-95,19,-0.015874,,1
OR.PA-press-noise-95,20,-0.010667,,1
OR.PA-press-noise-95,21,0.020004,,1
OR.PA-press-noise-95,22,0.011817,,1
OR.PA-press-noise-95,23,0.03159,,1
OR.PA-press-noise-95,24,0.011489,,1
OR.PA-press-noise-95,25,0.01052,,1
OR.PA-press-noise-95,26,0.022375,,1
OR.PA-press-noise-95,27,0.011803,,1
OR.PA-press-noise-95,28,0.023242,,1
OR.PA-press-noise-95,29,0.057483,,1
OR.PA-press-noise-95,30,0.063831,,1
OR.PA-press-noise-94,1,0.012435,,1
OR.PA-press-noise-94,2,0.044462,,1
OR.PA-press-noise-94,3,0.004811,,1
OR.PA-press-noise-94,4,0.013961,,1
OR.PA-press-noise-94,5,0.004484,,1
OR.PA-press-noise-94,6,-0.005903,,1
OR.PA-press-noise-94,7,0.005782,,1
OR.PA-press-noise-94,8,0.038382,,1
OR.PA-press-noise-94,9,0.045268,,1
OR.PA-press-noise-94,10,0.080007,,1
OR.PA-press-noise-94,11,0.021243,,1
OR.PA-press-noise-94,12,0.013053,,1
OR.PA-press-noise-94,13,-0.008284,,1
OR.PA-press-noise-94,14,0.015943,,1
OR.PA-press-noise-94,15,0.03369,,1
OR.PA-press-noise-94,16,0.04295,,1
OR.PA-press-noise-94,17,0.032573,,1
OR.PA-press-noise-94,18,0.000724,,1
OR.PA-press-noise-94,19,-0.015874,,1
OR.PA-press-noise-94,20,-0.010667,,1
OR.PA-press-noise-94,21,0.020004,,1
OR.PA-press-noise-94,22,0.011817,,1
OR.PA-press-noise-94,23,0.03159,,1
OR.PA-press-noise-94,24,0.011489,,1
OR.PA-press-noise-94,25,0.01052,,1
OR.PA-press-noise-94,26,0.022375,,1
OR.PA-press-noise-94,27,0.011803,,1
OR.PA-press-noise-94,28,0.023242,,1
OR.PA-press-noise-94,29,0.057483,,1
OR.PA-press-noise-94,30,0.063831,,1
OR.PA-press-noise-92,1,0.002411,,1
OR.PA-press-noise-92,2,-0.000462,,1
OR.PA-press-noise-92,3,-0.000315,,1
OR.PA-press-noise-92,4,0.005864,,1
OR.PA-press-noise-92,5,-0.004947,,1
OR.PA-press-noise-92,6,-0.001765,,1
OR.PA-press-noise-92,7,-0.000861,,1
OR.PA-press-noise-92,8,-0.00185,,1
OR.PA-press-noise-92,9,-0.005119,,1
OR.PA-press-noise-92,10,-0.017983,,1
OR.PA-press-noise-92,11,-0.011692,,1
OR.PA-press-noise-92,12,-0.005438,,1
OR.PA-press-noise-92,13,-0.001114,,1
OR.PA-press-noise-92,14,-0.006286,,1
OR.PA-press-noise-92,15,-0.001198,,1
OR.PA-press-noise-92,16,0.019955,,1
OR.PA-press-noise-92,17,0.021586,,1
OR.PA-press-noise-92,18,0.041913,,1
OR.PA-press-noise-92,19,0.038421,,1
OR.PA-press-noise-92,20,0.025358,,1
OR.PA-press-noise-92,21,0.019205,,1
OR.PA-press-noise-92,22,0.011889,,1
OR.PA-press-noise-92,23,0.02506,,1
OR.PA-press-noise-92,24,-0.022105,,1
OR.PA-press-noise-92,25,-0.008101,,1
OR.PA-press-noise-92,26,-0.005282,,1
OR.PA-press-noise-92,27,-0.015481,,1
OR.PA-press-noise-92,28,-0.045444,,1
OR.PA-press-noise-92,29,-0.033065,,1
OR.PA-press-noise-92,30,-0.007748,,1
OR.PA-press-noise-91,1,0.002411,,1
OR.PA-press-noise-91,2,-0.000462,,1
OR.PA-press-noise-91,3,-0.000315,,1
OR.PA-press-noise-91,4,0.005864,,1
OR.PA-press-noise-91,5,-0.004947,,1
OR.PA-press-noise-91,6,-0.001765,,1
OR.PA-press-noise-91,7,-0.000861,,1
OR.PA-press-noise-91,8,-0.00185,,1
OR.PA-press-noise-91,9,-0.005119,,1
OR.PA-press-noise-91,10,-0.017983,,1
OR.PA-press-noise-91,11,-0.011692,,1
OR.PA-press-noise-91,12,-0.005438,,1
OR.PA-press-noise-91,13,-0.001114,,1
OR.PA-press-noise-91,14,-0.006286,,1
OR.PA-press-noise-91,15,-0.001198,,1
OR.PA-press-noise-91,16,0.019955,,1
OR.PA-press-noise-91,17,0.021586,,1
OR.PA-press-noise-91,18,0.041913,,1
OR.PA-press-noise-91,19,0.038421,,1
OR.PA-press-noise-91,20,0.025358,,1
OR.PA-press-noise-91,21,0.019205,,1
OR.PA-press-noise-91,22,0.011889,,1
OR.PA-press-noise-91,23,0.02506,,1
OR.PA-press-noise-91,24,-0.022105,,1
OR.PA-press-noise-91,25,-0.008101,,1
OR.PA-press-noise-91,26,-0.005282,,1
OR.PA-press-noise-91,27,-0.015481,,1
OR.PA-press-noise-91,28,-0.045444,,1
OR.PA-press-noise-91,29,-0.033065,,1
OR.PA-press-noise-91,30,-0.007748,,1
OR.PA-press-noise-90,1,0.002411,,1
OR.PA-press-noise-90,2,-0.000462,,1
OR.PA-press-noise-90,3,-0.000315,,1
OR.PA-press-noise-90,4,0.005864,,1
OR.PA-press-noise-90,5,-0.004947,,1
OR.PA-press-noise-90,6,-0.001765,,1
OR.PA-press-noise-90,7,-0.000861,,1
OR.PA-press-noise-90,8,-0.00185,,1
OR.PA-press-noise-90,9,-0.005119,,1
OR.PA-press-noise-90,10,-0.017983,,1
OR.PA-press-noise-90,11,-0.011692,,1
OR.PA-press-noise-90,12,-0.005438,,1
OR.PA-press-noise-90,13,-0.001114,,1
OR.PA-press-noise-90,14,-0.006286,,1
OR.PA-press-noise-90,15,-0.001198,,1
OR.PA-press-noise-90,16,0.019955,,1
OR.PA-press-noise-90,17,0.021586,,1
OR.PA-press-noise-90,18,0.041913,,1
OR.PA-press-noise-90,19,0.038421,,1
OR.PA-press-noise-90,20,0.025358,,1
OR.PA-press-noise-90,21,0.019205,,1
OR.PA-press-noise-90,22,0.011889,,1
OR.PA-press-noise-90,23,0.02506,,1
OR.PA-press-noise-90,24,-0.022105,,1
OR.PA-press-noise-90,25,-0.008101,,1
OR.PA-press-noise-90,26,-0.005282,,1
OR.PA-press-noise-90,27,-0.015481,,1
OR.PA-press-noise-90,28,-0.045444,,1
OR.PA-press-noise-90,29,-0.033065,,1
OR.PA-press-noise-90,30,-0.007748,,1
OR.PA-press-noise-89,1,0.002411,,1
OR.PA-press-noise-89,2,-0.000462,,1
OR.PA-press-noise-89,3,-0.000315,,1
OR.PA-press-noise-89,4,0.005864,,1
OR.PA-press-noise-89,5,-0.004947,,1
OR.PA-press-noise-89,6,-0.001765,,1
OR.PA-press-noise-89,7,-0.000861,,1
OR.PA-press-noise-89,8,-0.00185,,1
OR.PA-press-noise-89,9,-0.005119,,1
OR.PA-press-noise-89,10,-0.017983,,1
OR.PA-press-noise-89,11,-0.011692,,1
OR.PA-press-noise-89,12,-0.005438,,1
OR.PA-press-noise-89,13,-0.001114,,1
OR.PA-press-noise-89,14,-0.006286,,1
OR.PA-press-noise-89,15,-0.001198,,1
OR.PA-press-noise-89,16,0.019955,,1
OR.PA-press-noise-89,17,0.021586,,1
OR.PA-press-noise-89,18,0.041913,,1
OR.PA-press-noise-89,19,0.038421,,1
OR.PA-press-noise-89,20,0.025358,,1
OR.PA-press-noise-89,21,0.019205,,1
OR.PA-press-noise-89,22,0.011889,,1
OR.PA-press-noise-89,23,0.02506,,1
OR.PA-press-noise-89,24,-0.022105,,1
OR.PA-press-noise-89,25,-0.008101,,1
OR.PA-press-noise-89,26,-0.005282,,1
OR.PA-press-noise-89,27,-0.015481,,1
OR.PA-press-noise-89,28,-0.045444,,1
OR.PA-press-noise-89,29,-0.033065,,1
OR.PA-press-noise-89,30,-0.007748,,1
OR.PA-press-noise-88,1,0.002411,,1
OR.PA-press-noise-88,2,-0.000462,,1
OR.PA-press-noise-88,3,-0.000315,,1
OR.PA-press-noise-88,4,0.005864,,1
OR.PA-press-noise-88,5,-0.004947,,1
OR.PA-press-noise-88,6,-0.001765,,1
OR.PA-press-noise-88,7,-0.000861,,1
OR.PA-press-noise-88,8,-0.00185,,1
OR.PA-press-noise-88,9,-0.005119,,1
OR.PA-press-noise-88,10,-0.017983,,1
OR.PA-press-noise-88,11,-0.011692,,1
OR.PA-press-noise-88,12,-0.005438,,1
OR.PA-press-noise-88,13,-0.001114,,1
OR.PA-press-noise-88,14,-0.006286,,1
OR.PA-press-noise-88,15,-0.001198,,1
OR.PA-press-noise-88,16,0.019955,,1
OR.PA-press-noise-88,17,0.021586,,1
OR.PA-press-noise-88,18,0.041913,,1
OR.PA-press-noise-88,19,0.038421,,1
OR.PA-press-noise-88,20,0.025358,,1
OR.PA-press-noise-88,21,0.019205,,1
OR.PA-press-noise-88,22,0.011889,,1
OR.PA-press-noise-88,23,0.02506,,1
OR.PA-press-noise-88,24,-0.022105,,1
OR.PA-press-noise-88,25,-0.008101,,1
OR.PA-press-noise-88,26,-0.005282,,1
OR.PA-press-noise-88,27,-0.015481,,1
OR.PA-press-noise-88,28,-0.045444,,1
OR.PA-press-noise-88,29,-0.033065,,1
OR.PA-press-noise-88,30,-0.007748,,1
OR.PA-press-noise-87,1,0.002411,,1
OR.PA-press-noise-87,2,-0.000462,,1
OR.PA-press-noise-87,3,-0.000315,,1
OR.PA-press-noise-87,4,0.005864,,1
OR.PA-press-noise-87,5,-0.004947,,1
OR.PA-press-noise-87,6,-0.001765,,1
OR.PA-press-noise-87,7,-0.000861,,1
OR.PA-press-noise-87,8,-0.00185,,1
OR.PA-press-noise-87,9,-0.005119,,1
OR.PA-press-noise-87,10,-0.017983,,1
OR.PA-press-noise-87,11,-0.011692,,1
OR.PA-press-noise-87,12,-0.005438,,1
OR.PA-press-noise-87,13,-0.001114,,1
OR.PA-press-noise-87,14,-0.006286,,1
OR.PA-press-noise-87,15,-0.001198,,1
OR.PA-press-noise-87,16,0.019955,,1
OR.PA-press-noise-87,17,0.021586,,1
OR.PA-press-noise-87,18,0.041913,,1
OR.PA-press-noise-87,19,0.038421,,1
OR.PA-press-noise-87,20,0.025358,,1
OR.PA-press-noise-87,21,0.019205,,1
OR.PA-press-noise-87,22,0.011889,,1
OR.PA-press-noise-87,23,0.02506,,1
OR.PA-press-noise-87,24,-0.022105,,1
OR.PA-press-noise-87,25,-0.008101,,1
OR.PA-press-noise-87,26,-0.005282,,1
OR.PA-press-noise-87,27,-0.015481,,1
OR.PA-press-noise-87,28,-0.045444,,1
OR.PA-press-noise-87,29,-0.033065,,1
OR.PA-press-noise-87,30,-0.007748,,1
OR.PA-press-noise-86,1,0.002411,,1
OR.PA-press-noise-86,2,-0.000462,,1
OR.PA-press-noise-86,3,-0.000315,,1
OR.PA-press-noise-86,4,0.005864,,1
OR.PA-press-noise-86,5,-0.004947,,1
OR.PA-press-noise-86,6,-0.001765,,1
OR.PA-press-noise-86,7,-0.000861,,1
OR.PA-press-noise-86,8,-0.00185,,1
OR.PA-press-noise-86,9,-0.005119,,1
OR.PA-press-noise-86,10,-0.017983,,1
OR.PA-press-noise-86,11,-0.011692,,1
OR.PA-press-noise-86,12,-0.005438,,1
OR.PA-press-noise-86,13,-0.001114,,1
OR.PA-press-noise-86,14,-0.006286,,1
OR.PA-press-noise-86,15,-0.001198,,1
OR.PA-press-noise-86,16,0.019955,,1
OR.PA-press-noise-86,17,0.021586,,1
OR.PA-press-noise-86,18,0.041913,,1
OR.PA-press-noise-86,19,0.038421,,1
OR.PA-press-noise-86,20,0.025358,,1
OR.PA-press-noise-86,21,0.019205,,1
OR.PA-press-noise-86,22,0.011889,,1
OR.PA-press-noise-86,23,0.02506,,1
OR.PA-press-noise-86,24,-0.022105,,1
OR.PA-press-noise-86,25,-0.008101,,1
OR.PA-press-noise-86,26,-0.005282,,1
OR.PA-press-noise-86,27,-0.015481,,1
OR.PA-press-noise-86,28,-0.045444,,1
OR.PA-press-noise-86,29,-0.033065,,1
OR.PA-press-noise-86,30,-0.007748,,1
OR.PA-press-noise-85,1,0.002411,,1
OR.PA-press-noise-85,2,-0.000462,,1
OR.PA-press-noise-85,3,-0.000315,,1
OR.PA-press-noise-85,4,0.005864,,1
OR.PA-press-noise-85,5,-0.004947,,1
OR.PA-press-noise-85,6,-0.001765,,1
OR.PA-press-noise-85,7,-0.000861,,1
OR.PA-press-noise-85,8,-0.00185,,1
OR.PA-press-noise-85,9,-0.005119,,1
OR.PA-press-noise-85,10,-0.017983,,1
OR.PA-press-noise-85,11,-0.011692,,1
OR.PA-press-noise-85,12,-0.005438,,1
OR.PA-press-noise-85,13,-0.001114,,1
OR.PA-press-noise-85,14,-0.006286,,1
OR.PA-press-noise-85,15,-0.001198,,1
OR.PA-press-noise-85,16,0.019955,,1
OR.PA-press-noise-85,17,0.021586,,1
OR.PA-press-noise-85,18,0.041913,,1
OR.PA-press-noise-85,19,0.038421,,1
OR.PA-press-noise-85,20,0.025358,,1
OR.PA-press-noise-85,21,0.019205,,1
OR.PA-press-noise-85,22,0.011889,,1
OR.PA-press-noise-85,23,0.02506,,1
OR.PA-press-noise-85,24,-0.022105,,1
OR.PA-press-noise-85,25,-0.008101,,1
OR.PA-press-noise-85,26,-0.005282,,1
OR.PA-press-noise-85,27,-0.015481,,1
OR.PA-press-noise-85,28,-0.045444,,1
OR.PA-press-noise-85,29,-0.033065,,1
OR.PA-press-noise-85,30,-0.007748,,1
OR.PA-press-noise-79,1,-0.005576,,1
OR.PA-press-noise-79,2,-0.005405,,1
OR.PA-press-noise-79,3,0.004692,,1
OR.PA-press-noise-79,4,0.011294,,1
OR.PA-press-noise-79,5,0.006542,,1
OR.PA-press-noise-79,6,0.008222,,1
OR.PA-press-noise-79,7,0.003078,,1
OR.PA-press-noise-79,8,-0.003238,,1
OR.PA-press-noise-79,9,-0.000396,,1
OR.PA-press-noise-79,10,-0.00061,,1
OR.PA-press-noise-79,11,-0.003497,,1
OR.PA-press-noise-79,12,-0.000656,,1
OR.PA-press-noise-79,13,-0.006605,,1
OR.PA-press-noise-79,14,-0.015289,,1
OR.PA-press-noise-79,15,-0.027563,,1
OR.PA-press-noise-79,16,-0.028168,,1
OR.PA-press-noise-79,17,-0.028382,,1
OR.PA-press-noise-79,18,-0.021184,,1
OR.PA-press-noise-79,19,-0.019068,,1
OR.PA-press-noise-79,20,-0.022778,,1
OR.PA-press-noise-79,21,-0.016398,,1
OR.PA-press-noise-79,22,-0.044043,,1
OR.PA-press-noise-79,23,-0.047042,,1
OR.PA-press-noise-79,24,-0.038924,,1
OR.PA-press-noise-79,25,-0.046673,,1
OR.PA-press-noise-79,26,-0.025228,,1
OR.PA-press-noise-79,27,-0.035228,,1
OR.PA-press-noise-79,28,-0.030341,,1
OR.PA-press-noise-79,29,-0.034869,,1
OR.PA-press-noise-79,30,-0.027642,,1
OR.PA-press-noise-74,1,-0.005576,,1
OR.PA-press-noise-74,2,-0.005405,,1
OR.PA-press-noise-74,3,0.004692,,1
OR.PA-press-noise-74,4,0.011294,,1
OR.PA-press-noise-74,5,0.006542,,1
OR.PA-press-noise-74,6,0.008222,,1
OR.PA-press-noise-74,7,0.003078,,1
OR.PA-press-noise-74,8,-0.003238,,1
OR.PA-press-noise-74,9,-0.000396,,1
OR.PA-press-noise-74,10,-0.00061,,1
OR.PA-press-noise-74,11,-0.003497,,1
OR.PA-press-noise-74,12,-0.000656,,1
OR.PA-press-noise-74,13,-0.006605,,1
OR.PA-press-noise-74,14,-0.015289,,1
OR.PA-press-noise-74,15,-0.027563,,1
OR.PA-press-noise-74,16,-0.028168,,1
OR.PA-press-noise-74,17,-0.028382,,1
OR.PA-press-noise-74,18,-0.021184,,1
OR.PA-press-noise-74,19,-0.019068,,1
OR.PA-press-noise-74,20,-0.022778,,1
OR.PA-press-noise-74,21,-0.016398,,1
OR.PA-press-noise-74,22,-0.044043,,1
OR.PA-press-noise-74,23,-0.047042,,1
OR.PA-press-noise-74,24,-0.038924,,1
OR.PA-press-noise-74,25,-0.046673,,1
OR.PA-press-noise-74,26,-0.025228,,1
OR.PA-press-noise-74,27,-0.035228,,1
OR.PA-press-noise-74,28,-0.030341,,1
OR.PA-press-noise-74,29,-0.034869,,1
OR.PA-press-noise-74,30,-0.027642,,1
OR.PA-press-noise-70,1,-0.005214,,1
OR.PA-press-noise-70,2,-0.010836,,1
OR.PA-press-noise-70,3,-0.010713,,1
OR.PA-press-noise-70,4,-0.000662,,1
OR.PA-press-noise-70,5,0.005893,,1
OR.PA-press-noise-70,6,0.001094,,1
OR.PA-press-noise-70,7,0.002727,,1
OR.PA-press-noise-70,8,-0.002465,,1
OR.PA-press-noise-70,9,-0.008828,,1
OR.PA-press-noise-70,10,-0.006032,,1
OR.PA-press-noise-70,11,-0.006293,,1
OR.PA-press-noise-70,12,-0.009227,,1
OR.PA-press-noise-70,13,-0.006433,,1
OR.PA-press-noise-70,14,-0.012428,,1
OR.PA-press-noise-70,15,-0.02116,,1
OR.PA-press-noise-70,16,-0.033481,,1
OR.PA-press-noise-70,17,-0.034133,,1
OR.PA-press-noise-70,18,-0.034394,,1
OR.PA-press-noise-70,19,-0.027242,,1
OR.PA-press-noise-70,20,-0.025174,,1
OR.PA-press-noise-70,21,-0.02893,,1
OR.PA-press-noise-70,22,-0.022598,,1
OR.PA-press-noise-70,23,-0.050289,,1
OR.PA-press-noise-70,24,-0.053335,,1
OR.PA-press-noise-70,25,-0.045264,,1
OR.PA-press-noise-70,26,-0.05306,,1
OR.PA-press-noise-70,27,-0.031661,,1
OR.PA-press-noise-70,28,-0.041709,,1
OR.PA-press-noise-70,29,-0.036868,,1
OR.PA-press-noise-70,30,-0.041443,,1
OR.PA-press-noise-69,1,0.008646,,1
OR.PA-press-noise-69,2,-0.000965,,1
OR.PA-press-noise-69,3,-0.009841,,1
OR.PA-press-noise-69,4,-0.007656,,1
OR.PA-press-noise-69,5,-0.006295,,1
OR.PA-press-noise-69,6,-0.001672,,1
OR.PA-press-noise-69,7,-0.006443,,1
OR.PA-press-noise-69,8,-0.021567,,1
OR.PA-press-noise-69,9,-0.033967,,1
OR.PA-press-noise-69,10,-0.028376,,1
OR.PA-press-noise-69,11,-0.029072,,1
OR.PA-press-noise-69,12,-0.017709,,1
OR.PA-press-noise-69,13,-0.012216,,1
OR.PA-press-noise-69,14,-0.013729,,1
OR.PA-press-noise-69,15,-0.007444,,1
OR.PA-press-noise-69,16,0.065187,,1
OR.PA-press-noise-69,17,0.059955,,1
OR.PA-press-noise-69,18,0.054314,,1
OR.PA-press-noise-69,19,0.05442,,1
OR.PA-press-noise-69,20,0.064452,,1
OR.PA-press-noise-69,21,0.070989,,1
OR.PA-press-noise-69,22,0.066172,,1
OR.PA-press-noise-69,23,0.067787,,1
OR.PA-press-noise-69,24,0.062578,,1
OR.PA-press-noise-69,25,0.056197,,1
OR.PA-press-noise-69,26,0.058974,,1
OR.PA-press-noise-69,27,0.058695,,1
OR.PA-press-noise-69,28,0.055743,,1
OR.PA-press-noise-69,29,0.058519,,1
OR.PA-press-noise-69,30,0.052506,,1
OR.PA-press-noise-68,1,0.008646,,1
OR.PA-press-noise-68,2,-0.000965,,1
OR.PA-press-noise-68,3,-0.009841,,1
OR.PA-press-noise-68,4,-0.007656,,1
OR.PA-press-noise-68,5,-0.006295,,1
OR.PA-press-noise-68,6,-0.001672,,1
OR.PA-press-noise-68,7,-0.006443,,1
OR.PA-press-noise-68,8,-0.021567,,1
OR.PA-press-noise-68,9,-0.033967,,1
OR.PA-press-noise-68,10,-0.028376,,1
OR.PA-press-noise-68,11,-0.029072,,1
OR.PA-press-noise-68,12,-0.017709,,1
OR.PA-press-noise-68,13,-0.012216,,1
OR.PA-press-noise-68,14,-0.013729,,1
OR.PA-press-noise-68,15,-0.007444,,1
OR.PA-press-noise-68,16,0.065187,,1
OR.PA-press-noise-68,17,0.059955,,1
OR.PA-press-noise-68,18,0.054314,,1
OR.PA-press-noise-68,19,0.05442,,1
OR.PA-press-noise-68,20,0.064452,,1
OR.PA-press-noise-68,21,0.070989,,1
OR.PA-press-noise-68,22,0.066172,,1
OR.PA-press-noise-68,23,0.067787,,1
OR.PA-press-noise-68,24,0.062578,,1
OR.PA-press-noise-68,25,0.056197,,1
OR.PA-press-noise-68,26,0.058974,,1
OR.PA-press-noise-68,27,0.058695,,1
OR.PA-press-noise-68,28,0.055743,,1
OR.PA-press-noise-68,29,0.058519,,1
OR.PA-press-noise-68,30,0.052506,,1
OR.PA-press-noise-67,1,0.008646,,1
OR.PA-press-noise-67,2,-0.000965,,1
OR.PA-press-noise-67,3,-0.009841,,1
OR.PA-press-noise-67,4,-0.007656,,1
OR.PA-press-noise-67,5,-0.006295,,1
OR.PA-press-noise-67,6,-0.001672,,1
OR.PA-press-noise-67,7,-0.006443,,1
OR.PA-press-noise-67,8,-0.021567,,1
OR.PA-press-noise-67,9,-0.033967,,1
OR.PA-press-noise-67,10,-0.028376,,1
OR.PA-press-noise-67,11,-0.029072,,1
OR.PA-press-noise-67,12,-0.017709,,1
OR.PA-press-noise-67,13,-0.012216,,1
OR.PA-press-noise-67,14,-0.013729,,1
OR.PA-press-noise-67,15,-0.007444,,1
OR.PA-press-noise-67,16,0.065187,,1
OR.PA-press-noise-67,17,0.059955,,1
OR.PA-press-noise-67,18,0.054314,,1
OR.PA-press-noise-67,19,0.05442,,1
OR.PA-press-noise-67,20,0.064452,,1
OR.PA-press-noise-67,21,0.070989,,1
OR.PA-press-noise-67,22,0.066172,,1
OR.PA-press-noise-67,23,0.067787,,1
OR.PA-press-noise-67,24,0.062578,,1
OR.PA-press-noise-67,25,0.056197,,1
OR.PA-press-noise-67,26,0.058974,,1
OR.PA-press-noise-67,27,0.058695,,1
OR.PA-press-noise-67,28,0.055743,,1
OR.PA-press-noise-67,29,0.058519,,1
OR.PA-press-noise-67,30,0.052506,,1
OR.PA-press-noise-66,1,0.008646,,1
OR.PA-press-noise-66,2,-0.000965,,1
OR.PA-press-noise-66,3,-0.009841,,1
OR.PA-press-noise-66,4,-0.007656,,1
OR.PA-press-noise-66,5,-0.006295,,1
OR.PA-press-noise-66,6,-0.001672,,1
OR.PA-press-noise-66,7,-0.006443,,1
OR.PA-press-noise-66,8,-0.021567,,1
OR.PA-press-noise-66,9,-0.033967,,1
OR.PA-press-noise-66,10,-0.028376,,1
OR.PA-press-noise-66,11,-0.029072,,1
OR.PA-press-noise-66,12,-0.017709,,1
OR.PA-press-noise-66,13,-0.012216,,1
OR.PA-press-noise-66,14,-0.013729,,1
OR.PA-press-noise-66,15,-0.007444,,1
OR.PA-press-noise-66,16,0.065187,,1
OR.PA-press-noise-66,17,0.059955,,1
OR.PA-press-noise-66,18,0.054314,,1
OR.PA-press-noise-66,19,0.05442,,1
OR.PA-press-noise-66,20,0.064452,,1
OR.PA-press-noise-66,21,0.070989,,1
OR.PA-press-noise-66,22,0.066172,,1
OR.PA-press-noise-66,23,0.067787,,1
OR.PA-press-noise-66,24,0.062578,,1
OR.PA-press-noise-66,25,0.056197,,1
OR.PA-press-noise-66,26,0.058974,,1
OR.PA-press-noise-66,27,0.058695,,1
OR.PA-press-noise-66,28,0.055743,,1
OR.PA-press-noise-66,29,0.058519,,1
OR.PA-press-noise-66,30,0.052506,,1
OR.PA-press-noise-65,1,0.008646,,1
OR.PA-press-noise-65,2,-0.000965,,1
OR.PA-press-noise-65,3,-0.009841,,1
OR.PA-press-noise-65,4,-0.007656,,1
OR.PA-press-noise-65,5,-0.006295,,1
OR.PA-press-noise-65,6,-0.001672,,1
OR.PA-press-noise-65,7,-0.006443,,1
OR.PA-press-noise-65,8,-0.021567,,1
OR.PA-press-noise-65,9,-0.033967,,1
OR.PA-press-noise-65,10,-0.028376,,1
OR.PA-press-noise-65,11,-0.029072,,1
OR.PA-press-noise-65,12,-0.017709,,1
OR.PA-press-noise-65,13,-0.012216,,1
OR.PA-press-noise-65,14,-0.013729,,1
OR.PA-press-noise-65,15,-0.007444,,1
OR.PA-press-noise-65,16,0.065187,,1
OR.PA-press-noise-65,17,0.059955,,1
OR.PA-press-noise-65,18,0.054314,,1
OR.PA-press-noise-65,19,0.05442,,1
OR.PA-press-noise-65,20,0.064452,,1
OR.PA-press-noise-65,21,0.070989,,1
OR.PA-press-noise-65,22,0.066172,,1
OR.PA-press-noise-65,23,0.067787,,1
OR.PA-press-noise-65,24,0.062578,,1
OR.PA-press-noise-65,25,0.056197,,1
OR.PA-press-noise-65,26,0.058974,,1
OR.PA-press-noise-65,27,0.058695,,1
OR.PA-press-noise-65,28,0.055743,,1
OR.PA-press-noise-65,29,0.058519,,1
OR.PA-press-noise-65,30,0.052506,,1
OR.PA-press-noise-64,1,-0.00574,,1
OR.PA-press-noise-64,2,0.01327,,1
OR.PA-press-noise-64,3,0.003845,,1
OR.PA-press-noise-64,4,-0.009039,,1
OR.PA-press-noise-64,5,0.000817,,1
OR.PA-press-noise-64,6,0.02293,,1
OR.PA-press-noise-64,7,0.031226,,1
OR.PA-press-noise-64,8,0.042656,,1
OR.PA-press-noise-64,9,0.039168,,1
OR.PA-press-noise-64,10,0.048895,,1
OR.PA-press-noise-64,11,0.054963,,1
OR.PA-press-noise-64,12,0.061772,,1
OR.PA-press-noise-64,13,0.044873,,1
OR.PA-press-noise-64,14,0.046189,,1
OR.PA-press-noise-64,15,0.03792,,1
OR.PA-press-noise-64,16,0.032419,,1
OR.PA-press-noise-64,17,0.030532,,1
OR.PA-press-noise-64,18,0.037894,,1
OR.PA-press-noise-64,19,0.015363,,1
OR.PA-press-noise-64,20,0.005231,,1
OR.PA-press-noise-64,21,0.021348,,1
OR.PA-press-noise-64,22,0.023916,,1
OR.PA-press-noise-64,23,0.024453,,1
OR.PA-press-noise-64,24,0.030627,,1
OR.PA-press-noise-64,25,0.019048,,1
OR.PA-press-noise-64,26,0.028471,,1
OR.PA-press-noise-64,27,0.017695,,1
OR.PA-press-noise-64,28,0.036319,,1
OR.PA-press-noise-64,29,0.044761,,1
OR.PA-press-noise-64,30,0.057802,,1
OR.PA-press-noise-63,1,-0.00574,,1
OR.PA-press-noise-63,2,0.01327,,1
OR.PA-press-noise-63,3,0.003845,,1
OR.PA-press-noise-63,4,-0.009039,,1
OR.PA-press-noise-63,5,0.000817,,1
OR.PA-press-noise-63,6,0.02293,,1
OR.PA-press-noise-63,7,0.031226,,1
OR.PA-press-noise-63,8,0.042656,,1
OR.PA-press-noise-63,9,0.039168,,1
OR.PA-press-noise-63,10,0.048895,,1
OR.PA-press-noise-63,11,0.054963,,1
OR.PA-press-noise-63,12,0.061772,,1
OR.PA-press-noise-63,13,0.044873,,1
OR.PA-press-noise-63,14,0.046189,,1
OR.PA-press-noise-63,15,0.03792,,1
OR.PA-press-noise-63,16,0.032419,,1
OR.PA-press-noise-63,17,0.030532,,1
OR.PA-press-noise-63,18,0.037894,,1
OR.PA-press-noise-63,19,0.015363,,1
OR.PA-press-noise-63,20,0.005231,,1
OR.PA-press-noise-63,21,0.021348,,1
OR.PA-press-noise-63,22,0.023916,,1
OR.PA-press-noise-63,23,0.024453,,1
OR.PA-press-noise-63,24,0.030627,,1
OR.PA-press-noise-63,25,0.019048,,1
OR.PA-press-noise-63,26,0.028471,,1
OR.PA-press-noise-63,27,0.017695,,1
OR.PA-press-noise-63,28,0.036319,,1
OR.PA-press-noise-63,29,0.044761,,1
OR.PA-press-noise-63,30,0.057802,,1
OR.PA-press-noise-62,1,0.017862,,1
OR.PA-press-noise-62,2,0.037891,,1
OR.PA-press-noise-62,3,0.014168,,1
OR.PA-press-noise-62,4,0.02067,,1
OR.PA-press-noise-62,5,0.015194,,1
OR.PA-press-noise-62,6,-0.000677,,1
OR.PA-press-noise-62,7,-0.001011,,1
OR.PA-press-noise-62,8,0.010729,,1
OR.PA-press-noise-62,9,0.027789,,1
OR.PA-press-noise-62,10,0.021523,,1
OR.PA-press-noise-62,11,0.040007,,1
OR.PA-press-noise-62,12,0.030056,,1
OR.PA-press-noise-62,13,0.016645,,1
OR.PA-press-noise-62,14,0.025975,,1
OR.PA-press-noise-62,15,0.047562,,1
OR.PA-press-noise-62,16,0.055331,,1
OR.PA-press-noise-62,17,0.066235,,1
OR.PA-press-noise-62,18,0.062221,,1
OR.PA-press-noise-62,19,0.071422,,1
OR.PA-press-noise-62,20,0.076964,,1
OR.PA-press-noise-62,21,0.083246,,1
OR.PA-press-noise-62,22,0.065821,,1
OR.PA-press-noise-62,23,0.066611,,1
OR.PA-press-noise-62,24,0.057816,,1
OR.PA-press-noise-62,25,0.051788,,1
OR.PA-press-noise-62,26,0.049375,,1
OR.PA-press-noise-62,27,0.056211,,1
OR.PA-press-noise-62,28,0.033153,,1
OR.PA-press-noise-62,29,0.022495,,1
OR.PA-press-noise-62,30,0.038086,,1
OR.PA-press-noise-60,1,0.017862,,1
OR.PA-press-noise-60,2,0.037891,,1
OR.PA-press-noise-60,3,0.014168,,1
OR.PA-press-noise-60,4,0.02067,,1
OR.PA-press-noise-60,5,0.015194,,1
OR.PA-press-noise-60,6,-0.000677,,1
OR.PA-press-noise-60,7,-0.001011,,1
OR.PA-press-noise-60,8,0.010729,,1
OR.PA-press-noise-60,9,0.027789,,1
OR.PA-press-noise-60,10,0.021523,,1
OR.PA-press-noise-60,11,0.040007,,1
OR.PA-press-noise-60,12,0.030056,,1
OR.PA-press-noise-60,13,0.016645,,1
OR.PA-press-noise-60,14,0.025975,,1
OR.PA-press-noise-60,15,0.047562,,1
OR.PA-press-noise-60,16,0.055331,,1
OR.PA-press-noise-60,17,0.066235,,1
OR.PA-press-noise-60,18,0.062221,,1
OR.PA-press-noise-60,19,0.071422,,1
OR.PA-press-noise-60,20,0.076964,,1
OR.PA-press-noise-60,21,0.083246,,1
OR.PA-press-noise-60,22,0.065821,,1
OR.PA-press-noise-60,23,0.066611,,1
OR.PA-press-noise-60,24,0.057816,,1
OR.PA-press-noise-60,25,0.051788,,1
OR.PA-press-noise-60,26,0.049375,,1
OR.PA-press-noise-60,27,0.056211,,1
OR.PA-press-noise-60,28,0.033153,,1
OR.PA-press-noise-60,29,0.022495,,1
OR.PA-press-noise-60,30,0.038086,,1
OR.PA-press-noise-59,1,-0.02351,,1
OR.PA-press-noise-59,2,-0.011815,,1
OR.PA-press-noise-59,3,-0.044742,,1
OR.PA-press-noise-59,4,-0.07739,,1
OR.PA-press-noise-59,5,-0.08624,,1
OR.PA-press-noise-59,6,-0.068617,,1
OR.PA-press-noise-59,7,-0.048826,,1
OR.PA-press-noise-59,8,-0.072788,,1
OR.PA-press-noise-59,9,-0.066524,,1
OR.PA-press-noise-59,10,-0.072239,,1
OR.PA-press-noise-59,11,-0.088349,,1
OR.PA-press-noise-59,12,-0.088922,,1
OR.PA-press-noise-59,13,-0.077421,,1
OR.PA-press-noise-59,14,-0.060599,,1
OR.PA-press-noise-59,15,-0.067104,,1
OR.PA-press-noise-59,16,-0.048859,,1
OR.PA-press-noise-59,17,-0.059048,,1
OR.PA-press-noise-59,18,-0.072698,,1
OR.PA-press-noise-59,19,-0.063606,,1
OR.PA-press-noise-59,20,-0.042258,,1
OR.PA-press-noise-59,21,-0.034728,,1
OR.PA-press-noise-59,22,-0.024062,,1
OR.PA-press-noise-59,23,-0.028316,,1
OR.PA-press-noise-59,24,-0.019353,,1
OR.PA-press-noise-59,25,-0.01405,,1
OR.PA-press-noise-59,26,-0.008006,,1
OR.PA-press-noise-59,27,-0.02567,,1
OR.PA-press-noise-59,28,-0.025119,,1
OR.PA-press-noise-59,29,-0.034153,,1
OR.PA-press-noise-59,30,-0.040419,,1
OR.PA-press-noise-58,1,-0.02351,,1
OR.PA-press-noise-58,2,-0.011815,,1
OR.PA-press-noise-58,3,-0.044742,,1
OR.PA-press-noise-58,4,-0.07739,,1
OR.PA-press-noise-58,5,-0.08624,,1
OR.PA-press-noise-58,6,-0.068617,,1
OR.PA-press-noise-58,7,-0.048826,,1
OR.PA-press-noise-58,8,-0.072788,,1
OR.PA-press-noise-58,9,-0.066524,,1
OR.PA-press-noise-58,10,-0.072239,,1
OR.PA-press-noise-58,11,-0.088349,,1
OR.PA-press-noise-58,12,-0.088922,,1
OR.PA-press-noise-58,13,-0.077421,,1
OR.PA-press-noise-58,14,-0.060599,,1
OR.PA-press-noise-58,15,-0.067104,,1
OR.PA-press-noise-58,16,-0.048859,,1
OR.PA-press-noise-58,17,-0.059048,,1
OR.PA-press-noise-58,18,-0.072698,,1
OR.PA-press-noise-58,19,-0.063606,,1
OR.PA-press-noise-58,20,-0.042258,,1
OR.PA-press-noise-58,21,-0.034728,,1
OR.PA-press-noise-58,22,-0.024062,,1
OR.PA-press-noise-58,23,-0.028316,,1
OR.PA-press-noise-58,24,-0.019353,,1
OR.PA-press-noise-58,25,-0.01405,,1
OR.PA-press-noise-58,26,-0.008006,,1
OR.PA-press-noise-58,27,-0.02567,,1
OR.PA-press-noise-58,28,-0.025119,,1
OR.PA-press-noise-58,29,-0.034153,,1
OR.PA-press-noise-58,30,-0.040419,,1
OR.PA-press-noise-57,1,-0.02351,,1
OR.PA-press-noise-57,2,-0.011815,,1
OR.PA-press-noise-57,3,-0.044742,,1
OR.PA-press-noise-57,4,-0.07739,,1
OR.PA-press-noise-57,5,-0.08624,,1
OR.PA-press-noise-57,6,-0.068617,,1
OR.PA-press-noise-57,7,-0.048826,,1
OR.PA-press-noise-57,8,-0.072788,,1
OR.PA-press-noise-57,9,-0.066524,,1
OR.PA-press-noise-57,10,-0.072239,,1
OR.PA-press-noise-57,11,-0.088349,,1
OR.PA-press-noise-57,12,-0.088922,,1
OR.PA-press-noise-57,13,-0.077421,,1
OR.PA-press-noise-57,14,-0.060599,,1
OR.PA-press-noise-57,15,-0.067104,,1
OR.PA-press-noise-57,16,-0.048859,,1
OR.PA-press-noise-57,17,-0.059048,,1
OR.PA-press-noise-57,18,-0.072698,,1
OR.PA-press-noise-57,19,-0.063606,,1
OR.PA-press-noise-57,20,-0.042258,,1
OR.PA-press-noise-57,21,-0.034728,,1
OR.PA-press-noise-57,22,-0.024062,,1
OR.PA-press-noise-57,23,-0.028316,,1
OR.PA-press-noise-57,24,-0.019353,,1
OR.PA-press-noise-57,25,-0.01405,,1
OR.PA-press-noise-57,26,-0.008006,,1
OR.PA-press-noise-57,27,-0.02567,,1
OR.PA-press-noise-57,28,-0.025119,,1
OR.PA-press-noise-57,29,-0.034153,,1
OR.PA-press-noise-57,30,-0.040419,,1
OR.PA-press-noise-51,1,0.009282,,1
OR.PA-press-noise-51,2,0.003994,,1
OR.PA-press-noise-51,3,-0.015606,,1
OR.PA-press-noise-51,4,-0.007883,,1
OR.PA-press-noise-51,5,-0.019981,,1
OR.PA-press-noise-51,6,-0.02493,,1
OR.PA-press-noise-51,7,-0.023508,,1
OR.PA-press-noise-51,8,-0.018294,,1
OR.PA-press-noise-51,9,-0.009782,,1
OR.PA-press-noise-51,10,0.008494,,1
OR.PA-press-noise-51,11,0.003255,,1
OR.PA-press-noise-51,12,-0.008198,,1
OR.PA-press-noise-51,13,-0.009335,,1
OR.PA-press-noise-51,14,-0.003454,,1
OR.PA-press-noise-51,15,-0.009128,,1
OR.PA-press-noise-51,16,-0.006146,,1
OR.PA-press-noise-51,17,-0.002366,,1
OR.PA-press-noise-51,18,-0.008016,,1
OR.PA-press-noise-51,19,-0.022796,,1
OR.PA-press-noise-51,20,-0.017711,,1
OR.PA-press-noise-51,21,-0.025483,,1
OR.PA-press-noise-51,22,-0.022469,,1
OR.PA-press-noise-51,23,-0.031085,,1
OR.PA-press-noise-51,24,-0.022677,,1
OR.PA-press-noise-51,25,-0.024642,,1
OR.PA-press-noise-51,26,-0.013878,,1
OR.PA-press-noise-51,27,-0.015021,,1
OR.PA-press-noise-51,28,-0.014943,,1
OR.PA-press-noise-51,29,-0.010001,,1
OR.PA-press-noise-51,30,-0.010743,,1
OR.PA-press-noise-50,1,0.009282,,1
OR.PA-press-noise-50,2,0.003994,,1
OR.PA-press-noise-50,3,-0.015606,,1
OR.PA-press-noise-50,4,-0.007883,,1
OR.PA-press-noise-50,5,-0.019981,,1
OR.PA-press-noise-50,6,-0.02493,,1
OR.PA-press-noise-50,7,-0.023508,,1
OR.PA-press-noise-50,8,-0.018294,,1
OR.PA-press-noise-50,9,-0.009782,,1
OR.PA-press-noise-50,10,0.008494,,1
OR.PA-press-noise-50,11,0.003255,,1
OR.PA-press-noise-50,12,-0.008198,,1
OR.PA-press-noise-50,13,-0.009335,,1
OR.PA-press-noise-50,14,-0.003454,,1
OR.PA-press-noise-50,15,-0.009128,,1
OR.PA-press-noise-50,16,-0.006146,,1
OR.PA-press-noise-50,17,-0.002366,,1
OR.PA-press-noise-50,18,-0.008016,,1
OR.PA-press-noise-50,19,-0.022796,,1
OR.PA-press-noise-50,20,-0.017711,,1
OR.PA-press-noise-50,21,-0.025483,,1
OR.PA-press-noise-50,22,-0.022469,,1
OR.PA-press-noise-50,23,-0.031085,,1
OR.PA-press-noise-50,24,-0.022677,,1
OR.PA-press-noise-50,25,-0.024642,,1
OR.PA-press-noise-50,26,-0.013878,,1
OR.PA-press-noise-50,27,-0.015021,,1
OR.PA-press-noise-50,28,-0.014943,,1
OR.PA-press-noise-50,29,-0.010001,,1
OR.PA-press-noise-50,30,-0.010743,,1
OR.PA-press-noise-47,1,-0.007387,,1
OR.PA-press-noise-47,2,-0.01755,,1
OR.PA-press-noise-47,3,-0.011457,,1
OR.PA-press-noise-47,4,0.001748,,1
OR.PA-press-noise-47,5,-0.005184,,1
OR.PA-press-noise-47,6,0.00084,,1
OR.PA-press-noise-47,7,0.005945,,1
OR.PA-press-noise-47,8,0.004384,,1
OR.PA-press-noise-47,9,0.000146,,1
OR.PA-press-noise-47,10,0.00036,,1
OR.PA-press-noise-47,11,-0.016528,,1
OR.PA-press-noise-47,12,-0.009077,,1
OR.PA-press-noise-47,13,-0.002126,,1
OR.PA-press-noise-47,14,-0.002807,,1
OR.PA-press-noise-47,15,0.010759,,1
OR.PA-press-noise-47,16,0.001199,,1
OR.PA-press-noise-47,17,0.019552,,1
OR.PA-press-noise-47,18,0.024141,,1
OR.PA-press-noise-47,19,0.016467,,1
OR.PA-press-noise-47,20,0.021071,,1
OR.PA-press-noise-47,21,0.02391,,1
OR.PA-press-noise-47,22,0.04016,,1
OR.PA-press-noise-47,23,0.055309,,1
OR.PA-press-noise-47,24,0.051704,,1
OR.PA-press-noise-47,25,0.049791,,1
OR.PA-press-noise-47,26,0.052133,,1
OR.PA-press-noise-47,27,0.061236,,1
OR.PA-press-noise-47,28,0.050433,,1
OR.PA-press-noise-47,29,0.051074,,1
OR.PA-press-noise-47,30,0.066085,,1
OR.PA-press-noise-42,1,-0.007387,,1
OR.PA-press-noise-42,2,-0.01755,,1
OR.PA-press-noise-42,3,-0.011457,,1
OR.PA-press-noise-42,4,0.001748,,1
OR.PA-press-noise-42,5,-0.005184,,1
OR.PA-press-noise-42,6,0.00084,,1
OR.PA-press-noise-42,7,0.005945,,1
OR.PA-press-noise-42,8,0.004384,,1
OR.PA-press-noise-42,9,0.000146,,1
OR.PA-press-noise-42,10,0.00036,,1
OR.PA-press-noise-42,11,-0.016528,,1
OR.PA-press-noise-42,12,-0.009077,,1
OR.PA-press-noise-42,13,-0.002126,,1
OR.PA-press-noise-42,14,-0.002807,,1
OR.PA-press-noise-42,15,0.010759,,1
OR.PA-press-noise-42,16,0.001199,,1
OR.PA-press-noise-42,17,0.019552,,1
OR.PA-press-noise-42,18,0.024141,,1
OR.PA-press-noise-42,19,0.016467,,1
OR.PA-press-noise-42,20,0.021071,,1
OR.PA-press-noise-42,21,0.02391,,1
OR.PA-press-noise-42,22,0.04016,,1
OR.PA-press-noise-42,23,0.055309,,1
OR.PA-press-noise-42,24,0.051704,,1
OR.PA-press-noise-42,25,0.049791,,1
OR.PA-press-noise-42,26,0.052133,,1
OR.PA-press-noise-42,27,0.061236,,1
OR.PA-press-noise-42,28,0.050433,,1
OR.PA-press-noise-42,29,0.051074,,1
OR.PA-press-noise-42,30,0.066085,,1
OR.PA-press-noise-38,1,-0.007387,,1
OR.PA-press-noise-38,2,-0.01755,,1
OR.PA-press-noise-38,3,-0.011457,,1
OR.PA-press-noise-38,4,0.001748,,1
OR.PA-press-noise-38,5,-0.005184,,1
OR.PA-press-noise-38,6,0.00084,,1
OR.PA-press-noise-38,7,0.005945,,1
OR.PA-press-noise-38,8,0.004384,,1
OR.PA-press-noise-38,9,0.000146,,1
OR.PA-press-noise-38,10,0.00036,,1
OR.PA-press-noise-38,11,-0.016528,,1
OR.PA-press-noise-38,12,-0.009077,,1
OR.PA-press-noise-38,13,-0.002126,,1
OR.PA-press-noise-38,14,-0.002807,,1
OR.PA-press-noise-38,15,0.010759,,1
OR.PA-press-noise-38,16,0.001199,,1
OR.PA-press-noise-38,17,0.019552,,1
OR.PA-press-noise-38,18,0.024141,,1
OR.PA-press-noise-38,19,0.016467,,1
OR.PA-press-noise-38,20,0.021071,,1
OR.PA-press-noise-38,21,0.02391,,1
OR.PA-press-noise-38,22,0.04016,,1
OR.PA-press-noise-38,23,0.055309,,1
OR.PA-press-noise-38,24,0.051704,,1
OR.PA-press-noise-38,25,0.049791,,1
OR.PA-press-noise-38,26,0.052133,,1
OR.PA-press-noise-38,27,0.061236,,1
OR.PA-press-noise-38,28,0.050433,,1
OR.PA-press-noise-38,29,0.051074,,1
OR.PA-press-noise-38,30,0.066085,,1
OR.PA-press-noise-34,1,-0.007387,,1
OR.PA-press-noise-34,2,-0.01755,,1
OR.PA-press-noise-34,3,-0.011457,,1
OR.PA-press-noise-34,4,0.001748,,1
OR.PA-press-noise-34,5,-0.005184,,1
OR.PA-press-noise-34,6,0.00084,,1
OR.PA-press-noise-34,7,0.005945,,1
OR.PA-press-noise-34,8,0.004384,,1
OR.PA-press-noise-34,9,0.000146,,1
OR.PA-press-noise-34,10,0.00036,,1
OR.PA-press-noise-34,11,-0.016528,,1
OR.PA-press-noise-34,12,-0.009077,,1
OR.PA-press-noise-34,13,-0.002126,,1
OR.PA-press-noise-34,14,-0.002807,,1
OR.PA-press-noise-34,15,0.010759,,1
OR.PA-press-noise-34,16,0.001199,,1
OR.PA-press-noise-34,17,0.019552,,1
OR.PA-press-noise-34,18,0.024141,,1
OR.PA-press-noise-34,19,0.016467,,1
OR.PA-press-noise-34,20,0.021071,,1
OR.PA-press-noise-34,21,0.02391,,1
OR.PA-press-noise-34,22,0.04016,,1
OR.PA-press-noise-34,23,0.055309,,1
OR.PA-press-noise-34,24,0.051704,,1
OR.PA-press-noise-34,25,0.049791,,1
OR.PA-press-noise-34,26,0.052133,,1
OR.PA-press-noise-34,27,0.061236,,1
OR.PA-press-noise-34,28,0.050433,,1
OR.PA-press-noise-34,29,0.051074,,1
OR.PA-press-noise-34,30,0.066085,,1
OR.PA-press-noise-30,1,-0.007387,,1
OR.PA-press-noise-30,2,-0.01755,,1
OR.PA-press-noise-30,3,-0.011457,,1
OR.PA-press-noise-30,4,0.001748,,1
OR.PA-press-noise-30,5,-0.005184,,1
OR.PA-press-noise-30,6,0.00084,,1
OR.PA-press-noise-30,7,0.005945,,1
OR.PA-press-noise-30,8,0.004384,,1
OR.PA-press-noise-30,9,0.000146,,1
OR.PA-press-noise-30,10,0.00036,,1
OR.PA-press-noise-30,11,-0.016528,,1
OR.PA-press-noise-30,12,-0.009077,,1
OR.PA-press-noise-30,13,-0.002126,,1
OR.PA-press-noise-30,14,-0.002807,,1
OR.PA-press-noise-30,15,0.010759,,1
OR.PA-press-noise-30,16,0.001199,,1
OR.PA-press-noise-30,17,0.019552,,1
OR.PA-press-noise-30,18,0.024141,,1
OR.PA-press-noise-30,19,0.016467,,1
OR.PA-press-noise-30,20,0.021071,,1
OR.PA-press-noise-30,21,0.02391,,1
OR.PA-press-noise-30,22,0.04016,,1
OR.PA-press-noise-30,23,0.055309,,1
OR.PA-press-noise-30,24,0.051704,,1
OR.PA-press-noise-30,25,0.049791,,1
OR.PA-press-noise-30,26,0.052133,,1
OR.PA-press-noise-30,27,0.061236,,1
OR.PA-press-noise-30,28,0.050433,,1
OR.PA-press-noise-30,29,0.051074,,1
OR.PA-press-noise-30,30,0.066085,,1
OR.PA-press-noise-18,1,0.015041,,1
OR.PA-press-noise-18,2,0.007672,,1
OR.PA-press-noise-18,3,-0.002472,,1
OR.PA-press-noise-18,4,0.003639,,1
OR.PA-press-noise-18,5,0.016862,,1
OR.PA-press-noise-18,6,0.009949,,1
OR.PA-press-noise-18,7,0.015991,,1
OR.PA-press-noise-18,8,0.021114,,1
OR.PA-press-noise-18,9,0.019571,,1
OR.PA-press-noise-18,10,0.015352,,1
OR.PA-press-noise-18,11,0.015584,,1
OR.PA-press-noise-18,12,-0.001285,,1
OR.PA-press-noise-18,13,0.006184,,1
OR.PA-press-noise-18,14,0.013154,,1
OR.PA-press-noise-18,15,0.012491,,1
OR.PA-press-noise-18,16,0.026075,,1
OR.PA-press-noise-18,17,0.016534,,1
OR.PA-press-noise-18,18,0.034905,,1
OR.PA-press-noise-18,19,0.039512,,1
OR.PA-press-noise-18,20,0.031857,,1
OR.PA-press-noise-18,21,0.036479,,1
OR.PA-press-noise-18,22,0.039336,,1
OR.PA-press-noise-18,23,0.055604,,1
OR.PA-press-noise-18,24,0.070772,,1
OR.PA-press-noise-18,25,0.067185,,1
OR.PA-press-noise-18,26,0.06529,,1
OR.PA-press-noise-18,27,0.067651,,1
OR.PA-press-noise-18,28,0.076772,,1
OR.PA-press-noise-18,29,0.065988,,1
OR.PA-press-noise-18,30,0.066646,,1
OR.PA-press-noise-13,1,0.01117,,1
OR.PA-press-noise-13,2,0.026239,,1
OR.PA-press-noise-13,3,0.018898,,1
OR.PA-press-noise-13,4,0.008782,,1
OR.PA-press-noise-13,5,0.014921,,1
OR.PA-press-noise-13,6,0.028171,,1
OR.PA-press-noise-13,7,0.021286,,1
OR.PA-press-noise-13,8,0.027356,,1
OR.PA-press-noise-13,9,0.032507,,1
OR.PA-press-noise-13,10,0.030992,,1
OR.PA-press-noise-13,11,0.0268,,1
OR.PA-press-noise-13,12,0.027061,,1
OR.PA-press-noise-13,13,0.010219,,1
OR.PA-press-noise-13,14,0.017716,,1
OR.PA-press-noise-13,15,0.024714,,1
OR.PA-press-noise-13,16,0.024078,,1
OR.PA-press-noise-13,17,0.03769,,1
OR.PA-press-noise-13,18,0.028177,,1
OR.PA-press-noise-13,19,0.046576,,1
OR.PA-press-noise-13,20,0.051211,,1
OR.PA-press-noise-13,21,0.043584,,1
OR.PA-press-noise-13,22,0.048234,,1
OR.PA-press-noise-13,23,0.051119,,1
OR.PA-press-noise-13,24,0.067415,,1
OR.PA-press-noise-13,25,0.082611,,1
OR.PA-press-noise-13,26,0.079052,,1
OR.PA-press-noise-13,27,0.077184,,1
OR.PA-press-noise-13,28,0.079573,,1
OR.PA-press-noise-13,29,0.088722,,1
OR.PA-press-noise-13,30,0.077966,,1
OR.PA-press-noise-9,1,0.01117,,1
OR.PA-press-noise-9,2,0.026239,,1
OR.PA-press-noise-9,3,0.018898,,1
OR.PA-press-noise-9,4,0.008782,,1
OR.PA-press-noise-9,5,0.014921,,1
OR.PA-press-noise-9,6,0.028171,,1
OR.PA-press-noise-9,7,0.021286,,1
OR.PA-press-noise-9,8,0.027356,,1
OR.PA-press-noise-9,9,0.032507,,1
OR.PA-press-noise-9,10,0.030992,,1
OR.PA-press-noise-9,11,0.0268,,1
OR.PA-press-noise-9,12,0.027061,,1
OR.PA-press-noise-9,13,0.010219,,1
OR.PA-press-noise-9,14,0.017716,,1
OR.PA-press-noise-9,15,0.024714,,1
OR.PA-press-noise-9,16,0.024078,,1
OR.PA-press-noise-9,17,0.03769,,1
OR.PA-press-noise-9,18,0.028177,,1
OR.PA-press-noise-9,19,0.046576,,1
OR.PA-press-noise-9,20,0.051211,,1
OR.PA-press-noise-9,21,0.043584,,1
OR.PA-press-noise-9,22,0.048234,,1
OR.PA-press-noise-9,23,0.051119,,1
OR.PA-press-noise-9,24,0.067415,,1
OR.PA-press-noise-9,25,0.082611,,1
OR.PA-press-noise-9,26,0.079052,,1
OR.PA-press-noise-9,27,0.077184,,1
OR.PA-press-noise-9,28,0.079573,,1
OR.PA-press-noise-9,29,0.088722,,1
OR.PA-press-noise-9,30,0.077966,,1
OR.PA-press-noise-8,1,0.01117,,1
OR.PA-press-noise-8,2,0.026239,,1
OR.PA-press-noise-8,3,0.018898,,1
OR.PA-press-noise-8,4,0.008782,,1
OR.PA-press-noise-8,5,0.014921,,1
OR.PA-press-noise-8,6,0.028171,,1
OR.PA-press-noise-8,7,0.021286,,1
OR.PA-press-noise-8,8,0.027356,,1
OR.PA-press-noise-8,9,0.032507,,1
OR.PA-press-noise-8,10,0.030992,,1
OR.PA-press-noise-8,11,0.0268,,1
OR.PA-press-noise-8,12,0.027061,,1
OR.PA-press-noise-8,13,0.010219,,1
OR.PA-press-noise-8,14,0.017716,,1
OR.PA-press-noise-8,15,0.024714,,1
OR.PA-press-noise-8,16,0.024078,,1
OR.PA-press-noise-8,17,0.03769,,1
OR.PA-press-noise-8,18,0.028177,,1
OR.PA-press-noise-8,19,0.046576,,1
OR.PA-press-noise-8,20,0.051211,,1
OR.PA-press-noise-8,21,0.043584,,1
OR.PA-press-noise-8,22,0.048234,,1
OR.PA-press-noise-8,23,0.051119,,1
OR.PA-press-noise-8,24,0.067415,,1
OR.PA-press-noise-8,25,0.082611,,1
OR.PA-press-noise-8,26,0.079052,,1
OR.PA-press-noise-8,27,0.077184,,1
OR.PA-press-noise-8,28,0.079573,,1
OR.PA-press-noise-8,29,0.088722,,1
OR.PA-press-noise-8,30,0.077966,,1
OR.PA-press-noise-5,1,0.01117,,1
OR.PA-press-noise-5,2,0.026239,,1
OR.PA-press-noise-5,3,0.018898,,1
OR.PA-press-noise-5,4,0.008782,,1
OR.PA-press-noise-5,5,0.014921,,1
OR.PA-press-noise-5,6,0.028171,,1
OR.PA-press-noise-5,7,0.021286,,1
OR.PA-press-noise-5,8,0.027356,,1
OR.PA-press-noise-5,9,0.032507,,1
OR.PA-press-noise-5,10,0.030992,,1
OR.PA-press-noise-5,11,0.0268,,1
OR.PA-press-noise-5,12,0.027061,,1
OR.PA-press-noise-5,13,0.010219,,1
OR.PA-press-noise-5,14,0.017716,,1
OR.PA-press-noise-5,15,0.024714,,1
OR.PA-press-noise-5,16,0.024078,,1
OR.PA-press-noise-5,17,0.03769,,1
OR.PA-press-noise-5,18,0.028177,,1
OR.PA-press-noise-5,19,0.046576,,1
OR.PA-press-noise-5,20,0.051211,,1
OR.PA-press-noise-5,21,0.043584,,1
OR.PA-press-noise-5,22,0.048234,,1
OR.PA-press-noise-5,23,0.051119,,1
OR.PA-press-noise-5,24,0.067415,,1
OR.PA-press-noise-5,25,0.082611,,1
OR.PA-press-noise-5,26,0.079052,,1
OR.PA-press-noise-5,27,0.077184,,1
OR.PA-press-noise-5,28,0.079573,,1
OR.PA-press-noise-5,29,0.088722,,1
OR.PA-press-noise-5,30,0.077966,,1
OR.PA-press-noise-4,1,0.01117,,1
OR.PA-press-noise-4,2,0.026239,,1
OR.PA-press-noise-4,3,0.018898,,1
OR.PA-press-noise-4,4,0.008782,,1
OR.PA-press-noise-4,5,0.014921,,1
OR.PA-press-noise-4,6,0.028171,,1
OR.PA-press-noise-4,7,0.021286,,1
OR.PA-press-noise-4,8,0.027356,,1
OR.PA-press-noise-4,9,0.032507,,1
OR.PA-press-noise-4,10,0.030992,,1
OR.PA-press-noise-4,11,0.0268,,1
OR.PA-press-noise-4,12,0.027061,,1
OR.PA-press-noise-4,13,0.010219,,1
OR.PA-press-noise-4,14,0.017716,,1
OR.PA-press-noise-4,15,0.024714,,1
OR.PA-press-noise-4,16,0.024078,,1
OR.PA-press-noise-4,17,0.03769,,1
OR.PA-press-noise-4,18,0.028177,,1
OR.PA-press-noise-4,19,0.046576,,1
OR.PA-press-noise-4,20,0.051211,,1
OR.PA-press-noise-4,21,0.043584,,1
OR.PA-press-noise-4,22,0.048234,,1
OR.PA-press-noise-4,23,0.051119,,1
OR.PA-press-noise-4,24,0.067415,,1
OR.PA-press-noise-4,25,0.082611,,1
OR.PA-press-noise-4,26,0.079052,,1
OR.PA-press-noise-4,27,0.077184,,1
OR.PA-press-noise-4,28,0.079573,,1
OR.PA-press-noise-4,29,0.088722,,1
OR.PA-press-noise-4,30,0.077966,,1
OR.PA-press-noise-1,1,0.01117,,1
OR.PA-press-noise-1,2,0.026239,,1
OR.PA-press-noise-1,3,0.018898,,1
OR.PA-press-noise-1,4,0.008782,,1
OR.PA-press-noise-1,5,0.014921,,1
OR.PA-press-noise-1,6,0.028171,,1
OR.PA-press-noise-1,7,0.021286,,1
OR.PA-press-noise-1,8,0.027356,,1
OR.PA-press-noise-1,9,0.032507,,1
OR.PA-press-noise-1,10,0.030992,,1
OR.PA-press-noise-1,11,0.0268,,1
OR.PA-press-noise-1,12,0.027061,,1
OR.PA-press-noise-1,13,0.010219,,1
OR.PA-press-noise-1,14,0.017716,,1
OR.PA-press-noise-1,15,0.024714,,1
OR.PA-press-noise-1,16,0.024078,,1
OR.PA-press-noise-1,17,0.03769,,1
OR.PA-press-noise-1,18,0.028177,,1
OR.PA-press-noise-1,19,0.046576,,1
OR.PA-press-noise-1,20,0.051211,,1
OR.PA-press-noise-1,21,0.043584,,1
OR.PA-press-noise-1,22,0.048234,,1
OR.PA-press-noise-1,23,0.051119,,1
OR.PA-press-noise-1,24,0.067415,,1
OR.PA-press-noise-1,25,0.082611,,1
OR.PA-press-noise-1,26,0.079052,,1
OR.PA-press-noise-1,27,0.077184,,1
OR.PA-press-noise-1,28,0.079573,,1
OR.PA-press-noise-1,29,0.088722,,1
OR.PA-press-noise-1,30,0.077966,,1
OR.PA-press-0,1,0.004663,0.0,4
OR.PA-press-0,2,0.002665,0.0,4
OR.PA-press-0,3,0.001637,0.0,4
OR.PA-press-0,4,0.010843,0.0,4
OR.PA-press-0,5,0.009271,0.0,4
OR.PA-press-0,6,0.014027,0.0,4
OR.PA-press-0,7,0.012048,0.0,4
OR.PA-press-0,8,0.007445,0.0,4
OR.PA-press-0,9,0.006697,0.0,4
OR.PA-press-0,10,-0.015148,0.0,4
OR.PA-press-0,11,0.003123,0.0,4
OR.PA-press-0,12,1.2e-05,0.0,4
OR.PA-press-0,13,-0.019139,0.0,4
OR.PA-press-0,14,-0.036063,0.0,4
OR.PA-press-0,15,-0.048449,0.0,4
OR.PA-press-0,16,-0.046611,0.0,4
OR.PA-press-0,17,-0.061489,0.0,4
OR.PA-press-0,18,-0.042219,0.0,4
OR.PA-press-0,19,-0.051454,0.0,4
OR.PA-press-0,20,-0.045674,0.0,4
OR.PA-press-0,21,-0.050544,0.0,4
OR.PA-press-0,22,-0.051771,0.0,4
OR.PA-press-0,23,-0.041055,0.0,4
OR.PA-press-0,24,-0.020759,0.0,4
OR.PA-press-0,25,-0.032806,0.0,4
OR.PA-press-0,26,-0.042675,0.0,4
OR.PA-press-0,27,-0.048695,0.0,4
OR.PA-press-0,28,-0.059606,0.0,4
OR.PA-press-0,29,-0.077518,0.0,4
OR.PA-press-0,30,-0.074577,0.0,4
OR.PA-press-1,1,0.004663,,1
OR.PA-press-1,2,0.002665,,1
OR.PA-press-1,3,0.001637,,1
OR.PA-press-1,4,0.010843,,1
OR.PA-press-1,5,0.009271,,1
OR.PA-press-1,6,0.014027,,1
OR.PA-press-1,7,0.012048,,1
OR.PA-press-1,8,0.007445,,1
OR.PA-press-1,9,0.006697,,1
OR.PA-press-1,10,-0.015148,,1
OR.PA-press-1,11,0.003123,,1
OR.PA-press-1,12,1.2e-05,,1
OR.PA-press-1,13,-0.019139,,1
OR.PA-press-1,14,-0.036063,,1
OR.PA-press-1,15,-0.048449,,1
OR.PA-press-1,16,-0.046611,,1
OR.PA-press-1,17,-0.061489,,1
OR.PA-press-1,18,-0.042219,,1
OR.PA-press-1,19,-0.051454,,1
OR.PA-press-1,20,-0.045674,,1
OR.PA-press-1,21,-0.050544,,1
OR.PA-press-1,22,-0.051771,,1
OR.PA-press-1,23,-0.041055,,1
OR.PA-press-1,24,-0.020759,,1
OR.PA-press-1,25,-0.032806,,1
OR.PA-press-1,26,-0.042675,,1
OR.PA-press-1,27,-0.048695,,1
OR.PA-press-1,28,-0.059606,,1
OR.PA-press-1,29,-0.077518,,1
OR.PA-press-1,30,-0.074577,,1
OR.PA-press-4,1,-0.000874,,1
OR.PA-press-4,2,-0.016791,,1
OR.PA-press-4,3,-0.004597,,1
OR.PA-press-4,4,-0.00209,,1
OR.PA-press-4,5,-0.050047,,1
OR.PA-press-4,6,-0.060997,,1
OR.PA-press-4,7,-0.063959,,1
OR.PA-press-4,8,-0.08002,,1
OR.PA-press-4,9,-0.050748,,1
OR.PA-press-4,10,-0.067627,,1
OR.PA-press-4,11,-0.072843,,1
OR.PA-press-4,12,-0.06327,,1
OR.PA-press-4,13,-0.068161,,1
OR.PA-press-4,14,-0.059245,,1
OR.PA-press-4,15,-0.075291,,1
OR.PA-press-4,16,-0.065729,,1
OR.PA-press-4,17,-0.062754,,1
OR.PA-press-4,18,-0.012505,,1
OR.PA-press-4,19,-0.019293,,1
OR.PA-press-4,20,-0.007398,,1
OR.PA-press-4,21,0.011743,,1
OR.PA-press-4,22,0.00676,,1
OR.PA-press-4,23,0.015038,,1
OR.PA-press-4,24,0.012667,,1
OR.PA-press-4,25,0.03001,,1
OR.PA-press-4,26,0.038586,,1
OR.PA-press-4,27,0.062698,,1
OR.PA-press-4,28,0.052999,,1
OR.PA-press-4,29,0.033708,,1
OR.PA-press-4,30,0.042873,,1
OR.PA-press-5,1,0.061117,0.0,3
OR.PA-press-5,2,0.091189,0.0,3
OR.PA-press-5,3,0.107856,0.0,3
OR.PA-press-5,4,0.090357,0.0,3
OR.PA-press-5,5,0.103615,0.0,3
OR.PA-press-5,6,0.126541,0.0,3
OR.PA-press-5,7,0.123945,0.0,3
OR.PA-press-5,8,0.140078,0.0,3
OR.PA-press-5,9,0.149211,0.0,3
OR.PA-press-5,10,0.126495,0.0,3
OR.PA-press-5,11,0.108743,0.0,3
OR.PA-press-5,12,0.111261,0.0,3
OR.PA-press-5,13,0.131944,0.0,3
OR.PA-press-5,14,0.161118,0.0,3
OR.PA-press-5,15,0.136989,0.0,3
OR.PA-press-5,16,0.103847,0.0,3
OR.PA-press-5,17,0.115306,0.0,3
OR.PA-press-5,18,0.107165,0.0,3
OR.PA-press-5,19,0.119643,0.0,3
OR.PA-press-5,20,0.12621,0.0,3
OR.PA-press-5,21,0.137676,0.0,3
OR.PA-press-5,22,0.122762,0.0,3
OR.PA-press-5,23,0.104678,0.0,3
OR.PA-press-5,24,0.107608,0.0,3
OR.PA-press-5,25,0.105854,0.0,3
OR.PA-press-5,26,0.08705,0.0,3
OR.PA-press-5,27,0.086079,0.0,3
OR.PA-press-5,28,0.103126,0.0,3
OR.PA-press-5,29,0.099479,0.0,3
OR.PA-press-5,30,0.109252,0.0,3
OR.PA-press-6,1,-0.035159,,1
OR.PA-press-6,2,-0.028858,,1
OR.PA-press-6,3,-0.031192,,1
OR.PA-press-6,4,-0.052225,,1
OR.PA-press-6,5,-0.026791,,1
OR.PA-press-6,6,-0.022698,,1
OR.PA-press-6,7,-0.022834,,1
OR.PA-press-6,8,-0.025455,,1
OR.PA-press-6,9,-0.047806,,1
OR.PA-press-6,10,-0.035163,,1
OR.PA-press-6,11,-0.010302,,1
OR.PA-press-6,12,-0.004662,,1
OR.PA-press-6,13,-0.003778,,1
OR.PA-press-6,14,0.005125,,1
OR.PA-press-6,15,0.004725,,1
OR.PA-press-6,16,0.013858,,1
OR.PA-press-6,17,0.031735,,1
OR.PA-press-6,18,0.02969,,1
OR.PA-press-6,19,0.048293,,1
OR.PA-press-6,20,0.053012,,1
OR.PA-press-6,21,0.036662,,1
OR.PA-press-6,22,0.051219,,1
OR.PA-press-6,23,0.029209,,1
OR.PA-press-6,24,0.012393,,1
OR.PA-press-6,25,0.027039,,1
OR.PA-press-6,26,0.061317,,1
OR.PA-press-6,27,0.052753,,1
OR.PA-press-6,28,0.044794,,1
OR.PA-press-6,29,0.050109,,1
OR.PA-press-6,30,0.047532,,1
OR.PA-press-7,1,0.061117,0.0,3
OR.PA-press-7,2,0.091189,0.0,3
OR.PA-press-7,3,0.107856,0.0,3
OR.PA-press-7,4,0.090357,0.0,3
OR.PA-press-7,5,0.103615,0.0,3
OR.PA-press-7,6,0.126541,0.0,3
OR.PA-press-7,7,0.123945,0.0,3
OR.PA-press-7,8,0.140078,0.0,3
OR.PA-press-7,9,0.149211,0.0,3
OR.PA-press-7,10,0.126495,0.0,3
OR.PA-press-7,11,0.108743,0.0,3
OR.PA-press-7,12,0.111261,0.0,3
OR.PA-press-7,13,0.131944,0.0,3
OR.PA-press-7,14,0.161118,0.0,3
OR.PA-press-7,15,0.136989,0.0,3
OR.PA-press-7,16,0.103847,0.0,3
OR.PA-press-7,17,0.115306,0.0,3
OR.PA-press-7,18,0.107165,0.0,3
OR.PA-press-7,19,0.119643,0.0,3
OR.PA-press-7,20,0.12621,0.0,3
OR.PA-press-7,21,0.137676,0.0,3
OR.PA-press-7,22,0.122762,0.0,3
OR.PA-press-7,23,0.104678,0.0,3
OR.PA-press-7,24,0.107608,0.0,3
OR.PA-press-7,25,0.105854,0.0,3
OR.PA-press-7,26,0.08705,0.0,3
OR.PA-press-7,27,0.086079,0.0,3
OR.PA-press-7,28,0.103126,0.0,3
OR.PA-press-7,29,0.099479,0.0,3
OR.PA-press-7,30,0.109252,0.0,3
OR.PA-press-8,1,0.061117,0.0,3
OR.PA-press-8,2,0.091189,0.0,3
OR.PA-press-8,3,0.107856,0.0,3
OR.PA-press-8,4,0.090357,0.0,3
OR.PA-press-8,5,0.103615,0.0,3
OR.PA-press-8,6,0.126541,0.0,3
OR.PA-press-8,7,0.123945,0.0,3
OR.PA-press-8,8,0.140078,0.0,3
OR.PA-press-8,9,0.149211,0.0,3
OR.PA-press-8,10,0.126495,0.0,3
OR.PA-press-8,11,0.108743,0.0,3
OR.PA-press-8,12,0.111261,0.0,3
OR.PA-press-8,13,0.131944,0.0,3
OR.PA-press-8,14,0.161118,0.0,3
OR.PA-press-8,15,0.136989,0.0,3
OR.PA-press-8,16,0.103847,0.0,3
OR.PA-press-8,17,0.115306,0.0,3
OR.PA-press-8,18,0.107165,0.0,3
OR.PA-press-8,19,0.119643,0.0,3
OR.PA-press-8,20,0.12621,0.0,3
OR.PA-press-8,21,0.137676,0.0,3
OR.PA-press-8,22,0.122762,0.0,3
OR.PA-press-8,23,0.104678,0.0,3
OR.PA-press-8,24,0.107608,0.0,3
OR.PA-press-8,25,0.105854,0.0,3
OR.PA-press-8,26,0.08705,0.0,3
OR.PA-press-8,27,0.086079,0.0,3
OR.PA-press-8,28,0.103126,0.0,3
OR.PA-press-8,29,0.099479,0.0,3
OR.PA-press-8,30,0.109252,0.0,3
OR.PA-press-9,1,0.061117,0.0,3
OR.PA-press-9,2,0.091189,0.0,3
OR.PA-press-9,3,0.107856,0.0,3
OR.PA-press-9,4,0.090357,0.0,3
OR.PA-press-9,5,0.103615,0.0,3
OR.PA-press-9,6,0.126541,0.0,3
OR.PA-press-9,7,0.123945,0.0,3
OR.PA-press-9,8,0.140078,0.0,3
OR.PA-press-9,9,0.149211,0.0,3
OR.PA-press-9,10,0.126495,0.0,3
OR.PA-press-9,11,0.108743,0.0,3
OR.PA-press-9,12,0.111261,0.0,3
OR.PA-press-9,13,0.131944,0.0,3
OR.PA-press-9,14,0.161118,0.0,3
OR.PA-press-9,15,0.136989,0.0,3
OR.PA-press-9,16,0.103847,0.0,3
OR.PA-press-9,17,0.115306,0.0,3
OR.PA-press-9,18,0.107165,0.0,3
OR.PA-press-9,19,0.119643,0.0,3
OR.PA-press-9,20,0.12621,0.0,3
OR.PA-press-9,21,0.137676,0.0,3
OR.PA-press-9,22,0.122762,0.0,3
OR.PA-press-9,23,0.104678,0.0,3
OR.PA-press-9,24,0.107608,0.0,3
OR.PA-press-9,25,0.105854,0.0,3
OR.PA-press-9,26,0.08705,0.0,3
OR.PA-press-9,27,0.086079,0.0,3
OR.PA-press-9,28,0.103126,0.0,3
OR.PA-press-9,29,0.099479,0.0,3
OR.PA-press-9,30,0.109252,0.0,3
OR.PA-press-10,1,-0.010152,0.0,2
OR.PA-press-10,2,-0.018418,0.0,2
OR.PA-press-10,3,-0.007017,0.0,2
OR.PA-press-10,4,-0.007706,0.0,2
OR.PA-press-10,5,-0.010161,0.0,2
OR.PA-press-10,6,0.001963,0.0,2
OR.PA-press-10,7,-0.00368,0.0,2
OR.PA-press-10,8,-0.008804,0.0,2
OR.PA-press-10,9,-0.013247,0.0,2
OR.PA-press-10,10,-0.007333,0.0,2
OR.PA-press-10,11,0.000633,0.0,2
OR.PA-press-10,12,0.016878,0.0,2
OR.PA-press-10,13,-0.001292,0.0,2
OR.PA-press-10,14,0.014465,0.0,2
OR.PA-press-10,15,0.00609,0.0,2
OR.PA-press-10,16,-0.009462,0.0,2
OR.PA-press-10,17,0.011104,0.0,2
OR.PA-press-10,18,0.008568,0.0,2
OR.PA-press-10,19,-0.003155,0.0,2
OR.PA-press-10,20,0.000856,0.0,2
OR.PA-press-10,21,-0.01014,0.0,2
OR.PA-press-10,22,-0.004435,0.0,2
OR.PA-press-10,23,-0.007123,0.0,2
OR.PA-press-10,24,0.004219,0.0,2
OR.PA-press-10,25,0.035003,0.0,2
OR.PA-press-10,26,0.050994,0.0,2
OR.PA-press-10,27,0.045903,0.0,2
OR.PA-press-10,28,0.049731,0.0,2
OR.PA-press-10,29,0.07685,0.0,2
OR.PA-press-10,30,0.093421,0.0,2
OR.PA-press-12,1,-0.007387,0.0,4
OR.PA-press-12,2,-0.01755,0.0,4
OR.PA-press-12,3,-0.011457,0.0,4
OR.PA-press-12,4,0.001748,0.0,4
OR.PA-press-12,5,-0.005184,0.0,4
OR.PA-press-12,6,0.00084,0.0,4
OR.PA-press-12,7,0.005945,0.0,4
OR.PA-press-12,8,0.004384,0.0,4
OR.PA-press-12,9,0.000146,0.0,4
OR.PA-press-12,10,0.00036,0.0,4
OR.PA-press-12,11,-0.016528,0.0,4
OR.PA-press-12,12,-0.009077,0.0,4
OR.PA-press-12,13,-0.002126,0.0,4
OR.PA-press-12,14,-0.002807,0.0,4
OR.PA-press-12,15,0.010759,0.0,4
OR.PA-press-12,16,0.001199,0.0,4
OR.PA-press-12,17,0.019552,0.0,4
OR.PA-press-12,18,0.024141,0.0,4
OR.PA-press-12,19,0.016467,0.0,4
OR.PA-press-12,20,0.021071,0.0,4
OR.PA-press-12,21,0.02391,0.0,4
OR.PA-press-12,22,0.04016,0.0,4
OR.PA-press-12,23,0.055309,0.0,4
OR.PA-press-12,24,0.051704,0.0,4
OR.PA-press-12,25,0.049791,0.0,4
OR.PA-press-12,26,0.052133,0.0,4
OR.PA-press-12,27,0.061236,0.0,4
OR.PA-press-12,28,0.050433,0.0,4
OR.PA-press-12,29,0.051074,0.0,4
OR.PA-press-12,30,0.066085,0.0,4
OR.PA-press-13,1,-0.001202,0.006186,3
OR.PA-press-13,2,-0.002953,0.014596,3
OR.PA-press-13,3,-0.001339,0.010118,3
OR.PA-press-13,4,0.004092,0.002345,3
OR.PA-press-13,5,0.001518,0.006702,3
OR.PA-press-13,6,0.009951,0.00911,3
OR.PA-press-13,7,0.011058,0.005114,3
OR.PA-press-13,8,0.012041,0.007658,3
OR.PA-press-13,9,0.010933,0.010787,3
OR.PA-press-13,10,0.010571,0.010211,3
OR.PA-press-13,11,-0.002085,0.014443,3
OR.PA-press-13,12,0.002969,0.012046,3
OR.PA-press-13,13,0.001989,0.004115,3
OR.PA-press-13,14,0.004034,0.006841,3
OR.PA-press-13,15,0.01541,0.004652,3
OR.PA-press-13,16,0.008826,0.007626,3
OR.PA-press-13,17,0.025598,0.006046,3
OR.PA-press-13,18,0.025486,0.001345,3
OR.PA-press-13,19,0.026503,0.010036,3
OR.PA-press-13,20,0.031118,0.010047,3
OR.PA-press-13,21,0.030468,0.006558,3
OR.PA-press-13,22,0.042851,0.002691,3
OR.PA-press-13,23,0.053913,0.001397,3
OR.PA-press-13,24,0.056941,0.005237,3
OR.PA-press-13,25,0.060731,0.01094,3
OR.PA-press-13,26,0.061106,0.008973,3
OR.PA-press-13,27,0.066552,0.005316,3
OR.PA-press-13,28,0.060147,0.009713,3
OR.PA-press-13,29,0.063623,0.012549,3
OR.PA-press-13,30,0.070045,0.00396,3
OR.PA-press-14,1,0.012035,,1
OR.PA-press-14,2,0.020689,,1
OR.PA-press-14,3,0.028429,,1
OR.PA-press-14,4,0.00952,,1
OR.PA-press-14,5,-0.004697,,1
OR.PA-press-14,6,-0.010327,,1
OR.PA-press-14,7,-0.024054,,1
OR.PA-press-14,8,0.000345,,1
OR.PA-press-14,9,-0.008924,,1
OR.PA-press-14,10,-0.003772,,1
OR.PA-press-14,11,-0.011468,,1
OR.PA-press-14,12,0.001599,,1
OR.PA-press-14,13,0.020679,,1
OR.PA-press-14,14,0.02565,,1
OR.PA-press-14,15,0.008014,,1
OR.PA-press-14,16,0.002357,,1
OR.PA-press-14,17,-0.002598,,1
OR.PA-press-14,18,-0.003923,,1
OR.PA-press-14,19,-0.012932,,1
OR.PA-press-14,20,-0.021149,,1
OR.PA-press-14,21,-0.018052,,1
OR.PA-press-14,22,0.011139,,1
OR.PA-press-14,23,-0.005816,,1
OR.PA-press-14,24,0.001319,,1
OR.PA-press-14,25,-0.016269,,1
OR.PA-press-14,26,-0.018704,,1
OR.PA-press-14,27,-0.031887,,1
OR.PA-press-14,28,-0.043597,,1
OR.PA-press-14,29,-0.044697,,1
OR.PA-press-14,30,-0.049574,,1
OR.PA-press-15,1,0.014132,0.005299,3
OR.PA-press-15,2,0.015804,0.006073,3
OR.PA-press-15,3,0.009199,0.013742,3
OR.PA-press-15,4,0.013817,0.005131,3
OR.PA-press-15,5,0.008823,0.007092,3
OR.PA-press-15,6,0.010085,0.011369,3
OR.PA-press-15,7,0.007868,0.018147,3
OR.PA-press-15,8,0.008356,0.015511,3
OR.PA-press-15,9,0.0113,0.016453,3
OR.PA-press-15,10,0.022577,0.014905,3
OR.PA-press-15,11,0.02027,0.016367,3
OR.PA-press-15,12,0.025924,0.013036,3
OR.PA-press-15,13,0.034749,0.00725,3
OR.PA-press-15,14,0.040308,0.009123,3
OR.PA-press-15,15,0.038162,0.015466,3
OR.PA-press-15,16,0.044518,0.021083,3
OR.PA-press-15,17,0.043548,0.023176,3
OR.PA-press-15,18,0.047416,0.026106,3
OR.PA-press-15,19,0.048523,0.030968,3
OR.PA-press-15,20,0.041879,0.031596,3
OR.PA-press-15,21,0.048517,0.033306,3
OR.PA-press-15,22,0.051588,0.021039,3
OR.PA-press-15,23,0.039021,0.024383,3
OR.PA-press-15,24,0.048643,0.024815,3
OR.PA-press-15,25,0.054993,0.03567,3
OR.PA-press-15,26,0.053892,0.036429,3
OR.PA-press-15,27,0.045848,0.039138,3
OR.PA-press-15,28,0.043052,0.0434,3
OR.PA-press-15,29,0.041458,0.043185,3
OR.PA-press-15,30,0.033761,0.042863,3
OR.PA-press-16,1,0.01246,0.001291,3
OR.PA-press-16,2,0.02005,0.006189,3
OR.PA-press-16,3,0.011775,0.007123,3
OR.PA-press-16,4,0.007068,0.001714,3
OR.PA-press-16,5,0.015568,0.000647,3
OR.PA-press-16,6,0.022097,0.006074,3
OR.PA-press-16,7,0.019521,0.001765,3
OR.PA-press-16,8,0.025275,0.002081,3
OR.PA-press-16,9,0.028195,0.004312,3
OR.PA-press-16,10,0.025778,0.005213,3
OR.PA-press-16,11,0.023061,0.003739,3
OR.PA-press-16,12,0.017612,0.009449,3
OR.PA-press-16,13,0.008874,0.001345,3
OR.PA-press-16,14,0.016195,0.001521,3
OR.PA-press-16,15,0.020639,0.004074,3
OR.PA-press-16,16,0.024744,0.000665,3
OR.PA-press-16,17,0.030638,0.007052,3
OR.PA-press-16,18,0.03042,0.002242,3
OR.PA-press-16,19,0.044221,0.002355,3
OR.PA-press-16,20,0.04476,0.006452,3
OR.PA-press-16,21,0.041215,0.002368,3
OR.PA-press-16,22,0.045268,0.002966,3
OR.PA-press-16,23,0.052614,0.001495,3
OR.PA-press-16,24,0.068534,0.001119,3
OR.PA-press-16,25,0.077469,0.005142,3
OR.PA-press-16,26,0.074464,0.004587,3
OR.PA-press-16,27,0.074006,0.003178,3
OR.PA-press-16,28,0.078639,0.000934,3
OR.PA-press-16,29,0.081144,0.007578,3
OR.PA-press-16,30,0.074193,0.003773,3
OR.PA-press-19,1,-0.002565,0.0,3
OR.PA-press-19,2,-0.023831,0.0,3
OR.PA-press-19,3,0.001372,0.0,3
OR.PA-press-19,4,0.005232,0.0,3
OR.PA-press-19,5,0.004864,0.0,3
OR.PA-press-19,6,0.002012,0.0,3
OR.PA-press-19,7,-0.020571,0.0,3
OR.PA-press-19,8,-0.00816,0.0,3
OR.PA-press-19,9,0.016469,0.0,3
OR.PA-press-19,10,0.021878,0.0,3
OR.PA-press-19,11,0.02253,0.0,3
OR.PA-press-19,12,0.031201,0.0,3
OR.PA-press-19,13,0.030568,0.0,3
OR.PA-press-19,14,0.03947,0.0,3
OR.PA-press-19,15,0.057115,0.0,3
OR.PA-press-19,16,0.054838,0.0,3
OR.PA-press-19,17,0.073209,0.0,3
OR.PA-press-19,18,0.077696,0.0,3
OR.PA-press-19,19,0.061114,0.0,3
OR.PA-press-19,20,0.07544,0.0,3
OR.PA-press-19,21,0.053198,0.0,3
OR.PA-press-19,22,0.03615,0.0,3
OR.PA-press-19,23,0.050564,0.0,3
OR.PA-press-19,24,0.08461,0.0,3
OR.PA-press-19,25,0.075815,0.0,3
OR.PA-press-19,26,0.067623,0.0,3
OR.PA-press-19,27,0.072707,0.0,3
OR.PA-press-19,28,0.069898,0.0,3
OR.PA-press-19,29,0.04854,0.0,3
OR.PA-press-19,30,0.039077,0.0,3
OR.PA-press-20,1,-0.018795,0.0,2
OR.PA-press-20,2,-0.029089,0.0,2
OR.PA-press-20,3,-0.017067,0.0,2
OR.PA-press-20,4,-0.016789,0.0,2
OR.PA-press-20,5,-0.022348,0.0,2
OR.PA-press-20,6,-0.053346,0.0,2
OR.PA-press-20,7,-0.039993,0.0,2
OR.PA-press-20,8,-0.049114,0.0,2
OR.PA-press-20,9,-0.058171,0.0,2
OR.PA-press-20,10,-0.042004,0.0,2
OR.PA-press-20,11,-0.038805,0.0,2
OR.PA-press-20,12,-0.043784,0.0,2
OR.PA-press-20,13,-0.047587,0.0,2
OR.PA-press-20,14,-0.050735,0.0,2
OR.PA-press-20,15,-0.052424,0.0,2
OR.PA-press-20,16,-0.058652,0.0,2
OR.PA-press-20,17,-0.061016,0.0,2
OR.PA-press-20,18,-0.050054,0.0,2
OR.PA-press-20,19,-0.068041,0.0,2
OR.PA-press-20,20,-0.035544,0.0,2
OR.PA-press-20,21,-0.045335,0.0,2
OR.PA-press-20,22,-0.028626,0.0,2
OR.PA-press-20,23,-0.03288,0.0,2
OR.PA-press-20,24,-0.012595,0.0,2
OR.PA-press-20,25,-0.004002,0.0,2
OR.PA-press-20,26,-0.003377,0.0,2
OR.PA-press-20,27,0.002375,0.0,2
OR.PA-press-20,28,-0.004768,0.0,2
OR.PA-press-20,29,0.006459,0.0,2
OR.PA-press-20,30,0.012256,0.0,2
OR.PA-press-22,1,-0.00249,0.002828,4
OR.PA-press-22,2,-0.003147,0.009593,4
OR.PA-press-22,3,0.007201,0.015173,4
OR.PA-press-22,4,0.009287,0.006243,4
OR.PA-press-22,5,-0.005196,0.000107,4
OR.PA-press-22,6,0.001448,0.001599,4
OR.PA-press-22,7,0.002162,0.002206,4
OR.PA-press-22,8,0.004225,0.002417,4
OR.PA-press-22,9,0.002902,0.004679,4
OR.PA-press-22,10,0.002631,0.009435,4
OR.PA-press-22,11,-0.007997,0.007012,4
OR.PA-press-22,12,-0.007258,0.00105,4
OR.PA-press-22,13,-0.001997,0.000317,4
OR.PA-press-22,14,-0.004098,0.00083,4
OR.PA-press-22,15,-0.000773,0.008055,4
OR.PA-press-22,16,-0.000536,0.009129,4
OR.PA-press-22,17,0.013281,0.006965,4
OR.PA-press-22,18,0.019717,0.011164,4
OR.PA-press-22,19,0.017422,0.008202,4
OR.PA-press-22,20,0.023108,0.001179,4
OR.PA-press-22,21,0.021262,0.001548,4
OR.PA-press-22,22,0.026936,0.007671,4
OR.PA-press-22,23,0.03616,0.011534,4
OR.PA-press-22,24,0.024767,0.017553,4
OR.PA-press-22,25,0.024649,0.014844,4
OR.PA-press-22,26,0.024802,0.01582,4
OR.PA-press-22,27,0.023624,0.021724,4
OR.PA-press-22,28,0.010126,0.024091,4
OR.PA-press-22,29,0.012697,0.022361,4
OR.PA-press-22,30,0.027176,0.022523,4
OR.PA-press-24,1,-0.004223,0.007024,4
OR.PA-press-24,2,0.006891,0.001456,4
OR.PA-press-24,3,0.005785,0.006108,4
OR.PA-press-24,4,0.016198,0.003839,4
OR.PA-press-24,5,0.020778,0.004978,4
OR.PA-press-24,6,0.027728,0.004099,4
OR.PA-press-24,7,0.034232,0.006458,4
OR.PA-press-24,8,0.046239,0.005051,4
OR.PA-press-24,9,0.054336,0.005531,4
OR.PA-press-24,10,0.060983,0.002806,4
OR.PA-press-24,11,0.06105,0.004572,4
OR.PA-press-24,12,0.064779,0.003102,4
OR.PA-press-24,13,0.064154,0.003325,4
OR.PA-press-24,14,0.067902,0.007197,4
OR.PA-press-24,15,0.081084,0.005182,4
OR.PA-press-24,16,0.088114,0.00524,4
OR.PA-press-24,17,0.094858,0.004949,4
OR.PA-press-24,18,0.09504,0.000573,4
OR.PA-press-24,19,0.08411,0.005048,4
OR.PA-press-24,20,0.083848,0.000979,4
OR.PA-press-24,21,0.066211,0.000108,4
OR.PA-press-24,22,0.055283,0.004156,4
OR.PA-press-24,23,0.058288,0.005464,4
OR.PA-press-24,24,0.055237,0.004347,4
OR.PA-press-24,25,0.030389,0.003455,4
OR.PA-press-24,26,0.026443,0.001118,4
OR.PA-press-24,27,0.023432,0.009232,4
OR.PA-press-24,28,0.034281,0.001082,4
OR.PA-press-24,29,0.020758,0.005654,4
OR.PA-press-24,30,0.030354,0.008732,4
OR.PA-press-25,1,0.019761,0.003851,3
OR.PA-press-25,2,0.010503,0.001465,3
OR.PA-press-25,3,0.006879,0.008625,3
OR.PA-press-25,4,0.010287,0.008796,3
OR.PA-press-25,5,0.021196,0.007452,3
OR.PA-press-25,6,0.018714,0.010711,3
OR.PA-press-25,7,0.022865,0.016135,3
OR.PA-press-25,8,0.024731,0.020202,3
OR.PA-press-25,9,0.020668,0.028708,3
OR.PA-press-25,10,0.020467,0.026896,3
OR.PA-press-25,11,0.024497,0.026822,3
OR.PA-press-25,12,0.013414,0.03165,3
OR.PA-press-25,13,0.010707,0.035383,3
OR.PA-press-25,14,0.022458,0.036315,3
OR.PA-press-25,15,0.021719,0.040848,3
OR.PA-press-25,16,0.027882,0.043339,3
OR.PA-press-25,17,0.024504,0.047059,3
OR.PA-press-25,18,0.021087,0.046213,3
OR.PA-press-25,19,0.024955,0.047657,3
OR.PA-press-25,20,0.019101,0.039883,3
OR.PA-press-25,21,0.012526,0.039578,3
OR.PA-press-25,22,0.008322,0.04596,3
OR.PA-press-25,23,0.008187,0.05722,3
OR.PA-press-25,24,0.003749,0.053377,3
OR.PA-press-25,25,0.004774,0.049785,3
OR.PA-press-25,26,-0.002676,0.051255,3
OR.PA-press-25,27,0.001133,0.058451,3
OR.PA-press-25,28,-0.007686,0.062989,3
OR.PA-press-25,29,-0.008939,0.061339,3
OR.PA-press-25,30,0.003023,0.058647,3
OR.PA-press-28,1,-0.007387,0.0,2
OR.PA-press-28,2,-0.01755,0.0,2
OR.PA-press-28,3,-0.011457,0.0,2
OR.PA-press-28,4,0.001748,0.0,2
OR.PA-press-28,5,-0.005184,0.0,2
OR.PA-press-28,6,0.00084,0.0,2
OR.PA-press-28,7,0.005945,0.0,2
OR.PA-press-28,8,0.004384,0.0,2
OR.PA-press-28,9,0.000146,0.0,2
OR.PA-press-28,10,0.00036,0.0,2
OR.PA-press-28,11,-0.016528,0.0,2
OR.PA-press-28,12,-0.009077,0.0,2
OR.PA-press-28,13,-0.002126,0.0,2
OR.PA-press-28,14,-0.002807,0.0,2
OR.PA-press-28,15,0.010759,0.0,2
OR.PA-press-28,16,0.001199,0.0,2
OR.PA-press-28,17,0.019552,0.0,2
OR.PA-press-28,18,0.024141,0.0,2
OR.PA-press-28,19,0.016467,0.0,2
OR.PA-press-28,20,0.021071,0.0,2
OR.PA-press-28,21,0.02391,0.0,2
OR.PA-press-28,22,0.04016,0.0,2
OR.PA-press-28,23,0.055309,0.0,2
OR.PA-press-28,24,0.051704,0.0,2
OR.PA-press-28,25,0.049791,0.0,2
OR.PA-press-28,26,0.052133,0.0,2
OR.PA-press-28,27,0.061236,0.0,2
OR.PA-press-28,28,0.050433,0.0,2
OR.PA-press-28,29,0.051074,0.0,2
OR.PA-press-28,30,0.066085,0.0,2
OR.PA-press-29,1,-0.007387,,1
OR.PA-press-29,2,-0.01755,,1
OR.PA-press-29,3,-0.011457,,1
OR.PA-press-29,4,0.001748,,1
OR.PA-press-29,5,-0.005184,,1
OR.PA-press-29,6,0.00084,,1
OR.PA-press-29,7,0.005945,,1
OR.PA-press-29,8,0.004384,,1
OR.PA-press-29,9,0.000146,,1
OR.PA-press-29,10,0.00036,,1
OR.PA-press-29,11,-0.016528,,1
OR.PA-press-29,12,-0.009077,,1
OR.PA-press-29,13,-0.002126,,1
OR.PA-press-29,14,-0.002807,,1
OR.PA-press-29,15,0.010759,,1
OR.PA-press-29,16,0.001199,,1
OR.PA-press-29,17,0.019552,,1
OR.PA-press-29,18,0.024141,,1
OR.PA-press-29,19,0.016467,,1
OR.PA-press-29,20,0.021071,,1
OR.PA-press-29,21,0.02391,,1
OR.PA-press-29,22,0.04016,,1
OR.PA-press-29,23,0.055309,,1
OR.PA-press-29,24,0.051704,,1
OR.PA-press-29,25,0.049791,,1
OR.PA-press-29,26,0.052133,,1
OR.PA-press-29,27,0.061236,,1
OR.PA-press-29,28,0.050433,,1
OR.PA-press-29,29,0.051074,,1
OR.PA-press-29,30,0.066085,,1
OR.PA-press-31,1,0.019299,0.007112,5
OR.PA-press-31,2,0.023566,0.010811,5
OR.PA-press-31,3,0.026607,0.013396,5
OR.PA-press-31,4,0.031107,0.012208,5
OR.PA-press-31,5,0.032098,0.01828,5
OR.PA-press-31,6,0.031329,0.015076,5
OR.PA-press-31,7,0.039736,0.018263,5
OR.PA-press-31,8,0.03474,0.015988,5
OR.PA-press-31,9,0.033575,0.016356,5
OR.PA-press-31,10,0.029249,0.019604,5
OR.PA-press-31,11,0.01399,0.010985,5
OR.PA-press-31,12,-0.00128,0.012364,5
OR.PA-press-31,13,0.011692,0.008526,5
OR.PA-press-31,14,0.009094,0.012084,5
OR.PA-press-31,15,0.011056,0.012044,5
OR.PA-press-31,16,0.012272,0.016472,5
OR.PA-press-31,17,0.014015,0.017107,5
OR.PA-press-31,18,0.019849,0.018669,5
OR.PA-press-31,19,0.017142,0.020953,5
OR.PA-press-31,20,0.006666,0.02401,5
OR.PA-press-31,21,0.00295,0.02489,5
OR.PA-press-31,22,0.000934,0.024572,5
OR.PA-press-31,23,0.003019,0.026167,5
OR.PA-press-31,24,-0.019959,0.028435,5
OR.PA-press-31,25,-0.011008,0.027597,5
OR.PA-press-31,26,-0.011469,0.03054,5
OR.PA-press-31,27,-0.012001,0.028066,5
OR.PA-press-31,28,-0.020165,0.027762,5
OR.PA-press-31,29,-0.016637,0.026998,5
OR.PA-press-31,30,-0.006791,0.027113,5
OR.PA-press-33,1,0.061117,0.0,3
OR.PA-press-33,2,0.091189,0.0,3
OR.PA-press-33,3,0.107856,0.0,3
OR.PA-press-33,4,0.090357,0.0,3
OR.PA-press-33,5,0.103615,0.0,3
OR.PA-press-33,6,0.126541,0.0,3
OR.PA-press-33,7,0.123945,0.0,3
OR.PA-press-33,8,0.140078,0.0,3
OR.PA-press-33,9,0.149211,0.0,3
OR.PA-press-33,10,0.126495,0.0,3
OR.PA-press-33,11,0.108743,0.0,3
OR.PA-press-33,12,0.111261,0.0,3
OR.PA-press-33,13,0.131944,0.0,3
OR.PA-press-33,14,0.161118,0.0,3
OR.PA-press-33,15,0.136989,0.0,3
OR.PA-press-33,16,0.103847,0.0,3
OR.PA-press-33,17,0.115306,0.0,3
OR.PA-press-33,18,0.107165,0.0,3
OR.PA-press-33,19,0.119643,0.0,3
OR.PA-press-33,20,0.12621,0.0,3
OR.PA-press-33,21,0.137676,0.0,3
OR.PA-press-33,22,0.122762,0.0,3
OR.PA-press-33,23,0.104678,0.0,3
OR.PA-press-33,24,0.107608,0.0,3
OR.PA-press-33,25,0.105854,0.0,3
OR.PA-press-33,26,0.08705,0.0,3
OR.PA-press-33,27,0.086079,0.0,3
OR.PA-press-33,28,0.103126,0.0,3
OR.PA-press-33,29,0.099479,0.0,3
OR.PA-press-33,30,0.109252,0.0,3
OR.PA-press-34,1,0.019761,0.003851,3
OR.PA-press-34,2,0.010503,0.001465,3
OR.PA-press-34,3,0.006879,0.008625,3
OR.PA-press-34,4,0.010287,0.008796,3
OR.PA-press-34,5,0.021196,0.007452,3
OR.PA-press-34,6,0.018714,0.010711,3
OR.PA-press-34,7,0.022865,0.016135,3
OR.PA-press-34,8,0.024731,0.020202,3
OR.PA-press-34,9,0.020668,0.028708,3
OR.PA-press-34,10,0.020467,0.026896,3
OR.PA-press-34,11,0.024497,0.026822,3
OR.PA-press-34,12,0.013414,0.03165,3
OR.PA-press-34,13,0.010707,0.035383,3
OR.PA-press-34,14,0.022458,0.036315,3
OR.PA-press-34,15,0.021719,0.040848,3
OR.PA-press-34,16,0.027882,0.043339,3
OR.PA-press-34,17,0.024504,0.047059,3
OR.PA-press-34,18,0.021087,0.046213,3
OR.PA-press-34,19,0.024955,0.047657,3
OR.PA-press-34,20,0.019101,0.039883,3
OR.PA-press-34,21,0.012526,0.039578,3
OR.PA-press-34,22,0.008322,0.04596,3
OR.PA-press-34,23,0.008187,0.05722,3
OR.PA-press-34,24,0.003749,0.053377,3
OR.PA-press-34,25,0.004774,0.049785,3
OR.PA-press-34,26,-0.002676,0.051255,3
OR.PA-press-34,27,0.001133,0.058451,3
OR.PA-press-34,28,-0.007686,0.062989,3
OR.PA-press-34,29,-0.008939,0.061339,3
OR.PA-press-34,30,0.003023,0.058647,3
OR.PA-press-35,1,-0.01903,0.000235,5
OR.PA-press-35,2,-0.026192,0.002897,5
OR.PA-press-35,3,-0.015233,0.001834,5
OR.PA-press-35,4,-0.018107,0.001318,5
OR.PA-press-35,5,-0.025638,0.00329,5
OR.PA-press-35,6,-0.047808,0.005537,5
OR.PA-press-35,7,-0.038822,0.001172,5
OR.PA-press-35,8,-0.046535,0.002579,5
OR.PA-press-35,9,-0.05503,0.003141,5
OR.PA-press-35,10,-0.0445,0.002496,5
OR.PA-press-35,11,-0.041685,0.00288,5
OR.PA-press-35,12,-0.043938,0.000154,5
OR.PA-press-35,13,-0.048802,0.001214,5
OR.PA-press-35,14,-0.054743,0.004008,5
OR.PA-press-35,15,-0.060771,0.008347,5
OR.PA-press-35,16,-0.06491,0.006258,5
OR.PA-press-35,17,-0.065138,0.004121,5
OR.PA-press-35,18,-0.058223,0.00817,5
OR.PA-press-35,19,-0.075023,0.006982,5
OR.PA-press-35,20,-0.052079,0.016535,5
OR.PA-press-35,21,-0.0598,0.014465,5
OR.PA-press-35,22,-0.04311,0.014484,5
OR.PA-press-35,23,-0.04833,0.015451,5
OR.PA-press-35,24,-0.033383,0.020788,5
OR.PA-press-35,25,-0.028441,0.024439,5
OR.PA-press-35,26,-0.027459,0.024081,5
OR.PA-press-35,27,-0.023395,0.025771,5
OR.PA-press-35,28,-0.028483,0.023715,5
OR.PA-press-35,29,-0.019004,0.025463,5
OR.PA-press-35,30,-0.011971,0.024228,5
OR.PA-press-36,1,0.01246,0.001291,3
OR.PA-press-36,2,0.02005,0.006189,3
OR.PA-press-36,3,0.011775,0.007123,3
OR.PA-press-36,4,0.007068,0.001714,3
OR.PA-press-36,5,0.015568,0.000647,3
OR.PA-press-36,6,0.022097,0.006074,3
OR.PA-press-36,7,0.019521,0.001765,3
OR.PA-press-36,8,0.025275,0.002081,3
OR.PA-press-36,9,0.028195,0.004312,3
OR.PA-press-36,10,0.025778,0.005213,3
OR.PA-press-36,11,0.023061,0.003739,3
OR.PA-press-36,12,0.017612,0.009449,3
OR.PA-press-36,13,0.008874,0.001345,3
OR.PA-press-36,14,0.016195,0.001521,3
OR.PA-press-36,15,0.020639,0.004074,3
OR.PA-press-36,16,0.024744,0.000665,3
OR.PA-press-36,17,0.030638,0.007052,3
OR.PA-press-36,18,0.03042,0.002242,3
OR.PA-press-36,19,0.044221,0.002355,3
OR.PA-press-36,20,0.04476,0.006452,3
OR.PA-press-36,21,0.041215,0.002368,3
OR.PA-press-36,22,0.045268,0.002966,3
OR.PA-press-36,23,0.052614,0.001495,3
OR.PA-press-36,24,0.068534,0.001119,3
OR.PA-press-36,25,0.077469,0.005142,3
OR.PA-press-36,26,0.074464,0.004587,3
OR.PA-press-36,27,0.074006,0.003178,3
OR.PA-press-36,28,0.078639,0.000934,3
OR.PA-press-36,29,0.081144,0.007578,3
OR.PA-press-36,30,0.074193,0.003773,3
OR.PA-press-38,1,-0.011572,0.0,2
OR.PA-press-38,2,-0.011658,0.0,2
OR.PA-press-38,3,-0.008583,0.0,2
OR.PA-press-38,4,-0.02114,0.0,2
OR.PA-press-38,5,-0.022248,0.0,2
OR.PA-press-38,6,-0.0066,0.0,2
OR.PA-press-38,7,0.000911,0.0,2
OR.PA-press-38,8,-0.001412,0.0,2
OR.PA-press-38,9,0.003165,0.0,2
OR.PA-press-38,10,0.010471,0.0,2
OR.PA-press-38,11,0.003304,0.0,2
OR.PA-press-38,12,-0.008714,0.0,2
OR.PA-press-38,13,-0.01973,0.0,2
OR.PA-press-38,14,-0.021174,0.0,2
OR.PA-press-38,15,-0.031963,0.0,2
OR.PA-press-38,16,-0.036744,0.0,2
OR.PA-press-38,17,-0.042698,0.0,2
OR.PA-press-38,18,-0.036899,0.0,2
OR.PA-press-38,19,-0.041001,0.0,2
OR.PA-press-38,20,-0.030082,0.0,2
OR.PA-press-38,21,-0.031531,0.0,2
OR.PA-press-38,22,-0.049893,0.0,2
OR.PA-press-38,23,-0.073072,0.0,2
OR.PA-press-38,24,-0.075862,0.0,2
OR.PA-press-38,25,-0.095118,0.0,2
OR.PA-press-38,26,-0.099411,0.0,2
OR.PA-press-38,27,-0.08966,0.0,2
OR.PA-press-38,28,-0.091515,0.0,2
OR.PA-press-38,29,-0.082932,0.0,2
OR.PA-press-38,30,-0.094024,0.0,2
OR.PA-press-41,1,0.006846,0.0,2
OR.PA-press-41,2,0.012358,0.0,2
OR.PA-press-41,3,-0.004381,0.0,2
OR.PA-press-41,4,0.001193,0.0,2
OR.PA-press-41,5,-0.017505,0.0,2
OR.PA-press-41,6,-0.032888,0.0,2
OR.PA-press-41,7,-0.031381,0.0,2
OR.PA-press-41,8,-0.024811,0.0,2
OR.PA-press-41,9,-0.05765,0.0,2
OR.PA-press-41,10,-0.059449,0.0,2
OR.PA-press-41,11,-0.070764,0.0,2
OR.PA-press-41,12,-0.049792,0.0,2
OR.PA-press-41,13,-0.070241,0.0,2
OR.PA-press-41,14,-0.063913,0.0,2
OR.PA-press-41,15,-0.045443,0.0,2
OR.PA-press-41,16,-0.007117,0.0,2
OR.PA-press-41,17,-0.023211,0.0,2
OR.PA-press-41,18,-0.021736,0.0,2
OR.PA-press-41,19,-0.017649,0.0,2
OR.PA-press-41,20,-0.025475,0.0,2
OR.PA-press-41,21,-0.032751,0.0,2
OR.PA-press-41,22,-0.028261,0.0,2
OR.PA-press-41,23,-0.026064,0.0,2
OR.PA-press-41,24,-0.039609,0.0,2
OR.PA-press-41,25,-0.045139,0.0,2
OR.PA-press-41,26,-0.03625,0.0,2
OR.PA-press-41,27,-0.026972,0.0,2
OR.PA-press-41,28,-0.018854,0.0,2
OR.PA-press-41,29,-0.020119,0.0,2
OR.PA-press-41,30,-0.030668,0.0,2
OR.PA-press-42,1,0.00639,0.0,3
OR.PA-press-42,2,-0.027784,0.0,3
OR.PA-press-42,3,-0.012287,0.0,3
OR.PA-press-42,4,-0.025894,0.0,3
OR.PA-press-42,5,0.00114,0.0,3
OR.PA-press-42,6,-0.008577,0.0,3
OR.PA-press-42,7,-0.0042,0.0,3
OR.PA-press-42,8,-0.003034,0.0,3
OR.PA-press-42,9,-0.009308,0.0,3
OR.PA-press-42,10,0.006166,0.0,3
OR.PA-press-42,11,0.034546,0.0,3
OR.PA-press-42,12,0.020722,0.0,3
OR.PA-press-42,13,0.008134,0.0,3
OR.PA-press-42,14,0.00963,0.0,3
OR.PA-press-42,15,0.022128,0.0,3
OR.PA-press-42,16,0.018271,0.0,3
OR.PA-press-42,17,0.01209,0.0,3
OR.PA-press-42,18,0.005772,0.0,3
OR.PA-press-42,19,-0.013427,0.0,3
OR.PA-press-42,20,-0.007289,0.0,3
OR.PA-press-42,21,0.000193,0.0,3
OR.PA-press-42,22,-0.014517,0.0,3
OR.PA-press-42,23,-0.029162,0.0,3
OR.PA-press-42,24,-0.015251,0.0,3
OR.PA-press-42,25,-0.022954,0.0,3
OR.PA-press-42,26,-0.024265,0.0,3
OR.PA-press-42,27,-0.029739,0.0,3
OR.PA-press-42,28,-0.040987,0.0,3
OR.PA-press-42,29,-0.038932,0.0,3
OR.PA-press-42,30,-0.02951,0.0,3
OR.PA-press-44,1,-0.034082,,1
OR.PA-press-44,2,-0.018494,,1
OR.PA-press-44,3,-0.032009,,1
OR.PA-press-44,4,-0.004884,,1
OR.PA-press-44,5,-0.014509,,1
OR.PA-press-44,6,-0.010041,,1
OR.PA-press-44,7,-0.008784,,1
OR.PA-press-44,8,-0.014965,,1
OR.PA-press-44,9,0.0006,,1
OR.PA-press-44,10,0.029071,,1
OR.PA-press-44,11,0.015339,,1
OR.PA-press-44,12,0.002842,,1
OR.PA-press-44,13,0.004429,,1
OR.PA-press-44,14,0.017019,,1
OR.PA-press-44,15,0.013253,,1
OR.PA-press-44,16,0.007164,,1
OR.PA-press-44,17,0.000937,,1
OR.PA-press-44,18,-0.01817,,1
OR.PA-press-44,19,-0.01194,,1
OR.PA-press-44,20,-0.004368,,1
OR.PA-press-44,21,-0.018986,,1
OR.PA-press-44,22,-0.03354,,1
OR.PA-press-44,23,-0.019537,,1
OR.PA-press-44,24,-0.027149,,1
OR.PA-press-44,25,-0.028368,,1
OR.PA-press-44,26,-0.03375,,1
OR.PA-press-44,27,-0.044907,,1
OR.PA-press-44,28,-0.042761,,1
OR.PA-press-44,29,-0.033247,,1
OR.PA-press-44,30,-0.041487,,1
OR.PA-press-45,1,-0.002565,0.0,2
OR.PA-press-45,2,-0.023831,0.0,2
OR.PA-press-45,3,0.001372,0.0,2
OR.PA-press-45,4,0.005232,0.0,2
OR.PA-press-45,5,0.004864,0.0,2
OR.PA-press-45,6,0.002012,0.0,2
OR.PA-press-45,7,-0.020571,0.0,2
OR.PA-press-45,8,-0.00816,0.0,2
OR.PA-press-45,9,0.016469,0.0,2
OR.PA-press-45,10,0.021878,0.0,2
OR.PA-press-45,11,0.02253,0.0,2
OR.PA-press-45,12,0.031201,0.0,2
OR.PA-press-45,13,0.030568,0.0,2
OR.PA-press-45,14,0.03947,0.0,2
OR.PA-press-45,15,0.057115,0.0,2
OR.PA-press-45,16,0.054838,0.0,2
OR.PA-press-45,17,0.073209,0.0,2
OR.PA-press-45,18,0.077696,0.0,2
OR.PA-press-45,19,0.061114,0.0,2
OR.PA-press-45,20,0.07544,0.0,2
OR.PA-press-45,21,0.053198,0.0,2
OR.PA-press-45,22,0.03615,0.0,2
OR.PA-press-45,23,0.050564,0.0,2
OR.PA-press-45,24,0.08461,0.0,2
OR.PA-press-45,25,0.075815,0.0,2
OR.PA-press-45,26,0.067623,0.0,2
OR.PA-press-45,27,0.072707,0.0,2
OR.PA-press-45,28,0.069898,0.0,2
OR.PA-press-45,29,0.04854,0.0,2
OR.PA-press-45,30,0.039077,0.0,2
OR.PA-press-48,1,0.061117,0.0,3
OR.PA-press-48,2,0.091189,0.0,3
OR.PA-press-48,3,0.107856,0.0,3
OR.PA-press-48,4,0.090357,0.0,3
OR.PA-press-48,5,0.103615,0.0,3
OR.PA-press-48,6,0.126541,0.0,3
OR.PA-press-48,7,0.123945,0.0,3
OR.PA-press-48,8,0.140078,0.0,3
OR.PA-press-48,9,0.149211,0.0,3
OR.PA-press-48,10,0.126495,0.0,3
OR.PA-press-48,11,0.108743,0.0,3
OR.PA-press-48,12,0.111261,0.0,3
OR.PA-press-48,13,0.131944,0.0,3
OR.PA-press-48,14,0.161118,0.0,3
OR.PA-press-48,15,0.136989,0.0,3
OR.PA-press-48,16,0.103847,0.0,3
OR.PA-press-48,17,0.115306,0.0,3
OR.PA-press-48,18,0.107165,0.0,3
OR.PA-press-48,19,0.119643,0.0,3
OR.PA-press-48,20,0.12621,0.0,3
OR.PA-press-48,21,0.137676,0.0,3
OR.PA-press-48,22,0.122762,0.0,3
OR.PA-press-48,23,0.104678,0.0,3
OR.PA-press-48,24,0.107608,0.0,3
OR.PA-press-48,25,0.105854,0.0,3
OR.PA-press-48,26,0.08705,0.0,3
OR.PA-press-48,27,0.086079,0.0,3
OR.PA-press-48,28,0.103126,0.0,3
OR.PA-press-48,29,0.099479,0.0,3
OR.PA-press-48,30,0.109252,0.0,3
OR.PA-press-49,1,0.061117,0.0,3
OR.PA-press-49,2,0.091189,0.0,3
OR.PA-press-49,3,0.107856,0.0,3
OR.PA-press-49,4,0.090357,0.0,3
OR.PA-press-49,5,0.103615,0.0,3
OR.PA-press-49,6,0.126541,0.0,3
OR.PA-press-49,7,0.123945,0.0,3
OR.PA-press-49,8,0.140078,0.0,3
OR.PA-press-49,9,0.149211,0.0,3
OR.PA-press-49,10,0.126495,0.0,3
OR.PA-press-49,11,0.108743,0.0,3
OR.PA-press-49,12,0.111261,0.0,3
OR.PA-press-49,13,0.131944,0.0,3
OR.PA-press-49,14,0.161118,0.0,3
OR.PA-press-49,15,0.136989,0.0,3
OR.PA-press-49,16,0.103847,0.0,3
OR.PA-press-49,17,0.115306,0.0,3
OR.PA-press-49,18,0.107165,0.0,3
OR.PA-press-49,19,0.119643,0.0,3
OR.PA-press-49,20,0.12621,0.0,3
OR.PA-press-49,21,0.137676,0.0,3
OR.PA-press-49,22,0.122762,0.0,3
OR.PA-press-49,23,0.104678,0.0,3
OR.PA-press-49,24,0.107608,0.0,3
OR.PA-press-49,25,0.105854,0.0,3
OR.PA-press-49,26,0.08705,0.0,3
OR.PA-press-49,27,0.086079,0.0,3
OR.PA-press-49,28,0.103126,0.0,3
OR.PA-press-49,29,0.099479,0.0,3
OR.PA-press-49,30,0.109252,0.0,3
OR.PA-press-51,1,0.002757,0.000355,4
OR.PA-press-51,2,0.001766,0.001402,4
OR.PA-press-51,3,0.001292,0.000741,4
OR.PA-press-51,4,-0.003393,0.007054,4
OR.PA-press-51,5,-0.008507,0.006489,4
OR.PA-press-51,6,-0.012895,0.002462,4
OR.PA-press-51,7,-0.023942,0.001504,4
OR.PA-press-51,8,-0.018938,0.003836,4
OR.PA-press-51,9,-0.021502,0.001216,4
OR.PA-press-51,10,-0.014785,0.000465,4
OR.PA-press-51,11,-0.014234,0.00137,4
OR.PA-press-51,12,-0.015113,0.001191,4
OR.PA-press-51,13,-0.010286,0.00063,4
OR.PA-press-51,14,-0.026242,0.010789,4
OR.PA-press-51,15,-0.033475,0.006285,4
OR.PA-press-51,16,-0.027441,0.003931,4
OR.PA-press-51,17,-0.030296,0.008555,4
OR.PA-press-51,18,-0.008631,0.008506,4
OR.PA-press-51,19,-0.015522,0.011345,4
OR.PA-press-51,20,-0.012569,0.009142,4
OR.PA-press-51,21,-0.015922,0.010047,4
OR.PA-press-51,22,-0.008951,0.009522,4
OR.PA-press-51,23,-0.011808,0.006609,4
OR.PA-press-51,24,0.003037,0.00246,4
OR.PA-press-51,25,-0.011973,0.007503,4
OR.PA-press-51,26,-0.012667,0.007143,4
OR.PA-press-51,27,-0.004897,0.003202,4
OR.PA-press-51,28,0.008349,0.005763,4
OR.PA-press-51,29,0.011466,0.004966,4
OR.PA-press-51,30,0.01061,0.002857,4
OR.PA-press-53,1,0.019663,0.002831,4
OR.PA-press-53,2,0.021727,0.001504,4
OR.PA-press-53,3,0.025087,0.002063,4
OR.PA-press-53,4,0.033125,0.008115,4
OR.PA-press-53,5,0.04202,0.009033,4
OR.PA-press-53,6,0.0429,0.00491,4
OR.PA-press-53,7,0.044512,0.007742,4
OR.PA-press-53,8,0.047069,0.006571,4
OR.PA-press-53,9,0.058844,0.008779,4
OR.PA-press-53,10,0.05632,0.008443,4
OR.PA-press-53,11,0.055456,0.009552,4
OR.PA-press-53,12,0.05612,0.009686,4
OR.PA-press-53,13,0.043325,0.011035,4
OR.PA-press-53,14,0.036444,0.006243,4
OR.PA-press-53,15,0.038053,0.004446,4
OR.PA-press-53,16,0.040123,0.005348,4
OR.PA-press-53,17,0.034032,0.001219,4
OR.PA-press-53,18,0.030746,0.000856,4
OR.PA-press-53,19,0.047005,0.000143,4
OR.PA-press-53,20,0.05372,0.000836,4
OR.PA-press-53,21,0.049995,0.002137,4
OR.PA-press-53,22,0.054514,0.002093,4
OR.PA-press-53,23,0.060638,0.003173,4
OR.PA-press-53,24,0.059259,0.002718,4
OR.PA-press-53,25,0.053968,0.009547,4
OR.PA-press-53,26,0.044741,0.011437,4
OR.PA-press-53,27,0.043114,0.011357,4
OR.PA-press-53,28,0.035543,0.014677,4
OR.PA-press-53,29,0.034167,0.018185,4
OR.PA-press-53,30,0.026937,0.01701,4
OR.PA-press-55,1,0.037048,0.024069,4
OR.PA-press-55,2,0.061177,0.030012,4
OR.PA-press-55,3,0.073094,0.034762,4
OR.PA-press-55,4,0.054712,0.035645,4
OR.PA-press-55,5,0.071014,0.032602,4
OR.PA-press-55,6,0.089231,0.03731,4
OR.PA-press-55,7,0.087251,0.036695,4
OR.PA-press-55,8,0.098695,0.041383,4
OR.PA-press-55,9,0.099956,0.049254,4
OR.PA-press-55,10,0.08608,0.040415,4
OR.PA-press-55,11,0.078982,0.029761,4
OR.PA-press-55,12,0.082281,0.028981,4
OR.PA-press-55,13,0.098014,0.033931,4
OR.PA-press-55,14,0.12212,0.038998,4
OR.PA-press-55,15,0.103923,0.033066,4
OR.PA-press-55,16,0.081349,0.022497,4
OR.PA-press-55,17,0.094413,0.020893,4
OR.PA-press-55,18,0.087797,0.019369,4
OR.PA-press-55,19,0.101806,0.017838,4
OR.PA-press-55,20,0.107911,0.0183,4
OR.PA-press-55,21,0.112423,0.025254,4
OR.PA-press-55,22,0.104877,0.017886,4
OR.PA-press-55,23,0.085811,0.018867,4
OR.PA-press-55,24,0.083804,0.023804,4
OR.PA-press-55,25,0.08615,0.019704,4
OR.PA-press-55,26,0.080617,0.006433,4
OR.PA-press-55,27,0.077748,0.008331,4
OR.PA-press-55,28,0.088543,0.014583,4
OR.PA-press-55,29,0.087136,0.012342,4
OR.PA-press-55,30,0.093822,0.01543,4
OR.PA-press-56,1,-0.001908,0.010682,3
OR.PA-press-56,2,0.013641,0.006635,3
OR.PA-press-56,3,0.004832,0.011255,3
OR.PA-press-56,4,0.013114,0.004782,3
OR.PA-press-56,5,0.009927,0.003578,3
OR.PA-press-56,6,0.012279,0.008989,3
OR.PA-press-56,7,0.009476,0.006652,3
OR.PA-press-56,8,0.024547,0.021256,3
OR.PA-press-56,9,0.040629,0.026729,3
OR.PA-press-56,10,0.054093,0.026843,3
OR.PA-press-56,11,0.048869,0.020882,3
OR.PA-press-56,12,0.053796,0.025299,3
OR.PA-press-56,13,0.058918,0.035406,3
OR.PA-press-56,14,0.060544,0.033106,3
OR.PA-press-56,15,0.071425,0.036039,3
OR.PA-press-56,16,0.080343,0.037702,3
OR.PA-press-56,17,0.076753,0.027465,3
OR.PA-press-56,18,0.073992,0.024609,3
OR.PA-press-56,19,0.082663,0.019961,3
OR.PA-press-56,20,0.085779,0.025985,3
OR.PA-press-56,21,0.09794,0.036126,3
OR.PA-press-56,22,0.084236,0.029496,3
OR.PA-press-56,23,0.068672,0.020775,3
OR.PA-press-56,24,0.082931,0.019682,3
OR.PA-press-56,25,0.096835,0.009319,3
OR.PA-press-56,26,0.09708,0.015227,3
OR.PA-press-56,27,0.09612,0.019148,3
OR.PA-press-56,28,0.102636,0.021882,3
OR.PA-press-56,29,0.099982,0.016221,3
OR.PA-press-56,30,0.083452,0.016498,3
OR.PA-press-57,1,0.01117,0.0,5
OR.PA-press-57,2,0.026239,0.0,5
OR.PA-press-57,3,0.018898,0.0,5
OR.PA-press-57,4,0.008782,0.0,5
OR.PA-press-57,5,0.014921,0.0,5
OR.PA-press-57,6,0.028171,0.0,5
OR.PA-press-57,7,0.021286,0.0,5
OR.PA-press-57,8,0.027356,0.0,5
OR.PA-press-57,9,0.032507,0.0,5
OR.PA-press-57,10,0.030992,0.0,5
OR.PA-press-57,11,0.0268,0.0,5
OR.PA-press-57,12,0.027061,0.0,5
OR.PA-press-57,13,0.010219,0.0,5
OR.PA-press-57,14,0.017716,0.0,5
OR.PA-press-57,15,0.024714,0.0,5
OR.PA-press-57,16,0.024078,0.0,5
OR.PA-press-57,17,0.03769,0.0,5
OR.PA-press-57,18,0.028177,0.0,5
OR.PA-press-57,19,0.046576,0.0,5
OR.PA-press-57,20,0.051211,0.0,5
OR.PA-press-57,21,0.043584,0.0,5
OR.PA-press-57,22,0.048234,0.0,5
OR.PA-press-57,23,0.051119,0.0,5
OR.PA-press-57,24,0.067415,0.0,5
OR.PA-press-57,25,0.082611,0.0,5
OR.PA-press-57,26,0.079052,0.0,5
OR.PA-press-57,27,0.077184,0.0,5
OR.PA-press-57,28,0.079573,0.0,5
OR.PA-press-57,29,0.088722,0.0,5
OR.PA-press-57,30,0.077966,0.0,5
OR.PA-press-60,1,-0.01136,0.007526,6
OR.PA-press-60,2,-0.012934,0.005036,6
OR.PA-press-60,3,-0.02365,0.002385,6
OR.PA-press-60,4,-0.030871,0.006753,6
OR.PA-press-60,5,-0.01322,0.004291,6
OR.PA-press-60,6,-0.007635,0.004763,6
OR.PA-press-60,7,-0.017874,0.001569,6
OR.PA-press-60,8,-0.025636,5.7e-05,6
OR.PA-press-60,9,-0.026126,0.006856,6
OR.PA-press-60,10,-0.00932,0.008172,6
OR.PA-press-60,11,-0.010747,0.000141,6
OR.PA-press-60,12,-0.016122,0.003624,6
OR.PA-press-60,13,-0.000493,0.001039,6
OR.PA-press-60,14,-0.015033,0.006375,6
OR.PA-press-60,15,-0.017967,0.007176,6
OR.PA-press-60,16,-0.027031,0.01293,6
OR.PA-press-60,17,-0.028377,0.019009,6
OR.PA-press-60,18,-0.031068,0.019213,6
OR.PA-press-60,19,-0.019234,0.021354,6
OR.PA-press-60,20,-0.013271,0.02096,6
OR.PA-press-60,21,-0.018419,0.017418,6
OR.PA-press-60,22,-0.017252,0.021652,6
OR.PA-press-60,23,-0.024793,0.017077,6
OR.PA-press-60,24,-0.032135,0.014081,6
OR.PA-press-60,25,-0.02296,0.015811,6
OR.PA-press-60,26,-0.024283,0.027069,6
OR.PA-press-60,27,-0.009502,0.019687,6
OR.PA-press-60,28,-0.014295,0.018685,6
OR.PA-press-60,29,-0.019144,0.0219,6
OR.PA-press-60,30,-0.035204,0.026164,6
OR.PA-press-61,1,0.001479,0.0,3
OR.PA-press-61,2,0.005571,0.0,3
OR.PA-press-61,3,-0.00225,0.0,3
OR.PA-press-61,4,-0.009522,0.0,3
OR.PA-press-61,5,-0.005028,0.0,3
OR.PA-press-61,6,-0.002826,0.0,3
OR.PA-press-61,7,-0.016366,0.0,3
OR.PA-press-61,8,-0.021892,0.0,3
OR.PA-press-61,9,-0.012998,0.0,3
OR.PA-press-61,10,-0.003716,0.0,3
OR.PA-press-61,11,0.004407,0.0,3
OR.PA-press-61,12,0.003146,0.0,3
OR.PA-press-61,13,-0.007399,0.0,3
OR.PA-press-61,14,-0.000919,0.0,3
OR.PA-press-61,15,-0.006827,0.0,3
OR.PA-press-61,16,-0.005113,0.0,3
OR.PA-press-61,17,-0.012475,0.0,3
OR.PA-press-61,18,0.008447,0.0,3
OR.PA-press-61,19,0.020493,0.0,3
OR.PA-press-61,20,0.012497,0.0,3
OR.PA-press-61,21,-0.024197,0.0,3
OR.PA-press-61,22,-0.033136,0.0,3
OR.PA-press-61,23,-0.070747,0.0,3
OR.PA-press-61,24,-0.066999,0.0,3
OR.PA-press-61,25,-0.058258,0.0,3
OR.PA-press-61,26,-0.087333,0.0,3
OR.PA-press-61,27,-0.112358,0.0,3
OR.PA-press-61,28,-0.097607,0.0,3
OR.PA-press-61,29,-0.122461,0.0,3
OR.PA-press-61,30,-0.119693,0.0,3
OR.PA-press-62,1,0.000593,0.00465,4
OR.PA-press-62,2,-0.00255,0.000915,4
OR.PA-press-62,3,-0.01114,0.00075,4
OR.PA-press-62,4,-0.005688,0.001136,4
OR.PA-press-62,5,-0.005834,0.000266,4
OR.PA-press-62,6,0.002016,0.002129,4
OR.PA-press-62,7,-0.000786,0.003266,4
OR.PA-press-62,8,-0.008153,0.007745,4
OR.PA-press-62,9,-0.011726,0.012841,4
OR.PA-press-62,10,-0.009146,0.011103,4
OR.PA-press-62,11,-0.008903,0.011645,4
OR.PA-press-62,12,-0.001226,0.009516,4
OR.PA-press-62,13,0.008068,0.011711,4
OR.PA-press-62,14,0.009256,0.01327,4
OR.PA-press-62,15,0.014524,0.012684,4
OR.PA-press-62,16,0.049633,0.00898,4
OR.PA-press-62,17,0.046593,0.007714,4
OR.PA-press-62,18,0.040601,0.007917,4
OR.PA-press-62,19,0.031901,0.013001,4
OR.PA-press-62,20,0.032281,0.018574,4
OR.PA-press-62,21,0.039945,0.017924,4
OR.PA-press-62,22,0.034515,0.018277,4
OR.PA-press-62,23,0.044042,0.013709,4
OR.PA-press-62,24,0.046493,0.009286,4
OR.PA-press-62,25,0.039559,0.009606,4
OR.PA-press-62,26,0.03521,0.01372,4
OR.PA-press-62,27,0.038196,0.011835,4
OR.PA-press-62,28,0.034329,0.012363,4
OR.PA-press-62,29,0.035295,0.013409,4
OR.PA-press-62,30,0.026917,0.014773,4
OR.PA-press-64,1,-0.00746,0.0,2
OR.PA-press-64,2,-0.004134,0.0,2
OR.PA-press-64,3,-0.012438,0.0,2
OR.PA-press-64,4,-0.00372,0.0,2
OR.PA-press-64,5,-0.005372,0.0,2
OR.PA-press-64,6,0.005704,0.0,2
OR.PA-press-64,7,0.004872,0.0,2
OR.PA-press-64,8,0.005262,0.0,2
OR.PA-press-64,9,0.010516,0.0,2
OR.PA-press-64,10,0.010085,0.0,2
OR.PA-press-64,11,0.011267,0.0,2
OR.PA-press-64,12,0.015256,0.0,2
OR.PA-press-64,13,0.028353,0.0,2
OR.PA-press-64,14,0.032241,0.0,2
OR.PA-press-64,15,0.036493,0.0,2
OR.PA-press-64,16,0.034079,0.0,2
OR.PA-press-64,17,0.033231,0.0,2
OR.PA-press-64,18,0.026888,0.0,2
OR.PA-press-64,19,0.009382,0.0,2
OR.PA-press-64,20,0.00011,0.0,2
OR.PA-press-64,21,0.0089,0.0,2
OR.PA-press-64,22,0.002859,0.0,2
OR.PA-press-64,23,0.020296,0.0,2
OR.PA-press-64,24,0.030409,0.0,2
OR.PA-press-64,25,0.022922,0.0,2
OR.PA-press-64,26,0.011446,0.0,2
OR.PA-press-64,27,0.017697,0.0,2
OR.PA-press-64,28,0.012916,0.0,2
OR.PA-press-64,29,0.01207,0.0,2
OR.PA-press-64,30,0.001329,0.0,2
OR.PA-press-66,1,-0.001638,0.0,2
OR.PA-press-66,2,0.027585,0.0,2
OR.PA-press-66,3,0.02038,0.0,2
OR.PA-press-66,4,0.018044,0.0,2
OR.PA-press-66,5,0.035873,0.0,2
OR.PA-press-66,6,0.042389,0.0,2
OR.PA-press-66,7,0.058136,0.0,2
OR.PA-press-66,8,0.050408,0.0,2
OR.PA-press-66,9,0.060042,0.0,2
OR.PA-press-66,10,0.080125,0.0,2
OR.PA-press-66,11,0.081791,0.0,2
OR.PA-press-66,12,0.086419,0.0,2
OR.PA-press-66,13,0.089912,0.0,2
OR.PA-press-66,14,0.088197,0.0,2
OR.PA-press-66,15,0.126521,0.0,2
OR.PA-press-66,16,0.130882,0.0,2
OR.PA-press-66,17,0.117253,0.0,2
OR.PA-press-66,18,0.111876,0.0,2
OR.PA-press-66,19,0.126721,0.0,2
OR.PA-press-66,20,0.105325,0.0,2
OR.PA-press-66,21,0.114493,0.0,2
OR.PA-press-66,22,0.111014,0.0,2
OR.PA-press-66,23,0.116976,0.0,2
OR.PA-press-66,24,0.116276,0.0,2
OR.PA-press-66,25,0.116546,0.0,2
OR.PA-press-66,26,0.127051,0.0,2
OR.PA-press-66,27,0.126778,0.0,2
OR.PA-press-66,28,0.132832,0.0,2
OR.PA-press-66,29,0.132151,0.0,2
OR.PA-press-66,30,0.128846,0.0,2
OR.PA-press-68,1,0.006058,0.006195,7
OR.PA-press-68,2,0.021855,0.012139,7
OR.PA-press-68,3,0.013759,0.009063,7
OR.PA-press-68,4,0.007195,0.003312,7
OR.PA-press-68,5,0.007313,0.005437,7
OR.PA-press-68,6,0.009355,0.007508,7
OR.PA-press-68,7,0.009705,0.007169,7
OR.PA-press-68,8,0.012495,0.008468,7
OR.PA-press-68,9,0.023284,0.009239,7
OR.PA-press-68,10,0.028061,0.013271,7
OR.PA-press-68,11,0.034586,0.009296,7
OR.PA-press-68,12,0.032077,0.008553,7
OR.PA-press-68,13,0.029896,0.012465,7
OR.PA-press-68,14,0.03256,0.017661,7
OR.PA-press-68,15,0.037508,0.017096,7
OR.PA-press-68,16,0.04284,0.01736,7
OR.PA-press-68,17,0.038152,0.019827,7
OR.PA-press-68,18,0.034639,0.019652,7
OR.PA-press-68,19,0.043402,0.028635,7
OR.PA-press-68,20,0.053767,0.027555,7
OR.PA-press-68,21,0.06011,0.023004,7
OR.PA-press-68,22,0.057603,0.02221,7
OR.PA-press-68,23,0.057749,0.026052,7
OR.PA-press-68,24,0.049153,0.023863,7
OR.PA-press-68,25,0.050898,0.026137,7
OR.PA-press-68,26,0.057365,0.022961,7
OR.PA-press-68,27,0.058976,0.025202,7
OR.PA-press-68,28,0.065285,0.023065,7
OR.PA-press-68,29,0.069538,0.022501,7
OR.PA-press-68,30,0.07264,0.024457,7
OR.PA-press-71,1,-0.035159,0.0,4
OR.PA-press-71,2,-0.028858,0.0,4
OR.PA-press-71,3,-0.031192,0.0,4
OR.PA-press-71,4,-0.052225,0.0,4
OR.PA-press-71,5,-0.026791,0.0,4
OR.PA-press-71,6,-0.022698,0.0,4
OR.PA-press-71,7,-0.022834,0.0,4
OR.PA-press-71,8,-0.025455,0.0,4
OR.PA-press-71,9,-0.047806,0.0,4
OR.PA-press-71,10,-0.035163,0.0,4
OR.PA-press-71,11,-0.010302,0.0,4
OR.PA-press-71,12,-0.004662,0.0,4
OR.PA-press-71,13,-0.003778,0.0,4
OR.PA-press-71,14,0.005125,0.0,4
OR.PA-press-71,15,0.004725,0.0,4
OR.PA-press-71,16,0.013858,0.0,4
OR.PA-press-71,17,0.031735,0.0,4
OR.PA-press-71,18,0.02969,0.0,4
OR.PA-press-71,19,0.048293,0.0,4
OR.PA-press-71,20,0.053012,0.0,4
OR.PA-press-71,21,0.036662,0.0,4
OR.PA-press-71,22,0.051219,0.0,4
OR.PA-press-71,23,0.029209,0.0,4
OR.PA-press-71,24,0.012393,0.0,4
OR.PA-press-71,25,0.027039,0.0,4
OR.PA-press-71,26,0.061317,0.0,4
OR.PA-press-71,27,0.052753,0.0,4
OR.PA-press-71,28,0.044794,0.0,4
OR.PA-press-71,29,0.050109,0.0,4
OR.PA-press-71,30,0.047532,0.0,4
OR.PA-press-72,1,-0.007723,0.0,3
OR.PA-press-72,2,-0.011024,0.0,3
OR.PA-press-72,3,-0.018413,0.0,3
OR.PA-press-72,4,-0.010423,0.0,3
OR.PA-press-72,5,-0.021885,0.0,3
OR.PA-press-72,6,-0.029592,0.0,3
OR.PA-press-72,7,-0.043123,0.0,3
OR.PA-press-72,8,-0.04636,0.0,3
OR.PA-press-72,9,-0.050551,0.0,3
OR.PA-press-72,10,-0.048788,0.0,3
OR.PA-press-72,11,-0.067181,0.0,3
OR.PA-press-72,12,-0.064418,0.0,3
OR.PA-press-72,13,-0.0818,0.0,3
OR.PA-press-72,14,-0.070149,0.0,3
OR.PA-press-72,15,-0.091798,0.0,3
OR.PA-press-72,16,-0.110735,0.0,3
OR.PA-press-72,17,-0.096357,0.0,3
OR.PA-press-72,18,-0.075163,0.0,3
OR.PA-press-72,19,-0.049609,0.0,3
OR.PA-press-72,20,-0.050553,0.0,3
OR.PA-press-72,21,-0.051496,0.0,3
OR.PA-press-72,22,-0.060248,0.0,3
OR.PA-press-72,23,-0.053652,0.0,3
OR.PA-press-72,24,-0.051248,0.0,3
OR.PA-press-72,25,-0.051256,0.0,3
OR.PA-press-72,26,-0.031316,0.0,3
OR.PA-press-72,27,-0.05448,0.0,3
OR.PA-press-72,28,-0.057432,0.0,3
OR.PA-press-72,29,-0.073227,0.0,3
OR.PA-press-72,30,-0.084013,0.0,3
OR.PA-press-74,1,-0.003464,0.004175,5
OR.PA-press-74,2,0.005052,0.010985,5
OR.PA-press-74,3,0.007542,0.013845,5
OR.PA-press-74,4,0.002723,0.011613,5
OR.PA-press-74,5,-0.004797,0.015511,5
OR.PA-press-74,6,0.003369,0.022103,5
OR.PA-press-74,7,0.005855,0.021185,5
OR.PA-press-74,8,0.005343,0.019472,5
OR.PA-press-74,9,0.001531,0.02367,5
OR.PA-press-74,10,-0.003982,0.023924,5
OR.PA-press-74,11,0.000546,0.027044,5
OR.PA-press-74,12,0.012743,0.027203,5
OR.PA-press-74,13,0.003415,0.030953,5
OR.PA-press-74,14,0.003786,0.03211,5
OR.PA-press-74,15,0.010393,0.03379,5
OR.PA-press-74,16,-0.005634,0.037708,5
OR.PA-press-74,17,-0.003024,0.037071,5
OR.PA-press-74,18,-0.006443,0.036919,5
OR.PA-press-74,19,-0.000662,0.039906,5
OR.PA-press-74,20,-0.00102,0.041172,5
OR.PA-press-74,21,0.00512,0.041541,5
OR.PA-press-74,22,0.007851,0.042229,5
OR.PA-press-74,23,0.007291,0.040405,5
OR.PA-press-74,24,0.008816,0.043201,5
OR.PA-press-74,25,0.010756,0.044545,5
OR.PA-press-74,26,0.014817,0.044515,5
OR.PA-press-74,27,0.013782,0.04548,5
OR.PA-press-74,28,0.004181,0.048228,5
OR.PA-press-74,29,0.014648,0.046973,5
OR.PA-press-74,30,0.012362,0.049213,5
OR.PA-press-75,1,0.023224,0.00271,5
OR.PA-press-75,2,-0.000388,0.004939,5
OR.PA-press-75,3,0.005984,0.002667,5
OR.PA-press-75,4,-0.010349,0.008561,5
OR.PA-press-75,5,-0.016827,0.006536,5
OR.PA-press-75,6,-0.004232,0.008653,5
OR.PA-press-75,7,-0.007052,0.011951,5
OR.PA-press-75,8,-0.009895,0.014364,5
OR.PA-press-75,9,-0.017901,0.013681,5
OR.PA-press-75,10,-0.019567,0.015668,5
OR.PA-press-75,11,-0.012754,0.012287,5
OR.PA-press-75,12,0.003017,0.007393,5
OR.PA-press-75,13,0.015736,0.004282,5
OR.PA-press-75,14,0.011219,0.001719,5
OR.PA-press-75,15,0.016287,0.003788,5
OR.PA-press-75,16,0.008906,0.006547,5
OR.PA-press-75,17,0.000374,0.003022,5
OR.PA-press-75,18,0.011571,0.008272,5
OR.PA-press-75,19,0.003237,0.006641,5
OR.PA-press-75,20,0.010503,0.012186,5
OR.PA-press-75,21,0.024957,0.008194,5
OR.PA-press-75,22,0.040785,0.016084,5
OR.PA-press-75,23,0.055488,0.020776,5
OR.PA-press-75,24,0.048825,0.01643,5
OR.PA-press-75,25,0.040778,0.015354,5
OR.PA-press-75,26,0.051226,0.01545,5
OR.PA-press-75,27,0.04701,0.01812,5
OR.PA-press-75,28,0.046502,0.015316,5
OR.PA-press-75,29,0.05634,0.016744,5
OR.PA-press-75,30,0.061419,0.005164,5
OR.PA-press-77,1,0.012013,0.011092,3
OR.PA-press-77,2,-0.001465,0.016106,3
OR.PA-press-77,3,-0.007923,0.023996,3
OR.PA-press-77,4,0.00999,0.004573,3
OR.PA-press-77,5,0.010513,0.003128,3
OR.PA-press-77,6,0.017042,0.006794,3
OR.PA-press-77,7,0.021629,0.004807,3
OR.PA-press-77,8,0.030133,0.016769,3
OR.PA-press-77,9,0.034839,0.026539,3
OR.PA-press-77,10,0.039975,0.024149,3
OR.PA-press-77,11,0.032376,0.022059,3
OR.PA-press-77,12,0.040493,0.022236,3
OR.PA-press-77,13,0.040415,0.023813,3
OR.PA-press-77,14,0.036121,0.028856,3
OR.PA-press-77,15,0.029382,0.032616,3
OR.PA-press-77,16,0.029537,0.029464,3
OR.PA-press-77,17,0.023582,0.036786,3
OR.PA-press-77,18,0.02963,0.036815,3
OR.PA-press-77,19,0.031252,0.034591,3
OR.PA-press-77,20,0.035875,0.036405,3
OR.PA-press-77,21,0.026381,0.032909,3
OR.PA-press-77,22,0.034265,0.039328,3
OR.PA-press-77,23,0.015336,0.054505,3
OR.PA-press-77,24,0.021939,0.055128,3
OR.PA-press-77,25,0.016992,0.052926,3
OR.PA-press-77,26,0.017845,0.054233,3
OR.PA-press-77,27,0.013623,0.052761,3
OR.PA-press-77,28,0.008985,0.053051,3
OR.PA-press-77,29,0.011586,0.051855,3
OR.PA-press-77,30,0.014264,0.043765,3
OR.PA-press-79,1,-0.00027,0.001087,10
OR.PA-press-79,2,-0.010547,0.003307,10
OR.PA-press-79,3,-0.00542,0.003557,10
OR.PA-press-79,4,0.000389,0.002895,10
OR.PA-press-79,5,0.007414,0.001313,10
OR.PA-press-79,6,0.005584,0.002223,10
OR.PA-press-79,7,0.002278,0.005457,10
OR.PA-press-79,8,-0.001635,0.005279,10
OR.PA-press-79,9,0.004288,0.00428,10
OR.PA-press-79,10,0.007458,0.006851,10
OR.PA-press-79,11,0.006501,0.008727,10
OR.PA-press-79,12,0.007307,0.009585,10
OR.PA-press-79,13,0.003351,0.011126,10
OR.PA-press-79,14,0.008135,0.010718,10
OR.PA-press-79,15,0.01869,0.012577,10
OR.PA-press-79,16,0.023812,0.012971,10
OR.PA-press-79,17,0.025968,0.01467,10
OR.PA-press-79,18,0.029656,0.01651,10
OR.PA-press-79,19,0.029002,0.014383,10
OR.PA-press-79,20,0.033369,0.01416,10
OR.PA-press-79,21,0.024722,0.014491,10
OR.PA-press-79,22,0.011994,0.012057,10
OR.PA-press-79,23,0.018697,0.01133,10
OR.PA-press-79,24,0.020926,0.018585,10
OR.PA-press-79,25,0.023764,0.020172,10
OR.PA-press-79,26,0.016841,0.019325,10
OR.PA-press-79,27,0.014698,0.019975,10
OR.PA-press-79,28,0.010901,0.021325,10
OR.PA-press-79,29,0.004391,0.019215,10
OR.PA-press-79,30,0.001335,0.01531,10
OR.PA-press-80,1,0.008088,0.001472,7
OR.PA-press-80,2,-0.007522,0.006838,7
OR.PA-press-80,3,0.009047,0.0073,7
OR.PA-press-80,4,-0.013084,0.007441,7
OR.PA-press-80,5,-0.003198,0.006972,7
OR.PA-press-80,6,-0.01486,0.014184,7
OR.PA-press-80,7,-0.018128,0.014948,7
OR.PA-press-80,8,-0.010332,0.012962,7
OR.PA-press-80,9,-0.013739,0.014955,7
OR.PA-press-80,10,-0.016911,0.016098,7
OR.PA-press-80,11,-0.018251,0.019949,7
OR.PA-press-80,12,-0.019795,0.021517,7
OR.PA-press-80,13,-0.009967,0.021215,7
OR.PA-press-80,14,0.00622,0.018417,7
OR.PA-press-80,15,0.015709,0.014711,7
OR.PA-press-80,16,0.015669,0.015748,7
OR.PA-press-80,17,0.01507,0.014006,7
OR.PA-press-80,18,0.005182,0.014809,7
OR.PA-press-80,19,0.009717,0.01694,7
OR.PA-press-80,20,0.026629,0.016568,7
OR.PA-press-80,21,0.019238,0.018572,7
OR.PA-press-80,22,0.027808,0.016359,7
OR.PA-press-80,23,0.035201,0.014218,7
OR.PA-press-80,24,0.052835,0.01108,7
OR.PA-press-80,25,0.064305,0.009348,7
OR.PA-press-80,26,0.055417,0.011252,7
OR.PA-press-80,27,0.04888,0.012709,7
OR.PA-press-80,28,0.053695,0.011983,7
OR.PA-press-80,29,0.053388,0.01324,7
OR.PA-press-80,30,0.052747,0.01342,7
OR.PA-press-85,1,0.003931,0.0,3
OR.PA-press-85,2,-0.001127,0.0,3
OR.PA-press-85,3,0.02132,0.0,3
OR.PA-press-85,4,0.024622,0.0,3
OR.PA-press-85,5,0.004112,0.0,3
OR.PA-press-85,6,0.049078,0.0,3
OR.PA-press-85,7,0.033367,0.0,3
OR.PA-press-85,8,0.028037,0.0,3
OR.PA-press-85,9,0.022534,0.0,3
OR.PA-press-85,10,0.033771,0.0,3
OR.PA-press-85,11,0.027461,0.0,3
OR.PA-press-85,12,0.004104,0.0,3
OR.PA-press-85,13,0.023857,0.0,3
OR.PA-press-85,14,0.007832,0.0,3
OR.PA-press-85,15,-0.008467,0.0,3
OR.PA-press-85,16,-0.008826,0.0,3
OR.PA-press-85,17,0.077475,0.0,3
OR.PA-press-85,18,0.082089,0.0,3
OR.PA-press-85,19,0.072738,0.0,3
OR.PA-press-85,20,0.072836,0.0,3
OR.PA-press-85,21,0.070743,0.0,3
OR.PA-press-85,22,0.072339,0.0,3
OR.PA-press-85,23,0.055205,0.0,3
OR.PA-press-85,24,0.060148,0.0,3
OR.PA-press-85,25,0.093317,0.0,3
OR.PA-press-85,26,0.076394,0.0,3
OR.PA-press-85,27,0.065801,0.0,3
OR.PA-press-85,28,0.03993,0.0,3
OR.PA-press-85,29,0.055034,0.0,3
OR.PA-press-85,30,0.046302,0.0,3
OR.PA-press-87,1,0.011616,0.0,7
OR.PA-press-87,2,0.011489,0.0,7
OR.PA-press-87,3,0.005523,0.0,7
OR.PA-press-87,4,-0.02588,0.0,7
OR.PA-press-87,5,-0.012933,0.0,7
OR.PA-press-87,6,-0.02246,0.0,7
OR.PA-press-87,7,-0.031923,0.0,7
OR.PA-press-87,8,-0.016161,0.0,7
OR.PA-press-87,9,-0.013368,0.0,7
OR.PA-press-87,10,-0.018753,0.0,7
OR.PA-press-87,11,-0.022962,0.0,7
OR.PA-press-87,12,-0.026516,0.0,7
OR.PA-press-87,13,-0.028611,0.0,7
OR.PA-press-87,14,-0.035244,0.0,7
OR.PA-press-87,15,-0.038015,0.0,7
OR.PA-press-87,16,-0.027458,0.0,7
OR.PA-press-87,17,-0.045851,0.0,7
OR.PA-press-87,18,-0.01376,0.0,7
OR.PA-press-87,19,-0.023956,0.0,7
OR.PA-press-87,20,-0.007654,0.0,7
OR.PA-press-87,21,-0.012313,0.0,7
OR.PA-press-87,22,0.007566,0.0,7
OR.PA-press-87,23,0.015753,0.0,7
OR.PA-press-87,24,0.015972,0.0,7
OR.PA-press-87,25,0.021319,0.0,7
OR.PA-press-87,26,0.013769,0.0,7
OR.PA-press-87,27,0.024591,0.0,7
OR.PA-press-87,28,0.029982,0.0,7
OR.PA-press-87,29,0.042776,0.0,7
OR.PA-press-87,30,0.051772,0.0,7
OR.PA-press-88,1,-0.035159,0.0,3
OR.PA-press-88,2,-0.028858,0.0,3
OR.PA-press-88,3,-0.031192,0.0,3
OR.PA-press-88,4,-0.052225,0.0,3
OR.PA-press-88,5,-0.026791,0.0,3
OR.PA-press-88,6,-0.022698,0.0,3
OR.PA-press-88,7,-0.022834,0.0,3
OR.PA-press-88,8,-0.025455,0.0,3
OR.PA-press-88,9,-0.047806,0.0,3
OR.PA-press-88,10,-0.035163,0.0,3
OR.PA-press-88,11,-0.010302,0.0,3
OR.PA-press-88,12,-0.004662,0.0,3
OR.PA-press-88,13,-0.003778,0.0,3
OR.PA-press-88,14,0.005125,0.0,3
OR.PA-press-88,15,0.004725,0.0,3
OR.PA-press-88,16,0.013858,0.0,3
OR.PA-press-88,17,0.031735,0.0,3
OR.PA-press-88,18,0.02969,0.0,3
OR.PA-press-88,19,0.048293,0.0,3
OR.PA-press-88,20,0.053012,0.0,3
OR.PA-press-88,21,0.036662,0.0,3
OR.PA-press-88,22,0.051219,0.0,3
OR.PA-press-88,23,0.029209,0.0,3
OR.PA-press-88,24,0.012393,0.0,3
OR.PA-press-88,25,0.027039,0.0,3
OR.PA-press-88,26,0.061317,0.0,3
OR.PA-press-88,27,0.052753,0.0,3
OR.PA-press-88,28,0.044794,0.0,3
OR.PA-press-88,29,0.050109,0.0,3
OR.PA-press-88,30,0.047532,0.0,3
OR.PA-press-89,1,-0.035159,0.0,3
OR.PA-press-89,2,-0.028858,0.0,3
OR.PA-press-89,3,-0.031192,0.0,3
OR.PA-press-89,4,-0.052225,0.0,3
OR.PA-press-89,5,-0.026791,0.0,3
OR.PA-press-89,6,-0.022698,0.0,3
OR.PA-press-89,7,-0.022834,0.0,3
OR.PA-press-89,8,-0.025455,0.0,3
OR.PA-press-89,9,-0.047806,0.0,3
OR.PA-press-89,10,-0.035163,0.0,3
OR.PA-press-89,11,-0.010302,0.0,3
OR.PA-press-89,12,-0.004662,0.0,3
OR.PA-press-89,13,-0.003778,0.0,3
OR.PA-press-89,14,0.005125,0.0,3
OR.PA-press-89,15,0.004725,0.0,3
OR.PA-press-89,16,0.013858,0.0,3
OR.PA-press-89,17,0.031735,0.0,3
OR.PA-press-89,18,0.02969,0.0,3
OR.PA-press-89,19,0.048293,0.0,3
OR.PA-press-89,20,0.053012,0.0,3
OR.PA-press-89,21,0.036662,0.0,3
OR.PA-press-89,22,0.051219,0.0,3
OR.PA-press-89,23,0.029209,0.0,3
OR.PA-press-89,24,0.012393,0.0,3
OR.PA-press-89,25,0.027039,0.0,3
OR.PA-press-89,26,0.061317,0.0,3
OR.PA-press-89,27,0.052753,0.0,3
OR.PA-press-89,28,0.044794,0.0,3
OR.PA-press-89,29,0.050109,0.0,3
OR.PA-press-89,30,0.047532,0.0,3
OR.PA-press-90,1,-0.009464,0.004104,11
OR.PA-press-90,2,-0.009074,0.00099,11
OR.PA-press-90,3,-0.01686,0.007541,11
OR.PA-press-90,4,-0.027431,0.013161,11
OR.PA-press-90,5,-0.032194,0.015286,11
OR.PA-press-90,6,-0.030593,0.011895,11
OR.PA-press-90,7,-0.022304,0.009371,11
OR.PA-press-90,8,-0.032169,0.012435,11
OR.PA-press-90,9,-0.025168,0.01257,11
OR.PA-press-90,10,-0.030922,0.013937,11
OR.PA-press-90,11,-0.029648,0.017145,11
OR.PA-press-90,12,-0.03585,0.017245,11
OR.PA-press-90,13,-0.030207,0.015686,11
OR.PA-press-90,14,-0.02756,0.015464,11
OR.PA-press-90,15,-0.029036,0.019064,11
OR.PA-press-90,16,-0.020637,0.018665,11
OR.PA-press-90,17,-0.028003,0.018299,11
OR.PA-press-90,18,-0.033667,0.019673,11
OR.PA-press-90,19,-0.028383,0.022507,11
OR.PA-press-90,20,-0.020356,0.021564,11
OR.PA-press-90,21,-0.016158,0.019842,11
OR.PA-press-90,22,-0.007695,0.019508,11
OR.PA-press-90,23,-0.013247,0.01973,11
OR.PA-press-90,24,-0.010063,0.021157,11
OR.PA-press-90,25,-0.00588,0.022433,11
OR.PA-press-90,26,-0.005001,0.022693,11
OR.PA-press-90,27,-0.008723,0.023227,11
OR.PA-press-90,28,-0.006896,0.023663,11
OR.PA-press-90,29,-0.009553,0.022995,11
OR.PA-press-90,30,-0.012753,0.024203,11
OR.PA-press-92,1,0.007429,,1
OR.PA-press-92,2,-0.01179,,1
OR.PA-press-92,3,-0.026318,,1
OR.PA-press-92,4,-0.032259,,1
OR.PA-press-92,5,-0.046297,,1
OR.PA-press-92,6,-0.022207,,1
OR.PA-press-92,7,-0.031787,,1
OR.PA-press-92,8,-0.026945,,1
OR.PA-press-92,9,-0.034952,,1
OR.PA-press-92,10,-0.022196,,1
OR.PA-press-92,11,-0.003426,,1
OR.PA-press-92,12,0.001235,,1
OR.PA-press-92,13,-0.016712,,1
OR.PA-press-92,14,-0.02268,,1
OR.PA-press-92,15,-0.027945,,1
OR.PA-press-92,16,-0.029581,,1
OR.PA-press-92,17,-0.038901,,1
OR.PA-press-92,18,-0.047428,,1
OR.PA-press-92,19,-0.044641,,1
OR.PA-press-92,20,-0.015761,,1
OR.PA-press-92,21,-0.033026,,1
OR.PA-press-92,22,-0.026203,,1
OR.PA-press-92,23,-0.044101,,1
OR.PA-press-92,24,-0.046846,,1
OR.PA-press-92,25,-0.06034,,1
OR.PA-press-92,26,-0.072361,,1
OR.PA-press-92,27,-0.073771,,1
OR.PA-press-92,28,-0.078959,,1
OR.PA-press-92,29,-0.067328,,1
OR.PA-press-92,30,-0.070606,,1
OR.PA-press-94,1,-0.035159,,1
OR.PA-press-94,2,-0.028858,,1
OR.PA-press-94,3,-0.031192,,1
OR.PA-press-94,4,-0.052225,,1
OR.PA-press-94,5,-0.026791,,1
OR.PA-press-94,6,-0.022698,,1
OR.PA-press-94,7,-0.022834,,1
OR.PA-press-94,8,-0.025455,,1
OR.PA-press-94,9,-0.047806,,1
OR.PA-press-94,10,-0.035163,,1
OR.PA-press-94,11,-0.010302,,1
OR.PA-press-94,12,-0.004662,,1
OR.PA-press-94,13,-0.003778,,1
OR.PA-press-94,14,0.005125,,1
OR.PA-press-94,15,0.004725,,1
OR.PA-press-94,16,0.013858,,1
OR.PA-press-94,17,0.031735,,1
OR.PA-press-94,18,0.02969,,1
OR.PA-press-94,19,0.048293,,1
OR.PA-press-94,20,0.053012,,1
OR.PA-press-94,21,0.036662,,1
OR.PA-press-94,22,0.051219,,1
OR.PA-press-94,23,0.029209,,1
OR.PA-press-94,24,0.012393,,1
OR.PA-press-94,25,0.027039,,1
OR.PA-press-94,26,0.061317,,1
OR.PA-press-94,27,0.052753,,1
OR.PA-press-94,28,0.044794,,1
OR.PA-press-94,29,0.050109,,1
OR.PA-press-94,30,0.047532,,1
OR.PA-press-97,1,-0.001529,0.001861,13
OR.PA-press-97,2,0.010022,0.001451,13
OR.PA-press-97,3,0.000701,0.0029,13
OR.PA-press-97,4,-0.006183,0.002571,13
OR.PA-press-97,5,-0.003729,0.002582,13
OR.PA-press-97,6,0.013897,0.006452,13
OR.PA-press-97,7,0.01876,0.006685,13
OR.PA-press-97,8,0.027466,0.00732,13
OR.PA-press-97,9,0.026592,0.005888,13
OR.PA-press-97,10,0.038409,0.004867,13
OR.PA-press-97,11,0.040915,0.00631,13
OR.PA-press-97,12,0.041189,0.008953,13
OR.PA-press-97,13,0.030747,0.006535,13
OR.PA-press-97,14,0.031782,0.006287,13
OR.PA-press-97,15,0.023495,0.006247,13
OR.PA-press-97,16,0.020346,0.005231,13
OR.PA-press-97,17,0.026551,0.005798,13
OR.PA-press-97,18,0.030699,0.006981,13
OR.PA-press-97,19,0.010971,0.006892,13
OR.PA-press-97,20,0.005137,0.006278,13
OR.PA-press-97,21,0.014341,0.00733,13
OR.PA-press-97,22,0.016937,0.007235,13
OR.PA-press-97,23,0.014002,0.007502,13
OR.PA-press-97,24,0.020597,0.0072,13
OR.PA-press-97,25,0.014679,0.008395,13
OR.PA-press-97,26,0.022384,0.006791,13
OR.PA-press-97,27,0.013845,0.005847,13
OR.PA-press-97,28,0.024767,0.006285,13
OR.PA-press-97,29,0.032914,0.00683,13
OR.PA-press-97,30,0.041099,0.008243,13
OR.PA-press-99,1,0.000685,0.005933,4
OR.PA-press-99,2,0.004916,0.005312,4
OR.PA-press-99,3,-0.004512,0.008694,4
OR.PA-press-99,4,-0.019225,0.003902,4
OR.PA-press-99,5,-0.009304,0.012177,4
OR.PA-press-99,6,-0.024122,0.010336,4
OR.PA-press-99,7,-0.023114,0.011131,4
OR.PA-press-99,8,-0.03285,0.009661,4
OR.PA-press-99,9,-0.036825,0.004143,4
OR.PA-press-99,10,-0.034143,0.006257,4
OR.PA-press-99,11,-0.030647,0.006727,4
OR.PA-press-99,12,-0.034174,0.002588,4
OR.PA-press-99,13,-0.042124,0.003525,4
OR.PA-press-99,14,-0.054135,0.009847,4
OR.PA-press-99,15,-0.052099,0.008128,4
OR.PA-press-99,16,-0.043129,0.010271,4
OR.PA-press-99,17,-0.043458,0.01616,4
OR.PA-press-99,18,-0.051129,0.018532,4
OR.PA-press-99,19,-0.061522,0.022803,4
OR.PA-press-99,20,-0.063638,0.020248,4
OR.PA-press-99,21,-0.051412,0.016563,4
OR.PA-press-99,22,-0.050043,0.022664,4
OR.PA-press-99,23,-0.05934,0.021684,4
OR.PA-press-99,24,-0.063332,0.027003,4
OR.PA-press-99,25,-0.056682,0.028826,4
OR.PA-press-99,26,-0.047158,0.035139,4
OR.PA-press-99,27,-0.044167,0.038945,4
OR.PA-press-99,28,-0.048176,0.036003,4
OR.PA-press-99,29,-0.038502,0.030636,4
OR.PA-press-99,30,-0.046293,0.035665,4
OR.PA-press-101,1,-0.000295,0.006684,3
OR.PA-press-101,2,-0.022936,0.004847,3
OR.PA-press-101,3,-0.008798,0.003489,3
OR.PA-press-101,4,-0.019513,0.006381,3
OR.PA-press-101,5,-0.003909,0.005048,3
OR.PA-press-101,6,-0.012851,0.004274,3
OR.PA-press-101,7,-0.016691,0.012491,3
OR.PA-press-101,8,-0.014226,0.011191,3
OR.PA-press-101,9,-0.016272,0.006965,3
OR.PA-press-101,10,-0.011218,0.017384,3
OR.PA-press-101,11,0.002462,0.032084,3
OR.PA-press-101,12,-0.002475,0.023197,3
OR.PA-press-101,13,-0.013793,0.021927,3
OR.PA-press-101,14,-0.013592,0.023221,3
OR.PA-press-101,15,-0.007442,0.02957,3
OR.PA-press-101,16,-0.014121,0.032392,3
OR.PA-press-101,17,-0.017915,0.030005,3
OR.PA-press-101,18,-0.019345,0.025116,3
OR.PA-press-101,19,-0.035279,0.021852,3
OR.PA-press-101,20,-0.036993,0.029705,3
OR.PA-press-101,21,-0.039901,0.040094,3
OR.PA-press-101,22,-0.048403,0.033886,3
OR.PA-press-101,23,-0.055494,0.026332,3
OR.PA-press-101,24,-0.049413,0.034163,3
OR.PA-press-101,25,-0.058665,0.035711,3
OR.PA-press-101,26,-0.06473,0.040464,3
OR.PA-press-101,27,-0.068294,0.038555,3
OR.PA-press-101,28,-0.070355,0.029367,3
OR.PA-press-101,29,-0.072114,0.033182,3
OR.PA-press-101,30,-0.068068,0.038558,3
OR.PA-press-103,1,0.002801,0.014049,2
OR.PA-press-103,2,0.008347,0.002912,2
OR.PA-press-103,3,0.011893,0.012216,2
OR.PA-press-103,4,0.020037,0.007678,2
OR.PA-press-103,5,0.025756,0.009957,2
OR.PA-press-103,6,0.031827,0.008198,2
OR.PA-press-103,7,0.040691,0.012917,2
OR.PA-press-103,8,0.05129,0.010101,2
OR.PA-press-103,9,0.059868,0.011063,2
OR.PA-press-103,10,0.063788,0.005611,2
OR.PA-press-103,11,0.065622,0.009143,2
OR.PA-press-103,12,0.067881,0.006204,2
OR.PA-press-103,13,0.067479,0.006649,2
OR.PA-press-103,14,0.075099,0.014393,2
OR.PA-press-103,15,0.086267,0.010365,2
OR.PA-press-103,16,0.093354,0.01048,2
OR.PA-press-103,17,0.099807,0.009897,2
OR.PA-press-103,18,0.094467,0.001145,2
OR.PA-press-103,19,0.089158,0.010095,2
OR.PA-press-103,20,0.08287,0.001957,2
OR.PA-press-103,21,0.066103,0.000216,2
OR.PA-press-103,22,0.059439,0.008313,2
OR.PA-press-103,23,0.063752,0.010928,2
OR.PA-press-103,24,0.05089,0.008693,2
OR.PA-press-103,25,0.033845,0.006911,2
OR.PA-press-103,26,0.027562,0.002236,2
OR.PA-press-103,27,0.032664,0.018464,2
OR.PA-press-103,28,0.0332,0.002163,2
OR.PA-press-103,29,0.026413,0.011309,2
OR.PA-press-103,30,0.039085,0.017463,2
OR.PA-press-106,1,-0.005214,,1
OR.PA-press-106,2,-0.010836,,1
OR.PA-press-106,3,-0.010713,,1
OR.PA-press-106,4,-0.000662,,1
OR.PA-press-106,5,0.005893,,1
OR.PA-press-106,6,0.001094,,1
OR.PA-press-106,7,0.002727,,1
OR.PA-press-106,8,-0.002465,,1
OR.PA-press-106,9,-0.008828,,1
OR.PA-press-106,10,-0.006032,,1
OR.PA-press-106,11,-0.006293,,1
OR.PA-press-106,12,-0.009227,,1
OR.PA-press-106,13,-0.006433,,1
OR.PA-press-106,14,-0.012428,,1
OR.PA-press-106,15,-0.02116,,1
OR.PA-press-106,16,-0.033481,,1
OR.PA-press-106,17,-0.034133,,1
OR.PA-press-106,18,-0.034394,,1
OR.PA-press-106,19,-0.027242,,1
OR.PA-press-106,20,-0.025174,,1
OR.PA-press-106,21,-0.02893,,1
OR.PA-press-106,22,-0.022598,,1
OR.PA-press-106,23,-0.050289,,1
OR.PA-press-106,24,-0.053335,,1
OR.PA-press-106,25,-0.045264,,1
OR.PA-press-106,26,-0.05306,,1
OR.PA-press-106,27,-0.031661,,1
OR.PA-press-106,28,-0.041709,,1
OR.PA-press-106,29,-0.036868,,1
OR.PA-press-106,30,-0.041443,,1
OR.PA-press-107,1,0.022396,0.005751,4
OR.PA-press-107,2,0.018749,0.014846,4
OR.PA-press-107,3,0.003663,0.000663,4
OR.PA-press-107,4,0.003664,0.005945,4
OR.PA-press-107,5,-0.006103,0.006112,4
OR.PA-press-107,6,-0.005289,0.000355,4
OR.PA-press-107,7,0.017018,0.006487,4
OR.PA-press-107,8,0.036926,0.00084,4
OR.PA-press-107,9,0.057904,0.007295,4
OR.PA-press-107,10,0.046056,0.019602,4
OR.PA-press-107,11,0.012744,0.004907,4
OR.PA-press-107,12,-0.001855,0.008607,4
OR.PA-press-107,13,-0.000245,0.004642,4
OR.PA-press-107,14,0.020908,0.002866,4
OR.PA-press-107,15,0.034576,0.000511,4
OR.PA-press-107,16,0.034182,0.005062,4
OR.PA-press-107,17,0.013234,0.011165,4
OR.PA-press-107,18,-0.010824,0.006668,4
OR.PA-press-107,19,-0.016355,0.000278,4
OR.PA-press-107,20,0.001749,0.007168,4
OR.PA-press-107,21,0.013155,0.003954,4
OR.PA-press-107,22,0.019114,0.004213,4
OR.PA-press-107,23,0.019115,0.007203,4
OR.PA-press-107,24,0.008744,0.001585,4
OR.PA-press-107,25,0.014352,0.002213,4
OR.PA-press-107,26,0.015159,0.004167,4
OR.PA-press-107,27,0.015757,0.002283,4
OR.PA-press-107,28,0.038762,0.008961,4
OR.PA-press-107,29,0.059221,0.001004,4
OR.PA-press-107,30,0.056525,0.004218,4
OR.PA-press-111,1,-0.006211,0.012002,4
OR.PA-press-111,2,-0.005472,0.006021,4
OR.PA-press-111,3,-0.0253,0.011399,4
OR.PA-press-111,4,-0.038984,0.022174,4
OR.PA-press-111,5,-0.038893,0.027356,4
OR.PA-press-111,6,-0.032493,0.020882,4
OR.PA-press-111,7,-0.023982,0.014364,4
OR.PA-press-111,8,-0.039088,0.019493,4
OR.PA-press-111,9,-0.042594,0.014388,4
OR.PA-press-111,10,-0.043465,0.016985,4
OR.PA-press-111,11,-0.049962,0.022267,4
OR.PA-press-111,12,-0.054907,0.020208,4
OR.PA-press-111,13,-0.052367,0.01679,4
OR.PA-press-111,14,-0.042224,0.011588,4
OR.PA-press-111,15,-0.049833,0.011004,4
OR.PA-press-111,16,-0.044366,0.003679,4
OR.PA-press-111,17,-0.051239,0.005894,4
OR.PA-press-111,18,-0.061189,0.009116,4
OR.PA-press-111,19,-0.054589,0.009116,4
OR.PA-press-111,20,-0.041289,0.006209,4
OR.PA-press-111,21,-0.040793,0.008114,4
OR.PA-press-111,22,-0.038211,0.014641,4
OR.PA-press-111,23,-0.053161,0.01827,4
OR.PA-press-111,24,-0.048441,0.019483,4
OR.PA-press-111,25,-0.041746,0.018792,4
OR.PA-press-111,26,-0.043047,0.022665,4
OR.PA-press-111,27,-0.049595,0.021974,4
OR.PA-press-111,28,-0.055703,0.025358,4
OR.PA-press-111,29,-0.058925,0.023876,4
OR.PA-press-111,30,-0.059102,0.018343,4
OR.PA-press-113,1,0.01117,,1
OR.PA-press-113,2,0.026239,,1
OR.PA-press-113,3,0.018898,,1
OR.PA-press-113,4,0.008782,,1
OR.PA-press-113,5,0.014921,,1
OR.PA-press-113,6,0.028171,,1
OR.PA-press-113,7,0.021286,,1
OR.PA-press-113,8,0.027356,,1
OR.PA-press-113,9,0.032507,,1
OR.PA-press-113,10,0.030992,,1
OR.PA-press-113,11,0.0268,,1
OR.PA-press-113,12,0.027061,,1
OR.PA-press-113,13,0.010219,,1
OR.PA-press-113,14,0.017716,,1
OR.PA-press-113,15,0.024714,,1
OR.PA-press-113,16,0.024078,,1
OR.PA-press-113,17,0.03769,,1
OR.PA-press-113,18,0.028177,,1
OR.PA-press-113,19,0.046576,,1
OR.PA-press-113,20,0.051211,,1
OR.PA-press-113,21,0.043584,,1
OR.PA-press-113,22,0.048234,,1
OR.PA-press-113,23,0.051119,,1
OR.PA-press-113,24,0.067415,,1
OR.PA-press-113,25,0.082611,,1
OR.PA-press-113,26,0.079052,,1
OR.PA-press-113,27,0.077184,,1
OR.PA-press-113,28,0.079573,,1
OR.PA-press-113,29,0.088722,,1
OR.PA-press-113,30,0.077966,,1
