canonical_id,ticker,corpus,direction,polarity,corpus_presence,sector_tag,n_ptcs,is_noise,representative_mechanism,source_ids,matched_canonical_id,cross_map_similarity
OR.PA-management-noise-643,OR.PA,management,precursor,1,insider_only,untagged,1,True,Mandate to purchase own shares.,"[""OR.PA-management-2026-04-22-2026-04-22-first-quarter-2026-sales""]",,
OR.PA-management-noise-642,OR.PA,management,consequence,1,insider_only,untagged,1,True,Recognition as Supplier Engagement Leader by CDP.,"[""OR.PA-management-2026-04-22-2026-04-22-first-quarter-2026-sales""]",,
OR.PA-management-noise-641,OR.PA,management,consequence,1,insider_only,untagged,1,True,Recognition in Equileap's Gender Equality Global Ranking.,"[""OR.PA-management-2026-04-22-2026-04-22-first-quarter-2026-sales""]",,
OR.PA-management-noise-640,OR.PA,management,consequence,1,insider_only,untagged,1,True,Recognition as World’s Most Ethical Companies by Ethisphere.,"[""OR.PA-management-2026-04-22-2026-04-22-first-quarter-2026-sales""]",,
OR.PA-management-noise-639,OR.PA,management,precursor,1,insider_only,untagged,1,True,Additional commitment to L’Oréal Fund for Women.,"[""OR.PA-management-2026-04-22-2026-04-22-first-quarter-2026-sales""]",,
OR.PA-management-noise-638,OR.PA,management,precursor,1,insider_only,untagged,1,True,Expansion of AI partnership with NVIDIA.,"[""OR.PA-management-2026-04-22-2026-04-22-first-quarter-2026-sales""]",,
OR.PA-management-noise-637,OR.PA,management,precursor,1,insider_only,untagged,1,True,Research partnership with Institut Pasteur.,"[""OR.PA-management-2026-04-22-2026-04-22-first-quarter-2026-sales""]",,
OR.PA-management-noise-636,OR.PA,management,precursor,1,insider_only,untagged,1,True,Positive growth in Mexico despite more modest market growth and retailer stock adjustments.,"[""OR.PA-management-2026-04-22-2026-04-22-first-quarter-2026-sales""]",,
OR.PA-management-noise-635,OR.PA,management,precursor,1,insider_only,untagged,1,True,Progress led by Brazil and the Andean Region.,"[""OR.PA-management-2026-04-22-2026-04-22-first-quarter-2026-sales""]",,
OR.PA-management-noise-634,OR.PA,management,precursor,1,insider_only,untagged,1,True,Largest growth contributor from Consumer Products fueled by haircare.,"[""OR.PA-management-2026-04-22-2026-04-22-first-quarter-2026-sales""]",,
OR.PA-management-noise-633,OR.PA,management,precursor,1,insider_only,untagged,1,True,Solid momentum in L’Oréal Luxe driven by ongoing strength in fragrances.,"[""OR.PA-management-2026-04-22-2026-04-22-first-quarter-2026-sales""]",,
OR.PA-management-noise-632,OR.PA,management,precursor,1,insider_only,untagged,1,True,Exceptional growth in Professional Products across the region.,"[""OR.PA-management-2026-04-22-2026-04-22-first-quarter-2026-sales""]",,
OR.PA-management-noise-631,OR.PA,management,precursor,-1,insider_only,untagged,1,True,Softening market growth in Latin America driven by Brazil and Mexico.,"[""OR.PA-management-2026-04-22-2026-04-22-first-quarter-2026-sales""]",,
OR.PA-management-noise-630,OR.PA,management,precursor,1,insider_only,untagged,1,True,South Africa as the primary growth engine.,"[""OR.PA-management-2026-04-22-2026-04-22-first-quarter-2026-sales""]",,
OR.PA-management-noise-629,OR.PA,management,precursor,1,insider_only,untagged,1,True,"Solid momentum in SSA with strong contributions from skincare, haircare, and fragrances.","[""OR.PA-management-2026-04-22-2026-04-22-first-quarter-2026-sales""]",,
OR.PA-management-noise-628,OR.PA,management,precursor,-1,insider_only,untagged,1,True,Impact of conflict on consumption in the Middle East.,"[""OR.PA-management-2026-04-22-2026-04-22-first-quarter-2026-sales""]",,
OR.PA-management-noise-627,OR.PA,management,precursor,1,insider_only,untagged,1,True,Strong advance in India.,"[""OR.PA-management-2026-04-22-2026-04-22-first-quarter-2026-sales""]",,
OR.PA-management-noise-626,OR.PA,management,precursor,1,insider_only,untagged,1,True,Exceptional growth in Vietnam.,"[""OR.PA-management-2026-04-22-2026-04-22-first-quarter-2026-sales""]",,
OR.PA-management-noise-625,OR.PA,management,precursor,1,insider_only,untagged,1,True,Boost in makeup from innovation and expansion of 3CE.,"[""OR.PA-management-2026-04-22-2026-04-22-first-quarter-2026-sales""]",,
OR.PA-management-noise-624,OR.PA,management,precursor,1,insider_only,untagged,1,True,Continued rise of dermatological brands in skincare.,"[""OR.PA-management-2026-04-22-2026-04-22-first-quarter-2026-sales""]",,
OR.PA-management-noise-623,OR.PA,management,precursor,1,insider_only,untagged,1,True,Strong performances in haircare driven by successful launches.,"[""OR.PA-management-2026-04-22-2026-04-22-first-quarter-2026-sales""]",,
OR.PA-management-noise-622,OR.PA,management,precursor,1,insider_only,untagged,1,True,Momentum in Consumer Products led by L’Oréal Paris.,"[""OR.PA-management-2026-04-22-2026-04-22-first-quarter-2026-sales""]",,
OR.PA-management-noise-621,OR.PA,management,precursor,1,insider_only,untagged,1,True,Boost from La Roche-Posay and CeraVe in Dermatological Beauty.,"[""OR.PA-management-2026-04-22-2026-04-22-first-quarter-2026-sales""]",,
OR.PA-management-noise-620,OR.PA,management,precursor,1,insider_only,untagged,1,True,Strong and broad-based growth in SAPMENA.,"[""OR.PA-management-2026-04-22-2026-04-22-first-quarter-2026-sales""]",,
OR.PA-management-noise-619,OR.PA,management,precursor,1,insider_only,untagged,1,True,Stabilisation in sell-out for Consumer Products Division.,"[""OR.PA-management-2026-04-22-2026-04-22-first-quarter-2026-sales""]",,
OR.PA-management-noise-618,OR.PA,management,precursor,1,insider_only,untagged,1,True,Dermatological Beauty and Professional Products sustaining strong growth.,"[""OR.PA-management-2026-04-22-2026-04-22-first-quarter-2026-sales""]",,
OR.PA-management-noise-617,OR.PA,management,precursor,1,insider_only,untagged,1,True,Strong innovation pipeline in skincare.,"[""OR.PA-management-2026-04-22-2026-04-22-first-quarter-2026-sales""]",,
OR.PA-management-noise-616,OR.PA,management,precursor,-1,insider_only,untagged,1,True,Persisting weakness in mainland China impacting Travel Retail growth.,"[""OR.PA-management-2026-04-22-2026-04-22-first-quarter-2026-sales""]",,
OR.PA-management-noise-615,OR.PA,management,precursor,-1,insider_only,untagged,1,True,Fewer arrivals from Chinese tourists impacting Japan's momentum.,"[""OR.PA-management-2026-04-22-2026-04-22-first-quarter-2026-sales""]",,
OR.PA-management-noise-614,OR.PA,management,precursor,1,insider_only,untagged,1,True,Growth in China driven by selective market recovery.,"[""OR.PA-management-2026-04-22-2026-04-22-first-quarter-2026-sales""]",,
OR.PA-management-noise-613,OR.PA,management,precursor,1,insider_only,untagged,1,True,Integration of Medik8.,"[""OR.PA-management-2026-04-22-2026-04-22-first-quarter-2026-sales""]",,
OR.PA-management-noise-612,OR.PA,management,precursor,1,insider_only,untagged,1,True,Continued outperformance in a dynamic fragrance market.,"[""OR.PA-management-2026-04-22-2026-04-22-first-quarter-2026-sales""]",,
OR.PA-management-noise-611,OR.PA,management,precursor,1,insider_only,untagged,1,True,The success of L'Oréal's expanding toner portfolio.,"[""OR.PA-management-2026-04-22-2026-04-22-first-quarter-2026-sales""]",,
OR.PA-management-noise-610,OR.PA,management,consequence,1,insider_only,untagged,1,True,Successful innovations and strong partnerships with retailers helped L’Oréal gain share in North America.,"[""OR.PA-management-2026-04-22-2026-04-22-first-quarter-2026-sales""]",,
OR.PA-management-noise-609,OR.PA,management,consequence,1,insider_only,untagged,1,True,The ongoing acceleration of the e-commerce channel boosted the beauty market in Europe.,"[""OR.PA-management-2026-04-22-2026-04-22-first-quarter-2026-sales""]",,
OR.PA-management-noise-608,OR.PA,management,consequence,1,insider_only,untagged,1,True,The Division's strong innovation pipeline and the success of key franchises like Cicaplast and Hyalu B5 Suractivated dro,"[""OR.PA-management-2026-04-22-2026-04-22-first-quarter-2026-sales""]",,
OR.PA-management-noise-607,OR.PA,management,consequence,1,insider_only,untagged,1,True,The ongoing implementation of an aggressive innovation plan and the strength of its brand portfolio drove Luxe's growth.,"[""OR.PA-management-2026-04-22-2026-04-22-first-quarter-2026-sales""]",,
OR.PA-management-noise-606,OR.PA,management,consequence,1,insider_only,untagged,1,True,"The Division’s strategy to make beauty innovations accessible to everyone, everywhere, led to strong outperformance of t","[""OR.PA-management-2026-04-22-2026-04-22-first-quarter-2026-sales""]",,
OR.PA-management-noise-605,OR.PA,management,precursor,1,insider_only,untagged,1,True,The integration of Color Wow and its global rollout throughout 2026 will be a strong growth contributor for the brand.,"[""OR.PA-management-2026-04-22-2026-04-22-first-quarter-2026-sales""]",,
OR.PA-management-noise-604,OR.PA,management,consequence,1,insider_only,untagged,1,True,The Division's omnichannel strategy and focus on premiumising the salon industry through tailored services drove spectac,"[""OR.PA-management-2026-04-22-2026-04-22-first-quarter-2026-sales""]",,
OR.PA-management-noise-603,OR.PA,management,consequence,1,insider_only,untagged,1,True,The phasing ahead of the IT transformation in 1Q26 and 1Q25 had a net impact of 3.4% and 2.5% respectively.,"[""OR.PA-management-2026-04-22-2026-04-22-first-quarter-2026-sales""]",,
OR.PA-management-noise-602,OR.PA,management,precursor,1,insider_only,untagged,1,True,"L'Oréal entered a mandate with an investment services provider to purchase its own shares, under the authorisation appro","[""OR.PA-management-2026-04-22-2026-04-22-first-quarter-2026-sales""]",,
OR.PA-management-noise-601,OR.PA,management,precursor,1,insider_only,untagged,1,True,"In Dermatological Beauty, momentum significantly improved in the second half of the year with all key brands contributin","[""OR.PA-management-2026-02-12-2026-02-12-annual-results-2025""]",,
OR.PA-management-noise-600,OR.PA,management,precursor,1,insider_only,untagged,1,True,"In Luxe, fragrances remained dynamic, significantly outpacing the market.","[""OR.PA-management-2026-02-12-2026-02-12-annual-results-2025""]",,
OR.PA-management-noise-599,OR.PA,management,precursor,1,insider_only,untagged,1,True,"Makeup improved strongly, driven by innovations like L'Oréal Paris’ Plump Ambition and Faux Brow, as well as NYX Profess","[""OR.PA-management-2026-02-12-2026-02-12-annual-results-2025""]",,
OR.PA-management-noise-598,OR.PA,management,precursor,1,insider_only,untagged,1,True,"Haircare remained the most dynamic growth engine, led by L'Oréal Paris Elvive and Ever.","[""OR.PA-management-2026-02-12-2026-02-12-annual-results-2025""]",,
OR.PA-management-noise-597,OR.PA,management,precursor,1,insider_only,untagged,1,True,"In Consumer Products, momentum improved quarter after quarter, resulting in significant outperformance in the back half ","[""OR.PA-management-2026-02-12-2026-02-12-annual-results-2025""]",,
OR.PA-management-noise-596,OR.PA,management,precursor,1,insider_only,untagged,1,True,Growth accelerated from +2% in the first to almost +5% in the second half as market conditions improved and key innovati,"[""OR.PA-management-2026-02-12-2026-02-12-annual-results-2025""]",,
OR.PA-management-noise-595,OR.PA,management,precursor,1,insider_only,untagged,1,True,Sales in North America grew +3.4% like-for-like and -0.7% reported.,"[""OR.PA-management-2026-02-12-2026-02-12-annual-results-2025""]",,
OR.PA-management-noise-594,OR.PA,management,precursor,1,insider_only,untagged,1,True,"Dermatological Beauty progressively accelerated in the second half, helped by the gradual alignment of sell-in and sell-","[""OR.PA-management-2026-02-12-2026-02-12-annual-results-2025""]",,
OR.PA-management-noise-593,OR.PA,management,precursor,1,insider_only,untagged,1,True,Haircare was boosted by successful launches such as L’Oréal Paris Elsève Glycolic Gloss and Garnier Fructis Keratin Slee,"[""OR.PA-management-2026-02-12-2026-02-12-annual-results-2025""]",,
OR.PA-management-noise-592,OR.PA,management,precursor,1,insider_only,untagged,1,True,"Consumer Products outpaced the market in makeup thanks to strong innovations, notably from L’Oréal Paris and NYX Profess","[""OR.PA-management-2026-02-12-2026-02-12-annual-results-2025""]",,
OR.PA-management-noise-591,OR.PA,management,precursor,1,insider_only,untagged,1,True,Sales in Europe grew +4.4 % like-for-like and +4.6% reported.,"[""OR.PA-management-2026-02-12-2026-02-12-annual-results-2025""]",,
OR.PA-management-noise-590,OR.PA,management,precursor,1,triangulated,untagged,1,True,Vichy’s growth was boosted by the ongoing strength of Dercos and the successful launch of Collagen Specialist 16.,"[""OR.PA-management-2026-02-12-2026-02-12-annual-results-2025""]",OR.PA-press-noise-313,0.8653
OR.PA-management-noise-589,OR.PA,management,precursor,1,insider_only,untagged,1,True,"La Roche-Posay significantly outpaced the market, driven by the Cicaplast franchise and the continued success of Melasyl","[""OR.PA-management-2026-02-12-2026-02-12-annual-results-2025""]",,
OR.PA-management-noise-588,OR.PA,management,precursor,1,insider_only,untagged,1,True,"Momentum improved quarter after quarter and significantly accelerated into double digits in the fourth quarter, supporte","[""OR.PA-management-2026-02-12-2026-02-12-annual-results-2025""]",,
OR.PA-management-noise-587,OR.PA,management,precursor,1,insider_only,untagged,1,True,The Dermatological Beauty Division posted growth of +5.5% like-for-like and +2.5% reported.,"[""OR.PA-management-2026-02-12-2026-02-12-annual-results-2025""]",,
OR.PA-management-noise-586,OR.PA,management,precursor,1,insider_only,untagged,1,True,The recently acquired Medik8 brand is off to a strong start – reinforcing the position of L’Oréal Luxe in the important ,"[""OR.PA-management-2026-02-12-2026-02-12-annual-results-2025""]",,
OR.PA-management-noise-585,OR.PA,management,precursor,1,insider_only,untagged,1,True,"Fragrances remained a powerful growth engine driven by the highly dynamic Couture brands, thanks to global blockbusters ","[""OR.PA-management-2026-02-12-2026-02-12-annual-results-2025""]",,
OR.PA-management-noise-584,OR.PA,management,precursor,1,insider_only,untagged,1,True,The Division became the number one player in North Asia – securing market leadership across all regions.,"[""OR.PA-management-2026-02-12-2026-02-12-annual-results-2025""]",,
OR.PA-management-noise-583,OR.PA,management,precursor,1,insider_only,untagged,1,True,"The Division strongly outperformed a selective market at around +1%, with a gradual improvement in the second half.","[""OR.PA-management-2026-02-12-2026-02-12-annual-results-2025""]",,
OR.PA-management-noise-582,OR.PA,management,precursor,1,insider_only,untagged,1,True,"Innovations from L'Oréal Paris’ Revitalift franchise, including the Eye Bag Instant Eraser, as well as Garnier Dry Touch","[""OR.PA-management-2026-02-12-2026-02-12-annual-results-2025""]",,
OR.PA-management-noise-581,OR.PA,management,precursor,1,insider_only,untagged,1,True,"The success of blockbuster products like Maybelline New York Colossal Bubble Mascara, L’Oréal Paris Infallible Setting S","[""OR.PA-management-2026-02-12-2026-02-12-annual-results-2025""]",,
OR.PA-management-noise-580,OR.PA,management,consequence,1,insider_only,untagged,1,True,L'Oréal was awarded the EcoVadis Platinum medal rating with a score of 89 over 100.,"[""OR.PA-management-2026-02-12-2026-02-12-annual-results-2025""]",,
OR.PA-management-noise-579,OR.PA,management,consequence,1,insider_only,untagged,1,True,L’Oréal achieved a tenth consecutive CDP triple ‘A’ score.,"[""OR.PA-management-2026-02-12-2026-02-12-annual-results-2025""]",,
OR.PA-management-noise-578,OR.PA,management,precursor,1,insider_only,untagged,1,True,L’Oréal introduced two breakthrough technologies at the CES 2026 in Las Vegas.,"[""OR.PA-management-2026-02-12-2026-02-12-annual-results-2025""]",,
OR.PA-management-noise-577,OR.PA,management,precursor,1,insider_only,untagged,1,True,"L’Oréal announced the acquisition of an additional 10% stake in Galderma, bringing its ownership to 20%.","[""OR.PA-management-2026-02-12-2026-02-12-annual-results-2025""]",,
OR.PA-management-noise-576,OR.PA,management,precursor,1,insider_only,untagged,1,True,Innovations and successful expansion of 3CE boosted the rebound of makeup.,"[""OR.PA-management-2026-02-12-2026-02-12-annual-results-2025""]",,
OR.PA-management-noise-575,OR.PA,management,precursor,1,insider_only,untagged,1,True,Successful Elsève launches fuelled strong performances in both professional and mass channels.,"[""OR.PA-management-2026-02-12-2026-02-12-annual-results-2025""]",,
OR.PA-management-noise-574,OR.PA,management,precursor,1,insider_only,untagged,1,True,Strong innovation pipeline and outstanding consumer experiences boosted Luxe's performance.,"[""OR.PA-management-2026-02-12-2026-02-12-annual-results-2025""]",,
OR.PA-management-noise-573,OR.PA,management,precursor,1,insider_only,untagged,1,True,"Mainland China's growth accelerated from low to mid-single digits, supported by gradually stabilising market conditions.","[""OR.PA-management-2026-02-12-2026-02-12-annual-results-2025""]",,
OR.PA-management-noise-572,OR.PA,management,consequence,1,insider_only,untagged,1,True,"The company's total equity increased from €33,133.3 million in 2024 to €34,953.2 million in 2025.","[""OR.PA-management-2026-02-12-2026-02-12-annual-results-2025""]",,
OR.PA-management-noise-571,OR.PA,management,consequence,-1,insider_only,untagged,1,True,"The company's other comprehensive income decreased from €1,414.5 million in 2024 to €14.3 million in 2025.","[""OR.PA-management-2026-02-12-2026-02-12-annual-results-2025""]",,
OR.PA-management-noise-570,OR.PA,management,precursor,1,insider_only,untagged,1,True,Increase in stake in Galderma.,"[""OR.PA-management-2026-02-12-2026-02-12-annual-results-2025""]",,
OR.PA-management-noise-569,OR.PA,management,consequence,1,insider_only,untagged,1,True,Efficiency gains.,"[""OR.PA-management-2026-02-12-2026-02-12-annual-results-2025""]",,
OR.PA-management-noise-568,OR.PA,management,precursor,1,insider_only,untagged,1,True,The step-up in the launch plan and a gradually improving beauty market.,"[""OR.PA-management-2026-02-12-2026-02-12-annual-results-2025""]",,
OR.PA-management-noise-567,OR.PA,management,precursor,1,insider_only,untagged,1,True,"The integration of Color Wow is well underway, bringing increased firepower in the fast-accelerating styling segment and","[""OR.PA-management-2026-02-12-2026-02-12-annual-results-2025""]",,
OR.PA-management-noise-566,OR.PA,management,consequence,1,insider_only,untagged,1,True,The profitability of the Dermatological Beauty Division remained stable at 26.1% compared to 2024.,"[""OR.PA-management-2026-02-12-2026-02-12-annual-results-2025""]",,
OR.PA-management-noise-565,OR.PA,management,consequence,1,insider_only,untagged,1,True,The dispute with the French Competition Authority in 2023 led to a reversal of the provision and debt for €189.5 million,"[""OR.PA-management-2026-02-12-2026-02-12-annual-results-2025""]",,
OR.PA-management-noise-564,OR.PA,management,consequence,-1,insider_only,untagged,1,True,The commitment to buy back the minority shareholders of Medik8 for €325 million.,"[""OR.PA-management-2026-02-12-2026-02-12-annual-results-2025""]",,
OR.PA-management-noise-563,OR.PA,management,precursor,1,insider_only,untagged,1,True,"L’Oréal Professionnel’s AirLight Pro makes drying hair faster and damage-free, saving up to 14% energy.","[""OR.PA-management-2025-04-01-2025-04-01-annual-report-2024""]",,
OR.PA-management-noise-562,OR.PA,management,precursor,1,insider_only,untagged,1,True,"The Division is stepping up the pace in new growth markets such as Brazil, Mexico and the Gulf States.","[""OR.PA-management-2025-04-01-2025-04-01-annual-report-2024""]",,
OR.PA-management-noise-561,OR.PA,management,precursor,1,insider_only,untagged,1,True,The Professional Products Division has launched disruptive innovations such as new hair repair ranges.,"[""OR.PA-management-2025-04-01-2025-04-01-annual-report-2024""]",,
OR.PA-management-noise-560,OR.PA,management,precursor,1,insider_only,untagged,1,True,The Division continues its sustainability commitments through the “Hairstylists for the Future” programme.,"[""OR.PA-management-2025-04-01-2025-04-01-annual-report-2024""]",,
OR.PA-management-noise-559,OR.PA,management,precursor,1,insider_only,untagged,1,True,L’Oréal committed to a €20 million investment over five years to fund access to skin health worldwide.,"[""OR.PA-management-2025-04-01-2025-04-01-annual-report-2024""]",,
OR.PA-management-noise-558,OR.PA,management,precursor,1,insider_only,untagged,1,True,L’Oréal Dermatological Beauty’s strong growth is based on a winning strategy in mature and emerging markets.,"[""OR.PA-management-2025-04-01-2025-04-01-annual-report-2024""]",,
OR.PA-management-noise-557,OR.PA,management,precursor,1,insider_only,untagged,1,True,"Mela B3, featuring the revolutionary MelasylTM molecule, has met with immediate success.","[""OR.PA-management-2025-04-01-2025-04-01-annual-report-2024""]",,
OR.PA-management-noise-556,OR.PA,management,precursor,1,insider_only,untagged,1,True,L’Oréal’s Research & Innovation has demonstrated its expertise in key scientific territories.,"[""OR.PA-management-2025-04-01-2025-04-01-annual-report-2024""]",,
OR.PA-management-noise-555,OR.PA,management,precursor,1,insider_only,untagged,1,True,"Aēsop opened 42 new doors, designed as cultural destinations.","[""OR.PA-management-2025-04-01-2025-04-01-annual-report-2024""]",,
OR.PA-management-noise-554,OR.PA,management,precursor,1,insider_only,untagged,1,True,L’Oréal Luxe offers omnichannel strategy to reinforce consumer engagement and loyalty.,"[""OR.PA-management-2025-04-01-2025-04-01-annual-report-2024""]",,
OR.PA-management-noise-553,OR.PA,management,precursor,1,insider_only,untagged,1,True,A new long-term licence agreement for the Miu Miu brand.,"[""OR.PA-management-2025-04-01-2025-04-01-annual-report-2024""]",,
OR.PA-management-noise-552,OR.PA,management,precursor,1,insider_only,untagged,1,True,L’Oréal excels in translating the DNA of couture houses into beauty products and experiences.,"[""OR.PA-management-2025-04-01-2025-04-01-annual-report-2024""]",,
OR.PA-management-noise-551,OR.PA,management,precursor,1,insider_only,untagged,1,True,"The Division is accelerating the rollout of refillable options across fragrance, skincare and makeup.","[""OR.PA-management-2025-04-01-2025-04-01-annual-report-2024""]",,
OR.PA-management-noise-550,OR.PA,management,precursor,1,insider_only,untagged,1,True,L’Oréal's encouragement of suppliers to set science-based emission reduction targets and identify ways to reduce their c,"[""OR.PA-management-2025-04-01-2025-04-01-annual-report-2024""]",,
OR.PA-management-noise-549,OR.PA,management,precursor,1,insider_only,untagged,1,True,L’Oréal's responsive logistics and global distribution network are increasing speed and scale for decarbonisation initia,"[""OR.PA-management-2025-04-01-2025-04-01-annual-report-2024""]",,
OR.PA-management-noise-548,OR.PA,management,precursor,1,insider_only,untagged,1,True,"L’Oréal's new ultra-personalised haircare, skincare, and makeup products effectively address the unique needs of curly h","[""OR.PA-management-2025-04-01-2025-04-01-annual-report-2024""]",,
OR.PA-management-noise-547,OR.PA,management,precursor,1,insider_only,untagged,1,True,"The Group's commitment to invest further in markets with favourable economic and demographic trends, engage dynamic cons","[""OR.PA-management-2025-04-01-2025-04-01-annual-report-2024""]",,
OR.PA-management-noise-546,OR.PA,management,precursor,1,insider_only,untagged,1,True,"The Group's bolstered portfolio of desirable brands by acquiring the Miu Miu licence and Dr.G, and taking minority stake","[""OR.PA-management-2025-04-01-2025-04-01-annual-report-2024""]",,
OR.PA-management-noise-545,OR.PA,management,precursor,1,insider_only,untagged,1,True,"The Group's strengthened Research & Innovation capabilities with artificial intelligence and tech, optimised organisatio","[""OR.PA-management-2025-04-01-2025-04-01-annual-report-2024""]",,
OR.PA-management-noise-544,OR.PA,management,consequence,1,insider_only,untagged,1,True,"The Group's efforts in sustainability and social performance being recognised with the EcoVadis Platinum Medal, ranking ","[""OR.PA-management-2025-04-01-2025-04-01-annual-report-2024""]",,
OR.PA-management-noise-543,OR.PA,management,consequence,1,insider_only,untagged,1,True,The Group's investment of €50 million in the Solstice fund to support its industrial partners in accelerating their deca,"[""OR.PA-management-2025-04-01-2025-04-01-annual-report-2024""]",,
OR.PA-management-noise-542,OR.PA,management,consequence,1,insider_only,untagged,1,True,"The Group's progress towards its social and environmental commitments, including 4.5 million people benefitting from its","[""OR.PA-management-2025-04-01-2025-04-01-annual-report-2024""]",,
OR.PA-management-noise-541,OR.PA,management,consequence,1,insider_only,untagged,1,True,"The Group's continued quality of P&L management, with a record operating margin of 20%, up +20 basis points despite a vo","[""OR.PA-management-2025-04-01-2025-04-01-annual-report-2024""]",,
OR.PA-management-noise-540,OR.PA,management,consequence,1,insider_only,untagged,1,True,The Group's strengthened leadership position and compelling results are a testament to the resilience of its business mo,"[""OR.PA-management-2025-04-01-2025-04-01-annual-report-2024""]",,
OR.PA-management-noise-539,OR.PA,management,precursor,1,insider_only,untagged,1,True,L'Oréal's use of QR codes for digital services and product information enhances consumer engagement and drives sales.,"[""OR.PA-management-2025-04-01-2025-04-01-annual-report-2024""]",,
OR.PA-management-noise-538,OR.PA,management,precursor,1,insider_only,untagged,1,True,"L'Oréal Paris's major launches in 2024, such as Panorama mascara, strengthen its global leadership and drive sales.","[""OR.PA-management-2025-04-01-2025-04-01-annual-report-2024""]",,
OR.PA-management-noise-537,OR.PA,management,precursor,1,insider_only,untagged,1,True,"L'Oréal's product innovations and launches, such as Garnier Color Sensation and L'Oréal Paris Glycolic Bright, drive sal","[""OR.PA-management-2025-04-01-2025-04-01-annual-report-2024""]",,
OR.PA-management-noise-536,OR.PA,management,precursor,1,insider_only,untagged,1,True,L'Oréal's targeted acquisitions build a unique portfolio of brands to satisfy diverse beauty aspirations.,"[""OR.PA-management-2025-04-01-2025-04-01-annual-report-2024""]",,
OR.PA-management-noise-535,OR.PA,management,precursor,1,insider_only,untagged,1,True,L'Oréal's inclusive sourcing program supports sustainable transformation among suppliers.,"[""OR.PA-management-2025-04-01-2025-04-01-annual-report-2024""]",,
OR.PA-management-noise-534,OR.PA,management,precursor,1,insider_only,untagged,1,True,L'Oréal's dual focus on economic performance and social and environmental exemplarity guides long-term investment decisi,"[""OR.PA-management-2025-04-01-2025-04-01-annual-report-2024""]",,
OR.PA-management-noise-533,OR.PA,management,precursor,1,insider_only,untagged,1,True,Investment in employee skills development.,"[""OR.PA-management-2025-04-01-2025-04-01-annual-report-2024""]",,
OR.PA-management-noise-532,OR.PA,management,precursor,1,insider_only,untagged,1,True,"L’Oréal’s unique multipolar model enables dynamic, profitable, and sustainable growth.","[""OR.PA-management-2025-04-01-2025-04-01-annual-report-2024""]",,
OR.PA-management-noise-531,OR.PA,management,consequence,1,insider_only,untagged,1,True,Strong increase in profitable growth performance in 2024.,"[""OR.PA-management-2025-04-01-2025-04-01-annual-report-2024""]",,
OR.PA-management-noise-530,OR.PA,management,consequence,1,insider_only,untagged,1,True,Continued dividend growth of +6.1% in 2024.,"[""OR.PA-management-2025-04-01-2025-04-01-annual-report-2024""]",,
OR.PA-management-noise-529,OR.PA,management,precursor,1,insider_only,untagged,1,True,"Innovation is at the heart of L’Oréal, enabling the Group to offer the best in terms of quality, efficacy, safety, and r","[""OR.PA-management-2025-04-01-2025-04-01-annual-report-2024""]",,
OR.PA-management-noise-528,OR.PA,management,precursor,1,insider_only,untagged,1,True,L’Oréal’s global footprint and its ability to adapt beauty for each person’s specific aspirations drive growth and deal ,"[""OR.PA-management-2025-04-01-2025-04-01-annual-report-2024""]",,
OR.PA-management-noise-527,OR.PA,management,precursor,1,insider_only,untagged,1,True,"The Board of Directors places great importance on respecting L’Oréal’s ethical principles and Code of Ethics, which is c","[""OR.PA-management-2025-04-01-2025-04-01-annual-report-2024""]",,
OR.PA-management-noise-526,OR.PA,management,precursor,1,insider_only,untagged,1,True,The stability of the Group’s governance in a changing world makes it possible to work towards long-term objectives and e,"[""OR.PA-management-2025-04-01-2025-04-01-annual-report-2024""]",,
OR.PA-management-noise-525,OR.PA,management,consequence,1,insider_only,untagged,1,True,The reversal of the provision and the reversal of the debt for the same amount of €189.5 million following the outcome i,"[""OR.PA-management-2025-03-20-2025-03-20-consolidated-financial-statem""]",,
OR.PA-management-noise-524,OR.PA,management,precursor,1,insider_only,untagged,1,True,"At the end of 2021, investment in Circular Innovation Fund amounting to €50 million.","[""OR.PA-management-2025-03-20-2025-03-20-consolidated-financial-statem""]",,
OR.PA-management-noise-523,OR.PA,management,precursor,1,insider_only,untagged,1,True,"In 2024, joint creation with Chenavari of a Solstice fund of €50 million (including €11 million in 2024) to support the ","[""OR.PA-management-2025-03-20-2025-03-20-consolidated-financial-statem""]",,
OR.PA-management-noise-522,OR.PA,management,precursor,1,insider_only,untagged,1,True,"The acquisition cost, which includes contingent consideration, is recognised and measured at its acquisition-date fair v","[""OR.PA-management-2025-03-20-2025-03-20-consolidated-financial-statem""]",,
OR.PA-management-noise-521,OR.PA,management,consequence,-1,insider_only,untagged,1,True,"The impairment tests carried out in 2024 showed an impairment of M€ 48,4 on goodwill and an impairment of M€ 1,6 on bran","[""OR.PA-management-2025-03-20-2025-03-20-consolidated-financial-statem""]",,
OR.PA-management-noise-520,OR.PA,management,precursor,1,insider_only,untagged,1,True,L'Oréal Groupe announced the signing of an agreement with Swiss retail group Migros for the acquisition of its subsidiar,"[""OR.PA-management-2025-03-20-2025-03-20-consolidated-financial-statem""]",,
OR.PA-management-noise-519,OR.PA,management,precursor,1,insider_only,untagged,1,True,The lock-up agreements concluded in 2016 were terminated on 29 December 2023 and a new lock-up agreement was concluded.,"[""OR.PA-management-2025-03-20-2025-03-20-consolidated-financial-statem""]",,
OR.PA-management-noise-518,OR.PA,management,precursor,1,insider_only,untagged,1,True,The variable portion of the Chief Executive Officer’s current remuneration incorporates quantitative and qualitative non,"[""OR.PA-management-2025-03-20-2025-03-20-consolidated-financial-statem""]",,
OR.PA-management-noise-517,OR.PA,management,precursor,1,insider_only,untagged,1,True,The L’Oréal Groupe has a syndicated loan from 20 banks of which BOLD held 15% – was 100% acquired by L’Oréal in December,"[""OR.PA-management-2025-03-20-2025-03-20-consolidated-financial-statem""]",,
OR.PA-management-noise-516,OR.PA,management,precursor,1,insider_only,untagged,1,True,50% of the Group's plastic packaging will be of recycled or bio-sourced origin by 2025.,"[""OR.PA-management-2025-03-20-2025-03-20-consolidated-financial-statem""]",,
OR.PA-management-noise-515,OR.PA,management,precursor,1,insider_only,untagged,1,True,"Reduction of greenhouse gas emissions (Scopes 1, 2 and 3) from the Galderma equity investment by 14% per product sold by","[""OR.PA-management-2025-03-20-2025-03-20-consolidated-financial-statem""]",,
OR.PA-management-noise-514,OR.PA,management,consequence,1,insider_only,untagged,1,True,The acquisition of Gjosa for €40.6 million added technology recognized in the preliminary allocation of the acquisition ,"[""OR.PA-management-2025-03-20-2025-03-20-consolidated-financial-statem""]",,
OR.PA-management-noise-513,OR.PA,management,consequence,1,insider_only,untagged,1,True,The acquisition of Lactobio for €9.9 million at the end of November 2023 added technology recognized as part of the fina,"[""OR.PA-management-2025-03-20-2025-03-20-consolidated-financial-statem""]",,
OR.PA-management-noise-512,OR.PA,management,consequence,1,insider_only,untagged,1,True,The final goodwill allocation of Youth To The People affected the value of intangible assets.,"[""OR.PA-management-2025-03-20-2025-03-20-consolidated-financial-statem""]",,
OR.PA-management-noise-511,OR.PA,management,consequence,-1,insider_only,untagged,1,True,"An impairment loss of €53.6 million on Logocos was recognized, reducing the value of intangible assets.","[""OR.PA-management-2025-03-20-2025-03-20-consolidated-financial-statem""]",,
OR.PA-management-noise-510,OR.PA,management,consequence,1,insider_only,untagged,1,True,The acquisition of Skinbetter Science for €610.1 million in 2022 added to the group's intangible assets.,"[""OR.PA-management-2025-03-20-2025-03-20-consolidated-financial-statem""]",,
OR.PA-management-noise-509,OR.PA,management,consequence,-1,insider_only,untagged,1,True,Other costs in 2024.,"[""OR.PA-management-2025-03-20-2025-03-20-consolidated-financial-statem""]",,
OR.PA-management-noise-508,OR.PA,management,consequence,-1,insider_only,untagged,1,True,A slowdown in the activity of the Multicultural Brands CGU leading to a downward review of the business plan ambitions r,"[""OR.PA-management-2025-03-20-2025-03-20-consolidated-financial-statem""]",,
OR.PA-management-noise-507,OR.PA,management,consequence,-1,insider_only,untagged,1,True,Accumulated impairment losses relating to brands amounted to various amounts on different brands at 31 December 2022.,"[""OR.PA-management-2025-03-20-2025-03-20-consolidated-financial-statem""]",,
OR.PA-management-noise-506,OR.PA,management,precursor,-1,insider_only,untagged,1,True,Depreciation of the stake due to the liquidation planned for early 2025.,"[""OR.PA-management-2025-03-20-2025-03-20-consolidated-financial-statem""]",,
OR.PA-management-noise-505,OR.PA,management,precursor,1,insider_only,untagged,1,True,Acquisition of a 25% stake in Amouage in 2024.,"[""OR.PA-management-2025-03-20-2025-03-20-consolidated-financial-statem""]",,
OR.PA-management-noise-504,OR.PA,management,consequence,-1,insider_only,untagged,1,True,The total expense for shares granted for the 2024 plan amounted to €47 million.,"[""OR.PA-management-2025-03-20-2025-03-20-consolidated-financial-statem""]",,
OR.PA-management-noise-503,OR.PA,management,consequence,-1,insider_only,untagged,1,True,"The expense recorded in 2024, 2023 and 2022 amounted to €204.0 million, €164.5 million and €155.3 million, respectively.","[""OR.PA-management-2025-03-20-2025-03-20-consolidated-financial-statem""]",,
OR.PA-management-noise-502,OR.PA,management,consequence,-1,insider_only,untagged,1,True,The impairment loss on IT Cosmetics in 2023.,"[""OR.PA-management-2025-03-20-2025-03-20-consolidated-financial-statem""]",,
OR.PA-management-noise-501,OR.PA,management,consequence,-1,insider_only,untagged,1,True,The impairment loss on Multicultural Brands due to the 2024 reorganisation.,"[""OR.PA-management-2025-03-20-2025-03-20-consolidated-financial-statem""]",,
OR.PA-management-noise-500,OR.PA,management,consequence,-1,insider_only,untagged,1,True,Actuarial gains and losses in relation to other benefits such as jubilee awards and long-serve bonuses are immediately c,"[""OR.PA-management-2025-03-20-2025-03-20-consolidated-financial-statem""]",,
OR.PA-management-noise-499,OR.PA,management,consequence,1,insider_only,untagged,1,True,Actuarial gains and losses arising on post-employment defined benefit obligations are recognised in equity.,"[""OR.PA-management-2025-03-20-2025-03-20-consolidated-financial-statem""]",,
OR.PA-management-noise-498,OR.PA,management,consequence,1,insider_only,untagged,1,True,Income on external funds calculated on the basis of the discount rate applied to the benefit obligation impacts pension ,"[""OR.PA-management-2025-03-20-2025-03-20-consolidated-financial-statem""]",,
OR.PA-management-noise-497,OR.PA,management,consequence,-1,insider_only,untagged,1,True,The change in the value of the discounted rights over the past year impacts pension costs.,"[""OR.PA-management-2025-03-20-2025-03-20-consolidated-financial-statem""]",,
OR.PA-management-noise-496,OR.PA,management,precursor,-1,insider_only,untagged,1,True,"The impact of IFRS 2 on profit for the period is booked on the Selling, general and administrative expenses item of the ","[""OR.PA-management-2025-03-20-2025-03-20-consolidated-financial-statem""]",,
OR.PA-management-noise-495,OR.PA,management,consequence,1,insider_only,untagged,1,True,"The acquisition of Aēsop, the Australian luxury beauty brand, by L'Oréal on 3 April 2023.","[""OR.PA-management-2025-03-20-2025-03-20-consolidated-financial-statem""]",,
OR.PA-management-noise-494,OR.PA,management,precursor,1,insider_only,untagged,1,True,"The acquisition of a minority stake in Amouage SAOC, the Oman-based haute parfumerie house, by L'Oréal during the third ","[""OR.PA-management-2025-03-20-2025-03-20-consolidated-financial-statem""]",,
OR.PA-management-noise-493,OR.PA,management,precursor,1,insider_only,untagged,1,True,"The acquisition of Lactobio, a leading probiotic and microbiome research company, by L'Oréal on 4 December 2023.","[""OR.PA-management-2025-03-20-2025-03-20-consolidated-financial-statem""]",,
OR.PA-management-noise-492,OR.PA,management,precursor,1,insider_only,untagged,1,True,The acquisition of 70% of a group of 6 aesthetic clinics in China by L'Oréal on 31 October 2024.,"[""OR.PA-management-2025-03-20-2025-03-20-consolidated-financial-statem""]",,
OR.PA-management-noise-491,OR.PA,management,consequence,-1,insider_only,untagged,1,True,"Restructuring costs in 2024 include severance payments, early retirement payments, and other related expenses.","[""OR.PA-management-2025-03-20-2025-03-20-consolidated-financial-statem""]",,
OR.PA-management-noise-490,OR.PA,management,consequence,1,insider_only,untagged,1,True,"Hyperinflation in 2023 increased the gross value of property, plant, and equipment by €44.3 million.","[""OR.PA-management-2025-03-20-2025-03-20-consolidated-financial-statem""]",,
OR.PA-management-noise-489,OR.PA,management,consequence,-1,insider_only,untagged,1,True,"The disposal of certain assets in 2023 decreased the gross value of property, plant, and equipment by €11.1 million.","[""OR.PA-management-2025-03-20-2025-03-20-consolidated-financial-statem""]",,
OR.PA-management-noise-488,OR.PA,management,precursor,1,insider_only,untagged,1,True,The European Union adopted the amendments to IAS 12 Income Taxes on 9 November 2023.,"[""OR.PA-management-2025-03-20-2025-03-20-consolidated-financial-statem""]",,
OR.PA-management-noise-487,OR.PA,management,precursor,1,insider_only,untagged,1,True,The acquisition of a 10% stake in Galderma Group AG in 2024 will impact future financial performance through a strategic,"[""OR.PA-management-2025-03-20-2025-03-20-consolidated-financial-statem""]",,
OR.PA-management-noise-486,OR.PA,management,consequence,1,insider_only,untagged,1,True,"The acquisition of Gjosa, YesSkin, and Amouage in 2024 impacted the scope of consolidation.","[""OR.PA-management-2025-03-20-2025-03-20-consolidated-financial-statem""]",,
OR.PA-management-noise-485,OR.PA,management,consequence,1,insider_only,untagged,1,True,The acquisition of Skinbetter Science in 2022 contributed to the Group's net sales and operating profit.,"[""OR.PA-management-2025-03-20-2025-03-20-consolidated-financial-statem""]",,
OR.PA-management-noise-484,OR.PA,management,consequence,1,insider_only,untagged,1,True,The subsidiarisation of sales activity to L’Oréal France and L’Oréal International Distribution on 1 July 2023.,"[""OR.PA-management-2025-03-20-2025-03-20-consolidated-financial-statem""]",,
OR.PA-management-noise-483,OR.PA,management,precursor,1,insider_only,untagged,1,True,"L’Oréal has developed the world’s most comprehensive database on skin and hair biology, care, active ingredients, formul","[""OR.PA-management-2024-04-01-2024-04-01-rapport-annuel-2023-fr""]",,
OR.PA-management-noise-482,OR.PA,management,precursor,1,insider_only,untagged,1,True,"L’Oréal’s ‘My Skin & Hair Journey’ study, conducted with Verily, aims to create ultra-personalized beauty routines.","[""OR.PA-management-2024-04-01-2024-04-01-rapport-annuel-2023-fr""]",,
OR.PA-management-noise-481,OR.PA,management,precursor,1,insider_only,untagged,1,True,"L’Oréal collaborates with Genopole, a French scientific cluster dedicated to biotechnologies, to explore sustainable agr","[""OR.PA-management-2024-04-01-2024-04-01-rapport-annuel-2023-fr""]",,
OR.PA-management-noise-480,OR.PA,management,precursor,1,insider_only,untagged,1,True,L’Oréal’s Share & Care program has raised the social protection of employees to the highest standards in over 60 countri,"[""OR.PA-management-2024-04-01-2024-04-01-rapport-annuel-2023-fr""]",,
OR.PA-management-noise-479,OR.PA,management,precursor,1,insider_only,untagged,1,True,"L’Oréal’s supply chain is recognized for its performance and sustainability, with innovations like the metal-free pump s","[""OR.PA-management-2024-04-01-2024-04-01-rapport-annuel-2023-fr""]",,
OR.PA-management-noise-478,OR.PA,management,precursor,1,insider_only,untagged,1,True,"Five ‘Packaging Labs’ invent future packaging solutions, focusing on desirable and responsible designs.","[""OR.PA-management-2024-04-01-2024-04-01-rapport-annuel-2023-fr""]",,
OR.PA-management-noise-477,OR.PA,management,precursor,1,insider_only,untagged,1,True,L’Oréal invests in the employability of young talents through programs like Seedz and its apprenticeship program.,"[""OR.PA-management-2024-04-01-2024-04-01-rapport-annuel-2023-fr""]",,
OR.PA-management-noise-476,OR.PA,management,precursor,1,insider_only,untagged,1,True,"L’Oréal has renovated its historic headquarters in Paris, creating a new academy for hairdressers.","[""OR.PA-management-2024-04-01-2024-04-01-rapport-annuel-2023-fr""]",,
OR.PA-management-noise-475,OR.PA,management,consequence,1,insider_only,untagged,1,True,"The Division has deployed 5,000 Water Saver pommels in salons, saving the equivalent of 80 Olympic-sized swimming pools ","[""OR.PA-management-2024-04-01-2024-04-01-rapport-annuel-2023-fr""]",,
OR.PA-management-noise-474,OR.PA,management,precursor,1,insider_only,untagged,1,True,"Kérastase offers ultra-personalized services through K-scan, an AI-powered scalp and hair diagnostic camera.","[""OR.PA-management-2024-04-01-2024-04-01-rapport-annuel-2023-fr""]",,
OR.PA-management-noise-473,OR.PA,management,precursor,1,insider_only,untagged,1,True,"The Division has accelerated its growth in India by training over 1 million hairdressers and partnering with over 50,000","[""OR.PA-management-2024-04-01-2024-04-01-rapport-annuel-2023-fr""]",,
OR.PA-management-noise-472,OR.PA,management,precursor,1,insider_only,untagged,1,True,"The company's strategic acquisitions have historically contributed to growth and diversification, expected to continue b","[""OR.PA-management-2024-04-01-2024-04-01-rapport-annuel-2023-fr""]",,
OR.PA-management-noise-471,OR.PA,management,precursor,1,insider_only,untagged,1,True,"The company's investment in research, innovation, and strategic partnerships is expected to drive future growth and main","[""OR.PA-management-2024-04-01-2024-04-01-rapport-annuel-2023-fr""]",,
OR.PA-management-noise-470,OR.PA,management,precursor,1,insider_only,untagged,1,True,"The launch of innovative products like Mexoryl 400, A.G.E. Interrupter Advanced, and Liftactiv B3 is expected to drive f","[""OR.PA-management-2024-04-01-2024-04-01-rapport-annuel-2023-fr""]",,
OR.PA-management-noise-469,OR.PA,management,precursor,1,insider_only,untagged,1,True,The acquisition of Aēsop is expected to enhance L’Oréal’s luxury portfolio and drive future growth.,"[""OR.PA-management-2024-04-01-2024-04-01-rapport-annuel-2023-fr""]",,
OR.PA-management-noise-468,OR.PA,management,precursor,1,insider_only,untagged,1,True,The launch of high-value products like Good by Garnier and Elsève Bond Repair by L’Oréal Paris is expected to drive futu,"[""OR.PA-management-2024-04-01-2024-04-01-rapport-annuel-2023-fr""]",,
OR.PA-management-noise-467,OR.PA,management,consequence,1,insider_only,untagged,1,True,The acquisition of Société des Thermes de La Roche-Posay has impacted the financial performance.,"[""OR.PA-management-2024-04-01-2024-04-01-rapport-annuel-2023-fr""]",,
OR.PA-management-noise-466,OR.PA,management,consequence,-1,insider_only,untagged,1,True,"The cession of 50% of Galderma on February 11, 2014, and the equity accounting of Inneov from January 1, 2014, have impa","[""OR.PA-management-2024-04-01-2024-04-01-rapport-annuel-2023-fr""]",,
OR.PA-management-noise-465,OR.PA,management,precursor,1,insider_only,untagged,1,True,"The 'dopamine effect' of beauty, driven by consumers' quest for well-being and pleasure, is expected to continue driving","[""OR.PA-management-2024-04-01-2024-04-01-rapport-annuel-2023-fr""]",,
OR.PA-management-noise-464,OR.PA,management,precursor,1,insider_only,untagged,1,True,L'Oréal's strategic rebalancing towards emerging markets contributed to its strong growth in 2023.,"[""OR.PA-management-2024-04-01-2024-04-01-rapport-annuel-2023-fr""]",,
OR.PA-management-noise-463,OR.PA,management,consequence,1,insider_only,untagged,1,True,"Reversals of provisions for restructuring, product returns, and other liabilities occurred during 2023.","[""OR.PA-management-2024-03-20-2024-03-20-consolidated-financial-statem""]",,
OR.PA-management-noise-462,OR.PA,management,consequence,-1,insider_only,untagged,1,True,"Provisions for restructuring costs, industrial, environmental and commercial risks relating to operations such as breach","[""OR.PA-management-2024-03-20-2024-03-20-consolidated-financial-statem""]",,
OR.PA-management-noise-461,OR.PA,management,consequence,-1,insider_only,untagged,1,True,The reduction in the gross value of the recognized customer relationship following the finalization of the allocation of,"[""OR.PA-management-2024-03-20-2024-03-20-consolidated-financial-statem""]",,
OR.PA-management-noise-460,OR.PA,management,consequence,-1,insider_only,untagged,1,True,The impairment of brands Logona and Santé.,"[""OR.PA-management-2024-03-20-2024-03-20-consolidated-financial-statem""]",,
OR.PA-management-noise-459,OR.PA,management,consequence,-1,insider_only,untagged,1,True,The reclassification at the beginning of the year on SaaS projects.,"[""OR.PA-management-2024-03-20-2024-03-20-consolidated-financial-statem""]",,
OR.PA-management-noise-458,OR.PA,management,consequence,-1,insider_only,untagged,1,True,The impact of hyperinflation in Argentina on other movements.,"[""OR.PA-management-2024-03-20-2024-03-20-consolidated-financial-statem""]",,
OR.PA-management-noise-457,OR.PA,management,precursor,1,insider_only,untagged,1,True,"At the end of 2021, investment in Circular Innovation Fund amounting to €50 million. L'Oréal is one of the main contribu","[""OR.PA-management-2024-03-20-2024-03-20-consolidated-financial-statem""]",,
OR.PA-management-noise-456,OR.PA,management,precursor,1,insider_only,untagged,1,True,"The L’Oréal Group has a syndicated loan from 20 banks (€5 billion), which had not been used at the end of December 2023.","[""OR.PA-management-2024-03-20-2024-03-20-consolidated-financial-statem""]",,
OR.PA-management-noise-455,OR.PA,management,precursor,1,insider_only,untagged,1,True,The credit lines indexed to the Group's sustainability performance incorporate a borrowing cost adjustment mechanism.,"[""OR.PA-management-2024-03-20-2024-03-20-consolidated-financial-statem""]",,
OR.PA-management-noise-454,OR.PA,management,precursor,1,insider_only,untagged,1,True,Acquisition of a 38.32% stake in Salon Interactive Inc in December 2023.,"[""OR.PA-management-2024-03-20-2024-03-20-consolidated-financial-statem""]",,
OR.PA-management-noise-453,OR.PA,management,consequence,1,insider_only,untagged,1,True,"The signing of a new lock-up agreement on 29 December 2023, similar to those concluded in 2016, with the addition of Fin","[""OR.PA-management-2024-03-20-2024-03-20-consolidated-financial-statem""]",,
OR.PA-management-noise-452,OR.PA,management,consequence,1,insider_only,untagged,1,True,The decrease in lease commitments from €122.7 million at 31 December 2022 to €91.0 million at 31 December 2023.,"[""OR.PA-management-2024-03-20-2024-03-20-consolidated-financial-statem""]",,
OR.PA-management-noise-451,OR.PA,management,consequence,1,insider_only,untagged,1,True,The achievement of extra-financial performance conditions at 31 December 2023 for the conditional grant of free shares.,"[""OR.PA-management-2024-03-20-2024-03-20-consolidated-financial-statem""]",,
OR.PA-management-noise-450,OR.PA,management,consequence,1,insider_only,untagged,1,True,"The conditional grant of free shares since 2022 stipulates the fulfilment of non-financial performance criteria, includi","[""OR.PA-management-2024-03-20-2024-03-20-consolidated-financial-statem""]",,
OR.PA-management-noise-449,OR.PA,management,consequence,1,insider_only,untagged,1,True,The acquisition of minority stakes in biotech companies in 2023 aligns with the Group’s goals for sustainability and has,"[""OR.PA-management-2024-03-20-2024-03-20-consolidated-financial-statem""]",,
OR.PA-management-noise-448,OR.PA,management,precursor,-1,insider_only,untagged,1,True,"L'Oréal is challenging the Brazilian tax authorities' position on the indirect IPI tax, which could result in a financia","[""OR.PA-management-2024-03-20-2024-03-20-consolidated-financial-statem""]",,
OR.PA-management-noise-447,OR.PA,management,precursor,1,insider_only,untagged,1,True,"The agreement to acquire the entire capital of Gjosa, the Swiss (Business Opportunities for L’Oréal Development).","[""OR.PA-management-2024-03-20-2024-03-20-consolidated-financial-statem""]",,
OR.PA-management-noise-446,OR.PA,management,precursor,1,insider_only,untagged,1,True,"The signing of an investment in Gjosa in 2021 via its venture capital fund, BOLD.","[""OR.PA-management-2024-03-20-2024-03-20-consolidated-financial-statem""]",,
OR.PA-management-noise-445,OR.PA,management,consequence,-1,insider_only,untagged,1,True,This item is broken down as follows: € millions 2023 2022 2021 Interest component of pension costs -2.2 -6.5 -10.1 Other,"[""OR.PA-management-2024-03-20-2024-03-20-consolidated-financial-statem""]",,
OR.PA-management-noise-444,OR.PA,management,consequence,1,insider_only,untagged,1,True,This heading includes listed securities of biotechnology start-ups as well as Euroapi shares for €29.5 million (reassess,"[""OR.PA-management-2024-03-20-2024-03-20-consolidated-financial-statem""]",,
OR.PA-management-noise-443,OR.PA,management,consequence,1,insider_only,untagged,1,True,Term accounts with a maturity of less than three months at inception are shown on the Bank accounts and other cash and c,"[""OR.PA-management-2024-03-20-2024-03-20-consolidated-financial-statem""]",,
OR.PA-management-noise-442,OR.PA,management,consequence,1,insider_only,untagged,1,True,"The maturities of the credit lines at 31 December 2023 are broken down as follows: €0 million at less than one year; €5,","[""OR.PA-management-2024-03-20-2024-03-20-consolidated-financial-statem""]",,
OR.PA-management-noise-441,OR.PA,management,consequence,1,insider_only,untagged,1,True,"L’Oréal and its subsidiaries had €5,000 million of confirmed undrawn credit lines at 31 December 2023, as at 31 December","[""OR.PA-management-2024-03-20-2024-03-20-consolidated-financial-statem""]",,
OR.PA-management-noise-440,OR.PA,management,consequence,1,insider_only,untagged,1,True,"The fair value of borrowings and debt excluding IFRS 16 amounted to €6,838.1 million at 31 December 2023 compared with €","[""OR.PA-management-2024-03-20-2024-03-20-consolidated-financial-statem""]",,
OR.PA-management-noise-439,OR.PA,management,consequence,1,insider_only,untagged,1,True,The net carrying amount of outstanding bank loans and other floating-rate loans is a reasonable approximation of their f,"[""OR.PA-management-2024-03-20-2024-03-20-consolidated-financial-statem""]",,
OR.PA-management-noise-438,OR.PA,management,consequence,1,insider_only,untagged,1,True,"The fair value of fixed-rate debt is determined for each loan by discounting future cash flows, based on bond yield curv","[""OR.PA-management-2024-03-20-2024-03-20-consolidated-financial-statem""]",,
OR.PA-management-noise-437,OR.PA,management,consequence,-1,insider_only,untagged,1,True,Net changes in Treasury shares had a negative impact on additional paid-in capital.,"[""OR.PA-management-2024-03-20-2024-03-20-consolidated-financial-statem""]",,
OR.PA-management-noise-436,OR.PA,management,consequence,-1,insider_only,untagged,1,True,Cumulative translation adjustments had a negative impact on other comprehensive income.,"[""OR.PA-management-2024-03-20-2024-03-20-consolidated-financial-statem""]",,
OR.PA-management-noise-435,OR.PA,management,consequence,-1,insider_only,untagged,1,True,Cash flow hedges had a negative impact on other comprehensive income.,"[""OR.PA-management-2024-03-20-2024-03-20-consolidated-financial-statem""]",,
OR.PA-management-noise-434,OR.PA,management,consequence,1,insider_only,untagged,1,True,Consolidated net profit for the period positively impacted retained earnings.,"[""OR.PA-management-2024-03-20-2024-03-20-consolidated-financial-statem""]",,
OR.PA-management-noise-433,OR.PA,management,consequence,-1,insider_only,untagged,1,True,The application of the IFRIC decision on SaaS contracts had a negative impact on retained earnings.,"[""OR.PA-management-2024-03-20-2024-03-20-consolidated-financial-statem""]",,
OR.PA-management-noise-432,OR.PA,management,precursor,1,insider_only,untagged,1,True,The term of the derivatives is aligned with the Group’s settlements.,"[""OR.PA-management-2024-03-20-2024-03-20-consolidated-financial-statem""]",,
OR.PA-management-noise-431,OR.PA,management,precursor,1,insider_only,untagged,1,True,All the Group’s future foreign currency flows are analysed in detailed forecasts for the coming budgetary year.,"[""OR.PA-management-2024-03-20-2024-03-20-consolidated-financial-statem""]",,
OR.PA-management-noise-430,OR.PA,management,consequence,-1,triangulated,untagged,1,True,Actuarial gains/(losses) over the period.,"[""OR.PA-management-2024-03-20-2024-03-20-consolidated-financial-statem""]",OR.PA-press-noise-314,0.9133
OR.PA-management-noise-429,OR.PA,management,consequence,-1,insider_only,untagged,1,True,Changes in fair value over period for cash flow hedges – interest rates.,"[""OR.PA-management-2024-03-20-2024-03-20-consolidated-financial-statem""]",,
OR.PA-management-noise-428,OR.PA,management,consequence,1,insider_only,untagged,1,True,"Sanofi has decided to list the company Euroapi on the stock exchange on 6 May 2022, of which it was a 100% shareholder, ","[""OR.PA-management-2024-03-20-2024-03-20-consolidated-financial-statem""]",,
OR.PA-management-noise-427,OR.PA,management,precursor,-1,insider_only,untagged,1,True,The Group’s liquidity risk can be assessed on the basis of its outstanding short-term debt under its short-term marketab,"[""OR.PA-management-2024-03-20-2024-03-20-consolidated-financial-statem""]",,
OR.PA-management-noise-426,OR.PA,management,consequence,-1,insider_only,untagged,1,True,The recognition of an impairment loss of €249.9 million on IT Cosmetics has reduced the company's goodwill.,"[""OR.PA-management-2024-03-20-2024-03-20-consolidated-financial-statem""]",,
OR.PA-management-noise-425,OR.PA,management,consequence,1,insider_only,untagged,1,True,The sale of the Cosmeurop production site by L'Oréal in 2021.,"[""OR.PA-management-2024-03-20-2024-03-20-consolidated-financial-statem""]",,
OR.PA-management-noise-424,OR.PA,management,consequence,-1,insider_only,untagged,1,True,"Delay in the IT Cosmetics Business Plan, mainly due to a delay in the international development of the brand, led to an ","[""OR.PA-management-2024-03-20-2024-03-20-consolidated-financial-statem""]",,
OR.PA-management-noise-423,OR.PA,management,precursor,1,insider_only,untagged,1,True,"Acquisition of Lactobio in December 2023, enhancing L’Oréal’s microbiome research capabilities.","[""OR.PA-management-2024-03-20-2024-03-20-consolidated-financial-statem""]",,
OR.PA-management-noise-422,OR.PA,management,precursor,-1,insider_only,untagged,1,True,Devaluation of the Argentine Peso in 2023 due to changes in the exchange control system by the Argentine government and ,"[""OR.PA-management-2024-03-20-2024-03-20-consolidated-financial-statem""]",,
OR.PA-management-noise-421,OR.PA,management,consequence,1,insider_only,untagged,1,True,The transaction had a full-year accretive impact of at least 4% for the 2022 financial year.,"[""OR.PA-management-2024-03-20-2024-03-20-consolidated-financial-statem""]",,
OR.PA-management-noise-420,OR.PA,management,consequence,-1,insider_only,untagged,1,True,"The transaction led the Group to take out a bridging loan of €1.9 billion and issue commercial paper for €2.3 billion, w","[""OR.PA-management-2024-03-20-2024-03-20-consolidated-financial-statem""]",,
OR.PA-management-noise-419,OR.PA,management,consequence,-1,insider_only,untagged,1,True,Goodwill impairment of IT Cosmetics.,"[""OR.PA-management-2024-03-20-2024-03-20-consolidated-financial-statem""]",,
OR.PA-management-noise-418,OR.PA,management,consequence,-1,insider_only,untagged,1,True,Capital loss on the assets disposal of Dermablend in the United States.,"[""OR.PA-management-2024-03-20-2024-03-20-consolidated-financial-statem""]",,
OR.PA-management-noise-417,OR.PA,management,consequence,-1,insider_only,untagged,1,True,Additional impairment concerning the right to use in Brazil.,"[""OR.PA-management-2024-03-20-2024-03-20-consolidated-financial-statem""]",,
OR.PA-management-noise-416,OR.PA,management,consequence,-1,insider_only,untagged,1,True,Additional charges on advanced leave provisions from previous restructuring due to French pension reforms.,"[""OR.PA-management-2024-03-20-2024-03-20-consolidated-financial-statem""]",,
OR.PA-management-noise-415,OR.PA,management,consequence,-1,insider_only,untagged,1,True,Restructuring costs due to strategic reorganisation of legal entities in France.,"[""OR.PA-management-2024-03-20-2024-03-20-consolidated-financial-statem""]",,
OR.PA-management-noise-414,OR.PA,management,consequence,-1,insider_only,untagged,1,True,Restructuring costs incurred due to organizational and distribution changes in the Consumer Products and Professional Pr,"[""OR.PA-management-2024-03-20-2024-03-20-consolidated-financial-statem""]",,
OR.PA-management-noise-413,OR.PA,management,consequence,-1,insider_only,untagged,1,True,Actuarial gains and losses in relation to other benefits such as jubilee awards and long-serve bonuses are immediately c,"[""OR.PA-management-2024-03-20-2024-03-20-consolidated-financial-statem""]",,
OR.PA-management-noise-412,OR.PA,management,consequence,1,insider_only,untagged,1,True,"Actuarial gains and losses arising on post-employment defined benefit obligations are recognised in equity, impacting th","[""OR.PA-management-2024-03-20-2024-03-20-consolidated-financial-statem""]",,
OR.PA-management-noise-411,OR.PA,management,consequence,1,insider_only,untagged,1,True,The interest component of the pension costs impacts the company's financial performance.,"[""OR.PA-management-2024-03-20-2024-03-20-consolidated-financial-statem""]",,
OR.PA-management-noise-410,OR.PA,management,consequence,-1,insider_only,untagged,1,True,The change in the value of the discounted rights over the past year impacts the company's financial performance.,"[""OR.PA-management-2024-03-20-2024-03-20-consolidated-financial-statem""]",,
OR.PA-management-noise-409,OR.PA,management,consequence,-1,insider_only,untagged,1,True,"The increase in personnel costs, including pension expenses, share-based payments, and payroll taxes, impacts the compan","[""OR.PA-management-2024-03-20-2024-03-20-consolidated-financial-statem""]",,
OR.PA-management-noise-408,OR.PA,management,precursor,1,insider_only,untagged,1,True,Investment in Circular Innovation Fund amounting to €50 million.,"[""OR.PA-management-2023-03-20-2023-03-20-consolidated-financial-statem""]",,
OR.PA-management-noise-407,OR.PA,management,precursor,1,insider_only,untagged,1,True,The Group's syndicated loan from 19 banks (€5 billion) incorporates a mechanism whereby the margin is adjusted in line w,"[""OR.PA-management-2023-03-20-2023-03-20-consolidated-financial-statem""]",,
OR.PA-management-noise-406,OR.PA,management,precursor,1,insider_only,untagged,1,True,The Group's ongoing efforts to bring its products in line with consumer demand as part of L'Oréal for the Future are inc,"[""OR.PA-management-2023-03-20-2023-03-20-consolidated-financial-statem""]",,
OR.PA-management-noise-405,OR.PA,management,precursor,-1,insider_only,untagged,1,True,"Other significant off-balance sheet commitments have been identified and measured, chiefly falling due within one year.","[""OR.PA-management-2023-03-20-2023-03-20-consolidated-financial-statem""]",,
OR.PA-management-noise-404,OR.PA,management,consequence,-1,insider_only,untagged,1,True,"Lease commitments amounted to €122.7 million at 31 December 2022, compared with €257.9 million at 31 December 2021.","[""OR.PA-management-2023-03-20-2023-03-20-consolidated-financial-statem""]",,
OR.PA-management-noise-403,OR.PA,management,precursor,1,insider_only,untagged,1,True,The variable portion of the Chief Executive Officer’s current remuneration incorporates quantitative and qualitative non,"[""OR.PA-management-2023-03-20-2023-03-20-consolidated-financial-statem""]",,
OR.PA-management-noise-402,OR.PA,management,consequence,-1,insider_only,untagged,1,True,The impairment of brand Biomedic led to a loss of €14 million.,"[""OR.PA-management-2023-03-20-2023-03-20-consolidated-financial-statem""]",,
OR.PA-management-noise-401,OR.PA,management,consequence,-1,insider_only,untagged,1,True,The impairment of brand Yue-Sai led to a loss of €44.8 million.,"[""OR.PA-management-2023-03-20-2023-03-20-consolidated-financial-statem""]",,
OR.PA-management-noise-400,OR.PA,management,consequence,-1,insider_only,untagged,1,True,The impairment of brand Softsheen-Carson led to a loss of €56.5 million.,"[""OR.PA-management-2023-03-20-2023-03-20-consolidated-financial-statem""]",,
OR.PA-management-noise-399,OR.PA,management,consequence,-1,insider_only,untagged,1,True,The impairment of brand Clarisonic led to a loss of €101.4 million.,"[""OR.PA-management-2023-03-20-2023-03-20-consolidated-financial-statem""]",,
OR.PA-management-noise-398,OR.PA,management,consequence,-1,insider_only,untagged,1,True,The impairment of brand Magic led to a loss of €133.4 million.,"[""OR.PA-management-2023-03-20-2023-03-20-consolidated-financial-statem""]",,
OR.PA-management-noise-397,OR.PA,management,consequence,-1,insider_only,untagged,1,True,The impairment of brands Logona and Santé led to a combined loss of €14.5 million.,"[""OR.PA-management-2023-03-20-2023-03-20-consolidated-financial-statem""]",,
OR.PA-management-noise-396,OR.PA,management,precursor,-1,insider_only,untagged,1,True,"L'Oréal has received tax reassessment notices in Brazil regarding the indirect IPI tax, which could result in a financia","[""OR.PA-management-2023-03-20-2023-03-20-consolidated-financial-statem""]",,
OR.PA-management-noise-395,OR.PA,management,precursor,-1,insider_only,untagged,1,True,The IFRS 2 expense measuring the benefit offered to employees is calculated with reference to the fair value of the disc,"[""OR.PA-management-2023-03-20-2023-03-20-consolidated-financial-statem""]",,
OR.PA-management-noise-394,OR.PA,management,precursor,-1,insider_only,untagged,1,True,The value of options or free shares granted is expensed in the income statement over the vesting period.,"[""OR.PA-management-2023-03-20-2023-03-20-consolidated-financial-statem""]",,
OR.PA-management-noise-393,OR.PA,management,precursor,-1,insider_only,untagged,1,True,Deferred tax assets whose recovery is not considered probable are not recorded in the financial statements.,"[""OR.PA-management-2023-03-20-2023-03-20-consolidated-financial-statem""]",,
OR.PA-management-noise-392,OR.PA,management,consequence,-1,insider_only,untagged,1,True,Certain specific and identifiable costs relating to the consequences of the public health crisis borne during the first ,"[""OR.PA-management-2023-03-20-2023-03-20-consolidated-financial-statem""]",,
OR.PA-management-noise-391,OR.PA,management,consequence,-1,insider_only,untagged,1,True,"The reversal of a provision for disputes related to intellectual property (€45.6 million), the write-down of Earn-out St","[""OR.PA-management-2023-03-20-2023-03-20-consolidated-financial-statem""]",,
OR.PA-management-noise-390,OR.PA,management,consequence,-1,insider_only,untagged,1,True,"Corporate philanthropy donations amounting to €25.3 million, exceptional costs associated with the conflict in Ukraine t","[""OR.PA-management-2023-03-20-2023-03-20-consolidated-financial-statem""]",,
OR.PA-management-noise-389,OR.PA,management,consequence,-1,insider_only,untagged,1,True,The ongoing restructuring of the organisation and distribution of the Luxe and Professional Divisions in Europe (€60.8 m,"[""OR.PA-management-2023-03-20-2023-03-20-consolidated-financial-statem""]",,
OR.PA-management-noise-388,OR.PA,management,precursor,-1,insider_only,untagged,1,True,The continued restructuring of the sales forces in the Consumer Products Division in Europe (€14.5 million) and the reor,"[""OR.PA-management-2023-03-20-2023-03-20-consolidated-financial-statem""]",,
OR.PA-management-noise-387,OR.PA,management,consequence,-1,insider_only,untagged,1,True,The loss resulting from the sale of Logocos for €114.6 million following the signing of an agreement on 2 December 2022.,"[""OR.PA-management-2023-03-20-2023-03-20-consolidated-financial-statem""]",,
OR.PA-management-noise-386,OR.PA,management,consequence,-1,insider_only,untagged,1,True,The goodwill of IT Cosmetics and the brand Magic resulted in impairments of €254.7 million and €82.8 million respectivel,"[""OR.PA-management-2023-03-20-2023-03-20-consolidated-financial-statem""]",,
OR.PA-management-noise-385,OR.PA,management,consequence,-1,triangulated,untagged,1,True,Discontinuation of the Clarisonic brand leading to impairment loss.,"[""OR.PA-management-2023-03-20-2023-03-20-consolidated-financial-statem""]",OR.PA-press-noise-492,0.829
OR.PA-management-noise-384,OR.PA,management,consequence,-1,insider_only,untagged,1,True,Final goodwill allocation of Youth To The People.,"[""OR.PA-management-2023-03-20-2023-03-20-consolidated-financial-statem""]",,
OR.PA-management-noise-383,OR.PA,management,precursor,1,insider_only,untagged,1,True,"L'Oréal's issuance of a €3 billion bond with ESG criteria, completed on 7 December 2021.","[""OR.PA-management-2023-03-20-2023-03-20-consolidated-financial-statem""]",,
OR.PA-management-noise-382,OR.PA,management,consequence,1,insider_only,untagged,1,True,"L'Oréal's sale of the Roger & Gallet brand to Impala, completed on 29 June 2020.","[""OR.PA-management-2023-03-20-2023-03-20-consolidated-financial-statem""]",,
OR.PA-management-noise-381,OR.PA,management,consequence,1,insider_only,untagged,1,True,"L'Oréal's sale of the Cosmeurop production site to Superga group, completed on 31 March 2021.","[""OR.PA-management-2023-03-20-2023-03-20-consolidated-financial-statem""]",,
OR.PA-management-noise-380,OR.PA,management,consequence,-1,insider_only,untagged,1,True,The application of the IFRIC decision on SaaS contracts reduced retained earnings.,"[""OR.PA-management-2023-03-20-2023-03-20-consolidated-financial-statem""]",,
OR.PA-management-noise-379,OR.PA,management,precursor,-1,insider_only,untagged,1,True,The Paris Court of Appeal's decision on the accusations of concerted practices with competitors is expected to have a ma,"[""OR.PA-management-2022-03-20-2022-03-20-consolidated-financial-statem""]",,
OR.PA-management-noise-378,OR.PA,management,consequence,1,insider_only,untagged,1,True,The German competition authority filed a lawsuit in 2008 which was closed in 2015.,"[""OR.PA-management-2022-03-20-2022-03-20-consolidated-financial-statem""]",,
OR.PA-management-noise-377,OR.PA,management,precursor,-1,insider_only,untagged,1,True,The decision by the Council of State is expected during the first-half of 2022.,"[""OR.PA-management-2022-03-20-2022-03-20-consolidated-financial-statem""]",,
OR.PA-management-noise-376,OR.PA,management,precursor,-1,insider_only,untagged,1,True,"L'Oréal is subject to investigations by national competition authorities in several European countries, which may result","[""OR.PA-management-2022-03-20-2022-03-20-consolidated-financial-statem""]",,
OR.PA-management-noise-375,OR.PA,management,precursor,-1,insider_only,untagged,1,True,"L'Oréal faces ongoing tax disputes in India regarding the tax deductibility of advertising, marketing, and promotional e","[""OR.PA-management-2022-03-20-2022-03-20-consolidated-financial-statem""]",,
OR.PA-management-noise-374,OR.PA,management,precursor,-1,insider_only,untagged,1,True,"L'Oréal faces ongoing tax disputes in Brazil and India, which may result in financial outflows.","[""OR.PA-management-2022-03-20-2022-03-20-consolidated-financial-statem""]",,
OR.PA-management-noise-373,OR.PA,management,consequence,1,insider_only,untagged,1,True,"The capital was increased on 3 November 2020 by 452,967, including matching shares.","[""OR.PA-management-2022-03-20-2022-03-20-consolidated-financial-statem""]",,
OR.PA-management-noise-372,OR.PA,management,precursor,-1,insider_only,untagged,1,True,The IFRS 2 expense measuring the benefit offered to employees is calculated with reference to the fair value of the disc,"[""OR.PA-management-2022-03-20-2022-03-20-consolidated-financial-statem""]",,
OR.PA-management-noise-371,OR.PA,management,precursor,-1,insider_only,untagged,1,True,"In September 2020, Group employees had the opportunity to join a Shareholding Plan based on a traditional format with di","[""OR.PA-management-2022-03-20-2022-03-20-consolidated-financial-statem""]",,
OR.PA-management-noise-370,OR.PA,management,precursor,-1,insider_only,untagged,1,True,"The impact of IFRS 2 on profit for the period is booked on the Selling, general and administrative expenses item of the ","[""OR.PA-management-2022-03-20-2022-03-20-consolidated-financial-statem""]",,
OR.PA-management-noise-369,OR.PA,management,precursor,-1,insider_only,untagged,1,True,"The fair value of free shares corresponds to the value of the share at the grant date, less dividends expected to be pai","[""OR.PA-management-2022-03-20-2022-03-20-consolidated-financial-statem""]",,
OR.PA-management-noise-368,OR.PA,management,precursor,-1,insider_only,untagged,1,True,The value of options or free shares granted as calculated at the grant date is expensed in the income statement over the,"[""OR.PA-management-2022-03-20-2022-03-20-consolidated-financial-statem""]",,
OR.PA-management-noise-367,OR.PA,management,precursor,-1,insider_only,untagged,1,True,"The cost of the additional 2-year holding period applicable to French residents, for plans prior to 1 January 2016, is d","[""OR.PA-management-2022-03-20-2022-03-20-consolidated-financial-statem""]",,
OR.PA-management-noise-366,OR.PA,management,consequence,-1,insider_only,untagged,1,True,Increase in trade accounts receivable due to higher gross value.,"[""OR.PA-management-2022-03-20-2022-03-20-consolidated-financial-statem""]",,
OR.PA-management-noise-365,OR.PA,management,consequence,-1,insider_only,untagged,1,True,"Increase in inventories due to higher raw materials, packaging, and semi-finished products.","[""OR.PA-management-2022-03-20-2022-03-20-consolidated-financial-statem""]",,
OR.PA-management-noise-364,OR.PA,management,consequence,-1,insider_only,untagged,1,True,Increase in inventories due to higher finished products and consumables.,"[""OR.PA-management-2022-03-20-2022-03-20-consolidated-financial-statem""]",,
OR.PA-management-noise-363,OR.PA,management,consequence,-1,insider_only,untagged,1,True,Depreciation and net impairment losses on right-of-use assets.,"[""OR.PA-management-2022-03-20-2022-03-20-consolidated-financial-statem""]",,
OR.PA-management-noise-362,OR.PA,management,consequence,-1,insider_only,untagged,1,True,The recognition of an impairment loss on Clarisonic had a negative impact on the financial performance.,"[""OR.PA-management-2022-03-20-2022-03-20-consolidated-financial-statem""]",,
OR.PA-management-noise-361,OR.PA,management,precursor,-1,insider_only,untagged,1,True,"The Group issued commercial paper (€2,300 million) and took out a bridging loan (€1,904 million) to finance the repurcha","[""OR.PA-management-2022-03-20-2022-03-20-consolidated-financial-statem""]",,
OR.PA-management-noise-360,OR.PA,management,consequence,-1,insider_only,untagged,1,True,L'Oréal's sale of the Roger & Gallet brand in 2020.,"[""OR.PA-management-2022-03-20-2022-03-20-consolidated-financial-statem""]",,
OR.PA-management-noise-359,OR.PA,management,consequence,-1,insider_only,untagged,1,True,The €262 million expense to cover an agreement made with the French tax administration regarding a disagreement over whi,"[""OR.PA-management-2022-03-20-2022-03-20-consolidated-financial-statem""]",,
OR.PA-management-noise-358,OR.PA,management,consequence,-1,insider_only,untagged,1,True,"Restructuring costs in 2021, including ongoing restructuring of divisions and site closures.","[""OR.PA-management-2022-03-20-2022-03-20-consolidated-financial-statem""]",,
OR.PA-management-noise-357,OR.PA,management,precursor,1,insider_only,untagged,1,True,"The implementation of a replacement scheme for acquired rights in accordance with Order no. 2019-697, following publicat","[""OR.PA-management-2022-03-20-2022-03-20-consolidated-financial-statem""]",,
OR.PA-management-noise-356,OR.PA,management,precursor,1,insider_only,untagged,1,True,"The Group applied the amendment to IFRS 16, adopted by the European Union on 12 October 2020 and on 31 March 2021, relat","[""OR.PA-management-2022-03-20-2022-03-20-consolidated-financial-statem""]",,
OR.PA-management-noise-355,OR.PA,management,precursor,1,insider_only,untagged,1,True,The decision published in late May 2021 states that rights vested over the period prior to retirement age should be attr,"[""OR.PA-management-2022-03-20-2022-03-20-consolidated-financial-statem""]",,
OR.PA-management-noise-354,OR.PA,management,precursor,-1,insider_only,untagged,1,True,"Uncertainties concerning the decision to launch products relating to novation projects, L’Oréal considers that some of t","[""OR.PA-management-2022-03-20-2022-03-20-consolidated-financial-statem""]",,
OR.PA-management-noise-353,OR.PA,management,precursor,-1,insider_only,untagged,1,True,"A provision is made for obsolete and slow-moving inventories on the basis of their probable net realisable value, estima","[""OR.PA-management-2022-03-20-2022-03-20-consolidated-financial-statem""]",,
OR.PA-management-noise-352,OR.PA,management,consequence,1,insider_only,untagged,1,True,Highly successful launch of Elsève Hidra Hialurônico and the activation of Revitalift.,"[""OR.PA-management-2022-02-09-2022-02-09-annual-results-2021""]",,
OR.PA-management-noise-351,OR.PA,management,consequence,1,insider_only,untagged,1,True,Launch of superior innovations as well as the success of iconic brands and products.,"[""OR.PA-management-2022-02-09-2022-02-09-annual-results-2021""]",,
OR.PA-management-noise-350,OR.PA,management,consequence,1,insider_only,untagged,1,True,Growth driven by e-commerce and offline sales.,"[""OR.PA-management-2022-02-09-2022-02-09-annual-results-2021""]",,
OR.PA-management-noise-349,OR.PA,management,consequence,1,insider_only,untagged,1,True,"Significant market share gains, with remarkable performance in Mexico, Brazil and Chile.","[""OR.PA-management-2022-02-09-2022-02-09-annual-results-2021""]",,
OR.PA-management-noise-348,OR.PA,management,precursor,-1,insider_only,untagged,1,True,Lower footfall throughout the year.,"[""OR.PA-management-2022-02-09-2022-02-09-annual-results-2021""]",,
OR.PA-management-noise-347,OR.PA,management,precursor,-1,insider_only,untagged,1,True,Temporary store closures in the first half.,"[""OR.PA-management-2022-02-09-2022-02-09-annual-results-2021""]",,
OR.PA-management-noise-346,OR.PA,management,consequence,1,insider_only,untagged,1,True,"Very strong performance from Dark & Lovely and Nice & Lovely, as well as Maybelline New York.","[""OR.PA-management-2022-02-09-2022-02-09-annual-results-2021""]",,
OR.PA-management-noise-345,OR.PA,management,consequence,1,insider_only,untagged,1,True,Strong market share gains in fragrances in South Africa.,"[""OR.PA-management-2022-02-09-2022-02-09-annual-results-2021""]",,
OR.PA-management-noise-344,OR.PA,management,consequence,1,insider_only,untagged,1,True,"Remarkable performance, thanks to the exceptional dynamism of La Roche-Posay.","[""OR.PA-management-2022-02-09-2022-02-09-annual-results-2021""]",,
OR.PA-management-noise-343,OR.PA,management,consequence,1,insider_only,untagged,1,True,"Dynamic growth in skincare, powered by La Roche-Posay and CeraVe.","[""OR.PA-management-2022-02-09-2022-02-09-annual-results-2021""]",,
OR.PA-management-noise-342,OR.PA,management,consequence,1,insider_only,untagged,1,True,"Exceptional performance in fragrances, with Yves Saint Laurent and Armani.","[""OR.PA-management-2022-02-09-2022-02-09-annual-results-2021""]",,
OR.PA-management-noise-341,OR.PA,management,consequence,1,insider_only,untagged,1,True,"Good performance of the Consumer Products Division, thanks to Garnier’s haircare lines and the gradual recovery of Maybe","[""OR.PA-management-2022-02-09-2022-02-09-annual-results-2021""]",,
OR.PA-management-noise-340,OR.PA,management,consequence,1,insider_only,untagged,1,True,"Growth momentum maintained by the Gulf region, hosting the World Expo in Dubai.","[""OR.PA-management-2022-02-09-2022-02-09-annual-results-2021""]",,
OR.PA-management-noise-339,OR.PA,management,consequence,1,insider_only,untagged,1,True,"Return to pre-Covid levels in the fourth quarter, with Vietnam achieving remarkable performance.","[""OR.PA-management-2022-02-09-2022-02-09-annual-results-2021""]",,
OR.PA-management-noise-338,OR.PA,management,consequence,1,insider_only,untagged,1,True,E-commerce accelerated in a volatile context related to the resurgence of the pandemic.,"[""OR.PA-management-2022-02-09-2022-02-09-annual-results-2021""]",,
OR.PA-management-noise-337,OR.PA,management,consequence,1,insider_only,untagged,1,True,Booming business in Hainan.,"[""OR.PA-management-2022-02-09-2022-02-09-annual-results-2021""]",,
OR.PA-management-noise-336,OR.PA,management,consequence,1,insider_only,untagged,1,True,Winning the Best Innovation award from ByteDance (TikTok).,"[""OR.PA-management-2022-02-09-2022-02-09-annual-results-2021""]",,
OR.PA-management-noise-335,OR.PA,management,consequence,1,insider_only,untagged,1,True,"Double 11 festival on Tmall, L'Oréal broke all records and reported further market share gains.","[""OR.PA-management-2022-02-09-2022-02-09-annual-results-2021""]",,
OR.PA-management-noise-334,OR.PA,management,consequence,1,insider_only,untagged,1,True,Like-for-like growth of more than 50% compared with 2019.,"[""OR.PA-management-2022-02-09-2022-02-09-annual-results-2021""]",,
OR.PA-management-noise-333,OR.PA,management,consequence,1,insider_only,untagged,1,True,"Strong double-digit growth in 2021, twice that of the beauty market.","[""OR.PA-management-2022-02-09-2022-02-09-annual-results-2021""]",,
OR.PA-management-noise-332,OR.PA,management,consequence,1,insider_only,untagged,1,True,"Remarkable acceleration of its premium haircare range, L’Oréal Paris.","[""OR.PA-management-2022-02-09-2022-02-09-annual-results-2021""]",,
OR.PA-management-noise-331,OR.PA,management,consequence,1,insider_only,untagged,1,True,Strong performance of Yves Saint Laurent and Shu Uemura.,"[""OR.PA-management-2022-02-09-2022-02-09-annual-results-2021""]",,
OR.PA-management-noise-330,OR.PA,management,consequence,1,insider_only,untagged,1,True,Success of premium skincare Lancôme Absolue and Helena Rubinstein.,"[""OR.PA-management-2022-02-09-2022-02-09-annual-results-2021""]",,
OR.PA-management-noise-329,OR.PA,management,precursor,-1,insider_only,untagged,1,True,Public health restrictions and their adverse effect on footfall.,"[""OR.PA-management-2022-02-09-2022-02-09-annual-results-2021""]",,
OR.PA-management-noise-328,OR.PA,management,precursor,1,insider_only,untagged,1,True,"The Board of Directors of L’Oréal cancelled the 22,260,000 L’Oréal shares repurchased from Nestlé.","[""OR.PA-management-2022-02-09-2022-02-09-annual-results-2021""]",,
OR.PA-management-noise-327,OR.PA,management,consequence,1,insider_only,untagged,1,True,L’Oréal was recognised by Bloomberg Gender-Equality Index 2022 for the 5th consecutive year.,"[""OR.PA-management-2022-02-09-2022-02-09-annual-results-2021""]",,
OR.PA-management-noise-326,OR.PA,management,precursor,1,insider_only,untagged,1,True,"L'Oréal and Verily, an Alphabet precision health company, announced an exclusive beauty partnership to advance skin heal","[""OR.PA-management-2022-02-09-2022-02-09-annual-results-2021""]",,
OR.PA-management-noise-325,OR.PA,management,precursor,1,insider_only,untagged,1,True,L'Oréal unveiled its latest Beauty Tech innovations to reinvent the entire hair-colouring category.,"[""OR.PA-management-2022-02-09-2022-02-09-annual-results-2021""]",,
OR.PA-management-noise-324,OR.PA,management,consequence,1,insider_only,untagged,1,True,L’Oréal Water Saver was named a top innovation of 2021 by TIME Magazine.,"[""OR.PA-management-2022-02-09-2022-02-09-annual-results-2021""]",,
OR.PA-management-noise-323,OR.PA,management,consequence,1,insider_only,untagged,1,True,"L’Oréal received HRH The Prince of Wales’s Terra Carta 2021 Seal, which recognises global companies driving innovation a","[""OR.PA-management-2022-02-09-2022-02-09-annual-results-2021""]",,
OR.PA-management-noise-322,OR.PA,management,precursor,1,insider_only,untagged,1,True,"L’Oréal announced the launch of the largest ever fragrance disclosure model, to strengthen its commitment to transparenc","[""OR.PA-management-2022-02-09-2022-02-09-annual-results-2021""]",,
OR.PA-management-noise-321,OR.PA,management,consequence,1,insider_only,untagged,1,True,L’Oréal won the “Parité du Top 100” Special Award given at the 8th edition of the Awards for the Feminisation of the Gov,"[""OR.PA-management-2022-02-09-2022-02-09-annual-results-2021""]",,
OR.PA-management-noise-320,OR.PA,management,consequence,1,insider_only,untagged,1,True,"L’Oréal Paris increased its market share gains in Brazil, Mexico and Chile, thanks to the highly successful launch of El","[""OR.PA-management-2022-02-09-2022-02-09-annual-results-2021""]",,
OR.PA-management-noise-319,OR.PA,management,precursor,1,insider_only,untagged,1,True,Strategic transaction of L'Oréal buying back 4% of its own shares held by Nestlé.,"[""OR.PA-management-2022-02-09-2022-02-09-annual-results-2021""]",,
OR.PA-management-noise-318,OR.PA,management,precursor,1,insider_only,untagged,1,True,Achievement of carbon neutrality for all L’Oréal USA sites.,"[""OR.PA-management-2022-02-09-2022-02-09-annual-results-2021""]",,
OR.PA-management-noise-317,OR.PA,management,precursor,1,insider_only,untagged,1,True,Offering job opportunities to young people under 30 as part of the 'L'Oréal For Youth' programme.,"[""OR.PA-management-2022-02-09-2022-02-09-annual-results-2021""]",,
OR.PA-management-noise-316,OR.PA,management,precursor,1,insider_only,untagged,1,True,Record redistribution of profit-sharing schemes for employees.,"[""OR.PA-management-2022-02-09-2022-02-09-annual-results-2021""]",,
OR.PA-management-noise-315,OR.PA,management,precursor,1,insider_only,untagged,1,True,Rigorous cost control enabling investment in brands and increased appeal.,"[""OR.PA-management-2022-02-09-2022-02-09-annual-results-2021""]",,
OR.PA-management-noise-314,OR.PA,management,precursor,1,insider_only,untagged,1,True,"Investment in data and artificial intelligence, and strategic partnerships like the alliance with Verily.","[""OR.PA-management-2022-02-09-2022-02-09-annual-results-2021""]",,
OR.PA-management-noise-313,OR.PA,management,precursor,1,insider_only,untagged,1,True,Consumer Products Division strengthening its position with noteworthy performance in makeup.,"[""OR.PA-management-2022-02-09-2022-02-09-annual-results-2021""]",,
OR.PA-management-noise-312,OR.PA,management,precursor,1,insider_only,untagged,1,True,L’Oréal Luxe becoming the Group’s largest Division with success in fragrances.,"[""OR.PA-management-2022-02-09-2022-02-09-annual-results-2021""]",,
OR.PA-management-noise-311,OR.PA,management,precursor,1,insider_only,untagged,1,True,Agility demonstrated in volatile public health situations in SAPMENA-SSA and Latin America.,"[""OR.PA-management-2022-02-09-2022-02-09-annual-results-2021""]",,
OR.PA-management-noise-310,OR.PA,management,precursor,1,insider_only,untagged,1,True,Reorganisation in Europe leading to significant market share gains and return to 2019 levels.,"[""OR.PA-management-2022-02-09-2022-02-09-annual-results-2021""]",,
OR.PA-management-noise-309,OR.PA,management,precursor,1,insider_only,untagged,1,True,The strong performance of North America and North Asia as primary growth contributors.,"[""OR.PA-management-2022-02-09-2022-02-09-annual-results-2021""]",,
OR.PA-management-noise-308,OR.PA,management,consequence,-1,insider_only,untagged,1,True,"Income tax excluding non-recurrent items amounted to 1,535 million euros.","[""OR.PA-management-2022-02-09-2022-02-09-annual-results-2021""]",,
OR.PA-management-noise-307,OR.PA,management,consequence,-1,insider_only,untagged,1,True,Net finance costs amounted to 59 million euros.,"[""OR.PA-management-2022-02-09-2022-02-09-annual-results-2021""]",,
OR.PA-management-noise-306,OR.PA,management,consequence,-1,insider_only,untagged,1,True,Non-allocated expenses amounted to 919.4 million euros.,"[""OR.PA-management-2022-02-09-2022-02-09-annual-results-2021""]",,
OR.PA-management-noise-305,OR.PA,management,consequence,-1,insider_only,untagged,1,True,The profitability of the Active Cosmetics Division decreased by 20 basis points.,"[""OR.PA-management-2022-02-09-2022-02-09-annual-results-2021""]",,
OR.PA-management-noise-304,OR.PA,management,consequence,1,insider_only,untagged,1,True,"The IFRIC 2021 interpretation on IAS19 ""Employee Benefits"" on Attributing Benefit to Periods of Service led to a movemen","[""OR.PA-management-2022-02-09-2022-02-09-annual-results-2021""]",,
OR.PA-management-noise-303,OR.PA,management,consequence,1,insider_only,untagged,1,True,"Growth was driven by Morocco and Egypt, and by the Active Cosmetics Division.","[""OR.PA-management-2021-04-01-2021-04-01-annual-report-2020""]",,
OR.PA-management-noise-302,OR.PA,management,consequence,1,insider_only,untagged,1,True,"The Consumer Products Division saw an improvement in skincare, thanks to the performance of Garnier.","[""OR.PA-management-2021-04-01-2021-04-01-annual-report-2020""]",,
OR.PA-management-noise-301,OR.PA,management,consequence,-1,insider_only,untagged,1,True,Hong Kong suffered from a lack of tourism.,"[""OR.PA-management-2021-04-01-2021-04-01-annual-report-2020""]",,
OR.PA-management-noise-300,OR.PA,management,consequence,1,insider_only,untagged,1,True,"In India, after a first half marked by store closures, both haircare and skincare returned to growth.","[""OR.PA-management-2021-04-01-2021-04-01-annual-report-2020""]",,
OR.PA-management-noise-299,OR.PA,management,consequence,1,insider_only,untagged,1,True,"The makeup market remained depressed, but the marketing shift towards haircare and skincare led to steady growth quarter","[""OR.PA-management-2021-04-01-2021-04-01-annual-report-2020""]",,
OR.PA-management-noise-298,OR.PA,management,consequence,1,insider_only,untagged,1,True,"Sales increased in the countries least affected by the pandemic such as Australia, New Zealand and Vietnam.","[""OR.PA-management-2021-04-01-2021-04-01-annual-report-2020""]",,
OR.PA-management-noise-297,OR.PA,management,consequence,1,insider_only,untagged,1,True,"The Czech Republic/Slovakia/Hungary hub resisted well, Romania and Ukraine recorded growth, while Russia and Turkey were","[""OR.PA-management-2021-04-01-2021-04-01-annual-report-2020""]",,
OR.PA-management-noise-296,OR.PA,management,consequence,1,insider_only,untagged,1,True,L’Oréal China significantly outperformed the market with double-digit growth in all Divisions.,"[""OR.PA-management-2021-04-01-2021-04-01-annual-report-2020""]",,
OR.PA-management-noise-295,OR.PA,management,consequence,1,insider_only,untagged,1,True,The market seeing a return to growth in the fourth quarter.,"[""OR.PA-management-2021-04-01-2021-04-01-annual-report-2020""]",,
OR.PA-management-noise-294,OR.PA,management,consequence,1,insider_only,untagged,1,True,Mainland China grew +27.0% like-for-like and +24.1% based on reported figures.,"[""OR.PA-management-2021-04-01-2021-04-01-annual-report-2020""]",,
OR.PA-management-noise-293,OR.PA,management,consequence,1,insider_only,untagged,1,True,"All Divisions saw a return to growth in the second half, particularly the Active Cosmetics Division which posted double-","[""OR.PA-management-2021-04-01-2021-04-01-annual-report-2020""]",,
OR.PA-management-noise-292,OR.PA,management,consequence,1,insider_only,untagged,1,True,"Performance was very contrasted from one Division and quarter to another, with a strong recovery in the second half of t","[""OR.PA-management-2021-04-01-2021-04-01-annual-report-2020""]",,
OR.PA-management-noise-291,OR.PA,management,consequence,-1,insider_only,untagged,1,True,The Zone was severely impacted by the pandemic with the widespread closure of points of sale.,"[""OR.PA-management-2021-04-01-2021-04-01-annual-report-2020""]",,
OR.PA-management-noise-290,OR.PA,management,consequence,1,insider_only,untagged,1,True,"The Professional Products Division gained market share and achieved a solid performance in the second half of the year, ","[""OR.PA-management-2021-04-01-2021-04-01-annual-report-2020""]",,
OR.PA-management-noise-289,OR.PA,management,consequence,1,insider_only,untagged,1,True,"The Consumer Products Division stabilised in the second half, thanks to strong growth in skincare and market share gains","[""OR.PA-management-2021-04-01-2021-04-01-annual-report-2020""]",,
OR.PA-management-noise-288,OR.PA,management,consequence,1,insider_only,untagged,1,True,"In fragrance, the continued success of Libre by Yves Saint Laurent and in haircare with Kérastase and Garnier strengthen","[""OR.PA-management-2021-04-01-2021-04-01-annual-report-2020""]",,
OR.PA-management-noise-287,OR.PA,management,consequence,1,insider_only,untagged,1,True,"Performance was especially noteworthy in skincare, with L’Oréal Paris, La Roche-Posay and CeraVe performing well.","[""OR.PA-management-2021-04-01-2021-04-01-annual-report-2020""]",,
OR.PA-management-noise-286,OR.PA,management,consequence,1,insider_only,untagged,1,True,"The Group strengthened its leadership in most countries, particularly France, the United Kingdom and Italy.","[""OR.PA-management-2021-04-01-2021-04-01-annual-report-2020""]",,
OR.PA-management-noise-285,OR.PA,management,consequence,-1,insider_only,untagged,1,True,"The market declined by around 15% over the year, improving in the second half, but remaining negative.","[""OR.PA-management-2021-04-01-2021-04-01-annual-report-2020""]",,
OR.PA-management-noise-284,OR.PA,management,consequence,-1,insider_only,untagged,1,True,The fall in European air travel and a marked downturn in tourism over the summer impacted consumption.,"[""OR.PA-management-2021-04-01-2021-04-01-annual-report-2020""]",,
OR.PA-management-noise-283,OR.PA,management,precursor,1,insider_only,untagged,1,True,"The company's leadership in China, the second-largest beauty market, has increased, providing a strategic advantage.","[""OR.PA-management-2021-04-01-2021-04-01-annual-report-2020""]",,
OR.PA-management-noise-282,OR.PA,management,precursor,1,insider_only,untagged,1,True,The company's market-share gains are expected to lead to increased consumer loyalty to its brands in the future.,"[""OR.PA-management-2021-04-01-2021-04-01-annual-report-2020""]",,
OR.PA-management-noise-281,OR.PA,management,precursor,1,insider_only,untagged,1,True,"The company's unique business model has proven its ability to win market share and create value, even in times of crisis","[""OR.PA-management-2021-04-01-2021-04-01-annual-report-2020""]",,
OR.PA-management-noise-280,OR.PA,management,precursor,1,insider_only,untagged,1,True,"The company has optimized costs and rebalanced investments, leading to virtuous results.","[""OR.PA-management-2021-04-01-2021-04-01-annual-report-2020""]",,
OR.PA-management-noise-279,OR.PA,management,precursor,1,insider_only,untagged,1,True,The company's agility and adaptability have enabled it to respond to major shifts and market volatility quickly.,"[""OR.PA-management-2021-04-01-2021-04-01-annual-report-2020""]",,
OR.PA-management-noise-278,OR.PA,management,precursor,1,insider_only,untagged,1,True,"The company's Research & Innovation efforts have sharpened, focusing on the most promising fields of science and technol","[""OR.PA-management-2021-04-01-2021-04-01-annual-report-2020""]",,
OR.PA-management-noise-277,OR.PA,management,precursor,1,insider_only,untagged,1,True,"The company's focus on skincare, the fastest-growing category in the beauty market, has reinforced its market position.","[""OR.PA-management-2021-04-01-2021-04-01-annual-report-2020""]",,
OR.PA-management-noise-276,OR.PA,management,precursor,1,insider_only,untagged,1,True,The Suzhou distribution centre’s use of automation and advanced order flow planning to keep pace with swiftly growing de,"[""OR.PA-management-2021-04-01-2021-04-01-annual-report-2020""]",,
OR.PA-management-noise-275,OR.PA,management,precursor,1,insider_only,untagged,1,True,"L’Oréal Operations’ agility, engagement, and operational excellence in overcoming the challenges of the pandemic and sup","[""OR.PA-management-2021-04-01-2021-04-01-annual-report-2020""]",,
OR.PA-management-noise-274,OR.PA,management,precursor,1,insider_only,untagged,1,True,"L’Oréal Research & Innovation’s use of data, artificial intelligence, and algorithms to accelerate the transformation of","[""OR.PA-management-2021-04-01-2021-04-01-annual-report-2020""]",,
OR.PA-management-noise-273,OR.PA,management,precursor,1,insider_only,untagged,1,True,"L’Oréal’s transition to Green Sciences, including biotechnologies, synthetic biology, and green chemistry, meets consume","[""OR.PA-management-2021-04-01-2021-04-01-annual-report-2020""]",,
OR.PA-management-noise-272,OR.PA,management,precursor,1,insider_only,untagged,1,True,"The Advanced Research centre in Bangalore, specialized in safe, high-performance natural extracts developed using Green ","[""OR.PA-management-2021-04-01-2021-04-01-annual-report-2020""]",,
OR.PA-management-noise-271,OR.PA,management,precursor,1,insider_only,untagged,1,True,"The appointment of Barbara Lavernos as President, Research, Innovation and Technologies on 1 February 2021 and her upcom","[""OR.PA-management-2021-04-01-2021-04-01-annual-report-2020""]",,
OR.PA-management-noise-270,OR.PA,management,precursor,1,insider_only,untagged,1,True,"The acceleration of e-commerce in 2020, bolstered by the success of virtual try-ons, added to L’Oréal’s catalogue of onl","[""OR.PA-management-2021-04-01-2021-04-01-annual-report-2020""]",,
OR.PA-management-noise-269,OR.PA,management,precursor,1,insider_only,untagged,1,True,"The Consumer Products Division committed to more responsible cosmetics, reducing environmental impact and optimising pro","[""OR.PA-management-2021-04-01-2021-04-01-annual-report-2020""]",,
OR.PA-management-noise-268,OR.PA,management,precursor,1,insider_only,untagged,1,True,The Consumer Products Division strengthened partnerships with distributors to stimulate consumer appetite during lockdow,"[""OR.PA-management-2021-04-01-2021-04-01-annual-report-2020""]",,
OR.PA-management-noise-267,OR.PA,management,precursor,1,insider_only,untagged,1,True,The Consumer Products Division worked with its brick-and-mortar partners to accelerate their digital transformation and ,"[""OR.PA-management-2021-04-01-2021-04-01-annual-report-2020""]",,
OR.PA-management-noise-266,OR.PA,management,precursor,1,insider_only,untagged,1,True,The Consumer Products Division worked with Amazon in the UK to create the Beauty on Demand platform to make beauty more ,"[""OR.PA-management-2021-04-01-2021-04-01-annual-report-2020""]",,
OR.PA-management-noise-265,OR.PA,management,precursor,1,insider_only,untagged,1,True,The Consumer Products Division invested heavily to support operations and launches.,"[""OR.PA-management-2021-04-01-2021-04-01-annual-report-2020""]",,
OR.PA-management-noise-264,OR.PA,management,precursor,1,insider_only,untagged,1,True,The Consumer Products Division accelerated its innovation programme and launched many exciting products in the second ha,"[""OR.PA-management-2021-04-01-2021-04-01-annual-report-2020""]",,
OR.PA-management-noise-263,OR.PA,management,precursor,1,insider_only,untagged,1,True,The Covid-19 crisis accelerated the digital transformation of the Consumer Products Division with the explosion of e-com,"[""OR.PA-management-2021-04-01-2021-04-01-annual-report-2020""]",,
OR.PA-management-noise-262,OR.PA,management,consequence,1,insider_only,untagged,1,True,"The Consumer Products Division donated more than two million bottles of hand sanitiser to hospitals, nursing homes and r","[""OR.PA-management-2021-04-01-2021-04-01-annual-report-2020""]",,
OR.PA-management-noise-261,OR.PA,management,precursor,1,insider_only,untagged,1,True,"L'Oréal's Beauty Tech programme provides customers with highly personalised, 'augmented' products and services.","[""OR.PA-management-2021-04-01-2021-04-01-annual-report-2020""]",,
OR.PA-management-noise-260,OR.PA,management,precursor,1,insider_only,untagged,1,True,L'Oréal's advance in the field of e-commerce on social networks contributed to the success of social commerce in Thailan,"[""OR.PA-management-2021-04-01-2021-04-01-annual-report-2020""]",,
OR.PA-management-noise-259,OR.PA,management,precursor,1,insider_only,untagged,1,True,L'Oréal's collaboration with ModiFace and the use of augmented reality technology enhanced the consumer experience.,"[""OR.PA-management-2021-04-01-2021-04-01-annual-report-2020""]",,
OR.PA-management-noise-258,OR.PA,management,consequence,1,insider_only,untagged,1,True,"L’Oréal's solidarity plan during the Covid-19 pandemic, ensuring full employment and pay for all employees worldwide unt","[""OR.PA-management-2021-04-01-2021-04-01-annual-report-2020""]",,
OR.PA-management-noise-257,OR.PA,management,precursor,1,insider_only,untagged,1,True,L’Oréal's Ethics Day initiative and its recognition as one of the World’s Most Ethical Companies by Ethisphere.,"[""OR.PA-management-2021-04-01-2021-04-01-annual-report-2020""]",,
OR.PA-management-noise-256,OR.PA,management,precursor,1,insider_only,untagged,1,True,"L’Oréal's partnership with Koiki, a company that employs people with disabilities, in Spain.","[""OR.PA-management-2021-04-01-2021-04-01-annual-report-2020""]",,
OR.PA-management-noise-255,OR.PA,management,precursor,1,insider_only,untagged,1,True,L’Oréal's Human Rights Policy and Employee Human Rights Policy ensuring the same social benefits for all Group employees,"[""OR.PA-management-2021-04-01-2021-04-01-annual-report-2020""]",,
OR.PA-management-noise-254,OR.PA,management,precursor,1,insider_only,untagged,1,True,"Garnier's launch of Ultimate Blends shampoo bars with 94% plant-based ingredients, 97% to 99% biodegradability, and 100%","[""OR.PA-management-2021-04-01-2021-04-01-annual-report-2020""]",,
OR.PA-management-noise-253,OR.PA,management,precursor,1,insider_only,untagged,1,True,L'Oréal's Operations teams developed a hand sanitiser formula and produced it in 70% of plants worldwide to support the ,"[""OR.PA-management-2021-04-01-2021-04-01-annual-report-2020""]",,
OR.PA-management-noise-252,OR.PA,management,precursor,1,insider_only,untagged,1,True,L'Oréal's early recognition of the severity of the Covid-19 crisis due to its significant presence in China allowed the ,"[""OR.PA-management-2021-04-01-2021-04-01-annual-report-2020""]",,
OR.PA-management-noise-251,OR.PA,management,precursor,1,insider_only,untagged,1,True,"The deployment of the Tech Accelerator programme, including the TrendSpotter application and Demand Sensing, is expected","[""OR.PA-management-2021-04-01-2021-04-01-annual-report-2020""]",,
OR.PA-management-noise-250,OR.PA,management,precursor,1,insider_only,untagged,1,True,"The continued investment in Research & Innovation, particularly in Green Sciences.","[""OR.PA-management-2021-04-01-2021-04-01-annual-report-2020""]",,
OR.PA-management-noise-249,OR.PA,management,precursor,1,insider_only,untagged,1,True,The use of algorithms and artificial intelligence to enhance financial expertise.,"[""OR.PA-management-2021-04-01-2021-04-01-annual-report-2020""]",,
OR.PA-management-noise-248,OR.PA,management,consequence,1,insider_only,untagged,1,True,The role of Finance in L’Oréal’s Solidarity Plan.,"[""OR.PA-management-2021-04-01-2021-04-01-annual-report-2020""]",,
OR.PA-management-noise-247,OR.PA,management,precursor,1,insider_only,untagged,1,True,The ongoing commitment of Finance & Legal teams to support the Group as it faces new challenges.,"[""OR.PA-management-2021-04-01-2021-04-01-annual-report-2020""]",,
OR.PA-management-noise-246,OR.PA,management,consequence,1,insider_only,untagged,1,True,The acquisition of Takami Co in December 2020.,"[""OR.PA-management-2021-04-01-2021-04-01-annual-report-2020""]",,
OR.PA-management-noise-245,OR.PA,management,consequence,1,insider_only,untagged,1,True,"The European Solidarity Plan established by the Group in March 2020, which froze sums owed by SVE/SMEs and sped up payme","[""OR.PA-management-2021-04-01-2021-04-01-annual-report-2020""]",,
OR.PA-management-noise-244,OR.PA,management,precursor,1,insider_only,untagged,1,True,L'Oréal reinvented its traditional Citizen Day to make room for new forms of engagement in response to the pandemic.,"[""OR.PA-management-2021-04-01-2021-04-01-annual-report-2020""]",,
OR.PA-management-noise-243,OR.PA,management,consequence,1,insider_only,untagged,1,True,L'Oréal employees contributed to solidarity efforts to combat the coronavirus from the first lockdowns in the spring of ,"[""OR.PA-management-2021-04-01-2021-04-01-annual-report-2020""]",,
OR.PA-management-noise-242,OR.PA,management,precursor,1,insider_only,untagged,1,True,"L'Oréal has earmarked 100 million euros for impact investing to regenerate ecosystems and develop the circular economy, ","[""OR.PA-management-2021-04-01-2021-04-01-annual-report-2020""]",,
OR.PA-management-noise-241,OR.PA,management,precursor,1,insider_only,untagged,1,True,"The Division will maintain its lead thanks to major innovations in formulas, packaging, and inclusion and diversity.","[""OR.PA-management-2021-04-01-2021-04-01-annual-report-2020""]",,
OR.PA-management-noise-240,OR.PA,management,precursor,1,insider_only,untagged,1,True,The Division implemented a solidarity plan to provide all hairdressers with both financial and human support.,"[""OR.PA-management-2021-04-01-2021-04-01-annual-report-2020""]",,
OR.PA-management-noise-239,OR.PA,management,precursor,1,insider_only,untagged,1,True,The lockdown in Dubai led L’Oréal Luxe to accelerate its digital technologies.,"[""OR.PA-management-2021-04-01-2021-04-01-annual-report-2020""]",,
OR.PA-management-noise-238,OR.PA,management,precursor,1,insider_only,untagged,1,True,The acquisition of Mugler and Azzaro brands in April 2020 is expected to strengthen L’Oréal Luxe’s position in the fragr,"[""OR.PA-management-2021-04-01-2021-04-01-annual-report-2020""]",,
OR.PA-management-noise-237,OR.PA,management,precursor,1,insider_only,untagged,1,True,The acceleration of e-commerce and digital transformation is expected to continue providing resilience and market share ,"[""OR.PA-management-2021-04-01-2021-04-01-annual-report-2020""]",,
OR.PA-management-noise-236,OR.PA,management,consequence,1,insider_only,untagged,1,True,Lancôme adapted quickly to the situation by capitalizing on its strong position in skincare and responding rapidly to th,"[""OR.PA-management-2021-04-01-2021-04-01-annual-report-2020""]",,
OR.PA-management-noise-235,OR.PA,management,consequence,1,insider_only,untagged,1,True,CeraVe’s success was driven by an increase in dermatologists’ recommendations and a strong digital strategy.,"[""OR.PA-management-2021-04-01-2021-04-01-annual-report-2020""]",,
OR.PA-management-noise-234,OR.PA,management,consequence,1,insider_only,untagged,1,True,Garnier’s quick reaction to the crisis and large-scale Back to Beauty campaigns contributed to its success.,"[""OR.PA-management-2021-04-01-2021-04-01-annual-report-2020""]",,
OR.PA-management-noise-233,OR.PA,management,precursor,1,insider_only,untagged,1,True,E-commerce and new selling methods helped mitigate the impact of salon closures.,"[""OR.PA-management-2021-04-01-2021-04-01-annual-report-2020""]",,
OR.PA-management-noise-232,OR.PA,management,precursor,1,insider_only,untagged,1,True,"The Group’s investment in digital, tech and Research & Innovation supported Divisions’ launches and marketing talents.","[""OR.PA-management-2021-04-01-2021-04-01-annual-report-2020""]",,
OR.PA-management-noise-231,OR.PA,management,consequence,1,insider_only,untagged,1,True,All Divisions achieved market share gains.,"[""OR.PA-management-2021-04-01-2021-04-01-annual-report-2020""]",,
OR.PA-management-noise-230,OR.PA,management,precursor,1,insider_only,untagged,1,True,"The digitalization of beauty, including the growth of e-commerce and social commerce, is expected to continue driving gr","[""OR.PA-management-2021-04-01-2021-04-01-annual-report-2020""]",,
OR.PA-management-noise-229,OR.PA,management,consequence,1,insider_only,untagged,1,True,"The strength and balance of L’Oréal’s brand portfolio, which covers the entire skincare market, benefited the company in","[""OR.PA-management-2021-04-01-2021-04-01-annual-report-2020""]",,
OR.PA-management-noise-228,OR.PA,management,precursor,1,triangulated,untagged,1,True,"The long-term potential of the global cosmetics market is driven by the rise of the middle and upper income classes, the","[""OR.PA-management-2021-04-01-2021-04-01-annual-report-2020""]",OR.PA-press-noise-312,0.838
OR.PA-management-noise-227,OR.PA,management,consequence,1,insider_only,untagged,1,True,"The global cosmetics market saw a significant recovery in the second half of 2020, driven by strong consumer demand.","[""OR.PA-management-2021-04-01-2021-04-01-annual-report-2020""]",,
OR.PA-management-noise-226,OR.PA,management,precursor,1,insider_only,untagged,1,True,"L’Oréal’s launch of a second employee share ownership plan in 2020 aimed to bring people together around its values, goa","[""OR.PA-management-2021-04-01-2021-04-01-annual-report-2020""]",,
OR.PA-management-noise-225,OR.PA,management,consequence,1,insider_only,untagged,1,True,"L’Oréal’s digital transformation led to a completely new approach to training, ensuring every single Group employee rece","[""OR.PA-management-2021-04-01-2021-04-01-annual-report-2020""]",,
OR.PA-management-noise-224,OR.PA,management,consequence,1,insider_only,untagged,1,True,The exceptional commitment and fighting spirit of L’Oréal’s teams enabled the Group to continue providing beauty and car,"[""OR.PA-management-2021-04-01-2021-04-01-annual-report-2020""]",,
OR.PA-management-noise-223,OR.PA,management,precursor,1,insider_only,untagged,1,True,The succession plan for the Chief Executive Officer and the dissociation of the functions of Chairman of the Board of Di,"[""OR.PA-management-2021-04-01-2021-04-01-annual-report-2020""]",,
OR.PA-management-noise-222,OR.PA,management,precursor,1,insider_only,untagged,1,True,The administrative measures put in place to deal with the Covid-19 crisis and the strategic choices aimed at creating th,"[""OR.PA-management-2021-04-01-2021-04-01-annual-report-2020""]",,
OR.PA-management-noise-221,OR.PA,management,consequence,-1,insider_only,untagged,1,True,"The impact of the Covid-19 crisis on sales by Division and by Zone, as well as its impact on cash flow.","[""OR.PA-management-2021-04-01-2021-04-01-annual-report-2020""]",,
OR.PA-management-noise-220,OR.PA,management,consequence,1,insider_only,untagged,1,True,"The sustainable transformation programme ""Sharing Beauty With All"" ended in 2020, leading to improvements in social and ","[""OR.PA-management-2021-04-01-2021-04-01-annual-report-2020""]",,
OR.PA-management-noise-219,OR.PA,management,consequence,1,insider_only,untagged,1,True,L'Oréal's balanced business model enabled long-term profitable evolution and maintained profitability at 18.6%.,"[""OR.PA-management-2021-04-01-2021-04-01-annual-report-2020""]",,
OR.PA-management-noise-218,OR.PA,management,consequence,-1,insider_only,untagged,1,True,The worldwide crisis due to the pandemic and the decline of the cosmetics market impacted L'Oréal's sales and operating ,"[""OR.PA-management-2021-04-01-2021-04-01-annual-report-2020""]",,
OR.PA-management-noise-217,OR.PA,management,consequence,-1,insider_only,untagged,1,True,Tax effect on acquisitions and internal restructuring,"[""OR.PA-management-2021-03-20-2021-03-20-consolidated-financial-statem""]",,
OR.PA-management-noise-216,OR.PA,management,precursor,1,insider_only,untagged,1,True,L’Oréal announced that it had signed an agreement to acquire the Japanese company Takami Co.,"[""OR.PA-management-2021-03-20-2021-03-20-consolidated-financial-statem""]",,
OR.PA-management-noise-215,OR.PA,management,precursor,1,insider_only,untagged,1,True,"L’Oréal announced its intention to sell the Cosmeurop production site, located in Strasbourg, France, to the Superga gro","[""OR.PA-management-2021-03-20-2021-03-20-consolidated-financial-statem""]",,
OR.PA-management-noise-214,OR.PA,management,consequence,-1,insider_only,untagged,1,True,The decrease in income tax from 2018 to 2019.,"[""OR.PA-management-2021-03-20-2021-03-20-consolidated-financial-statem""]",,
OR.PA-management-noise-213,OR.PA,management,consequence,1,insider_only,untagged,1,True,The increase in Sanofi dividends from 2018 to 2019.,"[""OR.PA-management-2021-03-20-2021-03-20-consolidated-financial-statem""]",,
OR.PA-management-noise-212,OR.PA,management,consequence,-1,insider_only,untagged,1,True,The decrease in finance income on cash and cash equivalents from 2018 to 2019.,"[""OR.PA-management-2021-03-20-2021-03-20-consolidated-financial-statem""]",,
OR.PA-management-noise-211,OR.PA,management,precursor,-1,insider_only,untagged,1,True,The Brazilian tax authorities are questioning the ex-works sales price to the commercial arm used to calculate the IPI t,"[""OR.PA-management-2021-03-20-2021-03-20-consolidated-financial-statem""]",,
OR.PA-management-noise-210,OR.PA,management,consequence,1,insider_only,untagged,1,True,"The purchase of treasury shares reduced the number of shares outstanding, which could increase earnings per share.","[""OR.PA-management-2021-03-20-2021-03-20-consolidated-financial-statem""]",,
OR.PA-management-noise-209,OR.PA,management,consequence,-1,insider_only,untagged,1,True,"The exercise of options and free shares increased the number of shares outstanding, which could dilute earnings per shar","[""OR.PA-management-2021-03-20-2021-03-20-consolidated-financial-statem""]",,
OR.PA-management-noise-208,OR.PA,management,consequence,-1,insider_only,untagged,1,True,"The cancellation of shares reduced the number of shares outstanding, which could impact earnings per share.","[""OR.PA-management-2021-03-20-2021-03-20-consolidated-financial-statem""]",,
OR.PA-management-noise-207,OR.PA,management,consequence,1,insider_only,untagged,1,True,The acquisition of CeraVe in 2018 impacted goodwill allocation.,"[""OR.PA-management-2021-03-20-2021-03-20-consolidated-financial-statem""]",,
OR.PA-management-noise-206,OR.PA,management,consequence,-1,insider_only,untagged,1,True,The disposal of the Roger & Gallet brand impacted goodwill.,"[""OR.PA-management-2021-03-20-2021-03-20-consolidated-financial-statem""]",,
OR.PA-management-noise-205,OR.PA,management,consequence,-1,insider_only,untagged,1,True,An impairment loss on Clarisonic due to discontinuation of the brand.,"[""OR.PA-management-2021-03-20-2021-03-20-consolidated-financial-statem""]",,
OR.PA-management-noise-204,OR.PA,management,consequence,-1,insider_only,untagged,1,True,The discontinuation of the Clarisonic brand led to a full write-down of residual goodwill.,"[""OR.PA-management-2021-03-20-2021-03-20-consolidated-financial-statem""]",,
OR.PA-management-noise-203,OR.PA,management,consequence,1,insider_only,untagged,1,True,"Estimated interest expense at 31 December 2020, as at 31 December 2019 and 31 December 2018, is not material given the o","[""OR.PA-management-2021-03-20-2021-03-20-consolidated-financial-statem""]",,
OR.PA-management-noise-202,OR.PA,management,consequence,1,insider_only,untagged,1,True,Residual ineffectiveness linked to excess hedges is recognised directly in the income statement under other foreign exch,"[""OR.PA-management-2021-03-20-2021-03-20-consolidated-financial-statem""]",,
OR.PA-management-noise-201,OR.PA,management,consequence,-1,insider_only,untagged,1,True,The reclassification of €60.1 million in key money to right-of-use assets impacted the value of other intangible assets.,"[""OR.PA-management-2021-03-20-2021-03-20-consolidated-financial-statem""]",,
OR.PA-management-noise-200,OR.PA,management,consequence,-1,insider_only,untagged,1,True,The negative change in exchange rates over the period impacted the value of other intangible assets.,"[""OR.PA-management-2021-03-20-2021-03-20-consolidated-financial-statem""]",,
OR.PA-management-noise-199,OR.PA,management,consequence,-1,insider_only,untagged,1,True,The crisis resulting from the Covid-19 pandemic factored into the impairment tests on Cash Generating Units.,"[""OR.PA-management-2021-03-20-2021-03-20-consolidated-financial-statem""]",,
OR.PA-management-noise-198,OR.PA,management,precursor,1,insider_only,untagged,1,True,L’Oréal shortened payment terms to most exposed suppliers due to Covid-19.,"[""OR.PA-management-2021-03-20-2021-03-20-consolidated-financial-statem""]",,
OR.PA-management-noise-197,OR.PA,management,consequence,-1,insider_only,untagged,1,True,The impact of any reduced tax rates existing in certain countries in addition to the normal tax rates is included on the,"[""OR.PA-management-2021-03-20-2021-03-20-consolidated-financial-statem""]",,
OR.PA-management-noise-196,OR.PA,management,consequence,-1,insider_only,untagged,1,True,"The expected tax charge reflects the sum of pre-tax profit for each country, multiplied by the normal taxation rate.","[""OR.PA-management-2021-03-20-2021-03-20-consolidated-financial-statem""]",,
OR.PA-management-noise-195,OR.PA,management,consequence,-1,insider_only,untagged,1,True,"Under the French system of tax consolidation, the taxable profits of some French companies are offset when determining t","[""OR.PA-management-2021-03-20-2021-03-20-consolidated-financial-statem""]",,
OR.PA-management-noise-194,OR.PA,management,consequence,-1,insider_only,untagged,1,True,The income tax charge includes the current tax expense payable by each consolidated tax entity and the deferred tax expe,"[""OR.PA-management-2021-03-20-2021-03-20-consolidated-financial-statem""]",,
OR.PA-management-noise-193,OR.PA,management,consequence,-1,insider_only,untagged,1,True,Acquisition-related costs and disputes related to intellectual property in 2020.,"[""OR.PA-management-2021-03-20-2021-03-20-consolidated-financial-statem""]",,
OR.PA-management-noise-192,OR.PA,management,consequence,-1,insider_only,untagged,1,True,Other specific and identifiable costs in 2020 relating to the public health crisis.,"[""OR.PA-management-2021-03-20-2021-03-20-consolidated-financial-statem""]",,
OR.PA-management-noise-191,OR.PA,management,precursor,1,insider_only,untagged,1,True,L’Oréal will finalise the implementation of a replacement scheme for acquired rights in accordance with this Order for e,"[""OR.PA-management-2021-03-20-2021-03-20-consolidated-financial-statem""]",,
OR.PA-management-noise-190,OR.PA,management,consequence,1,insider_only,untagged,1,True,Order no. 2019-697 transposing a European Directive dated 16 April 2014 into law no longer allows new members to join “c,"[""OR.PA-management-2021-03-20-2021-03-20-consolidated-financial-statem""]",,
OR.PA-management-noise-189,OR.PA,management,consequence,1,insider_only,untagged,1,True,"The Group secured a syndicated loan for €3.6 billion euros, half of which was cancelled during the second half of 2020.","[""OR.PA-management-2021-03-20-2021-03-20-consolidated-financial-statem""]",,
OR.PA-management-noise-188,OR.PA,management,consequence,-1,insider_only,untagged,1,True,Costs incurred during the first half of the year by the total suspension of activity related to the lockdowns imposed by,"[""OR.PA-management-2021-03-20-2021-03-20-consolidated-financial-statem""]",,
OR.PA-management-noise-187,OR.PA,management,consequence,-1,insider_only,untagged,1,True,Health measures were put in place and costs incurred by these measures have been classified as Other operating income an,"[""OR.PA-management-2021-03-20-2021-03-20-consolidated-financial-statem""]",,
OR.PA-management-noise-186,OR.PA,management,consequence,-1,insider_only,untagged,1,True,"For the most exposed suppliers, L’Oréal shortened payment terms.","[""OR.PA-management-2021-03-20-2021-03-20-consolidated-financial-statem""]",,
OR.PA-management-noise-185,OR.PA,management,consequence,-1,insider_only,untagged,1,True,L’Oréal chose to help its small professional customers and perfumeries by deferring payment of accounts receivable in vi,"[""OR.PA-management-2021-03-20-2021-03-20-consolidated-financial-statem""]",,
OR.PA-management-noise-184,OR.PA,management,consequence,1,insider_only,untagged,1,True,"The Group introduced very strict measures in terms of operational budget discipline, with a freeze on the worldwide head","[""OR.PA-management-2021-03-20-2021-03-20-consolidated-financial-statem""]",,
OR.PA-management-noise-183,OR.PA,management,precursor,-1,insider_only,untagged,1,True,L’Oréal's sale of the Roger & Gallet brand to the French investment holding company Impala.,"[""OR.PA-management-2021-03-20-2021-03-20-consolidated-financial-statem""]",,
OR.PA-management-noise-182,OR.PA,management,consequence,1,insider_only,untagged,1,True,"L’Oréal's acquisition of 100% of Nanda Co. Ltd., the Korean lifestyle, makeup and fashion company founded by Kim So-Hee.","[""OR.PA-management-2021-03-20-2021-03-20-consolidated-financial-statem""]",,
OR.PA-management-noise-181,OR.PA,management,consequence,-1,insider_only,untagged,1,True,Trade accounts receivable impairment methodology reflecting expected losses.,"[""OR.PA-management-2021-03-20-2021-03-20-consolidated-financial-statem""]",,
OR.PA-management-noise-180,OR.PA,management,consequence,-1,insider_only,untagged,1,True,Provision for obsolete and slow-moving inventories based on probable net realisable value.,"[""OR.PA-management-2021-03-20-2021-03-20-consolidated-financial-statem""]",,
OR.PA-management-noise-179,OR.PA,management,consequence,-1,insider_only,untagged,1,True,Unrealised exchange losses from the revaluation of foreign currency receivables and payables.,"[""OR.PA-management-2020-03-20-2020-03-20-consolidated-financial-statem""]",,
OR.PA-management-noise-178,OR.PA,management,consequence,-1,insider_only,untagged,1,True,Changes in provisions for liabilities and charges impacted the 2019 income statement.,"[""OR.PA-management-2020-03-20-2020-03-20-consolidated-financial-statem""]",,
OR.PA-management-noise-177,OR.PA,management,consequence,-1,insider_only,untagged,1,True,"706,262 free shares were granted throughout 2019.","[""OR.PA-management-2020-03-20-2020-03-20-consolidated-financial-statem""]",,
OR.PA-management-noise-176,OR.PA,management,consequence,-1,insider_only,untagged,1,True,Complete transfer of assets and liabilities of Lancôme Parfums et Beauté & Cie on 3 September 2019.,"[""OR.PA-management-2020-03-20-2020-03-20-consolidated-financial-statem""]",,
OR.PA-management-noise-175,OR.PA,management,consequence,-1,insider_only,untagged,1,True,The shares were cancelled in accordance with the Board of Directors’ decision on 15 October 2019.,"[""OR.PA-management-2020-03-20-2020-03-20-consolidated-financial-statem""]",,
OR.PA-management-noise-174,OR.PA,management,consequence,-1,insider_only,untagged,1,True,The buyback programme took place on 7 October 2019.,"[""OR.PA-management-2020-03-20-2020-03-20-consolidated-financial-statem""]",,
OR.PA-management-noise-173,OR.PA,management,consequence,-1,insider_only,untagged,1,True,The Board of Directors voted to buy back L’Oréal shares on 30 July 2019.,"[""OR.PA-management-2020-03-20-2020-03-20-consolidated-financial-statem""]",,
OR.PA-management-noise-172,OR.PA,management,consequence,-1,insider_only,untagged,1,True,The finance lease option was exercised on 30 June 2019.,"[""OR.PA-management-2020-03-20-2020-03-20-consolidated-financial-statem""]",,
OR.PA-management-noise-171,OR.PA,management,consequence,-1,insider_only,untagged,1,True,Depreciation and amortisation recognised in 2019 for tangible assets and intangible assets.,"[""OR.PA-management-2020-03-20-2020-03-20-consolidated-financial-statem""]",,
OR.PA-management-noise-170,OR.PA,management,consequence,-1,insider_only,untagged,1,True,Depreciation and amortisation recognised in 2019 for tangible assets and intangible assets included: €118.1 million on a,"[""OR.PA-management-2020-03-20-2020-03-20-consolidated-financial-statem""]",,
OR.PA-management-noise-169,OR.PA,management,consequence,-1,insider_only,untagged,1,True,"In 2019, the increase in impairment of goodwill and of other intangible assets was primarily related to Roger & Gallet.","[""OR.PA-management-2020-03-20-2020-03-20-consolidated-financial-statem""]",,
OR.PA-management-noise-168,OR.PA,management,consequence,1,insider_only,untagged,1,True,"The Company generated €2,263.9 million of its net sales in France in 2019, compared with €2,172.5 million in 2018 and €1","[""OR.PA-management-2020-03-20-2020-03-20-consolidated-financial-statem""]",,
OR.PA-management-noise-167,OR.PA,management,consequence,1,insider_only,untagged,1,True,"Gemey Maybelline Garnier transferred all its assets to L’Oréal, in consideration for taking on all its debt, with retroa","[""OR.PA-management-2020-03-20-2020-03-20-consolidated-financial-statem""]",,
OR.PA-management-noise-166,OR.PA,management,precursor,1,insider_only,untagged,1,True,The impact of such hedges on profit or loss will be recorded during the same accounting period as the transactions hedge,"[""OR.PA-management-2020-03-20-2020-03-20-consolidated-financial-statem""]",,
OR.PA-management-noise-165,OR.PA,management,precursor,-1,insider_only,untagged,1,True,"L'Oréal is contesting tax reassessment notices in India regarding the deductibility of advertising, marketing, and promo","[""OR.PA-management-2020-03-20-2020-03-20-consolidated-financial-statem""]",,
OR.PA-management-noise-164,OR.PA,management,precursor,-1,insider_only,untagged,1,True,L'Oréal continues its legal proceedings with the Brazilian tax authorities regarding the IPI tax.,"[""OR.PA-management-2020-03-20-2020-03-20-consolidated-financial-statem""]",,
OR.PA-management-noise-163,OR.PA,management,consequence,-1,insider_only,untagged,1,True,Invoices received and issued not paid at the end of the financial year and in arrears.,"[""OR.PA-management-2020-03-20-2020-03-20-consolidated-financial-statem""]",,
OR.PA-management-noise-162,OR.PA,management,consequence,-1,insider_only,untagged,1,True,The total amount of expenses and charges falling under Article 223 quater of the French General Tax Code and the corresp,"[""OR.PA-management-2020-03-20-2020-03-20-consolidated-financial-statem""]",,
OR.PA-management-noise-161,OR.PA,management,precursor,1,insider_only,untagged,1,True,"The company has entered into negotiations to sell the Roger & Gallet brand, which may impact its financial performance.","[""OR.PA-management-2020-03-20-2020-03-20-consolidated-financial-statem""]",,
OR.PA-management-noise-160,OR.PA,management,precursor,-1,insider_only,untagged,1,True,"The company is involved in legal actions, tax assessments, customs controls, and administrative audits, which may impact","[""OR.PA-management-2020-03-20-2020-03-20-consolidated-financial-statem""]",,
OR.PA-management-noise-159,OR.PA,management,precursor,-1,insider_only,untagged,1,True,The hearing before the Second Court of Appeal will be held in early 2020 and the ruling should be handed down during the,"[""OR.PA-management-2020-03-20-2020-03-20-consolidated-financial-statem""]",,
OR.PA-management-noise-158,OR.PA,management,consequence,-1,insider_only,untagged,1,True,The change in accounting policy applied on 1 January 2017 led to a reduction in opening shareholders’ equity.,"[""OR.PA-management-2020-03-20-2020-03-20-consolidated-financial-statem""]",,
OR.PA-management-noise-157,OR.PA,management,consequence,1,insider_only,untagged,1,True,The complete transfer of assets and liabilities of Lancôme Parfums et Beauté & Cie to L'Oréal in 2019 resulted in a merg,"[""OR.PA-management-2020-03-20-2020-03-20-consolidated-financial-statem""]",,
OR.PA-management-noise-156,OR.PA,management,consequence,1,insider_only,untagged,1,True,The 10% preferential dividend payable for 2019 on shares held continuously in registered form between 31 December 2017 a,"[""OR.PA-management-2020-03-20-2020-03-20-consolidated-financial-statem""]",,
OR.PA-management-noise-155,OR.PA,management,consequence,-1,insider_only,untagged,1,True,"The accumulated impairment losses relating to L’Oréal Beauty Device, Magic, Softsheen-Carson, Yue-Sai and Sanoflore amou","[""OR.PA-management-2020-03-20-2020-03-20-consolidated-financial-statem""]",,
OR.PA-management-noise-154,OR.PA,management,consequence,-1,insider_only,untagged,1,True,The negative currency impact of -€580.9 million in 2017.,"[""OR.PA-management-2020-03-20-2020-03-20-consolidated-financial-statem""]",,
OR.PA-management-noise-153,OR.PA,management,consequence,1,insider_only,untagged,1,True,"The acquisition of CeraVe in 2017 for €1,025.2 million.","[""OR.PA-management-2020-03-20-2020-03-20-consolidated-financial-statem""]",,
OR.PA-management-noise-152,OR.PA,management,consequence,-1,insider_only,untagged,1,True,"Had the agreements been offset at the level of each counterparty bank, assets and liabilities would have decreased by €4","[""OR.PA-management-2020-03-20-2020-03-20-consolidated-financial-statem""]",,
OR.PA-management-noise-151,OR.PA,management,consequence,-1,insider_only,untagged,1,True,"The accumulated impairment losses on L’Oréal Beauty Device, Magic, Softsheen-Carson, Yue-Sai, and Sanoflore reduced good","[""OR.PA-management-2020-03-20-2020-03-20-consolidated-financial-statem""]",,
OR.PA-management-noise-150,OR.PA,management,consequence,-1,insider_only,untagged,1,True,Impairment losses on Roger & Gallet reduced goodwill by €36 million in 2019.,"[""OR.PA-management-2020-03-20-2020-03-20-consolidated-financial-statem""]",,
OR.PA-management-noise-149,OR.PA,management,consequence,-1,insider_only,untagged,1,True,Impairment losses on Clarisonic reduced goodwill by €47 million in 2019.,"[""OR.PA-management-2020-03-20-2020-03-20-consolidated-financial-statem""]",,
OR.PA-management-noise-148,OR.PA,management,consequence,-1,insider_only,untagged,1,True,An exceptional and additional contribution of 30% in France.,"[""OR.PA-management-2020-03-20-2020-03-20-consolidated-financial-statem""]",,
OR.PA-management-noise-147,OR.PA,management,consequence,-1,insider_only,untagged,1,True,"The 3% tax on dividends paid, following the claim filed for the 2013 to 2017 financial years, net of charges paid in Jun","[""OR.PA-management-2020-03-20-2020-03-20-consolidated-financial-statem""]",,
OR.PA-management-noise-146,OR.PA,management,consequence,-1,insider_only,untagged,1,True,A €262 million expense to cover an agreement made with the French tax administration regarding a disagreement over which,"[""OR.PA-management-2020-03-20-2020-03-20-consolidated-financial-statem""]",,
OR.PA-management-noise-145,OR.PA,management,consequence,1,insider_only,untagged,1,True,The decrease in the tax rate from 34.43% to 25.83% on deferred tax balances planned in France by 2022.,"[""OR.PA-management-2020-03-20-2020-03-20-consolidated-financial-statem""]",,
OR.PA-management-noise-144,OR.PA,management,consequence,-1,insider_only,untagged,1,True,"The capital increase reserved for employees in June 2018, with a subscription price set at €162.52, representing 80% of ","[""OR.PA-management-2020-03-20-2020-03-20-consolidated-financial-statem""]",,
OR.PA-management-noise-143,OR.PA,management,consequence,-1,insider_only,untagged,1,True,The negative change in exchange rates over the period resulted in a loss of €241.7 million.,"[""OR.PA-management-2020-03-20-2020-03-20-consolidated-financial-statem""]",,
OR.PA-management-noise-142,OR.PA,management,precursor,1,insider_only,untagged,1,True,Order no. 2019-697 transposing a European Directive dated 16 April 2014 into law no longer allows new members to join “c,"[""OR.PA-management-2020-03-20-2020-03-20-consolidated-financial-statem""]",,
OR.PA-management-noise-141,OR.PA,management,consequence,-1,insider_only,untagged,1,True,"Other income and expenses in 2019, including acquisition-related costs, the increase of the Stylenanda earn-out, dispute","[""OR.PA-management-2020-03-20-2020-03-20-consolidated-financial-statem""]",,
OR.PA-management-noise-140,OR.PA,management,consequence,1,insider_only,untagged,1,True,"Capital gains and losses on disposals of property, plant and equipment and intangible assets in 2019, including €11 mill","[""OR.PA-management-2020-03-20-2020-03-20-consolidated-financial-statem""]",,
OR.PA-management-noise-139,OR.PA,management,consequence,-1,insider_only,untagged,1,True,"Impairment of property, plant and equipment and intangible assets in 2019, including the brand and goodwill of Clarisoni","[""OR.PA-management-2020-03-20-2020-03-20-consolidated-financial-statem""]",,
OR.PA-management-noise-138,OR.PA,management,consequence,-1,insider_only,untagged,1,True,"Restructuring costs incurred in 2019, including the redesign of NYX Professional Makeup’s distribution channels, refocus","[""OR.PA-management-2020-03-20-2020-03-20-consolidated-financial-statem""]",,
OR.PA-management-noise-137,OR.PA,management,consequence,1,insider_only,untagged,1,True,L'Oréal USA's acquisition of key assets from Four Star Salon Services in 2017 to expand distribution coverage.,"[""OR.PA-management-2020-03-20-2020-03-20-consolidated-financial-statem""]",,
OR.PA-management-noise-136,OR.PA,management,consequence,1,insider_only,untagged,1,True,"L'Oréal's acquisition of skincare brands CeraVe, AcneFree, and Ambi from Valeant in 2017.","[""OR.PA-management-2020-03-20-2020-03-20-consolidated-financial-statem""]",,
OR.PA-management-noise-135,OR.PA,management,consequence,1,insider_only,untagged,1,True,"The simplified granular approach to calculate service cost, using two different discount rates based on the duration of ","[""OR.PA-management-2020-03-20-2020-03-20-consolidated-financial-statem""]",,
OR.PA-management-noise-134,OR.PA,management,consequence,1,insider_only,untagged,1,True,"The adoption of IFRS 9 'Financial Instruments' on 1 January 2018 changed the accounting for financial instruments, parti","[""OR.PA-management-2020-03-20-2020-03-20-consolidated-financial-statem""]",,
OR.PA-management-noise-133,OR.PA,management,consequence,1,insider_only,untagged,1,True,The adoption of IFRS 15 'Revenue from Contracts with Customers' on 1 January 2018 changed the accounting for revenue rec,"[""OR.PA-management-2020-03-20-2020-03-20-consolidated-financial-statem""]",,
OR.PA-management-noise-132,OR.PA,management,consequence,-1,insider_only,untagged,1,True,Argentina being considered a hyperinflationary economy since 1 July 2018 required adjustments under IAS 29.,"[""OR.PA-management-2020-03-20-2020-03-20-consolidated-financial-statem""]",,
OR.PA-management-noise-131,OR.PA,management,consequence,1,insider_only,untagged,1,True,The acquisition of CeraVe and Four Star Salon Services in 2017 contributed to net sales and operating profit.,"[""OR.PA-management-2020-03-20-2020-03-20-consolidated-financial-statem""]",,
OR.PA-management-noise-130,OR.PA,management,consequence,1,insider_only,untagged,1,True,Increase in net cash flow by 29.8%.,"[""OR.PA-management-2020-02-06-2020-02-06-annual-results-2019""]",,
OR.PA-management-noise-129,OR.PA,management,consequence,1,insider_only,untagged,1,True,Decrease in the working capital requirement by 460 million euros.,"[""OR.PA-management-2020-02-06-2020-02-06-annual-results-2019""]",,
OR.PA-management-noise-128,OR.PA,management,consequence,1,insider_only,untagged,1,True,Increase in net profit excluding non-recurring items after non-controlling interests by +9.3%.,"[""OR.PA-management-2020-02-06-2020-02-06-annual-results-2019""]",,
OR.PA-management-noise-127,OR.PA,management,consequence,1,insider_only,untagged,1,True,Increase in the profitability of the Active Cosmetics Division by 30 basis points.,"[""OR.PA-management-2020-02-06-2020-02-06-annual-results-2019""]",,
OR.PA-management-noise-126,OR.PA,management,consequence,1,insider_only,untagged,1,True,Stability in the profitability of the Consumer Products Division at 20.2%.,"[""OR.PA-management-2020-02-06-2020-02-06-annual-results-2019""]",,
OR.PA-management-noise-125,OR.PA,management,consequence,1,insider_only,untagged,1,True,Improvement in the profitability of the Professional Products Division by 10 basis points.,"[""OR.PA-management-2020-02-06-2020-02-06-annual-results-2019""]",,
OR.PA-management-noise-124,OR.PA,management,consequence,1,insider_only,untagged,1,True,"Growth in operating profit by +12.7% to 5,547 million euros.","[""OR.PA-management-2020-02-06-2020-02-06-annual-results-2019""]",,
OR.PA-management-noise-123,OR.PA,management,consequence,1,insider_only,untagged,1,True,"Reduction in Selling, general and administrative expenses by 60 basis points.","[""OR.PA-management-2020-02-06-2020-02-06-annual-results-2019""]",,
OR.PA-management-noise-122,OR.PA,management,consequence,-1,insider_only,untagged,1,True,Increase in Advertising and promotion expenses by 60 basis points.,"[""OR.PA-management-2020-02-06-2020-02-06-annual-results-2019""]",,
OR.PA-management-noise-121,OR.PA,management,consequence,1,insider_only,untagged,1,True,Improvement in gross profit margin by 20 basis points.,"[""OR.PA-management-2020-02-06-2020-02-06-annual-results-2019""]",,
OR.PA-management-noise-120,OR.PA,management,precursor,1,insider_only,untagged,1,True,The sale of the Roger & Gallet brand to Impala.,"[""OR.PA-management-2020-02-06-2020-02-06-annual-results-2019""]",,
OR.PA-management-noise-119,OR.PA,management,consequence,1,insider_only,untagged,1,True,L’Oréal China was awarded the Grand ONE Business Award for digital transformation.,"[""OR.PA-management-2020-02-06-2020-02-06-annual-results-2019""]",,
OR.PA-management-noise-118,OR.PA,management,consequence,1,insider_only,untagged,1,True,Strong performances in Asia and North America contributed to growth.,"[""OR.PA-management-2020-02-06-2020-02-06-annual-results-2019""]",,
OR.PA-management-noise-117,OR.PA,management,consequence,-1,insider_only,untagged,1,True,The negative impact of the IFRS 17 adjustment amounts to 340 basis points on like-for-like growth in Latin America and t,"[""OR.PA-management-2020-02-06-2020-02-06-annual-results-2019""]",,
OR.PA-management-noise-116,OR.PA,management,consequence,1,insider_only,untagged,1,True,"Reported Group sales amounted to 29.87 billion euros, an increase of +10.9%.","[""OR.PA-management-2020-02-06-2020-02-06-annual-results-2019""]",,
OR.PA-management-noise-115,OR.PA,management,consequence,1,insider_only,untagged,1,True,Growth at constant exchange rates was +8.8%.,"[""OR.PA-management-2020-02-06-2020-02-06-annual-results-2019""]",,
OR.PA-management-noise-114,OR.PA,management,consequence,1,insider_only,untagged,1,True,The net impact of changes in the scope of consolidation amounted to +0.8%.,"[""OR.PA-management-2020-02-06-2020-02-06-annual-results-2019""]",,
OR.PA-management-noise-113,OR.PA,management,precursor,1,insider_only,untagged,1,True,"After a period of disturbance due to the coronavirus epidemic, consumption is expected to resume stronger than before.","[""OR.PA-management-2020-02-06-2020-02-06-annual-results-2019""]",,
OR.PA-management-noise-112,OR.PA,management,consequence,1,insider_only,untagged,1,True,"The strong growth in sales and the increase in gross profit, combined with the lower weight of operating expenses, enabl","[""OR.PA-management-2020-02-06-2020-02-06-annual-results-2019""]",,
OR.PA-management-noise-111,OR.PA,management,consequence,-1,insider_only,untagged,1,True,The change in accounting policies resulting from the application of IFRS 9 “Financial Instruments” impacted the balance ,"[""OR.PA-management-2020-02-06-2020-02-06-annual-results-2019""]",,
OR.PA-management-noise-110,OR.PA,management,precursor,1,insider_only,untagged,1,True,The brand has been successfully launched in China.,"[""OR.PA-management-2019-07-25-2019-07-25-half-year-financial-report-20""]",,
OR.PA-management-noise-109,OR.PA,management,precursor,1,insider_only,untagged,1,True,"Vichy is maintaining momentum, particularly with its star product Minéral 89, which continues to grow.","[""OR.PA-management-2019-07-25-2019-07-25-half-year-financial-report-20""]",,
OR.PA-management-noise-108,OR.PA,management,precursor,1,insider_only,untagged,1,True,"La Roche-Posay, posting double-digit growth, continues to accelerate in anti-ageing, with the continuing success of Hyal","[""OR.PA-management-2019-07-25-2019-07-25-half-year-financial-report-20""]",,
OR.PA-management-noise-107,OR.PA,management,precursor,1,insider_only,untagged,1,True,"All Zones are contributing to growth, with Asia Pacific, North America and Latin America performing particularly well.","[""OR.PA-management-2019-07-25-2019-07-25-half-year-financial-report-20""]",,
OR.PA-management-noise-106,OR.PA,management,precursor,1,insider_only,untagged,1,True,"The Division is performing well in Western and Eastern Europe, particularly in Russia. It is clearly accelerating in Asi","[""OR.PA-management-2019-07-25-2019-07-25-half-year-financial-report-20""]",,
OR.PA-management-noise-105,OR.PA,management,precursor,1,insider_only,untagged,1,True,The NYX Professional Makeup brand is implementing a reworking of its distribution channels.,"[""OR.PA-management-2019-07-25-2019-07-25-half-year-financial-report-20""]",,
OR.PA-management-noise-104,OR.PA,management,precursor,1,insider_only,untagged,1,True,The Korean makeup brand 3CE Stylenanda is starting very well in China.,"[""OR.PA-management-2019-07-25-2019-07-25-half-year-financial-report-20""]",,
OR.PA-management-noise-103,OR.PA,management,precursor,1,insider_only,untagged,1,True,"Garnier is growing, driven by skincare with the strong worldwide growth of Micellar Cleansing Water and Tissue Masks, an","[""OR.PA-management-2019-07-25-2019-07-25-half-year-financial-report-20""]",,
OR.PA-management-noise-102,OR.PA,management,precursor,1,insider_only,untagged,1,True,"L’Oréal Paris maintains good growth momentum, thanks to the strong performance of face care, with the successful launch ","[""OR.PA-management-2019-07-25-2019-07-25-half-year-financial-report-20""]",,
OR.PA-management-noise-101,OR.PA,management,precursor,1,insider_only,untagged,1,True,Eastern Europe and Latin America are also performing well.,"[""OR.PA-management-2019-07-25-2019-07-25-half-year-financial-report-20""]",,
OR.PA-management-noise-100,OR.PA,management,precursor,1,insider_only,untagged,1,True,"L'Oréal Luxe is posting strong growth in Asia Pacific, particularly in China and in Travel Retail.","[""OR.PA-management-2019-07-25-2019-07-25-half-year-financial-report-20""]",,
OR.PA-management-noise-99,OR.PA,management,precursor,1,insider_only,untagged,1,True,Hair colour is benefiting from the outstanding double-digit growth of Shades EQ at Redken and the strong acceleration of,"[""OR.PA-management-2019-07-25-2019-07-25-half-year-financial-report-20""]",,
OR.PA-management-noise-98,OR.PA,management,precursor,1,insider_only,untagged,1,True,"Haircare, the number one contributor to growth, is being boosted by the strong growth of Kérastase, fuelled by the succe","[""OR.PA-management-2019-07-25-2019-07-25-half-year-financial-report-20""]",,
OR.PA-management-noise-97,OR.PA,management,precursor,1,insider_only,untagged,1,True,"Eastern Europe remains dynamic, while Latin America and Western Europe are penalised by the inertia of certain markets.","[""OR.PA-management-2019-07-25-2019-07-25-half-year-financial-report-20""]",,
OR.PA-management-noise-96,OR.PA,management,precursor,1,insider_only,untagged,1,True,"The Professional Products Division is growing, driven by the acceleration in the United States and in the Asia Pacific Z","[""OR.PA-management-2019-07-25-2019-07-25-half-year-financial-report-20""]",,
OR.PA-management-noise-95,OR.PA,management,precursor,-1,insider_only,untagged,1,True,"Mutual agreement procedures were instigated vis-à-vis the Italian, French and Spanish tax authorities in order to elimin","[""OR.PA-management-2019-07-25-2019-07-25-half-year-financial-report-20""]",,
OR.PA-management-noise-94,OR.PA,management,precursor,-1,insider_only,untagged,1,True,The hearing before the Council of State will be held in the second half of 2019.,"[""OR.PA-management-2019-07-25-2019-07-25-half-year-financial-report-20""]",,
OR.PA-management-noise-93,OR.PA,management,consequence,-1,insider_only,untagged,1,True,Reduction in “Goodwill” due to impairment of the L’Oréal Beauty Device goodwill.,"[""OR.PA-management-2019-07-25-2019-07-25-half-year-financial-report-20""]",,
OR.PA-management-noise-92,OR.PA,management,consequence,-1,insider_only,untagged,1,True,"Reduction in “Other intangible assets” due to reclassification, impairment loss, and amortisation expense.","[""OR.PA-management-2019-07-25-2019-07-25-half-year-financial-report-20""]",,
OR.PA-management-noise-91,OR.PA,management,precursor,1,insider_only,untagged,1,True,"Conditional grant of 843,075 free shares by the Board of Directors on 18 April 2019.","[""OR.PA-management-2019-07-25-2019-07-25-half-year-financial-report-20""]",,
OR.PA-management-noise-90,OR.PA,management,consequence,1,insider_only,untagged,1,True,Increase of approximately €131 million for France included in the half-year financial statements.,"[""OR.PA-management-2019-07-25-2019-07-25-half-year-financial-report-20""]",,
OR.PA-management-noise-89,OR.PA,management,consequence,-1,insider_only,untagged,1,True,Acquisition-related costs and downward adjustment of the Atelier Cologne earn-out in 2018.,"[""OR.PA-management-2019-07-25-2019-07-25-half-year-financial-report-20""]",,
OR.PA-management-noise-88,OR.PA,management,consequence,-1,insider_only,untagged,1,True,Depreciation and provision for the first half of 2019 under IFRS 16.,"[""OR.PA-management-2019-07-25-2019-07-25-half-year-financial-report-20""]",,
OR.PA-management-noise-87,OR.PA,management,consequence,-1,insider_only,untagged,1,True,Acquisitions for the first half of 2019 under IFRS 16.,"[""OR.PA-management-2019-07-25-2019-07-25-half-year-financial-report-20""]",,
OR.PA-management-noise-86,OR.PA,management,consequence,-1,insider_only,untagged,1,True,"Depreciation and amortisation of property, plant and equipment and intangible assets included in operating expenses.","[""OR.PA-management-2019-07-25-2019-07-25-half-year-financial-report-20""]",,
OR.PA-management-noise-85,OR.PA,management,precursor,1,insider_only,untagged,1,True,"Sales are increasing in Western Europe, in a market which remains difficult.","[""OR.PA-management-2019-07-25-2019-07-25-half-year-financial-report-20""]",,
OR.PA-management-noise-84,OR.PA,management,precursor,-1,insider_only,untagged,1,True,North America is still being held back by the slowdown in makeup.,"[""OR.PA-management-2019-07-25-2019-07-25-half-year-financial-report-20""]",,
OR.PA-management-noise-83,OR.PA,management,precursor,1,insider_only,untagged,1,True,"China is maintaining its pace of growth, and India, Malaysia, Indonesia and Vietnam are all posting double-digit growth.","[""OR.PA-management-2019-07-25-2019-07-25-half-year-financial-report-20""]",,
OR.PA-management-noise-82,OR.PA,management,precursor,1,insider_only,untagged,1,True,"The New Markets are growing very strongly, particularly the Asia Pacific Zone, which is now the Group’s number one Zone.","[""OR.PA-management-2019-07-25-2019-07-25-half-year-financial-report-20""]",,
OR.PA-management-noise-81,OR.PA,management,precursor,1,insider_only,untagged,1,True,"The performance of the Consumer Products Division is improving semester by semester, thanks especially to the success of","[""OR.PA-management-2019-07-25-2019-07-25-half-year-financial-report-20""]",,
OR.PA-management-noise-80,OR.PA,management,precursor,1,insider_only,untagged,1,True,"The progression of L’Oréal Luxe is being driven by its four big brands: Lancôme, Yves Saint Laurent, Giorgio Armani and ","[""OR.PA-management-2019-07-25-2019-07-25-half-year-financial-report-20""]",,
OR.PA-management-noise-79,OR.PA,management,consequence,-1,insider_only,untagged,1,True,"Securities of subsidiaries in Venezuela were deconsolidated since 31 December 2015, resulting in a write-down of €94.4 m","[""OR.PA-management-2019-07-25-2019-07-25-half-year-financial-report-20""]",,
OR.PA-management-noise-78,OR.PA,management,precursor,-1,insider_only,untagged,1,True,Ongoing tax reassessments and litigations are expected to impact future financial performance.,"[""OR.PA-management-2019-07-25-2019-07-25-half-year-financial-report-20""]",,
OR.PA-management-noise-77,OR.PA,management,precursor,1,insider_only,untagged,1,True,"Like-for-like growth in Latin America is being held back by Argentina, but sales are accelerating, especially in Mexico ","[""OR.PA-management-2019-07-25-2019-07-25-half-year-financial-report-20""]",,
OR.PA-management-noise-76,OR.PA,management,precursor,-1,insider_only,untagged,1,True,"The luxury market remains difficult in the Middle East, affecting the Africa, Middle East Zone.","[""OR.PA-management-2019-07-25-2019-07-25-half-year-financial-report-20""]",,
OR.PA-management-noise-75,OR.PA,management,precursor,1,insider_only,untagged,1,True,"Growth in Eastern Europe is driven by Russia, Turkey, and Central European countries such as Romania and Ukraine.","[""OR.PA-management-2019-07-25-2019-07-25-half-year-financial-report-20""]",,
OR.PA-management-noise-74,OR.PA,management,precursor,1,insider_only,untagged,1,True,Growth in Asia Pacific is driven by the dynamism of its big brands and the increasing success of e-commerce in China and,"[""OR.PA-management-2019-07-25-2019-07-25-half-year-financial-report-20""]",,
OR.PA-management-noise-73,OR.PA,management,precursor,-1,insider_only,untagged,1,True,The Professional Products Division is being held back by a slowdown in sales in France and a difficult market in Italy.,"[""OR.PA-management-2019-07-25-2019-07-25-half-year-financial-report-20""]",,
OR.PA-management-noise-72,OR.PA,management,precursor,-1,insider_only,untagged,1,True,Argentina being considered a hyperinflationary economy since 1 July 2018 and the application of IAS 29.,"[""OR.PA-management-2019-07-25-2019-07-25-half-year-financial-report-20""]",,
OR.PA-management-noise-71,OR.PA,management,consequence,1,insider_only,untagged,1,True,"The acquisition of brands was completed and consolidated, contributing to full-year sales and operating profit.","[""OR.PA-management-2019-07-25-2019-07-25-half-year-financial-report-20""]",,
OR.PA-management-noise-70,OR.PA,management,consequence,1,insider_only,untagged,1,True,The acquisition of Holding STRP has been fully consolidated since 13 December 2018.,"[""OR.PA-management-2019-07-25-2019-07-25-half-year-financial-report-20""]",,
OR.PA-management-noise-69,OR.PA,management,consequence,1,insider_only,untagged,1,True,The acquisition of Logocos Naturkosmetik AG has been fully consolidated since 17 October 2018.,"[""OR.PA-management-2019-07-25-2019-07-25-half-year-financial-report-20""]",,
OR.PA-management-noise-68,OR.PA,management,consequence,1,insider_only,untagged,1,True,The acquisition of Nanda Co. Ltd. has been fully consolidated since 20 June 2018.,"[""OR.PA-management-2019-07-25-2019-07-25-half-year-financial-report-20""]",,
OR.PA-management-noise-67,OR.PA,management,consequence,1,insider_only,untagged,1,True,The acquisition of ModiFace has been fully consolidated since 15 March 2018.,"[""OR.PA-management-2019-07-25-2019-07-25-half-year-financial-report-20""]",,
OR.PA-management-noise-66,OR.PA,management,consequence,1,insider_only,untagged,1,True,The acquisition of Pulp Riot has been fully consolidated since 25 May 2018.,"[""OR.PA-management-2019-07-25-2019-07-25-half-year-financial-report-20""]",,
OR.PA-management-noise-65,OR.PA,management,consequence,1,insider_only,untagged,1,True,The change in accounting policy regarding the time value of options on income in comparative periods was not deemed mate,"[""OR.PA-management-2019-07-25-2019-07-25-half-year-financial-report-20""]",,
OR.PA-management-noise-64,OR.PA,management,consequence,1,insider_only,untagged,1,True,"The consolidated net profit for the period ending June 30, 2019, contributed positively to the equity.","[""OR.PA-management-2019-07-25-2019-07-25-half-year-financial-report-20""]",,
OR.PA-management-noise-63,OR.PA,management,consequence,-1,insider_only,untagged,1,True,"The adoption of new accounting policies under IFRS 9, IFRS 15, and IFRS 16 at the beginning of 2018 and 2019 impacted th","[""OR.PA-management-2019-07-25-2019-07-25-half-year-financial-report-20""]",,
OR.PA-management-noise-62,OR.PA,management,precursor,1,insider_only,untagged,1,True,"If the exchange rates at 30 June 2019 are extrapolated until 31 December 2019, the impact of currency fluctuations on sa","[""OR.PA-management-2019-07-25-2019-07-25-half-year-financial-report-20""]",,
OR.PA-management-noise-61,OR.PA,management,consequence,-1,insider_only,untagged,1,True,The application of the IFRS 16 accounting standard increased overall financial expenses by 26 million euros.,"[""OR.PA-management-2019-07-25-2019-07-25-half-year-financial-report-20""]",,
OR.PA-management-noise-60,OR.PA,management,precursor,-1,insider_only,untagged,1,True,"The implementation of IFRS 16 Leases, which requires accounting for operating leases as a single model consisting of rec","[""OR.PA-management-2019-07-25-2019-07-25-half-year-financial-report-20""]",,
OR.PA-management-noise-59,OR.PA,management,consequence,1,insider_only,untagged,1,True,"Growth of +4.9% like-for-like in Africa, Middle East.","[""OR.PA-management-2019-02-07-2019-02-07-annual-results-2018""]",,
OR.PA-management-noise-58,OR.PA,management,consequence,1,insider_only,untagged,1,True,Strong growth of Active Cosmetics in Eastern Europe.,"[""OR.PA-management-2019-02-07-2019-02-07-annual-results-2018""]",,
OR.PA-management-noise-57,OR.PA,management,consequence,1,insider_only,untagged,1,True,Success of Singles’ Day (11/11) sales in China.,"[""OR.PA-management-2019-02-07-2019-02-07-annual-results-2018""]",,
OR.PA-management-noise-56,OR.PA,management,consequence,1,insider_only,untagged,1,True,Growth of +24.1% like-for-like in Asia Pacific.,"[""OR.PA-management-2019-02-07-2019-02-07-annual-results-2018""]",,
OR.PA-management-noise-55,OR.PA,management,consequence,1,insider_only,untagged,1,True,Outperformance of Kiehl’s and IT Cosmetics in luxury skincare in North America.,"[""OR.PA-management-2019-02-07-2019-02-07-annual-results-2018""]",,
OR.PA-management-noise-54,OR.PA,management,consequence,1,insider_only,untagged,1,True,"Strong performances by L’Oréal Paris, Maybelline New York, and Essie in North America.","[""OR.PA-management-2019-02-07-2019-02-07-annual-results-2018""]",,
OR.PA-management-noise-53,OR.PA,management,consequence,1,triangulated,untagged,1,True,Growth of +2.7% like-for-like in North America.,"[""OR.PA-management-2019-02-07-2019-02-07-annual-results-2018""]",OR.PA-press-noise-311,1.0
OR.PA-management-noise-52,OR.PA,management,consequence,1,insider_only,untagged,1,True,Rapid growth of La Roche-Posay and the CeraVe roll-out in Western Europe.,"[""OR.PA-management-2019-02-07-2019-02-07-annual-results-2018""]",,
OR.PA-management-noise-51,OR.PA,management,consequence,1,insider_only,untagged,1,True,"Dynamism of Lancôme, Giorgio Armani, and Kiehl’s in Western Europe.","[""OR.PA-management-2019-02-07-2019-02-07-annual-results-2018""]",,
OR.PA-management-noise-50,OR.PA,management,consequence,1,triangulated,untagged,1,True,Sales growth in Western Europe in the fourth quarter.,"[""OR.PA-management-2019-02-07-2019-02-07-annual-results-2018""]",OR.PA-press-noise-317,1.0
OR.PA-management-noise-49,OR.PA,management,consequence,1,triangulated,untagged,1,True,Very strong growth of SkinCeuticals in all Zones.,"[""OR.PA-management-2019-02-07-2019-02-07-annual-results-2018""]",OR.PA-press-noise-316,0.906
OR.PA-management-noise-48,OR.PA,management,consequence,1,insider_only,untagged,1,True,Success of Minéral 89 at Vichy.,"[""OR.PA-management-2019-02-07-2019-02-07-annual-results-2018""]",,
OR.PA-management-noise-47,OR.PA,management,consequence,1,insider_only,untagged,1,True,Continued successful development of IT Cosmetics and Atelier Cologne.,"[""OR.PA-management-2019-02-07-2019-02-07-annual-results-2018""]",,
OR.PA-management-noise-46,OR.PA,management,consequence,1,insider_only,untagged,1,True,Excellent performance from Kiehl’s Line-Reducing Concentrate.,"[""OR.PA-management-2019-02-07-2019-02-07-annual-results-2018""]",,
OR.PA-management-noise-45,OR.PA,management,consequence,1,triangulated,untagged,1,True,Good year for Yves Saint Laurent and Giorgio Armani in fragrances and foundations.,"[""OR.PA-management-2019-02-07-2019-02-07-annual-results-2018""]",OR.PA-press-noise-310,0.8581
OR.PA-management-noise-44,OR.PA,management,consequence,1,insider_only,untagged,1,True,"Double-digit growth of Lancôme driven by Génifique and Absolue, and the success of La Vie est Belle.","[""OR.PA-management-2019-02-07-2019-02-07-annual-results-2018""]",,
OR.PA-management-noise-43,OR.PA,management,consequence,1,insider_only,untagged,1,True,Successful launches of Elseve Dream Lengths and Fructis Hair Food.,"[""OR.PA-management-2019-02-07-2019-02-07-annual-results-2018""]",,
OR.PA-management-noise-42,OR.PA,management,consequence,1,insider_only,untagged,1,True,Global success of Superstay Matte Ink and Fit Me! by Maybelline New York.,"[""OR.PA-management-2019-02-07-2019-02-07-annual-results-2018""]",,
OR.PA-management-noise-41,OR.PA,management,consequence,1,insider_only,untagged,1,True,"Strong performance of Revitalift Filler by L’Oréal Paris, Garnier tissue masks, and Men Expert skincare.","[""OR.PA-management-2019-02-07-2019-02-07-annual-results-2018""]",,
OR.PA-management-noise-40,OR.PA,management,consequence,1,insider_only,untagged,1,True,"Success of Shades EQ by Redken, SoColor Cult launch at Matrix, and good performance of Dia at L’Oréal Professionnel.","[""OR.PA-management-2019-02-07-2019-02-07-annual-results-2018""]",,
OR.PA-management-noise-39,OR.PA,management,consequence,1,insider_only,untagged,1,True,Strong growth of Kérastase and the roll-out of a selective multi-channel strategy.,"[""OR.PA-management-2019-02-07-2019-02-07-annual-results-2018""]",,
OR.PA-management-noise-38,OR.PA,management,consequence,1,insider_only,untagged,1,True,"Renewed dynamism in the Professional Products Division, which accelerated in the fourth quarter.","[""OR.PA-management-2019-02-07-2019-02-07-annual-results-2018""]",,
OR.PA-management-noise-37,OR.PA,management,consequence,-1,insider_only,untagged,1,True,"The impact of the restatement on the sales of the Africa, Middle East Zone in the fourth quarter of 2018.","[""OR.PA-management-2019-02-07-2019-02-07-annual-results-2018""]",,
OR.PA-management-noise-36,OR.PA,management,consequence,-1,insider_only,untagged,1,True,"The application of the IAS 29 accounting rule in Argentina and the IFRS 15 accounting rule in the Africa, Middle East Zo","[""OR.PA-management-2019-02-07-2019-02-07-annual-results-2018""]",,
OR.PA-management-noise-35,OR.PA,management,precursor,1,insider_only,untagged,1,True,Covalence EthicalQuote ranking L’Oréal number 1 worldwide in its reputation index.,"[""OR.PA-management-2019-02-07-2019-02-07-annual-results-2018""]",,
OR.PA-management-noise-34,OR.PA,management,precursor,1,insider_only,untagged,1,True,"The launch of BOLD, Business Opportunities for L’Oréal Development, a corporate venture capital fund.","[""OR.PA-management-2019-02-07-2019-02-07-annual-results-2018""]",,
OR.PA-management-noise-33,OR.PA,management,precursor,1,insider_only,untagged,1,True,"The appointment of Christophe Babule as Executive Vice-President, Chief Financial Officer, and Cyril Chapuy as President","[""OR.PA-management-2019-02-07-2019-02-07-annual-results-2018""]",,
OR.PA-management-noise-32,OR.PA,management,precursor,1,insider_only,untagged,1,True,The launch of the Mixa bodycare range contributed to positive development in South Africa and Kenya.,"[""OR.PA-management-2019-02-07-2019-02-07-annual-results-2018""]",,
OR.PA-management-noise-31,OR.PA,management,consequence,1,insider_only,untagged,1,True,"The adoption of IFRS 9 ""Financial Instruments"" and IFRS 15 ""Revenue from contracts with customers"" led to changes in acc","[""OR.PA-management-2019-02-07-2019-02-07-annual-results-2018""]",,
OR.PA-management-noise-30,OR.PA,management,consequence,1,insider_only,untagged,1,True,Residual cash flow resulted in a net cash position.,"[""OR.PA-management-2018-07-25-2018-07-25-half-year-financial-report-20""]",,
OR.PA-management-noise-29,OR.PA,management,consequence,-1,insider_only,untagged,1,True,Decrease in operating cash flow.,"[""OR.PA-management-2018-07-25-2018-07-25-half-year-financial-report-20""]",,
OR.PA-management-noise-28,OR.PA,management,consequence,1,insider_only,untagged,1,True,Noticeable increase in change in working capital due to seasonality.,"[""OR.PA-management-2018-07-25-2018-07-25-half-year-financial-report-20""]",,
OR.PA-management-noise-27,OR.PA,management,consequence,1,insider_only,untagged,1,True,Strong improvement in gross profit.,"[""OR.PA-management-2018-07-25-2018-07-25-half-year-financial-report-20""]",,
OR.PA-management-noise-26,OR.PA,management,consequence,1,insider_only,untagged,1,True,Lower income tax rate compared to the previous year.,"[""OR.PA-management-2018-07-25-2018-07-25-half-year-financial-report-20""]",,
OR.PA-management-noise-25,OR.PA,management,consequence,1,insider_only,untagged,1,True,Sanofi dividends contributed to net profit.,"[""OR.PA-management-2018-07-25-2018-07-25-half-year-financial-report-20""]",,
OR.PA-management-noise-24,OR.PA,management,consequence,1,insider_only,untagged,1,True,Positive overall financial revenues.,"[""OR.PA-management-2018-07-25-2018-07-25-half-year-financial-report-20""]",,
OR.PA-management-noise-23,OR.PA,management,consequence,1,insider_only,untagged,1,True,"Slight decrease in selling, general and administrative expenses.","[""OR.PA-management-2018-07-25-2018-07-25-half-year-financial-report-20""]",,
OR.PA-management-noise-22,OR.PA,management,consequence,1,insider_only,untagged,1,True,Increased advertising and promotional expenses supported brand growth.,"[""OR.PA-management-2018-07-25-2018-07-25-half-year-financial-report-20""]",,
OR.PA-management-noise-21,OR.PA,management,consequence,-1,insider_only,untagged,1,True,The 3% tax levied on dividends paid and 2017 exceptional and additional contributions impacted net profit of continuing ,"[""OR.PA-management-2018-07-25-2018-07-25-half-year-financial-report-20""]",,
OR.PA-management-noise-20,OR.PA,management,consequence,1,insider_only,untagged,1,True,The decrease in the French tax rate on deferred tax liabilities relating to the Sanofi shareholding impacted net profit ,"[""OR.PA-management-2018-07-25-2018-07-25-half-year-financial-report-20""]",,
OR.PA-management-noise-19,OR.PA,management,precursor,-1,insider_only,untagged,1,True,"L'Oréal reconsidered the assessment of its risks in Brazil, particularly as regards IPI.","[""OR.PA-management-2018-07-25-2018-07-25-half-year-financial-report-20""]",,
OR.PA-management-noise-18,OR.PA,management,precursor,-1,insider_only,untagged,1,True,"L'Oréal subsidiaries in France received a reassessment proposal relative to 2014 financial year, mainly concerning corpo","[""OR.PA-management-2018-07-25-2018-07-25-half-year-financial-report-20""]",,
OR.PA-management-noise-17,OR.PA,management,precursor,1,insider_only,untagged,1,True,"On 13 June 2018, L’Oréal acquired a stake of 49% in the Tunisian company LIPP Distribution which distributes the Group’s","[""OR.PA-management-2018-07-25-2018-07-25-half-year-financial-report-20""]",,
OR.PA-management-noise-16,OR.PA,management,precursor,1,insider_only,untagged,1,True,"In June 2018, the Group’s employees were able to subscribe to a Share Ownership Plan on the basis of a standard formula ","[""OR.PA-management-2018-07-25-2018-07-25-half-year-financial-report-20""]",,
OR.PA-management-noise-15,OR.PA,management,precursor,1,insider_only,untagged,1,True,"On 17 April 2018, the Board of Directors decided to conditionally grant 931,000 free shares.","[""OR.PA-management-2018-07-25-2018-07-25-half-year-financial-report-20""]",,
OR.PA-management-noise-14,OR.PA,management,consequence,1,insider_only,untagged,1,True,North America recorded growth of +3.0% like-for-like and -6.8% based on reported figures.,"[""OR.PA-management-2018-07-25-2018-07-25-half-year-financial-report-20""]",,
OR.PA-management-noise-13,OR.PA,management,consequence,-1,insider_only,untagged,1,True,Western Europe posted growth of -0.8% like-for-like and -1.6% based on reported figures.,"[""OR.PA-management-2018-07-25-2018-07-25-half-year-financial-report-20""]",,
OR.PA-management-noise-12,OR.PA,management,consequence,-1,insider_only,untagged,1,True,"Increase in interest rates used to determine the present value of pension obligations, partially offset by a downward tr","[""OR.PA-management-2018-07-25-2018-07-25-half-year-financial-report-20""]",,
OR.PA-management-noise-11,OR.PA,management,consequence,-1,insider_only,untagged,1,True,"Restructuring costs in the first half of 2018, including the global transformation plan of the Professional Products Div","[""OR.PA-management-2018-07-25-2018-07-25-half-year-financial-report-20""]",,
OR.PA-management-noise-10,OR.PA,management,precursor,-1,insider_only,untagged,1,True,"Western Europe is affected by persistent difficulties in France, and by the slowdown in the United Kingdom.","[""OR.PA-management-2018-07-25-2018-07-25-half-year-financial-report-20""]",,
OR.PA-management-noise-9,OR.PA,management,precursor,1,insider_only,untagged,1,True,North America is gradually improving.,"[""OR.PA-management-2018-07-25-2018-07-25-half-year-financial-report-20""]",,
OR.PA-management-noise-8,OR.PA,management,precursor,1,insider_only,untagged,1,True,"The New Markets accelerated once again, especially in Asia.","[""OR.PA-management-2018-07-25-2018-07-25-half-year-financial-report-20""]",,
OR.PA-management-noise-7,OR.PA,management,consequence,-1,insider_only,untagged,1,True,The application of the IFRS 15 accounting rule from 1 January 2018 has resulted in the restatement of sales with distrib,"[""OR.PA-management-2018-07-25-2018-07-25-half-year-financial-report-20""]",,
OR.PA-management-noise-6,OR.PA,management,precursor,1,insider_only,untagged,1,True,"The strong growth in gross profit enables the Group to increase profitability, support investments in Research and Innov","[""OR.PA-management-2018-07-25-2018-07-25-half-year-financial-report-20""]",,
OR.PA-management-noise-5,OR.PA,management,consequence,-1,insider_only,untagged,1,True,The adoption of IFRS 9 'Financial Instruments' on 1 January 2018 resulted in a reduction of €12.4 million in shareholder,"[""OR.PA-management-2018-07-25-2018-07-25-half-year-financial-report-20""]",,
OR.PA-management-noise-4,OR.PA,management,consequence,1,insider_only,untagged,1,True,The adoption of IFRS 15 'Revenue from Contracts with Customers' on 1 January 2018 resulted in an immaterial impact on th,"[""OR.PA-management-2018-07-25-2018-07-25-half-year-financial-report-20""]",,
OR.PA-management-noise-3,OR.PA,management,precursor,1,insider_only,untagged,1,True,The acquisition of the US brand CeraVe has been added to the Active Cosmetics Division's portfolio.,"[""OR.PA-management-2018-07-25-2018-07-25-half-year-financial-report-20""]",,
OR.PA-management-noise-2,OR.PA,management,consequence,1,insider_only,untagged,1,True,"The acquisition of Four Star Salon Services by SalonCentric has been fully consolidated since 31 May 2017, contributing ","[""OR.PA-management-2018-07-25-2018-07-25-half-year-financial-report-20""]",,
OR.PA-management-noise-1,OR.PA,management,consequence,-1,insider_only,untagged,1,True,The change in tax rates in France and the USA had an impact on deferred tax.,"[""OR.PA-management-2018-07-25-2018-07-25-half-year-financial-report-20""]",,
OR.PA-management-0,OR.PA,management,precursor,1,insider_only,untagged,3,False,The Group's available cash is mainly invested in SRI SICAV money-market funds and term accounts.,"[""OR.PA-management-2023-03-20-2023-03-20-consolidated-financial-statem"", ""OR.PA-management-2024-03-20-2024-03-20-consolidated-financial-statem"", ""OR.PA-management-2025-03-20-2025-03-20-consolidated-financial-statem""]",,
OR.PA-management-1,OR.PA,management,consequence,1,insider_only,untagged,1,False,Marketable securities consist mainly of SICAV money-market funds and unit trusts (on which the return is based on EONIA),"[""OR.PA-management-2024-03-20-2024-03-20-consolidated-financial-statem""]",,
OR.PA-management-2,OR.PA,management,precursor,1,insider_only,untagged,3,False,"The Group strictly complies with regulations and laws relating to environmental protection, and does not expect that the","[""OR.PA-management-2020-03-20-2020-03-20-consolidated-financial-statem"", ""OR.PA-management-2021-03-20-2021-03-20-consolidated-financial-statem"", ""OR.PA-management-2023-03-20-2023-03-20-consolidated-financial-statem""]",,
OR.PA-management-3,OR.PA,management,consequence,1,insider_only,untagged,1,False,No impairment of around €30.0 million goodwill or other intangible assets was recorded for the 2020 financial year.,"[""OR.PA-management-2021-03-20-2021-03-20-consolidated-financial-statem""]",,
OR.PA-management-4,OR.PA,management,precursor,1,insider_only,untagged,3,False,"In 2020, the creation of a fund for Nature Regeneration to financially support projects to restore natural marine, fores","[""OR.PA-management-2023-03-20-2023-03-20-consolidated-financial-statem"", ""OR.PA-management-2024-03-20-2024-03-20-consolidated-financial-statem"", ""OR.PA-management-2025-03-20-2025-03-20-consolidated-financial-statem""]",,
OR.PA-management-5,OR.PA,management,precursor,1,insider_only,untagged,5,False,The IASB amended IAS 12 Income Taxes by introducing a temporary exception to the recognition of deferred taxes arising f,"[""OR.PA-management-2024-03-20-2024-03-20-consolidated-financial-statem"", ""OR.PA-management-2024-03-20-2024-03-20-consolidated-financial-statem"", ""OR.PA-management-2025-03-20-2025-03-20-consolidated-financial-statem"", ""OR.PA-management-2025-03-20-2025-03-20-consolidated-financial-statem"", ""OR.PA-management-2025-03-20-2025-03-20-consolidated-financial-statem""]",,
OR.PA-management-6,OR.PA,management,consequence,1,insider_only,untagged,3,False,"The effective interest rate on Group debt after allowing for hedging instruments was 1.68% in 2022, compared with -0.54%","[""OR.PA-management-2023-03-20-2023-03-20-consolidated-financial-statem"", ""OR.PA-management-2023-03-20-2023-03-20-consolidated-financial-statem"", ""OR.PA-management-2024-03-20-2024-03-20-consolidated-financial-statem""]",,
OR.PA-management-7,OR.PA,management,consequence,-1,insider_only,untagged,1,False,The effective interest rate on bonds issued in 2022 and 2023 by the Group amounts to 2.35% in 2023.,"[""OR.PA-management-2024-03-20-2024-03-20-consolidated-financial-statem""]",,
OR.PA-management-8,OR.PA,management,precursor,1,insider_only,untagged,9,False,Hedges have already been taken out in respect of forecasted operating transactions for the next financial year.,"[""OR.PA-management-2020-03-20-2020-03-20-consolidated-financial-statem"", ""OR.PA-management-2020-03-20-2020-03-20-consolidated-financial-statem"", ""OR.PA-management-2021-03-20-2021-03-20-consolidated-financial-statem"", ""OR.PA-management-2023-03-20-2023-03-20-consolidated-financial-statem"", ""OR.PA-management-2023-03-20-2023-03-20-consolidated-financial-statem"", ""OR.PA-management-2024-03-20-2024-03-20-consolidated-financial-statem"", ""OR.PA-management-2024-03-20-2024-03-20-consolidated-financial-statem"", ""OR.PA-management-2024-03-20-2024-03-20-consolidated-financial-statem"", ""OR.PA-management-2025-03-20-2025-03-20-consolidated-financial-statem""]",,
OR.PA-management-9,OR.PA,management,consequence,1,insider_only,untagged,3,False,The Zone returned to positive territory in the second half of the year.,"[""OR.PA-management-2021-04-01-2021-04-01-annual-report-2020"", ""OR.PA-management-2021-04-01-2021-04-01-annual-report-2020"", ""OR.PA-management-2021-04-01-2021-04-01-annual-report-2020""]",,
OR.PA-management-10,OR.PA,management,precursor,1,insider_only,untagged,3,False,The Group recorded a total of €246 million in non-current financial assets related to sustainable development activities,"[""OR.PA-management-2023-03-20-2023-03-20-consolidated-financial-statem"", ""OR.PA-management-2024-03-20-2024-03-20-consolidated-financial-statem"", ""OR.PA-management-2025-03-20-2025-03-20-consolidated-financial-statem""]",,
OR.PA-management-11,OR.PA,management,precursor,1,insider_only,untagged,3,False,A change in medical cost inflation by 1% point would impact the projected benefit obligation and current service cost an,"[""OR.PA-management-2020-03-20-2020-03-20-consolidated-financial-statem"", ""OR.PA-management-2022-03-20-2022-03-20-consolidated-financial-statem"", ""OR.PA-management-2024-03-20-2024-03-20-consolidated-financial-statem""]",,
OR.PA-management-12,OR.PA,management,precursor,-1,insider_only,untagged,2,False,A change of 1% point in medical cost inflation would impact the projected benefit obligation and current service cost an,"[""OR.PA-management-2023-03-20-2023-03-20-consolidated-financial-statem"", ""OR.PA-management-2025-03-20-2025-03-20-consolidated-financial-statem""]",,
OR.PA-management-13,OR.PA,management,consequence,-1,insider_only,untagged,3,False,The Paris Court of Appeal upheld the first instance decision on 27 October 2016.,"[""OR.PA-management-2019-07-25-2019-07-25-half-year-financial-report-20"", ""OR.PA-management-2020-03-20-2020-03-20-consolidated-financial-statem"", ""OR.PA-management-2022-03-20-2022-03-20-consolidated-financial-statem""]",,
OR.PA-management-14,OR.PA,management,precursor,-1,insider_only,untagged,2,False,A 10% decrease in the EUR against all other Group currencies impacts financial performance.,"[""OR.PA-management-2025-03-20-2025-03-20-consolidated-financial-statem"", ""OR.PA-management-2025-03-20-2025-03-20-consolidated-financial-statem""]",,
OR.PA-management-15,OR.PA,management,precursor,1,insider_only,untagged,1,False,A 10% decrease in the USD against key Group currencies impacts financial performance.,"[""OR.PA-management-2025-03-20-2025-03-20-consolidated-financial-statem""]",,
OR.PA-management-16,OR.PA,management,precursor,1,insider_only,untagged,2,False,Deferred tax assets generated by tax loss carryforwards are only recognised to the extent it is probable that the entiti,"[""OR.PA-management-2021-03-20-2021-03-20-consolidated-financial-statem"", ""OR.PA-management-2025-03-20-2025-03-20-consolidated-financial-statem""]",,
OR.PA-management-17,OR.PA,management,consequence,-1,insider_only,untagged,2,False,"Deferred tax assets and liabilities recorded in the balance sheet may be broken down as follows: Temporary differences, ","[""OR.PA-management-2021-03-20-2021-03-20-consolidated-financial-statem"", ""OR.PA-management-2021-03-20-2021-03-20-consolidated-financial-statem""]",,
OR.PA-management-18,OR.PA,management,consequence,-1,insider_only,untagged,1,False,The restatement of assets and liabilities relating to lease contracts results in the booking of deferred tax.,"[""OR.PA-management-2021-03-20-2021-03-20-consolidated-financial-statem""]",,
OR.PA-management-19,OR.PA,management,precursor,1,insider_only,untagged,4,False,The restatement of assets and liabilities relating to lease contracts results in the booking of deferred tax.,"[""OR.PA-management-2021-03-20-2021-03-20-consolidated-financial-statem"", ""OR.PA-management-2023-03-20-2023-03-20-consolidated-financial-statem"", ""OR.PA-management-2023-03-20-2023-03-20-consolidated-financial-statem"", ""OR.PA-management-2025-03-20-2025-03-20-consolidated-financial-statem""]",,
OR.PA-management-20,OR.PA,management,precursor,-1,insider_only,untagged,6,False,A 50 basis point decrease in the discount rates would increase the projected defined benefit obligations.,"[""OR.PA-management-2020-03-20-2020-03-20-consolidated-financial-statem"", ""OR.PA-management-2021-03-20-2021-03-20-consolidated-financial-statem"", ""OR.PA-management-2022-03-20-2022-03-20-consolidated-financial-statem"", ""OR.PA-management-2023-03-20-2023-03-20-consolidated-financial-statem"", ""OR.PA-management-2024-03-20-2024-03-20-consolidated-financial-statem"", ""OR.PA-management-2025-03-20-2025-03-20-consolidated-financial-statem""]",,
OR.PA-management-21,OR.PA,management,consequence,1,insider_only,untagged,3,False,Applying IFRIC 23 “Uncertainty over Income Tax Treatments” led the group to reclassify uncertain tax provisions.,"[""OR.PA-management-2020-03-20-2020-03-20-consolidated-financial-statem"", ""OR.PA-management-2021-03-20-2021-03-20-consolidated-financial-statem"", ""OR.PA-management-2022-03-20-2022-03-20-consolidated-financial-statem""]",,
OR.PA-management-22,OR.PA,management,consequence,-1,insider_only,untagged,1,False,Uncertain tax positions are recorded in the balance sheet under “Non-current tax liabilities”. These correspond to an es,"[""OR.PA-management-2021-03-20-2021-03-20-consolidated-financial-statem""]",,
OR.PA-management-23,OR.PA,management,precursor,-1,insider_only,untagged,2,False,Uncertain tax positions are recorded in the balance sheet under Non-current tax liabilities.,"[""OR.PA-management-2023-03-20-2023-03-20-consolidated-financial-statem"", ""OR.PA-management-2025-03-20-2025-03-20-consolidated-financial-statem""]",,
OR.PA-management-24,OR.PA,management,precursor,1,insider_only,untagged,3,False,"Investment in start-ups for a total amount of €72 million, including investments in Global Bioenergies, Carbios, Microph","[""OR.PA-management-2023-03-20-2023-03-20-consolidated-financial-statem"", ""OR.PA-management-2024-03-20-2024-03-20-consolidated-financial-statem"", ""OR.PA-management-2025-03-20-2025-03-20-consolidated-financial-statem""]",,
OR.PA-management-25,OR.PA,management,precursor,1,insider_only,untagged,3,False,The transformation of the Professional Products Division is ongoing.,"[""OR.PA-management-2019-07-25-2019-07-25-half-year-financial-report-20"", ""OR.PA-management-2020-02-06-2020-02-06-annual-results-2019"", ""OR.PA-management-2022-02-09-2022-02-09-annual-results-2021""]",,
OR.PA-management-26,OR.PA,management,consequence,1,insider_only,untagged,1,False,The growth in e-commerce and Travel Retail segments significantly contributed to the overall sales growth.,"[""OR.PA-management-2019-02-07-2019-02-07-annual-results-2018""]",,
OR.PA-management-27,OR.PA,management,precursor,1,insider_only,untagged,2,False,"Travel Retail, another of the Group’s growth drivers, has grown by +21.2%.","[""OR.PA-management-2019-07-25-2019-07-25-half-year-financial-report-20"", ""OR.PA-management-2019-07-25-2019-07-25-half-year-financial-report-20""]",,
OR.PA-management-28,OR.PA,management,precursor,-1,insider_only,untagged,1,False,The coronavirus epidemic will have a temporary impact on the beauty market in China and Travel Retail Asia.,"[""OR.PA-management-2020-02-06-2020-02-06-annual-results-2019""]",,
OR.PA-management-29,OR.PA,management,consequence,-1,insider_only,untagged,6,False,The closure of physical stores and a strong drop in air traffic due to the pandemic led to a significant contraction in ,"[""OR.PA-management-2021-04-01-2021-04-01-annual-report-2020"", ""OR.PA-management-2021-04-01-2021-04-01-annual-report-2020"", ""OR.PA-management-2021-04-01-2021-04-01-annual-report-2020"", ""OR.PA-management-2021-04-01-2021-04-01-annual-report-2020"", ""OR.PA-management-2021-04-01-2021-04-01-annual-report-2020"", ""OR.PA-management-2021-04-01-2021-04-01-annual-report-2020""]",,
OR.PA-management-30,OR.PA,management,consequence,1,insider_only,untagged,1,False,The dermocosmetics market was the only cosmetics market that recorded growth in 2020.,"[""OR.PA-management-2021-04-01-2021-04-01-annual-report-2020""]",,
OR.PA-management-31,OR.PA,management,consequence,-1,insider_only,untagged,3,False,Increase in lease debt due in more than 5 years.,"[""OR.PA-management-2022-03-20-2022-03-20-consolidated-financial-statem"", ""OR.PA-management-2022-03-20-2022-03-20-consolidated-financial-statem"", ""OR.PA-management-2022-03-20-2022-03-20-consolidated-financial-statem""]",,
OR.PA-management-32,OR.PA,management,consequence,-1,insider_only,untagged,2,False,Downward impact of approximately €6 million of the provision for pensions not taken into account in the financial statem,"[""OR.PA-management-2018-07-25-2018-07-25-half-year-financial-report-20"", ""OR.PA-management-2019-07-25-2019-07-25-half-year-financial-report-20""]",,
OR.PA-management-33,OR.PA,management,consequence,1,insider_only,untagged,1,False,Upward impacts of approximately €1 million and €6 million on pension provisions for the United States and the United Kin,"[""OR.PA-management-2019-07-25-2019-07-25-half-year-financial-report-20""]",,
OR.PA-management-34,OR.PA,management,precursor,1,insider_only,untagged,12,False,Strong momentum in e-commerce throughout the region.,"[""OR.PA-management-2018-07-25-2018-07-25-half-year-financial-report-20"", ""OR.PA-management-2019-07-25-2019-07-25-half-year-financial-report-20"", ""OR.PA-management-2019-07-25-2019-07-25-half-year-financial-report-20"", ""OR.PA-management-2020-02-06-2020-02-06-annual-results-2019"", ""OR.PA-management-2021-04-01-2021-04-01-annual-report-2020"", ""OR.PA-management-2021-04-01-2021-04-01-annual-report-2020"", ""OR.PA-management-2022-02-09-2022-02-09-annual-results-2021"", ""OR.PA-management-2025-04-01-2025-04-01-annual-report-2024"", ""OR.PA-management-2026-02-12-2026-02-12-annual-results-2025"", ""OR.PA-management-2026-02-12-2026-02-12-annual-results-2025"", ""OR.PA-management-2026-04-22-2026-04-22-first-quarter-2026-sales"", ""OR.PA-management-2026-04-22-2026-04-22-first-quarter-2026-sales""]",,
OR.PA-management-35,OR.PA,management,consequence,1,insider_only,untagged,3,False,E-commerce was a powerful growth driver.,"[""OR.PA-management-2021-04-01-2021-04-01-annual-report-2020"", ""OR.PA-management-2021-04-01-2021-04-01-annual-report-2020"", ""OR.PA-management-2021-04-01-2021-04-01-annual-report-2020""]",,
OR.PA-management-36,OR.PA,management,consequence,1,insider_only,untagged,2,False,The Greek Administrative Court of Appeal quashed the decision on 5 November 2018.,"[""OR.PA-management-2019-07-25-2019-07-25-half-year-financial-report-20"", ""OR.PA-management-2022-03-20-2022-03-20-consolidated-financial-statem""]",,
OR.PA-management-37,OR.PA,management,precursor,-1,insider_only,untagged,3,False,"The Greek competition authority has lodged an appeal in cassation against the decision to quash the fine, with a hearing","[""OR.PA-management-2019-07-25-2019-07-25-half-year-financial-report-20"", ""OR.PA-management-2020-03-20-2020-03-20-consolidated-financial-statem"", ""OR.PA-management-2022-03-20-2022-03-20-consolidated-financial-statem""]",,
OR.PA-management-38,OR.PA,management,precursor,-1,insider_only,untagged,5,False,"L'Oréal Germany faced a lawsuit for damages from distributors, which was dismissed by the courts.","[""OR.PA-management-2022-03-20-2022-03-20-consolidated-financial-statem"", ""OR.PA-management-2023-03-20-2023-03-20-consolidated-financial-statem"", ""OR.PA-management-2024-03-20-2024-03-20-consolidated-financial-statem"", ""OR.PA-management-2025-03-20-2025-03-20-consolidated-financial-statem"", ""OR.PA-management-2025-03-20-2025-03-20-consolidated-financial-statem""]",,
OR.PA-management-39,OR.PA,management,precursor,-1,insider_only,untagged,5,False,A 1% increase in the discount rate on all the Group’s Cash Generating Units would lead to an impairment loss risk of aro,"[""OR.PA-management-2020-03-20-2020-03-20-consolidated-financial-statem"", ""OR.PA-management-2022-03-20-2022-03-20-consolidated-financial-statem"", ""OR.PA-management-2023-03-20-2023-03-20-consolidated-financial-statem"", ""OR.PA-management-2024-03-20-2024-03-20-consolidated-financial-statem"", ""OR.PA-management-2025-03-20-2025-03-20-consolidated-financial-statem""]",,
OR.PA-management-40,OR.PA,management,precursor,-1,insider_only,untagged,6,False,A 1-point decrease in the margin rate over the business plan period on all the Group’s Cash Generating Units would lead ,"[""OR.PA-management-2020-03-20-2020-03-20-consolidated-financial-statem"", ""OR.PA-management-2021-03-20-2021-03-20-consolidated-financial-statem"", ""OR.PA-management-2022-03-20-2022-03-20-consolidated-financial-statem"", ""OR.PA-management-2023-03-20-2023-03-20-consolidated-financial-statem"", ""OR.PA-management-2024-03-20-2024-03-20-consolidated-financial-statem"", ""OR.PA-management-2025-03-20-2025-03-20-consolidated-financial-statem""]",,
OR.PA-management-41,OR.PA,management,precursor,-1,insider_only,untagged,5,False,A 1% decrease in the terminal growth rate on all the Group’s Cash Generating Units would lead to an impairment loss risk,"[""OR.PA-management-2020-03-20-2020-03-20-consolidated-financial-statem"", ""OR.PA-management-2022-03-20-2022-03-20-consolidated-financial-statem"", ""OR.PA-management-2023-03-20-2023-03-20-consolidated-financial-statem"", ""OR.PA-management-2024-03-20-2024-03-20-consolidated-financial-statem"", ""OR.PA-management-2025-03-20-2025-03-20-consolidated-financial-statem""]",,
OR.PA-management-42,OR.PA,management,consequence,1,insider_only,untagged,4,False,"The increase in other comprehensive income from €-2,081.3 million in 2020 to €2,044.3 million in 2021.","[""OR.PA-management-2022-02-09-2022-02-09-annual-results-2021"", ""OR.PA-management-2022-02-09-2022-02-09-annual-results-2021"", ""OR.PA-management-2022-02-09-2022-02-09-annual-results-2021"", ""OR.PA-management-2026-02-12-2026-02-12-annual-results-2025""]",,
OR.PA-management-43,OR.PA,management,consequence,-1,insider_only,untagged,6,False,"The sale of The Body Shop to Natura Cosmeticos SA was finalized on 7 September 2017, resulting in a financial impact tha","[""OR.PA-management-2018-07-25-2018-07-25-half-year-financial-report-20"", ""OR.PA-management-2018-07-25-2018-07-25-half-year-financial-report-20"", ""OR.PA-management-2019-02-07-2019-02-07-annual-results-2018"", ""OR.PA-management-2020-03-20-2020-03-20-consolidated-financial-statem"", ""OR.PA-management-2020-03-20-2020-03-20-consolidated-financial-statem"", ""OR.PA-management-2020-03-20-2020-03-20-consolidated-financial-statem""]",,
OR.PA-management-44,OR.PA,management,consequence,1,insider_only,untagged,2,False,The fall in euro interest rates is now reflected by drawdowns of short-term marketable instruments with negative interes,"[""OR.PA-management-2018-07-25-2018-07-25-half-year-financial-report-20"", ""OR.PA-management-2022-03-20-2022-03-20-consolidated-financial-statem""]",,
OR.PA-management-45,OR.PA,management,consequence,-1,insider_only,untagged,4,False,The fall in euro interest rates is reflected by drawdowns of short-term marketable instruments with negative interest ra,"[""OR.PA-management-2019-07-25-2019-07-25-half-year-financial-report-20"", ""OR.PA-management-2020-03-20-2020-03-20-consolidated-financial-statem"", ""OR.PA-management-2020-03-20-2020-03-20-consolidated-financial-statem"", ""OR.PA-management-2021-03-20-2021-03-20-consolidated-financial-statem""]",,
OR.PA-management-46,OR.PA,management,consequence,1,insider_only,untagged,10,False,The positive impact of changes in exchange rates increased goodwill by €65.4 million in 2019.,"[""OR.PA-management-2019-07-25-2019-07-25-half-year-financial-report-20"", ""OR.PA-management-2020-02-06-2020-02-06-annual-results-2019"", ""OR.PA-management-2020-03-20-2020-03-20-consolidated-financial-statem"", ""OR.PA-management-2020-03-20-2020-03-20-consolidated-financial-statem"", ""OR.PA-management-2020-03-20-2020-03-20-consolidated-financial-statem"", ""OR.PA-management-2020-03-20-2020-03-20-consolidated-financial-statem"", ""OR.PA-management-2021-03-20-2021-03-20-consolidated-financial-statem"", ""OR.PA-management-2021-03-20-2021-03-20-consolidated-financial-statem"", ""OR.PA-management-2021-03-20-2021-03-20-consolidated-financial-statem"", ""OR.PA-management-2022-03-20-2022-03-20-consolidated-financial-statem""]",,
OR.PA-management-47,OR.PA,management,precursor,1,insider_only,untagged,3,False,"The Group issued a €3 billion bond in three tranches, one of which a €1,250 million 4.25-year fixed rate Sustainability-","[""OR.PA-management-2023-03-20-2023-03-20-consolidated-financial-statem"", ""OR.PA-management-2024-03-20-2024-03-20-consolidated-financial-statem"", ""OR.PA-management-2025-03-20-2025-03-20-consolidated-financial-statem""]",,
OR.PA-management-48,OR.PA,management,consequence,1,insider_only,untagged,3,False,"In March 2022, the Group conducted a bond issue totalling €3 billion.","[""OR.PA-management-2023-03-20-2023-03-20-consolidated-financial-statem"", ""OR.PA-management-2025-03-20-2025-03-20-consolidated-financial-statem"", ""OR.PA-management-2025-03-20-2025-03-20-consolidated-financial-statem""]",,
OR.PA-management-49,OR.PA,management,precursor,1,insider_only,untagged,4,False,The continued success of P-Tiox and strong momentum in D2C boosted SkinCeuticals.,"[""OR.PA-management-2019-07-25-2019-07-25-half-year-financial-report-20"", ""OR.PA-management-2026-02-12-2026-02-12-annual-results-2025"", ""OR.PA-management-2026-02-12-2026-02-12-annual-results-2025"", ""OR.PA-management-2026-02-12-2026-02-12-annual-results-2025""]",,
OR.PA-management-50,OR.PA,management,consequence,1,insider_only,untagged,3,False,Capital increase had a positive impact on additional paid-in capital.,"[""OR.PA-management-2024-03-20-2024-03-20-consolidated-financial-statem"", ""OR.PA-management-2024-03-20-2024-03-20-consolidated-financial-statem"", ""OR.PA-management-2024-03-20-2024-03-20-consolidated-financial-statem""]",,
OR.PA-management-51,OR.PA,management,consequence,-1,insider_only,untagged,3,False,"Provisions for restructuring increased by €198.3 million in 2024, partially offset by reversals and other adjustments.","[""OR.PA-management-2025-03-20-2025-03-20-consolidated-financial-statem"", ""OR.PA-management-2025-03-20-2025-03-20-consolidated-financial-statem"", ""OR.PA-management-2025-03-20-2025-03-20-consolidated-financial-statem""]",,
OR.PA-management-52,OR.PA,management,precursor,1,insider_only,untagged,4,False,Acquisition of Kering Beauté.,"[""OR.PA-management-2026-02-12-2026-02-12-annual-results-2025"", ""OR.PA-management-2026-04-22-2026-04-22-first-quarter-2026-sales"", ""OR.PA-management-2026-04-22-2026-04-22-first-quarter-2026-sales"", ""OR.PA-management-2026-04-22-2026-04-22-first-quarter-2026-sales""]",,
OR.PA-management-53,OR.PA,management,consequence,1,insider_only,untagged,1,False,The Court of Cassation partially overturned the ruling on 27 March 2019.,"[""OR.PA-management-2019-07-25-2019-07-25-half-year-financial-report-20""]",,
OR.PA-management-54,OR.PA,management,consequence,-1,insider_only,untagged,1,False,The Court of Cassation partially overturned the ruling relating to the amount of the fine imposed on L’Oréal on 27 March,"[""OR.PA-management-2020-03-20-2020-03-20-consolidated-financial-statem""]",,
OR.PA-management-55,OR.PA,management,precursor,1,insider_only,untagged,1,False,"The Court of Cassation partially overturned the ruling relating to the amount of the fine imposed on L'Oréal, with a new","[""OR.PA-management-2020-03-20-2020-03-20-consolidated-financial-statem""]",,
OR.PA-management-56,OR.PA,management,precursor,1,insider_only,untagged,5,False,An increase of 100 basis points in interest rates would have had a direct positive impact of €9.8 million on the Group’s,"[""OR.PA-management-2020-03-20-2020-03-20-consolidated-financial-statem"", ""OR.PA-management-2021-03-20-2021-03-20-consolidated-financial-statem"", ""OR.PA-management-2023-03-20-2023-03-20-consolidated-financial-statem"", ""OR.PA-management-2024-03-20-2024-03-20-consolidated-financial-statem"", ""OR.PA-management-2025-03-20-2025-03-20-consolidated-financial-statem""]",,
OR.PA-management-57,OR.PA,management,precursor,-1,insider_only,untagged,1,False,An increase of 100 basis points in interest rates would have had a direct negative impact of -€18.2 million on the Group,"[""OR.PA-management-2022-03-20-2022-03-20-consolidated-financial-statem""]",,
OR.PA-management-58,OR.PA,management,consequence,-1,insider_only,untagged,1,False,The impact of a 100 basis point rise in interest rates on the fair value of the Group’s fixed-rate financial assets and ,"[""OR.PA-management-2021-03-20-2021-03-20-consolidated-financial-statem""]",,
OR.PA-management-59,OR.PA,management,precursor,-1,insider_only,untagged,2,False,The impact of a 100 basis point rise in interest rates on the fair value of the Group’s fixed-rate financial assets and ,"[""OR.PA-management-2023-03-20-2023-03-20-consolidated-financial-statem"", ""OR.PA-management-2024-03-20-2024-03-20-consolidated-financial-statem""]",,
OR.PA-management-60,OR.PA,management,precursor,1,insider_only,untagged,4,False,A change of plus or minus 10% in the market price of Sanofi shares relative to the market price of €89.62 on 31 December,"[""OR.PA-management-2018-07-25-2018-07-25-half-year-financial-report-20"", ""OR.PA-management-2019-07-25-2019-07-25-half-year-financial-report-20"", ""OR.PA-management-2020-03-20-2020-03-20-consolidated-financial-statem"", ""OR.PA-management-2021-03-20-2021-03-20-consolidated-financial-statem""]",,
OR.PA-management-61,OR.PA,management,precursor,-1,insider_only,untagged,2,False,A change of plus or minus 10% in the market price of Sanofi shares relative to the market price of €88.58 on 31 December,"[""OR.PA-management-2022-03-20-2022-03-20-consolidated-financial-statem"", ""OR.PA-management-2022-03-20-2022-03-20-consolidated-financial-statem""]",,
OR.PA-management-62,OR.PA,management,consequence,-1,insider_only,untagged,1,False,A change of plus or minus 10% in the market price of Sanofi shares held by the Group would impact Group equity by plus o,"[""OR.PA-management-2022-03-20-2022-03-20-consolidated-financial-statem""]",,
OR.PA-management-63,OR.PA,management,consequence,-1,insider_only,untagged,5,False,Change in accounting policy pertaining to IFRS 16 Leases.,"[""OR.PA-management-2019-07-25-2019-07-25-half-year-financial-report-20"", ""OR.PA-management-2020-02-06-2020-02-06-annual-results-2019"", ""OR.PA-management-2020-03-20-2020-03-20-consolidated-financial-statem"", ""OR.PA-management-2020-03-20-2020-03-20-consolidated-financial-statem"", ""OR.PA-management-2021-03-20-2021-03-20-consolidated-financial-statem""]",,
OR.PA-management-64,OR.PA,management,consequence,1,insider_only,untagged,3,False,The change in accounting policy pertaining to IFRS 16 “Leases”.,"[""OR.PA-management-2020-03-20-2020-03-20-consolidated-financial-statem"", ""OR.PA-management-2021-03-20-2021-03-20-consolidated-financial-statem"", ""OR.PA-management-2022-03-20-2022-03-20-consolidated-financial-statem""]",,
OR.PA-management-65,OR.PA,management,consequence,1,insider_only,untagged,2,False,The change in accounting policy pertaining to IFRS 9 “Financial Instruments”.,"[""OR.PA-management-2018-07-25-2018-07-25-half-year-financial-report-20"", ""OR.PA-management-2020-03-20-2020-03-20-consolidated-financial-statem""]",,
OR.PA-management-66,OR.PA,management,consequence,-1,insider_only,untagged,1,False,Change in accounting policy pertaining to IFRS 9 Financial Instruments.,"[""OR.PA-management-2019-07-25-2019-07-25-half-year-financial-report-20""]",,
OR.PA-management-67,OR.PA,management,consequence,-1,insider_only,untagged,5,False,Change in accounting policy pertaining to IFRS 15 “Revenue from Contracts with Customers”.,"[""OR.PA-management-2018-07-25-2018-07-25-half-year-financial-report-20"", ""OR.PA-management-2018-07-25-2018-07-25-half-year-financial-report-20"", ""OR.PA-management-2019-07-25-2019-07-25-half-year-financial-report-20"", ""OR.PA-management-2020-02-06-2020-02-06-annual-results-2019"", ""OR.PA-management-2021-03-20-2021-03-20-consolidated-financial-statem""]",,
OR.PA-management-68,OR.PA,management,consequence,1,insider_only,untagged,3,False,The change in accounting policy pertaining to IFRS 15 “Revenue from Contracts with Customers”.,"[""OR.PA-management-2019-07-25-2019-07-25-half-year-financial-report-20"", ""OR.PA-management-2020-03-20-2020-03-20-consolidated-financial-statem"", ""OR.PA-management-2021-03-20-2021-03-20-consolidated-financial-statem""]",,
OR.PA-management-69,OR.PA,management,consequence,1,insider_only,untagged,2,False,Other non-recurring items,"[""OR.PA-management-2021-03-20-2021-03-20-consolidated-financial-statem"", ""OR.PA-management-2022-03-20-2022-03-20-consolidated-financial-statem""]",,
OR.PA-management-70,OR.PA,management,consequence,-1,insider_only,untagged,4,False,Tax effect on non-recurring items,"[""OR.PA-management-2021-03-20-2021-03-20-consolidated-financial-statem"", ""OR.PA-management-2021-03-20-2021-03-20-consolidated-financial-statem"", ""OR.PA-management-2022-02-09-2022-02-09-annual-results-2021"", ""OR.PA-management-2026-02-12-2026-02-12-annual-results-2025""]",,
OR.PA-management-71,OR.PA,management,precursor,-1,insider_only,untagged,2,False,L'Oréal has funded a provision for €35 million to partially cover the risk associated with the Brazilian IPI tax dispute,"[""OR.PA-management-2022-03-20-2022-03-20-consolidated-financial-statem"", ""OR.PA-management-2023-03-20-2023-03-20-consolidated-financial-statem""]",,
OR.PA-management-72,OR.PA,management,consequence,-1,insider_only,untagged,1,False,L'Oréal has funded a provision for €42 million to partially cover the risk associated with the Brazilian IPI tax challen,"[""OR.PA-management-2023-03-20-2023-03-20-consolidated-financial-statem""]",,
OR.PA-management-73,OR.PA,management,consequence,-1,insider_only,untagged,9,False,The French competition authority issued L’Oréal with an €189.5 million fine on 18 December 2014.,"[""OR.PA-management-2018-07-25-2018-07-25-half-year-financial-report-20"", ""OR.PA-management-2019-07-25-2019-07-25-half-year-financial-report-20"", ""OR.PA-management-2020-03-20-2020-03-20-consolidated-financial-statem"", ""OR.PA-management-2020-03-20-2020-03-20-consolidated-financial-statem"", ""OR.PA-management-2021-03-20-2021-03-20-consolidated-financial-statem"", ""OR.PA-management-2022-03-20-2022-03-20-consolidated-financial-statem"", ""OR.PA-management-2023-03-20-2023-03-20-consolidated-financial-statem"", ""OR.PA-management-2024-03-20-2024-03-20-consolidated-financial-statem"", ""OR.PA-management-2025-03-20-2025-03-20-consolidated-financial-statem""]",,
OR.PA-management-74,OR.PA,management,precursor,-1,insider_only,untagged,1,False,L'Oréal Hellas was condemned to pay a fine of €2.6 million by the Greek competition authority on 4 October 2017 for anti,"[""OR.PA-management-2018-07-25-2018-07-25-half-year-financial-report-20""]",,
OR.PA-management-75,OR.PA,management,consequence,-1,insider_only,untagged,6,False,The Greek competition authority condemned L’Oréal Hellas to pay a fine of €2.6 million for carrying out anti-competitive,"[""OR.PA-management-2019-07-25-2019-07-25-half-year-financial-report-20"", ""OR.PA-management-2020-03-20-2020-03-20-consolidated-financial-statem"", ""OR.PA-management-2021-03-20-2021-03-20-consolidated-financial-statem"", ""OR.PA-management-2022-03-20-2022-03-20-consolidated-financial-statem"", ""OR.PA-management-2023-03-20-2023-03-20-consolidated-financial-statem"", ""OR.PA-management-2024-03-20-2024-03-20-consolidated-financial-statem""]",,
OR.PA-management-76,OR.PA,management,consequence,1,insider_only,untagged,4,False,"The L'Oréal Groupe received 5,140,317 Euroapi shares amounting to €74.5 million, which was recognised as financial incom","[""OR.PA-management-2023-03-20-2023-03-20-consolidated-financial-statem"", ""OR.PA-management-2024-03-20-2024-03-20-consolidated-financial-statem"", ""OR.PA-management-2025-03-20-2025-03-20-consolidated-financial-statem"", ""OR.PA-management-2025-03-20-2025-03-20-consolidated-financial-statem""]",,
OR.PA-management-77,OR.PA,management,precursor,1,insider_only,untagged,1,False,L'Oréal Groupe announced the signing of an agreement for the sale of approximately 29.6 million Sanofi shares to Sanofi ,"[""OR.PA-management-2025-03-20-2025-03-20-consolidated-financial-statem""]",,
OR.PA-management-78,OR.PA,management,precursor,1,insider_only,untagged,1,False,L'Oréal is challenging the legal grounds of decree 8.393/2015 which imposed the indirect IPI tax on certain products fro,"[""OR.PA-management-2018-07-25-2018-07-25-half-year-financial-report-20""]",,
OR.PA-management-79,OR.PA,management,consequence,1,insider_only,untagged,2,False,L'Oréal is challenging the legal grounds of the Brazilian IPI tax decree and has reversed the provision for the IPI coll,"[""OR.PA-management-2020-03-20-2020-03-20-consolidated-financial-statem"", ""OR.PA-management-2022-03-20-2022-03-20-consolidated-financial-statem""]",,
OR.PA-management-80,OR.PA,management,precursor,-1,insider_only,untagged,2,False,"L'Oréal is challenging the legal grounds of the Brazilian IPI tax decree and its application, which could result in a fi","[""OR.PA-management-2021-03-20-2021-03-20-consolidated-financial-statem"", ""OR.PA-management-2023-03-20-2023-03-20-consolidated-financial-statem""]",,
OR.PA-management-81,OR.PA,management,precursor,-1,insider_only,untagged,3,False,L’Oréal received tax reassessment notices regarding the indirect IPI tax for financial years 2008 and 2011 to 2015 total,"[""OR.PA-management-2019-07-25-2019-07-25-half-year-financial-report-20"", ""OR.PA-management-2021-03-20-2021-03-20-consolidated-financial-statem"", ""OR.PA-management-2025-03-20-2025-03-20-consolidated-financial-statem""]",,
OR.PA-management-82,OR.PA,management,precursor,1,insider_only,untagged,1,False,"L'Oréal received tax reassessment notices regarding advertising, marketing and promotional expenses for fiscal years 200","[""OR.PA-management-2018-07-25-2018-07-25-half-year-financial-report-20""]",,
OR.PA-management-83,OR.PA,management,precursor,-1,insider_only,untagged,4,False,L’Oréal received several tax reassessment notices regarding financial years 2007/08 to 2017/18 and 2019/20 to 2020/21 fo,"[""OR.PA-management-2019-07-25-2019-07-25-half-year-financial-report-20"", ""OR.PA-management-2021-03-20-2021-03-20-consolidated-financial-statem"", ""OR.PA-management-2023-03-20-2023-03-20-consolidated-financial-statem"", ""OR.PA-management-2025-03-20-2025-03-20-consolidated-financial-statem""]",,
OR.PA-management-84,OR.PA,management,precursor,1,insider_only,untagged,3,False,"L’Oréal's integration of Generative AI (Gen AI) initiatives is boosting efficiency, effectiveness, and consumer engageme","[""OR.PA-management-2025-04-01-2025-04-01-annual-report-2024"", ""OR.PA-management-2025-04-01-2025-04-01-annual-report-2024"", ""OR.PA-management-2025-04-01-2025-04-01-annual-report-2024""]",,
OR.PA-management-85,OR.PA,management,precursor,1,insider_only,untagged,3,False,"CeraVe maintained its upward trajectory, driven by continued strength in haircare and a gradual improvement in skincare.","[""OR.PA-management-2026-02-12-2026-02-12-annual-results-2025"", ""OR.PA-management-2026-02-12-2026-02-12-annual-results-2025"", ""OR.PA-management-2026-02-12-2026-02-12-annual-results-2025""]",,
OR.PA-management-86,OR.PA,management,consequence,1,insider_only,untagged,4,False,"Double-digit growth of La Roche-Posay driven by Hyalu B5, Anthelios, and Effaclar.","[""OR.PA-management-2019-02-07-2019-02-07-annual-results-2018"", ""OR.PA-management-2019-02-07-2019-02-07-annual-results-2018"", ""OR.PA-management-2022-02-09-2022-02-09-annual-results-2021"", ""OR.PA-management-2022-02-09-2022-02-09-annual-results-2021""]",,
OR.PA-management-87,OR.PA,management,precursor,1,insider_only,untagged,2,False,"CeraVe is winning market share across all the Zones where the brand is present, with a sharp acceleration in America, th","[""OR.PA-management-2019-07-25-2019-07-25-half-year-financial-report-20"", ""OR.PA-management-2020-02-06-2020-02-06-annual-results-2019""]",,
OR.PA-management-88,OR.PA,management,consequence,-1,insider_only,untagged,4,False,"The expense recorded in 2021, 2020 and 2019 amounted to €152.3 million, €120.1 million and €143.2 million, respectively.","[""OR.PA-management-2022-03-20-2022-03-20-consolidated-financial-statem"", ""OR.PA-management-2022-03-20-2022-03-20-consolidated-financial-statem"", ""OR.PA-management-2024-03-20-2024-03-20-consolidated-financial-statem"", ""OR.PA-management-2025-03-20-2025-03-20-consolidated-financial-statem""]",,
OR.PA-management-89,OR.PA,management,consequence,-1,insider_only,untagged,15,False,The IFRS 2 expense for free shares recognised for the 2021 financial year amounted to €2.8 million and corresponds to th,"[""OR.PA-management-2019-07-25-2019-07-25-half-year-financial-report-20"", ""OR.PA-management-2020-03-20-2020-03-20-consolidated-financial-statem"", ""OR.PA-management-2020-03-20-2020-03-20-consolidated-financial-statem"", ""OR.PA-management-2021-03-20-2021-03-20-consolidated-financial-statem"", ""OR.PA-management-2021-03-20-2021-03-20-consolidated-financial-statem"", ""OR.PA-management-2021-03-20-2021-03-20-consolidated-financial-statem"", ""OR.PA-management-2022-03-20-2022-03-20-consolidated-financial-statem"", ""OR.PA-management-2024-03-20-2024-03-20-consolidated-financial-statem"", ""OR.PA-management-2024-03-20-2024-03-20-consolidated-financial-statem"", ""OR.PA-management-2024-03-20-2024-03-20-consolidated-financial-statem"", ""OR.PA-management-2025-03-20-2025-03-20-consolidated-financial-statem"", ""OR.PA-management-2025-03-20-2025-03-20-consolidated-financial-statem"", ""OR.PA-management-2025-03-20-2025-03-20-consolidated-financial-statem"", ""OR.PA-management-2025-03-20-2025-03-20-consolidated-financial-statem"", ""OR.PA-management-2025-03-20-2025-03-20-consolidated-financial-statem""]",,
OR.PA-management-90,OR.PA,management,consequence,-1,insider_only,untagged,4,False,Dividends paid (not paid on Treasury shares).,"[""OR.PA-management-2019-07-25-2019-07-25-half-year-financial-report-20"", ""OR.PA-management-2020-03-20-2020-03-20-consolidated-financial-statem"", ""OR.PA-management-2021-03-20-2021-03-20-consolidated-financial-statem"", ""OR.PA-management-2024-03-20-2024-03-20-consolidated-financial-statem""]",,
OR.PA-management-91,OR.PA,management,precursor,1,insider_only,untagged,3,False,"L'Oréal froze receivables to support independent hairdressers and salons worldwide during lockdowns, and mobilized Profe","[""OR.PA-management-2021-04-01-2021-04-01-annual-report-2020"", ""OR.PA-management-2021-04-01-2021-04-01-annual-report-2020"", ""OR.PA-management-2021-04-01-2021-04-01-annual-report-2020""]",,
OR.PA-management-92,OR.PA,management,consequence,-1,insider_only,untagged,1,False,"L'Oréal froze all sums owed by hair salons, small perfume stores, and VSE/SMEs in its distribution channels until they w","[""OR.PA-management-2021-04-01-2021-04-01-annual-report-2020""]",,
OR.PA-management-93,OR.PA,management,precursor,1,insider_only,untagged,3,False,"The Swiss environmental technology start-up Gjosa, which has developed innovative water-saving solutions and which BOLD ","[""OR.PA-management-2024-03-20-2024-03-20-consolidated-financial-statem"", ""OR.PA-management-2025-03-20-2025-03-20-consolidated-financial-statem"", ""OR.PA-management-2025-03-20-2025-03-20-consolidated-financial-statem""]",,
OR.PA-management-94,OR.PA,management,precursor,1,insider_only,untagged,5,False,"The digital transformation at L’Oréal Operations, including the roll-out of efficient solutions enabling new ways to wor","[""OR.PA-management-2021-04-01-2021-04-01-annual-report-2020"", ""OR.PA-management-2021-04-01-2021-04-01-annual-report-2020"", ""OR.PA-management-2021-04-01-2021-04-01-annual-report-2020"", ""OR.PA-management-2021-04-01-2021-04-01-annual-report-2020"", ""OR.PA-management-2021-04-01-2021-04-01-annual-report-2020""]",,
OR.PA-management-95,OR.PA,management,consequence,1,insider_only,untagged,5,False,"L’Oréal Corporate Foundation's international training programme for beauty professions, adapted to provide online sessio","[""OR.PA-management-2021-04-01-2021-04-01-annual-report-2020"", ""OR.PA-management-2021-04-01-2021-04-01-annual-report-2020"", ""OR.PA-management-2021-04-01-2021-04-01-annual-report-2020"", ""OR.PA-management-2021-04-01-2021-04-01-annual-report-2020"", ""OR.PA-management-2021-04-01-2021-04-01-annual-report-2020""]",,
OR.PA-management-96,OR.PA,management,consequence,1,insider_only,untagged,4,False,Fourth quarter growth of +2.8% like-for-like in the Consumer Products Division.,"[""OR.PA-management-2018-07-25-2018-07-25-half-year-financial-report-20"", ""OR.PA-management-2019-02-07-2019-02-07-annual-results-2018"", ""OR.PA-management-2020-02-06-2020-02-06-annual-results-2019"", ""OR.PA-management-2026-02-12-2026-02-12-annual-results-2025""]",,
OR.PA-management-97,OR.PA,management,precursor,1,insider_only,untagged,2,False,The Consumer Products Division’s profitability came out at 20.7%.,"[""OR.PA-management-2019-07-25-2019-07-25-half-year-financial-report-20"", ""OR.PA-management-2019-07-25-2019-07-25-half-year-financial-report-20""]",,
OR.PA-management-98,OR.PA,management,consequence,1,insider_only,untagged,4,False,"The acquisition of Aēsop for €1,682.3 million in 2023 has increased the company's goodwill.","[""OR.PA-management-2024-03-20-2024-03-20-consolidated-financial-statem"", ""OR.PA-management-2024-03-20-2024-03-20-consolidated-financial-statem"", ""OR.PA-management-2025-03-20-2025-03-20-consolidated-financial-statem"", ""OR.PA-management-2025-03-20-2025-03-20-consolidated-financial-statem""]",,
OR.PA-management-99,OR.PA,management,precursor,1,insider_only,untagged,3,False,L’Oréal's participation in the Common Statement on Lobbying and its proactive approach to responsible lobbying.,"[""OR.PA-management-2021-04-01-2021-04-01-annual-report-2020"", ""OR.PA-management-2021-04-01-2021-04-01-annual-report-2020"", ""OR.PA-management-2025-04-01-2025-04-01-annual-report-2024""]",,
OR.PA-management-100,OR.PA,management,consequence,1,insider_only,untagged,3,False,The Professional Products Division posted +1.6% like-for-like growth and -6.2% based on like-for-like and +5.9% based on,"[""OR.PA-management-2018-07-25-2018-07-25-half-year-financial-report-20"", ""OR.PA-management-2020-02-06-2020-02-06-annual-results-2019"", ""OR.PA-management-2026-02-12-2026-02-12-annual-results-2025""]",,
OR.PA-management-101,OR.PA,management,precursor,1,insider_only,untagged,3,False,L’Oréal’s sustainable transformation since 2020.,"[""OR.PA-management-2019-02-07-2019-02-07-annual-results-2018"", ""OR.PA-management-2024-04-01-2024-04-01-rapport-annuel-2023-fr"", ""OR.PA-management-2025-04-01-2025-04-01-annual-report-2024""]",,
OR.PA-management-102,OR.PA,management,consequence,1,insider_only,untagged,4,False,L’Oréal was recognised for leadership in corporate sustainability by global environmental non-profit CDP.,"[""OR.PA-management-2020-02-06-2020-02-06-annual-results-2019"", ""OR.PA-management-2021-04-01-2021-04-01-annual-report-2020"", ""OR.PA-management-2022-02-09-2022-02-09-annual-results-2021"", ""OR.PA-management-2022-02-09-2022-02-09-annual-results-2021""]",,
OR.PA-management-103,OR.PA,management,precursor,1,insider_only,untagged,6,False,"L’Oréal Operations’ role in the L’Oréal for the Future programme, including the effort to embrace a more sustainable mod","[""OR.PA-management-2021-04-01-2021-04-01-annual-report-2020"", ""OR.PA-management-2021-04-01-2021-04-01-annual-report-2020"", ""OR.PA-management-2021-04-01-2021-04-01-annual-report-2020"", ""OR.PA-management-2021-04-01-2021-04-01-annual-report-2020"", ""OR.PA-management-2021-04-01-2021-04-01-annual-report-2020"", ""OR.PA-management-2024-04-01-2024-04-01-rapport-annuel-2023-fr""]",,
OR.PA-management-104,OR.PA,management,precursor,1,insider_only,untagged,4,False,Strong growth in fragrances powered by Couture brands.,"[""OR.PA-management-2026-04-22-2026-04-22-first-quarter-2026-sales"", ""OR.PA-management-2026-04-22-2026-04-22-first-quarter-2026-sales"", ""OR.PA-management-2026-04-22-2026-04-22-first-quarter-2026-sales"", ""OR.PA-management-2026-04-22-2026-04-22-first-quarter-2026-sales""]",,
OR.PA-management-105,OR.PA,management,consequence,1,insider_only,untagged,2,False,Growth driver of the Professional Products Division: Kérastase.,"[""OR.PA-management-2022-02-09-2022-02-09-annual-results-2021"", ""OR.PA-management-2022-02-09-2022-02-09-annual-results-2021""]",,
OR.PA-management-106,OR.PA,management,precursor,1,insider_only,untagged,4,False,Strong growth in Professional Products propelled by Kérastase and Redken.,"[""OR.PA-management-2026-02-12-2026-02-12-annual-results-2025"", ""OR.PA-management-2026-02-12-2026-02-12-annual-results-2025"", ""OR.PA-management-2026-02-12-2026-02-12-annual-results-2025"", ""OR.PA-management-2026-04-22-2026-04-22-first-quarter-2026-sales""]",,
OR.PA-management-107,OR.PA,management,precursor,1,insider_only,untagged,6,False,The Active Cosmetics Division is winning market share in skincare with L’Oréal Paris and is being driven by La Roche-Pos,"[""OR.PA-management-2018-07-25-2018-07-25-half-year-financial-report-20"", ""OR.PA-management-2019-07-25-2019-07-25-half-year-financial-report-20"", ""OR.PA-management-2019-07-25-2019-07-25-half-year-financial-report-20"", ""OR.PA-management-2019-07-25-2019-07-25-half-year-financial-report-20"", ""OR.PA-management-2021-04-01-2021-04-01-annual-report-2020"", ""OR.PA-management-2022-02-09-2022-02-09-annual-results-2021""]",,
OR.PA-management-108,OR.PA,management,consequence,1,insider_only,untagged,11,False,"The Active Cosmetics Division performed remarkably well, notably with CeraVe, La Roche-Posay and SkinCeuticals, signific","[""OR.PA-management-2018-07-25-2018-07-25-half-year-financial-report-20"", ""OR.PA-management-2019-02-07-2019-02-07-annual-results-2018"", ""OR.PA-management-2019-02-07-2019-02-07-annual-results-2018"", ""OR.PA-management-2019-02-07-2019-02-07-annual-results-2018"", ""OR.PA-management-2020-02-06-2020-02-06-annual-results-2019"", ""OR.PA-management-2021-04-01-2021-04-01-annual-report-2020"", ""OR.PA-management-2021-04-01-2021-04-01-annual-report-2020"", ""OR.PA-management-2021-04-01-2021-04-01-annual-report-2020"", ""OR.PA-management-2021-04-01-2021-04-01-annual-report-2020"", ""OR.PA-management-2021-04-01-2021-04-01-annual-report-2020"", ""OR.PA-management-2022-02-09-2022-02-09-annual-results-2021""]",,
OR.PA-management-109,OR.PA,management,consequence,1,insider_only,untagged,4,False,The decrease in the tax rate from 38.25% to 24.95% on deferred tax balances in the US in 2017.,"[""OR.PA-management-2018-07-25-2018-07-25-half-year-financial-report-20"", ""OR.PA-management-2020-03-20-2020-03-20-consolidated-financial-statem"", ""OR.PA-management-2020-03-20-2020-03-20-consolidated-financial-statem"", ""OR.PA-management-2020-03-20-2020-03-20-consolidated-financial-statem""]",,
OR.PA-management-110,OR.PA,management,consequence,-1,insider_only,untagged,2,False,The decrease in the US tax rate had a negative impact on net profit.,"[""OR.PA-management-2019-07-25-2019-07-25-half-year-financial-report-20"", ""OR.PA-management-2021-03-20-2021-03-20-consolidated-financial-statem""]",,
OR.PA-management-111,OR.PA,management,precursor,1,insider_only,untagged,3,False,"L’Oréal continued to outpace a robust beauty market, with a particularly strong finish, thanks to the continued success ","[""OR.PA-management-2024-04-01-2024-04-01-rapport-annuel-2023-fr"", ""OR.PA-management-2024-04-01-2024-04-01-rapport-annuel-2023-fr"", ""OR.PA-management-2026-02-12-2026-02-12-annual-results-2025""]",,
OR.PA-management-112,OR.PA,management,consequence,1,insider_only,untagged,4,False,Like-for-like sales growth of the L’Oréal group was +8.0%.,"[""OR.PA-management-2019-02-07-2019-02-07-annual-results-2018"", ""OR.PA-management-2020-02-06-2020-02-06-annual-results-2019"", ""OR.PA-management-2020-02-06-2020-02-06-annual-results-2019"", ""OR.PA-management-2020-02-06-2020-02-06-annual-results-2019""]",,
OR.PA-management-113,OR.PA,management,precursor,1,insider_only,untagged,1,False,"L’Oréal Luxe improved its profitability at 23.8%, an increase of 40 basis points.","[""OR.PA-management-2019-07-25-2019-07-25-half-year-financial-report-20""]",,
OR.PA-management-114,OR.PA,management,consequence,1,insider_only,untagged,2,False,"L’Oréal significantly outperformed the market, thanks to its digital leadership and very strong growth in online sales, ","[""OR.PA-management-2021-04-01-2021-04-01-annual-report-2020"", ""OR.PA-management-2021-04-01-2021-04-01-annual-report-2020""]",,
OR.PA-management-115,OR.PA,management,precursor,1,insider_only,untagged,2,False,L’Oréal Luxe continues to affirm its global leadership in fine fragrance.,"[""OR.PA-management-2025-04-01-2025-04-01-annual-report-2024"", ""OR.PA-management-2026-02-12-2026-02-12-annual-results-2025""]",,
OR.PA-management-116,OR.PA,management,consequence,-1,insider_only,untagged,3,False,The impairment loss on Logocos in 2022.,"[""OR.PA-management-2023-03-20-2023-03-20-consolidated-financial-statem"", ""OR.PA-management-2024-03-20-2024-03-20-consolidated-financial-statem"", ""OR.PA-management-2025-03-20-2025-03-20-consolidated-financial-statem""]",,
OR.PA-management-117,OR.PA,management,consequence,1,insider_only,untagged,2,False,Changes in market value linked to variations in the spot rate between the inception of the hedge and the date when the h,"[""OR.PA-management-2021-03-20-2021-03-20-consolidated-financial-statem"", ""OR.PA-management-2021-03-20-2021-03-20-consolidated-financial-statem""]",,
OR.PA-management-118,OR.PA,management,consequence,-1,insider_only,untagged,4,False,Foreign exchange gains and losses resulting from the difference between the value of foreign currency operating income a,"[""OR.PA-management-2022-03-20-2022-03-20-consolidated-financial-statem"", ""OR.PA-management-2023-03-20-2023-03-20-consolidated-financial-statem"", ""OR.PA-management-2024-03-20-2024-03-20-consolidated-financial-statem"", ""OR.PA-management-2025-03-20-2025-03-20-consolidated-financial-statem""]",,
OR.PA-management-119,OR.PA,management,precursor,1,insider_only,untagged,3,False,L’Oréal has entered into exclusive negotiation with the Clarins group with a view to acquiring the Mugler and Azzaro bra,"[""OR.PA-management-2019-07-25-2019-07-25-half-year-financial-report-20"", ""OR.PA-management-2019-07-25-2019-07-25-half-year-financial-report-20"", ""OR.PA-management-2020-02-06-2020-02-06-annual-results-2019""]",,
OR.PA-management-120,OR.PA,management,consequence,-1,insider_only,untagged,5,False,The negative impact of currency fluctuations on sales growth.,"[""OR.PA-management-2018-07-25-2018-07-25-half-year-financial-report-20"", ""OR.PA-management-2019-02-07-2019-02-07-annual-results-2018"", ""OR.PA-management-2021-03-20-2021-03-20-consolidated-financial-statem"", ""OR.PA-management-2026-02-12-2026-02-12-annual-results-2025"", ""OR.PA-management-2026-04-22-2026-04-22-first-quarter-2026-sales""]",,
OR.PA-management-121,OR.PA,management,precursor,-1,insider_only,untagged,2,False,Currency fluctuations are expected to continue impacting sales negatively.,"[""OR.PA-management-2018-07-25-2018-07-25-half-year-financial-report-20"", ""OR.PA-management-2026-04-22-2026-04-22-first-quarter-2026-sales""]",,
OR.PA-management-122,OR.PA,management,consequence,-1,insider_only,untagged,4,False,Increase in other current assets due to higher tax and employee-related receivables.,"[""OR.PA-management-2022-03-20-2022-03-20-consolidated-financial-statem"", ""OR.PA-management-2022-03-20-2022-03-20-consolidated-financial-statem"", ""OR.PA-management-2022-03-20-2022-03-20-consolidated-financial-statem"", ""OR.PA-management-2022-03-20-2022-03-20-consolidated-financial-statem""]",,
OR.PA-management-123,OR.PA,management,consequence,1,insider_only,untagged,3,False,"L'Oréal's acquisition of Youth to the People, a skincare company, completed on 29 December 2021.","[""OR.PA-management-2022-02-09-2022-02-09-annual-results-2021"", ""OR.PA-management-2023-03-20-2023-03-20-consolidated-financial-statem"", ""OR.PA-management-2024-03-20-2024-03-20-consolidated-financial-statem""]",,
OR.PA-management-124,OR.PA,management,precursor,1,insider_only,untagged,1,False,L'Oréal's acquisition of Youth to the People in 2021.,"[""OR.PA-management-2022-03-20-2022-03-20-consolidated-financial-statem""]",,
OR.PA-management-125,OR.PA,management,precursor,1,insider_only,untagged,3,False,L’Oréal's acquisition of US skincare brand Thayers Natural Remedies.,"[""OR.PA-management-2021-03-20-2021-03-20-consolidated-financial-statem"", ""OR.PA-management-2021-03-20-2021-03-20-consolidated-financial-statem"", ""OR.PA-management-2021-03-20-2021-03-20-consolidated-financial-statem""]",,
OR.PA-management-126,OR.PA,management,consequence,1,insider_only,untagged,17,False,The increase in operating revenue from 2017 to 2019.,"[""OR.PA-management-2018-07-25-2018-07-25-half-year-financial-report-20"", ""OR.PA-management-2018-07-25-2018-07-25-half-year-financial-report-20"", ""OR.PA-management-2018-07-25-2018-07-25-half-year-financial-report-20"", ""OR.PA-management-2018-07-25-2018-07-25-half-year-financial-report-20"", ""OR.PA-management-2020-02-06-2020-02-06-annual-results-2019"", ""OR.PA-management-2020-02-06-2020-02-06-annual-results-2019"", ""OR.PA-management-2020-03-20-2020-03-20-consolidated-financial-statem"", ""OR.PA-management-2020-03-20-2020-03-20-consolidated-financial-statem"", ""OR.PA-management-2020-03-20-2020-03-20-consolidated-financial-statem"", ""OR.PA-management-2020-03-20-2020-03-20-consolidated-financial-statem"", ""OR.PA-management-2020-03-20-2020-03-20-consolidated-financial-statem"", ""OR.PA-management-2020-03-20-2020-03-20-consolidated-financial-statem"", ""OR.PA-management-2020-03-20-2020-03-20-consolidated-financial-statem"", ""OR.PA-management-2021-03-20-2021-03-20-consolidated-financial-statem"", ""OR.PA-management-2021-03-20-2021-03-20-consolidated-financial-statem"", ""OR.PA-management-2021-03-20-2021-03-20-consolidated-financial-statem"", ""OR.PA-management-2021-03-20-2021-03-20-consolidated-financial-statem""]",,
OR.PA-management-127,OR.PA,management,consequence,-1,insider_only,untagged,7,False,The increase in other income and expenses from 2018 to 2019.,"[""OR.PA-management-2021-03-20-2021-03-20-consolidated-financial-statem"", ""OR.PA-management-2021-03-20-2021-03-20-consolidated-financial-statem"", ""OR.PA-management-2021-03-20-2021-03-20-consolidated-financial-statem"", ""OR.PA-management-2021-03-20-2021-03-20-consolidated-financial-statem"", ""OR.PA-management-2021-03-20-2021-03-20-consolidated-financial-statem"", ""OR.PA-management-2021-03-20-2021-03-20-consolidated-financial-statem"", ""OR.PA-management-2021-03-20-2021-03-20-consolidated-financial-statem""]",,
OR.PA-management-128,OR.PA,management,consequence,1,insider_only,untagged,1,False,Increase in research and development expenses.,"[""OR.PA-management-2018-07-25-2018-07-25-half-year-financial-report-20""]",,
OR.PA-management-129,OR.PA,management,consequence,-1,insider_only,untagged,2,False,Increase in Research and Development expenses by 7.8%.,"[""OR.PA-management-2020-02-06-2020-02-06-annual-results-2019"", ""OR.PA-management-2021-03-20-2021-03-20-consolidated-financial-statem""]",,
OR.PA-management-130,OR.PA,management,consequence,1,insider_only,untagged,4,False,"L'Oréal's acquisition of Skinbetter Science, a physician-dispensed American skincare brand, completed on 14 October 2022","[""OR.PA-management-2023-03-20-2023-03-20-consolidated-financial-statem"", ""OR.PA-management-2024-03-20-2024-03-20-consolidated-financial-statem"", ""OR.PA-management-2024-03-20-2024-03-20-consolidated-financial-statem"", ""OR.PA-management-2025-03-20-2025-03-20-consolidated-financial-statem""]",,
OR.PA-management-131,OR.PA,management,precursor,1,insider_only,untagged,3,False,"The acquisition of CeraVe, AcneFree, and Ambi has been fully consolidated since 15 March 2018, contributing to L'Oréal's","[""OR.PA-management-2018-07-25-2018-07-25-half-year-financial-report-20"", ""OR.PA-management-2018-07-25-2018-07-25-half-year-financial-report-20"", ""OR.PA-management-2018-07-25-2018-07-25-half-year-financial-report-20""]",,
OR.PA-management-132,OR.PA,management,consequence,-1,insider_only,untagged,4,False,The impairment of brand Decléor.,"[""OR.PA-management-2023-03-20-2023-03-20-consolidated-financial-statem"", ""OR.PA-management-2023-03-20-2023-03-20-consolidated-financial-statem"", ""OR.PA-management-2024-03-20-2024-03-20-consolidated-financial-statem"", ""OR.PA-management-2024-03-20-2024-03-20-consolidated-financial-statem""]",,
OR.PA-management-133,OR.PA,management,consequence,1,insider_only,untagged,9,False,The acquisition of Thayers Natural Remedies in June 2020.,"[""OR.PA-management-2021-03-20-2021-03-20-consolidated-financial-statem"", ""OR.PA-management-2021-04-01-2021-04-01-annual-report-2020"", ""OR.PA-management-2022-03-20-2022-03-20-consolidated-financial-statem"", ""OR.PA-management-2022-03-20-2022-03-20-consolidated-financial-statem"", ""OR.PA-management-2023-03-20-2023-03-20-consolidated-financial-statem"", ""OR.PA-management-2023-03-20-2023-03-20-consolidated-financial-statem"", ""OR.PA-management-2023-03-20-2023-03-20-consolidated-financial-statem"", ""OR.PA-management-2023-03-20-2023-03-20-consolidated-financial-statem"", ""OR.PA-management-2024-03-20-2024-03-20-consolidated-financial-statem""]",,
OR.PA-management-134,OR.PA,management,consequence,-1,insider_only,untagged,2,False,L'Oréal's acquisition of Takami Co. in 2021.,"[""OR.PA-management-2022-03-20-2022-03-20-consolidated-financial-statem"", ""OR.PA-management-2024-03-20-2024-03-20-consolidated-financial-statem""]",,
OR.PA-management-135,OR.PA,management,precursor,1,insider_only,untagged,1,False,L'Oréal's repurchase of its own shares from Nestlé in 2021.,"[""OR.PA-management-2022-03-20-2022-03-20-consolidated-financial-statem""]",,
OR.PA-management-136,OR.PA,management,precursor,1,insider_only,untagged,1,False,The acquisition of ModiFace by L'Oréal on 16 March 2018 is expected to enhance the group's digital acceleration strategy,"[""OR.PA-management-2018-07-25-2018-07-25-half-year-financial-report-20""]",,
OR.PA-management-137,OR.PA,management,consequence,1,insider_only,untagged,2,False,"L’Oréal's acquisition of 100% of ModiFace, a Canadian-based global leader in augmented reality and artificial intelligen","[""OR.PA-management-2020-03-20-2020-03-20-consolidated-financial-statem"", ""OR.PA-management-2021-03-20-2021-03-20-consolidated-financial-statem""]",,
OR.PA-management-138,OR.PA,management,consequence,1,insider_only,untagged,5,False,The acquisition of Logocos Naturkosmetik AG by L'Oréal in 2018.,"[""OR.PA-management-2020-03-20-2020-03-20-consolidated-financial-statem"", ""OR.PA-management-2020-03-20-2020-03-20-consolidated-financial-statem"", ""OR.PA-management-2021-03-20-2021-03-20-consolidated-financial-statem"", ""OR.PA-management-2021-03-20-2021-03-20-consolidated-financial-statem"", ""OR.PA-management-2021-03-20-2021-03-20-consolidated-financial-statem""]",,
OR.PA-management-139,OR.PA,management,consequence,1,insider_only,untagged,3,False,"L’Oréal's acquisition of Pulp Riot, the professional hair colour brand launched by David and Alexis Thurston in the Unit","[""OR.PA-management-2020-03-20-2020-03-20-consolidated-financial-statem"", ""OR.PA-management-2021-03-20-2021-03-20-consolidated-financial-statem"", ""OR.PA-management-2021-03-20-2021-03-20-consolidated-financial-statem""]",,
OR.PA-management-140,OR.PA,management,consequence,-1,insider_only,untagged,3,False,Other operational expenses in 2018.,"[""OR.PA-management-2019-07-25-2019-07-25-half-year-financial-report-20"", ""OR.PA-management-2019-07-25-2019-07-25-half-year-financial-report-20"", ""OR.PA-management-2019-07-25-2019-07-25-half-year-financial-report-20""]",,
OR.PA-management-141,OR.PA,management,consequence,1,insider_only,untagged,2,False,Financial assets at fair value through profit or loss.,"[""OR.PA-management-2018-07-25-2018-07-25-half-year-financial-report-20"", ""OR.PA-management-2020-03-20-2020-03-20-consolidated-financial-statem""]",,
OR.PA-management-142,OR.PA,management,consequence,-1,insider_only,untagged,5,False,Changes in fair value over period for securities at fair value through other comprehensive income.,"[""OR.PA-management-2019-07-25-2019-07-25-half-year-financial-report-20"", ""OR.PA-management-2020-03-20-2020-03-20-consolidated-financial-statem"", ""OR.PA-management-2020-03-20-2020-03-20-consolidated-financial-statem"", ""OR.PA-management-2024-03-20-2024-03-20-consolidated-financial-statem"", ""OR.PA-management-2024-03-20-2024-03-20-consolidated-financial-statem""]",,
OR.PA-management-143,OR.PA,management,consequence,-1,insider_only,untagged,3,False,Acquisition-related costs incurred in the first half of 2018.,"[""OR.PA-management-2018-07-25-2018-07-25-half-year-financial-report-20"", ""OR.PA-management-2019-07-25-2019-07-25-half-year-financial-report-20"", ""OR.PA-management-2019-07-25-2019-07-25-half-year-financial-report-20""]",,
OR.PA-management-144,OR.PA,management,consequence,-1,insider_only,untagged,6,False,Restructuring costs in the first half of 2018.,"[""OR.PA-management-2019-07-25-2019-07-25-half-year-financial-report-20"", ""OR.PA-management-2019-07-25-2019-07-25-half-year-financial-report-20"", ""OR.PA-management-2019-07-25-2019-07-25-half-year-financial-report-20"", ""OR.PA-management-2021-03-20-2021-03-20-consolidated-financial-statem"", ""OR.PA-management-2021-03-20-2021-03-20-consolidated-financial-statem"", ""OR.PA-management-2025-03-20-2025-03-20-consolidated-financial-statem""]",,
OR.PA-management-145,OR.PA,management,consequence,-1,insider_only,untagged,6,False,Actuarial gains and losses due to financial assumptions had a negative impact on the present value of defined benefit ob,"[""OR.PA-management-2020-03-20-2020-03-20-consolidated-financial-statem"", ""OR.PA-management-2023-03-20-2023-03-20-consolidated-financial-statem"", ""OR.PA-management-2024-03-20-2024-03-20-consolidated-financial-statem"", ""OR.PA-management-2024-03-20-2024-03-20-consolidated-financial-statem"", ""OR.PA-management-2024-03-20-2024-03-20-consolidated-financial-statem"", ""OR.PA-management-2025-03-20-2025-03-20-consolidated-financial-statem""]",,
OR.PA-management-146,OR.PA,management,consequence,1,insider_only,untagged,1,False,"Actuarial gains and losses due to experience adjustments, demographic assumptions, and financial assumptions impacted th","[""OR.PA-management-2024-03-20-2024-03-20-consolidated-financial-statem""]",,
OR.PA-management-147,OR.PA,management,consequence,-1,insider_only,untagged,3,False,Impairment losses on Clarisonic and Roger & Gallet were recognized.,"[""OR.PA-management-2021-03-20-2021-03-20-consolidated-financial-statem"", ""OR.PA-management-2022-03-20-2022-03-20-consolidated-financial-statem"", ""OR.PA-management-2022-03-20-2022-03-20-consolidated-financial-statem""]",,
OR.PA-management-148,OR.PA,management,consequence,-1,insider_only,untagged,8,False,"Impairment of property, plant and equipment and intangible assets","[""OR.PA-management-2019-07-25-2019-07-25-half-year-financial-report-20"", ""OR.PA-management-2021-03-20-2021-03-20-consolidated-financial-statem"", ""OR.PA-management-2021-03-20-2021-03-20-consolidated-financial-statem"", ""OR.PA-management-2021-03-20-2021-03-20-consolidated-financial-statem"", ""OR.PA-management-2022-03-20-2022-03-20-consolidated-financial-statem"", ""OR.PA-management-2022-03-20-2022-03-20-consolidated-financial-statem"", ""OR.PA-management-2025-03-20-2025-03-20-consolidated-financial-statem"", ""OR.PA-management-2025-03-20-2025-03-20-consolidated-financial-statem""]",,
OR.PA-management-149,OR.PA,management,consequence,1,insider_only,untagged,1,False,"Capital gains and losses on property, plant and equipment and intangible assets","[""OR.PA-management-2021-03-20-2021-03-20-consolidated-financial-statem""]",,
OR.PA-management-150,OR.PA,management,consequence,-1,insider_only,untagged,8,False,The decrease in profit before tax and associates from 2019 to 2020.,"[""OR.PA-management-2021-03-20-2021-03-20-consolidated-financial-statem"", ""OR.PA-management-2021-03-20-2021-03-20-consolidated-financial-statem"", ""OR.PA-management-2021-03-20-2021-03-20-consolidated-financial-statem"", ""OR.PA-management-2021-03-20-2021-03-20-consolidated-financial-statem"", ""OR.PA-management-2021-03-20-2021-03-20-consolidated-financial-statem"", ""OR.PA-management-2021-03-20-2021-03-20-consolidated-financial-statem"", ""OR.PA-management-2021-03-20-2021-03-20-consolidated-financial-statem"", ""OR.PA-management-2021-03-20-2021-03-20-consolidated-financial-statem""]",,
OR.PA-management-151,OR.PA,management,consequence,-1,insider_only,untagged,4,False,Impairment of the brand Magic due to exacerbated competition on the masks market in China.,"[""OR.PA-management-2022-03-20-2022-03-20-consolidated-financial-statem"", ""OR.PA-management-2023-03-20-2023-03-20-consolidated-financial-statem"", ""OR.PA-management-2024-03-20-2024-03-20-consolidated-financial-statem"", ""OR.PA-management-2024-03-20-2024-03-20-consolidated-financial-statem""]",,
OR.PA-management-152,OR.PA,management,consequence,-1,insider_only,untagged,6,False,"Accumulated impairment losses relating to brands amounted to €130.9 million on Magic, €103.9 million on Clarisonic, €59.","[""OR.PA-management-2022-03-20-2022-03-20-consolidated-financial-statem"", ""OR.PA-management-2023-03-20-2023-03-20-consolidated-financial-statem"", ""OR.PA-management-2023-03-20-2023-03-20-consolidated-financial-statem"", ""OR.PA-management-2025-03-20-2025-03-20-consolidated-financial-statem"", ""OR.PA-management-2025-03-20-2025-03-20-consolidated-financial-statem"", ""OR.PA-management-2025-03-20-2025-03-20-consolidated-financial-statem""]",,
OR.PA-management-153,OR.PA,management,consequence,-1,insider_only,untagged,6,False,"The accumulated impairment losses relating to L’Oréal Beauty Device, Magic, Softsheen-Carson and Yue Sai had a negative ","[""OR.PA-management-2019-07-25-2019-07-25-half-year-financial-report-20"", ""OR.PA-management-2022-03-20-2022-03-20-consolidated-financial-statem"", ""OR.PA-management-2022-03-20-2022-03-20-consolidated-financial-statem"", ""OR.PA-management-2022-03-20-2022-03-20-consolidated-financial-statem"", ""OR.PA-management-2022-03-20-2022-03-20-consolidated-financial-statem"", ""OR.PA-management-2022-03-20-2022-03-20-consolidated-financial-statem""]",,
OR.PA-management-154,OR.PA,management,consequence,-1,insider_only,untagged,3,False,Impairment of the goodwill of IT Cosmetics.,"[""OR.PA-management-2023-03-20-2023-03-20-consolidated-financial-statem"", ""OR.PA-management-2024-03-20-2024-03-20-consolidated-financial-statem"", ""OR.PA-management-2024-03-20-2024-03-20-consolidated-financial-statem""]",,
OR.PA-press-noise-514,OR.PA,press,precursor,-1,outsider_only,untagged,1,True,Deutsche Bank Aktiengesellschaft downgraded L’Oreal from a “hold” rating to a “sell” rating.,"[""OR.PA-press-2026-07-24-2026-07-24-gdelt-loreal-sa-otcmkts-lrlcy""]",,
OR.PA-press-noise-513,OR.PA,press,consequence,-1,outsider_only,untagged,1,True,Weak performance in the wholesale channel weighed down revenue.,"[""OR.PA-press-2026-07-22-2026-07-22-gdelt-armani-parent-company-p""]",,
OR.PA-press-noise-512,OR.PA,press,precursor,-1,outsider_only,untagged,1,True,"The appeal of the Italian antitrust fine is expected to continue, with the company seeking annulment.","[""OR.PA-press-2026-07-22-2026-07-22-gdelt-armani-parent-company-p""]",,
OR.PA-press-noise-511,OR.PA,press,consequence,-1,outsider_only,untagged,1,True,The Italian antitrust authority imposed a €3.5 million fine on Giorgio Armani SpA for unfair commercial practices after ,"[""OR.PA-press-2026-07-22-2026-07-22-gdelt-armani-parent-company-p""]",,
OR.PA-press-noise-510,OR.PA,press,precursor,1,outsider_only,untagged,1,True,"Monolithisch India has delivered a record quarterly performance, and its greenfield expansion is expected to set the sta","[""OR.PA-press-2026-07-16-2026-07-16-gdelt-the-wait-is-over-nykaa-""]",,
OR.PA-press-noise-509,OR.PA,press,precursor,1,outsider_only,untagged,1,True,"Sumeet Industries Limited has completed a ₹199.75 Cr rights issue, which will be used to drive capacity expansion and lo","[""OR.PA-press-2026-07-16-2026-07-16-gdelt-the-wait-is-over-nykaa-""]",,
OR.PA-press-noise-508,OR.PA,press,precursor,1,outsider_only,untagged,1,True,"The industrial water management project is aimed at saving over 180,000 metric tons of freshwater annually by the end of","[""OR.PA-press-2026-07-11-2026-07-11-gdelt-loreal-applies-ai-in-ke""]",,
OR.PA-press-noise-507,OR.PA,press,precursor,1,outsider_only,untagged,1,True,The inauguration of the UPX Phase II smart manufacturing workshop and the launch of an industrial water management proje,"[""OR.PA-press-2026-07-11-2026-07-11-gdelt-loreal-applies-ai-in-ke""]",,
OR.PA-press-noise-506,OR.PA,press,precursor,1,outsider_only,untagged,1,True,Mondelez's AI tool is reducing the number of samples typically generated through innovation and has helped develop new p,"[""OR.PA-press-2026-07-06-2026-07-06-gdelt-from-shampoo-to-cookies""]",,
OR.PA-press-noise-505,OR.PA,press,precursor,1,outsider_only,untagged,1,True,"Consumer companies are using AI in product innovation, helping them test ingredients faster, generate recipe ideas, and ","[""OR.PA-press-2026-07-06-2026-07-06-gdelt-from-shampoo-to-cookies""]",,
OR.PA-press-noise-504,OR.PA,press,precursor,1,outsider_only,untagged,1,True,"L'Oreal has used AI to identify molecules in its skincare products that can be repurposed for use in shampoo, enabling f","[""OR.PA-press-2026-07-06-2026-07-06-gdelt-from-shampoo-to-cookies""]",,
OR.PA-press-noise-503,OR.PA,press,precursor,-1,outsider_only,untagged,1,True,"Puig has reported slowing growth in fragrances as sales normalize after the pandemic-era surge, which could weigh on fut","[""OR.PA-press-2026-03-27-2026-03-27-gdelt-estee-lauder-puig-explo""]",,
OR.PA-press-noise-502,OR.PA,press,precursor,1,outsider_only,untagged,1,True,The deal could support Estee Lauder's turnaround efforts as it faces weak consumer demand in the United States.,"[""OR.PA-press-2026-03-27-2026-03-27-gdelt-estee-lauder-puig-explo""]",,
OR.PA-press-noise-501,OR.PA,press,precursor,1,outsider_only,untagged,1,True,The merger could help the combined entity compete more effectively with L'Oreal.,"[""OR.PA-press-2026-03-27-2026-03-27-gdelt-estee-lauder-puig-explo""]",,
OR.PA-press-noise-500,OR.PA,press,precursor,1,outsider_only,untagged,1,True,"Puig derives more than 70 percent of its revenue from fragrances and reported a 12 percent rise in net profit for 2025, ","[""OR.PA-press-2026-03-27-2026-03-27-gdelt-estee-lauder-eyes-puig-""]",,
OR.PA-press-noise-499,OR.PA,press,precursor,1,outsider_only,untagged,1,True,"Estee Lauder has historically expanded through acquisitions, including its $2.8 billion purchase of Tom Ford in 2022, an","[""OR.PA-press-2026-03-27-2026-03-27-gdelt-estee-lauder-eyes-puig-""]",,
OR.PA-press-noise-498,OR.PA,press,precursor,1,outsider_only,untagged,1,True,"Puig, based in Barcelona, owns fragrance lines from Jean Paul Gaultier and Byredo, as well as cosmetics brand Charlotte ","[""OR.PA-press-2026-03-27-2026-03-27-gdelt-estee-lauder-eyes-puig-""]",,
OR.PA-press-noise-497,OR.PA,press,consequence,-1,outsider_only,untagged,1,True,DraftKings issuing a disappointing outlook.,"[""OR.PA-press-2026-02-13-2026-02-13-gdelt-european-stocks-muted-o""]",,
OR.PA-press-noise-496,OR.PA,press,precursor,1,outsider_only,untagged,1,True,Capgemini SE pivoting to facilitate AI adoption.,"[""OR.PA-press-2026-02-13-2026-02-13-gdelt-european-stocks-muted-o""]",,
OR.PA-press-noise-495,OR.PA,press,consequence,-1,outsider_only,untagged,1,True,Broad retreat across banking shares.,"[""OR.PA-press-2026-02-13-2026-02-13-gdelt-european-stocks-muted-o""]",,
OR.PA-press-noise-494,OR.PA,press,consequence,-1,outsider_only,untagged,1,True,"Delivery Hero's Middle East unit posted mixed results, causing its shares to slide.","[""OR.PA-press-2026-02-13-2026-02-13-gdelt-european-shares-slip-as""]",,
OR.PA-press-noise-493,OR.PA,press,precursor,-1,outsider_only,untagged,1,True,Disappointing gross margins from U.S.-based Cisco Systems are adding to investor jitters.,"[""OR.PA-press-2026-02-13-2026-02-13-gdelt-european-shares-slip-as""]",,
OR.PA-press-noise-492,OR.PA,press,precursor,-1,triangulated,untagged,1,True,Mixed corporate earnings from companies such as Safran and L'Oreal are weighing on European shares.,"[""OR.PA-press-2026-02-13-2026-02-13-gdelt-european-shares-slip-as""]",OR.PA-management-noise-385,0.829
OR.PA-press-noise-491,OR.PA,press,precursor,-1,outsider_only,untagged,1,True,"Uncertainties about artificial intelligence-related disruptions are causing a sombre global mood, impacting European sha","[""OR.PA-press-2026-02-13-2026-02-13-gdelt-european-shares-slip-as""]",,
OR.PA-press-noise-490,OR.PA,press,precursor,-1,outsider_only,untagged,1,True,Growing concerns about artificial-intelligence disruptions are causing a sell-off on Wall Street.,"[""OR.PA-press-2026-02-13-2026-02-13-gdelt-european-shares-mixed-a""]",,
OR.PA-press-noise-489,OR.PA,press,precursor,1,outsider_only,untagged,1,True,"L'Oreal recently doubled its stake in Swiss dermatology group Galderma, in a deal that is expected to close this quarter","[""OR.PA-press-2026-02-08-2026-02-08-gdelt-global-week-ahead-tech-""]",,
OR.PA-press-noise-488,OR.PA,press,precursor,1,outsider_only,untagged,1,True,"L'Oreal could be on the acquisition hunt, after raising 3 billion euros for M&A financing towards the end of last year.","[""OR.PA-press-2026-02-08-2026-02-08-gdelt-global-week-ahead-tech-""]",,
OR.PA-press-noise-487,OR.PA,press,precursor,1,outsider_only,untagged,1,True,AstraZeneca is turning towards China in the hope that it can access this market for weight-loss drugs.,"[""OR.PA-press-2026-02-08-2026-02-08-gdelt-global-week-ahead-tech-""]",,
OR.PA-press-noise-486,OR.PA,press,precursor,1,outsider_only,untagged,1,True,Philips will hope to continue a positive performance streak from the launch of new AI tools.,"[""OR.PA-press-2026-02-08-2026-02-08-gdelt-global-week-ahead-tech-""]",,
OR.PA-press-noise-485,OR.PA,press,consequence,-1,outsider_only,untagged,1,True,"Shares in financial stocks across Europe had a rollercoaster week, ending the week in the red.","[""OR.PA-press-2026-02-08-2026-02-08-gdelt-global-week-ahead-tech-""]",,
OR.PA-press-noise-484,OR.PA,press,precursor,-1,outsider_only,untagged,1,True,A deal with UniCredit is 'not sensible' given the German bank's high valuation.,"[""OR.PA-press-2026-02-08-2026-02-08-gdelt-global-week-ahead-tech-""]",,
OR.PA-press-noise-483,OR.PA,press,precursor,1,outsider_only,untagged,1,True,UniCredit's minority stakes in Commerzbank and Greece's Alpha Bank returning around 20 percent returns on investment.,"[""OR.PA-press-2026-02-08-2026-02-08-gdelt-global-week-ahead-tech-""]",,
OR.PA-press-noise-482,OR.PA,press,precursor,-1,outsider_only,untagged,1,True,"The spike in volatility comes at a sensitive time for the corporate world, with earnings season in full swing.","[""OR.PA-press-2026-02-08-2026-02-08-gdelt-global-week-ahead-tech-""]",,
OR.PA-press-noise-481,OR.PA,press,precursor,-1,outsider_only,untagged,1,True,The recent sell-off in AI and software-exposed stocks is showing no signs of easing.,"[""OR.PA-press-2026-02-08-2026-02-08-gdelt-global-week-ahead-tech-""]",,
OR.PA-press-noise-480,OR.PA,press,precursor,1,outsider_only,untagged,1,True,e.l.f. Beauty is diversifying its supply chain to reduce exposure to tariffs.,"[""OR.PA-press-2025-06-04-2025-06-04-gdelt-can-hailey-bieber-bring""]",,
OR.PA-press-noise-479,OR.PA,press,precursor,1,outsider_only,untagged,1,True,e.l.f. Beauty is raising prices on products by $1 to combat potential tariff situations.,"[""OR.PA-press-2025-06-04-2025-06-04-gdelt-can-hailey-bieber-bring""]",,
OR.PA-press-noise-478,OR.PA,press,consequence,-1,outsider_only,untagged,1,True,e.l.f. Beauty's stock price has declined due to market concerns about rising prices and slowing growth.,"[""OR.PA-press-2025-06-04-2025-06-04-gdelt-can-hailey-bieber-bring""]",,
OR.PA-press-noise-477,OR.PA,press,consequence,1,outsider_only,untagged,1,True,The market's reaction to e.l.f. Beauty's fourth-quarter earnings report and the acquisition of Rhode was positive.,"[""OR.PA-press-2025-06-04-2025-06-04-gdelt-can-hailey-bieber-bring""]",,
OR.PA-press-noise-476,OR.PA,press,consequence,1,outsider_only,untagged,1,True,Upbeat economic data from Germany helped limit markets' downside.,"[""OR.PA-press-2025-05-07-2025-05-07-gdelt-major-european-markets-""]",,
OR.PA-press-noise-475,OR.PA,press,consequence,-1,outsider_only,untagged,1,True,"Investors reacted to earnings announcements, leading to a weak close in major European markets.","[""OR.PA-press-2025-05-07-2025-05-07-gdelt-major-european-markets-""]",,
OR.PA-press-noise-474,OR.PA,press,consequence,1,outsider_only,untagged,1,True,"Current EBIT was up 8.4%, to 915 million euros.","[""OR.PA-press-2025-05-07-2025-05-07-gdelt-cac-40-moderately-lower""]",,
OR.PA-press-noise-473,OR.PA,press,consequence,1,outsider_only,untagged,1,True,"Veolia Environnement reported first quarter EBITDA of 1.69 billion euros, a 5.5% organic growth from a year ago.","[""OR.PA-press-2025-05-07-2025-05-07-gdelt-cac-40-moderately-lower""]",,
OR.PA-press-noise-472,OR.PA,press,consequence,-1,outsider_only,untagged,1,True,Veolia Environment's stock is lower by about 2%.,"[""OR.PA-press-2025-05-07-2025-05-07-gdelt-cac-40-moderately-lower""]",,
OR.PA-press-noise-471,OR.PA,press,consequence,-1,outsider_only,untagged,1,True,Eurofins Scientific's stock is declining 2.4%.,"[""OR.PA-press-2025-05-07-2025-05-07-gdelt-cac-40-moderately-lower""]",,
OR.PA-press-noise-470,OR.PA,press,consequence,-1,outsider_only,untagged,1,True,Sanofi's stock is down 3.4%.,"[""OR.PA-press-2025-05-07-2025-05-07-gdelt-cac-40-moderately-lower""]",,
OR.PA-press-noise-469,OR.PA,press,precursor,-1,outsider_only,untagged,1,True,"Investors are making cautious moves, reacting to earnings and awaiting the Federal Reserve's monetary policy announcemen","[""OR.PA-press-2025-05-07-2025-05-07-gdelt-cac-40-moderately-lower""]",,
OR.PA-press-noise-468,OR.PA,press,consequence,-1,outsider_only,untagged,1,True,"Healthcare was described as stable while retail, telecom and travel & leisure experienced declines.","[""OR.PA-press-2025-04-25-2025-04-25-gdelt-wpp-q1-falls-2-7-mainta""]",,
OR.PA-press-noise-467,OR.PA,press,consequence,1,outsider_only,untagged,1,True,The company’s top-25 clients were up 2.5% collectively with a “robust” performance in CPG and further improvement in the,"[""OR.PA-press-2025-04-25-2025-04-25-gdelt-wpp-q1-falls-2-7-mainta""]",,
OR.PA-press-noise-466,OR.PA,press,consequence,1,outsider_only,untagged,1,True,India was up 5.5%.,"[""OR.PA-press-2025-04-25-2025-04-25-gdelt-wpp-q1-falls-2-7-mainta""]",,
OR.PA-press-noise-465,OR.PA,press,consequence,-1,outsider_only,untagged,1,True,"The “rest of the world” was down 3.8%, including a 17.4% shortfall in China.","[""OR.PA-press-2025-04-25-2025-04-25-gdelt-wpp-q1-falls-2-7-mainta""]",,
OR.PA-press-noise-464,OR.PA,press,consequence,-1,outsider_only,untagged,1,True,"North America was flat, the UK was down 5.5% and Western Europe was off 4.5%.","[""OR.PA-press-2025-04-25-2025-04-25-gdelt-wpp-q1-falls-2-7-mainta""]",,
OR.PA-press-noise-463,OR.PA,press,consequence,1,outsider_only,untagged,1,True,Other specialist agencies were up 1.2%.,"[""OR.PA-press-2025-04-25-2025-04-25-gdelt-wpp-q1-falls-2-7-mainta""]",,
OR.PA-press-noise-462,OR.PA,press,consequence,-1,outsider_only,untagged,1,True,The PR group was down 6.6%.,"[""OR.PA-press-2025-04-25-2025-04-25-gdelt-wpp-q1-falls-2-7-mainta""]",,
OR.PA-press-noise-461,OR.PA,press,consequence,-1,outsider_only,untagged,1,True,The company’s creative agencies as a group were down 4.4%.,"[""OR.PA-press-2025-04-25-2025-04-25-gdelt-wpp-q1-falls-2-7-mainta""]",,
OR.PA-press-noise-460,OR.PA,press,consequence,-1,outsider_only,untagged,1,True,"Media management arm GroupM was down 0.9% for the period, with growth in the US offset by losses in prior years in the U","[""OR.PA-press-2025-04-25-2025-04-25-gdelt-wpp-q1-falls-2-7-mainta""]",,
OR.PA-press-noise-459,OR.PA,press,consequence,1,outsider_only,untagged,1,True,The company has so far not seen any significant change in client spending despite macroeconomic stresses.,"[""OR.PA-press-2025-04-25-2025-04-25-gdelt-wpp-q1-falls-2-7-mainta""]",,
OR.PA-press-noise-458,OR.PA,press,consequence,-1,outsider_only,untagged,1,True,The net revenue decline of 7.6% to nearly 2.5 billion GBP with an organic drop of 2.7% in the first quarter.,"[""OR.PA-press-2025-04-25-2025-04-25-gdelt-wpp-q1-falls-2-7-mainta""]",,
OR.PA-press-noise-457,OR.PA,press,precursor,-1,outsider_only,untagged,1,True,"The elevated macroeconomic stresses, including tariffs, are expected to impact a number of WPP's clients as well as the ","[""OR.PA-press-2025-04-25-2025-04-25-gdelt-wpp-q1-falls-2-7-mainta""]",,
OR.PA-press-noise-456,OR.PA,press,consequence,-1,outsider_only,untagged,1,True,"Temenos missed first-quarter revenue expectations, causing its shares to slide.","[""OR.PA-press-2025-04-24-2025-04-24-gdelt-europe-shares-at-near-t""]",,
OR.PA-press-noise-455,OR.PA,press,precursor,-1,outsider_only,untagged,1,True,Uncertainty over US tariffs continues to cloud the outlook for European corporate health.,"[""OR.PA-press-2025-04-24-2025-04-24-gdelt-europe-shares-at-near-t""]",,
OR.PA-press-noise-454,OR.PA,press,precursor,1,outsider_only,untagged,1,True,US Treasury Secretary expects de-escalation in US-China trade tensions.,"[""OR.PA-press-2025-04-24-2025-04-24-gdelt-europe-shares-at-near-t""]",,
OR.PA-press-noise-453,OR.PA,press,precursor,1,outsider_only,untagged,1,True,The Trump administration considering lowering tariffs on imported Chinese goods.,"[""OR.PA-press-2025-04-24-2025-04-24-gdelt-europe-shares-at-near-t""]",,
OR.PA-press-noise-452,OR.PA,press,consequence,1,outsider_only,untagged,1,True,Prices of base metals like copper climbed on easing worries about trade tensions between the US and China.,"[""OR.PA-press-2025-04-24-2025-04-24-gdelt-europe-shares-at-near-t""]",,
OR.PA-press-noise-451,OR.PA,press,consequence,1,outsider_only,untagged,1,True,Strong earnings from Europe’s largest software maker SAP boosted European shares.,"[""OR.PA-press-2025-04-24-2025-04-24-gdelt-europe-shares-at-near-t""]",,
OR.PA-press-noise-450,OR.PA,press,precursor,1,outsider_only,untagged,1,True,The series of relatively fast-paced interest rate cuts by the ECB as inflation in the euro area has consistently sat bel,"[""OR.PA-press-2025-04-17-2025-04-17-gdelt-european-markets-head-f""]",,
OR.PA-press-noise-449,OR.PA,press,precursor,-1,outsider_only,untagged,1,True,"Trade tension between the U.S. and China worsens, leaving the European Central Bank with little option but to keep lower","[""OR.PA-press-2025-04-17-2025-04-17-gdelt-emea-morning-briefing-e""]",,
OR.PA-press-noise-448,OR.PA,press,precursor,-1,outsider_only,untagged,1,True,The extent of the economic impact largely depends on the future course of tariff policies.,"[""OR.PA-press-2025-04-17-2025-04-17-gdelt-emea-morning-briefing-e""]",,
OR.PA-press-noise-447,OR.PA,press,precursor,-1,outsider_only,untagged,1,True,The uncertainty in U.S. tariff policy will affect China's 2Q activity.,"[""OR.PA-press-2025-04-17-2025-04-17-gdelt-emea-morning-briefing-e""]",,
OR.PA-press-noise-446,OR.PA,press,precursor,1,outsider_only,untagged,1,True,China's willingness to engage in trade talks with the U.S. under favourable bilateral terms has spurred gains in WTI and,"[""OR.PA-press-2025-04-17-2025-04-17-gdelt-emea-morning-briefing-e""]",,
OR.PA-press-noise-445,OR.PA,press,precursor,-1,outsider_only,untagged,1,True,"Trade tensions drive economies into recession, which could hurt credit markets.","[""OR.PA-press-2025-04-17-2025-04-17-gdelt-emea-morning-briefing-e""]",,
OR.PA-press-noise-444,OR.PA,press,precursor,-1,outsider_only,untagged,1,True,Trump's policy shake-up threatens the dollar's status as a safe haven and could erode its status as the de facto global ,"[""OR.PA-press-2025-04-17-2025-04-17-gdelt-emea-morning-briefing-e""]",,
OR.PA-press-noise-443,OR.PA,press,precursor,-1,outsider_only,untagged,1,True,Fed Chair Jerome Powell warned of a 'challenging scenario' where the central bank could have less flexibility to quickly,"[""OR.PA-press-2025-04-17-2025-04-17-gdelt-emea-morning-briefing-e""]",,
OR.PA-press-noise-442,OR.PA,press,precursor,-1,outsider_only,untagged,1,True,The strengthening of the euro exchange rate will insert more disinflationary pressure on the eurozone.,"[""OR.PA-press-2025-04-17-2025-04-17-gdelt-emea-morning-briefing-e""]",,
OR.PA-press-noise-441,OR.PA,press,precursor,-1,outsider_only,untagged,1,True,The ongoing trade tensions and high level of uncertainty could force the ECB to cut interest rates further than it would,"[""OR.PA-press-2025-04-17-2025-04-17-gdelt-emea-morning-briefing-e""]",,
OR.PA-press-noise-440,OR.PA,press,consequence,-1,outsider_only,untagged,1,True,The imposition of tariffs has led to a negative year-to-date performance for the STOXX 600.,"[""OR.PA-press-2025-04-08-2025-04-08-gdelt-europe-inc-q1-profits-s""]",,
OR.PA-press-noise-439,OR.PA,press,precursor,-1,outsider_only,untagged,1,True,Trump's announcement of sweeping tariffs has led to a deterioration in analysts' expectations for first-quarter earnings,"[""OR.PA-press-2025-04-08-2025-04-08-gdelt-europe-inc-q1-profits-s""]",,
OR.PA-press-noise-438,OR.PA,press,precursor,-1,outsider_only,untagged,1,True,Impending trade policies from U.S. President Donald Trump and the European Union could make cosmetics and fragrances mor,"[""OR.PA-press-2025-03-15-2025-03-15-gdelt-ulta-beauty-tops-quarte""]",,
OR.PA-press-noise-437,OR.PA,press,consequence,1,outsider_only,untagged,1,True,Discounts offered during the Thanksgiving period attracted customers and contributed to Ulta Beauty's strong holiday sal,"[""OR.PA-press-2025-03-15-2025-03-15-gdelt-ulta-beauty-tops-quarte""]",,
OR.PA-press-noise-436,OR.PA,press,consequence,1,outsider_only,untagged,1,True,Higher growth in fragrances helped offset slower business in the make-up sector.,"[""OR.PA-press-2025-03-01-2025-03-01-gdelt-rabanne-owner-puig-expe""]",,
OR.PA-press-noise-435,OR.PA,press,consequence,1,outsider_only,untagged,1,True,Strong holiday season sales helped offset sluggish demand in China.,"[""OR.PA-press-2025-03-01-2025-03-01-gdelt-rabanne-owner-puig-expe""]",,
OR.PA-press-noise-434,OR.PA,press,consequence,-1,outsider_only,untagged,1,True,Costs related to the IPO and the payment of employee bonuses led to a 26% fall in net profit in the first half of the ye,"[""OR.PA-press-2025-03-01-2025-03-01-gdelt-rabanne-owner-puig-expe""]",,
OR.PA-press-noise-433,OR.PA,press,precursor,-1,outsider_only,untagged,1,True,"The weaker growth outlook is mainly due to the market's moderation, particularly in the make-up and skincare segment.","[""OR.PA-press-2025-03-01-2025-03-01-gdelt-rabanne-owner-puig-expe""]",,
OR.PA-press-noise-432,OR.PA,press,precursor,-1,outsider_only,untagged,1,True,The company may need to reassess the potential impact if a 25% tariff rate is imposed.,"[""OR.PA-press-2025-03-01-2025-03-01-gdelt-rabanne-owner-puig-expe""]",,
OR.PA-press-noise-431,OR.PA,press,precursor,-1,outsider_only,untagged,1,True,US tariffs are expected to impact Puig's revenue growth.,"[""OR.PA-press-2025-03-01-2025-03-01-gdelt-rabanne-owner-puig-expe""]",,
OR.PA-press-noise-430,OR.PA,press,precursor,-1,outsider_only,untagged,1,True,Puig expects slower sales growth in 2025 due to potential higher US tariffs.,"[""OR.PA-press-2025-03-01-2025-03-01-gdelt-rabanne-owner-puig-expe""]",,
OR.PA-press-noise-429,OR.PA,press,consequence,1,outsider_only,untagged,1,True,"e.l.f. Beauty's sales increased by 31% in the fiscal 2025 third quarter, compared to an exceptional 85% growth rate in t","[""OR.PA-press-2025-02-14-2025-02-14-gdelt-best-stock-to-buy-right""]",,
OR.PA-press-noise-428,OR.PA,press,precursor,-1,outsider_only,untagged,1,True,The shifting economic environment and increased competition are pressuring Ulta Beauty's results.,"[""OR.PA-press-2025-02-14-2025-02-14-gdelt-best-stock-to-buy-right""]",,
OR.PA-press-noise-427,OR.PA,press,consequence,-1,outsider_only,untagged,1,True,Shift among Chinese consumers toward domestic brands.,"[""OR.PA-press-2025-02-10-2025-02-10-gdelt-shiseido-profit-plunges""]",,
OR.PA-press-noise-426,OR.PA,press,consequence,-1,outsider_only,untagged,1,True,Shift among Chinese consumers toward domestic brands.,"[""OR.PA-press-2025-02-10-2025-02-10-gdelt-japan-shiseido-says-ann""]",,
OR.PA-press-noise-425,OR.PA,press,precursor,-1,outsider_only,untagged,1,True,"Weakness in the retailer’s cloud computing unit, Amazon Web Services, and lower-than-expected forecasts for first-quarte","[""OR.PA-press-2025-02-07-2025-02-07-gdelt-trade-war-fears-dampen-""]",,
OR.PA-press-noise-424,OR.PA,press,precursor,-1,outsider_only,untagged,1,True,The beverage maker is exploring a sale of its champagne brand G.H. Mumm.,"[""OR.PA-press-2025-02-07-2025-02-07-gdelt-trade-war-fears-dampen-""]",,
OR.PA-press-noise-423,OR.PA,press,consequence,-1,outsider_only,untagged,1,True,"The French cosmetics group reported its slowest quarterly rise in growth since the height of the pandemic, missing expec","[""OR.PA-press-2025-02-07-2025-02-07-gdelt-trade-war-fears-dampen-""]",,
OR.PA-press-noise-422,OR.PA,press,precursor,-1,outsider_only,untagged,1,True,The cost of new models and battery-related expenses would dent its 2025 profits.,"[""OR.PA-press-2025-02-07-2025-02-07-gdelt-trade-war-fears-dampen-""]",,
OR.PA-press-noise-421,OR.PA,press,precursor,-1,outsider_only,untagged,1,True,Tariff uncertainty added to investor nerves after data showed weaker-than-expected US jobs growth.,"[""OR.PA-press-2025-02-07-2025-02-07-gdelt-trade-war-fears-dampen-""]",,
OR.PA-press-noise-420,OR.PA,press,precursor,-1,outsider_only,untagged,1,True,Potential US tariffs under President Donald Trump,"[""OR.PA-press-2025-02-07-2025-02-07-gdelt-loreal-sales-miss-estim""]",,
OR.PA-press-noise-419,OR.PA,press,consequence,1,outsider_only,untagged,1,True,"The balance sheet remains strong, with shareholders' equity amounting to 33.1 billion euros.","[""OR.PA-press-2025-02-06-2025-02-06-gdelt-lor-al-2024-annual-resu""]",,
OR.PA-press-noise-418,OR.PA,press,consequence,-1,outsider_only,untagged,1,True,Non-recurring items after non-controlling interests amounted to 377.6 million euros net of tax.,"[""OR.PA-press-2025-02-06-2025-02-06-gdelt-lor-al-2024-annual-resu""]",,
OR.PA-press-noise-417,OR.PA,press,consequence,-1,outsider_only,untagged,1,True,"Income tax excluding non-recurrent items amounted to 2,075 million euros, representing a tax rate of 23.4%.","[""OR.PA-press-2025-02-06-2025-02-06-gdelt-lor-al-2024-annual-resu""]",,
OR.PA-press-noise-416,OR.PA,press,consequence,1,outsider_only,untagged,1,True,"The profitability of the Dermatological Beauty Division came out at 26.1%, up 10 basis points.","[""OR.PA-press-2025-02-06-2025-02-06-gdelt-lor-al-2024-annual-resu""]",,
OR.PA-press-noise-415,OR.PA,press,consequence,1,outsider_only,untagged,1,True,"The profitability of the Luxe Division came out at 22.3% of sales, stable compared to 2023.","[""OR.PA-press-2025-02-06-2025-02-06-gdelt-lor-al-2024-annual-resu""]",,
OR.PA-press-noise-414,OR.PA,press,consequence,1,outsider_only,untagged,1,True,"The profitability of the Consumer Products Division came out at 21.1% of sales, up 60 basis points.","[""OR.PA-press-2025-02-06-2025-02-06-gdelt-lor-al-2024-annual-resu""]",,
OR.PA-press-noise-413,OR.PA,press,consequence,-1,outsider_only,untagged,1,True,"Selling, general and administrative expenses increased by 40 basis points to 18.9% of sales.","[""OR.PA-press-2025-02-06-2025-02-06-gdelt-lor-al-2024-annual-resu""]",,
OR.PA-press-noise-412,OR.PA,press,consequence,-1,outsider_only,untagged,1,True,Advertising and promotional expenses decreased by 20 basis points to 32.2% of sales.,"[""OR.PA-press-2025-02-06-2025-02-06-gdelt-lor-al-2024-annual-resu""]",,
OR.PA-press-noise-411,OR.PA,press,consequence,1,outsider_only,untagged,1,True,"Online remained a key growth driver for the region in SSA, boosted by the strong performance of pure players.","[""OR.PA-press-2025-02-06-2025-02-06-gdelt-lor-al-2024-annual-resu""]",,
OR.PA-press-noise-410,OR.PA,press,consequence,1,outsider_only,untagged,1,True,"Consumer Products delivered exceptional growth in SSA, with each of the three international brands contributing.","[""OR.PA-press-2025-02-06-2025-02-06-gdelt-lor-al-2024-annual-resu""]",,
OR.PA-press-noise-409,OR.PA,press,consequence,1,outsider_only,untagged,1,True,"Sales in the region grew +14.7% in SSA, excluding Argentina.","[""OR.PA-press-2025-02-06-2025-02-06-gdelt-lor-al-2024-annual-resu""]",,
OR.PA-press-noise-408,OR.PA,press,consequence,1,outsider_only,untagged,1,True,"Momentum was broad-based by country in SSA, led by Mexico and Brazil.","[""OR.PA-press-2025-02-06-2025-02-06-gdelt-lor-al-2024-annual-resu""]",,
OR.PA-press-noise-407,OR.PA,press,consequence,1,outsider_only,untagged,1,True,Sub-Saharan Africa (SSA) delivered another record year with all countries and Divisions growing in double digits.,"[""OR.PA-press-2025-02-06-2025-02-06-gdelt-lor-al-2024-annual-resu""]",,
OR.PA-press-noise-406,OR.PA,press,consequence,1,outsider_only,untagged,1,True,"Online remained a key growth driver in SAPMENA, notably in Saudi Arabia, India and South-East Asia.","[""OR.PA-press-2025-02-06-2025-02-06-gdelt-lor-al-2024-annual-resu""]",,
OR.PA-press-noise-405,OR.PA,press,consequence,1,outsider_only,untagged,1,True,"Growth in haircare, both in mass and professional, was boosted by the continued premiumisation strategy in SAPMENA.","[""OR.PA-press-2025-02-06-2025-02-06-gdelt-lor-al-2024-annual-resu""]",,
OR.PA-press-noise-404,OR.PA,press,consequence,1,outsider_only,untagged,1,True,"Luxe maintained its double-digit rhythm in SAPMENA, powered primarily by Yves Saint Laurent and Prada.","[""OR.PA-press-2025-02-06-2025-02-06-gdelt-lor-al-2024-annual-resu""]",,
OR.PA-press-noise-403,OR.PA,press,consequence,1,outsider_only,untagged,1,True,Growth was broad-based with all categories and Divisions contributing in SAPMENA.,"[""OR.PA-press-2025-02-06-2025-02-06-gdelt-lor-al-2024-annual-resu""]",,
OR.PA-press-noise-402,OR.PA,press,consequence,1,outsider_only,untagged,1,True,"Professional Products outpaced the market in North Asia, boosted by the continued success of Kérastase.","[""OR.PA-press-2025-02-06-2025-02-06-gdelt-lor-al-2024-annual-resu""]",,
OR.PA-press-noise-401,OR.PA,press,consequence,-1,outsider_only,untagged,1,True,"Sell-out continued to be under significant pressure in Travel Retail, notably in Hainan.","[""OR.PA-press-2025-02-06-2025-02-06-gdelt-lor-al-2024-annual-resu""]",,
OR.PA-press-noise-400,OR.PA,press,consequence,1,outsider_only,untagged,1,True,L'Oréal outperformed a very dynamic market in Japan.,"[""OR.PA-press-2025-02-06-2025-02-06-gdelt-lor-al-2024-annual-resu""]",,
OR.PA-press-noise-399,OR.PA,press,consequence,-1,outsider_only,untagged,1,True,Consumer Products slightly underperformed the mass market.,"[""OR.PA-press-2025-02-06-2025-02-06-gdelt-lor-al-2024-annual-resu""]",,
OR.PA-press-noise-398,OR.PA,press,consequence,1,outsider_only,untagged,1,True,"L'Oréal Luxe, Dermatological Beauty and Professional Products outpaced their respective markets.","[""OR.PA-press-2025-02-06-2025-02-06-gdelt-lor-al-2024-annual-resu""]",,
OR.PA-press-noise-397,OR.PA,press,precursor,1,outsider_only,untagged,1,True,The recently launched AirLight Pro hair dryer innovation is off to a promising start.,"[""OR.PA-press-2025-02-06-2025-02-06-gdelt-lor-al-2024-annual-resu""]",,
OR.PA-press-noise-396,OR.PA,press,precursor,1,outsider_only,untagged,1,True,The launch of P-Tiox boosted SkinCeuticals.,"[""OR.PA-press-2025-02-06-2025-02-06-gdelt-lor-al-2024-annual-resu""]",,
OR.PA-press-noise-395,OR.PA,press,precursor,1,outsider_only,untagged,1,True,The acceleration in online channels boosted Dermatological Beauty.,"[""OR.PA-press-2025-02-06-2025-02-06-gdelt-lor-al-2024-annual-resu""]",,
OR.PA-press-noise-394,OR.PA,press,precursor,1,outsider_only,untagged,1,True,The success of Fat Oil and Duck Plump made NYX Professional Makeup outperform the market.,"[""OR.PA-press-2025-02-06-2025-02-06-gdelt-lor-al-2024-annual-resu""]",,
OR.PA-press-noise-393,OR.PA,press,precursor,1,outsider_only,untagged,1,True,The strong launch plan and entry into new online channels benefitted Kiehl's and Youth to the People.,"[""OR.PA-press-2025-02-06-2025-02-06-gdelt-lor-al-2024-annual-resu""]",,
OR.PA-press-noise-392,OR.PA,press,precursor,1,outsider_only,untagged,1,True,Continued channel expansion and valorisation drove growth in the USA.,"[""OR.PA-press-2025-02-06-2025-02-06-gdelt-lor-al-2024-annual-resu""]",,
OR.PA-press-noise-391,OR.PA,press,precursor,1,outsider_only,untagged,1,True,The success of Dercos fuelled Vichy's growth.,"[""OR.PA-press-2025-02-06-2025-02-06-gdelt-lor-al-2024-annual-resu""]",,
OR.PA-press-noise-390,OR.PA,press,precursor,1,outsider_only,untagged,1,True,The promising launch of P-TIOX by SkinCeuticals drove double-digit growth.,"[""OR.PA-press-2025-02-06-2025-02-06-gdelt-lor-al-2024-annual-resu""]",,
OR.PA-press-noise-389,OR.PA,press,precursor,1,outsider_only,untagged,1,True,The dynamism of Dercos haircare line advanced Vichy strongly.,"[""OR.PA-press-2025-02-06-2025-02-06-gdelt-lor-al-2024-annual-resu""]",,
OR.PA-press-noise-388,OR.PA,press,precursor,1,outsider_only,untagged,1,True,The international expansion of CeraVe with exceptional performances in new markets made it the Division's trailblazer.,"[""OR.PA-press-2025-02-06-2025-02-06-gdelt-lor-al-2024-annual-resu""]",,
OR.PA-press-noise-387,OR.PA,press,precursor,1,outsider_only,untagged,1,True,"The globalisation strategy of Aesop, Takami, and Youth to the People with encouraging results drove growth in skincare.","[""OR.PA-press-2025-02-06-2025-02-06-gdelt-lor-al-2024-annual-resu""]",,
OR.PA-press-noise-386,OR.PA,press,precursor,1,outsider_only,untagged,1,True,"The ongoing strength of Yves Saint Laurent in Western markets and China, driven by YSL Loveshine and Touche Eclat, accel","[""OR.PA-press-2025-02-06-2025-02-06-gdelt-lor-al-2024-annual-resu""]",,
OR.PA-press-noise-385,OR.PA,press,precursor,1,outsider_only,untagged,1,True,The expansion of couture brands like Prada and Valentino and acquisitions like Aesop and Takami drove growth in North Am,"[""OR.PA-press-2025-02-06-2025-02-06-gdelt-lor-al-2024-annual-resu""]",,
OR.PA-press-noise-384,OR.PA,press,precursor,1,outsider_only,untagged,1,True,The successful rollout of premium and accessible offers like Good and Color Sensation drove growth in hair colour.,"[""OR.PA-press-2025-02-06-2025-02-06-gdelt-lor-al-2024-annual-resu""]",,
OR.PA-press-noise-383,OR.PA,press,precursor,1,outsider_only,untagged,1,True,"The launch of key innovations like Elvive Glycolic Gloss, Vitamin C Daily UV fluids, Bright Reveal, and Panorama mascara","[""OR.PA-press-2025-02-06-2025-02-06-gdelt-lor-al-2024-annual-resu""]",,
OR.PA-press-noise-382,OR.PA,press,precursor,1,outsider_only,untagged,1,True,The strategy to democratise and premiumise the mass beauty market drove growth in the Consumer Products Division.,"[""OR.PA-press-2025-02-06-2025-02-06-gdelt-lor-al-2024-annual-resu""]",,
OR.PA-press-noise-381,OR.PA,press,precursor,1,outsider_only,untagged,1,True,"The launch of AirLight Pro, a revolutionary, less energy-intensive hair dryer, reaffirmed the Division's leading positio","[""OR.PA-press-2025-02-06-2025-02-06-gdelt-lor-al-2024-annual-resu""]",,
OR.PA-press-noise-380,OR.PA,press,consequence,1,outsider_only,untagged,1,True,The Group's maintained performance in hair colour.,"[""OR.PA-press-2025-02-06-2025-02-06-gdelt-lor-al-2024-annual-resu""]",,
OR.PA-press-noise-379,OR.PA,press,consequence,1,outsider_only,untagged,1,True,The Group's dynamic haircare category driven by blockbuster innovations.,"[""OR.PA-press-2025-02-06-2025-02-06-gdelt-lor-al-2024-annual-resu""]",,
OR.PA-press-noise-378,OR.PA,press,consequence,1,outsider_only,untagged,1,True,The Group's solid performances of L'Oréal Professionnel and Redken.,"[""OR.PA-press-2025-02-06-2025-02-06-gdelt-lor-al-2024-annual-resu""]",,
OR.PA-press-noise-377,OR.PA,press,consequence,1,outsider_only,untagged,1,True,The Group's strong double-digit growth of Kérastase.,"[""OR.PA-press-2025-02-06-2025-02-06-gdelt-lor-al-2024-annual-resu""]",,
OR.PA-press-noise-376,OR.PA,press,consequence,1,outsider_only,untagged,1,True,The Group's broad-based progress across all regions.,"[""OR.PA-press-2025-02-06-2025-02-06-gdelt-lor-al-2024-annual-resu""]",,
OR.PA-press-noise-375,OR.PA,press,consequence,1,outsider_only,untagged,1,True,The Group's high single-digit sales advance excluding North Asia.,"[""OR.PA-press-2025-02-06-2025-02-06-gdelt-lor-al-2024-annual-resu""]",,
OR.PA-press-noise-374,OR.PA,press,precursor,1,outsider_only,untagged,1,True,The Group's expected growth acceleration in 2025.,"[""OR.PA-press-2025-02-06-2025-02-06-gdelt-lor-al-2024-annual-resu""]",,
OR.PA-press-noise-373,OR.PA,press,precursor,1,outsider_only,untagged,1,True,The Group's beauty stimulus plan driven by new launches and continued strong brand support.,"[""OR.PA-press-2025-02-06-2025-02-06-gdelt-lor-al-2024-annual-resu""]",,
OR.PA-press-noise-372,OR.PA,press,precursor,1,outsider_only,untagged,1,True,The Group's minority stakes in Galderma and Amouage.,"[""OR.PA-press-2025-02-06-2025-02-06-gdelt-lor-al-2024-annual-resu""]",,
OR.PA-press-noise-371,OR.PA,press,precursor,1,outsider_only,untagged,1,True,The Group's strengthening of industrial and supply chain resilience.,"[""OR.PA-press-2025-02-06-2025-02-06-gdelt-lor-al-2024-annual-resu""]",,
OR.PA-press-noise-370,OR.PA,press,precursor,1,outsider_only,untagged,1,True,The Group's simplification of organisational structures.,"[""OR.PA-press-2025-02-06-2025-02-06-gdelt-lor-al-2024-annual-resu""]",,
OR.PA-press-noise-369,OR.PA,press,precursor,1,outsider_only,untagged,1,True,The Group's advancement with the harmonisation of its IT.,"[""OR.PA-press-2025-02-06-2025-02-06-gdelt-lor-al-2024-annual-resu""]",,
OR.PA-press-noise-368,OR.PA,press,precursor,1,outsider_only,untagged,1,True,The Group's augmentation of marketing and R&I capabilities with AI and tech.,"[""OR.PA-press-2025-02-06-2025-02-06-gdelt-lor-al-2024-annual-resu""]",,
OR.PA-press-noise-367,OR.PA,press,consequence,1,outsider_only,untagged,1,True,The Group's operating margin increased by 20 basis points.,"[""OR.PA-press-2025-02-06-2025-02-06-gdelt-lor-al-2024-annual-resu""]",,
OR.PA-press-noise-366,OR.PA,press,consequence,1,outsider_only,untagged,1,True,"The Group's operating margin grew 40 basis points on a comparable basis, excluding Aesop.","[""OR.PA-press-2025-02-06-2025-02-06-gdelt-lor-al-2024-annual-resu""]",,
OR.PA-press-noise-365,OR.PA,press,consequence,1,outsider_only,untagged,1,True,The Group achieved record gross and operating margins due to quality P&L management.,"[""OR.PA-press-2025-02-06-2025-02-06-gdelt-lor-al-2024-annual-resu""]",,
OR.PA-press-noise-364,OR.PA,press,precursor,1,outsider_only,untagged,1,True,France's CAC is expected to open 26 points higher.,"[""OR.PA-press-2025-02-06-2025-02-06-gdelt-european-markets-edge-t""]",,
OR.PA-press-noise-363,OR.PA,press,precursor,1,outsider_only,untagged,1,True,Germany's DAX is expected to open 92 points higher.,"[""OR.PA-press-2025-02-06-2025-02-06-gdelt-european-markets-edge-t""]",,
OR.PA-press-noise-362,OR.PA,press,precursor,1,outsider_only,untagged,1,True,The U.K.'s FTSE 100 index is expected to open 53 points higher.,"[""OR.PA-press-2025-02-06-2025-02-06-gdelt-european-markets-edge-t""]",,
OR.PA-press-noise-361,OR.PA,press,precursor,-1,outsider_only,untagged,1,True,Companies in China may not generate sustained growth in earnings per share.,"[""OR.PA-press-2025-02-06-2025-02-06-gdelt-european-markets-edge-t""]",,
OR.PA-press-noise-360,OR.PA,press,precursor,-1,outsider_only,untagged,1,True,Stock market investors may be too optimistic about the effect of government measures to boost the economy.,"[""OR.PA-press-2025-02-06-2025-02-06-gdelt-european-markets-edge-t""]",,
OR.PA-press-noise-359,OR.PA,press,precursor,-1,outsider_only,untagged,1,True,The central bank is more likely to let the currency weaken due to China's economy.,"[""OR.PA-press-2025-02-06-2025-02-06-gdelt-european-markets-edge-t""]",,
OR.PA-press-noise-358,OR.PA,press,precursor,-1,outsider_only,untagged,1,True,China's tepid economy is expected to keep down bond yields.,"[""OR.PA-press-2025-02-06-2025-02-06-gdelt-european-markets-edge-t""]",,
OR.PA-press-noise-357,OR.PA,press,consequence,1,outsider_only,untagged,1,True,Societe Generale reported sharp year-on-year hikes in fourth-quarter and full-year profit.,"[""OR.PA-press-2025-02-06-2025-02-06-gdelt-european-markets-edge-t""]",,
OR.PA-press-noise-356,OR.PA,press,precursor,-1,outsider_only,untagged,1,True,Carlsberg reported a slight miss in fourth-quarter sales and pointed to lower growth in 2025.,"[""OR.PA-press-2025-02-06-2025-02-06-gdelt-european-markets-edge-t""]",,
OR.PA-press-noise-355,OR.PA,press,consequence,-1,outsider_only,untagged,1,True,"Volvo Cars reported a 28% profit slide in the final three months of the year, affected by a one-off impairment.","[""OR.PA-press-2025-02-06-2025-02-06-gdelt-european-markets-edge-t""]",,
OR.PA-press-noise-354,OR.PA,press,precursor,-1,outsider_only,untagged,1,True,Volvo Cars warned of severe market challenges ahead from intensifying electric vehicle competition and global tariffs.,"[""OR.PA-press-2025-02-06-2025-02-06-gdelt-european-markets-edge-t""]",,
OR.PA-press-noise-353,OR.PA,press,precursor,1,outsider_only,untagged,1,True,Trump's decision to delay tariffs on Canada and Mexico raised hopes that the U.K. and the EU will likely avoid duties.,"[""OR.PA-press-2025-02-04-2025-02-04-gdelt-european-stocks-close-h""]",,
OR.PA-press-noise-352,OR.PA,press,precursor,1,outsider_only,untagged,1,True,"Trump's decision to delay tariffs on Canada and Mexico eased worries about U.S. tariffs, leading investors to focus on q","[""OR.PA-press-2025-02-04-2025-02-04-gdelt-european-stocks-close-h""]",,
OR.PA-press-noise-351,OR.PA,press,consequence,1,outsider_only,untagged,1,True,CME Group posted record revenues in October.,"[""OR.PA-press-2025-01-15-2025-01-15-gdelt-fund-manager-reveals-wh""]",,
OR.PA-press-noise-350,OR.PA,press,precursor,1,outsider_only,untagged,1,True,"Sanlam Investments bought shares in CME Group in June last year, given its 'very, very good operating margins' and 'fant","[""OR.PA-press-2025-01-15-2025-01-15-gdelt-fund-manager-reveals-wh""]",,
OR.PA-press-noise-349,OR.PA,press,consequence,-1,outsider_only,untagged,1,True,"Fourth-quarter sales at LVMH fell 3% versus the same period a year before, as revenue in Asia, excluding Japan, slid 16%","[""OR.PA-press-2025-01-15-2025-01-15-gdelt-fund-manager-reveals-wh""]",,
OR.PA-press-noise-348,OR.PA,press,consequence,-1,outsider_only,untagged,1,True,Fears over the strength of the Chinese consumer have weighed on luxury stocks like LVMH and L'Oreal.,"[""OR.PA-press-2025-01-15-2025-01-15-gdelt-fund-manager-reveals-wh""]",,
OR.PA-press-noise-347,OR.PA,press,precursor,-1,outsider_only,untagged,1,True,A slump in Chinese consumer confidence is holding Sanlam investments' Hannah Gooch-Peters back from buying luxury stocks,"[""OR.PA-press-2025-01-15-2025-01-15-gdelt-fund-manager-reveals-wh""]",,
OR.PA-press-noise-346,OR.PA,press,consequence,-1,outsider_only,untagged,1,True,The collapse of the French government has negatively impacted investment in the country.,"[""OR.PA-press-2024-12-28-2024-12-28-gdelt-french-tycoons-lose-55b""]",,
OR.PA-press-noise-345,OR.PA,press,consequence,-1,outsider_only,untagged,1,True,Political turmoil in France has negatively impacted the wealth of French tycoons.,"[""OR.PA-press-2024-12-28-2024-12-28-gdelt-french-tycoons-lose-55b""]",,
OR.PA-press-noise-344,OR.PA,press,consequence,-1,outsider_only,untagged,1,True,Subdued global demand for luxury goods has led to a decrease in the wealth of French tycoons.,"[""OR.PA-press-2024-12-28-2024-12-28-gdelt-french-tycoons-lose-55b""]",,
OR.PA-press-noise-343,OR.PA,press,consequence,-1,outsider_only,untagged,1,True,Omnicom’s stock fell more than 6% following the announcement of the acquisition.,"[""OR.PA-press-2024-12-09-2024-12-09-gdelt-omnicom-to-buy-interpub""]",,
OR.PA-press-noise-342,OR.PA,press,consequence,-1,outsider_only,untagged,1,True,The royalty paid to its French parent firm increased by 16.3% to Rs 265.16 crore in FY24.,"[""OR.PA-press-2024-11-27-2024-11-27-gdelt-loreal-india-advertisin""]",,
OR.PA-press-noise-341,OR.PA,press,consequence,-1,outsider_only,untagged,1,True,"L'oreal India's advertising promotional expenses increased by 23.7% to Rs 1,714.54 crore in FY2024.","[""OR.PA-press-2024-11-27-2024-11-27-gdelt-loreal-india-advertisin""]",,
OR.PA-press-noise-340,OR.PA,press,precursor,1,outsider_only,untagged,1,True,"Efforts to push the brand as affordable luxury, particularly among younger customers.","[""OR.PA-press-2024-11-25-2024-11-25-gdelt-bath-body-works-forecas""]",,
OR.PA-press-noise-339,OR.PA,press,precursor,1,outsider_only,untagged,1,True,Introduction of new winter range of fragrances to keep up with competition and tackle softer demand.,"[""OR.PA-press-2024-11-25-2024-11-25-gdelt-bath-body-works-forecas""]",,
OR.PA-press-noise-338,OR.PA,press,precursor,1,outsider_only,untagged,1,True,Strong holiday demand for personal care products and new offerings in stores.,"[""OR.PA-press-2024-11-25-2024-11-25-gdelt-bath-body-works-forecas""]",,
OR.PA-press-noise-337,OR.PA,press,precursor,-1,outsider_only,untagged,1,True,Nvidia's sales forecast for the current period being somewhat disappointing.,"[""OR.PA-press-2024-11-21-2024-11-21-gdelt-european-markets-close-""]",,
OR.PA-press-noise-336,OR.PA,press,precursor,1,outsider_only,untagged,1,True,The likely impact of Donald Trump's second term as U.S. President on global economic growth.,"[""OR.PA-press-2024-11-21-2024-11-21-gdelt-european-markets-close-""]",,
OR.PA-press-noise-335,OR.PA,press,precursor,1,outsider_only,untagged,1,True,Price increases in international markets and cost-saving measures have improved gross margin.,"[""OR.PA-press-2024-11-06-2024-11-06-gdelt-elf-beauty-lifts-annual""]",,
OR.PA-press-noise-334,OR.PA,press,precursor,1,outsider_only,untagged,1,True,Elf Beauty's expansion into Dollar General stores in November will tap into a new consumer base.,"[""OR.PA-press-2024-11-06-2024-11-06-gdelt-elf-beauty-lifts-annual""]",,
OR.PA-press-noise-333,OR.PA,press,precursor,1,outsider_only,untagged,1,True,e.l.f. Beauty's stock could rally more than 40% and boost its enterprise value to $8.8 billion by calendar 2027 if it ma,"[""OR.PA-press-2024-11-04-2024-11-04-gdelt-where-will-e-l-f-beauty""]",,
OR.PA-press-noise-332,OR.PA,press,consequence,-1,outsider_only,untagged,1,True,Companies missing estimates trailed the S&P 500 by a median of 1.5%.,"[""OR.PA-press-2024-10-22-2024-10-22-gdelt-stocks-struggle-in-late""]",,
OR.PA-press-noise-331,OR.PA,press,consequence,1,outsider_only,untagged,1,True,S&P 500 firms that posted better-than-estimated third-quarter earnings have outperformed the benchmark by a median of 1.,"[""OR.PA-press-2024-10-22-2024-10-22-gdelt-stocks-struggle-in-late""]",,
OR.PA-press-noise-330,OR.PA,press,precursor,-1,outsider_only,untagged,1,True,McDonald’s Corp. plunged as its Quarter Pounders were linked to an E. coli outbreak in the US.,"[""OR.PA-press-2024-10-22-2024-10-22-gdelt-stocks-struggle-in-late""]",,
OR.PA-press-noise-329,OR.PA,press,precursor,-1,outsider_only,untagged,1,True,Starbucks Corp. pulled guidance for 2025 after sales plunged for a third consecutive quarter.,"[""OR.PA-press-2024-10-22-2024-10-22-gdelt-stocks-struggle-in-late""]",,
OR.PA-press-noise-328,OR.PA,press,precursor,-1,outsider_only,untagged,1,True,Texas Instruments Inc. gave a weak outlook even after topping estimates.,"[""OR.PA-press-2024-10-22-2024-10-22-gdelt-stocks-struggle-in-late""]",,
OR.PA-press-noise-327,OR.PA,press,precursor,-1,outsider_only,untagged,1,True,Citigroup estimates that about 10 per cent of European luxury stocks’ sales come from China.,"[""OR.PA-press-2024-02-28-2024-02-28-gdelt-china-thrifty-shoppers-""]",,
OR.PA-press-noise-326,OR.PA,press,precursor,-1,outsider_only,untagged,1,True,L’Oreal and Shiseido have received downgrades while Starbucks and Nike have seen increases.,"[""OR.PA-press-2024-02-28-2024-02-28-gdelt-china-thrifty-shoppers-""]",,
OR.PA-press-noise-325,OR.PA,press,precursor,1,outsider_only,untagged,1,True,"McDonald’s, Yum China and Fast Retailing have all seen their 12-month forward earnings estimates raised this year wherea","[""OR.PA-press-2024-02-28-2024-02-28-gdelt-china-thrifty-shoppers-""]",,
OR.PA-press-noise-324,OR.PA,press,precursor,1,outsider_only,untagged,1,True,"Luckin Coffee became the mainland’s dominant coffee chain last year, outpacing Starbucks in annual sales for the first t","[""OR.PA-press-2024-02-28-2024-02-28-gdelt-china-thrifty-shoppers-""]",,
OR.PA-press-noise-323,OR.PA,press,precursor,-1,outsider_only,untagged,1,True,"Japanese cosmetics maker Shiseido is sitting out the country’s historic rally as it struggles with sales in China, which","[""OR.PA-press-2024-02-28-2024-02-28-gdelt-china-thrifty-shoppers-""]",,
OR.PA-press-noise-322,OR.PA,press,precursor,-1,outsider_only,untagged,1,True,"Nike, which gets about 14 per cent of its revenue from Greater China, remains down more than 13 per cent since the sport","[""OR.PA-press-2024-02-28-2024-02-28-gdelt-china-thrifty-shoppers-""]",,
OR.PA-press-noise-321,OR.PA,press,precursor,-1,outsider_only,untagged,1,True,Falling consumer prices show deflationary pressure is taking hold and undermining companies’ pricing power.,"[""OR.PA-press-2024-02-28-2024-02-28-gdelt-china-thrifty-shoppers-""]",,
OR.PA-press-noise-320,OR.PA,press,precursor,-1,outsider_only,untagged,1,True,"The thriftiness of Chinese spenders was on full display during the Chinese New Year holiday, when per-capita tourism rev","[""OR.PA-press-2024-02-28-2024-02-28-gdelt-china-thrifty-shoppers-""]",,
OR.PA-press-noise-319,OR.PA,press,precursor,1,outsider_only,untagged,1,True,McDonald’s posted the biggest monthly stock gain in a year in November as it announced a plan to buy Carlyle Group’s min,"[""OR.PA-press-2024-02-28-2024-02-28-gdelt-china-thrifty-shoppers-""]",,
OR.PA-press-noise-318,OR.PA,press,precursor,-1,outsider_only,untagged,1,True,"With China’s economy expected to remain lukewarm for now, global businesses will have to adjust their positioning to gra","[""OR.PA-press-2024-02-28-2024-02-28-gdelt-china-thrifty-shoppers-""]",,
OR.PA-press-noise-317,OR.PA,press,precursor,-1,triangulated,untagged,1,True,"Terrence Kan, client portfolio strategist at Fidelity Investment Management, said this trend of reduced confidence and s","[""OR.PA-press-2024-02-28-2024-02-28-gdelt-china-thrifty-shoppers-""]",OR.PA-management-noise-50,1.0
OR.PA-press-noise-316,OR.PA,press,precursor,-1,triangulated,untagged,1,True,"Shoppers are demanding more bang for the buck, putting middling brands in a difficult position and making luxury items h","[""OR.PA-press-2024-02-28-2024-02-28-gdelt-china-thrifty-shoppers-""]",OR.PA-management-noise-49,0.906
OR.PA-press-noise-315,OR.PA,press,precursor,-1,outsider_only,untagged,1,True,"Consumer prices have fallen for four straight months, intensifying a price war among retailers.","[""OR.PA-press-2024-02-28-2024-02-28-gdelt-china-thrifty-shoppers-""]",,
OR.PA-press-noise-314,OR.PA,press,precursor,-1,triangulated,untagged,1,True,Chinese consumers are tightening their purse strings as a real estate crisis and job insecurity hurt confidence.,"[""OR.PA-press-2024-02-28-2024-02-28-gdelt-china-thrifty-shoppers-""]",OR.PA-management-noise-430,0.9133
OR.PA-press-noise-313,OR.PA,press,precursor,-1,triangulated,untagged,1,True,Lacklustre showings by the more pricier brands including Starbucks and L’Oreal in the giant consumer market have weighed,"[""OR.PA-press-2024-02-28-2024-02-28-gdelt-china-thrifty-shoppers-""]",OR.PA-management-noise-590,0.8653
OR.PA-press-noise-312,OR.PA,press,precursor,1,triangulated,untagged,1,True,"China’s price-conscious shoppers are trading down amid a fragile economic recovery, delivering a boon to firms that cate","[""OR.PA-press-2024-02-28-2024-02-28-gdelt-china-thrifty-shoppers-""]",OR.PA-management-noise-228,0.838
OR.PA-press-noise-311,OR.PA,press,precursor,1,triangulated,untagged,1,True,"Big Tech stocks like Apple and Meta Platforms have introduced payouts, which are growing and offer a sector that income ","[""OR.PA-press-2024-02-09-2024-02-09-gdelt-news-highlights-top-com""]",OR.PA-management-noise-53,1.0
OR.PA-press-noise-310,OR.PA,press,precursor,1,triangulated,untagged,1,True,"Ubisoft shares jumped after the French videogame maker said net bookings for the current quarter should be up sharply, l","[""OR.PA-press-2024-02-09-2024-02-09-gdelt-news-highlights-top-com""]",OR.PA-management-noise-45,0.8581
OR.PA-press-noise-309,OR.PA,press,precursor,1,outsider_only,untagged,1,True,The former president's defense of the brewer comes as it tries to move beyond a boycott.,"[""OR.PA-press-2024-02-09-2024-02-09-gdelt-news-highlights-top-com""]",,
OR.PA-press-noise-308,OR.PA,press,precursor,-1,outsider_only,untagged,1,True,The strengthening of David Solomon's grip may cloud John Waldron's path to the top job.,"[""OR.PA-press-2024-02-09-2024-02-09-gdelt-news-highlights-top-com""]",,
OR.PA-press-noise-307,OR.PA,press,precursor,1,outsider_only,untagged,1,True,The addition of Masonite's doors business creates a new growth platform for Owens Corning.,"[""OR.PA-press-2024-02-09-2024-02-09-gdelt-news-highlights-top-com""]",,
OR.PA-press-noise-306,OR.PA,press,precursor,1,outsider_only,untagged,1,True,Chains like Walgreens and CVS have pivoted from endless expansion to closing stores to boost profits.,"[""OR.PA-press-2024-02-09-2024-02-09-gdelt-news-highlights-top-com""]",,
OR.PA-press-noise-305,OR.PA,press,consequence,-1,outsider_only,untagged,1,True,"Expedia Group Inc. shares fell 13% in the extended session Thursday, as investors appeared nervous about a CEO change an","[""OR.PA-press-2024-02-09-2024-02-09-gdelt-news-highlights-top-com""]",,
OR.PA-press-noise-304,OR.PA,press,precursor,1,outsider_only,untagged,1,True,"Ubisoft said net bookings for the current quarter should be up sharply, leading to record sales for the fiscal year.","[""OR.PA-press-2024-02-09-2024-02-09-gdelt-news-highlights-top-com""]",,
OR.PA-press-noise-303,OR.PA,press,consequence,1,outsider_only,untagged,1,True,"Higher revenue at Arm, a chip-design subsidiary, led to an 11% rise in the tech investor's shares.","[""OR.PA-press-2024-02-08-2024-02-08-gdelt-news-highlights-top-com""]",,
OR.PA-press-noise-302,OR.PA,press,precursor,1,outsider_only,untagged,1,True,AstraZeneca expects double-digit percentage growth in 2024 despite fourth-quarter core earnings just short of consensus.,"[""OR.PA-press-2024-02-08-2024-02-08-gdelt-news-highlights-top-com""]",,
OR.PA-press-noise-301,OR.PA,press,precursor,-1,outsider_only,untagged,1,True,Shipping overcapacity is expected to cause a steep drop in profit for the world's shipping bellwether.,"[""OR.PA-press-2024-02-08-2024-02-08-gdelt-news-highlights-top-com""]",,
OR.PA-press-noise-300,OR.PA,press,consequence,-1,outsider_only,untagged,1,True,Market softness in mainland China led to a 5.8% slump in North Asia revenue for the company.,"[""OR.PA-press-2024-02-08-2024-02-08-gdelt-news-highlights-top-com""]",,
OR.PA-press-noise-299,OR.PA,press,consequence,1,outsider_only,untagged,1,True,"Price increases offset a decline in volume for Kellanova, leading to better-than-expected fourth-quarter profit.","[""OR.PA-press-2024-02-08-2024-02-08-gdelt-news-highlights-top-com""]",,
OR.PA-press-noise-298,OR.PA,press,consequence,-1,outsider_only,untagged,1,True,Market softness in mainland China led to a revenue decline in North Asia in 2023.,"[""OR.PA-press-2024-02-08-2024-02-08-gdelt-loreal-sales-profit-mis""]",,
OR.PA-press-noise-297,OR.PA,press,consequence,1,outsider_only,untagged,1,True,Strong performance in Latin America contributed to sales growth in 2023.,"[""OR.PA-press-2024-02-08-2024-02-08-gdelt-loreal-sales-profit-mis""]",,
OR.PA-press-noise-296,OR.PA,press,consequence,1,outsider_only,untagged,1,True,Revenue growth in North America was driven by dermatological beauty and L'Oreal Luxe in 2023.,"[""OR.PA-press-2024-02-08-2024-02-08-gdelt-loreal-sales-profit-mis""]",,
OR.PA-press-noise-295,OR.PA,press,consequence,1,outsider_only,untagged,1,True,Dynamic beauty market in Europe drove sales growth in 2023.,"[""OR.PA-press-2024-02-08-2024-02-08-gdelt-loreal-sales-profit-mis""]",,
OR.PA-press-noise-294,OR.PA,press,precursor,1,outsider_only,untagged,1,True,L'Oreal expects to outperform the market in 2024.,"[""OR.PA-press-2024-02-08-2024-02-08-gdelt-loreal-sales-profit-mis""]",,
OR.PA-press-noise-293,OR.PA,press,consequence,1,outsider_only,untagged,1,True,The recent surge in L'Oreal's share price has increased Francoise Bettencourt Meyers' wealth.,"[""OR.PA-press-2023-12-29-2023-12-29-gdelt-loreal-heiress-francois""]",,
OR.PA-press-noise-292,OR.PA,press,precursor,-1,outsider_only,untagged,1,True,Multinationals offering deep discounts and gifts during peak shopping events are not effectively boosting sales.,"[""OR.PA-press-2023-12-08-2023-12-08-gdelt-in-china-slowing-beauty""]",,
OR.PA-press-noise-291,OR.PA,press,precursor,-1,outsider_only,untagged,1,True,Shiseido reduced its full-year profit forecast in November due to slower China demand.,"[""OR.PA-press-2023-12-08-2023-12-08-gdelt-in-china-slowing-beauty""]",,
OR.PA-press-noise-290,OR.PA,press,consequence,-1,outsider_only,untagged,1,True,LVMH's beauty division saw an 8% decline in first-half China sales in 2023.,"[""OR.PA-press-2023-12-08-2023-12-08-gdelt-in-china-slowing-beauty""]",,
OR.PA-press-noise-289,OR.PA,press,precursor,1,outsider_only,untagged,1,True,Local Chinese brands are benefiting from the shift in consumer preferences towards high-efficacy products.,"[""OR.PA-press-2023-12-08-2023-12-08-gdelt-in-china-slowing-beauty""]",,
OR.PA-press-noise-288,OR.PA,press,precursor,-1,outsider_only,untagged,1,True,Multinational beauty brands are struggling due to their slowness to adjust to the shifting priorities of Chinese consume,"[""OR.PA-press-2023-12-08-2023-12-08-gdelt-in-china-slowing-beauty""]",,
OR.PA-press-noise-287,OR.PA,press,precursor,-1,outsider_only,untagged,1,True,"Namaste Laboratories LLC will continue to face charges in 5,400 cases in the US federal and state courts.","[""OR.PA-press-2023-11-16-2023-11-16-gdelt-two-dabur-india-subsidi""]",,
OR.PA-press-noise-286,OR.PA,press,consequence,1,outsider_only,untagged,1,True,"Dabur's two foreign subsidiaries, Dabur International and Dermoviva Skin Essentials, have been removed as defendants in ","[""OR.PA-press-2023-11-16-2023-11-16-gdelt-two-dabur-india-subsidi""]",,
OR.PA-press-noise-285,OR.PA,press,precursor,-1,outsider_only,untagged,1,True,North American strikes and flailing Chinese demand affecting Stellantis.,"[""OR.PA-press-2023-11-11-2023-11-11-gdelt-weekly-market-wrap-euro""]",,
OR.PA-press-noise-284,OR.PA,press,precursor,-1,outsider_only,untagged,1,True,Weaker-than-expected sales for Pernod Ricard’s FY2024 first quarter and exploration of divestment options for some of it,"[""OR.PA-press-2023-11-11-2023-11-11-gdelt-weekly-market-wrap-euro""]",,
OR.PA-press-noise-283,OR.PA,press,precursor,-1,outsider_only,untagged,1,True,Mining accident in Kazakhstan and legal battle with Liberty Steel over unpaid debt.,"[""OR.PA-press-2023-11-11-2023-11-11-gdelt-weekly-market-wrap-euro""]",,
OR.PA-press-noise-282,OR.PA,press,precursor,-1,outsider_only,untagged,1,True,Worldline’s outlook cut and drastic drop in consumer sentiment following a downbeat sales forecast.,"[""OR.PA-press-2023-11-11-2023-11-11-gdelt-weekly-market-wrap-euro""]",,
OR.PA-press-noise-281,OR.PA,press,precursor,1,outsider_only,untagged,1,True,Sanofi’s venture into artificial-intelligence led drug discovery.,"[""OR.PA-press-2023-11-11-2023-11-11-gdelt-weekly-market-wrap-euro""]",,
OR.PA-press-noise-280,OR.PA,press,precursor,1,outsider_only,untagged,1,True,L’Oreal’s investments in green sciences and increased confidence in Chinese consumer demand rebounding.,"[""OR.PA-press-2023-11-11-2023-11-11-gdelt-weekly-market-wrap-euro""]",,
OR.PA-press-noise-279,OR.PA,press,precursor,1,outsider_only,untagged,1,True,Increased confidence in Thales' naval technology and investment in Space Smart factory.,"[""OR.PA-press-2023-11-11-2023-11-11-gdelt-weekly-market-wrap-euro""]",,
OR.PA-press-noise-278,OR.PA,press,precursor,1,outsider_only,untagged,1,True,Schneider Electric's announcement of medium term targets and expansion of partnership with Compass Datacenters.,"[""OR.PA-press-2023-11-11-2023-11-11-gdelt-weekly-market-wrap-euro""]",,
OR.PA-press-noise-277,OR.PA,press,precursor,-1,outsider_only,untagged,1,True,Hawkish comments from US Federal Reserve chair Jerome Powell indicating that rate cuts may not be on the agenda yet.,"[""OR.PA-press-2023-11-11-2023-11-11-gdelt-weekly-market-wrap-euro""]",,
OR.PA-press-noise-276,OR.PA,press,precursor,-1,outsider_only,untagged,1,True,More companies missing earnings estimates and warning about lower full-year profits.,"[""OR.PA-press-2023-11-11-2023-11-11-gdelt-weekly-market-wrap-euro""]",,
OR.PA-press-noise-275,OR.PA,press,precursor,1,outsider_only,untagged,1,True,"e.l.f. Beauty's international sales were up 157% in the last quarter, indicating potential for continued growth.","[""OR.PA-press-2023-11-06-2023-11-06-gdelt-is-it-too-late-to-buy-e""]",,
OR.PA-press-noise-274,OR.PA,press,precursor,1,outsider_only,untagged,1,True,e.l.f. Beauty's ability to earn high margins on revenue has contributed to its strong stock performance.,"[""OR.PA-press-2023-11-06-2023-11-06-gdelt-is-it-too-late-to-buy-e""]",,
OR.PA-press-noise-273,OR.PA,press,consequence,1,outsider_only,untagged,1,True,e.l.f. Beauty's net sales grew 76% year over year in the fiscal second quarter ending in September.,"[""OR.PA-press-2023-11-06-2023-11-06-gdelt-is-it-too-late-to-buy-e""]",,
OR.PA-press-noise-272,OR.PA,press,precursor,1,outsider_only,untagged,1,True,e.l.f. Beauty's understanding of its customers and effective use of social media advertising has driven its robust growt,"[""OR.PA-press-2023-11-06-2023-11-06-gdelt-is-it-too-late-to-buy-e""]",,
OR.PA-press-noise-271,OR.PA,press,precursor,1,outsider_only,untagged,1,True,The major European stocks closed slightly higher on Wednesday with investors largely digesting quarterly earnings update,"[""OR.PA-press-2023-10-25-2023-10-25-gdelt-major-european-markets-""]",,
OR.PA-press-noise-270,OR.PA,press,consequence,1,outsider_only,untagged,1,True,L'oreal India's increased advertising spend in FY23.,"[""OR.PA-press-2023-10-25-2023-10-25-gdelt-loreal-india-spends-rs-""]",,
OR.PA-press-noise-269,OR.PA,press,precursor,-1,outsider_only,untagged,1,True,The recent growth of Chinese cosmetic brands adapting to local consumer preferences is expected to impact L'Oreal's mark,"[""OR.PA-press-2023-10-18-2023-10-18-gdelt-fears-that-china-boost-""]",,
OR.PA-press-noise-268,OR.PA,press,precursor,1,outsider_only,untagged,1,True,The expected increase in purchases of L'Oreal's skincare and cosmetics labels in China is likely to give a solid lift to,"[""OR.PA-press-2023-10-18-2023-10-18-gdelt-fears-that-china-boost-""]",,
OR.PA-press-noise-267,OR.PA,press,precursor,1,outsider_only,untagged,1,True,Coty's plan to use the proceeds from the global offering to lower debt.,"[""OR.PA-press-2023-09-25-2023-09-25-gdelt-cosmetics-maker-coty-su""]",,
OR.PA-press-noise-266,OR.PA,press,precursor,1,outsider_only,untagged,1,True,Coty's decision to explore a dual listing on the Paris Stock Exchange to tap into European investor interest.,"[""OR.PA-press-2023-09-25-2023-09-25-gdelt-cosmetics-maker-coty-su""]",,
OR.PA-press-noise-265,OR.PA,press,consequence,1,outsider_only,untagged,1,True,L'Oreal's acquisition of 3CE Stylenanda in 2018.,"[""OR.PA-press-2023-09-01-2023-09-01-gdelt-loreal-korea-marking-30""]",,
OR.PA-press-noise-264,OR.PA,press,precursor,-1,outsider_only,untagged,1,True,"Coty forecast 2024 adjusted profit between 44 cents and 47 cents per share, compared to estimates of 48 cents.","[""OR.PA-press-2023-08-22-2023-08-22-gdelt-coty-forecasts-downbeat""]",,
OR.PA-press-noise-263,OR.PA,press,consequence,-1,outsider_only,untagged,1,True,"Coty reported a quarterly adjusted profit of 1 cent per share, missing estimates of 2 cents.","[""OR.PA-press-2023-08-22-2023-08-22-gdelt-coty-forecasts-downbeat""]",,
OR.PA-press-noise-262,OR.PA,press,precursor,-1,outsider_only,untagged,1,True,A tight labor market is exacerbating the drag of persistent inflation on production costs for major global companies.,"[""OR.PA-press-2023-08-22-2023-08-22-gdelt-coty-forecasts-downbeat""]",,
OR.PA-press-noise-261,OR.PA,press,precursor,-1,outsider_only,untagged,1,True,Steeper input expenses in the first half of the year are expected to negatively impact Coty's annual profit.,"[""OR.PA-press-2023-08-22-2023-08-22-gdelt-coty-forecasts-downbeat""]",,
OR.PA-press-noise-260,OR.PA,press,precursor,-1,outsider_only,untagged,1,True,De-stocking and inventory levels in Asian Travel Retail.,"[""OR.PA-press-2023-08-18-2023-08-18-gdelt-estee-lauder-forecasts-""]",,
OR.PA-press-noise-259,OR.PA,press,precursor,-1,outsider_only,untagged,1,True,Softness in North America.,"[""OR.PA-press-2023-08-18-2023-08-18-gdelt-estee-lauder-forecasts-""]",,
OR.PA-press-noise-258,OR.PA,press,precursor,1,outsider_only,untagged,1,True,"Revenue at Tapestry is expected to rise and that at Ralph Lauren to drop marginally, while profits at both companies are","[""OR.PA-press-2023-08-10-2023-08-10-gdelt-china-uneven-recovery-m""]",,
OR.PA-press-noise-257,OR.PA,press,precursor,-1,outsider_only,untagged,1,True,"Capri is expected to show an 11.7 per cent decline in first-quarter revenues, with net income falling more than 57 per c","[""OR.PA-press-2023-08-10-2023-08-10-gdelt-china-uneven-recovery-m""]",,
OR.PA-press-noise-256,OR.PA,press,precursor,-1,outsider_only,untagged,1,True,Spending trends in Hainan – a top travel destination in China – appear softer than expected.,"[""OR.PA-press-2023-08-10-2023-08-10-gdelt-china-uneven-recovery-m""]",,
OR.PA-press-noise-255,OR.PA,press,precursor,-1,outsider_only,untagged,1,True,"Travel retail, or sales made at airports or travel destinations, is yet to recover fully from the pandemic slump.","[""OR.PA-press-2023-08-10-2023-08-10-gdelt-china-uneven-recovery-m""]",,
OR.PA-press-noise-254,OR.PA,press,precursor,-1,outsider_only,untagged,1,True,The world’s second-largest economy’s consumer sector fell into deflation in July for the first time since February 2021.,"[""OR.PA-press-2023-08-10-2023-08-10-gdelt-china-uneven-recovery-m""]",,
OR.PA-press-noise-253,OR.PA,press,precursor,-1,outsider_only,untagged,1,True,The frail recovery in China has been highlighted by companies ranging from Procter & Gamble to L’Oreal amid record high ,"[""OR.PA-press-2023-08-10-2023-08-10-gdelt-china-uneven-recovery-m""]",,
OR.PA-press-noise-252,OR.PA,press,consequence,1,outsider_only,untagged,1,True,LVMH reports a 17% rise in global second-quarter sales due to rebound in China.,"[""OR.PA-press-2023-08-03-2023-08-03-gdelt-global-firms-warn-of-sl""]",,
OR.PA-press-noise-251,OR.PA,press,consequence,1,outsider_only,untagged,1,True,Marriott reports a 125% rise in quarterly room revenue in China.,"[""OR.PA-press-2023-08-03-2023-08-03-gdelt-global-firms-warn-of-sl""]",,
OR.PA-press-noise-250,OR.PA,press,precursor,-1,outsider_only,untagged,1,True,Prolonged property sector slump affecting top miners and heavy machinery makers.,"[""OR.PA-press-2023-08-03-2023-08-03-gdelt-global-firms-warn-of-sl""]",,
OR.PA-press-noise-249,OR.PA,press,precursor,-1,outsider_only,untagged,1,True,Chipmakers extend production cuts due to lack of revival in the smartphone market.,"[""OR.PA-press-2023-08-03-2023-08-03-gdelt-global-firms-warn-of-sl""]",,
OR.PA-press-noise-248,OR.PA,press,consequence,-1,outsider_only,untagged,1,True,DHL Group reports drops in air and ocean freight volumes due to weak global demand.,"[""OR.PA-press-2023-08-03-2023-08-03-gdelt-global-firms-warn-of-sl""]",,
OR.PA-press-noise-247,OR.PA,press,precursor,-1,outsider_only,untagged,1,True,Increased competition from Chinese rivals affecting global automakers' sales in China.,"[""OR.PA-press-2023-08-03-2023-08-03-gdelt-global-firms-warn-of-sl""]",,
OR.PA-press-noise-246,OR.PA,press,precursor,-1,outsider_only,untagged,1,True,Weak manufacturing data in July indicating the economy is far from turning a corner.,"[""OR.PA-press-2023-08-03-2023-08-03-gdelt-global-firms-warn-of-sl""]",,
OR.PA-press-noise-245,OR.PA,press,precursor,-1,outsider_only,untagged,1,True,"High unemployment in China, particularly youth unemployment, affecting consumer confidence.","[""OR.PA-press-2023-08-03-2023-08-03-gdelt-global-firms-warn-of-sl""]",,
OR.PA-press-noise-244,OR.PA,press,consequence,1,outsider_only,untagged,1,True,"Limited rebound in sectors such as travel, dining, and luxury goods.","[""OR.PA-press-2023-08-03-2023-08-03-gdelt-global-firms-warn-of-sl""]",,
OR.PA-press-noise-243,OR.PA,press,consequence,1,outsider_only,untagged,1,True,"China performed exceptionally well in 2022, with six times the market growth.","[""OR.PA-press-2023-07-13-2023-07-13-gdelt-loreal-dermatological-b""]",,
OR.PA-press-noise-242,OR.PA,press,precursor,1,outsider_only,untagged,1,True,"The president of L'Oreal's Dermatological Beauty Division is optimistic about the department's outlook, expecting contin","[""OR.PA-press-2023-07-13-2023-07-13-gdelt-loreal-dermatological-b""]",,
OR.PA-press-noise-241,OR.PA,press,consequence,1,outsider_only,untagged,1,True,The Dermatological Beauty Division contributed 13.4% to total 2022 sales and recorded the highest profit at 25.4% of div,"[""OR.PA-press-2023-07-13-2023-07-13-gdelt-loreal-dermatological-b""]",,
OR.PA-press-noise-240,OR.PA,press,precursor,1,outsider_only,untagged,1,True,"The Dermatological Beauty Division of L'Oreal has seen a 31% growth in Q1 2023, driven by increased demand for specialis","[""OR.PA-press-2023-07-13-2023-07-13-gdelt-loreal-dermatological-b""]",,
OR.PA-press-noise-239,OR.PA,press,precursor,1,outsider_only,untagged,1,True,"A drop in Russian crude production is signaling the end of the market’s supply glut, causing oil prices to rise.","[""OR.PA-press-2023-07-11-2023-07-11-gdelt-china-stimulus-lifts-st""]",,
OR.PA-press-noise-238,OR.PA,press,precursor,1,outsider_only,untagged,1,True,"The second-quarter earnings season, along with policy cues, will influence whether the premiums for the S&P 500's larges","[""OR.PA-press-2023-07-11-2023-07-11-gdelt-china-stimulus-lifts-st""]",,
OR.PA-press-noise-237,OR.PA,press,consequence,1,outsider_only,untagged,1,True,"The S&P 500 has gained more than 20% since it bottomed out in October, placing it up about 15% since the peak CPI data w","[""OR.PA-press-2023-07-11-2023-07-11-gdelt-china-stimulus-lifts-st""]",,
OR.PA-press-noise-236,OR.PA,press,consequence,1,outsider_only,untagged,1,True,Inflation peaks have almost always been followed by double-digit equity gains.,"[""OR.PA-press-2023-07-11-2023-07-11-gdelt-china-stimulus-lifts-st""]",,
OR.PA-press-noise-235,OR.PA,press,consequence,1,outsider_only,untagged,1,True,"The Fed's monetary policy has caused a steady pullback in CPI, supporting the stock market's surge this year.","[""OR.PA-press-2023-07-11-2023-07-11-gdelt-china-stimulus-lifts-st""]",,
OR.PA-press-noise-234,OR.PA,press,precursor,1,outsider_only,untagged,1,True,China's additional economic stimulus measures are expected to revive its economy.,"[""OR.PA-press-2023-07-11-2023-07-11-gdelt-china-stimulus-lifts-st""]",,
OR.PA-press-noise-233,OR.PA,press,precursor,-1,outsider_only,untagged,1,True,"Estee Lauder's brands skew toward older customers, while millennials and Gen-Z increase their share of beauty spending.","[""OR.PA-press-2023-05-04-2023-05-04-gdelt-estee-lauder-sinks-afte""]",,
OR.PA-press-noise-232,OR.PA,press,precursor,-1,outsider_only,untagged,1,True,Growth of smaller competitors in the beauty space has taken share gains away from Estee Lauder.,"[""OR.PA-press-2023-05-04-2023-05-04-gdelt-estee-lauder-sinks-afte""]",,
OR.PA-press-noise-231,OR.PA,press,precursor,1,outsider_only,untagged,1,True,AMD's optimism that the chip market would start to recover in the second half of 2023.,"[""OR.PA-press-2023-05-03-2023-05-03-gdelt-market-movers-stocks-se""]",,
OR.PA-press-noise-230,OR.PA,press,consequence,-1,outsider_only,untagged,1,True,Weak PC market impacted AMD's quarterly sales forecast.,"[""OR.PA-press-2023-05-03-2023-05-03-gdelt-market-movers-stocks-se""]",,
OR.PA-press-noise-229,OR.PA,press,precursor,-1,outsider_only,untagged,1,True,Higher industrywide customer incentives as vehicle supply-and-demand rebalances will be a headwind for profitability.,"[""OR.PA-press-2023-05-03-2023-05-03-gdelt-market-movers-stocks-se""]",,
OR.PA-press-noise-228,OR.PA,press,precursor,-1,outsider_only,untagged,1,True,Continued losses in Ford's electric-vehicle unit are expected to impact full-year outlook.,"[""OR.PA-press-2023-05-03-2023-05-03-gdelt-market-movers-stocks-se""]",,
OR.PA-press-noise-227,OR.PA,press,consequence,1,outsider_only,untagged,1,True,Strong demand for trucks and SUVs drove Ford's robust first-quarter revenue and profit.,"[""OR.PA-press-2023-05-03-2023-05-03-gdelt-market-movers-stocks-se""]",,
OR.PA-press-noise-226,OR.PA,press,precursor,-1,outsider_only,untagged,1,True,Moderate growth in average weekly sales in China due to uncertainty about consumer behavior and international travel.,"[""OR.PA-press-2023-05-03-2023-05-03-gdelt-market-movers-stocks-se""]",,
OR.PA-press-noise-225,OR.PA,press,consequence,1,outsider_only,untagged,1,True,Sharp recovery in business in China powered by consumer mobility and spending.,"[""OR.PA-press-2023-05-03-2023-05-03-gdelt-market-movers-stocks-se""]",,
OR.PA-press-noise-224,OR.PA,press,precursor,-1,outsider_only,untagged,1,True,Aritzia's moderating sales growth and an uncertain macro backdrop are expected to impact its performance.,"[""OR.PA-press-2023-05-03-2023-05-03-gdelt-market-movers-stocks-se""]",,
OR.PA-press-noise-223,OR.PA,press,precursor,-1,outsider_only,untagged,1,True,Aritzia's shift to a period of infrastructure investment is expected to weigh on F2024E EBITDA.,"[""OR.PA-press-2023-05-03-2023-05-03-gdelt-market-movers-stocks-se""]",,
OR.PA-press-noise-222,OR.PA,press,consequence,1,outsider_only,untagged,1,True,"High food inflation, shift to discount, market share gains, and strong Rx and front-store growth drove Loblaw's first-qu","[""OR.PA-press-2023-05-03-2023-05-03-gdelt-market-movers-stocks-se""]",,
OR.PA-press-noise-221,OR.PA,press,precursor,-1,outsider_only,untagged,1,True,The cost of materials in Loblaw's food segment continued to increase faster than the price hikes taken by the retailer.,"[""OR.PA-press-2023-05-03-2023-05-03-gdelt-market-movers-stocks-se""]",,
OR.PA-press-noise-220,OR.PA,press,consequence,1,outsider_only,untagged,1,True,"Loblaw Companies Ltd. reported first-quarter sales rose 6 per cent, helped by strong demand for essential goods.","[""OR.PA-press-2023-05-03-2023-05-03-gdelt-market-movers-stocks-se""]",,
OR.PA-press-noise-219,OR.PA,press,consequence,1,outsider_only,untagged,1,True,Kraft Heinz raised its full-year profit forecast due to price hikes and resilient demand.,"[""OR.PA-press-2023-05-03-2023-05-03-gdelt-market-movers-stocks-se""]",,
OR.PA-press-noise-218,OR.PA,press,consequence,1,outsider_only,untagged,1,True,Positive results from Eli Lilly and Co.'s experimental Alzheimer’s drug donanemab.,"[""OR.PA-press-2023-05-03-2023-05-03-gdelt-market-movers-stocks-se""]",,
OR.PA-press-noise-217,OR.PA,press,consequence,-1,outsider_only,untagged,1,True,Lower lumber prices impacted Canfor Corp.'s first-quarter results.,"[""OR.PA-press-2023-05-03-2023-05-03-gdelt-market-movers-stocks-se""]",,
OR.PA-press-noise-216,OR.PA,press,consequence,-1,outsider_only,untagged,1,True,Harsh winter impacted Barrick Gold Corp.'s northern Nevada operations and annual maintenance weighed on output at its Go,"[""OR.PA-press-2023-05-03-2023-05-03-gdelt-market-movers-stocks-se""]",,
OR.PA-press-noise-215,OR.PA,press,consequence,1,outsider_only,untagged,1,True,"Average prices of gold rose 7.8 per cent and peaked over the US$2,000-mark during the reported quarter.","[""OR.PA-press-2023-05-03-2023-05-03-gdelt-market-movers-stocks-se""]",,
OR.PA-press-noise-214,OR.PA,press,consequence,1,outsider_only,untagged,1,True,Higher gold prices and lower production impacted Barrick Gold Corp.'s first-quarter profit.,"[""OR.PA-press-2023-05-03-2023-05-03-gdelt-market-movers-stocks-se""]",,
OR.PA-press-noise-213,OR.PA,press,consequence,-1,outsider_only,untagged,1,True,Yum Brands' aggressive promotional offers and value meal deals have drawn in consumers but pinched the company’s profits,"[""OR.PA-press-2023-05-03-2023-05-03-gdelt-market-movers-stocks-se""]",,
OR.PA-press-noise-212,OR.PA,press,precursor,1,outsider_only,untagged,1,True,AMD CEO Lisa Su stated that the first quarter was the bottom of the market for the company’s PC business and the industr,"[""OR.PA-press-2023-05-03-2023-05-03-gdelt-market-movers-stocks-se""]",,
OR.PA-press-noise-211,OR.PA,press,precursor,1,outsider_only,untagged,1,True,"The luxury sector is expected to grow between 5 and 10 percent in 2023, driven by strong momentum in China and the Unite","[""OR.PA-press-2023-04-23-2023-04-23-gdelt-lor-al-latest-acquisiti""]",,
OR.PA-press-noise-210,OR.PA,press,precursor,1,outsider_only,untagged,1,True,"The rise of social media has been a big catalyst for luxury goods sales, contributing to a broader democratization of lu","[""OR.PA-press-2023-04-23-2023-04-23-gdelt-lor-al-latest-acquisiti""]",,
OR.PA-press-noise-209,OR.PA,press,precursor,1,outsider_only,untagged,1,True,HSBC launched a newly upgraded HSBC Premier proposition to target affluent and high-net-worth customers in Taiwan.,"[""OR.PA-press-2023-04-20-2023-04-20-gdelt-world-business-quick-ta""]",,
OR.PA-press-noise-208,OR.PA,press,precursor,1,outsider_only,untagged,1,True,"IBM gave a forecast for annual revenue in line with analysts’ projections, signaling cautiously optimistic technology sp","[""OR.PA-press-2023-04-20-2023-04-20-gdelt-world-business-quick-ta""]",,
OR.PA-press-noise-207,OR.PA,press,consequence,-1,outsider_only,untagged,1,True,"Economic headwinds affected spending by Nokia Oyj's customers, leading to a lower-than-expected rise in earnings.","[""OR.PA-press-2023-04-20-2023-04-20-gdelt-world-business-quick-ta""]",,
OR.PA-press-noise-206,OR.PA,press,consequence,-1,outsider_only,untagged,1,True,US authorities imposed a US$300 million penalty on Seagate Technology Holdings PLC for alleged contraventions of export ,"[""OR.PA-press-2023-04-20-2023-04-20-gdelt-world-business-quick-ta""]",,
OR.PA-press-noise-205,OR.PA,press,precursor,1,outsider_only,untagged,1,True,"A firmer yen and falling commodity prices, including oil, curbed import costs.","[""OR.PA-press-2023-04-20-2023-04-20-gdelt-world-business-quick-ta""]",,
OR.PA-press-noise-204,OR.PA,press,precursor,1,outsider_only,untagged,1,True,"The price of fuel eased and brought down import costs, leading to a narrower trade deficit.","[""OR.PA-press-2023-04-20-2023-04-20-gdelt-world-business-quick-ta""]",,
OR.PA-press-noise-203,OR.PA,press,precursor,1,outsider_only,untagged,1,True,"The acquisition of Aesop by L'Oréal marks a shift in L'Oréal's M&A strategy, having typically targeted brands at an earl","[""OR.PA-press-2023-04-04-2023-04-04-gdelt-loreal-to-buy-skin-care""]",,
OR.PA-press-noise-202,OR.PA,press,consequence,1,outsider_only,untagged,1,True,Aesop's gross sales increased significantly under Natura & Co's ownership.,"[""OR.PA-press-2023-04-04-2023-04-04-gdelt-loreal-buys-australian-""]",,
OR.PA-press-noise-201,OR.PA,press,precursor,1,outsider_only,untagged,1,True,The relatively low price-to-earnings ratio of the CAC 40 Index is encouraging fund managers that the gains for the broad,"[""OR.PA-press-2023-02-18-2023-02-18-gdelt-luxury-golden-age-makes""]",,
OR.PA-press-noise-200,OR.PA,press,precursor,1,outsider_only,untagged,1,True,The low valuations and rising interest rates in France's banking sector are making it increasingly attractive.,"[""OR.PA-press-2023-02-18-2023-02-18-gdelt-luxury-golden-age-makes""]",,
OR.PA-press-noise-199,OR.PA,press,precursor,1,outsider_only,untagged,1,True,"The relentless momentum behind luxury-goods producers LVMH, Kering, and Hermes International is fueling the rise of Fren","[""OR.PA-press-2023-02-18-2023-02-18-gdelt-luxury-golden-age-makes""]",,
OR.PA-press-noise-198,OR.PA,press,precursor,1,outsider_only,untagged,1,True,Underlying earnings per share in constant currency is expected to rise between six and 10 percent in 2023.,"[""OR.PA-press-2023-02-16-2023-02-16-gdelt-inflation-nibbles-at-ne""]",,
OR.PA-press-noise-197,OR.PA,press,consequence,-1,outsider_only,untagged,1,True,Inflation nibbled at Nestle's margins.,"[""OR.PA-press-2023-02-16-2023-02-16-gdelt-inflation-nibbles-at-ne""]",,
OR.PA-press-noise-196,OR.PA,press,consequence,-1,outsider_only,untagged,1,True,Asset disposals in 2021 led to a deceptive comparison in net profits for 2022.,"[""OR.PA-press-2023-02-16-2023-02-16-gdelt-inflation-nibbles-at-ne""]",,
OR.PA-press-noise-195,OR.PA,press,consequence,-1,outsider_only,untagged,1,True,"Inflation surged to unprecedented levels, impacting Nestlé's margins.","[""OR.PA-press-2023-02-16-2023-02-16-gdelt-inflation-nibbles-at-ne""]",,
OR.PA-press-noise-194,OR.PA,press,consequence,1,outsider_only,untagged,1,True,"Union Pacific Corporation (NYSE:UNP) declared a quarterly dividend of $1.30 per share, consistent with its previous divi","[""OR.PA-press-2023-02-16-2023-02-16-gdelt-billionaire-ken-fisher-""]",,
OR.PA-press-noise-193,OR.PA,press,consequence,1,outsider_only,untagged,1,True,Johnson & Johnson (NYSE:JNJ) has been raising its payouts for the past 61 years consistently.,"[""OR.PA-press-2023-02-16-2023-02-16-gdelt-billionaire-ken-fisher-""]",,
OR.PA-press-noise-192,OR.PA,press,consequence,1,outsider_only,untagged,1,True,"NIKE, Inc. (NYSE:NKE) declared a quarterly dividend of $0.34 per share, consistent with its previous dividend.","[""OR.PA-press-2023-02-16-2023-02-16-gdelt-billionaire-ken-fisher-""]",,
OR.PA-press-noise-191,OR.PA,press,precursor,-1,outsider_only,untagged,1,True,Abbott Laboratories (NYSE:ABT) faced difficult earnings comparisons due to the recall of certain infant formula products,"[""OR.PA-press-2023-02-16-2023-02-16-gdelt-billionaire-ken-fisher-""]",,
OR.PA-press-noise-190,OR.PA,press,consequence,1,outsider_only,untagged,1,True,Abbott Laboratories (NYSE:ABT) extended its dividend growth streak to 51 years.,"[""OR.PA-press-2023-02-16-2023-02-16-gdelt-billionaire-ken-fisher-""]",,
OR.PA-press-noise-189,OR.PA,press,precursor,-1,outsider_only,untagged,1,True,Zero-COVID policies in China have made it challenging for Starbucks to operate in this important market.,"[""OR.PA-press-2023-02-16-2023-02-16-gdelt-billionaire-ken-fisher-""]",,
OR.PA-press-noise-188,OR.PA,press,consequence,-1,outsider_only,untagged,1,True,Walmart Inc.'s recent profit warning and withdrawal of guidance led to a reduction in Wall Street's profit growth expect,"[""OR.PA-press-2023-02-16-2023-02-16-gdelt-billionaire-ken-fisher-""]",,
OR.PA-press-noise-187,OR.PA,press,precursor,1,outsider_only,untagged,1,True,Costco Wholesale Corporation's strong value proposition positions it well in a more challenging macro environment.,"[""OR.PA-press-2023-02-16-2023-02-16-gdelt-billionaire-ken-fisher-""]",,
OR.PA-press-noise-186,OR.PA,press,precursor,1,outsider_only,untagged,1,True,"Union Pacific Corporation's substantial infrastructure investments, relative cost advantages, limited leverage, and esse","[""OR.PA-press-2023-02-16-2023-02-16-gdelt-billionaire-ken-fisher-""]",,
OR.PA-press-noise-185,OR.PA,press,precursor,1,outsider_only,untagged,1,True,"Raytheon Technologies Corporation (NYSE:RTX) increased its dividend for the 29th consecutive year, reflecting its strong","[""OR.PA-press-2023-02-16-2023-02-16-gdelt-billionaire-ken-fisher-""]",,
OR.PA-press-noise-184,OR.PA,press,precursor,1,outsider_only,untagged,1,True,"NextEra Energy, Inc. (NYSE:NEE) raised its position by 1% in Q4 2022, indicating Fisher Asset Management's confidence in","[""OR.PA-press-2023-02-16-2023-02-16-gdelt-billionaire-ken-fisher-""]",,
OR.PA-press-noise-183,OR.PA,press,precursor,1,outsider_only,untagged,1,True,"3M Company (NYSE:MMM) declared a 0.7% hike in its quarterly dividend to $1.50 per share on February 7, 2023, marking its","[""OR.PA-press-2023-02-16-2023-02-16-gdelt-billionaire-ken-fisher-""]",,
OR.PA-press-noise-182,OR.PA,press,precursor,1,outsider_only,untagged,1,True,"Ken Fisher's hedge fund, Fisher Asset Management, increased its position in 3M Company (NYSE:MMM) by 0.7% in Q4 2022, re","[""OR.PA-press-2023-02-16-2023-02-16-gdelt-billionaire-ken-fisher-""]",,
OR.PA-press-noise-181,OR.PA,press,consequence,1,outsider_only,untagged,1,True,"A federal judge dismissed a class-action suit against Coinbase, leading to a 22% increase in its shares.","[""OR.PA-press-2023-02-04-2023-02-04-gdelt-who-got-rich-and-who-go""]",,
OR.PA-press-noise-180,OR.PA,press,consequence,1,outsider_only,untagged,1,True,"IRS updated its guidelines for defining a crossover or SUV, qualifying the Tesla Model Y for additional clean vehicle ta","[""OR.PA-press-2023-02-04-2023-02-04-gdelt-who-got-rich-and-who-go""]",,
OR.PA-press-noise-179,OR.PA,press,consequence,1,outsider_only,untagged,1,True,Tesla's better than expected fourth-quarter earnings led to a nearly 7% rise in its stock.,"[""OR.PA-press-2023-02-04-2023-02-04-gdelt-who-got-rich-and-who-go""]",,
OR.PA-press-noise-178,OR.PA,press,consequence,1,outsider_only,untagged,1,True,"Meta Platforms' latest earnings report exceeded analysts’ expectations, leading to a 23% increase in its share price.","[""OR.PA-press-2023-02-04-2023-02-04-gdelt-who-got-rich-and-who-go""]",,
OR.PA-press-noise-177,OR.PA,press,consequence,-1,outsider_only,untagged,1,True,Adani Group cancelled a $2.5 billion stock offering for Adani Enterprises following the allegations.,"[""OR.PA-press-2023-02-04-2023-02-04-gdelt-who-got-rich-and-who-go""]",,
OR.PA-press-noise-176,OR.PA,press,consequence,1,outsider_only,untagged,1,True,"Spend per buyer increased 12% over last year to $262, which signals satisfied customers. It's also partially due to the ","[""OR.PA-press-2022-12-08-2022-12-08-gdelt-down-more-than-70-in-20""]",,
OR.PA-press-noise-175,OR.PA,press,consequence,1,outsider_only,untagged,1,True,"After huge increases in 2020 and 2021, active buyers are holding steady at 4.2 million. That's still a slight increase o","[""OR.PA-press-2022-12-08-2022-12-08-gdelt-down-more-than-70-in-20""]",,
OR.PA-press-noise-174,OR.PA,press,consequence,1,outsider_only,untagged,1,True,"Sales increased 11% year over year in the 2022 third quarter, keeping it in the double digits. Adjusted earnings before ","[""OR.PA-press-2022-12-08-2022-12-08-gdelt-down-more-than-70-in-20""]",,
OR.PA-press-noise-173,OR.PA,press,consequence,-1,outsider_only,untagged,1,True,"The tech sector, however, really fell off a cliff in 2022. The Nasdaq-100 tech index, for example, is closing out the ye","[""OR.PA-press-2022-12-08-2022-12-08-gdelt-down-more-than-70-in-20""]",,
OR.PA-press-noise-172,OR.PA,press,precursor,-1,outsider_only,untagged,1,True,Sales of spirits are expected to slow as energy costs start to hit disposable income more significantly.,"[""OR.PA-press-2022-10-29-2022-10-29-gdelt-lipstick-effect-starts-""]",,
OR.PA-press-noise-171,OR.PA,press,precursor,1,outsider_only,untagged,1,True,Distillers have benefited from the fact that their products don’t make up a large portion of household spending.,"[""OR.PA-press-2022-10-29-2022-10-29-gdelt-lipstick-effect-starts-""]",,
OR.PA-press-noise-170,OR.PA,press,precursor,1,outsider_only,untagged,1,True,Spirit companies like Diageo and Pernod Ricard have benefited from the “lipstick effect” during economic turmoil.,"[""OR.PA-press-2022-10-29-2022-10-29-gdelt-lipstick-effect-starts-""]",,
OR.PA-press-noise-169,OR.PA,press,consequence,-1,outsider_only,untagged,1,True,Sales of Nestle’s premium Nespresso coffee pods fell this year as customers are opting for cheaper products.,"[""OR.PA-press-2022-10-29-2022-10-29-gdelt-lipstick-effect-starts-""]",,
OR.PA-press-noise-168,OR.PA,press,consequence,-1,outsider_only,untagged,1,True,"Olaplex Holdings Inc. downgraded its outlook, causing shares to plunge 57 per cent.","[""OR.PA-press-2022-10-29-2022-10-29-gdelt-lipstick-effect-starts-""]",,
OR.PA-press-noise-167,OR.PA,press,precursor,1,outsider_only,untagged,1,True,Having a range of products at different price points has helped cushion the financial blow for large companies.,"[""OR.PA-press-2022-10-29-2022-10-29-gdelt-lipstick-effect-starts-""]",,
OR.PA-press-noise-166,OR.PA,press,precursor,-1,outsider_only,untagged,1,True,More than one in five consumers in Europe expect to spend less on make-up and skincare in the coming months.,"[""OR.PA-press-2022-10-29-2022-10-29-gdelt-lipstick-effect-starts-""]",,
OR.PA-press-noise-165,OR.PA,press,consequence,1,outsider_only,untagged,1,True,High inflation has pushed up sales in dollar terms for face care items.,"[""OR.PA-press-2022-10-29-2022-10-29-gdelt-lipstick-effect-starts-""]",,
OR.PA-press-noise-164,OR.PA,press,precursor,1,outsider_only,untagged,1,True,Machine learning analysis predicts a 71% chance of a rise in L’Oreal stock over the next month based on historical stock,"[""OR.PA-press-2022-09-07-2022-09-07-gdelt-loreal-stock-poised-for""]",,
OR.PA-press-noise-163,OR.PA,press,consequence,1,outsider_only,untagged,1,True,"L’Oreal’s first-half 2022 sales report showed a 21% increase in revenue to $18.2 billion, driven by a rise in active cos","[""OR.PA-press-2022-09-07-2022-09-07-gdelt-loreal-stock-poised-for""]",,
OR.PA-press-noise-162,OR.PA,press,consequence,-1,outsider_only,untagged,1,True,"The removal of the de minimis exemption on small packages in the US led to a slowdown in sales for the retailer, resulti","[""OR.PA-press-2022-08-25-2022-08-25-gdelt-coty-rides-beauty-boom-""]",,
OR.PA-press-noise-161,OR.PA,press,precursor,1,outsider_only,untagged,1,True,"As renewable penetration rises globally, the need for cost-effective, scalable storage solutions will only intensify.","[""OR.PA-press-2022-08-09-2022-08-09-gdelt-insights-on-global-skin""]",,
OR.PA-press-noise-160,OR.PA,press,consequence,-1,outsider_only,untagged,1,True,Increase in income tax rate.,"[""OR.PA-press-2022-07-28-2022-07-28-gdelt-lor-al-lor-al-news-rele""]",,
OR.PA-press-noise-159,OR.PA,press,consequence,1,outsider_only,untagged,1,True,Increase in Sanofi dividends.,"[""OR.PA-press-2022-07-28-2022-07-28-gdelt-lor-al-lor-al-news-rele""]",,
OR.PA-press-noise-158,OR.PA,press,consequence,-1,outsider_only,untagged,1,True,Decrease in profitability of the Active Cosmetics Division.,"[""OR.PA-press-2022-07-28-2022-07-28-gdelt-lor-al-lor-al-news-rele""]",,
OR.PA-press-noise-157,OR.PA,press,consequence,1,outsider_only,untagged,1,True,"Decrease in selling, general and administrative expenses as a percentage of sales.","[""OR.PA-press-2022-07-28-2022-07-28-gdelt-lor-al-lor-al-news-rele""]",,
OR.PA-press-noise-156,OR.PA,press,consequence,1,outsider_only,untagged,1,True,Decrease in promotion expenses as a percentage of sales.,"[""OR.PA-press-2022-07-28-2022-07-28-gdelt-lor-al-lor-al-news-rele""]",,
OR.PA-press-noise-155,OR.PA,press,precursor,-1,outsider_only,untagged,1,True,Relocation of the Asian Travel Retail business unit (future impact).,"[""OR.PA-press-2022-07-28-2022-07-28-gdelt-lor-al-lor-al-news-rele""]",,
OR.PA-press-noise-154,OR.PA,press,consequence,1,outsider_only,untagged,1,True,Relocation of the Asian Travel Retail business unit.,"[""OR.PA-press-2022-07-28-2022-07-28-gdelt-lor-al-lor-al-news-rele""]",,
OR.PA-press-noise-153,OR.PA,press,consequence,1,outsider_only,untagged,1,True,Positive impact of currency fluctuations.,"[""OR.PA-press-2022-07-28-2022-07-28-gdelt-lor-al-lor-al-news-rele""]",,
OR.PA-press-noise-152,OR.PA,press,consequence,1,outsider_only,untagged,1,True,Success of the third employee share ownership plan.,"[""OR.PA-press-2022-07-28-2022-07-28-gdelt-lor-al-lor-al-news-rele""]",,
OR.PA-press-noise-151,OR.PA,press,consequence,1,outsider_only,untagged,1,True,Carbon neutrality across all sites in the North Asia Zone.,"[""OR.PA-press-2022-07-28-2022-07-28-gdelt-lor-al-lor-al-news-rele""]",,
OR.PA-press-noise-150,OR.PA,press,precursor,-1,outsider_only,untagged,1,True,Higher raw material prices and supply chain pressures.,"[""OR.PA-press-2022-07-28-2022-07-28-gdelt-lor-al-lor-al-news-rele""]",,
OR.PA-press-noise-149,OR.PA,press,consequence,1,outsider_only,untagged,1,True,"The strong performance of the Consumer Products Division in Latin America, driven by Mexico, Brazil, and Chile.","[""OR.PA-press-2022-07-28-2022-07-28-gdelt-lor-al-lor-al-news-rele""]",,
OR.PA-press-noise-148,OR.PA,press,consequence,1,outsider_only,untagged,1,True,The lifting of public health restrictions in the majority of countries led to a dynamic European beauty market in the fi,"[""OR.PA-press-2022-07-28-2022-07-28-gdelt-lor-al-lor-al-news-rele""]",,
OR.PA-press-noise-147,OR.PA,press,consequence,-1,outsider_only,untagged,1,True,IPG Photonics Corporation having outsized exposure to the Russian market and supply chain disruptions due to the war.,"[""OR.PA-press-2022-07-08-2022-07-08-gdelt-russia-ukraine-war-is-c""]",,
OR.PA-press-noise-146,OR.PA,press,precursor,-1,outsider_only,untagged,1,True,"Mohawk Industries, Inc.'s supply of laminate produced in Russia has been affected due to Western sanctions on Moscow, hi","[""OR.PA-press-2022-07-08-2022-07-08-gdelt-russia-ukraine-war-is-c""]",,
OR.PA-press-noise-145,OR.PA,press,precursor,-1,outsider_only,untagged,1,True,"Coty Inc.'s sales in Russia have been directly affected by Western sanctions, resulting in a substantial loss in revenue","[""OR.PA-press-2022-07-08-2022-07-08-gdelt-russia-ukraine-war-is-c""]",,
OR.PA-press-noise-144,OR.PA,press,precursor,-1,outsider_only,untagged,1,True,"The Russian invasion of Ukraine has disrupted business activity in the region and led to Western sanctions on Moscow, di","[""OR.PA-press-2022-07-08-2022-07-08-gdelt-russia-ukraine-war-is-c""]",,
OR.PA-press-noise-143,OR.PA,press,precursor,1,outsider_only,untagged,1,True,The urgency created by the 7-day offer expiration is expected to increase immediate sign-ups.,"[""OR.PA-press-2022-07-08-2022-07-08-gdelt-russia-ukraine-war-is-c""]",,
OR.PA-press-noise-142,OR.PA,press,precursor,1,outsider_only,untagged,1,True,The discounted subscription price of $0.99 is expected to attract a large number of new subscribers.,"[""OR.PA-press-2022-07-08-2022-07-08-gdelt-russia-ukraine-war-is-c""]",,
OR.PA-press-noise-141,OR.PA,press,precursor,1,outsider_only,untagged,1,True,Limited availability of 1000 spots is expected to create urgency and drive immediate subscriptions.,"[""OR.PA-press-2022-07-08-2022-07-08-gdelt-russia-ukraine-war-is-c""]",,
OR.PA-press-noise-140,OR.PA,press,precursor,1,outsider_only,untagged,1,True,The 30-day money-back guarantee is expected to reduce customer acquisition costs by minimizing churn.,"[""OR.PA-press-2022-07-08-2022-07-08-gdelt-russia-ukraine-war-is-c""]",,
OR.PA-press-noise-139,OR.PA,press,precursor,1,outsider_only,untagged,1,True,The introduction of new stock picks and ad-free browsing is expected to attract new subscribers and increase revenue.,"[""OR.PA-press-2022-07-08-2022-07-08-gdelt-russia-ukraine-war-is-c""]",,
OR.PA-press-noise-138,OR.PA,press,precursor,1,outsider_only,untagged,1,True,"Citi analyst Wendy Nicholson assigned a Buy rating to Coty Inc. with a $15 price target, believing in the company’s tran","[""OR.PA-press-2022-07-04-2022-07-04-gdelt-10-best-buy-the-dip-con""]",,
OR.PA-press-noise-137,OR.PA,press,precursor,1,outsider_only,untagged,1,True,"BTIG analyst Peter Saleh reiterated a Buy rating on Nomad Foods Limited but lowered the price target, expecting optimist","[""OR.PA-press-2022-07-04-2022-07-04-gdelt-10-best-buy-the-dip-con""]",,
OR.PA-press-noise-136,OR.PA,press,precursor,1,outsider_only,untagged,1,True,"Piper Sandler analyst Michael Lavery upgraded B&G Foods, Inc. to Neutral from Underweight, projecting year-over-year mar","[""OR.PA-press-2022-07-04-2022-07-04-gdelt-10-best-buy-the-dip-con""]",,
OR.PA-press-noise-135,OR.PA,press,precursor,1,outsider_only,untagged,1,True,"Analysts expect US consumers to increase their spending, leading to a rebound in consumer stocks.","[""OR.PA-press-2022-07-04-2022-07-04-gdelt-10-best-buy-the-dip-con""]",,
OR.PA-press-noise-134,OR.PA,press,precursor,-1,outsider_only,untagged,1,True,Companies like Walmart and Target have cut profit forecasts for the rest of the year due to rising costs.,"[""OR.PA-press-2022-07-04-2022-07-04-gdelt-10-best-buy-the-dip-con""]",,
OR.PA-press-noise-133,OR.PA,press,consequence,-1,outsider_only,untagged,1,True,Recession fears are weighing on purchasing power and causing a decline in US household spending.,"[""OR.PA-press-2022-07-04-2022-07-04-gdelt-10-best-buy-the-dip-con""]",,
OR.PA-press-noise-132,OR.PA,press,consequence,-1,outsider_only,untagged,1,True,Cost pressure and rising rates have caused the S&P 500 Consumer Discretionary Index to drop 33% in the first six months ,"[""OR.PA-press-2022-07-04-2022-07-04-gdelt-10-best-buy-the-dip-con""]",,
OR.PA-press-noise-131,OR.PA,press,consequence,-1,outsider_only,untagged,1,True,Heightened inflation and surplus inventories are damaging company profits in the consumer sector.,"[""OR.PA-press-2022-07-04-2022-07-04-gdelt-10-best-buy-the-dip-con""]",,
OR.PA-press-noise-130,OR.PA,press,consequence,-1,outsider_only,untagged,1,True,Evercore ISI analyst Shweta Khajuria slashed the price target on the stock to $95 from $130 after lowering FY23 GMS and ,"[""OR.PA-press-2022-07-04-2022-07-04-gdelt-10-best-buy-the-dip-con""]",,
OR.PA-press-noise-129,OR.PA,press,consequence,-1,outsider_only,untagged,1,True,The stock has dropped about 62% year to date.,"[""OR.PA-press-2022-07-04-2022-07-04-gdelt-10-best-buy-the-dip-con""]",,
OR.PA-press-noise-128,OR.PA,press,precursor,1,outsider_only,untagged,1,True,"The company posted strong results in June, with robust booking trends for 2023 as consumers plan for trips without worry","[""OR.PA-press-2022-07-04-2022-07-04-gdelt-10-best-buy-the-dip-con""]",,
OR.PA-press-noise-127,OR.PA,press,consequence,-1,outsider_only,untagged,1,True,The stock has declined about 59% year to date as of July 1.,"[""OR.PA-press-2022-07-04-2022-07-04-gdelt-10-best-buy-the-dip-con""]",,
OR.PA-press-noise-126,OR.PA,press,precursor,1,outsider_only,untagged,1,True,The company should also benefit from an accelerating growth trend in its prestige fragrance business driven by purchases,"[""OR.PA-press-2022-07-04-2022-07-04-gdelt-10-best-buy-the-dip-con""]",,
OR.PA-press-noise-125,OR.PA,press,precursor,1,outsider_only,untagged,1,True,Management has surgically cut $100 million in waste to focus on high-margin growth.,"[""OR.PA-press-2022-07-04-2022-07-04-gdelt-10-best-buy-the-dip-con""]",,
OR.PA-press-noise-124,OR.PA,press,precursor,1,outsider_only,untagged,1,True,Nestle's termination of its current share repurchase plan by the end of the year.,"[""OR.PA-press-2021-12-08-2021-12-08-gdelt-nestle-cuts-loreal-stak""]",,
OR.PA-press-noise-123,OR.PA,press,precursor,1,outsider_only,untagged,1,True,L'Oreal's accretive effect on earnings per share due to the share buyback.,"[""OR.PA-press-2021-12-08-2021-12-08-gdelt-nestle-cuts-loreal-stak""]",,
OR.PA-press-noise-122,OR.PA,press,precursor,-1,outsider_only,untagged,1,True,"Olaplex faces challenges including a high P/E ratio, competition, and a patent infringement case.","[""OR.PA-press-2021-11-15-2021-11-15-gdelt-this-niche-hair-care-st""]",,
OR.PA-press-noise-121,OR.PA,press,precursor,1,outsider_only,untagged,1,True,Olaplex plans to launch new products to capitalize on the growing hair care market.,"[""OR.PA-press-2021-11-15-2021-11-15-gdelt-this-niche-hair-care-st""]",,
OR.PA-press-noise-120,OR.PA,press,consequence,-1,outsider_only,untagged,1,True,"The COVID-19 pandemic led to the closing of salons, forcing consumers to do their own hair care, which affected the hair","[""OR.PA-press-2021-11-15-2021-11-15-gdelt-this-niche-hair-care-st""]",,
OR.PA-press-noise-119,OR.PA,press,consequence,-1,outsider_only,untagged,1,True,Intel Corp missing third-quarter sales expectations due to chip shortages hurt its stock performance.,"[""OR.PA-press-2021-10-22-2021-10-22-gdelt-markets-breathe-sigh-of""]",,
OR.PA-press-noise-118,OR.PA,press,consequence,1,outsider_only,untagged,1,True,American Express beating profit estimates for the fourth straight quarter boosted its stock performance.,"[""OR.PA-press-2021-10-22-2021-10-22-gdelt-markets-breathe-sigh-of""]",,
OR.PA-press-noise-117,OR.PA,press,consequence,-1,outsider_only,untagged,1,True,Privacy changes by Apple on iOS devices hurting Snap's ability to target and measure its digital advertising cast doubts,"[""OR.PA-press-2021-10-22-2021-10-22-gdelt-markets-breathe-sigh-of""]",,
OR.PA-press-noise-116,OR.PA,press,consequence,-1,outsider_only,untagged,1,True,London Stock Exchange Group's warning about supply chain shortages affecting technology spending hurt its stock performa,"[""OR.PA-press-2021-10-22-2021-10-22-gdelt-markets-breathe-sigh-of""]",,
OR.PA-press-noise-115,OR.PA,press,consequence,1,outsider_only,untagged,1,True,UBS raising its price target on JD Sports Fashion Plc after it bought Cosmos Sport boosted the company's stock performan,"[""OR.PA-press-2021-10-22-2021-10-22-gdelt-markets-breathe-sigh-of""]",,
OR.PA-press-noise-114,OR.PA,press,consequence,1,outsider_only,untagged,1,True,The fall in the pound due to unexpectedly weak British retail sales boosted large dollar-earning companies like Diageo a,"[""OR.PA-press-2021-10-22-2021-10-22-gdelt-markets-breathe-sigh-of""]",,
OR.PA-press-noise-113,OR.PA,press,consequence,1,outsider_only,untagged,1,True,The British economy regaining momentum in October despite surging costs and worsening supply shortages boosted the FTSE ,"[""OR.PA-press-2021-10-22-2021-10-22-gdelt-markets-breathe-sigh-of""]",,
OR.PA-press-noise-112,OR.PA,press,consequence,1,outsider_only,untagged,1,True,Confidence flowing back into the aviation market boosted Datalex's stock performance.,"[""OR.PA-press-2021-10-22-2021-10-22-gdelt-markets-breathe-sigh-of""]",,
OR.PA-press-noise-111,OR.PA,press,consequence,1,outsider_only,untagged,1,True,Bank of Ireland's acquisition of a loan book and deposits from KBC boosted its stock performance.,"[""OR.PA-press-2021-10-22-2021-10-22-gdelt-markets-breathe-sigh-of""]",,
OR.PA-press-noise-110,OR.PA,press,consequence,-1,outsider_only,untagged,1,True,Comments on stimulus tapering from Federal Reserve Chair Jerome Powell spooked US markets.,"[""OR.PA-press-2021-10-22-2021-10-22-gdelt-markets-breathe-sigh-of""]",,
OR.PA-press-noise-109,OR.PA,press,precursor,-1,outsider_only,untagged,1,True,Boliden's third-quarter operating profit fell below market forecasts due to higher costs and lower volumes.,"[""OR.PA-press-2021-10-22-2021-10-22-gdelt-evergrande-relief-earni""]",,
OR.PA-press-noise-108,OR.PA,press,precursor,-1,outsider_only,untagged,1,True,Production losses at Renault due to a global chip shortage.,"[""OR.PA-press-2021-10-22-2021-10-22-gdelt-evergrande-relief-earni""]",,
OR.PA-press-noise-107,OR.PA,press,precursor,1,outsider_only,untagged,1,True,Gains in tech stocks supported European stocks.,"[""OR.PA-press-2021-10-22-2021-10-22-gdelt-evergrande-relief-earni""]",,
OR.PA-press-noise-106,OR.PA,press,consequence,-1,outsider_only,untagged,1,True,"New data showed that U.K. retail sales fell 0.2% month-on-month in September, well below consensus expectations for a 0.","[""OR.PA-press-2021-10-22-2021-10-22-gdelt-european-markets-cautio""]",,
OR.PA-press-noise-105,OR.PA,press,consequence,-1,outsider_only,untagged,1,True,Soaring prices led to a decline in the euro zone's initial flash composite PMI reading.,"[""OR.PA-press-2021-10-22-2021-10-22-gdelt-european-markets-cautio""]",,
OR.PA-press-noise-104,OR.PA,press,consequence,-1,outsider_only,untagged,1,True,Rising energy prices and Covid-19 cases led to a decline in British consumer confidence.,"[""OR.PA-press-2021-10-22-2021-10-22-gdelt-european-markets-cautio""]",,
OR.PA-press-noise-103,OR.PA,press,consequence,-1,outsider_only,untagged,1,True,The London Stock Exchange's trading statement led to a drop in its shares.,"[""OR.PA-press-2021-10-22-2021-10-22-gdelt-european-markets-cautio""]",,
OR.PA-press-noise-102,OR.PA,press,precursor,1,outsider_only,untagged,1,True,"Klepierre hiked its full-year guidance, leading to a rise in its shares.","[""OR.PA-press-2021-10-22-2021-10-22-gdelt-european-markets-cautio""]",,
OR.PA-press-noise-101,OR.PA,press,consequence,1,outsider_only,untagged,1,True,Strong third-quarter earnings led to a rise in Thule's shares.,"[""OR.PA-press-2021-10-22-2021-10-22-gdelt-european-markets-cautio""]",,
OR.PA-press-noise-100,OR.PA,press,precursor,-1,outsider_only,untagged,1,True,"Weak earnings from major tech companies, including Intel and Snap, led to a marginal decline in U.S. stocks.","[""OR.PA-press-2021-10-22-2021-10-22-gdelt-european-markets-cautio""]",,
OR.PA-press-noise-99,OR.PA,press,precursor,1,outsider_only,untagged,1,True,Fears over the Chinese property market cooling led to a rise in European stocks.,"[""OR.PA-press-2021-10-22-2021-10-22-gdelt-european-markets-cautio""]",,
OR.PA-press-noise-98,OR.PA,press,precursor,-1,outsider_only,untagged,1,True,"If there isn’t clear evidence of containment of the virus at the time of the earnings announcement, L’Oreal’s P/E is exp","[""OR.PA-press-2020-07-01-2020-07-01-gdelt-at-multi-year-high-of-6""]",,
OR.PA-press-noise-97,OR.PA,press,precursor,-1,outsider_only,untagged,1,True,There have likely been supply disruptions in China and elsewhere from the global Coronavirus crisis.,"[""OR.PA-press-2020-07-01-2020-07-01-gdelt-at-multi-year-high-of-6""]",,
OR.PA-press-noise-96,OR.PA,press,precursor,1,outsider_only,untagged,1,True,"The shift to online sales has helped cosmetics firms, including L'Oreal, to make up for lost business due to store closu","[""OR.PA-press-2020-04-17-2020-04-17-gdelt-loreal-eyes-post-confin""]",,
OR.PA-press-noise-95,OR.PA,press,precursor,1,outsider_only,untagged,1,True,Surge in online sales as consumers turn to e-commerce due to lockdowns.,"[""OR.PA-press-2020-04-16-2020-04-16-gdelt-loreal-banks-on-cosmeti""]",,
OR.PA-press-noise-94,OR.PA,press,precursor,-1,outsider_only,untagged,1,True,Shutdowns in Europe and the United States at the end of March are likely to cause a greater dent to cosmetics firm's ear,"[""OR.PA-press-2020-04-16-2020-04-16-gdelt-loreal-banks-on-cosmeti""]",,
OR.PA-press-noise-93,OR.PA,press,consequence,-1,outsider_only,untagged,1,True,"Lockdowns in China and elsewhere to fight the coronavirus outbreak hit demand and sparked store closures, causing a 5% f","[""OR.PA-press-2020-04-16-2020-04-16-gdelt-loreal-banks-on-cosmeti""]",,
OR.PA-press-noise-92,OR.PA,press,precursor,-1,outsider_only,untagged,1,True,US Steel's forecast of a bigger-than-expected fourth-quarter loss led to a tumble in its stock price.,"[""OR.PA-press-2019-12-20-2019-12-20-gdelt-european-stocks-near-re""]",,
OR.PA-press-noise-91,OR.PA,press,precursor,-1,outsider_only,untagged,1,True,Nike's lower-than-expected revenue growth from North America led to a fall in its stock price.,"[""OR.PA-press-2019-12-20-2019-12-20-gdelt-european-stocks-near-re""]",,
OR.PA-press-noise-90,OR.PA,press,precursor,1,outsider_only,untagged,1,True,Intesa SanPaolo's sale of its retailers' payment business to Nexi led to a gain in Nexi's stock price.,"[""OR.PA-press-2019-12-20-2019-12-20-gdelt-european-stocks-near-re""]",,
OR.PA-press-noise-89,OR.PA,press,precursor,1,outsider_only,untagged,1,True,Moody's improved outlook on Enel Americas led to a rise in Enel's stock price.,"[""OR.PA-press-2019-12-20-2019-12-20-gdelt-european-stocks-near-re""]",,
OR.PA-press-noise-88,OR.PA,press,precursor,-1,outsider_only,untagged,1,True,Just Eat's stock fell following the final offers from Prosus and Takeaway.com.,"[""OR.PA-press-2019-12-20-2019-12-20-gdelt-european-stocks-near-re""]",,
OR.PA-press-noise-87,OR.PA,press,precursor,-1,outsider_only,untagged,1,True,Shell's expected write-down and lowered sales forecast led to a dip in its stock price.,"[""OR.PA-press-2019-12-20-2019-12-20-gdelt-european-stocks-near-re""]",,
OR.PA-press-noise-86,OR.PA,press,precursor,1,outsider_only,untagged,1,True,"A subdued pound benefited shares of exporters, contributing to the FTSE 100's performance.","[""OR.PA-press-2019-12-20-2019-12-20-gdelt-european-stocks-near-re""]",,
OR.PA-press-noise-85,OR.PA,press,precursor,1,outsider_only,untagged,1,True,"Confirmation of a January 31st Brexit date reduced market uncertainty, leading to increased investor confidence and stoc","[""OR.PA-press-2019-12-20-2019-12-20-gdelt-european-stocks-near-re""]",,
OR.PA-press-noise-84,OR.PA,press,consequence,-1,outsider_only,untagged,1,True,The recession caused declines in both revenue and operating profit in 2008-09 and operating profit in 2001-02.,"[""OR.PA-press-2019-12-02-2019-12-02-gdelt-urbem-wonderful-busines""]",,
OR.PA-press-noise-83,OR.PA,press,consequence,1,outsider_only,untagged,1,True,The Asia Pacific region grew the most at 20.7%.,"[""OR.PA-press-2019-12-02-2019-12-02-gdelt-urbem-wonderful-busines""]",,
OR.PA-press-noise-82,OR.PA,press,consequence,1,outsider_only,untagged,1,True,"Sales in Europe, the Middle East and Africa grew by 14.5%.","[""OR.PA-press-2019-12-02-2019-12-02-gdelt-urbem-wonderful-busines""]",,
OR.PA-press-noise-81,OR.PA,press,consequence,-1,outsider_only,untagged,1,True,The Americas region decreased its sales year over year by 5.5%.,"[""OR.PA-press-2019-12-02-2019-12-02-gdelt-urbem-wonderful-busines""]",,
OR.PA-press-noise-80,OR.PA,press,consequence,-1,outsider_only,untagged,1,True,"Pirelli's lowered guidance on operating profit margin and cash flow, and the delay in presenting its new business plan, ","[""OR.PA-press-2019-10-31-2019-10-31-gdelt-european-shares-nudge-h""]",,
OR.PA-press-noise-79,OR.PA,press,precursor,1,outsider_only,untagged,1,True,Fiat Chrysler and PSA's merger talks led to a 9.5% and 4.5% rise in their shares respectively.,"[""OR.PA-press-2019-10-31-2019-10-31-gdelt-european-shares-nudge-h""]",,
OR.PA-press-noise-78,OR.PA,press,consequence,-1,outsider_only,untagged,1,True,Credit Suisse's cautious 2020 outlook led to a 2.6% drop in its shares.,"[""OR.PA-press-2019-10-31-2019-10-31-gdelt-european-shares-nudge-h""]",,
OR.PA-press-noise-77,OR.PA,press,consequence,-1,outsider_only,untagged,1,True,Santander's 75% drop in net profit due to one-off charges in the UK led to a 4.1% slide in its shares and a 1.2% loss in,"[""OR.PA-press-2019-10-31-2019-10-31-gdelt-european-shares-nudge-h""]",,
OR.PA-press-noise-76,OR.PA,press,consequence,-1,outsider_only,untagged,1,True,Deutsche Bank's loss for the second consecutive quarter due to restructuring costs led to an 8% fall in its shares and a,"[""OR.PA-press-2019-10-31-2019-10-31-gdelt-european-shares-nudge-h""]",,
OR.PA-press-noise-75,OR.PA,press,consequence,-1,outsider_only,untagged,1,True,"Pirelli's lowered guidance on operating profit margin and cash flow, along with the delay in presenting its new business","[""OR.PA-press-2019-10-31-2019-10-31-gdelt-europe-shares-nudge-hig""]",,
OR.PA-press-noise-74,OR.PA,press,precursor,1,outsider_only,untagged,1,True,"Fiat Chrysler and PSA's merger talks led to a 9.5% and 4.5% rise in their shares respectively, with Peugeot hitting an 1","[""OR.PA-press-2019-10-31-2019-10-31-gdelt-europe-shares-nudge-hig""]",,
OR.PA-press-noise-73,OR.PA,press,consequence,-1,outsider_only,untagged,1,True,Credit Suisse's cautious 2020 outlook led to a 2.6% drop in its shares.,"[""OR.PA-press-2019-10-31-2019-10-31-gdelt-europe-shares-nudge-hig""]",,
OR.PA-press-noise-72,OR.PA,press,consequence,-1,outsider_only,untagged,1,True,Santander's 75% fall in net profit due to one-off charges in the UK led to a 4.1% slide in its shares and a 1.2% loss in,"[""OR.PA-press-2019-10-31-2019-10-31-gdelt-europe-shares-nudge-hig""]",,
OR.PA-press-noise-71,OR.PA,press,consequence,-1,outsider_only,untagged,1,True,Deutsche Bank's loss for the second consecutive quarter due to restructuring costs led to an 8% fall in its shares and a,"[""OR.PA-press-2019-10-31-2019-10-31-gdelt-europe-shares-nudge-hig""]",,
OR.PA-press-noise-70,OR.PA,press,precursor,1,outsider_only,untagged,1,True,L'Oreal's ambition to outperform growth in the sector this year.,"[""OR.PA-press-2019-10-30-2019-10-30-gdelt-loreal-shares-shine-as-""]",,
OR.PA-press-noise-69,OR.PA,press,precursor,1,outsider_only,untagged,1,True,"Ulta's share buyback program has repurchased 1.14 million shares for $388 million in the first half of fiscal 2019, with","[""OR.PA-press-2019-10-08-2019-10-08-gdelt-ulta-beauty-trades-near""]",,
OR.PA-press-noise-68,OR.PA,press,precursor,1,outsider_only,untagged,1,True,"Demographic trends, such as increased spending by millennials and Latina women, are expected to drive future demand for ","[""OR.PA-press-2019-10-08-2019-10-08-gdelt-ulta-beauty-trades-near""]",,
OR.PA-press-noise-67,OR.PA,press,precursor,1,outsider_only,untagged,1,True,"The Ultamate Rewards loyalty program has grown to 33.2 million active members, driving more than 95% of the company's sa","[""OR.PA-press-2019-10-08-2019-10-08-gdelt-ulta-beauty-trades-near""]",,
OR.PA-press-noise-66,OR.PA,press,precursor,1,outsider_only,untagged,1,True,"The introduction of ""buy online pickup in store"" has exceeded expectations and is expected to drive future sales.","[""OR.PA-press-2019-10-08-2019-10-08-gdelt-ulta-beauty-trades-near""]",,
OR.PA-press-noise-65,OR.PA,press,precursor,1,outsider_only,untagged,1,True,Ulta Beauty plans to open 80 new stores in fiscal 2019 and expects e-commerce to grow 20% to 30% for the year.,"[""OR.PA-press-2019-10-08-2019-10-08-gdelt-ulta-beauty-trades-near""]",,
OR.PA-press-noise-64,OR.PA,press,precursor,-1,outsider_only,untagged,1,True,Estee Lauder's consideration of potential impacts from Hong Kong protests and U.S.-China trade dispute in its outlook.,"[""OR.PA-press-2019-08-19-2019-08-19-gdelt-loreal-estee-lauder-see""]",,
OR.PA-press-noise-63,OR.PA,press,precursor,-1,outsider_only,untagged,1,True,Hong Kong protests and U.S.-China trade dispute are expected to have a potential impact on Estee Lauder's business.,"[""OR.PA-press-2019-08-19-2019-08-19-gdelt-estee-lauder-sees-no-sl""]",,
OR.PA-press-noise-62,OR.PA,press,precursor,1,outsider_only,untagged,1,True,Beiersdorf's confirmed guidance for 2019 group sales growth and operating margin.,"[""OR.PA-press-2019-08-06-2019-08-06-gdelt-nivea-growth-slows-but-""]",,
OR.PA-press-noise-61,OR.PA,press,consequence,-1,outsider_only,untagged,1,True,Beiersdorf's acquisition of U.S. sun care brand Coppertone impacted first-half operating earnings.,"[""OR.PA-press-2019-08-06-2019-08-06-gdelt-nivea-growth-slows-but-""]",,
OR.PA-press-noise-60,OR.PA,press,precursor,-1,outsider_only,untagged,1,True,"The rise of small, disruptive brands and consumer preference for natural ingredients and premium products are impacting ","[""OR.PA-press-2019-08-06-2019-08-06-gdelt-nivea-growth-slows-but-""]",,
OR.PA-press-noise-59,OR.PA,press,precursor,1,outsider_only,untagged,1,True,"L'Oreal's active cosmetics unit has performed well, catering to dermatological conditions.","[""OR.PA-press-2019-07-30-2019-07-30-gdelt-update-2-weaker-make-up""]",,
OR.PA-press-noise-58,OR.PA,press,precursor,1,outsider_only,untagged,1,True,"L'Oreal's luxury division has driven growth at the group, despite struggles in mass market ranges.","[""OR.PA-press-2019-07-30-2019-07-30-gdelt-update-2-weaker-make-up""]",,
OR.PA-press-noise-57,OR.PA,press,precursor,1,outsider_only,untagged,1,True,L'Oreal plans to carry out share buybacks in the second half of 2019.,"[""OR.PA-press-2019-07-30-2019-07-30-gdelt-loreal-sales-growth-slo""]",,
OR.PA-press-noise-56,OR.PA,press,consequence,1,outsider_only,untagged,1,True,Like-for-like revenue rose 6.8% in Q2 2019.,"[""OR.PA-press-2019-07-30-2019-07-30-gdelt-loreal-sales-growth-slo""]",,
OR.PA-press-noise-55,OR.PA,press,consequence,1,outsider_only,untagged,1,True,L'Oreal reported a 9.8% sales increase on a reported basis for Q2 2019.,"[""OR.PA-press-2019-07-30-2019-07-30-gdelt-loreal-sales-growth-slo""]",,
OR.PA-press-noise-54,OR.PA,press,consequence,-1,outsider_only,untagged,1,True,Comparable sales in North America decreased by 1.1% in Q2 2019.,"[""OR.PA-press-2019-07-30-2019-07-30-gdelt-loreal-sales-growth-slo""]",,
OR.PA-press-noise-53,OR.PA,press,consequence,1,outsider_only,untagged,1,True,The global market size of Cosmetics is $XX million in 2018 with XX CAGR from 2014 to 2018.,"[""OR.PA-press-2019-06-04-2019-06-04-gdelt-cosmetics-market-global""]",,
OR.PA-press-noise-52,OR.PA,press,consequence,-1,outsider_only,untagged,1,True,Mixed results for Q1 from key competitors in beauty retail.,"[""OR.PA-press-2019-05-30-2019-05-30-gdelt-ulta-beauty-earnings-re""]",,
OR.PA-press-noise-51,OR.PA,press,precursor,1,outsider_only,untagged,1,True,"Higher demand for luxury brands at duty-free stores has driven up sales in Europe, the Middle East, and Africa.","[""OR.PA-press-2019-05-01-2019-05-01-gdelt-estee-lauder-raises-201""]",,
OR.PA-press-noise-50,OR.PA,press,precursor,1,outsider_only,untagged,1,True,"Strong sales in Asia-Pacific, including China, have alleviated concerns about a potential economic slowdown due to the U","[""OR.PA-press-2019-05-01-2019-05-01-gdelt-estee-lauder-raises-201""]",,
OR.PA-press-noise-49,OR.PA,press,consequence,-1,outsider_only,untagged,1,True,Nissan booked a charge of 9.2 billion yen ($83 million) related to payments to its former chief.,"[""OR.PA-press-2019-02-12-2019-02-12-gdelt-the-legend-of-ea-new-fo""]",,
OR.PA-press-noise-48,OR.PA,press,consequence,-1,outsider_only,untagged,1,True,Shares in Kering dropped 3% in Paris after earnings were announced.,"[""OR.PA-press-2019-02-12-2019-02-12-gdelt-the-legend-of-ea-new-fo""]",,
OR.PA-press-noise-47,OR.PA,press,precursor,-1,outsider_only,untagged,1,True,"Kering said the business environment “remains unsettled” because of geopolitical risks, trade policies and fluctuations ","[""OR.PA-press-2019-02-12-2019-02-12-gdelt-the-legend-of-ea-new-fo""]",,
OR.PA-press-noise-46,OR.PA,press,consequence,-1,outsider_only,untagged,1,True,Apple warned that it was selling fewer iPhones in China.,"[""OR.PA-press-2019-02-12-2019-02-12-gdelt-the-legend-of-ea-new-fo""]",,
OR.PA-press-noise-45,OR.PA,press,consequence,1,outsider_only,untagged,1,True,"Luxury companies LVMH, L’Oreal and Hermes have also defied expectations of weaker sales in China caused by a slowdown in","[""OR.PA-press-2019-02-12-2019-02-12-gdelt-the-legend-of-ea-new-fo""]",,
OR.PA-press-noise-44,OR.PA,press,consequence,1,outsider_only,untagged,1,True,Kering reported bumper sales driven by strong growth in Asia.,"[""OR.PA-press-2019-02-12-2019-02-12-gdelt-the-legend-of-ea-new-fo""]",,
OR.PA-press-noise-43,OR.PA,press,consequence,-1,outsider_only,untagged,1,True,Shares fell more than 5% in early trading Tuesday on the news.,"[""OR.PA-press-2019-02-12-2019-02-12-gdelt-the-legend-of-ea-new-fo""]",,
OR.PA-press-noise-42,OR.PA,press,precursor,-1,outsider_only,untagged,1,True,Altria is borrowing big bucks to help pay for its minority stake in e-cigs company Juul.,"[""OR.PA-press-2019-02-12-2019-02-12-gdelt-the-legend-of-ea-new-fo""]",,
OR.PA-press-noise-41,OR.PA,press,consequence,1,outsider_only,untagged,1,True,Energy stocks advanced as US oil prices closed 1.3% higher to $53.10 a barrel.,"[""OR.PA-press-2019-02-12-2019-02-12-gdelt-the-legend-of-ea-new-fo""]",,
OR.PA-press-noise-40,OR.PA,press,consequence,-1,outsider_only,untagged,1,True,Molson Coors restated its 2016 and 2017 results due to 'material weakness' in accounting.,"[""OR.PA-press-2019-02-12-2019-02-12-gdelt-the-legend-of-ea-new-fo""]",,
OR.PA-press-noise-39,OR.PA,press,consequence,1,outsider_only,untagged,1,True,The debt began to level off at the beginning of President Trump’s term.,"[""OR.PA-press-2019-02-12-2019-02-12-gdelt-the-legend-of-ea-new-fo""]",,
OR.PA-press-noise-38,OR.PA,press,precursor,-1,outsider_only,untagged,1,True,Altria is borrowing big bucks to help pay for its minority stake in e-cigs company Juul.,"[""OR.PA-press-2019-02-12-2019-02-12-gdelt-stock-market-today-late""]",,
OR.PA-press-noise-37,OR.PA,press,consequence,1,outsider_only,untagged,1,True,Energy stocks advanced as US oil prices closed 1.3% higher to $53.10 a barrel.,"[""OR.PA-press-2019-02-12-2019-02-12-gdelt-stock-market-today-late""]",,
OR.PA-press-noise-36,OR.PA,press,consequence,-1,outsider_only,untagged,1,True,Molson Coors dropped 9% after restating its 2016 and 2017 results due to “material weakness” in accounting.,"[""OR.PA-press-2019-02-12-2019-02-12-gdelt-stock-market-today-late""]",,
OR.PA-press-noise-35,OR.PA,press,consequence,1,outsider_only,untagged,1,True,The debt began to level off at the beginning of President Trump’s term.,"[""OR.PA-press-2019-02-12-2019-02-12-gdelt-stock-market-today-late""]",,
OR.PA-press-noise-34,OR.PA,press,precursor,-1,outsider_only,untagged,1,True,"Kering warned of an unsettled business environment due to geopolitical risks, trade policies and exchange rate fluctuati","[""OR.PA-press-2019-02-12-2019-02-12-gdelt-stock-market-today-late""]",,
OR.PA-press-noise-33,OR.PA,press,consequence,-1,outsider_only,untagged,1,True,Apple warned that it was selling fewer iPhones in China.,"[""OR.PA-press-2019-02-12-2019-02-12-gdelt-stock-market-today-late""]",,
OR.PA-press-noise-32,OR.PA,press,consequence,1,outsider_only,untagged,1,True,"Luxury companies LVMH, L’Oreal and Hermes have defied expectations of weaker sales in China.","[""OR.PA-press-2019-02-12-2019-02-12-gdelt-stock-market-today-late""]",,
OR.PA-press-noise-31,OR.PA,press,consequence,1,outsider_only,untagged,1,True,Kering reported bumper sales driven by strong growth in Asia.,"[""OR.PA-press-2019-02-12-2019-02-12-gdelt-stock-market-today-late""]",,
OR.PA-press-noise-30,OR.PA,press,precursor,1,outsider_only,untagged,1,True,Continued momentum from 2018 into 2019.,"[""OR.PA-press-2019-02-12-2019-02-12-gdelt-best-sales-growth-repor""]",,
OR.PA-press-noise-29,OR.PA,press,consequence,1,outsider_only,untagged,1,True,Strong performance in the Asia-Pacific region.,"[""OR.PA-press-2019-02-12-2019-02-12-gdelt-best-sales-growth-repor""]",,
OR.PA-press-noise-28,OR.PA,press,consequence,1,outsider_only,untagged,1,True,Growth in emerging markets.,"[""OR.PA-press-2019-02-12-2019-02-12-gdelt-best-sales-growth-repor""]",,
OR.PA-press-noise-27,OR.PA,press,consequence,1,outsider_only,untagged,1,True,Performance of newly acquired skincare brands.,"[""OR.PA-press-2019-02-12-2019-02-12-gdelt-best-sales-growth-repor""]",,
OR.PA-press-noise-26,OR.PA,press,consequence,1,outsider_only,untagged,1,True,Sales growth in the Active Cosmetics segment.,"[""OR.PA-press-2019-02-12-2019-02-12-gdelt-best-sales-growth-repor""]",,
OR.PA-press-noise-25,OR.PA,press,consequence,1,outsider_only,untagged,1,True,"Continued growth in the Asia-Pacific region, especially China and Hong Kong, and by Travel Retail.","[""OR.PA-press-2019-02-12-2019-02-12-gdelt-best-sales-growth-repor""]",,
OR.PA-press-noise-24,OR.PA,press,consequence,1,outsider_only,untagged,1,True,Global growth of the prestige beauty segment outpacing mass beauty segment.,"[""OR.PA-press-2019-02-12-2019-02-12-gdelt-best-sales-growth-repor""]",,
OR.PA-press-noise-23,OR.PA,press,consequence,1,outsider_only,untagged,1,True,Continued strong growth in full fiscal 2018 sales.,"[""OR.PA-press-2019-02-12-2019-02-12-gdelt-best-sales-growth-repor""]",,
OR.PA-press-noise-22,OR.PA,press,consequence,1,outsider_only,untagged,1,True,Acquisition of ModiFace.,"[""OR.PA-press-2019-02-12-2019-02-12-gdelt-best-sales-growth-repor""]",,
OR.PA-press-noise-21,OR.PA,press,consequence,1,outsider_only,untagged,1,True,Outstanding performance in China.,"[""OR.PA-press-2019-02-12-2019-02-12-gdelt-best-sales-growth-repor""]",,
OR.PA-press-noise-20,OR.PA,press,consequence,1,outsider_only,untagged,1,True,"Success of La Roche-Posay and SkinCeuticals brands, the new impetus of Vichy, and the dynamism of CeraVe.","[""OR.PA-press-2019-02-12-2019-02-12-gdelt-best-sales-growth-repor""]",,
OR.PA-press-noise-19,OR.PA,press,consequence,1,outsider_only,untagged,1,True,"Strong performance in the Active cosmetic & L’Oreal Luxe division, L’Oreal Luxe segments, and emerging new markets, part","[""OR.PA-press-2019-02-12-2019-02-12-gdelt-best-sales-growth-repor""]",,
OR.PA-press-noise-18,OR.PA,press,precursor,1,outsider_only,untagged,1,True,HSBC launched a newly upgraded HSBC Premier proposition aiming for continued growth momentum in Taiwan’s affluent and hi,"[""OR.PA-press-2019-02-09-2019-02-09-gdelt-weak-earnings-hold-euro""]",,
OR.PA-press-noise-17,OR.PA,press,consequence,-1,outsider_only,untagged,1,True,"Diethelm Keller Siber Hegner Holding Ltd reported earnings down 11 percent, lagging estimates.","[""OR.PA-press-2019-02-09-2019-02-09-gdelt-weak-earnings-hold-euro""]",,
OR.PA-press-noise-16,OR.PA,press,consequence,-1,outsider_only,untagged,1,True,Leoni AG delivered a significant miss to fourth-quarter earnings expectations.,"[""OR.PA-press-2019-02-09-2019-02-09-gdelt-weak-earnings-hold-euro""]",,
OR.PA-press-noise-15,OR.PA,press,consequence,-1,outsider_only,untagged,1,True,US President Donald Trump saying that he did not plan to meet Chinese President Xi Jinping before a March 1 deadline to ,"[""OR.PA-press-2019-02-09-2019-02-09-gdelt-weak-earnings-hold-euro""]",,
OR.PA-press-noise-14,OR.PA,press,consequence,1,outsider_only,untagged,1,True,LVMH posted record annual sales last week.,"[""OR.PA-press-2019-02-08-2019-02-08-gdelt-stock-market-today-late""]",,
OR.PA-press-noise-13,OR.PA,press,precursor,-1,outsider_only,untagged,1,True,Concerns that the trade conflict between the US and China may not be resolved before the looming deadline are pulling do,"[""OR.PA-press-2019-02-08-2019-02-08-gdelt-stock-market-today-late""]",,
OR.PA-press-noise-12,OR.PA,press,consequence,-1,outsider_only,untagged,1,True,The closure of Toys 'R' Us hurt Hasbro more than expected.,"[""OR.PA-press-2019-02-08-2019-02-08-gdelt-stock-market-today-late""]",,
OR.PA-press-noise-11,OR.PA,press,consequence,1,outsider_only,untagged,1,True,Skechers' strong sales growth.,"[""OR.PA-press-2019-02-08-2019-02-08-gdelt-stock-market-today-late""]",,
OR.PA-press-noise-10,OR.PA,press,consequence,1,outsider_only,untagged,1,True,Mattel's solid fourth-quarter earnings.,"[""OR.PA-press-2019-02-08-2019-02-08-gdelt-stock-market-today-late""]",,
OR.PA-press-noise-9,OR.PA,press,precursor,-1,outsider_only,untagged,1,True,Amazon's potential cancellation of its New York campus plans.,"[""OR.PA-press-2019-02-08-2019-02-08-gdelt-stock-market-today-late""]",,
OR.PA-press-noise-8,OR.PA,press,precursor,-1,outsider_only,untagged,1,True,Ongoing trade war between the United States and China.,"[""OR.PA-press-2019-02-08-2019-02-08-gdelt-stock-market-today-late""]",,
OR.PA-press-noise-7,OR.PA,press,consequence,-1,outsider_only,untagged,1,True,Goodyear reported weak results.,"[""OR.PA-press-2019-02-08-2019-02-08-gdelt-stock-market-today-late""]",,
OR.PA-press-noise-6,OR.PA,press,consequence,1,outsider_only,untagged,1,True,Higher operating profit for 2018 contributed to improved financial performance.,"[""OR.PA-press-2019-02-08-2019-02-08-gdelt-loreal-shares-edge-high""]",,
OR.PA-press-noise-5,OR.PA,press,precursor,1,outsider_only,untagged,1,True,Dometic reported fourth-quarter profit rose and gave a positive outlook for 2019 sales growth.,"[""OR.PA-press-2019-02-08-2019-02-08-gdelt-european-stocks-falter-""]",,
OR.PA-press-noise-4,OR.PA,press,precursor,1,outsider_only,untagged,1,True,Dometic giving a positive outlook for 2019 sales growth is causing its stock to jump.,"[""OR.PA-press-2019-02-08-2019-02-08-gdelt-european-stocks-falter-""]",,
OR.PA-press-noise-3,OR.PA,press,consequence,-1,outsider_only,untagged,1,True,"DKSH reporting earnings down 11 percent, below estimates, is causing its stock to fall.","[""OR.PA-press-2019-02-08-2019-02-08-gdelt-european-stocks-falter-""]",,
OR.PA-press-noise-2,OR.PA,press,consequence,-1,outsider_only,untagged,1,True,Leoni delivering a significant miss to fourth-quarter earnings expectations is causing its stock to sink.,"[""OR.PA-press-2019-02-08-2019-02-08-gdelt-european-stocks-falter-""]",,
OR.PA-press-noise-1,OR.PA,press,precursor,-1,outsider_only,untagged,1,True,Disappointing earnings from blue chips are causing European stocks to falter.,"[""OR.PA-press-2019-02-08-2019-02-08-gdelt-european-stocks-falter-""]",,
OR.PA-press-0,OR.PA,press,precursor,1,outsider_only,untagged,4,False,Sodium-ion battery technology is reaching a critical inflection point where cost per kWh is beginning to undercut lithiu,"[""OR.PA-press-2022-08-09-2022-08-09-gdelt-insights-on-global-skin"", ""OR.PA-press-2022-08-09-2022-08-09-gdelt-insights-on-global-skin"", ""OR.PA-press-2022-08-09-2022-08-09-gdelt-insights-on-global-skin"", ""OR.PA-press-2022-08-09-2022-08-09-gdelt-insights-on-global-skin""]",,
OR.PA-press-1,OR.PA,press,precursor,-1,outsider_only,untagged,1,False,"Decision makers who delay sodium-ion qualification risk losing competitive advantage in grid-scale tenders, where early ","[""OR.PA-press-2022-08-09-2022-08-09-gdelt-insights-on-global-skin""]",,
OR.PA-press-2,OR.PA,press,consequence,-1,outsider_only,untagged,2,False,"Fiverr International (FVRR +1.65%) is a classic growth stock in the tech sector, which is probably the worst category to","[""OR.PA-press-2022-12-08-2022-12-08-gdelt-down-more-than-70-in-20"", ""OR.PA-press-2022-12-08-2022-12-08-gdelt-down-more-than-70-in-20""]",,
OR.PA-press-3,OR.PA,press,consequence,1,outsider_only,untagged,2,False,"Fiverr took off during the pandemic. Revenue soared in 2020, and the stock price skyrocketed.","[""OR.PA-press-2022-12-08-2022-12-08-gdelt-down-more-than-70-in-20"", ""OR.PA-press-2022-12-08-2022-12-08-gdelt-down-more-than-70-in-20""]",,
OR.PA-press-4,OR.PA,press,precursor,1,outsider_only,untagged,1,False,"Fiverr has turned its focus to cost efficiency as demand slows, and net loss narrowed in the third quarter from $14.3 mi","[""OR.PA-press-2022-12-08-2022-12-08-gdelt-down-more-than-70-in-20""]",,
OR.PA-press-5,OR.PA,press,precursor,-1,outsider_only,untagged,3,False,The U.K.'s FTSE 100 index is expected to open lower due to market expectations.,"[""OR.PA-press-2025-04-17-2025-04-17-gdelt-europe-markets-open-low"", ""OR.PA-press-2025-04-17-2025-04-17-gdelt-european-markets-head-f"", ""OR.PA-press-2025-04-17-2025-04-17-gdelt-siemens-energy-jumps-10""]",,
OR.PA-press-6,OR.PA,press,precursor,1,outsider_only,untagged,1,False,Italy's FTSE MIB is expected to open 70 points higher.,"[""OR.PA-press-2025-02-06-2025-02-06-gdelt-european-markets-edge-t""]",,
OR.PA-press-7,OR.PA,press,precursor,-1,outsider_only,untagged,3,False,Italy's FTSE MIB is expected to open lower due to market expectations.,"[""OR.PA-press-2025-04-17-2025-04-17-gdelt-europe-markets-open-low"", ""OR.PA-press-2025-04-17-2025-04-17-gdelt-european-markets-head-f"", ""OR.PA-press-2025-04-17-2025-04-17-gdelt-siemens-energy-jumps-10""]",,
OR.PA-press-8,OR.PA,press,precursor,-1,outsider_only,untagged,3,False,France's CAC is expected to open lower due to market expectations.,"[""OR.PA-press-2025-04-17-2025-04-17-gdelt-europe-markets-open-low"", ""OR.PA-press-2025-04-17-2025-04-17-gdelt-european-markets-head-f"", ""OR.PA-press-2025-04-17-2025-04-17-gdelt-siemens-energy-jumps-10""]",,
OR.PA-press-9,OR.PA,press,precursor,-1,outsider_only,untagged,3,False,Germany's DAX is expected to open lower due to market expectations.,"[""OR.PA-press-2025-04-17-2025-04-17-gdelt-europe-markets-open-low"", ""OR.PA-press-2025-04-17-2025-04-17-gdelt-european-markets-head-f"", ""OR.PA-press-2025-04-17-2025-04-17-gdelt-siemens-energy-jumps-10""]",,
OR.PA-press-10,OR.PA,press,precursor,1,outsider_only,untagged,2,False,Shareholders of The Interpublic Group of Companies Inc. will receive 0.344 Omnicom shares for each share of Interpublic ,"[""OR.PA-press-2024-12-09-2024-12-09-gdelt-omnicom-to-buy-interpub"", ""OR.PA-press-2024-12-09-2024-12-09-gdelt-omnicom-to-buy-interpub""]",,
OR.PA-press-11,OR.PA,press,consequence,1,outsider_only,untagged,1,False,Shares of Interpublic jumped 10% following the announcement of the acquisition.,"[""OR.PA-press-2024-12-09-2024-12-09-gdelt-omnicom-to-buy-interpub""]",,
OR.PA-press-12,OR.PA,press,precursor,1,outsider_only,untagged,4,False,US stock futures are moving higher after Congressional negotiators reached an agreement to avoid a partial government sh,"[""OR.PA-press-2019-02-12-2019-02-12-gdelt-stock-market-today-late"", ""OR.PA-press-2019-02-12-2019-02-12-gdelt-stock-market-today-late"", ""OR.PA-press-2019-02-12-2019-02-12-gdelt-the-legend-of-ea-new-fo"", ""OR.PA-press-2019-02-12-2019-02-12-gdelt-the-legend-of-ea-new-fo""]",,
OR.PA-press-13,OR.PA,press,precursor,1,outsider_only,untagged,3,False,The strong debut of Electronic Arts' Apex Legends game.,"[""OR.PA-press-2019-02-08-2019-02-08-gdelt-stock-market-today-late"", ""OR.PA-press-2019-02-12-2019-02-12-gdelt-stock-market-today-late"", ""OR.PA-press-2019-02-12-2019-02-12-gdelt-the-legend-of-ea-new-fo""]",,
OR.PA-press-14,OR.PA,press,precursor,1,outsider_only,untagged,1,False,A slowdown in inflation is expected to influence the Federal Reserve's next steps.,"[""OR.PA-press-2023-07-11-2023-07-11-gdelt-china-stimulus-lifts-st""]",,
OR.PA-press-15,OR.PA,press,precursor,-1,outsider_only,untagged,3,False,"The moderation of core inflation to 5% is expected, but may not prevent additional policy tightening.","[""OR.PA-press-2023-07-11-2023-07-11-gdelt-china-stimulus-lifts-st"", ""OR.PA-press-2023-11-11-2023-11-11-gdelt-weekly-market-wrap-euro"", ""OR.PA-press-2025-02-07-2025-02-07-gdelt-trade-war-fears-dampen-""]",,
OR.PA-press-16,OR.PA,press,precursor,-1,outsider_only,untagged,3,False,Jaguar Land Rover Automotive PLC is expected to swing to a loss due to weak sales.,"[""OR.PA-press-2019-02-08-2019-02-08-gdelt-european-stocks-falter-"", ""OR.PA-press-2019-02-08-2019-02-08-gdelt-european-stocks-falter-"", ""OR.PA-press-2019-02-09-2019-02-09-gdelt-weak-earnings-hold-euro""]",,
OR.PA-press-17,OR.PA,press,consequence,-1,outsider_only,untagged,3,False,Jaguar Land Rover’s poor performance in China is causing major headaches for its parent company.,"[""OR.PA-press-2019-02-08-2019-02-08-gdelt-stock-market-today-late"", ""OR.PA-press-2019-02-08-2019-02-08-gdelt-stock-market-today-late"", ""OR.PA-press-2019-02-08-2019-02-08-gdelt-stock-market-today-late""]",,
OR.PA-press-18,OR.PA,press,consequence,1,outsider_only,untagged,4,False,Under Armour's earnings beat demonstrates that its turnaround plan is working.,"[""OR.PA-press-2019-02-12-2019-02-12-gdelt-stock-market-today-late"", ""OR.PA-press-2019-02-12-2019-02-12-gdelt-stock-market-today-late"", ""OR.PA-press-2019-02-12-2019-02-12-gdelt-the-legend-of-ea-new-fo"", ""OR.PA-press-2019-02-12-2019-02-12-gdelt-the-legend-of-ea-new-fo""]",,
OR.PA-press-19,OR.PA,press,precursor,1,outsider_only,untagged,3,False,Launch of a two-year action plan to restore profitability and focus on core brands.,"[""OR.PA-press-2025-02-10-2025-02-10-gdelt-japan-shiseido-says-ann"", ""OR.PA-press-2025-02-10-2025-02-10-gdelt-japan-shiseido-says-ann"", ""OR.PA-press-2025-02-10-2025-02-10-gdelt-shiseido-profit-plunges""]",,
OR.PA-press-20,OR.PA,press,precursor,1,outsider_only,untagged,2,False,"Starbucks Corporation (NASDAQ:SBUX) maintained a 12-year streak of consistent dividend growth, indicating its strong fin","[""OR.PA-press-2023-02-16-2023-02-16-gdelt-billionaire-ken-fisher-"", ""OR.PA-press-2023-02-16-2023-02-16-gdelt-billionaire-ken-fisher-""]",,
OR.PA-press-21,OR.PA,press,consequence,1,outsider_only,untagged,1,False,Starbucks reports a 46% surge in comparable China sales last quarter.,"[""OR.PA-press-2023-08-03-2023-08-03-gdelt-global-firms-warn-of-sl""]",,
OR.PA-press-22,OR.PA,press,precursor,1,outsider_only,untagged,4,False,Improved optimism on global trade led to a rise in Wall Street.,"[""OR.PA-press-2019-02-12-2019-02-12-gdelt-stock-market-today-late"", ""OR.PA-press-2019-02-12-2019-02-12-gdelt-the-legend-of-ea-new-fo"", ""OR.PA-press-2019-12-20-2019-12-20-gdelt-european-stocks-near-re"", ""OR.PA-press-2025-05-07-2025-05-07-gdelt-major-european-markets-""]",,
OR.PA-press-23,OR.PA,press,consequence,1,outsider_only,untagged,1,False,Easing trade tensions between the United States and China lifted investor sentiment globally.,"[""OR.PA-press-2025-04-24-2025-04-24-gdelt-europe-shares-at-near-t""]",,
OR.PA-press-24,OR.PA,press,precursor,1,outsider_only,untagged,4,False,A surprise interest payment by debt-ridden China Evergrande Group buoyed global sentiment.,"[""OR.PA-press-2021-10-22-2021-10-22-gdelt-european-markets-cautio"", ""OR.PA-press-2021-10-22-2021-10-22-gdelt-evergrande-relief-earni"", ""OR.PA-press-2021-10-22-2021-10-22-gdelt-markets-breathe-sigh-of"", ""OR.PA-press-2021-10-23-2021-10-23-gdelt-evergrande-earnings-lif""]",,
OR.PA-press-25,OR.PA,press,precursor,1,outsider_only,untagged,3,False,TSMC's additional $100 billion investment in Arizona to meet strong demand and ward off rivals.,"[""OR.PA-press-2019-02-09-2019-02-09-gdelt-weak-earnings-hold-euro"", ""OR.PA-press-2021-10-23-2021-10-23-gdelt-evergrande-earnings-lif"", ""OR.PA-press-2023-04-20-2023-04-20-gdelt-world-business-quick-ta""]",,
OR.PA-press-26,OR.PA,press,consequence,-1,outsider_only,untagged,4,False,"The national debt has been rising at a faster clip since the 2008 financial crisis, when Congress and the Obama administ","[""OR.PA-press-2019-02-12-2019-02-12-gdelt-stock-market-today-late"", ""OR.PA-press-2019-02-12-2019-02-12-gdelt-stock-market-today-late"", ""OR.PA-press-2019-02-12-2019-02-12-gdelt-the-legend-of-ea-new-fo"", ""OR.PA-press-2019-02-12-2019-02-12-gdelt-the-legend-of-ea-new-fo""]",,
OR.PA-press-27,OR.PA,press,consequence,-1,outsider_only,untagged,3,False,"Pot prices fell in the quarter, in part because of more competition.","[""OR.PA-press-2019-02-12-2019-02-12-gdelt-stock-market-today-late"", ""OR.PA-press-2019-02-12-2019-02-12-gdelt-the-legend-of-ea-new-fo"", ""OR.PA-press-2019-02-12-2019-02-12-gdelt-the-legend-of-ea-new-fo""]",,
OR.PA-press-28,OR.PA,press,precursor,1,outsider_only,untagged,2,False,"Canada legalized recreational marijuana use last October, helping to fuel the surge in demand.","[""OR.PA-press-2019-02-12-2019-02-12-gdelt-stock-market-today-late"", ""OR.PA-press-2019-02-12-2019-02-12-gdelt-the-legend-of-ea-new-fo""]",,
OR.PA-press-29,OR.PA,press,precursor,-1,outsider_only,untagged,1,False,Aurora Cannabis faces challenges in meeting the high demand for its product due to the surge in demand following the leg,"[""OR.PA-press-2019-02-12-2019-02-12-gdelt-stock-market-today-late""]",,
OR.PA-press-30,OR.PA,press,consequence,-1,outsider_only,untagged,1,False,"Aurora Cannabis reported a surge in demand due to the legalization of recreational marijuana use in Canada, but posted a","[""OR.PA-press-2019-02-12-2019-02-12-gdelt-the-legend-of-ea-new-fo""]",,
OR.PA-press-31,OR.PA,press,precursor,1,outsider_only,untagged,5,False,Safran's forecast of increased revenue and earnings for 2026 is causing its shares to jump.,"[""OR.PA-press-2019-12-20-2019-12-20-gdelt-european-stocks-near-re"", ""OR.PA-press-2019-12-20-2019-12-20-gdelt-european-stocks-near-re"", ""OR.PA-press-2023-11-11-2023-11-11-gdelt-weekly-market-wrap-euro"", ""OR.PA-press-2026-02-13-2026-02-13-gdelt-european-shares-slip-as"", ""OR.PA-press-2026-02-13-2026-02-13-gdelt-european-stocks-muted-o""]",,
OR.PA-press-32,OR.PA,press,consequence,1,outsider_only,untagged,1,False,SIG's forecast of full-year underlying operating profit ahead of market estimates boosted its stock performance.,"[""OR.PA-press-2021-10-22-2021-10-22-gdelt-markets-breathe-sigh-of""]",,
OR.PA-press-33,OR.PA,press,precursor,1,outsider_only,untagged,3,False,"Siemens Energy upgraded its fiscal 2025 outlook, leading to a 10% increase in its share price.","[""OR.PA-press-2025-04-17-2025-04-17-gdelt-europe-markets-open-low"", ""OR.PA-press-2025-04-17-2025-04-17-gdelt-european-markets-head-f"", ""OR.PA-press-2025-04-17-2025-04-17-gdelt-siemens-energy-jumps-10""]",,
OR.PA-press-34,OR.PA,press,precursor,1,outsider_only,untagged,3,False,TSMC is discussing chipmaking price increases of up to 10 percent next year to cover rising manufacturing costs.,"[""OR.PA-press-2019-02-09-2019-02-09-gdelt-weak-earnings-hold-euro"", ""OR.PA-press-2021-10-23-2021-10-23-gdelt-evergrande-earnings-lif"", ""OR.PA-press-2023-04-20-2023-04-20-gdelt-world-business-quick-ta""]",,
OR.PA-press-35,OR.PA,press,precursor,1,outsider_only,untagged,5,False,"Continued strength in food and drug retail supported by high food inflation, shift to discount, market share gains, and ","[""OR.PA-press-2023-02-16-2023-02-16-gdelt-inflation-nibbles-at-ne"", ""OR.PA-press-2023-02-16-2023-02-16-gdelt-inflation-nibbles-at-ne"", ""OR.PA-press-2023-02-16-2023-02-16-gdelt-inflation-nibbles-at-ne"", ""OR.PA-press-2023-02-16-2023-02-16-gdelt-inflation-nibbles-at-ne"", ""OR.PA-press-2023-05-03-2023-05-03-gdelt-market-movers-stocks-se""]",,
OR.PA-press-36,OR.PA,press,precursor,-1,outsider_only,untagged,3,False,"Umicore expected 2019 growth to be hit by subdued demand in cars and consumer electronics, and R&D costs.","[""OR.PA-press-2019-02-08-2019-02-08-gdelt-european-stocks-falter-"", ""OR.PA-press-2019-02-08-2019-02-08-gdelt-european-stocks-falter-"", ""OR.PA-press-2019-02-09-2019-02-09-gdelt-weak-earnings-hold-euro""]",,
OR.PA-press-37,OR.PA,press,consequence,1,outsider_only,untagged,1,False,Yum China reports a 25% rise in quarterly revenue but notes decreased spending per person.,"[""OR.PA-press-2023-08-03-2023-08-03-gdelt-global-firms-warn-of-sl""]",,
OR.PA-press-38,OR.PA,press,precursor,1,outsider_only,untagged,2,False,The frugality has brought a bump in earnings and share prices for the likes of fast food chain Yum China Holdings and Un,"[""OR.PA-press-2024-02-28-2024-02-28-gdelt-china-thrifty-shoppers-"", ""OR.PA-press-2024-02-28-2024-02-28-gdelt-china-thrifty-shoppers-""]",,
OR.PA-press-39,OR.PA,press,consequence,-1,outsider_only,untagged,7,False,Jumia's losses widened by 34% to €54.6 million in Q3 2019 due to increased fulfillment expenses.,"[""OR.PA-press-2019-11-12-2019-11-12-gdelt-pan-african-e-tailer-ju"", ""OR.PA-press-2019-11-12-2019-11-12-gdelt-pan-african-e-tailer-ju"", ""OR.PA-press-2019-11-12-2019-11-12-gdelt-pan-african-e-tailer-ju"", ""OR.PA-press-2019-11-26-2019-11-26-gdelt-pan-african-e-tailer-ju"", ""OR.PA-press-2019-11-26-2019-11-26-gdelt-pan-african-e-tailer-ju"", ""OR.PA-press-2019-11-26-2019-11-26-gdelt-pan-african-e-tailer-ju"", ""OR.PA-press-2023-02-04-2023-02-04-gdelt-who-got-rich-and-who-go""]",,
OR.PA-press-40,OR.PA,press,consequence,1,outsider_only,untagged,1,False,"Olaplex nearly doubled sales in 2020, contributing to its strong IPO performance.","[""OR.PA-press-2021-10-19-2021-10-19-gdelt-olpx-stock-builds-ipo-b""]",,
OR.PA-press-41,OR.PA,press,precursor,1,outsider_only,untagged,2,False,A favorable outcome in the patent infringement case could significantly boost Olaplex's stock price.,"[""OR.PA-press-2021-11-15-2021-11-15-gdelt-this-niche-hair-care-st"", ""OR.PA-press-2021-11-15-2021-11-15-gdelt-this-niche-hair-care-st""]",,
OR.PA-press-42,OR.PA,press,precursor,1,outsider_only,untagged,3,False,Proceeds from the sale of Aesop will improve Natura's capital structure and make its debt quite manageable.,"[""OR.PA-press-2023-04-04-2023-04-04-gdelt-loreal-buys-australian-"", ""OR.PA-press-2023-04-04-2023-04-04-gdelt-loreal-to-buy-skin-care"", ""OR.PA-press-2023-04-04-2023-04-04-gdelt-loreal-to-buy-skin-care""]",,
OR.PA-press-43,OR.PA,press,consequence,-1,outsider_only,untagged,2,False,"Concerns over Natura & Co's debt, which was taken on to acquire Aesop in 2013, may have contributed to the drop in the c","[""OR.PA-press-2023-04-05-2023-04-05-gdelt-natura-co-stock-falls-o"", ""OR.PA-press-2023-04-05-2023-04-05-gdelt-natura-co-stock-falls-o""]",,
OR.PA-press-44,OR.PA,press,precursor,-1,outsider_only,untagged,1,False,The sale of Aesop may lead to a decrease in Natura & Co's revenue and profit margins.,"[""OR.PA-press-2023-04-05-2023-04-05-gdelt-natura-co-stock-falls-o""]",,
OR.PA-press-45,OR.PA,press,precursor,1,outsider_only,untagged,2,False,Increase in net sales in Japan supported by purchases from tourists.,"[""OR.PA-press-2025-02-10-2025-02-10-gdelt-japan-shiseido-says-ann"", ""OR.PA-press-2025-02-10-2025-02-10-gdelt-japan-shiseido-says-ann""]",,
OR.PA-press-46,OR.PA,press,consequence,1,outsider_only,untagged,1,False,Increase in net sales in Japan supported by purchases from tourists.,"[""OR.PA-press-2025-02-10-2025-02-10-gdelt-japan-shiseido-says-ann""]",,
OR.PA-press-47,OR.PA,press,consequence,-1,outsider_only,untagged,4,False,"Hermès reported higher revenue but slightly missed analyst expectations, causing its share price to slip 3.2%.","[""OR.PA-press-2024-02-08-2024-02-08-gdelt-news-highlights-top-com"", ""OR.PA-press-2025-04-17-2025-04-17-gdelt-europe-markets-open-low"", ""OR.PA-press-2025-04-17-2025-04-17-gdelt-european-markets-head-f"", ""OR.PA-press-2025-04-17-2025-04-17-gdelt-siemens-energy-jumps-10""]",,
OR.PA-press-48,OR.PA,press,precursor,-1,outsider_only,untagged,3,False,"The increase in tariffs on imports to the U.S. from China will affect the economy and supply chain, including ports and ","[""OR.PA-press-2025-04-17-2025-04-17-gdelt-europe-markets-open-low"", ""OR.PA-press-2025-04-17-2025-04-17-gdelt-european-markets-head-f"", ""OR.PA-press-2025-04-17-2025-04-17-gdelt-siemens-energy-jumps-10""]",,
OR.PA-press-49,OR.PA,press,precursor,-1,outsider_only,untagged,3,False,"U.S. tariffs on Chinese imports have led to canceled sailings by freight ships, impacting the supply chain and logistics","[""OR.PA-press-2025-04-17-2025-04-17-gdelt-europe-markets-open-low"", ""OR.PA-press-2025-04-17-2025-04-17-gdelt-european-markets-head-f"", ""OR.PA-press-2025-04-17-2025-04-17-gdelt-siemens-energy-jumps-10""]",,
OR.PA-press-50,OR.PA,press,consequence,1,outsider_only,untagged,6,False,Jumia’s Gross Merchandise Value (GMV) grew by 39% to €275 million in Q3 2019.,"[""OR.PA-press-2019-11-12-2019-11-12-gdelt-pan-african-e-tailer-ju"", ""OR.PA-press-2019-11-12-2019-11-12-gdelt-pan-african-e-tailer-ju"", ""OR.PA-press-2019-11-12-2019-11-12-gdelt-pan-african-e-tailer-ju"", ""OR.PA-press-2019-11-26-2019-11-26-gdelt-pan-african-e-tailer-ju"", ""OR.PA-press-2019-11-26-2019-11-26-gdelt-pan-african-e-tailer-ju"", ""OR.PA-press-2019-11-26-2019-11-26-gdelt-pan-african-e-tailer-ju""]",,
OR.PA-press-51,OR.PA,press,precursor,1,outsider_only,untagged,4,False,Jumia's expansion of JumiaMall service offering more tailored selling options.,"[""OR.PA-press-2019-11-12-2019-11-12-gdelt-pan-african-e-tailer-ju"", ""OR.PA-press-2019-11-12-2019-11-12-gdelt-pan-african-e-tailer-ju"", ""OR.PA-press-2019-11-12-2019-11-12-gdelt-pan-african-e-tailer-ju"", ""OR.PA-press-2019-11-26-2019-11-26-gdelt-pan-african-e-tailer-ju""]",,
OR.PA-press-52,OR.PA,press,consequence,1,outsider_only,untagged,3,False,"Net profit rose by around 25% over the first half of 2022, contributing to a 30.8% increase in EPS due to a drop in the ","[""OR.PA-press-2022-09-07-2022-09-07-gdelt-loreal-stock-poised-for"", ""OR.PA-press-2022-09-07-2022-09-07-gdelt-loreal-stock-poised-for"", ""OR.PA-press-2022-09-07-2022-09-07-gdelt-loreal-stock-poised-for""]",,
OR.PA-press-53,OR.PA,press,precursor,1,outsider_only,untagged,4,False,Hermes is confident it would outperform the market this year despite a 5.8% slump in North Asia revenue.,"[""OR.PA-press-2019-02-08-2019-02-08-gdelt-european-stocks-falter-"", ""OR.PA-press-2024-02-09-2024-02-09-gdelt-hermes-celebrates-recor"", ""OR.PA-press-2024-02-09-2024-02-09-gdelt-news-highlights-top-com"", ""OR.PA-press-2024-02-09-2024-02-09-gdelt-news-highlights-top-com""]",,
OR.PA-press-54,OR.PA,press,consequence,1,outsider_only,untagged,5,False,Hermes plans to reward all employees worldwide with a bonus following strong growth in 2023.,"[""OR.PA-press-2019-02-08-2019-02-08-gdelt-stock-market-today-late"", ""OR.PA-press-2024-02-09-2024-02-09-gdelt-hermes-celebrates-recor"", ""OR.PA-press-2024-02-09-2024-02-09-gdelt-hermes-celebrates-recor"", ""OR.PA-press-2024-02-09-2024-02-09-gdelt-news-highlights-top-com"", ""OR.PA-press-2024-02-09-2024-02-09-gdelt-news-highlights-top-com""]",,
OR.PA-press-55,OR.PA,press,precursor,1,outsider_only,untagged,4,False,"The Bank of England cut interest rates by 0.25 percentage points, signaling a dovish stance and expectations of further ","[""OR.PA-press-2025-02-06-2025-02-06-gdelt-european-markets-edge-t"", ""OR.PA-press-2025-04-17-2025-04-17-gdelt-europe-markets-open-low"", ""OR.PA-press-2025-04-17-2025-04-17-gdelt-european-markets-head-f"", ""OR.PA-press-2025-04-17-2025-04-17-gdelt-siemens-energy-jumps-10""]",,
OR.PA-press-56,OR.PA,press,precursor,-1,outsider_only,untagged,3,False,Fears about an economic slowdown in the euro zone and a potential full-blown Sino/U.S. trade war are causing European st,"[""OR.PA-press-2019-02-08-2019-02-08-gdelt-european-stocks-falter-"", ""OR.PA-press-2025-02-07-2025-02-07-gdelt-trade-war-fears-dampen-"", ""OR.PA-press-2025-04-08-2025-04-08-gdelt-europe-inc-q1-profits-s""]",,
OR.PA-press-57,OR.PA,press,precursor,-1,outsider_only,untagged,5,False,Skanska cut its dividend and lagged profit estimates.,"[""OR.PA-press-2019-02-08-2019-02-08-gdelt-european-stocks-falter-"", ""OR.PA-press-2019-02-08-2019-02-08-gdelt-european-stocks-falter-"", ""OR.PA-press-2019-02-08-2019-02-08-gdelt-european-stocks-falter-"", ""OR.PA-press-2019-02-08-2019-02-08-gdelt-european-stocks-falter-"", ""OR.PA-press-2019-02-08-2019-02-08-gdelt-european-stocks-falter-""]",,
OR.PA-press-58,OR.PA,press,consequence,-1,outsider_only,untagged,5,False,"The sharp sell-off in Novo Nordisk's shares, after the Danish pharmaceutical rival disappointed investors with its sales","[""OR.PA-press-2019-02-09-2019-02-09-gdelt-weak-earnings-hold-euro"", ""OR.PA-press-2019-02-09-2019-02-09-gdelt-weak-earnings-hold-euro"", ""OR.PA-press-2019-02-09-2019-02-09-gdelt-weak-earnings-hold-euro"", ""OR.PA-press-2019-02-09-2019-02-09-gdelt-weak-earnings-hold-euro"", ""OR.PA-press-2026-02-08-2026-02-08-gdelt-global-week-ahead-tech-""]",,
OR.PA-press-59,OR.PA,press,consequence,-1,outsider_only,untagged,3,False,Nissan’s sales in the US plunged 19% in January.,"[""OR.PA-press-2019-02-12-2019-02-12-gdelt-stock-market-today-late"", ""OR.PA-press-2019-02-12-2019-02-12-gdelt-the-legend-of-ea-new-fo"", ""OR.PA-press-2019-02-12-2019-02-12-gdelt-the-legend-of-ea-new-fo""]",,
OR.PA-press-60,OR.PA,press,precursor,1,outsider_only,untagged,6,False,L'Oreal Korea's strategy to develop K-beauty products appealing to global customers.,"[""OR.PA-press-2023-09-01-2023-09-01-gdelt-loreal-korea-marking-30"", ""OR.PA-press-2023-09-01-2023-09-01-gdelt-loreal-korea-marking-30"", ""OR.PA-press-2023-09-01-2023-09-01-gdelt-loreal-korea-marking-30"", ""OR.PA-press-2023-09-01-2023-09-01-gdelt-loreal-korea-marking-30"", ""OR.PA-press-2025-02-06-2025-02-06-gdelt-lor-al-2024-annual-resu"", ""OR.PA-press-2025-02-06-2025-02-06-gdelt-lor-al-2024-annual-resu""]",,
OR.PA-press-61,OR.PA,press,precursor,1,outsider_only,untagged,3,False,Nestle's decision to buy back 20 billion Swiss francs worth of its shares between 2022 and 2024.,"[""OR.PA-press-2021-12-08-2021-12-08-gdelt-nestle-cuts-loreal-stak"", ""OR.PA-press-2021-12-08-2021-12-08-gdelt-nestle-cuts-loreal-stak"", ""OR.PA-press-2021-12-08-2021-12-08-gdelt-nestle-cuts-loreal-stak""]",,
OR.PA-press-62,OR.PA,press,precursor,1,outsider_only,untagged,4,False,Ulta Beauty's market share gains due to the popularity of Kylie Jenner and Morphe.,"[""OR.PA-press-2019-05-30-2019-05-30-gdelt-ulta-beauty-earnings-re"", ""OR.PA-press-2019-05-30-2019-05-30-gdelt-ulta-beauty-earnings-re"", ""OR.PA-press-2019-10-08-2019-10-08-gdelt-ulta-beauty-trades-near"", ""OR.PA-press-2019-10-08-2019-10-08-gdelt-ulta-beauty-trades-near""]",,
OR.PA-press-63,OR.PA,press,consequence,1,outsider_only,untagged,1,False,Strong holiday demand for cosmetics and perfumes led to increased sales and profit for Ulta Beauty in the fourth quarter,"[""OR.PA-press-2025-03-15-2025-03-15-gdelt-ulta-beauty-tops-quarte""]",,
OR.PA-press-64,OR.PA,press,precursor,1,outsider_only,untagged,2,False,Ulta's full-year outlook for 2019 of 6% to 7% same-store sales growth and earnings per share between $12.65 and $12.85.,"[""OR.PA-press-2019-05-30-2019-05-30-gdelt-ulta-beauty-earnings-re"", ""OR.PA-press-2019-05-30-2019-05-30-gdelt-ulta-beauty-earnings-re""]",,
OR.PA-press-65,OR.PA,press,consequence,-1,outsider_only,untagged,3,False,Ulta Beauty's earnings per share (EPS) decreased 5.9% from 2023 to $16.93 through the first nine months of the year.,"[""OR.PA-press-2019-10-08-2019-10-08-gdelt-ulta-beauty-trades-near"", ""OR.PA-press-2025-02-14-2025-02-14-gdelt-best-stock-to-buy-right"", ""OR.PA-press-2025-02-14-2025-02-14-gdelt-best-stock-to-buy-right""]",,
OR.PA-press-66,OR.PA,press,precursor,-1,outsider_only,untagged,2,False,"The Estée Lauder Companies Inc. has closed all its stores in Russia due to US sanctions, directly hitting this revenue s","[""OR.PA-press-2022-07-08-2022-07-08-gdelt-russia-ukraine-war-is-c"", ""OR.PA-press-2022-07-08-2022-07-08-gdelt-russia-ukraine-war-is-c""]",,
OR.PA-press-67,OR.PA,press,consequence,-1,outsider_only,untagged,6,False,PVH Corp. struggling with supply chain issues resulting in delivery delays.,"[""OR.PA-press-2022-07-08-2022-07-08-gdelt-russia-ukraine-war-is-c"", ""OR.PA-press-2022-07-08-2022-07-08-gdelt-russia-ukraine-war-is-c"", ""OR.PA-press-2022-07-08-2022-07-08-gdelt-russia-ukraine-war-is-c"", ""OR.PA-press-2022-07-08-2022-07-08-gdelt-russia-ukraine-war-is-c"", ""OR.PA-press-2022-07-28-2022-07-28-gdelt-lor-al-lor-al-news-rele"", ""OR.PA-press-2022-07-28-2022-07-28-gdelt-lor-al-lor-al-news-rele""]",,
OR.PA-press-68,OR.PA,press,precursor,1,outsider_only,untagged,7,False,Recovery in beauty product consumption in China as restrictions ease.,"[""OR.PA-press-2020-04-16-2020-04-16-gdelt-loreal-banks-on-cosmeti"", ""OR.PA-press-2022-07-04-2022-07-04-gdelt-10-best-buy-the-dip-con"", ""OR.PA-press-2022-07-04-2022-07-04-gdelt-10-best-buy-the-dip-con"", ""OR.PA-press-2022-07-28-2022-07-28-gdelt-lor-al-lor-al-news-rele"", ""OR.PA-press-2023-09-25-2023-09-25-gdelt-cosmetics-maker-coty-su"", ""OR.PA-press-2023-09-25-2023-09-25-gdelt-cosmetics-maker-coty-su"", ""OR.PA-press-2024-11-08-2024-11-08-gdelt-stepped-up-innovation-a""]",,
OR.PA-press-69,OR.PA,press,consequence,1,outsider_only,untagged,1,False,"Coty Inc. reported better-than-expected fourth-quarter revenue due to the strong performance of the beauty category, whi","[""OR.PA-press-2022-08-25-2022-08-25-gdelt-coty-rides-beauty-boom-""]",,
OR.PA-press-70,OR.PA,press,consequence,-1,outsider_only,untagged,1,False,Coty's cost of sales grew due to higher costs.,"[""OR.PA-press-2023-08-22-2023-08-22-gdelt-coty-forecasts-downbeat""]",,
OR.PA-press-71,OR.PA,press,precursor,1,outsider_only,untagged,4,False,"The launch of blockbuster innovations such as Première by Kérastase, Absolut Repair Molecular by L'Oréal Professionnel, ","[""OR.PA-press-2025-02-06-2025-02-06-gdelt-lor-al-2024-annual-resu"", ""OR.PA-press-2025-02-06-2025-02-06-gdelt-lor-al-2024-annual-resu"", ""OR.PA-press-2025-02-06-2025-02-06-gdelt-lor-al-2024-annual-resu"", ""OR.PA-press-2025-02-06-2025-02-06-gdelt-lor-al-2024-annual-resu""]",,
OR.PA-press-72,OR.PA,press,precursor,1,outsider_only,untagged,3,False,"The acquisition of Rhode by e.l.f. Beauty is expected to boost growth through new brands, international sales, and produ","[""OR.PA-press-2025-06-04-2025-06-04-gdelt-can-hailey-bieber-bring"", ""OR.PA-press-2025-06-04-2025-06-04-gdelt-can-hailey-bieber-bring"", ""OR.PA-press-2025-06-04-2025-06-04-gdelt-can-hailey-bieber-bring""]",,
OR.PA-press-73,OR.PA,press,consequence,1,outsider_only,untagged,3,False,Strong E-commerce and Travel retail performance.,"[""OR.PA-press-2019-02-12-2019-02-12-gdelt-best-sales-growth-repor"", ""OR.PA-press-2019-02-12-2019-02-12-gdelt-best-sales-growth-repor"", ""OR.PA-press-2025-02-06-2025-02-06-gdelt-lor-al-2024-annual-resu""]",,
OR.PA-press-74,OR.PA,press,precursor,1,outsider_only,untagged,5,False,e.l.f. Beauty's acquisition of Naturium has doubled its retail presence in skin care.,"[""OR.PA-press-2023-08-30-2023-08-30-gdelt-e-l-f-beauty-price-targ"", ""OR.PA-press-2023-08-30-2023-08-30-gdelt-e-l-f-beauty-price-targ"", ""OR.PA-press-2023-11-06-2023-11-06-gdelt-is-it-too-late-to-buy-e"", ""OR.PA-press-2023-11-06-2023-11-06-gdelt-is-it-too-late-to-buy-e"", ""OR.PA-press-2025-06-04-2025-06-04-gdelt-can-hailey-bieber-bring""]",,
OR.PA-press-75,OR.PA,press,precursor,1,outsider_only,untagged,5,False,Customers seeking lower-priced makeup and skincare products have boosted Elf's sales.,"[""OR.PA-press-2022-11-22-2022-11-22-gdelt-elf-beauty-cruelty-free"", ""OR.PA-press-2024-11-06-2024-11-06-gdelt-elf-beauty-lifts-annual"", ""OR.PA-press-2024-11-06-2024-11-06-gdelt-elf-beauty-lifts-annual"", ""OR.PA-press-2024-11-06-2024-11-06-gdelt-elf-beauty-lifts-annual"", ""OR.PA-press-2024-11-06-2024-11-06-gdelt-elf-beauty-lifts-annual""]",,
OR.PA-press-76,OR.PA,press,consequence,-1,outsider_only,untagged,5,False,Confinement measures have reduced makeup sales as women are working from home and not using cosmetics.,"[""OR.PA-press-2020-04-16-2020-04-16-gdelt-loreal-predicts-rush-to"", ""OR.PA-press-2020-04-17-2020-04-17-gdelt-loreal-eyes-post-confin"", ""OR.PA-press-2022-07-28-2022-07-28-gdelt-lor-al-lor-al-news-rele"", ""OR.PA-press-2023-12-08-2023-12-08-gdelt-in-china-slowing-beauty"", ""OR.PA-press-2024-11-25-2024-11-25-gdelt-bath-body-works-forecas""]",,
OR.PA-press-77,OR.PA,press,precursor,-1,outsider_only,untagged,3,False,Persistently high inflation and gloomy economy forecasts have led to a decrease in impulse buys for beauty products.,"[""OR.PA-press-2020-07-01-2020-07-01-gdelt-at-multi-year-high-of-6"", ""OR.PA-press-2022-10-29-2022-10-29-gdelt-lipstick-effect-starts-"", ""OR.PA-press-2023-12-08-2023-12-08-gdelt-in-china-slowing-beauty""]",,
OR.PA-press-78,OR.PA,press,consequence,-1,outsider_only,untagged,4,False,Sluggish sales in China due to a drop in consumer spending and rising household savings amid worsening economic sentimen,"[""OR.PA-press-2023-04-20-2023-04-20-gdelt-loreal-sales-rise-despi"", ""OR.PA-press-2025-02-10-2025-02-10-gdelt-japan-shiseido-says-ann"", ""OR.PA-press-2025-02-10-2025-02-10-gdelt-japan-shiseido-says-ann"", ""OR.PA-press-2025-02-10-2025-02-10-gdelt-shiseido-profit-plunges""]",,
OR.PA-press-79,OR.PA,press,precursor,-1,outsider_only,untagged,10,False,"Slower-than-expected recovery in travel retail business, mainly in Asia, and easing demand in the US.","[""OR.PA-press-2023-08-03-2023-08-03-gdelt-global-firms-warn-of-sl"", ""OR.PA-press-2023-08-03-2023-08-03-gdelt-global-firms-warn-of-sl"", ""OR.PA-press-2023-08-18-2023-08-18-gdelt-estee-lauder-forecasts-"", ""OR.PA-press-2023-08-18-2023-08-18-gdelt-estee-lauder-forecasts-"", ""OR.PA-press-2023-08-18-2023-08-18-gdelt-estee-lauder-forecasts-"", ""OR.PA-press-2025-02-07-2025-02-07-gdelt-loreal-sales-miss-estim"", ""OR.PA-press-2025-02-07-2025-02-07-gdelt-loreal-sales-miss-estim"", ""OR.PA-press-2025-02-10-2025-02-10-gdelt-japan-shiseido-says-ann"", ""OR.PA-press-2025-02-10-2025-02-10-gdelt-japan-shiseido-says-ann"", ""OR.PA-press-2025-02-10-2025-02-10-gdelt-shiseido-profit-plunges""]",,
OR.PA-press-80,OR.PA,press,precursor,1,outsider_only,untagged,7,False,"e.l.f. Beauty's management guidance calls for adjusted earnings to reach $2.47 to $2.50 in the current fiscal year, up f","[""OR.PA-press-2023-11-06-2023-11-06-gdelt-is-it-too-late-to-buy-e"", ""OR.PA-press-2024-11-04-2024-11-04-gdelt-where-will-e-l-f-beauty"", ""OR.PA-press-2024-11-04-2024-11-04-gdelt-where-will-e-l-f-beauty"", ""OR.PA-press-2024-11-04-2024-11-04-gdelt-where-will-e-l-f-beauty"", ""OR.PA-press-2024-11-04-2024-11-04-gdelt-where-will-e-l-f-beauty"", ""OR.PA-press-2024-11-04-2024-11-04-gdelt-where-will-e-l-f-beauty"", ""OR.PA-press-2025-02-14-2025-02-14-gdelt-best-stock-to-buy-right""]",,
OR.PA-press-81,OR.PA,press,consequence,1,outsider_only,untagged,8,False,e.l.f. Beauty's adjusted EBITDA rose at a CAGR of 57% from fiscal 2021 to fiscal 2024.,"[""OR.PA-press-2023-11-06-2023-11-06-gdelt-is-it-too-late-to-buy-e"", ""OR.PA-press-2023-11-06-2023-11-06-gdelt-is-it-too-late-to-buy-e"", ""OR.PA-press-2024-11-04-2024-11-04-gdelt-where-will-e-l-f-beauty"", ""OR.PA-press-2024-11-04-2024-11-04-gdelt-where-will-e-l-f-beauty"", ""OR.PA-press-2024-11-04-2024-11-04-gdelt-where-will-e-l-f-beauty"", ""OR.PA-press-2024-11-04-2024-11-04-gdelt-where-will-e-l-f-beauty"", ""OR.PA-press-2024-11-04-2024-11-04-gdelt-where-will-e-l-f-beauty"", ""OR.PA-press-2024-11-04-2024-11-04-gdelt-where-will-e-l-f-beauty""]",,
OR.PA-press-82,OR.PA,press,consequence,1,outsider_only,untagged,3,False,"e.l.f. Beauty's fourth-quarter revenue increased 4% year over year to $332.6 million, beating analyst expectations.","[""OR.PA-press-2023-11-06-2023-11-06-gdelt-is-it-too-late-to-buy-e"", ""OR.PA-press-2025-06-04-2025-06-04-gdelt-can-hailey-bieber-bring"", ""OR.PA-press-2025-06-04-2025-06-04-gdelt-can-hailey-bieber-bring""]",,
OR.PA-press-83,OR.PA,press,consequence,1,outsider_only,untagged,7,False,Increase in net profit excluding non-recurring items after non-controlling interests.,"[""OR.PA-press-2022-07-28-2022-07-28-gdelt-lor-al-lor-al-news-rele"", ""OR.PA-press-2022-07-28-2022-07-28-gdelt-lor-al-lor-al-news-rele"", ""OR.PA-press-2022-07-28-2022-07-28-gdelt-lor-al-lor-al-news-rele"", ""OR.PA-press-2022-07-28-2022-07-28-gdelt-lor-al-lor-al-news-rele"", ""OR.PA-press-2025-02-06-2025-02-06-gdelt-lor-al-2024-annual-resu"", ""OR.PA-press-2025-02-06-2025-02-06-gdelt-lor-al-2024-annual-resu"", ""OR.PA-press-2025-02-06-2025-02-06-gdelt-lor-al-2024-annual-resu""]",,
OR.PA-press-84,OR.PA,press,consequence,1,outsider_only,untagged,3,False,"Net profit after non-controlling interests came out at 6,408.7 million euros, increasing by +3.6%.","[""OR.PA-press-2025-02-06-2025-02-06-gdelt-lor-al-2024-annual-resu"", ""OR.PA-press-2025-02-06-2025-02-06-gdelt-lor-al-2024-annual-resu"", ""OR.PA-press-2025-02-06-2025-02-06-gdelt-lor-al-2024-annual-resu""]",,
OR.PA-press-85,OR.PA,press,precursor,1,outsider_only,untagged,3,False,Estee Lauder is in discussions with Spanish beauty group Puig over a potential merger that could reshape the global frag,"[""OR.PA-press-2026-03-27-2026-03-27-gdelt-estee-lauder-eyes-puig-"", ""OR.PA-press-2026-03-27-2026-03-27-gdelt-estee-lauder-eyes-puig-"", ""OR.PA-press-2026-03-27-2026-03-27-gdelt-estee-lauder-puig-explo""]",,
OR.PA-press-86,OR.PA,press,consequence,1,outsider_only,untagged,3,False,"Haircare remained the fastest-growing category across the three relevant Divisions in SSA, followed by makeup and fragra","[""OR.PA-press-2025-02-06-2025-02-06-gdelt-lor-al-2024-annual-resu"", ""OR.PA-press-2025-02-06-2025-02-06-gdelt-lor-al-2024-annual-resu"", ""OR.PA-press-2025-02-06-2025-02-06-gdelt-lor-al-2024-annual-resu""]",,
OR.PA-press-87,OR.PA,press,precursor,1,outsider_only,untagged,7,False,The reopening of the Chinese economy is expected to drive demand for luxury goods.,"[""OR.PA-press-2023-02-18-2023-02-18-gdelt-luxury-golden-age-makes"", ""OR.PA-press-2023-02-18-2023-02-18-gdelt-luxury-golden-age-makes"", ""OR.PA-press-2023-02-18-2023-02-18-gdelt-luxury-golden-age-makes"", ""OR.PA-press-2023-02-18-2023-02-18-gdelt-luxury-golden-age-makes"", ""OR.PA-press-2023-02-18-2023-02-18-gdelt-luxury-golden-age-makes"", ""OR.PA-press-2023-02-18-2023-02-18-gdelt-luxury-golden-age-makes"", ""OR.PA-press-2023-02-18-2023-02-18-gdelt-luxury-golden-age-makes""]",,
OR.PA-press-88,OR.PA,press,precursor,1,outsider_only,untagged,3,False,"The couture brands, including Yves Saint Laurent in fragrances and makeup, as well as Valentino and Prada in fragrances,","[""OR.PA-press-2025-02-06-2025-02-06-gdelt-lor-al-2024-annual-resu"", ""OR.PA-press-2025-02-06-2025-02-06-gdelt-lor-al-2024-annual-resu"", ""OR.PA-press-2025-02-06-2025-02-06-gdelt-lor-al-2024-annual-resu""]",,
OR.PA-press-89,OR.PA,press,precursor,1,outsider_only,untagged,3,False,The successful launch of Mela B3 benefited La Roche-Posay.,"[""OR.PA-press-2025-02-06-2025-02-06-gdelt-lor-al-2024-annual-resu"", ""OR.PA-press-2025-02-06-2025-02-06-gdelt-lor-al-2024-annual-resu"", ""OR.PA-press-2025-02-06-2025-02-06-gdelt-lor-al-2024-annual-resu""]",,
OR.PA-press-90,OR.PA,press,precursor,-1,outsider_only,untagged,11,False,L’Oreal’s shares are yet to recover after disappointing sales due to a decline in shopping by Chinese travellers trigger,"[""OR.PA-press-2019-07-30-2019-07-30-gdelt-loreal-sales-growth-slo"", ""OR.PA-press-2019-07-30-2019-07-30-gdelt-update-2-weaker-make-up"", ""OR.PA-press-2019-07-30-2019-07-30-gdelt-update-2-weaker-make-up"", ""OR.PA-press-2019-07-30-2019-07-30-gdelt-update-2-weaker-make-up"", ""OR.PA-press-2019-10-30-2019-10-30-gdelt-loreal-shares-surge-on-"", ""OR.PA-press-2023-08-10-2023-08-10-gdelt-china-uneven-recovery-m"", ""OR.PA-press-2023-10-18-2023-10-18-gdelt-fears-that-china-boost-"", ""OR.PA-press-2023-10-18-2023-10-18-gdelt-fears-that-china-boost-"", ""OR.PA-press-2024-02-28-2024-02-28-gdelt-china-thrifty-shoppers-"", ""OR.PA-press-2024-10-23-2024-10-23-gdelt-loreal-results-show-chi"", ""OR.PA-press-2024-10-23-2024-10-23-gdelt-loreal-shares-fall-afte""]",,
OR.PA-press-91,OR.PA,press,consequence,-1,outsider_only,untagged,18,False,"L'Oreal's fourth-quarter sales growth missed estimates, causing its shares to slip.","[""OR.PA-press-2020-04-16-2020-04-16-gdelt-loreal-predicts-rush-to"", ""OR.PA-press-2020-04-17-2020-04-17-gdelt-loreal-eyes-post-confin"", ""OR.PA-press-2022-07-28-2022-07-28-gdelt-lor-al-lor-al-news-rele"", ""OR.PA-press-2022-10-29-2022-10-29-gdelt-lipstick-effect-starts-"", ""OR.PA-press-2023-04-20-2023-04-20-gdelt-world-business-quick-ta"", ""OR.PA-press-2023-10-20-2023-10-20-gdelt-loreal-shares-down-3-3-"", ""OR.PA-press-2024-02-08-2024-02-08-gdelt-loreal-sales-profit-mis"", ""OR.PA-press-2024-10-23-2024-10-23-gdelt-loreal-results-show-chi"", ""OR.PA-press-2024-10-23-2024-10-23-gdelt-loreal-shares-fall-afte"", ""OR.PA-press-2024-11-27-2024-11-27-gdelt-loreal-india-advertisin"", ""OR.PA-press-2024-12-28-2024-12-28-gdelt-french-tycoons-lose-55b"", ""OR.PA-press-2025-02-06-2025-02-06-gdelt-lor-al-2024-annual-resu"", ""OR.PA-press-2025-02-06-2025-02-06-gdelt-lor-al-2024-annual-resu"", ""OR.PA-press-2025-02-06-2025-02-06-gdelt-lor-al-sales-miss-estim"", ""OR.PA-press-2026-02-08-2026-02-08-gdelt-global-week-ahead-tech-"", ""OR.PA-press-2026-02-13-2026-02-13-gdelt-european-shares-slip-as"", ""OR.PA-press-2026-02-13-2026-02-13-gdelt-european-stocks-muted-o"", ""OR.PA-press-2026-02-13-2026-02-13-gdelt-loreal-share-price-stoc""]",,
OR.PA-press-92,OR.PA,press,precursor,1,outsider_only,untagged,1,False,"The Dermatological Beauty Division has seen tremendous growth in the region, with a 40% increase last year and further a","[""OR.PA-press-2023-07-13-2023-07-13-gdelt-loreal-dermatological-b""]",,
OR.PA-press-93,OR.PA,press,consequence,1,outsider_only,untagged,2,False,Dermatological Beauty posted double-digit growth in North Asia.,"[""OR.PA-press-2025-02-06-2025-02-06-gdelt-lor-al-2024-annual-resu"", ""OR.PA-press-2025-02-06-2025-02-06-gdelt-lor-al-2024-annual-resu""]",,
OR.PA-press-94,OR.PA,press,precursor,1,outsider_only,untagged,1,False,"The continued strength of L'Oréal Paris, Maybelline New York, NYX Professional Makeup, and the successful roll-out of Mi","[""OR.PA-press-2025-02-06-2025-02-06-gdelt-lor-al-2024-annual-resu""]",,
OR.PA-press-95,OR.PA,press,consequence,1,outsider_only,untagged,2,False,Consumer Products and L'Oréal Dermatological Beauty were key growth contributors in SSA.,"[""OR.PA-press-2025-02-06-2025-02-06-gdelt-lor-al-2024-annual-resu"", ""OR.PA-press-2025-02-06-2025-02-06-gdelt-lor-al-2024-annual-resu""]",,
OR.PA-press-96,OR.PA,press,precursor,1,outsider_only,untagged,3,False,Berenberg Bank upgraded L’Oreal from a “hold” rating to a “buy” rating.,"[""OR.PA-press-2026-07-24-2026-07-24-gdelt-loreal-sa-otcmkts-lrlcy"", ""OR.PA-press-2026-07-24-2026-07-24-gdelt-loreal-sa-otcmkts-lrlcy"", ""OR.PA-press-2026-07-24-2026-07-24-gdelt-loreal-sa-otcmkts-lrlcy""]",,
OR.PA-press-97,OR.PA,press,precursor,1,outsider_only,untagged,13,False,Estee Lauder's first-quarter sales growth and profit forecast is above expectations.,"[""OR.PA-press-2019-05-01-2019-05-01-gdelt-estee-lauder-raises-201"", ""OR.PA-press-2019-05-01-2019-05-01-gdelt-estee-lauder-raises-201"", ""OR.PA-press-2019-05-01-2019-05-01-gdelt-estee-lauder-raises-201"", ""OR.PA-press-2019-08-19-2019-08-19-gdelt-estee-lauder-sees-no-sl"", ""OR.PA-press-2019-08-19-2019-08-19-gdelt-estee-lauder-sees-no-sl"", ""OR.PA-press-2019-08-19-2019-08-19-gdelt-estee-lauder-sees-no-sl"", ""OR.PA-press-2019-08-19-2019-08-19-gdelt-estee-lauder-sees-no-sl"", ""OR.PA-press-2019-08-19-2019-08-19-gdelt-estee-lauder-sees-no-sl"", ""OR.PA-press-2019-08-19-2019-08-19-gdelt-loreal-estee-lauder-see"", ""OR.PA-press-2019-08-19-2019-08-19-gdelt-loreal-estee-lauder-see"", ""OR.PA-press-2019-08-19-2019-08-19-gdelt-loreal-estee-lauder-see"", ""OR.PA-press-2019-08-19-2019-08-19-gdelt-loreal-estee-lauder-see"", ""OR.PA-press-2026-03-27-2026-03-27-gdelt-estee-lauder-eyes-puig-""]",,
OR.PA-press-98,OR.PA,press,consequence,-1,outsider_only,untagged,6,False,Retailers destocking due to an increase in Covid-19 cases in January 2023 pressured Estee Lauder's sales.,"[""OR.PA-press-2023-05-03-2023-05-03-gdelt-market-movers-stocks-se"", ""OR.PA-press-2023-05-03-2023-05-03-gdelt-market-movers-stocks-se"", ""OR.PA-press-2023-05-04-2023-05-04-gdelt-estee-lauder-sinks-afte"", ""OR.PA-press-2023-12-08-2023-12-08-gdelt-in-china-slowing-beauty"", ""OR.PA-press-2024-10-31-2024-10-31-gdelt-est-e-lauder-withdraws-"", ""OR.PA-press-2026-03-27-2026-03-27-gdelt-estee-lauder-puig-explo""]",,
OR.PA-press-99,OR.PA,press,precursor,-1,outsider_only,untagged,4,False,Estee Lauder is likely to report a 2 per cent fall in revenue and a loss of 3 cents per share for its fourth fiscal quar,"[""OR.PA-press-2023-05-04-2023-05-04-gdelt-estee-lauder-sinks-afte"", ""OR.PA-press-2023-05-04-2023-05-04-gdelt-estee-lauder-sinks-afte"", ""OR.PA-press-2023-08-10-2023-08-10-gdelt-china-uneven-recovery-m"", ""OR.PA-press-2024-10-31-2024-10-31-gdelt-est-e-lauder-withdraws-""]",,
OR.PA-press-100,OR.PA,press,consequence,1,outsider_only,untagged,1,False,"Estee Lauder's fragrance segment grew nine percent in its latest quarterly results, supported by demand from younger con","[""OR.PA-press-2026-03-27-2026-03-27-gdelt-estee-lauder-puig-explo""]",,
OR.PA-press-101,OR.PA,press,precursor,1,outsider_only,untagged,3,False,"L'Oréal's acquisition of Aesop is expected to significantly accelerate Aesop's development in China and travel retail, t","[""OR.PA-press-2023-04-04-2023-04-04-gdelt-loreal-buys-australian-"", ""OR.PA-press-2023-04-04-2023-04-04-gdelt-loreal-to-buy-skin-care"", ""OR.PA-press-2023-04-23-2023-04-23-gdelt-lor-al-latest-acquisiti""]",,
OR.PA-press-102,OR.PA,press,consequence,1,outsider_only,untagged,3,False,Dynamic beauty products market and improving performance of luxury brands.,"[""OR.PA-press-2019-10-30-2019-10-30-gdelt-loreal-shares-shine-as-"", ""OR.PA-press-2025-02-06-2025-02-06-gdelt-lor-al-2024-annual-resu"", ""OR.PA-press-2025-02-06-2025-02-06-gdelt-lor-al-2024-annual-resu""]",,
OR.PA-press-103,OR.PA,press,precursor,1,outsider_only,untagged,2,False,Strong earnings from L’Oreal supported European stocks.,"[""OR.PA-press-2021-10-22-2021-10-22-gdelt-evergrande-relief-earni"", ""OR.PA-press-2021-10-23-2021-10-23-gdelt-evergrande-earnings-lif""]",,
OR.PA-press-104,OR.PA,press,consequence,1,outsider_only,untagged,1,False,Strong earnings from L'Oreal contributed to a rise in European stocks.,"[""OR.PA-press-2021-10-22-2021-10-22-gdelt-markets-breathe-sigh-of""]",,
OR.PA-press-105,OR.PA,press,consequence,1,outsider_only,untagged,3,False,Better-than-expected third-quarter growth led to a rise in L'Oreal's shares.,"[""OR.PA-press-2019-02-12-2019-02-12-gdelt-best-sales-growth-repor"", ""OR.PA-press-2021-10-22-2021-10-22-gdelt-european-markets-cautio"", ""OR.PA-press-2023-12-29-2023-12-29-gdelt-loreal-heiress-francois""]",,
OR.PA-press-106,OR.PA,press,precursor,1,outsider_only,untagged,1,False,L'Oreal's strong performance in luxury cosmetics has positively impacted its share price.,"[""OR.PA-press-2019-10-30-2019-10-30-gdelt-loreal-shares-surge-on-""]",,
OR.PA-press-107,OR.PA,press,precursor,1,outsider_only,untagged,4,False,The expected increase in demand for professional hair products will positively impact L'Oreal's sales later this year.,"[""OR.PA-press-2020-04-16-2020-04-16-gdelt-loreal-predicts-rush-to"", ""OR.PA-press-2020-04-16-2020-04-16-gdelt-loreal-predicts-rush-to"", ""OR.PA-press-2020-04-17-2020-04-17-gdelt-loreal-eyes-post-confin"", ""OR.PA-press-2020-04-17-2020-04-17-gdelt-loreal-eyes-post-confin""]",,
OR.PA-press-108,OR.PA,press,consequence,1,outsider_only,untagged,3,False,"L'Oreal India's revenue from operations increased by 12.6% to Rs 5,576.47 crore in FY24.","[""OR.PA-press-2024-11-27-2024-11-27-gdelt-loreal-india-advertisin"", ""OR.PA-press-2024-11-27-2024-11-27-gdelt-loreal-india-advertisin"", ""OR.PA-press-2024-11-27-2024-11-27-gdelt-loreal-india-advertisin""]",,
OR.PA-press-109,OR.PA,press,consequence,1,outsider_only,untagged,4,False,L'oreal India's total income growth in FY23.,"[""OR.PA-press-2023-10-25-2023-10-25-gdelt-loreal-india-spends-rs-"", ""OR.PA-press-2023-10-25-2023-10-25-gdelt-loreal-india-spends-rs-"", ""OR.PA-press-2023-10-25-2023-10-25-gdelt-loreal-india-spends-rs-"", ""OR.PA-press-2023-10-25-2023-10-25-gdelt-loreal-india-spends-rs-""]",,
OR.PA-press-110,OR.PA,press,consequence,1,outsider_only,untagged,7,False,The surge in e-commerce sales in China has positively impacted L'Oreal's skin and hair-care product sales during the con,"[""OR.PA-press-2019-02-08-2019-02-08-gdelt-stock-market-today-late"", ""OR.PA-press-2019-10-30-2019-10-30-gdelt-loreal-shares-shine-as-"", ""OR.PA-press-2019-10-31-2019-10-31-gdelt-europe-shares-nudge-hig"", ""OR.PA-press-2019-10-31-2019-10-31-gdelt-european-shares-nudge-h"", ""OR.PA-press-2020-04-16-2020-04-16-gdelt-loreal-predicts-rush-to"", ""OR.PA-press-2020-04-16-2020-04-16-gdelt-loreal-predicts-rush-to"", ""OR.PA-press-2020-04-17-2020-04-17-gdelt-loreal-eyes-post-confin""]",,
OR.PA-press-111,OR.PA,press,precursor,1,outsider_only,untagged,4,False,China's reopening is expected to benefit L'Oreal's sales.,"[""OR.PA-press-2019-07-30-2019-07-30-gdelt-loreal-sales-growth-slo"", ""OR.PA-press-2019-07-30-2019-07-30-gdelt-update-2-weaker-make-up"", ""OR.PA-press-2019-10-30-2019-10-30-gdelt-loreal-shares-surge-on-"", ""OR.PA-press-2023-04-20-2023-04-20-gdelt-loreal-sales-rise-despi""]",,
OR.PA-press-112,OR.PA,press,consequence,1,outsider_only,untagged,4,False,Strong Chinese demand for luxury skin creams helped L'Oreal beat sales forecasts in the fourth quarter.,"[""OR.PA-press-2019-02-08-2019-02-08-gdelt-european-stocks-falter-"", ""OR.PA-press-2019-02-08-2019-02-08-gdelt-loreal-shares-edge-high"", ""OR.PA-press-2019-02-08-2019-02-08-gdelt-loreal-shares-edge-high"", ""OR.PA-press-2019-02-09-2019-02-09-gdelt-weak-earnings-hold-euro""]",,
OR.PA-press-113,OR.PA,press,precursor,1,outsider_only,untagged,1,False,Strong demand for luxury skin creams helped L'Oreal beat fourth-quarter sales forecasts.,"[""OR.PA-press-2019-02-08-2019-02-08-gdelt-european-stocks-falter-""]",,
