date,open,high,low,close,volume,adj_close
2000-01-03,33.875,34.20000076293945,32.75,33.0,4044084,8.399470329284668
2000-01-04,33.0,32.95000076293945,31.649999618530273,31.799999237060547,6565240,8.09403133392334
2000-01-05,31.5,31.75,30.774999618530273,31.0,8296864,7.890408992767334
2000-01-06,31.0,31.5,30.100000381469727,30.100000381469727,9581504,7.6613287925720215
2000-01-07,30.5,31.125,29.899999618530273,30.25,16985068,7.699507713317871
2000-01-10,30.625,30.950000762939453,29.674999237060547,30.274999618530273,7909764,7.705870628356934
2000-01-11,30.399999618530273,30.5,29.725000381469727,30.5,7725848,7.763144493103027
2000-01-12,30.125,30.575000762939453,29.975000381469727,30.0,7020096,7.635882377624512
2000-01-13,30.0,30.125,29.625,29.875,5814680,7.604063987731934
2000-01-14,30.125,30.975000381469727,30.0,30.649999618530273,6777968,7.8013200759887695
2000-01-17,30.950000762939453,31.799999237060547,30.950000762939453,31.75,7411212,8.081303596496582
2000-01-18,31.75,31.899999618530273,30.25,30.325000762939453,8380272,7.718600273132324
2000-01-19,31.125,32.224998474121094,30.875,31.75,12372944,8.081303596496582
2000-01-20,32.25,33.5,32.150001525878906,32.32500076293945,13845648,8.227660179138184
2000-01-21,32.25,33.45000076293945,32.025001525878906,32.875,6568556,8.36765193939209
2000-01-24,32.67499923706055,34.375,32.625,33.724998474121094,8316100,8.58399772644043
2000-01-25,33.42499923706055,34.0,33.0,33.07500076293945,7547968,8.418557167053223
2000-01-26,33.275001525878906,33.599998474121094,32.25,32.724998474121094,7936096,8.329474449157715
2000-01-27,33.25,33.25,32.025001525878906,32.82500076293945,6087604,8.354924201965332
2000-01-28,33.5,33.349998474121094,32.20000076293945,32.349998474121094,4399264,8.234023094177246
2000-01-31,31.75,32.32500076293945,31.375,31.799999237060547,5216332,8.09403133392334
2000-02-01,31.625,32.75,31.625,32.375,4742288,8.240385055541992
2000-02-02,32.75,33.75,32.17499923706055,33.625,5084224,8.558551788330078
2000-02-03,34.0,34.25,32.900001525878906,33.42499923706055,6518564,8.507638931274414
2000-02-04,33.974998474121094,34.57500076293945,33.275001525878906,33.79999923706055,5505360,8.6030912399292
2000-02-07,33.75,34.92499923706055,33.57500076293945,33.79999923706055,4864064,8.6030912399292
2000-02-08,34.599998474121094,36.900001525878906,34.275001525878906,35.375,10220100,9.003973960876465
2000-02-09,36.25,37.20000076293945,35.20000076293945,36.775001525878906,12234200,9.360313415527344
2000-02-10,36.5,36.5,34.900001525878906,35.25,9199092,8.97215747833252
2000-02-11,35.70000076293945,35.75,33.17499923706055,34.224998474121094,6944408,8.711263656616211
2000-02-14,34.5,34.75,32.900001525878906,34.025001525878906,4808980,8.660362243652344
2000-02-15,34.75,35.224998474121094,34.125,34.75,6437716,8.844893455505371
2000-02-16,35.125,35.92499923706055,34.875,35.900001525878906,6410680,9.13759994506836
2000-02-17,35.70000076293945,36.224998474121094,34.900001525878906,35.724998474121094,4725108,9.093056678771973
2000-02-18,35.45000076293945,35.775001525878906,34.79999923706055,35.17499923706055,3709480,8.953067779541016
2000-02-21,34.625,34.974998474121094,33.875,34.025001525878906,3240068,8.660362243652344
2000-02-22,34.25,34.625,33.625,34.474998474121094,5069152,8.774896621704102
2000-02-23,34.650001525878906,34.625,33.04999923706055,33.625,6743000,8.558551788330078
2000-02-24,34.275001525878906,34.32500076293945,33.25,33.29999923706055,3835672,8.475826263427734
2000-02-25,34.25,34.974998474121094,33.625,34.5,11310848,8.78126335144043
2000-02-28,34.5,34.95000076293945,33.57500076293945,34.25,6293060,8.717628479003906
2000-02-29,34.70000076293945,34.849998474121094,33.625,34.375,6860536,8.749444007873535
2000-03-01,34.75,34.75,33.625,34.42499923706055,5397200,8.76217269897461
2000-03-02,34.625,34.75,33.25,34.54999923706055,5222812,8.793986320495605
2000-03-03,35.0,35.0,34.125,34.5,4386556,8.78126335144043
2000-03-06,34.5,34.849998474121094,34.025001525878906,34.75,2437492,8.844893455505371
2000-03-07,34.400001525878906,36.0,34.32500076293945,35.474998474121094,6549524,9.029426574707031
2000-03-08,36.20000076293945,37.75,36.025001525878906,37.625,12910060,9.576664924621582
2000-03-09,37.5,37.57500076293945,36.29999923706055,37.45000076293945,7029940,9.532121658325195
2000-03-10,37.474998474121094,37.5,36.025001525878906,36.849998474121094,4792112,9.379403114318848
2000-03-13,36.625,36.849998474121094,35.67499923706055,36.125,2978080,9.194870948791504
2000-03-14,35.82500076293945,36.79999923706055,35.57500076293945,36.5,4441008,9.290321350097656
2000-03-15,36.5,36.974998474121094,36.20000076293945,36.349998474121094,4752124,9.252137184143066
2000-03-16,36.849998474121094,38.0,36.625,37.45000076293945,6445748,9.532121658325195
2000-03-17,37.5,38.0,36.349998474121094,36.525001525878906,5503488,9.296682357788086
2000-03-20,35.75,36.775001525878906,35.70000076293945,36.150001525878906,3907632,9.20123291015625
2000-03-21,36.25,37.0,35.75,36.900001525878906,4880464,9.392132759094238
2000-03-22,36.650001525878906,37.45000076293945,36.125,36.17499923706055,4279924,9.207596778869629
2000-03-23,35.75,36.17499923706055,35.04999923706055,35.625,5004384,9.067605972290039
2000-03-24,35.67499923706055,35.974998474121094,34.67499923706055,35.17499923706055,6034616,8.953067779541016
2000-03-27,35.0,35.17499923706055,34.400001525878906,34.67499923706055,5678044,8.82580280303955
2000-03-28,34.5,35.849998474121094,34.45000076293945,35.75,7022268,9.099418640136719
2000-03-29,35.75,37.599998474121094,35.75,37.0,9035000,9.417585372924805
2000-03-30,37.5,38.79999923706055,37.224998474121094,38.5,11222828,9.799378395080566
2000-03-31,40.95000076293945,41.20000076293945,38.54999923706055,39.400001525878906,15754376,10.028451919555664
2000-04-03,38.974998474121094,40.0,38.25,38.82500076293945,5391452,9.882101058959961
2000-04-04,39.650001525878906,41.849998474121094,39.375,41.75,9985136,10.62659740447998
2000-04-05,40.5,40.599998474121094,38.875,40.0,9387616,10.181172370910645
2000-04-06,39.974998474121094,40.57500076293945,39.32500076293945,40.57500076293945,5838004,10.327524185180664
2000-04-07,40.5,40.599998474121094,38.599998474121094,39.625,7355280,10.085723876953125
2000-04-10,39.625,39.625,37.57500076293945,37.775001525878906,5905032,9.614845275878906
2000-04-11,38.375,39.45000076293945,37.775001525878906,38.375,6062608,9.767561912536621
2000-04-12,38.75,39.57500076293945,38.70000076293945,39.099998474121094,4912240,9.952098846435547
2000-04-13,38.95000076293945,39.974998474121094,38.5,39.974998474121094,4707928,10.174809455871582
2000-04-14,40.0,40.5,38.775001525878906,39.125,5296600,9.958456039428711
2000-04-17,37.5,39.0,37.125,38.349998474121094,5367384,9.761198997497559
2000-04-18,39.0,39.75,37.875,39.0,5735128,9.926644325256348
2000-04-19,39.0,39.5,38.025001525878906,38.125,5463764,9.703930854797363
2000-04-20,39.125,39.125,37.92499923706055,38.525001525878906,6238940,9.805743217468262
2000-04-21,9.631250381469727,9.631250381469727,9.631250381469727,38.525001525878906,0,9.805743217468262
2000-04-24,9.631250381469727,9.631250381469727,9.631250381469727,38.525001525878906,0,9.805743217468262
2000-04-25,38.025001525878906,40.57500076293945,38.025001525878906,40.07500076293945,4914188,10.200260162353516
2000-04-26,40.70000076293945,41.20000076293945,40.54999923706055,40.95000076293945,9400944,10.422972679138184
2000-04-27,41.25,41.75,39.625,40.625,7320432,10.340249061584473
2000-04-28,41.45000076293945,41.75,40.625,41.724998474121094,4525416,10.620237350463867
2000-05-01,10.431249618530273,10.431249618530273,10.431249618530273,41.724998474121094,0,10.620237350463867
2000-05-02,42.0,42.82500076293945,41.525001525878906,41.625,6864456,10.594780921936035
2000-05-03,40.900001525878906,41.375,39.875,40.0,7730632,10.181172370910645
2000-05-04,40.5,41.125,39.775001525878906,41.125,5988124,10.467514038085938
2000-05-05,41.25,42.125,40.32500076293945,40.375,4694536,10.276619911193848
2000-05-08,40.75,41.125,40.20000076293945,40.875,2620208,10.40388298034668
2000-05-09,40.875,41.875,40.599998474121094,41.0,5247492,10.435699462890625
2000-05-10,40.400001525878906,42.349998474121094,40.400001525878906,41.79999923706055,5062520,10.639325141906738
2000-05-11,41.974998474121094,42.57500076293945,41.099998474121094,41.75,5223112,10.62659740447998
2000-05-12,41.849998474121094,42.42499923706055,41.625,42.224998474121094,4787720,10.747498512268066
2000-05-15,42.25,42.599998474121094,41.375,41.5,3470948,10.562965393066406
2000-05-16,42.375,42.70000076293945,41.150001525878906,42.125,4428972,10.722047805786133
2000-05-17,42.125,42.275001525878906,41.625,41.67499923706055,5283436,10.607508659362793
2000-05-18,42.125,43.5,41.625,43.275001525878906,4634336,11.014755249023438
2000-05-19,43.5,43.75,42.099998474121094,42.099998474121094,4864676,10.715686798095703
2000-05-22,42.099998474121094,42.82500076293945,41.875,41.875,3890412,10.658416748046875
2000-05-23,41.67499923706055,42.349998474121094,40.849998474121094,41.17499923706055,9470416,10.480245590209961
2000-05-24,40.79999923706055,41.42499923706055,39.150001525878906,39.150001525878906,13237548,9.96481704711914
2000-05-25,40.099998474121094,40.57500076293945,38.650001525878906,39.849998474121094,10777500,10.142991065979004
2000-05-26,39.474998474121094,40.07500076293945,39.125,39.125,5635252,9.958456039428711
2000-05-29,39.67499923706055,40.29999923706055,39.349998474121094,39.849998474121094,12772168,10.142991065979004
2000-05-30,39.95000076293945,40.375,39.099998474121094,40.375,9068496,10.276619911193848
2000-05-31,40.70000076293945,42.349998474121094,40.42499923706055,42.224998474121094,9340512,10.747498512268066
2000-06-01,42.400001525878906,42.599998474121094,41.525001525878906,41.92499923706055,3194628,10.671143531799316
2000-06-02,41.525001525878906,42.349998474121094,40.875,41.04999923706055,7103200,10.448427200317383
2000-06-05,40.75,41.0,39.75,40.849998474121094,4389392,10.397523880004883
2000-06-06,40.400001525878906,41.474998474121094,39.974998474121094,41.17499923706055,5111072,10.480245590209961
2000-06-07,40.75,41.70000076293945,40.75,41.04999923706055,5427888,10.448427200317383
2000-06-08,40.875,41.599998474121094,40.125,40.400001525878906,6598152,10.282984733581543
2000-06-09,40.5,41.25,40.125,40.275001525878906,2999816,10.251169204711914
2000-06-12,10.068750381469727,10.068750381469727,10.068750381469727,40.275001525878906,0,10.251169204711914
2000-06-13,41.0,41.375,40.400001525878906,41.150001525878906,6850332,10.47387981414795
2000-06-14,41.25,41.29999923706055,40.025001525878906,40.70000076293945,7159704,10.50938606262207
2000-06-15,40.5,40.625,39.525001525878906,39.75,5823296,10.264081001281738
2000-06-16,41.25,41.25,40.25,40.25,7638900,10.39318561553955
2000-06-19,40.29999923706055,41.099998474121094,40.29999923706055,40.775001525878906,3968268,10.528755187988281
2000-06-20,41.025001525878906,41.099998474121094,40.20000076293945,40.349998474121094,4604468,10.419008255004883
2000-06-21,40.0,40.70000076293945,39.67499923706055,40.349998474121094,5150900,10.419008255004883
2000-06-22,40.875,42.150001525878906,40.5,41.625,9549364,10.748233795166016
2000-06-23,41.150001525878906,41.45000076293945,40.75,41.25,21803312,10.651403427124023
2000-06-26,41.0,41.375,40.650001525878906,40.75,7856484,10.522298812866211
2000-06-27,40.849998474121094,40.974998474121094,40.150001525878906,40.875,8839764,10.554570198059082
2000-06-28,40.875,41.349998474121094,40.724998474121094,41.0,5290800,10.586848258972168
2000-06-29,40.79999923706055,40.95000076293945,40.0,40.025001525878906,5291948,10.335087776184082
2000-06-30,39.775001525878906,41.125,39.75,40.150001525878906,8263976,10.367365837097168
2000-07-03,40.125,41.224998474121094,39.79999923706055,41.224998474121094,11002384,10.64494514465332
2000-07-04,41.75,42.95000076293945,41.29999923706055,41.474998474121094,8943228,10.709497451782227
2000-07-05,41.125,41.974998474121094,40.0,40.0,9666776,10.328634262084961
2000-07-06,40.25,40.25,39.599998474121094,39.875,5572552,10.29636001586914
2000-07-07,39.974998474121094,40.54999923706055,39.650001525878906,40.125,4721060,10.360910415649414
2000-07-10,39.57500076293945,40.849998474121094,39.57500076293945,40.5,3280504,10.457742691040039
2000-07-11,40.92499923706055,41.599998474121094,40.125,41.125,4853424,10.619124412536621
2000-07-12,41.5,42.0,40.900001525878906,40.900001525878906,4260812,10.56103515625
2000-07-13,41.5,41.67499923706055,40.625,41.29999923706055,3328448,10.664313316345215
2000-07-14,10.324999809265137,10.324999809265137,10.324999809265137,41.29999923706055,0,10.664313316345215
2000-07-17,40.75,41.099998474121094,40.599998474121094,40.70000076293945,4955184,10.50938606262207
2000-07-18,40.75,41.17499923706055,40.599998474121094,40.775001525878906,4248168,10.528755187988281
2000-07-19,41.125,41.650001525878906,40.125,40.17499923706055,5372152,10.373821258544922
2000-07-20,40.599998474121094,41.04999923706055,40.125,40.625,2939668,10.490015029907227
2000-07-21,40.599998474121094,41.04999923706055,38.95000076293945,39.125,6031640,10.102694511413574
2000-07-24,39.45000076293945,40.349998474121094,39.0,39.75,4965844,10.264081001281738
2000-07-25,39.900001525878906,39.900001525878906,38.5,38.75,4878312,10.005865097045898
2000-07-26,39.25,39.25,37.900001525878906,39.025001525878906,5399280,10.076875686645508
2000-07-27,38.95000076293945,39.82500076293945,38.875,39.54999923706055,4154312,10.212435722351074
2000-07-28,39.95000076293945,40.32500076293945,39.5,39.525001525878906,10001292,10.205982208251953
2000-07-31,39.375,39.974998474121094,39.224998474121094,39.974998474121094,3001044,10.322179794311523
2000-08-01,39.625,40.17499923706055,38.875,39.275001525878906,4861948,10.141427040100098
2000-08-02,39.375,39.70000076293945,38.75,39.45000076293945,5034892,10.186616897583008
2000-08-03,39.5,41.224998474121094,39.5,40.275001525878906,6173456,10.39964485168457
2000-08-04,40.025001525878906,41.07500076293945,39.79999923706055,40.724998474121094,4979480,10.515840530395508
2000-08-07,40.70000076293945,41.849998474121094,40.525001525878906,41.29999923706055,4530040,10.664313316345215
2000-08-08,41.125,41.92499923706055,40.70000076293945,41.400001525878906,5086904,10.690136909484863
2000-08-09,41.45000076293945,41.92499923706055,40.974998474121094,41.724998474121094,3920628,10.774060249328613
2000-08-10,42.0,42.45000076293945,41.67499923706055,41.75,4346188,10.780510902404785
2000-08-11,42.04999923706055,42.54999923706055,41.400001525878906,42.54999923706055,3629508,10.987078666687012
2000-08-14,42.75,42.75,41.79999923706055,42.125,2691948,10.877345085144043
2000-08-15,42.375,43.525001525878906,42.125,43.42499923706055,4726812,11.213018417358398
2000-08-16,43.42499923706055,43.650001525878906,42.849998474121094,43.25,5370800,11.167838096618652
2000-08-17,43.724998474121094,44.474998474121094,43.45000076293945,43.625,6587676,11.264667510986328
2000-08-18,43.92499923706055,44.875,43.724998474121094,44.29999923706055,4997076,11.43896198272705
2000-08-21,43.775001525878906,44.75,43.775001525878906,44.20000076293945,3862700,11.413141250610352
2000-08-22,44.75,45.099998474121094,43.375,43.375,8289816,11.200111389160156
2000-08-23,43.75,44.54999923706055,43.400001525878906,44.25,11253932,11.426047325134277
2000-08-24,44.45000076293945,44.45000076293945,42.79999923706055,43.0,8864632,11.103282928466797
2000-08-25,43.125,43.5,42.375,43.099998474121094,4855992,11.129104614257812
2000-08-28,42.75,43.099998474121094,42.04999923706055,42.82500076293945,6046080,11.058101654052734
2000-08-29,42.875,43.625,42.875,43.5,4366464,11.232385635375977
2000-08-30,43.25,44.32500076293945,43.25,43.400001525878906,4300836,11.20656681060791
2000-08-31,43.5,43.5,41.474998474121094,41.775001525878906,10377676,10.786969184875488
2000-09-01,41.375,42.875,41.375,42.875,6805628,11.071002006530762
2000-09-04,42.875,44.599998474121094,42.849998474121094,44.5,5298044,11.490606307983398
2000-09-05,44.525001525878906,45.224998474121094,43.79999923706055,44.375,6166052,11.458330154418945
2000-09-06,44.525001525878906,45.625,43.57500076293945,45.25,7943368,11.684270858764648
2000-09-07,45.650001525878906,46.375,45.5,45.75,7835120,11.813376426696777
2000-09-08,45.349998474121094,45.70000076293945,44.29999923706055,44.650001525878906,6712552,11.529337882995605
2000-09-11,44.29999923706055,46.650001525878906,44.29999923706055,46.5,7654856,12.007036209106445
2000-09-12,46.5,47.25,45.900001525878906,46.375,8172132,11.974762916564941
2000-09-13,46.25,46.974998474121094,44.625,45.0,9070580,11.619715690612793
2000-09-14,44.57500076293945,44.724998474121094,43.07500076293945,43.95000076293945,13585392,11.348586082458496
2000-09-15,43.974998474121094,45.150001525878906,43.625,45.150001525878906,17584720,11.658446311950684
2000-09-18,45.125,46.0,44.5,45.32500076293945,9816372,11.703634262084961
2000-09-19,45.67499923706055,45.900001525878906,44.900001525878906,45.0,8525856,11.619715690612793
2000-09-20,45.42499923706055,45.42499923706055,44.099998474121094,44.849998474121094,6469092,11.580981254577637
2000-09-21,44.25,45.0,43.29999923706055,43.29999923706055,8552324,11.180747032165527
2000-09-22,43.0,43.45000076293945,41.775001525878906,42.275001525878906,9382368,10.9160795211792
2000-09-25,42.375,42.375,40.70000076293945,40.974998474121094,10831184,10.580395698547363
2000-09-26,40.974998474121094,41.724998474121094,40.79999923706055,41.0,8894960,10.586848258972168
2000-09-27,41.17499923706055,41.92499923706055,40.775001525878906,41.349998474121094,7885560,10.677228927612305
2000-09-28,41.95000076293945,42.17499923706055,41.25,41.42499923706055,5190864,10.696590423583984
2000-09-29,41.5,41.849998474121094,41.17499923706055,41.45000076293945,8639220,10.703049659729004
2000-10-02,40.900001525878906,42.625,40.900001525878906,42.625,6948128,11.006452560424805
2000-10-03,42.79999923706055,43.974998474121094,42.79999923706055,43.275001525878906,5171284,11.17428970336914
2000-10-04,43.25,43.724998474121094,42.525001525878906,42.67499923706055,5781692,11.019364356994629
2000-10-05,42.04999923706055,42.92499923706055,41.525001525878906,42.599998474121094,5274060,10.999993324279785
2000-10-06,42.95000076293945,43.849998474121094,42.625,43.224998474121094,5456876,11.161381721496582
2000-10-09,42.79999923706055,43.349998474121094,42.5,42.724998474121094,4013944,11.03227424621582
2000-10-10,42.75,44.650001525878906,42.75,44.650001525878906,10444092,11.529337882995605
2000-10-11,44.849998474121094,45.349998474121094,44.525001525878906,44.57500076293945,10178564,11.509968757629395
2000-10-12,44.32500076293945,45.875,44.125,45.875,10375684,11.84565544128418
2000-10-13,46.20000076293945,46.224998474121094,44.04999923706055,44.525001525878906,7279476,11.497058868408203
2000-10-16,44.375,44.474998474121094,43.275001525878906,43.275001525878906,8020376,11.17428970336914
2000-10-17,43.349998474121094,43.95000076293945,43.0,43.29999923706055,6282212,11.180747032165527
2000-10-18,42.92499923706055,43.375,42.650001525878906,42.875,6717812,11.071002006530762
2000-10-19,42.95000076293945,43.375,41.775001525878906,43.150001525878906,8685044,11.142014503479004
2000-10-20,42.625,42.75,41.875,42.75,7745256,11.038731575012207
2000-10-23,42.5,43.775001525878906,42.5,43.5,4548708,11.232385635375977
2000-10-24,43.82500076293945,44.0,43.0,43.45000076293945,5862188,11.219478607177734
2000-10-25,43.25,43.75,42.79999923706055,43.42499923706055,6131020,11.213018417358398
2000-10-26,42.775001525878906,43.599998474121094,41.724998474121094,42.099998474121094,9307900,10.870891571044922
2000-10-27,42.25,42.57500076293945,41.025001525878906,41.599998474121094,8393428,10.741781234741211
2000-10-30,40.900001525878906,41.32500076293945,40.07500076293945,41.275001525878906,9779636,10.657854080200195
2000-10-31,41.5,42.67499923706055,41.5,42.150001525878906,8484248,10.883800506591797
2000-11-01,42.224998474121094,43.04999923706055,41.5,42.75,5544396,11.038731575012207
2000-11-02,42.724998474121094,43.099998474121094,41.29999923706055,41.900001525878906,9895420,10.819244384765625
2000-11-03,41.599998474121094,41.70000076293945,40.5,40.75,8822388,10.522298812866211
2000-11-06,40.775001525878906,40.92499923706055,39.54999923706055,39.900001525878906,11448312,10.302818298339844
2000-11-07,40.25,41.125,40.25,40.92499923706055,6523796,10.567482948303223
2000-11-08,41.25,41.849998474121094,40.625,40.75,7803428,10.522298812866211
2000-11-09,41.0,41.5,40.599998474121094,40.599998474121094,8036660,10.483561515808105
2000-11-10,40.599998474121094,41.0,40.04999923706055,40.150001525878906,7875836,10.367365837097168
2000-11-13,40.0,40.79999923706055,40.0,40.474998474121094,5300684,10.45128059387207
2000-11-14,40.650001525878906,41.70000076293945,40.125,41.5,6097296,10.71595573425293
2000-11-15,41.375,42.25,41.25,42.07500076293945,5834696,10.86443042755127
2000-11-16,42.25,42.349998474121094,41.57500076293945,41.95000076293945,4687620,10.832151412963867
2000-11-17,41.875,42.0,41.17499923706055,41.17499923706055,4893952,10.632038116455078
2000-11-20,41.32500076293945,42.07500076293945,41.224998474121094,41.224998474121094,4180824,10.64494514465332
2000-11-21,41.275001525878906,42.375,41.275001525878906,41.95000076293945,6232164,10.832151412963867
2000-11-22,42.400001525878906,42.875,41.375,41.5,9618884,10.71595573425293
2000-11-23,41.95000076293945,42.474998474121094,41.5,42.45000076293945,2915760,10.961260795593262
2000-11-24,42.17499923706055,42.92499923706055,42.0,42.70000076293945,4772540,11.025818824768066
2000-11-27,42.625,43.0,42.42499923706055,42.724998474121094,4687172,11.03227424621582
2000-11-28,42.875,43.224998474121094,42.275001525878906,42.5,17499368,10.974175453186035
2000-11-29,42.474998474121094,42.474998474121094,41.525001525878906,41.54999923706055,7152460,10.728866577148438
2000-11-30,41.20000076293945,41.54999923706055,40.79999923706055,41.07500076293945,6711940,10.606217384338379
2000-12-01,40.75,41.0,39.95000076293945,40.25,9094800,10.39318561553955
2000-12-04,40.0,40.025001525878906,38.900001525878906,39.17499923706055,9174600,10.115610122680664
2000-12-05,39.025001525878906,39.5,39.0,39.5,11150968,10.19952392578125
2000-12-06,39.25,39.29999923706055,36.79999923706055,37.150001525878906,24931924,9.5927152633667
2000-12-07,37.25,38.349998474121094,37.20000076293945,38.349998474121094,13357376,9.902578353881836
2000-12-08,38.45000076293945,38.54999923706055,36.95000076293945,36.95000076293945,11121496,9.54107666015625
2000-12-11,37.25,37.45000076293945,36.32500076293945,36.82500076293945,9634968,9.508800506591797
2000-12-12,36.849998474121094,37.75,36.525001525878906,37.400001525878906,14012772,9.657270431518555
2000-12-13,37.875,38.275001525878906,37.57500076293945,38.275001525878906,7945204,9.883213996887207
2000-12-14,37.974998474121094,38.25,36.92499923706055,37.07500076293945,8480936,9.573351860046387
2000-12-15,36.75,37.224998474121094,36.125,37.0,9521160,9.553986549377441
2000-12-18,37.0,37.849998474121094,36.29999923706055,37.67499923706055,9673192,9.728282928466797
2000-12-19,37.42499923706055,39.224998474121094,37.32500076293945,38.5,11431428,9.941308975219727
2000-12-20,38.224998474121094,38.42499923706055,36.95000076293945,37.375,8541980,9.65081787109375
2000-12-21,36.75,37.875,35.974998474121094,37.875,9702352,9.779926300048828
2000-12-22,37.57500076293945,38.45000076293945,37.42499923706055,38.0,5920732,9.812202453613281
2000-12-25,38.0,38.0,38.0,38.0,0,9.812202453613281
2000-12-26,38.0,38.0,38.0,38.0,0,9.812202453613281
2000-12-27,38.125,39.5,38.125,38.974998474121094,5413888,10.063961029052734
2000-12-28,39.400001525878906,39.724998474121094,38.95000076293945,39.724998474121094,4044516,10.257625579833984
2000-12-29,39.75,40.275001525878906,39.099998474121094,39.599998474121094,4280904,10.225345611572266
2001-01-01,39.599998474121094,39.599998474121094,39.599998474121094,39.599998474121094,0,10.225345611572266
2001-01-02,39.25,40.599998474121094,38.79999923706055,39.599998474121094,6028948,10.225345611572266
2001-01-03,40.25,40.25,38.67499923706055,39.224998474121094,7957060,10.12851619720459
2001-01-04,39.67499923706055,39.67499923706055,37.79999923706055,38.42499923706055,10371252,9.92194938659668
2001-01-05,38.0,38.70000076293945,37.599998474121094,38.5,8990396,9.941308975219727
2001-01-08,38.29999923706055,39.32500076293945,38.125,38.974998474121094,4715128,10.063961029052734
2001-01-09,38.79999923706055,39.07500076293945,37.95000076293945,38.25,6990720,9.876761436462402
2001-01-10,38.17499923706055,38.17499923706055,37.099998474121094,37.400001525878906,7343608,9.657270431518555
2001-01-11,37.5,38.95000076293945,37.5,38.32500076293945,9017572,9.896121978759766
2001-01-12,38.5,39.07500076293945,37.92499923706055,38.79999923706055,8180296,10.018776893615723
2001-01-15,38.79999923706055,39.67499923706055,38.79999923706055,39.57500076293945,4251620,10.218891143798828
2001-01-16,39.57500076293945,39.57500076293945,38.54999923706055,38.57500076293945,7102852,9.960674285888672
2001-01-17,38.75,39.32500076293945,37.67499923706055,37.67499923706055,10315820,9.728282928466797
2001-01-18,37.5,37.5,36.900001525878906,37.025001525878906,9969264,9.560442924499512
2001-01-19,36.849998474121094,37.224998474121094,36.25,36.625,11441872,9.457155227661133
2001-01-22,37.0,37.75,37.0,37.224998474121094,7684812,9.612082481384277
2001-01-23,36.75,37.29999923706055,36.625,36.75,6385364,9.489429473876953
2001-01-24,36.75,36.75,36.75,36.75,0,9.489429473876953
2001-01-25,37.54999923706055,38.82500076293945,37.54999923706055,38.70000076293945,10062880,9.99295425415039
2001-01-26,38.70000076293945,38.70000076293945,38.70000076293945,38.70000076293945,0,9.99295425415039
2001-01-29,38.900001525878906,40.29999923706055,38.82500076293945,39.04999923706055,8835940,10.083327293395996
2001-01-30,39.0,39.650001525878906,38.775001525878906,38.775001525878906,6646920,10.01231861114502
2001-01-31,39.275001525878906,39.625,38.92499923706055,39.625,8056060,10.231802940368652
2001-02-01,39.375,39.57500076293945,38.650001525878906,38.650001525878906,7580420,9.980043411254883
2001-02-02,39.025001525878906,39.54999923706055,38.95000076293945,39.125,6526040,10.102694511413574
2001-02-05,39.32500076293945,40.650001525878906,39.32500076293945,40.375,9998772,10.42546558380127
2001-02-06,40.67499923706055,40.67499923706055,39.82500076293945,40.375,6430140,10.42546558380127
2001-02-07,40.5,40.5,39.25,39.400001525878906,8166340,10.173704147338867
2001-02-08,39.625,40.17499923706055,39.375,39.625,5092200,10.231802940368652
2001-02-09,39.724998474121094,40.125,39.599998474121094,39.724998474121094,6094724,10.257625579833984
2001-02-12,39.70000076293945,40.25,39.224998474121094,40.07500076293945,7541976,10.34799861907959
2001-02-13,40.125,40.25,39.42499923706055,39.75,5045156,10.264081001281738
2001-02-14,39.650001525878906,40.04999923706055,39.29999923706055,40.04999923706055,6798736,10.34154224395752
2001-02-15,39.525001525878906,40.29999923706055,39.525001525878906,39.95000076293945,7370332,10.315719604492188
2001-02-16,40.0,40.224998474121094,39.375,39.400001525878906,7804584,10.173704147338867
2001-02-19,39.25,39.92499923706055,39.25,39.79999923706055,3879088,10.276991844177246
2001-02-20,40.0,40.20000076293945,39.224998474121094,39.224998474121094,7301392,10.12851619720459
2001-02-21,39.224998474121094,39.650001525878906,38.375,39.0,7052328,10.070418357849121
2001-02-22,39.125,39.45000076293945,38.42499923706055,39.375,10113776,10.16724967956543
2001-02-23,39.5,39.525001525878906,37.875,38.57500076293945,10376732,9.960674285888672
2001-02-26,38.375,39.125,37.92499923706055,39.07500076293945,22598860,10.089783668518066
2001-02-27,38.75,39.07500076293945,38.400001525878906,38.75,6878860,10.005865097045898
2001-02-28,38.75,39.42499923706055,37.974998474121094,38.375,7982188,9.90903377532959
2001-03-01,38.25,38.974998474121094,37.75,38.974998474121094,9578044,10.063961029052734
2001-03-02,38.875,38.875,37.5,38.0,7540976,9.812202453613281
2001-03-05,38.474998474121094,38.625,37.54999923706055,38.5,5005868,9.941308975219727
2001-03-06,38.375,38.95000076293945,38.25,38.67499923706055,6567364,9.98649787902832
2001-03-07,38.5,38.775001525878906,38.375,38.375,5808820,9.90903377532959
2001-03-08,38.5,38.95000076293945,38.25,38.525001525878906,6411964,9.947768211364746
2001-03-09,38.474998474121094,38.92499923706055,37.92499923706055,38.349998474121094,5597880,9.902578353881836
2001-03-12,38.125,38.400001525878906,37.5,37.650001525878906,4642092,9.72182559967041
2001-03-13,37.5,37.974998474121094,37.0,37.224998474121094,7419560,9.612082481384277
2001-03-14,37.224998474121094,37.224998474121094,37.224998474121094,37.224998474121094,0,9.612082481384277
2001-03-15,38.375,39.17499923706055,37.775001525878906,39.0,9528548,10.070418357849121
2001-03-16,38.974998474121094,39.275001525878906,38.275001525878906,38.275001525878906,8704732,9.883213996887207
2001-03-19,38.25,39.125,37.849998474121094,37.849998474121094,8875456,9.773470878601074
2001-03-20,38.099998474121094,38.5,37.42499923706055,38.25,8502468,9.876761436462402
2001-03-21,37.900001525878906,38.900001525878906,37.599998474121094,38.5,12266376,9.941308975219727
2001-03-22,38.525001525878906,38.75,37.650001525878906,37.724998474121094,9055092,9.741192817687988
2001-03-23,37.70000076293945,37.70000076293945,36.25,36.75,12462068,9.489429473876953
2001-03-26,36.775001525878906,37.875,36.54999923706055,37.375,7646344,9.65081787109375
2001-03-27,37.625,38.57500076293945,37.125,38.45000076293945,9559060,9.928400993347168
2001-03-28,38.70000076293945,38.724998474121094,37.95000076293945,38.17499923706055,6688608,9.857389450073242
2001-03-29,37.75,38.54999923706055,37.32500076293945,38.54999923706055,8693208,9.954219818115234
2001-03-30,38.5,39.04999923706055,38.0,38.375,8557320,9.90903377532959
2001-04-02,38.625,39.099998474121094,37.92499923706055,39.0,7078768,10.070418357849121
2001-04-03,38.625,39.0,38.150001525878906,38.25,8222736,9.876761436462402
2001-04-04,38.125,38.875,37.125,38.625,8845416,9.973590850830078
2001-04-05,39.0,39.25,37.92499923706055,38.42499923706055,9452356,9.92194938659668
2001-04-06,38.849998474121094,39.20000076293945,37.79999923706055,39.20000076293945,6656720,10.122065544128418
2001-04-09,38.875,39.67499923706055,38.775001525878906,39.0,7316372,10.070418357849121
2001-04-10,39.54999923706055,40.099998474121094,39.275001525878906,39.875,7522380,10.29636001586914
2001-04-11,39.5,40.5,39.400001525878906,39.75,13302172,10.264081001281738
2001-04-12,39.724998474121094,40.400001525878906,39.32500076293945,40.125,5384648,10.360910415649414
2001-04-13,40.125,40.125,40.125,40.125,0,10.360910415649414
2001-04-16,40.125,40.125,40.125,40.125,0,10.360910415649414
2001-04-17,40.25,40.849998474121094,39.75,40.474998474121094,4499952,10.45128059387207
2001-04-18,40.599998474121094,41.25,40.150001525878906,40.150001525878906,10143596,10.367365837097168
2001-04-19,40.25,40.57500076293945,39.54999923706055,40.0,21251336,10.328634262084961
2001-04-20,39.849998474121094,40.0,39.25,39.849998474121094,6800172,10.289900779724121
2001-04-23,39.849998474121094,40.474998474121094,39.45000076293945,39.75,7011332,10.264081001281738
2001-04-24,40.125,40.875,39.95000076293945,40.724998474121094,9034940,10.515840530395508
2001-04-25,40.375,41.525001525878906,40.17499923706055,41.125,10738152,10.619124412536621
2001-04-26,40.775001525878906,41.775001525878906,40.67499923706055,41.70000076293945,11159880,10.767600059509277
2001-04-27,41.57500076293945,42.5,41.25,42.42499923706055,14961192,10.95480728149414
2001-04-30,42.25,42.70000076293945,41.775001525878906,42.0,8514332,10.845063209533691
2001-05-01,42.0,42.0,42.0,42.0,0,10.845063209533691
2001-05-02,42.04999923706055,42.099998474121094,40.650001525878906,40.70000076293945,11072928,10.50938606262207
2001-05-03,40.70000076293945,40.70000076293945,39.17499923706055,39.29999923706055,10994144,10.147883415222168
2001-05-04,39.67499923706055,40.54999923706055,39.45000076293945,40.07500076293945,9022296,10.34799861907959
2001-05-07,40.07500076293945,40.07500076293945,40.07500076293945,40.07500076293945,0,10.34799861907959
2001-05-08,41.20000076293945,41.42499923706055,40.775001525878906,41.125,7149224,10.619124412536621
2001-05-09,41.099998474121094,41.375,40.82500076293945,41.224998474121094,7713624,10.64494514465332
2001-05-10,41.5,42.32500076293945,41.400001525878906,42.25,9596508,10.909622192382812
2001-05-11,42.25,42.25,42.25,42.25,0,10.909622192382812
2001-05-14,41.625,42.07500076293945,40.900001525878906,41.724998474121094,6467372,10.774060249328613
2001-05-15,42.025001525878906,42.45000076293945,41.775001525878906,42.45000076293945,17433508,10.961260795593262
2001-05-16,42.150001525878906,42.400001525878906,41.82500076293945,42.25,6278808,10.909622192382812
2001-05-17,42.474998474121094,43.099998474121094,41.79999923706055,42.150001525878906,10423916,10.883800506591797
2001-05-18,42.349998474121094,43.75,42.25,43.67499923706055,13133768,11.277573585510254
2001-05-21,43.849998474121094,44.5,43.82500076293945,44.04999923706055,8029992,11.374406814575195
2001-05-22,44.0,44.125,43.349998474121094,43.67499923706055,10677452,11.277573585510254
2001-05-23,43.349998474121094,43.75,43.07500076293945,43.375,15195312,11.200111389160156
2001-05-24,43.125,44.025001525878906,43.125,44.0,3656364,11.361495018005371
2001-05-25,43.75,43.849998474121094,43.224998474121094,43.54999923706055,5795804,11.24530029296875
2001-05-28,43.724998474121094,44.125,43.57500076293945,44.0,2558116,11.361495018005371
2001-05-29,43.375,44.29999923706055,42.92499923706055,44.125,10782096,11.611493110656738
2001-05-30,43.92499923706055,44.25,43.375,43.57500076293945,17584556,11.46675968170166
2001-05-31,43.375,44.025001525878906,42.974998474121094,42.974998474121094,10149620,11.308865547180176
2001-06-01,43.375,44.150001525878906,43.275001525878906,43.75,7806828,11.512812614440918
2001-06-04,43.75,43.75,43.75,43.75,0,11.512812614440918
2001-06-05,44.25,44.95000076293945,44.150001525878906,44.875,12941416,11.808853149414062
2001-06-06,44.5,44.5,43.650001525878906,43.775001525878906,7775700,11.519390106201172
2001-06-07,43.474998474121094,43.875,42.95000076293945,43.45000076293945,11301996,11.43386173248291
2001-06-08,43.29999923706055,43.95000076293945,43.29999923706055,43.5,5211540,11.447015762329102
2001-06-11,43.724998474121094,44.0,43.25,43.5,7072676,11.447015762329102
2001-06-12,43.75,43.82500076293945,43.0,43.150001525878906,5813364,11.354915618896484
2001-06-13,43.57500076293945,43.875,43.20000076293945,43.650001525878906,6507848,11.486493110656738
2001-06-14,43.70000076293945,43.82500076293945,43.25,43.25,7932816,11.381235122680664
2001-06-15,43.125,43.54999923706055,42.650001525878906,43.54999923706055,8501220,11.460179328918457
2001-06-18,43.5,43.57500076293945,41.82500076293945,41.82500076293945,8456400,11.006246566772461
2001-06-19,42.099998474121094,42.775001525878906,42.025001525878906,42.5,13718344,11.183873176574707
2001-06-20,42.5,43.224998474121094,41.525001525878906,43.0,14248548,11.315446853637695
2001-06-21,42.75,42.849998474121094,41.92499923706055,42.375,12307028,11.150978088378906
2001-06-22,42.375,43.17499923706055,41.82500076293945,42.25,12567008,11.118084907531738
2001-06-25,42.125,43.125,42.04999923706055,42.875,7759360,11.282552719116211
2001-06-26,42.650001525878906,42.92499923706055,42.224998474121094,42.400001525878906,8935028,11.157559394836426
2001-06-27,42.375,42.375,41.724998474121094,41.724998474121094,7817228,10.97993278503418
2001-06-28,41.125,41.17499923706055,39.82500076293945,40.75,18728620,10.72336196899414
2001-06-29,40.724998474121094,41.42499923706055,39.79999923706055,41.349998474121094,17545584,10.881251335144043
2001-07-02,41.45000076293945,41.625,40.70000076293945,40.974998474121094,10181532,10.78256893157959
2001-07-03,40.92499923706055,40.95000076293945,39.775001525878906,39.92499923706055,9136740,10.506260871887207
2001-07-04,40.25,40.474998474121094,39.625,40.42499923706055,7041416,10.637831687927246
2001-07-05,40.375,41.125,40.20000076293945,40.974998474121094,8771968,10.78256893157959
2001-07-06,41.0,41.0,40.29999923706055,40.42499923706055,8714696,10.637831687927246
2001-07-09,40.42499923706055,40.900001525878906,39.54999923706055,40.875,8832436,10.756250381469727
2001-07-10,40.42499923706055,40.70000076293945,39.70000076293945,39.775001525878906,8085828,10.466787338256836
2001-07-11,39.224998474121094,39.724998474121094,39.17499923706055,39.25,9891108,10.328631401062012
2001-07-12,39.625,39.875,39.275001525878906,39.70000076293945,18084540,10.447054862976074
2001-07-13,39.70000076293945,39.70000076293945,39.70000076293945,39.70000076293945,0,10.447054862976074
2001-07-16,40.375,40.375,39.54999923706055,40.0,6804388,10.52599811553955
2001-07-17,39.5,39.79999923706055,39.400001525878906,39.75,6212468,10.460210800170898
2001-07-18,39.5,39.57500076293945,37.79999923706055,37.79999923706055,17500200,9.947064399719238
2001-07-19,38.0,38.724998474121094,37.099998474121094,38.625,12739428,10.164168357849121
2001-07-20,38.5,39.400001525878906,38.04999923706055,39.224998474121094,10217924,10.322052001953125
2001-07-23,39.625,40.150001525878906,39.32500076293945,39.42499923706055,10551284,10.374683380126953
2001-07-24,39.29999923706055,39.724998474121094,38.400001525878906,38.625,8748964,10.164168357849121
2001-07-25,38.375,38.974998474121094,37.79999923706055,38.17499923706055,8933060,10.045747756958008
2001-07-26,38.5,39.599998474121094,38.5,39.5,22629620,10.39441967010498
2001-07-27,39.42499923706055,40.025001525878906,39.29999923706055,39.875,9563372,10.4931058883667
2001-07-30,40.0,40.57500076293945,39.650001525878906,40.099998474121094,6530372,10.552309036254883
2001-07-31,39.92499923706055,40.849998474121094,39.70000076293945,40.650001525878906,8817792,10.69704532623291
2001-08-01,40.75,41.20000076293945,40.67499923706055,41.0,6414156,10.78914737701416
2001-08-02,41.025001525878906,41.349998474121094,39.92499923706055,40.400001525878906,10570952,10.631256103515625
2001-08-03,40.5,40.57500076293945,39.75,40.025001525878906,8464736,10.532575607299805
2001-08-06,39.849998474121094,40.20000076293945,39.275001525878906,40.099998474121094,8849348,10.552309036254883
2001-08-07,40.0,40.375,39.375,40.20000076293945,7680720,10.57862377166748
2001-08-08,40.32500076293945,40.650001525878906,39.70000076293945,40.0,7994052,10.52599811553955
2001-08-09,39.54999923706055,39.67499923706055,39.025001525878906,39.5,7924776,10.39441967010498
2001-08-10,39.625,39.900001525878906,38.92499923706055,39.04999923706055,6063260,10.276004791259766
2001-08-13,39.5,40.375,39.07500076293945,40.375,8230584,10.624676704406738
2001-08-14,40.45000076293945,40.95000076293945,40.20000076293945,40.57500076293945,6603320,10.677306175231934
2001-08-15,40.625,41.29999923706055,40.42499923706055,40.92499923706055,6598480,10.7694091796875
2001-08-16,40.92499923706055,41.07500076293945,40.125,40.79999923706055,7236004,10.736517906188965
2001-08-17,40.724998474121094,40.900001525878906,39.474998474121094,40.0,8097992,10.52599811553955
2001-08-20,40.0,40.150001525878906,39.17499923706055,39.900001525878906,4347452,10.499686241149902
2001-08-21,39.92499923706055,40.29999923706055,39.525001525878906,40.275001525878906,6611056,10.598362922668457
2001-08-22,40.224998474121094,41.125,40.099998474121094,40.724998474121094,11304264,10.716780662536621
2001-08-23,40.875,40.974998474121094,40.07500076293945,40.400001525878906,6301892,10.631256103515625
2001-08-24,40.625,41.125,40.525001525878906,41.0,7057056,10.78914737701416
2001-08-27,41.0,41.375,40.849998474121094,40.849998474121094,3907248,10.749676704406738
2001-08-28,40.70000076293945,41.125,39.900001525878906,40.04999923706055,8088880,10.539152145385742
2001-08-29,40.0,40.599998474121094,39.5,40.42499923706055,8422592,10.637831687927246
2001-08-30,40.54999923706055,40.92499923706055,39.775001525878906,39.82500076293945,9760800,10.479945182800293
2001-08-31,39.82500076293945,40.67499923706055,39.650001525878906,40.67499923706055,9270120,10.703624725341797
2001-09-03,40.75,40.75,39.70000076293945,40.25,5306668,10.591782569885254
2001-09-04,40.625,40.95000076293945,39.849998474121094,40.75,10071592,10.72336196899414
2001-09-05,40.5,41.125,40.25,40.25,10074624,10.591782569885254
2001-09-06,40.75,40.875,40.025001525878906,40.625,13406772,10.690463066101074
2001-09-07,40.5,40.75,39.95000076293945,40.025001525878906,11170412,10.532575607299805
2001-09-10,40.025001525878906,40.400001525878906,38.525001525878906,39.95000076293945,15719844,10.512835502624512
2001-09-11,40.17499923706055,42.150001525878906,39.900001525878906,40.0,29333832,10.52599811553955
2001-09-12,39.849998474121094,40.625,38.125,39.25,20361700,10.328631401062012
2001-09-13,39.125,39.375,38.57500076293945,38.724998474121094,11118216,10.19048023223877
2001-09-14,38.974998474121094,39.25,37.0,37.04999923706055,18449864,9.749706268310547
2001-09-17,37.125,37.75,35.900001525878906,37.67499923706055,18263872,9.914172172546387
2001-09-18,37.375,38.349998474121094,36.92499923706055,38.349998474121094,15500940,10.091798782348633
2001-09-19,37.474998474121094,38.17499923706055,35.625,35.875,16247616,9.440502166748047
2001-09-20,35.5,35.875,33.82500076293945,34.25,16318740,9.01288890838623
2001-09-21,33.79999923706055,33.82500076293945,31.5,32.54999923706055,23490948,8.565526008605957
2001-09-24,33.025001525878906,33.95000076293945,33.025001525878906,33.875,14481316,8.914204597473145
2001-09-25,32.875,33.724998474121094,32.20000076293945,33.5,15591728,8.815521240234375
2001-09-26,33.375,35.625,33.0,34.849998474121094,19086888,9.17077350616455
2001-09-27,34.75,36.20000076293945,34.599998474121094,35.95000076293945,17653192,9.460237503051758
2001-09-28,36.70000076293945,37.45000076293945,36.17499923706055,36.875,20276344,9.703655242919922
2001-10-01,36.875,36.875,35.5,36.07500076293945,11313220,9.493134498596191
2001-10-02,36.25,37.0,35.875,36.875,11330072,9.703655242919922
2001-10-03,36.75,36.75,35.5,36.57500076293945,12876296,9.62470531463623
2001-10-04,37.125,37.974998474121094,36.70000076293945,37.974998474121094,15278124,9.993118286132812
2001-10-05,37.70000076293945,38.625,37.525001525878906,38.04999923706055,11565760,10.012855529785156
2001-10-08,37.67499923706055,38.07500076293945,36.79999923706055,38.07500076293945,10882428,10.019433975219727
2001-10-09,37.875,38.724998474121094,37.5,38.224998474121094,11049088,10.058908462524414
2001-10-10,38.224998474121094,39.79999923706055,37.849998474121094,39.79999923706055,10975280,10.473369598388672
2001-10-11,39.875,40.54999923706055,39.45000076293945,39.775001525878906,15771320,10.466787338256836
2001-10-12,39.95000076293945,40.32500076293945,39.25,40.25,10323680,10.591782569885254
2001-10-15,39.650001525878906,39.900001525878906,39.0,39.275001525878906,5813280,10.335214614868164
2001-10-16,39.29999923706055,39.92499923706055,38.900001525878906,39.375,9759744,10.361528396606445
2001-10-17,39.70000076293945,39.79999923706055,38.95000076293945,39.625,11451548,10.427316665649414
2001-10-18,39.0,39.150001525878906,38.32500076293945,38.650001525878906,9069348,10.170744895935059
2001-10-19,38.275001525878906,38.5,36.79999923706055,37.525001525878906,13465776,9.874700546264648
2001-10-22,37.75,38.474998474121094,37.224998474121094,38.349998474121094,6038216,10.091798782348633
2001-10-23,38.75,39.29999923706055,38.42499923706055,38.974998474121094,12425376,10.256266593933105
2001-10-24,38.45000076293945,39.45000076293945,38.17499923706055,38.625,11925752,10.164168357849121
2001-10-25,38.724998474121094,39.224998474121094,38.25,38.625,9407444,10.164168357849121
2001-10-26,39.04999923706055,39.82500076293945,38.775001525878906,39.79999923706055,8321836,10.473369598388672
2001-10-29,39.75,40.04999923706055,39.45000076293945,39.599998474121094,9015584,10.420738220214844
2001-10-30,39.25,39.45000076293945,38.45000076293945,38.75,8331920,10.197061538696289
2001-10-31,38.375,39.724998474121094,37.875,39.0,8729160,10.262848854064941
2001-11-01,38.900001525878906,38.974998474121094,37.724998474121094,38.974998474121094,10456396,10.256266593933105
2001-11-02,39.0,39.17499923706055,38.025001525878906,38.54999923706055,8855424,10.144429206848145
2001-11-05,38.474998474121094,39.375,38.400001525878906,39.04999923706055,8568912,10.276004791259766
2001-11-06,39.20000076293945,39.375,37.95000076293945,38.0,9823012,9.999700546264648
2001-11-07,38.04999923706055,38.54999923706055,37.349998474121094,37.900001525878906,11411212,9.97338581085205
2001-11-08,38.0,39.04999923706055,37.95000076293945,38.75,9533844,10.197061538696289
2001-11-09,38.625,39.29999923706055,38.5,38.775001525878906,7475676,10.203642845153809
2001-11-12,38.95000076293945,39.20000076293945,37.525001525878906,37.57500076293945,8628192,9.887858390808105
2001-11-13,38.125,39.5,38.04999923706055,39.29999923706055,9210196,10.341791152954102
2001-11-14,39.375,39.95000076293945,36.849998474121094,37.125,21738204,9.769440650939941
2001-11-15,36.625,36.724998474121094,34.474998474121094,34.5,31829568,9.07867431640625
2001-11-16,35.125,36.0,34.07500076293945,35.5,18428708,9.341819763183594
2001-11-19,35.82500076293945,36.400001525878906,35.400001525878906,35.79999923706055,8927532,9.42076587677002
2001-11-20,35.849998474121094,36.974998474121094,35.04999923706055,36.54999923706055,13437688,9.61812686920166
2001-11-21,37.0,37.349998474121094,36.54999923706055,36.95000076293945,11092836,9.723389625549316
2001-11-22,36.974998474121094,37.875,36.625,37.474998474121094,7843896,9.861540794372559
2001-11-23,37.875,38.150001525878906,36.20000076293945,37.375,12471212,9.835226058959961
2001-11-26,37.400001525878906,37.400001525878906,35.79999923706055,36.224998474121094,13531924,9.532605171203613
2001-11-27,36.29999923706055,36.57500076293945,35.17499923706055,35.875,13200304,9.440502166748047
2001-11-28,35.75,35.95000076293945,35.150001525878906,35.650001525878906,8580996,9.381291389465332
2001-11-29,35.150001525878906,36.17499923706055,35.125,35.849998474121094,10581540,9.43392276763916
2001-11-30,35.75,36.17499923706055,35.375,35.625,8775548,9.374712944030762
2001-12-03,35.54999923706055,36.5,35.275001525878906,36.45000076293945,9096828,9.591816902160645
2001-12-04,36.70000076293945,37.349998474121094,36.474998474121094,37.224998474121094,10303784,9.795753479003906
2001-12-05,37.099998474121094,38.349998474121094,36.95000076293945,38.275001525878906,13940084,10.072067260742188
2001-12-06,38.375,38.625,37.625,38.25,10951712,10.0654878616333
2001-12-07,37.82500076293945,38.04999923706055,37.45000076293945,37.70000076293945,9647768,9.920754432678223
2001-12-10,37.79999923706055,37.900001525878906,36.900001525878906,37.17499923706055,7260236,9.782599449157715
2001-12-11,36.82500076293945,37.525001525878906,36.775001525878906,37.375,7788712,9.835226058959961
2001-12-12,37.224998474121094,37.375,36.75,37.17499923706055,7132340,9.782599449157715
2001-12-13,37.04999923706055,37.150001525878906,35.974998474121094,36.29999923706055,18019356,9.55234432220459
2001-12-14,36.0,36.150001525878906,35.775001525878906,35.92499923706055,9966312,9.453659057617188
2001-12-17,36.125,37.599998474121094,35.75,37.375,14384644,9.835226058959961
2001-12-18,37.25,38.025001525878906,37.099998474121094,37.650001525878906,12409660,9.907591819763184
2001-12-19,37.724998474121094,37.92499923706055,37.17499923706055,37.70000076293945,9324600,9.920754432678223
2001-12-20,37.5,38.400001525878906,37.5,38.0,9187988,9.999700546264648
2001-12-21,37.625,39.17499923706055,37.45000076293945,38.5,13087444,10.131272315979004
2001-12-24,38.5,38.974998474121094,38.025001525878906,38.775001525878906,2130784,10.203642845153809
2001-12-25,9.693750381469727,9.693750381469727,9.693750381469727,38.775001525878906,0,10.203642845153809
2001-12-26,9.693750381469727,9.693750381469727,9.693750381469727,38.775001525878906,0,10.203642845153809
2001-12-27,39.275001525878906,39.724998474121094,38.900001525878906,39.42499923706055,5938852,10.374683380126953
2001-12-28,39.67499923706055,40.099998474121094,39.474998474121094,40.099998474121094,7052612,10.552309036254883
2001-12-31,10.024999618530273,10.024999618530273,10.024999618530273,40.099998474121094,0,10.552309036254883
2002-01-01,10.024999618530273,10.024999618530273,10.024999618530273,40.099998474121094,0,10.552309036254883
2002-01-02,39.525001525878906,39.875,38.974998474121094,39.400001525878906,9096136,10.368104934692383
2002-01-03,39.599998474121094,39.95000076293945,39.150001525878906,39.849998474121094,9876380,10.486522674560547
2002-01-04,39.849998474121094,40.224998474121094,39.375,39.92499923706055,12332512,10.506260871887207
2002-01-07,39.724998474121094,40.275001525878906,39.375,39.42499923706055,8950144,10.374683380126953
2002-01-08,39.375,39.849998474121094,38.95000076293945,39.20000076293945,12665676,10.315481185913086
2002-01-09,39.0,39.474998474121094,38.525001525878906,39.275001525878906,9563536,10.335214614868164
2002-01-10,38.974998474121094,39.20000076293945,38.57500076293945,38.75,10739016,10.197061538696289
2002-01-11,38.79999923706055,39.25,38.375,39.17499923706055,9767968,10.308897018432617
2002-01-14,38.625,38.70000076293945,38.07500076293945,38.375,8733052,10.09837818145752
2002-01-15,38.224998474121094,38.92499923706055,37.900001525878906,38.75,12839052,10.197061538696289
2002-01-16,38.375,38.625,38.025001525878906,38.25,9585580,10.0654878616333
2002-01-17,38.349998474121094,39.17499923706055,38.275001525878906,39.0,10426184,10.262848854064941
2002-01-18,38.75,39.04999923706055,38.45000076293945,38.625,10583392,10.164168357849121
2002-01-21,38.400001525878906,38.474998474121094,38.025001525878906,38.25,7540564,10.0654878616333
2002-01-22,38.29999923706055,38.849998474121094,38.07500076293945,38.5,7852372,10.131272315979004
2002-01-23,38.125,39.474998474121094,38.125,39.474998474121094,8265384,10.387845993041992
2002-01-24,39.625,39.75,39.0,39.5,9815296,10.39441967010498
2002-01-25,39.5,39.974998474121094,39.375,39.875,9256432,10.4931058883667
2002-01-28,40.0,40.95000076293945,39.900001525878906,40.650001525878906,11970344,10.69704532623291
2002-01-29,40.54999923706055,40.70000076293945,39.650001525878906,39.650001525878906,14869048,10.4338960647583
2002-01-30,39.32500076293945,40.07500076293945,39.32500076293945,39.775001525878906,14177884,10.466787338256836
2002-01-31,40.0,40.849998474121094,40.0,40.724998474121094,13487540,10.716780662536621
2002-02-01,41.0,41.42499923706055,40.79999923706055,41.25,13103996,10.854933738708496
2002-02-04,41.25,41.5,40.95000076293945,40.95000076293945,8965464,10.775986671447754
2002-02-05,40.54999923706055,40.849998474121094,39.79999923706055,40.224998474121094,9623480,10.585204124450684
2002-02-06,40.25,41.0,40.07500076293945,40.525001525878906,12595620,10.664149284362793
2002-02-07,40.650001525878906,41.0,40.07500076293945,40.474998474121094,10775016,10.650986671447754
2002-02-08,40.400001525878906,40.849998474121094,40.275001525878906,40.75,7636364,10.72336196899414
2002-02-11,41.0,41.07500076293945,40.5,40.54999923706055,6958764,10.67072868347168
2002-02-12,41.0,41.20000076293945,40.57500076293945,40.900001525878906,9637828,10.762838363647461
2002-02-13,40.82500076293945,41.25,40.525001525878906,41.099998474121094,9537000,10.815459251403809
2002-02-14,41.25,41.5,41.04999923706055,41.32500076293945,11137704,10.874673843383789
2002-02-15,41.099998474121094,41.57500076293945,41.04999923706055,41.150001525878906,7715596,10.82861614227295
2002-02-18,41.025001525878906,41.54999923706055,41.025001525878906,41.224998474121094,4446100,10.848353385925293
2002-02-19,41.04999923706055,41.25,40.67499923706055,40.75,13207972,10.72336196899414
2002-02-20,40.599998474121094,40.875,40.099998474121094,40.349998474121094,10326304,10.618097305297852
2002-02-21,40.724998474121094,40.875,40.32500076293945,40.82500076293945,10840808,10.743097305297852
2002-02-22,40.650001525878906,41.04999923706055,40.474998474121094,40.650001525878906,8272884,10.69704532623291
2002-02-25,40.79999923706055,41.375,40.625,41.32500076293945,9767272,10.874673843383789
2002-02-26,41.32500076293945,41.474998474121094,41.099998474121094,41.25,21218812,10.854933738708496
2002-02-27,41.400001525878906,42.125,41.400001525878906,42.099998474121094,9235092,11.078614234924316
2002-02-28,41.79999923706055,42.625,41.70000076293945,42.474998474121094,12312764,11.177291870117188
2002-03-01,42.275001525878906,42.67499923706055,42.125,42.525001525878906,10450380,11.190451622009277
2002-03-04,42.650001525878906,43.07500076293945,42.54999923706055,42.82500076293945,10299816,11.269401550292969
2002-03-05,42.75,43.04999923706055,42.5,42.5,10372252,11.183873176574707
2002-03-06,42.5,42.67499923706055,42.04999923706055,42.32500076293945,9867548,11.1378173828125
2002-03-07,42.67499923706055,43.0,42.5,42.75,9287320,11.24966049194336
2002-03-08,42.775001525878906,43.57500076293945,42.75,43.025001525878906,10728976,11.322026252746582
2002-03-11,43.025001525878906,43.525001525878906,43.025001525878906,43.20000076293945,10504876,11.368078231811523
2002-03-12,43.25,43.5,42.900001525878906,43.5,11008188,11.447015762329102
2002-03-13,43.75,43.875,43.025001525878906,43.04999923706055,11715208,11.32860279083252
2002-03-14,42.974998474121094,43.20000076293945,42.275001525878906,42.625,13699776,11.216768264770508
2002-03-15,42.474998474121094,43.04999923706055,42.474998474121094,43.0,8958512,11.315446853637695
2002-03-18,43.04999923706055,43.275001525878906,42.625,42.75,6783808,11.24966049194336
2002-03-19,42.974998474121094,43.275001525878906,42.75,43.25,7565688,11.381235122680664
2002-03-20,43.17499923706055,43.474998474121094,43.025001525878906,43.20000076293945,9679364,11.368078231811523
2002-03-21,43.125,43.125,42.57500076293945,42.67499923706055,8467320,11.229926109313965
2002-03-22,42.82500076293945,42.95000076293945,42.54999923706055,42.849998474121094,7189788,11.275972366333008
2002-03-25,42.974998474121094,43.20000076293945,42.42499923706055,42.42499923706055,10629868,11.164134979248047
2002-03-26,42.400001525878906,43.32500076293945,42.275001525878906,43.25,12054728,11.381235122680664
2002-03-27,43.375,44.17499923706055,43.20000076293945,43.775001525878906,15822036,11.519390106201172
2002-03-28,44.0,44.32500076293945,43.900001525878906,44.25,15022120,11.644378662109375
2002-03-29,10.943750381469727,10.943750381469727,10.943750381469727,43.775001525878906,0,11.519390106201172
2002-04-01,10.943750381469727,10.943750381469727,10.943750381469727,43.775001525878906,0,11.519390106201172
2002-04-02,44.375,44.849998474121094,44.25,44.5,10988880,11.71017074584961
2002-04-03,44.625,44.849998474121094,43.849998474121094,44.70000076293945,14221028,11.762802124023438
2002-04-04,44.400001525878906,44.525001525878906,43.04999923706055,43.20000076293945,19201928,11.368078231811523
2002-04-05,43.025001525878906,43.20000076293945,42.57500076293945,42.849998474121094,9189260,11.275972366333008
2002-04-08,42.875,43.29999923706055,42.32500076293945,42.67499923706055,9155744,11.229926109313965
2002-04-09,42.75,42.95000076293945,42.25,42.45000076293945,7253876,11.170713424682617
2002-04-10,42.224998474121094,42.54999923706055,41.82500076293945,42.25,10962936,11.118084907531738
2002-04-11,42.25,42.400001525878906,41.92499923706055,42.0,6522484,11.052298545837402
2002-04-12,41.974998474121094,42.099998474121094,41.349998474121094,41.724998474121094,9796364,10.97993278503418
2002-04-15,41.775001525878906,42.32500076293945,41.474998474121094,42.150001525878906,8894292,11.091771125793457
2002-04-16,42.25,43.0,42.25,42.875,7153272,11.282552719116211
2002-04-17,43.125,43.474998474121094,42.724998474121094,42.82500076293945,7632448,11.269401550292969
2002-04-18,42.775001525878906,43.25,42.775001525878906,43.04999923706055,8077536,11.32860279083252
2002-04-19,42.875,43.0,42.349998474121094,42.724998474121094,6461880,11.243081092834473
2002-04-22,42.95000076293945,42.95000076293945,42.125,42.849998474121094,6078744,11.275972366333008
2002-04-23,42.974998474121094,43.0,41.92499923706055,42.599998474121094,7144312,11.210184097290039
2002-04-24,42.42499923706055,42.875,42.099998474121094,42.224998474121094,7061268,11.111505508422852
2002-04-25,41.95000076293945,42.099998474121094,41.25,41.875,9954112,11.019404411315918
2002-04-26,41.974998474121094,42.07500076293945,41.400001525878906,41.70000076293945,6943180,10.97335147857666
2002-04-29,41.5,42.0,41.07500076293945,41.724998474121094,12226756,10.97993278503418
2002-04-30,41.724998474121094,42.20000076293945,41.57500076293945,42.04999923706055,13024984,11.065452575683594
2002-05-01,10.512499809265137,10.512499809265137,10.512499809265137,42.04999923706055,0,11.065452575683594
2002-05-02,42.099998474121094,42.67499923706055,41.900001525878906,42.29999923706055,9721244,11.131241798400879
2002-05-03,42.29999923706055,43.125,42.29999923706055,42.42499923706055,8833692,11.164134979248047
2002-05-06,42.25,42.375,41.92499923706055,42.0,7351500,11.052298545837402
2002-05-07,41.625,41.875,40.95000076293945,41.650001525878906,12636604,10.960190773010254
2002-05-08,41.95000076293945,42.625,41.900001525878906,42.599998474121094,6084576,11.210184097290039
2002-05-09,42.82500076293945,42.82500076293945,42.275001525878906,42.474998474121094,3005848,11.177291870117188
2002-05-10,42.400001525878906,42.67499923706055,41.79999923706055,41.875,5482112,11.019404411315918
2002-05-13,41.625,42.20000076293945,41.599998474121094,42.150001525878906,5624996,11.091771125793457
2002-05-14,42.400001525878906,43.224998474121094,42.25,43.125,7720220,11.348335266113281
2002-05-15,43.25,43.474998474121094,43.0,43.25,7777648,11.381235122680664
2002-05-16,43.099998474121094,43.724998474121094,43.0,43.42499923706055,7682356,11.427282333374023
2002-05-17,42.625,42.75,41.79999923706055,42.224998474121094,10670724,11.360025405883789
2002-05-20,42.224998474121094,42.42499923706055,41.75,41.849998474121094,3398324,11.25914192199707
2002-05-21,41.900001525878906,42.400001525878906,41.599998474121094,42.025001525878906,12977072,11.306221008300781
2002-05-22,41.82500076293945,42.025001525878906,41.29999923706055,41.54999923706055,7237672,11.178427696228027
2002-05-23,41.82500076293945,42.17499923706055,41.57500076293945,41.82500076293945,6569232,11.252412796020508
2002-05-24,42.32500076293945,42.45000076293945,42.04999923706055,42.04999923706055,4986424,11.312942504882812
2002-05-27,41.95000076293945,42.400001525878906,41.875,42.125,5337864,11.333125114440918
2002-05-28,42.17499923706055,42.525001525878906,41.54999923706055,41.650001525878906,8531848,11.20533275604248
2002-05-29,41.599998474121094,41.95000076293945,41.25,41.275001525878906,24130952,11.104442596435547
2002-05-30,41.375,41.42499923706055,40.650001525878906,40.650001525878906,9788448,10.936300277709961
2002-05-31,40.625,42.025001525878906,40.625,41.724998474121094,10999376,11.225508689880371
2002-06-03,41.474998474121094,41.70000076293945,40.95000076293945,41.125,6686156,11.064080238342285
2002-06-04,40.79999923706055,40.79999923706055,39.625,39.625,14358900,10.66053295135498
2002-06-05,39.875,39.900001525878906,39.20000076293945,39.57500076293945,12337956,10.647086143493652
2002-06-06,39.75,40.525001525878906,39.54999923706055,39.54999923706055,12226664,10.640358924865723
2002-06-07,39.0,39.474998474121094,38.57500076293945,39.45000076293945,12921052,10.613450050354004
2002-06-10,39.525001525878906,39.95000076293945,38.775001525878906,39.17499923706055,8510160,10.539472579956055
2002-06-11,39.275001525878906,40.224998474121094,39.125,40.17499923706055,13503580,10.808501243591309
2002-06-12,39.57500076293945,39.900001525878906,39.29999923706055,39.5,10595336,10.626903533935547
2002-06-13,39.67499923706055,39.849998474121094,38.775001525878906,39.025001525878906,9692588,10.499113082885742
2002-06-14,38.775001525878906,38.95000076293945,37.5,37.92499923706055,15448064,10.203166961669922
2002-06-17,38.224998474121094,39.775001525878906,38.150001525878906,39.775001525878906,11426696,10.700894355773926
2002-06-18,40.04999923706055,40.20000076293945,39.42499923706055,39.82500076293945,14885400,10.714340209960938
2002-06-19,39.400001525878906,39.79999923706055,38.92499923706055,39.5,18298288,10.626903533935547
2002-06-20,39.0,39.525001525878906,38.025001525878906,38.79999923706055,19701756,10.438579559326172
2002-06-21,38.5,39.724998474121094,38.04999923706055,38.54999923706055,17960328,10.371321678161621
2002-06-24,38.625,39.25,37.75,38.125,14698708,10.256983757019043
2002-06-25,38.625,39.42499923706055,38.57500076293945,39.0,14994172,10.492386817932129
2002-06-26,37.775001525878906,38.849998474121094,37.775001525878906,38.67499923706055,17805292,10.404948234558105
2002-06-27,39.20000076293945,39.875,38.650001525878906,39.32500076293945,14153936,10.579818725585938
2002-06-28,39.875,41.125,39.82500076293945,41.099998474121094,16180384,11.057366371154785
2002-07-01,40.75,41.95000076293945,40.650001525878906,40.974998474121094,8646364,11.023734092712402
2002-07-02,40.875,41.375,40.20000076293945,40.349998474121094,10827776,10.8555908203125
2002-07-03,40.375,40.75,39.79999923706055,39.79999923706055,11632512,10.707618713378906
2002-07-04,40.349998474121094,40.849998474121094,40.099998474121094,40.42499923706055,8550296,10.875764846801758
2002-07-05,40.70000076293945,41.900001525878906,40.70000076293945,41.724998474121094,10424748,11.225508689880371
2002-07-08,41.5,42.29999923706055,41.32500076293945,42.150001525878906,10925200,11.339844703674316
2002-07-09,42.099998474121094,42.474998474121094,41.32500076293945,41.875,10877436,11.265863418579102
2002-07-10,41.375,41.5,40.17499923706055,40.25,16050716,10.828683853149414
2002-07-11,39.70000076293945,40.224998474121094,38.75,38.75,17477692,10.425129890441895
2002-07-12,39.25,40.099998474121094,38.525001525878906,38.650001525878906,13167596,10.398226737976074
2002-07-15,38.349998474121094,39.099998474121094,36.224998474121094,36.224998474121094,14443368,9.74581241607666
2002-07-16,37.0,37.125,34.32500076293945,35.400001525878906,23307584,9.5238618850708
2002-07-17,35.20000076293945,36.79999923706055,35.04999923706055,36.32500076293945,18166812,9.772714614868164
2002-07-18,36.54999923706055,36.95000076293945,35.45000076293945,36.29999923706055,16255120,9.7659912109375
2002-07-19,36.25,36.25,34.0,34.0,18626008,9.147211074829102
2002-07-22,33.625,33.724998474121094,32.04999923706055,32.04999923706055,19179084,8.622590065002441
2002-07-23,32.5,33.32500076293945,30.725000381469727,31.75,23806412,8.541878700256348
2002-07-24,31.125,32.32500076293945,30.299999237060547,31.549999237060547,26215912,8.488070487976074
2002-07-25,32.75,33.474998474121094,31.649999618530273,33.099998474121094,19264652,8.905076026916504
2002-07-26,32.474998474121094,33.724998474121094,31.625,33.625,14974808,9.046321868896484
2002-07-29,33.849998474121094,35.5,33.54999923706055,35.5,18273188,9.550764083862305
2002-07-30,35.724998474121094,36.67499923706055,35.5,36.04999923706055,17775520,9.698729515075684
2002-07-31,36.224998474121094,37.375,35.625,36.875,17855340,9.920685768127441
2002-08-01,36.92499923706055,37.474998474121094,34.5,34.625,16026936,9.31535816192627
2002-08-02,34.54999923706055,35.54999923706055,34.025001525878906,35.25,12349392,9.483502388000488
2002-08-05,35.29999923706055,35.375,34.150001525878906,34.625,13280960,9.31535816192627
2002-08-06,33.875,36.099998474121094,33.07500076293945,36.099998474121094,17274924,9.71218204498291
2002-08-07,36.29999923706055,36.92499923706055,35.349998474121094,35.625,13820848,9.584394454956055
2002-08-08,36.07500076293945,37.17499923706055,35.849998474121094,36.95000076293945,12260528,9.940861701965332
2002-08-09,37.125,37.54999923706055,36.224998474121094,37.54999923706055,9486144,10.102288246154785
2002-08-12,37.224998474121094,37.375,36.349998474121094,36.349998474121094,7867544,9.779444694519043
2002-08-13,36.79999923706055,36.974998474121094,35.775001525878906,36.275001525878906,8208692,9.759265899658203
2002-08-14,35.75,35.875,34.974998474121094,35.025001525878906,11064068,9.42297077178955
2002-08-15,36.0,37.125,35.900001525878906,36.92499923706055,8590860,9.934138298034668
2002-08-16,37.125,37.275001525878906,36.125,37.25,5876560,10.021571159362793
2002-08-19,36.875,37.724998474121094,36.650001525878906,37.625,10045996,10.122458457946777
2002-08-20,37.525001525878906,37.75,36.42499923706055,36.525001525878906,9639788,9.82652759552002
2002-08-21,36.45000076293945,37.724998474121094,36.150001525878906,36.724998474121094,11599752,9.880331993103027
2002-08-22,36.95000076293945,37.45000076293945,36.400001525878906,37.375,9458648,10.055205345153809
2002-08-23,37.04999923706055,37.57500076293945,36.57500076293945,36.79999923706055,6587716,9.900508880615234
2002-08-26,36.67499923706055,37.07500076293945,36.25,36.275001525878906,4754324,9.759265899658203
2002-08-27,36.54999923706055,37.625,36.150001525878906,37.5,11714836,10.088831901550293
2002-08-28,37.20000076293945,37.25,35.875,35.900001525878906,27455772,9.65837287902832
2002-08-29,35.92499923706055,35.974998474121094,35.025001525878906,35.150001525878906,13072720,9.456603050231934
2002-08-30,35.525001525878906,36.525001525878906,35.42499923706055,36.349998474121094,10027380,9.779444694519043
2002-09-02,35.900001525878906,36.125,35.20000076293945,35.25,5542948,9.483502388000488
2002-09-03,35.0,35.125,32.974998474121094,33.025001525878906,15345172,8.884903907775879
2002-09-04,33.025001525878906,33.67499923706055,32.45000076293945,33.54999923706055,23135336,9.026143074035645
2002-09-05,34.17499923706055,34.349998474121094,32.650001525878906,33.900001525878906,14729884,9.120307922363281
2002-09-06,33.875,35.75,33.45000076293945,35.75,17276916,9.618021011352539
2002-09-09,35.5,36.125,35.04999923706055,35.650001525878906,10158708,9.591117858886719
2002-09-10,36.0,36.849998474121094,35.875,36.57500076293945,9491824,9.839977264404297
2002-09-11,36.724998474121094,37.42499923706055,36.17499923706055,37.375,11841976,10.055205345153809
2002-09-12,36.92499923706055,37.20000076293945,35.5,35.57500076293945,11593488,9.570942878723145
2002-09-13,35.29999923706055,35.5,34.20000076293945,35.125,10923872,9.449872970581055
2002-09-16,35.70000076293945,35.75,34.67499923706055,35.375,8989284,9.517133712768555
2002-09-17,35.125,35.599998474121094,34.150001525878906,34.625,13397864,9.31535816192627
2002-09-18,34.150001525878906,34.45000076293945,33.150001525878906,33.79999923706055,16347848,9.093401908874512
2002-09-19,33.849998474121094,34.04999923706055,32.82500076293945,33.0,13879820,8.87817096710205
2002-09-20,32.775001525878906,33.599998474121094,32.29999923706055,32.54999923706055,20643436,8.75710678100586
2002-09-23,32.75,33.599998474121094,32.32500076293945,32.724998474121094,15421500,8.804186820983887
2002-09-24,33.025001525878906,33.45000076293945,31.524999618530273,32.375,20344692,8.710023880004883
2002-09-25,31.924999237060547,33.125,31.274999618530273,31.975000381469727,17379640,8.60241413116455
2002-09-26,32.625,34.375,32.25,34.375,20728664,9.248095512390137
2002-09-27,34.125,35.20000076293945,33.79999923706055,34.974998474121094,15793012,9.409520149230957
2002-09-30,33.875,34.099998474121094,32.17499923706055,33.29999923706055,17309172,8.958885192871094
2002-10-01,33.5,34.95000076293945,33.32500076293945,34.82500076293945,18389508,9.369161605834961
2002-10-02,35.70000076293945,36.400001525878906,34.900001525878906,36.29999923706055,20507740,9.7659912109375
2002-10-03,35.724998474121094,36.525001525878906,35.20000076293945,35.20000076293945,16827396,9.470053672790527
2002-10-04,35.20000076293945,35.42499923706055,33.775001525878906,33.775001525878906,15645876,9.086676597595215
2002-10-07,33.650001525878906,34.45000076293945,33.375,34.275001525878906,14284932,9.221195220947266
2002-10-08,34.125,34.70000076293945,33.25,33.525001525878906,15014772,9.019416809082031
2002-10-09,33.57500076293945,33.650001525878906,31.975000381469727,32.82500076293945,19090276,8.831092834472656
2002-10-10,32.275001525878906,34.125,32.275001525878906,33.875,15568372,9.113582611083984
2002-10-11,34.25,35.599998474121094,34.04999923706055,35.5,16443948,9.550764083862305
2002-10-14,35.29999923706055,36.0,34.57500076293945,35.224998474121094,10661936,9.476775169372559
2002-10-15,35.650001525878906,36.525001525878906,35.5,36.20000076293945,17757920,9.739086151123047
2002-10-16,35.875,37.0,34.650001525878906,35.0,23258900,9.41624641418457
2002-10-17,35.45000076293945,36.125,35.17499923706055,35.875,17305632,9.651654243469238
2002-10-18,36.32500076293945,36.375,34.82500076293945,35.45000076293945,13838108,9.537313461303711
2002-10-21,35.04999923706055,35.599998474121094,34.57500076293945,35.150001525878906,11367492,9.456603050231934
2002-10-22,35.125,35.54999923706055,34.0,34.45000076293945,17564208,9.268279075622559
2002-10-23,34.5,34.79999923706055,32.900001525878906,33.20000076293945,19602984,8.931979179382324
2002-10-24,33.57500076293945,34.54999923706055,33.29999923706055,34.474998474121094,14611172,9.275001525878906
2002-10-25,34.17499923706055,34.400001525878906,33.54999923706055,34.224998474121094,9131968,9.207742691040039
2002-10-28,34.67499923706055,35.0,33.54999923706055,33.875,9972636,9.113582611083984
2002-10-29,33.650001525878906,34.25,32.29999923706055,32.349998474121094,14736740,8.703301429748535
2002-10-30,32.70000076293945,33.875,32.5,33.75,12456176,9.079946517944336
2002-10-31,34.07500076293945,34.775001525878906,33.75,34.775001525878906,13888548,9.355711936950684
2002-11-01,34.45000076293945,34.75,33.375,34.5,8098388,9.281729698181152
2002-11-04,35.04999923706055,35.125,34.150001525878906,34.75,9006236,9.34898567199707
2002-11-05,34.625,34.974998474121094,34.025001525878906,34.724998474121094,11096728,9.34225845336914
2002-11-06,35.099998474121094,35.099998474121094,34.0,34.099998474121094,10939644,9.174113273620605
2002-11-07,34.349998474121094,34.54999923706055,33.150001525878906,33.54999923706055,13128836,9.026143074035645
2002-11-08,33.125,34.20000076293945,33.125,33.54999923706055,9951676,9.026143074035645
2002-11-11,33.42499923706055,34.42499923706055,33.025001525878906,34.04999923706055,6069868,9.160656929016113
2002-11-12,34.150001525878906,34.79999923706055,34.025001525878906,34.20000076293945,9574324,9.201016426086426
2002-11-13,33.95000076293945,34.32500076293945,33.375,33.724998474121094,10817960,9.073226928710938
2002-11-14,33.57500076293945,34.349998474121094,33.224998474121094,34.349998474121094,11028080,9.241369247436523
2002-11-15,34.474998474121094,34.79999923706055,34.125,34.5,7731260,9.281729698181152
2002-11-18,34.5,35.349998474121094,34.5,34.95000076293945,8904124,9.402793884277344
2002-11-19,34.75,35.224998474121094,34.650001525878906,34.95000076293945,8477832,9.402793884277344
2002-11-20,35.099998474121094,35.125,34.29999923706055,34.5,8199828,9.281729698181152
2002-11-21,34.79999923706055,35.0,34.275001525878906,34.974998474121094,16626468,9.409520149230957
2002-11-22,34.875,35.125,33.79999923706055,34.07500076293945,12481608,9.167386054992676
2002-11-25,34.42499923706055,34.67499923706055,33.54999923706055,33.75,8635640,9.079946517944336
2002-11-26,33.900001525878906,34.125,33.04999923706055,33.25,11170524,8.945430755615234
2002-11-27,33.32500076293945,34.25,33.025001525878906,34.099998474121094,30407248,9.174113273620605
2002-11-28,34.224998474121094,34.349998474121094,33.67499923706055,33.875,6414072,9.113582611083984
2002-11-29,33.92499923706055,34.20000076293945,33.45000076293945,33.775001525878906,7728368,9.086676597595215
2002-12-02,33.375,33.900001525878906,32.974998474121094,33.25,10703428,8.945430755615234
2002-12-03,33.474998474121094,33.70000076293945,32.95000076293945,33.04999923706055,12827800,8.891627311706543
2002-12-04,33.04999923706055,33.25,32.625,32.82500076293945,12751980,8.831092834472656
2002-12-05,33.0,33.32500076293945,32.5,32.67499923706055,12864896,8.79073715209961
2002-12-06,32.900001525878906,33.29999923706055,32.29999923706055,33.20000076293945,10971140,8.931979179382324
2002-12-09,33.5,33.724998474121094,32.57500076293945,32.625,8996192,8.7772855758667
2002-12-10,32.525001525878906,32.775001525878906,32.20000076293945,32.625,13813668,8.7772855758667
2002-12-11,32.849998474121094,33.150001525878906,32.5,32.82500076293945,12446796,8.831092834472656
2002-12-12,32.650001525878906,32.79999923706055,32.275001525878906,32.599998474121094,11533504,8.77055549621582
2002-12-13,32.775001525878906,32.82500076293945,32.04999923706055,32.275001525878906,11718732,8.683123588562012
2002-12-16,32.20000076293945,33.32500076293945,32.125,33.07500076293945,9995684,8.89835262298584
2002-12-17,33.42499923706055,33.67499923706055,33.125,33.17499923706055,13121900,8.925251960754395
2002-12-18,33.20000076293945,33.400001525878906,32.525001525878906,32.57500076293945,10295196,8.76383113861084
2002-12-19,32.900001525878906,33.67499923706055,32.42499923706055,32.974998474121094,15468876,8.871445655822754
2002-12-20,32.974998474121094,34.07500076293945,32.82500076293945,33.25,15969292,8.945430755615234
2002-12-23,33.42499923706055,34.125,33.25,33.900001525878906,6646272,9.120307922363281
2002-12-24,34.29999923706055,34.474998474121094,34.025001525878906,34.349998474121094,2426932,9.241369247436523
2002-12-25,8.587499618530273,8.587499618530273,8.587499618530273,34.349998474121094,0,9.241369247436523
2002-12-26,8.587499618530273,8.587499618530273,8.587499618530273,34.349998474121094,0,9.241369247436523
2002-12-27,33.849998474121094,33.875,32.974998474121094,33.25,6704032,8.945430755615234
2002-12-30,33.25,34.025001525878906,32.95000076293945,33.875,10532380,9.113582611083984
2002-12-31,33.79999923706055,34.599998474121094,33.75,34.025001525878906,6923444,9.153935432434082
2003-01-01,34.025001525878906,34.025001525878906,34.025001525878906,34.025001525878906,0,9.153935432434082
2003-01-02,33.92499923706055,35.025001525878906,33.875,35.025001525878906,9026928,9.42297077178955
2003-01-03,35.04999923706055,35.125,34.5,34.599998474121094,9050712,9.308626174926758
2003-01-06,35.0,35.67499923706055,34.67499923706055,35.349998474121094,14313124,9.510407447814941
2003-01-07,35.42499923706055,35.54999923706055,34.17499923706055,34.474998474121094,13946420,9.275001525878906
2003-01-08,34.125,34.400001525878906,33.17499923706055,33.375,12533772,8.979058265686035
2003-01-09,33.375,33.70000076293945,32.75,33.70000076293945,13807772,9.066500663757324
2003-01-10,33.650001525878906,34.0,33.125,33.599998474121094,10254824,9.039596557617188
2003-01-13,33.349998474121094,33.67499923706055,32.650001525878906,32.82500076293945,10783392,8.831092834472656
2003-01-14,32.875,33.04999923706055,32.375,32.724998474121094,11603528,8.804186820983887
2003-01-15,32.92499923706055,33.07500076293945,32.625,32.775001525878906,8638860,8.817638397216797
2003-01-16,32.79999923706055,33.224998474121094,32.625,32.849998474121094,9711788,8.837820053100586
2003-01-17,32.70000076293945,32.79999923706055,32.25,32.5,10569040,8.743656158447266
2003-01-20,32.5,32.599998474121094,31.575000762939453,31.625,13303264,8.508249282836914
2003-01-21,31.725000381469727,31.924999237060547,31.299999237060547,31.375,17196744,8.440991401672363
2003-01-22,31.375,31.700000762939453,30.125,30.674999237060547,23921236,8.252664566040039
2003-01-23,30.75,31.0,29.825000762939453,30.375,19044936,8.171952247619629
2003-01-24,30.424999237060547,30.799999237060547,29.649999618530273,29.924999237060547,14693640,8.050889015197754
2003-01-27,29.799999237060547,29.850000381469727,28.799999237060547,29.100000381469727,18526516,7.82893180847168
2003-01-28,29.350000381469727,29.975000381469727,29.100000381469727,29.875,16172440,8.037437438964844
2003-01-29,29.774999618530273,30.875,29.075000762939453,30.799999237060547,22703696,8.286293983459473
2003-01-30,31.024999618530273,31.225000381469727,30.475000381469727,31.075000762939453,15467604,8.360281944274902
2003-01-31,30.5,31.5,30.049999237060547,31.399999618530273,15787900,8.447717666625977
2003-02-03,31.549999237060547,31.875,31.375,31.649999618530273,8904140,8.514974594116211
2003-02-04,31.475000381469727,31.625,31.149999618530273,31.149999618530273,13058608,8.380461692810059
2003-02-05,31.25,31.350000381469727,30.75,31.299999237060547,10244152,8.420814514160156
2003-02-06,31.075000762939453,31.5,30.049999237060547,30.149999618530273,15893244,8.11142349243164
2003-02-07,30.299999237060547,30.325000762939453,29.424999237060547,29.424999237060547,11079480,7.916369915008545
2003-02-10,29.524999618530273,30.274999618530273,29.0,29.774999618530273,11232132,8.01053237915039
2003-02-11,30.25,30.575000762939453,29.924999237060547,30.350000381469727,9584064,8.165231704711914
2003-02-12,29.975000381469727,29.975000381469727,29.350000381469727,29.350000381469727,7999068,7.896193981170654
2003-02-13,29.200000762939453,29.350000381469727,28.899999618530273,29.125,10937228,7.835662364959717
2003-02-14,29.375,30.700000762939453,29.225000381469727,30.174999237060547,15205064,8.118145942687988
2003-02-17,30.799999237060547,30.875,30.200000762939453,30.549999237060547,5208344,8.219037055969238
2003-02-18,30.549999237060547,31.625,30.399999618530273,31.299999237060547,9204416,8.420814514160156
2003-02-19,31.575000762939453,31.575000762939453,30.649999618530273,30.649999618530273,8528528,8.245938301086426
2003-02-20,30.0,31.149999618530273,29.850000381469727,30.375,17941988,8.171952247619629
2003-02-21,30.125,31.225000381469727,30.125,31.200000762939453,10413648,8.393911361694336
2003-02-24,31.25,31.774999618530273,30.950000762939453,31.200000762939453,10227448,8.393911361694336
2003-02-25,30.950000762939453,31.075000762939453,30.125,30.524999618530273,14299752,8.212310791015625
2003-02-26,30.774999618530273,30.825000762939453,29.875,30.075000762939453,20435136,8.091242790222168
2003-02-27,29.799999237060547,30.475000381469727,29.549999237060547,30.375,14211768,8.171952247619629
2003-02-28,30.225000381469727,30.700000762939453,29.600000381469727,30.649999618530273,17511860,8.245938301086426
2003-03-03,30.700000762939453,31.200000762939453,30.424999237060547,30.850000381469727,9017896,8.299749374389648
2003-03-04,30.524999618530273,30.625,29.649999618530273,30.5,13110368,8.205584526062012
2003-03-05,30.25,30.549999237060547,29.875,30.375,9832148,8.171952247619629
2003-03-06,30.350000381469727,30.850000381469727,30.075000762939453,30.424999237060547,9356984,8.185405731201172
2003-03-07,30.225000381469727,30.225000381469727,29.5,29.524999618530273,10971396,7.943274974822998
2003-03-10,29.549999237060547,29.75,29.149999618530273,29.325000762939453,10516664,7.889466762542725
2003-03-11,29.25,29.549999237060547,28.950000762939453,29.274999618530273,13116848,7.876012802124023
2003-03-12,29.325000762939453,29.399999618530273,27.649999618530273,27.649999618530273,21276616,7.438830852508545
2003-03-13,28.149999618530273,29.149999618530273,27.625,29.149999618530273,14326672,7.842385292053223
2003-03-14,29.274999618530273,30.0,28.899999618530273,30.0,18334852,8.071064949035645
2003-03-17,29.424999237060547,31.325000762939453,29.0,31.125,17103740,8.373732566833496
2003-03-18,30.799999237060547,31.075000762939453,29.674999237060547,30.100000381469727,23234068,8.097967147827148
2003-03-19,30.075000762939453,31.225000381469727,29.75,30.450000762939453,15196816,8.192131996154785
2003-03-20,30.399999618530273,30.475000381469727,29.375,29.850000381469727,14467460,8.030712127685547
2003-03-21,30.0,31.225000381469727,29.950000762939453,30.600000381469727,16112588,8.232488632202148
2003-03-24,30.350000381469727,30.350000381469727,29.325000762939453,29.375,12651212,7.902922630310059
2003-03-25,29.274999618530273,30.575000762939453,28.549999237060547,30.424999237060547,14823852,8.185405731201172
2003-03-26,30.174999237060547,30.875,29.875,30.225000381469727,11181244,8.131596565246582
2003-03-27,29.975000381469727,29.975000381469727,29.149999618530273,29.625,11809536,7.9701762199401855
2003-03-28,29.899999618530273,30.049999237060547,29.25,29.975000381469727,9230004,8.064340591430664
2003-03-31,29.725000381469727,29.725000381469727,28.799999237060547,29.0,12092136,7.802033424377441
2003-04-01,29.149999618530273,29.850000381469727,29.149999618530273,29.799999237060547,12141632,8.017255783081055
2003-04-02,30.225000381469727,30.625,29.700000762939453,30.350000381469727,15110000,8.165231704711914
2003-04-03,30.375,31.225000381469727,30.225000381469727,30.950000762939453,11164908,8.326652526855469
2003-04-04,30.924999237060547,31.600000381469727,30.399999618530273,31.125,11667444,8.373732566833496
2003-04-07,31.850000381469727,32.54999923706055,31.649999618530273,32.04999923706055,17756328,8.622590065002441
2003-04-08,31.725000381469727,31.899999618530273,31.25,31.399999618530273,18428888,8.447717666625977
2003-04-09,31.375,32.099998474121094,31.0,31.5,16367216,8.474620819091797
2003-04-10,31.274999618530273,31.375,30.399999618530273,30.450000762939453,14219752,8.192131996154785
2003-04-11,30.674999237060547,31.350000381469727,30.475000381469727,30.649999618530273,13790584,8.245938301086426
2003-04-14,30.575000762939453,30.799999237060547,30.125,30.799999237060547,10045052,8.286293983459473
2003-04-15,31.049999237060547,31.475000381469727,30.549999237060547,31.075000762939453,12559236,8.360281944274902
2003-04-16,31.325000762939453,31.549999237060547,30.149999618530273,30.5,10207796,8.205584526062012
2003-04-17,30.274999618530273,30.825000762939453,29.950000762939453,30.725000381469727,7972952,8.266118049621582
2003-04-18,7.681250095367432,7.681250095367432,7.681250095367432,30.725000381469727,0,8.266118049621582
2003-04-21,7.681250095367432,7.681250095367432,7.681250095367432,30.725000381469727,0,8.266118049621582
2003-04-22,30.875,31.0,30.149999618530273,30.774999618530273,9421824,8.279570579528809
2003-04-23,31.225000381469727,31.549999237060547,30.924999237060547,31.024999618530273,10101460,8.34682846069336
2003-04-24,30.725000381469727,31.5,30.075000762939453,30.200000762939453,10440392,8.124872207641602
2003-04-25,30.149999618530273,30.399999618530273,29.25,29.274999618530273,12187732,7.876012802124023
2003-04-28,29.350000381469727,30.375,29.274999618530273,30.25,9742768,8.138327598571777
2003-04-29,30.325000762939453,30.649999618530273,29.700000762939453,29.75,14211100,8.003807067871094
2003-04-30,29.774999618530273,30.149999618530273,29.375,29.375,11039312,7.902922630310059
2003-05-01,7.34375,7.34375,7.34375,29.375,0,7.902922630310059
2003-05-02,29.375,30.375,29.225000381469727,30.375,12073752,8.171952247619629
2003-05-05,30.649999618530273,31.200000762939453,30.450000762939453,30.700000762939453,9281452,8.259393692016602
2003-05-06,30.875,31.475000381469727,30.799999237060547,31.475000381469727,10685520,8.467896461486816
2003-05-07,31.274999618530273,31.825000762939453,31.174999237060547,31.674999237060547,13992148,8.521700859069824
2003-05-08,31.725000381469727,31.799999237060547,30.875,30.975000381469727,12209916,8.3333740234375
2003-05-09,31.174999237060547,31.375,30.674999237060547,31.375,9900184,8.440991401672363
2003-05-12,31.5,31.625,31.100000381469727,31.450000762939453,8747800,8.461170196533203
2003-05-13,31.5,31.600000381469727,31.024999618530273,31.399999618530273,19197456,8.447717666625977
2003-05-14,31.325000762939453,31.850000381469727,31.174999237060547,31.174999237060547,12233028,8.38718032836914
2003-05-15,31.274999618530273,31.700000762939453,31.125,31.625,14853204,8.508249282836914
2003-05-16,30.850000381469727,31.299999237060547,30.674999237060547,31.0,12898332,8.619468688964844
2003-05-19,30.700000762939453,30.725000381469727,29.850000381469727,29.975000381469727,12727892,8.334471702575684
2003-05-20,30.049999237060547,30.424999237060547,29.549999237060547,30.125,11634504,8.376173973083496
2003-05-21,30.174999237060547,30.399999618530273,29.75,30.399999618530273,15125548,8.452638626098633
2003-05-22,30.5,30.725000381469727,30.299999237060547,30.700000762939453,16253912,8.536053657531738
2003-05-23,30.850000381469727,30.924999237060547,30.149999618530273,30.424999237060547,7688884,8.45959186553955
2003-05-26,30.25,30.799999237060547,30.149999618530273,30.299999237060547,4548096,8.424835205078125
2003-05-27,30.350000381469727,30.524999618530273,29.725000381469727,30.5,18500268,8.48044490814209
2003-05-28,30.700000762939453,31.049999237060547,30.424999237060547,31.0,10017260,8.619468688964844
2003-05-29,30.774999618530273,31.25,30.75,30.975000381469727,4938516,8.612516403198242
2003-05-30,30.649999618530273,31.299999237060547,30.450000762939453,31.125,9183312,8.654227256774902
2003-06-02,31.424999237060547,31.700000762939453,31.049999237060547,31.700000762939453,9767744,8.814101219177246
2003-06-03,31.299999237060547,31.975000381469727,31.299999237060547,31.975000381469727,9573404,8.8905668258667
2003-06-04,32.099998474121094,32.79999923706055,31.924999237060547,32.67499923706055,14974212,9.085198402404785
2003-06-05,32.650001525878906,32.875,31.875,32.125,13498964,8.932275772094727
2003-06-06,32.29999923706055,32.92499923706055,32.224998474121094,32.75,12008004,9.106048583984375
2003-06-09,32.54999923706055,32.67499923706055,32.20000076293945,32.32500076293945,6543316,8.98788070678711
2003-06-10,32.29999923706055,32.95000076293945,32.224998474121094,32.849998474121094,9814140,9.133856773376465
2003-06-11,33.099998474121094,33.67499923706055,32.974998474121094,33.57500076293945,14378356,9.33543872833252
2003-06-12,33.75,34.525001525878906,33.75,34.224998474121094,16369052,9.5161714553833
2003-06-13,34.125,34.20000076293945,33.625,33.75,11089344,9.384099006652832
2003-06-16,33.54999923706055,34.375,33.32500076293945,34.29999923706055,12162696,9.53702163696289
2003-06-17,34.625,34.70000076293945,33.67499923706055,33.974998474121094,14955968,9.446657180786133
2003-06-18,33.875,34.29999923706055,33.525001525878906,34.275001525878906,12171576,9.530074119567871
2003-06-19,34.25,34.375,33.724998474121094,33.92499923706055,17262400,9.432756423950195
2003-06-20,33.75,34.474998474121094,33.70000076293945,34.42499923706055,20410388,9.571776390075684
2003-06-23,34.25,34.25,33.875,33.974998474121094,8693484,9.446657180786133
2003-06-24,33.92499923706055,34.17499923706055,33.775001525878906,34.07500076293945,17101720,9.474465370178223
2003-06-25,34.20000076293945,34.32500076293945,33.525001525878906,33.95000076293945,15821624,9.43970775604248
2003-06-26,33.625,34.099998474121094,33.57500076293945,33.775001525878906,14782204,9.391050338745117
2003-06-27,33.54999923706055,33.70000076293945,33.025001525878906,33.400001525878906,34735632,9.28678035736084
2003-06-30,33.224998474121094,33.599998474121094,32.900001525878906,32.900001525878906,17399620,9.147756576538086
2003-07-01,33.0,33.07500076293945,32.099998474121094,32.150001525878906,14129208,8.939225196838379
2003-07-02,32.474998474121094,32.724998474121094,32.275001525878906,32.70000076293945,11532624,9.092146873474121
2003-07-03,32.775001525878906,32.79999923706055,31.924999237060547,32.375,16195956,9.00178050994873
2003-07-04,32.29999923706055,32.67499923706055,32.224998474121094,32.474998474121094,7399760,9.029590606689453
2003-07-07,32.625,33.57500076293945,32.54999923706055,33.525001525878906,10883372,9.321538925170898
2003-07-08,33.375,33.70000076293945,32.900001525878906,33.29999923706055,11484272,9.258976936340332
2003-07-09,33.275001525878906,33.45000076293945,32.79999923706055,33.0,10145604,9.175562858581543
2003-07-10,32.67499923706055,32.70000076293945,32.150001525878906,32.349998474121094,14190640,8.994832038879395
2003-07-11,32.32500076293945,32.95000076293945,32.275001525878906,32.95000076293945,6504952,9.161656379699707
2003-07-14,33.150001525878906,33.32500076293945,32.724998474121094,33.25,6975104,9.245074272155762
2003-07-15,33.099998474121094,33.17499923706055,32.525001525878906,32.650001525878906,11219692,9.0782470703125
2003-07-16,32.67499923706055,32.900001525878906,32.224998474121094,32.29999923706055,10271444,8.98093032836914
2003-07-17,32.5,32.974998474121094,32.32500076293945,32.79999923706055,10986432,9.119956016540527
2003-07-18,32.92499923706055,33.07500076293945,32.650001525878906,32.724998474121094,10359256,9.099099159240723
2003-07-21,33.125,33.20000076293945,32.42499923706055,32.57500076293945,10449996,9.057390213012695
2003-07-22,32.599998474121094,32.82500076293945,32.32500076293945,32.82500076293945,8120520,9.126903533935547
2003-07-23,32.849998474121094,33.0,32.400001525878906,32.5,8095672,9.036541938781738
2003-07-24,32.42499923706055,33.04999923706055,32.275001525878906,32.974998474121094,10144636,9.168611526489258
2003-07-25,32.625,32.724998474121094,32.17499923706055,32.25,8350176,8.967025756835938
2003-07-28,32.57500076293945,32.875,32.54999923706055,32.79999923706055,8613532,9.119956016540527
2003-07-29,32.75,33.025001525878906,32.125,32.275001525878906,14386808,8.973978996276855
2003-07-30,32.29999923706055,32.70000076293945,32.17499923706055,32.474998474121094,12021672,9.029590606689453
2003-07-31,32.599998474121094,33.0,32.29999923706055,32.95000076293945,14071932,9.161656379699707
2003-08-01,32.775001525878906,32.82500076293945,32.17499923706055,32.17499923706055,11922292,8.946176528930664
2003-08-04,32.29999923706055,32.75,32.150001525878906,32.375,8859144,9.00178050994873
2003-08-05,32.57500076293945,32.900001525878906,32.400001525878906,32.900001525878906,10775944,9.147756576538086
2003-08-06,32.625,32.900001525878906,32.32500076293945,32.349998474121094,13012500,8.994832038879395
2003-08-07,32.599998474121094,33.07500076293945,32.375,32.92499923706055,11196564,9.154711723327637
2003-08-08,33.25,34.25,33.125,33.974998474121094,16051244,9.446657180786133
2003-08-11,34.099998474121094,34.900001525878906,33.875,34.70000076293945,11063724,9.648245811462402
2003-08-12,34.79999923706055,34.82500076293945,34.525001525878906,34.625,9833052,9.627389907836914
2003-08-13,34.849998474121094,34.849998474121094,34.275001525878906,34.45000076293945,8501572,9.57873249053955
2003-08-14,34.5,35.32500076293945,34.375,35.29999923706055,9080620,9.815071105957031
2003-08-15,35.32500076293945,35.70000076293945,35.099998474121094,35.150001525878906,8458972,9.773366928100586
2003-08-18,35.42499923706055,35.54999923706055,34.82500076293945,35.54999923706055,8262096,9.884583473205566
2003-08-19,35.625,35.70000076293945,35.349998474121094,35.474998474121094,8520484,9.863727569580078
2003-08-20,35.400001525878906,35.400001525878906,34.724998474121094,34.95000076293945,9836164,9.717758178710938
2003-08-21,35.125,35.599998474121094,35.125,35.275001525878906,10396032,9.808123588562012
2003-08-22,35.17499923706055,35.599998474121094,35.17499923706055,35.599998474121094,5603976,9.898487091064453
2003-08-25,35.32500076293945,35.349998474121094,35.025001525878906,35.224998474121094,5765480,9.794217109680176
2003-08-26,35.275001525878906,35.375,34.54999923706055,34.70000076293945,9610712,9.648245811462402
2003-08-27,34.82500076293945,34.92499923706055,34.525001525878906,34.900001525878906,19594120,9.703849792480469
2003-08-28,34.92499923706055,35.375,34.775001525878906,35.375,8805524,9.83592700958252
2003-08-29,35.5,35.67499923706055,34.92499923706055,34.92499923706055,9695612,9.710808753967285
2003-09-01,35.099998474121094,35.57500076293945,35.04999923706055,35.25,6076132,9.801168441772461
2003-09-02,35.275001525878906,35.67499923706055,34.95000076293945,35.349998474121094,11536408,9.828974723815918
2003-09-03,35.650001525878906,35.92499923706055,35.474998474121094,35.75,12959352,9.940192222595215
2003-09-04,35.75,36.04999923706055,35.599998474121094,35.974998474121094,11498136,10.00275707244873
2003-09-05,35.82500076293945,35.974998474121094,35.29999923706055,35.5,10701624,9.870681762695312
2003-09-08,35.525001525878906,35.900001525878906,35.29999923706055,35.849998474121094,10546216,9.967996597290039
2003-09-09,35.900001525878906,35.974998474121094,35.20000076293945,35.29999923706055,10258564,9.815071105957031
2003-09-10,35.17499923706055,35.375,34.875,35.025001525878906,9363128,9.738609313964844
2003-09-11,34.92499923706055,35.25,34.75,35.025001525878906,8623684,9.738609313964844
2003-09-12,35.04999923706055,35.42499923706055,34.57500076293945,34.75,11621992,9.662144660949707
2003-09-15,34.92499923706055,35.0,34.099998474121094,34.349998474121094,11363276,9.55092716217041
2003-09-16,34.224998474121094,34.82500076293945,34.07500076293945,34.75,9243464,9.662144660949707
2003-09-17,34.849998474121094,34.95000076293945,34.54999923706055,34.650001525878906,8324920,9.634342193603516
2003-09-18,34.5,34.5,34.04999923706055,34.349998474121094,11202188,9.55092716217041
2003-09-19,34.5,34.5,33.70000076293945,34.099998474121094,17353772,9.481414794921875
2003-09-22,33.54999923706055,33.724998474121094,33.125,33.400001525878906,14001024,9.28678035736084
2003-09-23,33.474998474121094,33.625,33.07500076293945,33.29999923706055,12651588,9.258976936340332
2003-09-24,33.375,33.95000076293945,33.125,33.474998474121094,11767196,9.307638168334961
2003-09-25,33.32500076293945,33.95000076293945,33.07500076293945,33.70000076293945,16077832,9.370198249816895
2003-09-26,33.625,33.775001525878906,32.875,33.125,14410092,9.210322380065918
2003-09-29,33.099998474121094,33.275001525878906,32.775001525878906,32.95000076293945,11600772,9.161656379699707
2003-09-30,32.974998474121094,33.125,32.17499923706055,32.400001525878906,18394272,9.008737564086914
2003-10-01,32.42499923706055,33.25,32.29999923706055,33.25,14264468,9.245074272155762
2003-10-02,33.5,33.5,32.724998474121094,33.0,12135368,9.175562858581543
2003-10-03,33.0,33.775001525878906,32.95000076293945,33.75,13343180,9.384099006652832
2003-10-06,33.625,33.67499923706055,33.400001525878906,33.5,7232736,9.314589500427246
2003-10-07,33.57500076293945,33.625,32.92499923706055,33.25,9582300,9.245074272155762
2003-10-08,33.025001525878906,33.724998474121094,32.974998474121094,33.099998474121094,9935572,9.20336627960205
2003-10-09,33.32500076293945,33.75,33.0,33.75,11332732,9.384099006652832
2003-10-10,33.75,33.900001525878906,33.5,33.650001525878906,7711280,9.356293678283691
2003-10-13,33.75,34.349998474121094,33.75,34.29999923706055,7810280,9.53702163696289
2003-10-14,34.42499923706055,34.625,34.275001525878906,34.400001525878906,9038024,9.56482982635498
2003-10-15,34.5,34.75,34.375,34.474998474121094,9619596,9.585681915283203
2003-10-16,34.32500076293945,34.54999923706055,34.07500076293945,34.224998474121094,7923276,9.5161714553833
2003-10-17,34.45000076293945,34.67499923706055,33.70000076293945,33.974998474121094,11094720,9.446657180786133
2003-10-20,33.849998474121094,34.07500076293945,33.650001525878906,34.0,5640404,9.453612327575684
2003-10-21,34.275001525878906,34.29999923706055,33.67499923706055,33.75,8056812,9.384099006652832
2003-10-22,33.650001525878906,33.974998474121094,33.224998474121094,33.349998474121094,11448468,9.272878646850586
2003-10-23,33.0,33.04999923706055,32.57500076293945,32.875,11754304,9.140807151794434
2003-10-24,32.79999923706055,32.974998474121094,32.599998474121094,32.875,5677488,9.140807151794434
2003-10-27,33.0,33.400001525878906,32.95000076293945,33.275001525878906,5561716,9.252025604248047
2003-10-28,33.29999923706055,33.599998474121094,33.150001525878906,33.42499923706055,7693784,9.293732643127441
2003-10-29,33.650001525878906,33.67499923706055,33.025001525878906,33.400001525878906,9117792,9.28678035736084
2003-10-30,33.5,34.07500076293945,33.45000076293945,33.650001525878906,13717524,9.356293678283691
2003-10-31,33.45000076293945,33.57500076293945,33.150001525878906,33.42499923706055,9846148,9.293732643127441
2003-11-03,33.5,34.025001525878906,33.45000076293945,34.0,11614432,9.453612327575684
2003-11-04,33.79999923706055,34.25,33.775001525878906,34.150001525878906,10888268,9.495318412780762
2003-11-05,33.92499923706055,34.04999923706055,33.5,33.625,11102588,9.349344253540039
2003-11-06,33.625,34.025001525878906,33.375,33.875,12585708,9.41885757446289
2003-11-07,34.04999923706055,34.25,33.70000076293945,34.07500076293945,11011444,9.474465370178223
2003-11-10,33.775001525878906,34.17499923706055,33.67499923706055,33.775001525878906,6692636,9.391050338745117
2003-11-11,33.57500076293945,33.82500076293945,33.42499923706055,33.70000076293945,5763608,9.370198249816895
2003-11-12,33.70000076293945,33.82500076293945,33.29999923706055,33.5,7866036,9.314589500427246
2003-11-13,33.79999923706055,33.849998474121094,33.375,33.57500076293945,10774728,9.33543872833252
2003-11-14,33.5,34.07500076293945,33.474998474121094,34.07500076293945,11526364,9.474465370178223
2003-11-17,33.67499923706055,33.875,33.20000076293945,33.25,10462000,9.245074272155762
2003-11-18,33.45000076293945,33.45000076293945,32.79999923706055,33.0,8182284,9.175562858581543
2003-11-19,32.67499923706055,33.224998474121094,32.650001525878906,33.0,11254060,9.175562858581543
2003-11-20,33.125,33.150001525878906,32.525001525878906,32.775001525878906,14064220,9.113000869750977
2003-11-21,32.849998474121094,33.20000076293945,32.724998474121094,33.150001525878906,8096056,9.217273712158203
2003-11-24,33.29999923706055,33.599998474121094,33.224998474121094,33.57500076293945,8702116,9.33543872833252
2003-11-25,33.525001525878906,33.79999923706055,33.474998474121094,33.625,10107740,9.349344253540039
2003-11-26,33.67499923706055,33.849998474121094,33.42499923706055,33.57500076293945,7712048,9.33543872833252
2003-11-27,33.900001525878906,33.900001525878906,33.525001525878906,33.79999923706055,5078484,9.398000717163086
2003-11-28,34.0,34.125,33.54999923706055,33.70000076293945,30295780,9.370198249816895
2003-12-01,33.900001525878906,34.42499923706055,33.400001525878906,34.400001525878906,10632004,9.56482982635498
2003-12-02,34.474998474121094,34.95000076293945,34.20000076293945,34.29999923706055,13385620,9.53702163696289
2003-12-03,34.349998474121094,34.849998474121094,34.32500076293945,34.525001525878906,13058344,9.599581718444824
2003-12-04,34.650001525878906,34.70000076293945,34.224998474121094,34.525001525878906,8238972,9.599581718444824
2003-12-05,34.474998474121094,34.625,34.04999923706055,34.25,9344988,9.52312183380127
2003-12-08,34.04999923706055,34.224998474121094,33.900001525878906,34.224998474121094,6385420,9.5161714553833
2003-12-09,34.375,35.224998474121094,34.375,35.025001525878906,18789440,9.738609313964844
2003-12-10,35.0,35.07500076293945,34.599998474121094,35.04999923706055,10227452,9.74555778503418
2003-12-11,35.025001525878906,35.20000076293945,34.95000076293945,35.17499923706055,10150108,9.780314445495605
2003-12-12,35.224998474121094,35.5,35.099998474121094,35.224998474121094,10802704,9.794217109680176
2003-12-15,35.625,35.75,35.17499923706055,35.25,10062388,9.801168441772461
2003-12-16,35.099998474121094,35.724998474121094,34.974998474121094,35.5,10955868,9.870681762695312
2003-12-17,35.650001525878906,35.92499923706055,35.29999923706055,35.75,16814952,9.940192222595215
2003-12-18,35.650001525878906,36.400001525878906,35.599998474121094,36.29999923706055,12945208,10.093120574951172
2003-12-19,36.45000076293945,36.67499923706055,35.92499923706055,35.92499923706055,18190828,9.988849639892578
2003-12-22,35.92499923706055,36.400001525878906,35.849998474121094,36.125,8714400,10.044461250305176
2003-12-23,36.375,36.400001525878906,35.70000076293945,35.849998474121094,7711244,9.967996597290039
2003-12-24,35.79999923706055,36.04999923706055,35.75,35.92499923706055,2722272,9.988849639892578
2003-12-25,8.981249809265137,8.981249809265137,8.981249809265137,35.92499923706055,0,9.988849639892578
2003-12-26,8.981249809265137,8.981249809265137,8.981249809265137,35.92499923706055,0,9.988849639892578
2003-12-29,36.0,36.20000076293945,35.95000076293945,36.04999923706055,4147604,10.023605346679688
2003-12-30,36.29999923706055,36.57500076293945,36.20000076293945,36.20000076293945,7282884,10.065312385559082
2003-12-31,36.275001525878906,36.974998474121094,36.275001525878906,36.849998474121094,5411972,10.246044158935547
2004-01-01,9.212499618530273,9.212499618530273,9.212499618530273,36.849998474121094,0,10.246044158935547
2004-01-02,36.849998474121094,37.17499923706055,36.79999923706055,37.17499923706055,4391764,10.336416244506836
2004-01-05,37.25,37.42499923706055,36.875,37.42499923706055,7485164,10.405920028686523
2004-01-06,37.349998474121094,37.400001525878906,36.775001525878906,36.95000076293945,12542944,10.273846626281738
2004-01-07,36.92499923706055,37.0,35.82500076293945,35.974998474121094,20606704,10.00275707244873
2004-01-08,36.20000076293945,36.275001525878906,35.525001525878906,35.525001525878906,15125068,9.877629280090332
2004-01-09,35.375,35.5,34.849998474121094,35.32500076293945,19740216,9.822025299072266
2004-01-12,35.25,35.724998474121094,35.224998474121094,35.57500076293945,8705532,9.891535758972168
2004-01-13,35.900001525878906,36.04999923706055,35.724998474121094,35.875,7482272,9.97495174407959
2004-01-14,35.875,35.875,35.375,35.57500076293945,12238504,9.891535758972168
2004-01-15,35.5,36.375,35.349998474121094,36.224998474121094,13805204,10.072265625
2004-01-16,36.224998474121094,36.224998474121094,35.67499923706055,36.150001525878906,11312768,10.051412582397461
2004-01-19,36.150001525878906,36.70000076293945,36.150001525878906,36.54999923706055,6881888,10.162633895874023
2004-01-20,36.474998474121094,36.79999923706055,36.20000076293945,36.25,11221968,10.079217910766602
2004-01-21,36.400001525878906,36.724998474121094,36.349998474121094,36.599998474121094,9671476,10.176533699035645
2004-01-22,36.724998474121094,36.82500076293945,36.17499923706055,36.349998474121094,9120016,10.107022285461426
2004-01-23,36.474998474121094,36.599998474121094,36.125,36.275001525878906,6786732,10.086169242858887
2004-01-26,36.45000076293945,36.5,35.95000076293945,36.125,6632560,10.044461250305176
2004-01-27,36.625,36.67499923706055,36.150001525878906,36.17499923706055,8023532,10.05836296081543
2004-01-28,35.875,36.54999923706055,35.875,36.400001525878906,8670632,10.120927810668945
2004-01-29,36.025001525878906,36.375,35.849998474121094,36.17499923706055,10332968,10.05836296081543
2004-01-30,36.224998474121094,36.25,35.375,35.375,11298180,9.83592700958252
2004-02-02,35.400001525878906,35.75,35.17499923706055,35.525001525878906,8461288,9.877629280090332
2004-02-03,35.57500076293945,35.849998474121094,35.375,35.57500076293945,7090584,9.891535758972168
2004-02-04,35.5,35.900001525878906,35.5,35.67499923706055,6480000,9.919340133666992
2004-02-05,35.724998474121094,35.900001525878906,35.20000076293945,35.25,8733584,9.801168441772461
2004-02-06,35.125,35.400001525878906,34.900001525878906,35.25,8397140,9.801168441772461
2004-02-09,35.57500076293945,36.25,35.54999923706055,36.07500076293945,12244972,10.030561447143555
2004-02-10,35.82500076293945,35.95000076293945,35.32500076293945,35.875,10165080,9.97495174407959
2004-02-11,36.0,36.04999923706055,35.57500076293945,35.82500076293945,7972812,9.96104907989502
2004-02-12,35.974998474121094,36.04999923706055,35.29999923706055,35.724998474121094,7251028,9.93323802947998
2004-02-13,35.525001525878906,35.650001525878906,35.125,35.125,8000800,9.766414642333984
2004-02-16,35.349998474121094,35.5,35.20000076293945,35.5,4149212,9.870681762695312
2004-02-17,35.57500076293945,35.625,35.25,35.45000076293945,6304684,9.856780052185059
2004-02-18,35.5,35.95000076293945,35.32500076293945,35.79999923706055,9582084,9.954093933105469
2004-02-19,35.75,36.224998474121094,35.474998474121094,36.04999923706055,14822904,10.023605346679688
2004-02-20,36.07500076293945,37.0,36.025001525878906,36.525001525878906,14046372,10.155679702758789
2004-02-23,36.625,37.07500076293945,36.625,36.95000076293945,7724588,10.273846626281738
2004-02-24,37.04999923706055,37.25,36.525001525878906,36.599998474121094,12734012,10.176533699035645
2004-02-25,36.70000076293945,36.849998474121094,36.224998474121094,36.775001525878906,9123348,10.225191116333008
2004-02-26,37.0,37.275001525878906,36.70000076293945,37.275001525878906,9685156,10.364213943481445
2004-02-27,37.32500076293945,37.474998474121094,36.75,36.75,12686100,10.218239784240723
2004-03-01,36.82500076293945,37.45000076293945,36.70000076293945,37.32500076293945,11158600,10.3781156539917
2004-03-02,37.54999923706055,37.900001525878906,37.42499923706055,37.900001525878906,10619928,10.537991523742676
2004-03-03,37.82500076293945,38.099998474121094,37.525001525878906,37.70000076293945,15001492,10.48238754272461
2004-03-04,37.849998474121094,37.900001525878906,37.349998474121094,37.849998474121094,9942440,10.524092674255371
2004-03-05,37.95000076293945,37.95000076293945,36.95000076293945,37.400001525878906,17426164,10.398969650268555
2004-03-08,37.625,38.025001525878906,37.5,37.82500076293945,7622584,10.517145156860352
2004-03-09,37.625,37.79999923706055,37.349998474121094,37.474998474121094,8294816,10.41982364654541
2004-03-10,37.32500076293945,38.67499923706055,37.29999923706055,38.650001525878906,17433508,10.74653148651123
2004-03-11,38.25,38.474998474121094,37.42499923706055,37.474998474121094,23024696,10.41982364654541
2004-03-12,37.07500076293945,37.150001525878906,36.54999923706055,36.95000076293945,17314144,10.273846626281738
2004-03-15,36.875,37.474998474121094,36.599998474121094,36.75,15337644,10.218239784240723
2004-03-16,36.775001525878906,36.95000076293945,36.349998474121094,36.70000076293945,11044104,10.204338073730469
2004-03-17,36.625,37.150001525878906,36.42499923706055,37.150001525878906,12304064,10.329456329345703
2004-03-18,37.099998474121094,37.525001525878906,36.724998474121094,36.82500076293945,17265544,10.239096641540527
2004-03-19,37.275001525878906,37.474998474121094,37.0,37.42499923706055,11019204,10.405920028686523
2004-03-22,37.125,37.150001525878906,36.42499923706055,36.650001525878906,12448048,10.190437316894531
2004-03-23,36.5,36.875,36.375,36.54999923706055,13737388,10.162633895874023
2004-03-24,36.599998474121094,36.82500076293945,36.275001525878906,36.54999923706055,14629264,10.162633895874023
2004-03-25,36.75,36.974998474121094,36.29999923706055,36.5,12210784,10.148726463317871
2004-03-26,36.625,37.0,36.20000076293945,36.92499923706055,11299844,10.266899108886719
2004-03-29,37.025001525878906,37.25,36.67499923706055,37.150001525878906,8008832,10.329456329345703
2004-03-30,37.125,37.375,36.95000076293945,37.25,11017484,10.357261657714844
2004-03-31,37.42499923706055,37.92499923706055,37.29999923706055,37.349998474121094,15536128,10.3850679397583
2004-04-01,37.5,37.54999923706055,36.724998474121094,37.25,15873512,10.357261657714844
2004-04-02,37.125,38.25,37.025001525878906,38.099998474121094,13327392,10.593602180480957
2004-04-05,38.375,39.125,38.29999923706055,39.0,12341588,10.843849182128906
2004-04-06,39.0,39.474998474121094,38.849998474121094,39.04999923706055,15119920,10.857748031616211
2004-04-07,39.099998474121094,39.25,38.400001525878906,38.400001525878906,17423688,10.677020072937012
2004-04-08,38.70000076293945,39.224998474121094,38.54999923706055,38.875,8338488,10.809091567993164
2004-04-09,9.71875,9.71875,9.71875,38.875,0,10.809091567993164
2004-04-12,9.71875,9.71875,9.71875,38.875,0,10.809091567993164
2004-04-13,39.42499923706055,40.025001525878906,39.400001525878906,39.95000076293945,11076172,11.107992172241211
2004-04-14,39.70000076293945,39.82500076293945,39.20000076293945,39.57500076293945,10743276,11.003728866577148
2004-04-15,39.625,40.20000076293945,39.5,40.099998474121094,9942084,11.149698257446289
2004-04-16,40.04999923706055,40.67499923706055,39.775001525878906,40.67499923706055,17554280,11.309576034545898
2004-04-19,40.54999923706055,40.650001525878906,39.92499923706055,40.25,9819788,11.19140911102295
2004-04-20,40.525001525878906,40.599998474121094,40.099998474121094,40.25,10792008,11.19140911102295
2004-04-21,39.75,40.0,39.525001525878906,39.900001525878906,53236160,11.094087600708008
2004-04-22,39.900001525878906,40.0,39.20000076293945,39.900001525878906,12139144,11.094087600708008
2004-04-23,40.224998474121094,40.5,39.95000076293945,40.07500076293945,9109188,11.142741203308105
2004-04-26,40.07500076293945,40.45000076293945,39.92499923706055,40.224998474121094,9773036,11.184457778930664
2004-04-27,40.25,40.29999923706055,39.724998474121094,39.95000076293945,10223212,11.107992172241211
2004-04-28,40.04999923706055,40.125,39.45000076293945,39.45000076293945,11593064,10.968966484069824
2004-04-29,39.599998474121094,39.67499923706055,38.724998474121094,38.75,20194652,10.774336814880371
2004-04-30,38.5,38.70000076293945,38.29999923706055,38.57500076293945,14004280,10.725678443908691
2004-05-03,38.45000076293945,39.224998474121094,38.42499923706055,39.17499923706055,6112548,10.892509460449219
2004-05-04,39.25,39.625,38.875,39.375,9921372,10.948116302490234
2004-05-05,39.25,39.70000076293945,39.125,39.70000076293945,8999516,11.038481712341309
2004-05-06,39.650001525878906,39.849998474121094,39.17499923706055,39.17499923706055,11730380,10.892509460449219
2004-05-07,38.95000076293945,39.75,38.849998474121094,39.5,13451744,10.982870101928711
2004-05-10,38.974998474121094,39.32500076293945,38.20000076293945,38.20000076293945,17059912,10.621410369873047
2004-05-11,38.32500076293945,38.79999923706055,38.125,38.75,9147772,10.774336814880371
2004-05-12,38.92499923706055,39.125,38.474998474121094,38.775001525878906,10080064,10.781285285949707
2004-05-13,39.099998474121094,39.42499923706055,38.650001525878906,39.42499923706055,10617708,10.962017059326172
2004-05-14,39.375,39.92499923706055,39.07500076293945,39.724998474121094,13976588,11.045429229736328
2004-05-17,39.025001525878906,39.375,38.70000076293945,39.04999923706055,15964540,10.857748031616211
2004-05-18,39.375,39.375,38.474998474121094,38.875,15976488,10.809091567993164
2004-05-19,38.875,39.20000076293945,38.42499923706055,39.20000076293945,17895952,10.943796157836914
2004-05-20,39.0,39.125,38.67499923706055,38.92499923706055,5767840,10.86701774597168
2004-05-21,38.95000076293945,39.25,38.775001525878906,39.0,10614336,10.887958526611328
2004-05-24,37.75,38.57500076293945,37.650001525878906,38.57500076293945,12635192,11.103846549987793
2004-05-25,38.5,39.025001525878906,38.42499923706055,38.70000076293945,21438496,11.139825820922852
2004-05-26,39.17499923706055,39.349998474121094,38.900001525878906,39.17499923706055,12919600,11.27656078338623
2004-05-27,39.125,39.42499923706055,38.92499923706055,38.95000076293945,15486008,11.211790084838867
2004-05-28,38.900001525878906,39.07500076293945,38.42499923706055,38.42499923706055,16001480,11.060669898986816
2004-05-31,38.525001525878906,38.92499923706055,38.474998474121094,38.775001525878906,2515824,11.16141414642334
2004-06-01,38.92499923706055,39.0,38.349998474121094,38.650001525878906,10755316,11.125436782836914
2004-06-02,38.875,39.224998474121094,38.849998474121094,38.900001525878906,15372272,11.197397232055664
2004-06-03,38.849998474121094,39.099998474121094,38.54999923706055,39.04999923706055,9591280,11.24057388305664
2004-06-04,39.099998474121094,39.29999923706055,38.79999923706055,39.20000076293945,13912092,11.28375244140625
2004-06-07,39.25,39.599998474121094,39.20000076293945,39.474998474121094,7492100,11.36291217803955
2004-06-08,39.67499923706055,39.75,39.375,39.724998474121094,8793828,11.43487548828125
2004-06-09,39.474998474121094,39.650001525878906,39.04999923706055,39.224998474121094,10016400,11.290953636169434
2004-06-10,39.150001525878906,39.525001525878906,39.099998474121094,39.474998474121094,10216504,11.36291217803955
2004-06-11,39.57500076293945,39.75,39.20000076293945,39.474998474121094,5517216,11.36291217803955
2004-06-14,39.400001525878906,39.54999923706055,38.900001525878906,39.07500076293945,9303964,11.247770309448242
2004-06-15,39.099998474121094,39.75,39.04999923706055,39.42499923706055,9242964,11.348523139953613
2004-06-16,39.57500076293945,40.25,39.57500076293945,40.125,9811904,11.550018310546875
2004-06-17,40.0,40.474998474121094,39.95000076293945,40.349998474121094,10962608,11.614781379699707
2004-06-18,40.349998474121094,41.125,40.25,40.875,25268492,11.76590347290039
2004-06-21,40.95000076293945,41.025001525878906,40.349998474121094,40.849998474121094,10305344,11.758710861206055
2004-06-22,40.70000076293945,40.70000076293945,40.04999923706055,40.07500076293945,12521372,11.535621643066406
2004-06-23,40.17499923706055,40.42499923706055,39.875,40.04999923706055,35471012,11.528426170349121
2004-06-24,40.474998474121094,40.67499923706055,40.07500076293945,40.349998474121094,9766932,11.614781379699707
2004-06-25,40.150001525878906,40.349998474121094,39.95000076293945,40.04999923706055,6264252,11.528426170349121
2004-06-28,40.0,40.20000076293945,39.67499923706055,39.79999923706055,10952148,11.456466674804688
2004-06-29,39.67499923706055,39.82500076293945,39.275001525878906,39.45000076293945,16510760,11.35571575164795
2004-06-30,39.525001525878906,39.599998474121094,39.025001525878906,39.17499923706055,12942308,11.27656078338623
2004-07-01,39.29999923706055,39.775001525878906,39.20000076293945,39.42499923706055,10250560,11.348523139953613
2004-07-02,39.400001525878906,39.650001525878906,39.125,39.275001525878906,8868604,11.305346488952637
2004-07-05,39.29999923706055,39.70000076293945,39.29999923706055,39.525001525878906,3580780,11.377302169799805
2004-07-06,39.45000076293945,39.775001525878906,39.17499923706055,39.67499923706055,8485124,11.420483589172363
2004-07-07,39.70000076293945,39.875,39.45000076293945,39.5,8121336,11.370111465454102
2004-07-08,39.5,39.79999923706055,39.17499923706055,39.79999923706055,8912576,11.456466674804688
2004-07-09,39.650001525878906,40.32500076293945,39.650001525878906,40.224998474121094,6859132,11.578804016113281
2004-07-12,40.07500076293945,40.150001525878906,39.775001525878906,39.900001525878906,5278368,11.485248565673828
2004-07-13,40.04999923706055,40.099998474121094,39.75,39.75,5509396,11.442070007324219
2004-07-14,39.625,39.92499923706055,39.45000076293945,39.775001525878906,6192808,11.449265480041504
2004-07-15,39.775001525878906,40.32500076293945,39.75,40.0,8753648,11.514034271240234
2004-07-16,40.0,40.224998474121094,39.900001525878906,40.025001525878906,6364860,11.521228790283203
2004-07-19,40.04999923706055,40.224998474121094,39.79999923706055,39.900001525878906,6057304,11.485248565673828
2004-07-20,39.67499923706055,39.775001525878906,39.32500076293945,39.724998474121094,8777276,11.43487548828125
2004-07-21,39.900001525878906,39.974998474121094,39.45000076293945,39.724998474121094,7745040,11.43487548828125
2004-07-22,39.375,39.42499923706055,39.025001525878906,39.04999923706055,10597876,11.24057388305664
2004-07-23,39.125,39.400001525878906,39.025001525878906,39.25,6394900,11.298148155212402
2004-07-26,39.17499923706055,39.375,38.79999923706055,38.82500076293945,6360868,11.17580795288086
2004-07-27,38.82500076293945,39.0,38.400001525878906,39.0,8373716,11.22618293762207
2004-07-28,39.20000076293945,39.29999923706055,38.974998474121094,39.099998474121094,7936828,11.254968643188477
2004-07-29,39.25,40.32500076293945,39.20000076293945,40.224998474121094,15297248,11.578804016113281
2004-07-30,40.32500076293945,40.5,39.92499923706055,40.32500076293945,12037616,11.607582092285156
2004-08-02,40.07500076293945,40.20000076293945,39.875,39.95000076293945,7519072,11.499637603759766
2004-08-03,40.099998474121094,40.849998474121094,40.099998474121094,40.67499923706055,10135636,11.708335876464844
2004-08-04,40.474998474121094,40.95000076293945,40.04999923706055,40.17499923706055,12280528,11.564407348632812
2004-08-05,40.25,40.57500076293945,39.875,40.07500076293945,12812680,11.535621643066406
2004-08-06,39.70000076293945,40.099998474121094,39.125,39.224998474121094,15543824,11.290953636169434
2004-08-09,39.20000076293945,39.474998474121094,38.875,39.25,9620628,11.298148155212402
2004-08-10,39.32500076293945,39.849998474121094,39.275001525878906,39.75,10751952,11.442070007324219
2004-08-11,39.67499923706055,39.900001525878906,39.400001525878906,39.45000076293945,12564384,11.35571575164795
2004-08-12,39.525001525878906,39.974998474121094,39.400001525878906,39.625,10450276,11.406094551086426
2004-08-13,39.32500076293945,39.599998474121094,39.07500076293945,39.29999923706055,8713660,11.312541007995605
2004-08-16,39.04999923706055,39.45000076293945,38.849998474121094,39.29999923706055,8063788,11.312541007995605
2004-08-17,39.17499923706055,39.400001525878906,38.92499923706055,39.025001525878906,9763708,11.233381271362305
2004-08-18,38.875,39.29999923706055,38.75,39.20000076293945,6633692,11.28375244140625
2004-08-19,39.29999923706055,39.625,39.0,39.20000076293945,8361316,11.28375244140625
2004-08-20,39.275001525878906,39.5,38.95000076293945,39.29999923706055,6108776,11.312541007995605
2004-08-23,39.57500076293945,39.75,39.400001525878906,39.5,5987676,11.370111465454102
2004-08-24,39.5,39.5,39.0,39.224998474121094,8412556,11.290953636169434
2004-08-25,39.32500076293945,39.375,39.025001525878906,39.25,5263444,11.298148155212402
2004-08-26,39.5,39.625,39.375,39.625,6412604,11.406094551086426
2004-08-27,39.67499923706055,40.275001525878906,39.625,40.125,9301980,11.550018310546875
2004-08-30,40.25,40.525001525878906,40.150001525878906,40.25,6034860,11.585999488830566
2004-08-31,40.150001525878906,40.400001525878906,39.900001525878906,40.025001525878906,16403024,11.521228790283203
2004-09-01,40.150001525878906,40.525001525878906,40.07500076293945,40.224998474121094,8762468,11.578804016113281
2004-09-02,40.25,40.67499923706055,40.17499923706055,40.474998474121094,7569756,11.650764465332031
2004-09-03,40.625,40.900001525878906,40.275001525878906,40.849998474121094,8263272,11.758710861206055
2004-09-06,40.875,40.974998474121094,40.57500076293945,40.724998474121094,5009040,11.722725868225098
2004-09-07,40.75,40.849998474121094,40.57500076293945,40.75,7425296,11.729925155639648
2004-09-08,40.82500076293945,40.92499923706055,40.57500076293945,40.67499923706055,9055032,11.708335876464844
2004-09-09,40.57500076293945,40.75,40.375,40.45000076293945,7738608,11.643568992614746
2004-09-10,40.70000076293945,40.974998474121094,40.625,40.849998474121094,7764140,11.758710861206055
2004-09-13,40.875,41.099998474121094,40.57500076293945,41.07500076293945,8347760,11.823474884033203
2004-09-14,41.025001525878906,41.224998474121094,40.900001525878906,41.07500076293945,9522676,11.823474884033203
2004-09-15,41.125,41.25,40.95000076293945,41.07500076293945,7681856,11.823474884033203
2004-09-16,41.125,41.20000076293945,40.75,40.82500076293945,8080168,11.75151252746582
2004-09-17,41.0,41.474998474121094,40.70000076293945,41.275001525878906,9859576,11.881043434143066
2004-09-20,41.349998474121094,41.5,41.125,41.275001525878906,6744164,11.881043434143066
2004-09-21,41.224998474121094,42.099998474121094,41.17499923706055,42.04999923706055,11878708,12.104134559631348
2004-09-22,42.04999923706055,42.375,41.67499923706055,41.67499923706055,12364512,11.996183395385742
2004-09-23,41.775001525878906,41.95000076293945,41.400001525878906,41.599998474121094,14207908,11.974595069885254
2004-09-24,41.54999923706055,42.20000076293945,41.54999923706055,42.099998474121094,11251980,12.11851978302002
2004-09-27,42.20000076293945,42.400001525878906,41.974998474121094,42.349998474121094,8751612,12.190482139587402
2004-09-28,42.375,42.95000076293945,42.375,42.5,16958556,12.233659744262695
2004-09-29,42.150001525878906,42.224998474121094,41.54999923706055,41.54999923706055,36244956,11.960198402404785
2004-09-30,41.57500076293945,41.650001525878906,40.875,41.0,29445964,11.801888465881348
2004-10-01,41.150001525878906,41.900001525878906,41.07500076293945,41.75,14723064,12.017775535583496
2004-10-04,41.92499923706055,42.125,41.57500076293945,41.650001525878906,11852432,11.988987922668457
2004-10-05,41.599998474121094,42.07500076293945,41.54999923706055,42.0,13243852,12.089735984802246
2004-10-06,42.07500076293945,42.45000076293945,41.92499923706055,42.32500076293945,17081520,12.18328857421875
2004-10-07,42.54999923706055,42.650001525878906,42.25,42.45000076293945,10873620,12.219270706176758
2004-10-08,42.275001525878906,42.57500076293945,42.04999923706055,42.125,30016036,12.125723838806152
2004-10-11,42.275001525878906,42.349998474121094,42.125,42.224998474121094,8202488,12.15450382232666
2004-10-12,42.29999923706055,42.32500076293945,41.849998474121094,41.92499923706055,10604068,12.068142890930176
2004-10-13,41.974998474121094,42.099998474121094,41.29999923706055,41.5,13907352,11.945810317993164
2004-10-14,41.5,41.650001525878906,41.349998474121094,41.525001525878906,9865772,11.953006744384766
2004-10-15,41.57500076293945,41.599998474121094,41.125,41.45000076293945,9180184,11.931418418884277
2004-10-18,41.625,41.82500076293945,41.45000076293945,41.54999923706055,5827048,11.960198402404785
2004-10-19,41.474998474121094,41.724998474121094,41.275001525878906,41.400001525878906,10641156,11.91702651977539
2004-10-20,41.125,41.375,41.025001525878906,41.29999923706055,8114920,11.888246536254883
2004-10-21,41.67499923706055,41.75,41.275001525878906,41.525001525878906,8130732,11.953006744384766
2004-10-22,41.57500076293945,41.70000076293945,41.150001525878906,41.599998474121094,7170280,11.974595069885254
2004-10-25,41.224998474121094,41.224998474121094,40.525001525878906,40.625,14108628,11.693942070007324
2004-10-26,40.57500076293945,40.70000076293945,40.349998474121094,40.5,8796676,11.657959938049316
2004-10-27,40.75,41.224998474121094,40.625,41.07500076293945,13192968,11.823474884033203
2004-10-28,40.875,41.125,40.474998474121094,41.125,15938500,11.837862014770508
2004-10-29,40.82500076293945,41.07500076293945,40.625,40.75,11176748,11.729925155639648
2004-11-01,40.75,41.349998474121094,40.70000076293945,40.900001525878906,7026404,11.773104667663574
2004-11-02,40.95000076293945,41.099998474121094,40.849998474121094,41.025001525878906,8259680,11.809081077575684
2004-11-03,41.29999923706055,41.525001525878906,41.07500076293945,41.20000076293945,10917060,11.859454154968262
2004-11-04,41.29999923706055,41.70000076293945,41.29999923706055,41.57500076293945,9515212,11.967401504516602
2004-11-05,41.82500076293945,41.849998474121094,41.29999923706055,41.42499923706055,12003432,11.924220085144043
2004-11-08,41.5,41.775001525878906,41.25,41.275001525878906,6257208,11.881043434143066
2004-11-09,41.349998474121094,41.70000076293945,41.275001525878906,41.349998474121094,8627648,11.902631759643555
2004-11-10,41.29999923706055,41.775001525878906,41.150001525878906,41.45000076293945,11245672,11.931418418884277
2004-11-11,41.45000076293945,42.0,41.375,41.974998474121094,10696824,12.082540512084961
2004-11-12,42.0,42.07500076293945,41.42499923706055,41.67499923706055,13072132,11.996183395385742
2004-11-15,41.75,41.900001525878906,41.349998474121094,41.375,10360400,11.909829139709473
2004-11-16,41.474998474121094,41.525001525878906,40.974998474121094,41.099998474121094,10762832,11.830670356750488
2004-11-17,41.150001525878906,41.5,41.07500076293945,41.5,19397808,11.945810317993164
2004-11-18,41.32500076293945,41.775001525878906,41.32500076293945,41.625,8750960,11.981791496276855
2004-11-19,41.724998474121094,42.0,41.525001525878906,41.54999923706055,15085672,11.960198402404785
2004-11-22,41.54999923706055,41.625,41.29999923706055,41.42499923706055,8032668,11.924220085144043
2004-11-23,41.625,41.849998474121094,41.625,41.150001525878906,8780124,11.84506607055664
2004-11-24,41.29999923706055,41.625,41.07500076293945,41.07500076293945,9504952,12.087849617004395
2004-11-25,41.20000076293945,41.724998474121094,41.17499923706055,41.67499923706055,7466956,12.264421463012695
2004-11-26,41.42499923706055,41.57500076293945,41.29999923706055,41.5,4699128,12.212922096252441
2004-11-29,41.5,41.82500076293945,41.29999923706055,41.349998474121094,7618140,12.168778419494629
2004-11-30,41.45000076293945,41.54999923706055,41.125,41.17499923706055,8084932,12.117274284362793
2004-12-01,41.224998474121094,41.54999923706055,41.07500076293945,41.42499923706055,7720356,12.190848350524902
2004-12-02,41.125,41.150001525878906,40.525001525878906,40.54999923706055,17281144,11.933350563049316
2004-12-03,40.54999923706055,40.70000076293945,40.0,40.349998474121094,21423632,11.874490737915039
2004-12-06,40.0,40.25,39.92499923706055,40.17499923706055,7838272,11.822990417480469
2004-12-07,40.125,40.54999923706055,40.07500076293945,40.349998474121094,9095176,11.874490737915039
2004-12-08,40.099998474121094,40.150001525878906,39.599998474121094,39.95000076293945,12678488,11.756772994995117
2004-12-09,39.900001525878906,40.375,39.900001525878906,39.900001525878906,12930500,11.742063522338867
2004-12-10,40.099998474121094,40.45000076293945,40.099998474121094,40.349998474121094,10242548,11.874490737915039
2004-12-13,40.32500076293945,40.5,40.07500076293945,40.42499923706055,10366792,11.896564483642578
2004-12-14,40.599998474121094,40.625,40.07500076293945,40.29999923706055,12544432,11.85977840423584
2004-12-15,40.5,40.54999923706055,40.07500076293945,40.275001525878906,8416176,11.852421760559082
2004-12-16,40.275001525878906,40.400001525878906,39.974998474121094,40.07500076293945,9469376,11.793560981750488
2004-12-17,40.07500076293945,40.099998474121094,39.32500076293945,39.32500076293945,17977556,11.572844505310059
2004-12-20,39.42499923706055,39.82500076293945,39.400001525878906,39.70000076293945,8085068,11.683209419250488
2004-12-21,39.67499923706055,39.974998474121094,39.650001525878906,39.92499923706055,5089284,11.749421119689941
2004-12-22,40.099998474121094,40.375,40.025001525878906,40.07500076293945,8124640,11.793560981750488
2004-12-23,40.07500076293945,40.375,40.0,40.375,5137280,11.881851196289062
2004-12-24,40.25,40.474998474121094,40.17499923706055,40.474998474121094,1131700,11.911277770996094
2004-12-27,40.42499923706055,40.625,40.25,40.29999923706055,5417004,11.85977840423584
2004-12-28,40.25,40.32500076293945,39.974998474121094,40.29999923706055,4197284,11.85977840423584
2004-12-29,40.29999923706055,40.400001525878906,40.150001525878906,40.29999923706055,3397912,11.85977840423584
2004-12-30,40.5,40.54999923706055,40.349998474121094,40.45000076293945,2857720,11.903922080993652
2004-12-31,40.42499923706055,40.45000076293945,40.025001525878906,40.17499923706055,2328032,11.822990417480469
2005-01-03,40.45000076293945,40.79999923706055,39.974998474121094,40.150001525878906,8257924,11.815631866455078
2005-01-04,39.900001525878906,40.0,39.70000076293945,40.0,8852936,11.771491050720215
2005-01-05,39.79999923706055,40.125,39.57500076293945,39.625,9859208,11.661137580871582
2005-01-06,39.724998474121094,40.0,39.650001525878906,39.92499923706055,9464536,11.749421119689941
2005-01-07,39.900001525878906,40.150001525878906,39.67499923706055,40.04999923706055,12118020,11.78620433807373
2005-01-10,40.099998474121094,40.125,39.79999923706055,40.125,5960888,11.808279037475586
2005-01-11,40.349998474121094,40.349998474121094,39.875,40.099998474121094,11112856,11.800921440124512
2005-01-12,40.099998474121094,40.25,39.5,39.67499923706055,12037280,11.675848960876465
2005-01-13,39.900001525878906,39.95000076293945,39.525001525878906,39.95000076293945,9927896,11.756772994995117
2005-01-14,39.92499923706055,40.400001525878906,39.875,40.29999923706055,9862840,11.85977840423584
2005-01-17,40.375,40.5,40.099998474121094,40.400001525878906,4650536,11.889209747314453
2005-01-18,40.474998474121094,40.75,40.25,40.650001525878906,10589336,11.96278190612793
2005-01-19,40.70000076293945,40.875,40.42499923706055,40.54999923706055,7688640,11.933350563049316
2005-01-20,40.349998474121094,40.375,40.099998474121094,40.224998474121094,8152992,11.837708473205566
2005-01-21,40.17499923706055,40.599998474121094,40.150001525878906,40.525001525878906,8684864,11.925995826721191
2005-01-24,40.42499923706055,41.099998474121094,40.349998474121094,40.974998474121094,13221260,12.058419227600098
2005-01-25,40.95000076293945,41.32500076293945,40.900001525878906,41.29999923706055,9803900,12.154069900512695
2005-01-26,41.29999923706055,41.474998474121094,41.04999923706055,41.349998474121094,9561504,12.168778419494629
2005-01-27,41.32500076293945,41.474998474121094,41.04999923706055,41.400001525878906,11118220,12.183493614196777
2005-01-28,41.45000076293945,41.45000076293945,41.07500076293945,41.07500076293945,7794656,12.087849617004395
2005-01-31,41.25,41.42499923706055,40.875,41.125,8930320,12.102559089660645
2005-02-01,41.32500076293945,41.875,41.275001525878906,41.875,11662820,12.32327938079834
2005-02-02,41.900001525878906,42.125,41.54999923706055,42.125,10151484,12.396858215332031
2005-02-03,42.04999923706055,42.125,41.724998474121094,42.0,7849820,12.360065460205078
2005-02-04,42.17499923706055,42.57500076293945,42.125,42.45000076293945,9142752,12.492496490478516
2005-02-07,42.5,42.775001525878906,42.375,42.5,9489508,12.507207870483398
2005-02-08,42.5,42.650001525878906,42.150001525878906,42.54999923706055,8904772,12.521924018859863
2005-02-09,42.625,42.67499923706055,42.099998474121094,42.375,11987644,12.470419883728027
2005-02-10,42.349998474121094,42.599998474121094,42.07500076293945,42.400001525878906,10839116,12.47778034210205
2005-02-11,42.5,43.0,42.5,43.0,12449336,12.654353141784668
2005-02-14,43.025001525878906,43.04999923706055,42.650001525878906,42.95000076293945,8056560,12.63963794708252
2005-02-15,42.900001525878906,43.400001525878906,42.849998474121094,43.125,10207176,12.691143035888672
2005-02-16,43.25,43.349998474121094,42.974998474121094,43.150001525878906,13719056,12.698498725891113
2005-02-17,43.5,43.95000076293945,43.45000076293945,43.54999923706055,16652392,12.816211700439453
2005-02-18,43.474998474121094,44.275001525878906,43.42499923706055,44.07500076293945,17996304,12.97071361541748
2005-02-21,44.150001525878906,44.57500076293945,43.82500076293945,44.32500076293945,10566180,13.044286727905273
2005-02-22,44.349998474121094,44.349998474121094,43.54999923706055,44.0,15277504,12.948641777038574
2005-02-23,43.599998474121094,43.775001525878906,43.275001525878906,43.775001525878906,13102764,12.882425308227539
2005-02-24,43.900001525878906,44.275001525878906,43.724998474121094,43.849998474121094,15246664,12.90450382232666
2005-02-25,44.125,45.0,44.099998474121094,44.92499923706055,12745616,13.220861434936523
2005-02-28,44.849998474121094,45.57500076293945,44.82500076293945,44.82500076293945,17229352,13.19143009185791
2005-03-01,44.82500076293945,45.125,44.650001525878906,44.79999923706055,15099032,13.18406867980957
2005-03-02,44.75,44.974998474121094,44.349998474121094,44.95000076293945,14839600,13.228217124938965
2005-03-03,45.07500076293945,45.5,45.025001525878906,45.17499923706055,11033144,13.29443073272705
2005-03-04,45.5,45.724998474121094,45.349998474121094,45.67499923706055,10934840,13.441571235656738
2005-03-07,45.875,46.025001525878906,45.474998474121094,45.474998474121094,11371204,13.382719993591309
2005-03-08,45.42499923706055,45.599998474121094,45.224998474121094,45.5,8762980,13.3900728225708
2005-03-09,45.5,45.95000076293945,45.474998474121094,45.625,11836112,13.426856994628906
2005-03-10,45.0,45.125,44.54999923706055,44.79999923706055,16366460,13.18406867980957
2005-03-11,45.0,45.04999923706055,44.67499923706055,44.875,7972908,13.206145286560059
2005-03-14,45.0,45.20000076293945,44.82500076293945,45.0,6207804,13.24293041229248
2005-03-15,45.07500076293945,45.67499923706055,45.07500076293945,45.650001525878906,11654352,13.434213638305664
2005-03-16,45.32500076293945,45.42499923706055,44.92499923706055,45.099998474121094,13892252,13.272356986999512
2005-03-17,45.04999923706055,45.32500076293945,44.95000076293945,45.150001525878906,8603804,13.287071228027344
2005-03-18,45.32500076293945,45.70000076293945,45.17499923706055,45.67499923706055,12172328,13.441571235656738
2005-03-21,45.650001525878906,45.79999923706055,45.42499923706055,45.42499923706055,6532096,13.367997169494629
2005-03-22,45.57500076293945,45.57500076293945,44.625,45.400001525878906,10051644,13.360645294189453
2005-03-23,44.92499923706055,44.92499923706055,44.525001525878906,44.724998474121094,12670880,13.161998748779297
2005-03-24,44.875,44.92499923706055,44.375,44.92499923706055,10577444,13.220861434936523
2005-03-25,11.231249809265137,11.231249809265137,11.231249809265137,44.92499923706055,0,13.220861434936523
2005-03-28,11.231249809265137,11.231249809265137,11.231249809265137,44.92499923706055,0,13.220861434936523
2005-03-29,44.45000076293945,45.125,44.45000076293945,45.125,8196296,13.279711723327637
2005-03-30,44.75,44.974998474121094,44.650001525878906,44.724998474121094,8398448,13.161998748779297
2005-03-31,45.0,45.17499923706055,44.92499923706055,45.125,9582328,13.279711723327637
2005-04-01,45.17499923706055,45.57500076293945,45.125,45.32500076293945,9109916,13.338570594787598
2005-04-04,45.625,45.75,45.099998474121094,45.67499923706055,10584640,13.441571235656738
2005-04-05,45.724998474121094,46.025001525878906,45.525001525878906,46.025001525878906,17575696,13.544571876525879
2005-04-06,45.900001525878906,46.0,45.67499923706055,45.95000076293945,17043812,13.522499084472656
2005-04-07,46.04999923706055,46.25,46.0,46.25,18319296,13.610791206359863
2005-04-08,46.17499923706055,46.224998474121094,45.67499923706055,45.79999923706055,12015300,13.478360176086426
2005-04-11,45.525001525878906,45.724998474121094,45.400001525878906,45.70000076293945,18535900,13.448929786682129
2005-04-12,45.75,46.0,45.599998474121094,45.900001525878906,15768792,13.50778579711914
2005-04-13,45.849998474121094,45.875,45.474998474121094,45.67499923706055,10664832,13.441571235656738
2005-04-14,45.224998474121094,45.32500076293945,44.95000076293945,45.025001525878906,14912812,13.250282287597656
2005-04-15,44.67499923706055,44.75,44.125,44.125,17873380,12.98542308807373
2005-04-18,43.29999923706055,43.525001525878906,43.0,43.32500076293945,17758036,12.749995231628418
2005-04-19,43.54999923706055,43.70000076293945,43.349998474121094,43.525001525878906,11537076,12.808852195739746
2005-04-20,43.724998474121094,43.849998474121094,43.125,43.400001525878906,11744288,12.772066116333008
2005-04-21,43.099998474121094,43.400001525878906,43.025001525878906,43.125,9993968,12.691143035888672
2005-04-22,43.525001525878906,43.75,43.400001525878906,43.75,6904816,12.875061988830566
2005-04-25,43.875,44.375,43.849998474121094,44.275001525878906,7533668,13.02957534790039
2005-04-26,44.42499923706055,44.54999923706055,44.20000076293945,44.42499923706055,8162600,13.073714256286621
2005-04-27,44.099998474121094,44.224998474121094,43.275001525878906,43.275001525878906,14118480,12.73528003692627
2005-04-28,43.375,43.474998474121094,42.875,43.25,10178684,12.727926254272461
2005-04-29,42.95000076293945,43.42499923706055,42.849998474121094,43.125,8966108,12.691143035888672
2005-05-02,43.224998474121094,43.400001525878906,43.099998474121094,43.275001525878906,4674920,12.73528003692627
2005-05-03,43.5,43.775001525878906,43.275001525878906,43.349998474121094,11124864,12.757354736328125
2005-05-04,43.400001525878906,43.70000076293945,43.125,43.349998474121094,11790868,12.757354736328125
2005-05-05,43.32500076293945,44.17499923706055,43.32500076293945,44.07500076293945,6093168,12.97071361541748
2005-05-06,44.0,44.525001525878906,43.92499923706055,44.5,6961872,13.095788955688477
2005-05-09,44.54999923706055,44.57500076293945,44.125,44.349998474121094,7249884,13.051642417907715
2005-05-10,44.474998474121094,44.54999923706055,44.25,44.375,7659500,13.058998107910156
2005-05-11,44.07500076293945,44.400001525878906,44.0,44.224998474121094,8737260,13.014863014221191
2005-05-12,44.29999923706055,44.45000076293945,43.974998474121094,44.04999923706055,14073280,12.963357925415039
2005-05-13,43.45000076293945,43.625,43.150001525878906,43.625,10680140,12.838279724121094
2005-05-16,43.25,43.45000076293945,43.07500076293945,43.224998474121094,5683760,12.72056770324707
2005-05-17,43.375,43.5,43.20000076293945,43.29999923706055,28642980,12.742635726928711
2005-05-18,43.70000076293945,44.099998474121094,43.57500076293945,43.92499923706055,14408564,12.979022026062012
2005-05-19,44.0,44.375,43.875,44.25,8838796,13.075056076049805
2005-05-20,44.275001525878906,44.5,44.150001525878906,44.25,22544112,13.075056076049805
2005-05-23,44.474998474121094,44.650001525878906,44.150001525878906,43.849998474121094,9305840,12.956868171691895
2005-05-24,44.025001525878906,44.20000076293945,43.875,44.125,7164964,13.265000343322754
2005-05-25,44.224998474121094,44.42499923706055,44.04999923706055,44.349998474121094,6962280,13.332640647888184
2005-05-26,44.474998474121094,44.974998474121094,44.375,44.75,15195844,13.452892303466797
2005-05-27,44.95000076293945,44.974998474121094,44.54999923706055,44.875,5835204,13.490463256835938
2005-05-30,44.95000076293945,45.349998474121094,44.79999923706055,45.349998474121094,5155844,13.63326644897461
2005-05-31,45.375,45.42499923706055,44.875,44.875,13229796,13.490463256835938
2005-06-01,45.099998474121094,45.775001525878906,45.07500076293945,45.70000076293945,9106472,13.738485336303711
2005-06-02,45.875,46.0,45.525001525878906,45.92499923706055,9754116,13.806119918823242
2005-06-03,45.82500076293945,45.849998474121094,45.474998474121094,45.650001525878906,7247716,13.7234525680542
2005-06-06,45.70000076293945,45.974998474121094,45.54999923706055,45.79999923706055,7915448,13.768547058105469
2005-06-07,45.849998474121094,46.224998474121094,45.79999923706055,46.17499923706055,7941344,13.881280899047852
2005-06-08,46.025001525878906,46.349998474121094,45.82500076293945,46.275001525878906,9735884,13.911348342895508
2005-06-09,46.125,46.400001525878906,45.82500076293945,46.150001525878906,9459072,13.87376594543457
2005-06-10,46.525001525878906,47.07500076293945,46.525001525878906,46.92499923706055,12186376,14.106746673583984
2005-06-13,46.849998474121094,47.599998474121094,46.775001525878906,47.57500076293945,8677716,14.30215072631836
2005-06-14,47.67499923706055,47.82500076293945,47.400001525878906,47.75,8439432,14.354757308959961
2005-06-15,47.67499923706055,47.775001525878906,47.375,47.599998474121094,10581040,14.309676170349121
2005-06-16,47.75,48.0,47.650001525878906,47.79999923706055,8038420,14.369797706604004
2005-06-17,47.974998474121094,48.849998474121094,47.92499923706055,48.5,16540428,14.580225944519043
2005-06-20,48.75,48.82500076293945,48.375,48.525001525878906,12936728,14.587747573852539
2005-06-21,48.650001525878906,48.724998474121094,48.375,48.54999923706055,9267672,14.595256805419922
2005-06-22,48.275001525878906,48.5,48.07500076293945,48.42499923706055,9718064,14.557682991027832
2005-06-23,48.45000076293945,48.92499923706055,48.349998474121094,48.82500076293945,7718268,14.677936553955078
2005-06-24,48.625,49.150001525878906,48.42499923706055,48.75,9261272,14.655383110046387
2005-06-27,48.42499923706055,48.625,48.224998474121094,48.42499923706055,10033456,14.557682991027832
2005-06-28,48.67499923706055,49.07500076293945,48.54999923706055,49.025001525878906,11412044,14.738061904907227
2005-06-29,48.974998474121094,49.0,48.400001525878906,48.599998474121094,11448184,14.610286712646484
2005-06-30,48.45000076293945,49.025001525878906,48.45000076293945,48.57500076293945,9193860,14.60278034210205
2005-07-01,48.625,49.20000076293945,48.525001525878906,49.20000076293945,7990172,14.790670394897461
2005-07-04,49.400001525878906,50.45000076293945,49.275001525878906,49.79999923706055,9480404,14.971041679382324
2005-07-05,49.79999923706055,49.92499923706055,49.275001525878906,49.5,11823224,14.880852699279785
2005-07-06,49.974998474121094,50.70000076293945,49.974998474121094,50.57500076293945,12542236,15.204023361206055
2005-07-07,50.29999923706055,50.349998474121094,48.025001525878906,49.900001525878906,37337524,15.001097679138184
2005-07-08,50.32500076293945,51.67499923706055,50.29999923706055,51.625,15690432,15.519674301147461
2005-07-11,51.42499923706055,51.625,51.04999923706055,51.04999923706055,10216736,15.346816062927246
2005-07-12,50.70000076293945,51.099998474121094,50.32500076293945,50.849998474121094,10248720,15.286690711975098
2005-07-13,50.974998474121094,51.849998474121094,50.95000076293945,51.5,12281972,15.482097625732422
2005-07-14,51.5,52.45000076293945,51.5,51.95000076293945,11340332,15.617377281188965
2005-07-15,51.150001525878906,51.599998474121094,50.79999923706055,51.45000076293945,12423300,15.467074394226074
2005-07-18,51.599998474121094,51.599998474121094,51.17499923706055,51.375,6805112,15.44451904296875
2005-07-19,51.375,52.20000076293945,51.375,52.125,17297520,15.6699800491333
2005-07-20,52.0,52.125,51.25,51.400001525878906,11371644,15.45203971862793
2005-07-21,51.525001525878906,51.625,50.04999923706055,50.25,19763872,15.10632038116455
2005-07-22,50.17499923706055,51.099998474121094,49.95000076293945,51.025001525878906,9983492,15.339300155639648
2005-07-25,51.5,52.224998474121094,51.45000076293945,52.125,8705572,15.6699800491333
2005-07-26,51.974998474121094,52.150001525878906,51.57500076293945,51.625,7329192,15.519674301147461
2005-07-27,51.67499923706055,51.75,51.32500076293945,51.42499923706055,5438580,15.459553718566895
2005-07-28,51.67499923706055,52.0,51.224998474121094,51.45000076293945,9834844,15.467074394226074
2005-07-29,51.724998474121094,52.29999923706055,51.5,51.75,9062312,15.557254791259766
2005-08-01,51.75,52.32500076293945,51.5,51.650001525878906,9007252,15.527189254760742
2005-08-02,51.724998474121094,52.29999923706055,51.724998474121094,52.29999923706055,6730420,15.722597122192383
2005-08-03,52.45000076293945,52.82500076293945,52.025001525878906,52.82500076293945,10530876,15.880430221557617
2005-08-04,52.025001525878906,52.25,51.5,52.150001525878906,12219888,15.677510261535645
2005-08-05,51.724998474121094,52.224998474121094,51.5,51.5,7787044,15.482097625732422
2005-08-08,51.70000076293945,52.17499923706055,51.625,52.17499923706055,4414648,15.68502426147461
2005-08-09,52.224998474121094,53.099998474121094,52.20000076293945,52.849998474121094,8878028,15.887943267822266
2005-08-10,52.95000076293945,53.20000076293945,52.79999923706055,53.0,10324024,15.933032035827637
2005-08-11,53.29999923706055,53.45000076293945,53.025001525878906,53.349998474121094,8081316,16.03825569152832
2005-08-12,53.5,53.5,52.92499923706055,53.150001525878906,7147584,15.978123664855957
2005-08-15,53.025001525878906,53.45000076293945,52.92499923706055,53.04999923706055,3127028,15.94805908203125
2005-08-16,53.0,53.04999923706055,52.20000076293945,52.20000076293945,8581400,15.692533493041992
2005-08-17,51.849998474121094,52.349998474121094,51.54999923706055,52.32500076293945,10582060,15.730107307434082
2005-08-18,51.875,51.875,51.275001525878906,51.724998474121094,8825984,15.549734115600586
2005-08-19,51.70000076293945,52.599998474121094,51.67499923706055,52.599998474121094,8657696,15.81277847290039
2005-08-22,52.724998474121094,53.0,52.625,52.724998474121094,5470392,15.850359916687012
2005-08-23,52.400001525878906,52.5,51.82500076293945,52.07500076293945,7943736,15.65495777130127
2005-08-24,52.04999923706055,52.45000076293945,51.974998474121094,52.32500076293945,8002168,15.730107307434082
2005-08-25,52.32500076293945,52.650001525878906,51.82500076293945,51.82500076293945,8979508,15.579802513122559
2005-08-26,51.875,52.17499923706055,51.275001525878906,51.42499923706055,7890028,15.459553718566895
2005-08-29,51.525001525878906,51.92499923706055,51.375,51.650001525878906,5759536,15.527189254760742
2005-08-30,51.900001525878906,52.025001525878906,51.525001525878906,51.95000076293945,6539576,15.617377281188965
2005-08-31,52.07500076293945,53.400001525878906,52.07500076293945,53.275001525878906,18460204,16.015708923339844
2005-09-01,53.375,54.70000076293945,53.375,54.5,14778348,16.383968353271484
2005-09-02,54.32500076293945,55.025001525878906,53.775001525878906,54.25,13004296,16.308809280395508
2005-09-05,54.025001525878906,54.42499923706055,53.650001525878906,53.67499923706055,8113340,16.135955810546875
2005-09-06,53.625,54.32500076293945,53.525001525878906,54.275001525878906,8648120,16.316328048706055
2005-09-07,54.375,54.650001525878906,54.20000076293945,54.474998474121094,11037048,16.376455307006836
2005-09-08,54.349998474121094,54.5,54.20000076293945,54.5,9150960,16.383968353271484
2005-09-09,54.375,54.82500076293945,54.375,54.70000076293945,7589592,16.444095611572266
2005-09-12,54.95000076293945,55.04999923706055,54.525001525878906,54.525001525878906,7439532,16.39149284362793
2005-09-13,54.375,54.45000076293945,53.67499923706055,54.04999923706055,9569148,16.248687744140625
2005-09-14,53.849998474121094,54.32500076293945,53.70000076293945,54.29999923706055,7573984,16.323843002319336
2005-09-15,54.474998474121094,55.099998474121094,54.275001525878906,54.42499923706055,11793420,16.361419677734375
2005-09-16,54.42499923706055,55.20000076293945,54.375,54.900001525878906,17974956,16.50421714782715
2005-09-19,54.525001525878906,55.79999923706055,54.32500076293945,55.724998474121094,12666024,16.752225875854492
2005-09-20,55.974998474121094,56.599998474121094,55.599998474121094,55.70000076293945,16327920,16.74472427368164
2005-09-21,55.275001525878906,55.900001525878906,55.275001525878906,55.474998474121094,10651288,16.677072525024414
2005-09-22,55.400001525878906,55.974998474121094,54.92499923706055,55.474998474121094,12444596,16.677072525024414
2005-09-23,55.375,55.375,54.82500076293945,55.20000076293945,9471444,16.59440803527832
2005-09-26,55.20000076293945,56.125,55.17499923706055,56.125,16100880,16.872482299804688
2005-09-27,56.125,56.400001525878906,55.57500076293945,56.275001525878906,12925628,16.91758155822754
2005-09-28,56.29999923706055,56.82500076293945,56.07500076293945,56.70000076293945,12332872,17.045339584350586
2005-09-29,56.79999923706055,57.20000076293945,56.75,56.875,7118484,17.097946166992188
2005-09-30,57.224998474121094,57.275001525878906,56.67499923706055,56.775001525878906,8042152,17.067882537841797
2005-10-03,56.75,57.04999923706055,56.29999923706055,56.45000076293945,8033272,16.970186233520508
2005-10-04,56.25,56.5,55.724998474121094,55.875,9851928,16.79732894897461
2005-10-05,55.150001525878906,55.224998474121094,54.099998474121094,54.099998474121094,19800264,16.263721466064453
2005-10-06,53.224998474121094,53.349998474121094,52.525001525878906,52.92499923706055,25078504,15.910493850708008
2005-10-07,52.625,53.54999923706055,52.599998474121094,53.224998474121094,13865584,16.000673294067383
2005-10-10,53.474998474121094,54.04999923706055,53.150001525878906,53.32500076293945,9933948,16.03074073791504
2005-10-11,53.5,53.974998474121094,53.42499923706055,53.900001525878906,9665920,16.203594207763672
2005-10-12,53.849998474121094,53.974998474121094,53.474998474121094,53.525001525878906,7595660,16.09085464477539
2005-10-13,53.29999923706055,53.42499923706055,52.400001525878906,52.625,13733332,15.820300102233887
2005-10-14,52.29999923706055,52.54999923706055,51.0,51.125,28734656,15.369365692138672
2005-10-17,52.0,53.32500076293945,51.875,52.17499923706055,17892552,15.68502426147461
2005-10-18,52.525001525878906,52.70000076293945,51.54999923706055,51.849998474121094,13076444,15.587318420410156
2005-10-19,50.724998474121094,51.224998474121094,50.625,50.724998474121094,16029924,15.249117851257324
2005-10-20,51.5,52.099998474121094,50.474998474121094,50.70000076293945,13026344,15.241598129272461
2005-10-21,50.099998474121094,50.400001525878906,49.75,50.349998474121094,15582616,15.136384010314941
2005-10-24,50.57500076293945,51.625,50.375,51.625,8861696,15.519674301147461
2005-10-25,51.849998474121094,52.099998474121094,50.974998474121094,51.29999923706055,12347248,15.421980857849121
2005-10-26,51.75,52.650001525878906,51.54999923706055,51.95000076293945,14220664,15.617377281188965
2005-10-27,51.54999923706055,51.849998474121094,50.400001525878906,50.57500076293945,12801420,15.204023361206055
2005-10-28,50.375,51.150001525878906,50.099998474121094,50.625,12824144,15.2190523147583
2005-10-31,51.375,52.474998474121094,51.25,52.349998474121094,11961012,15.737632751464844
2005-11-01,52.17499923706055,52.75,51.92499923706055,52.625,10967000,15.820300102233887
2005-11-02,52.45000076293945,53.099998474121094,52.400001525878906,52.75,13777832,15.85787582397461
2005-11-03,53.224998474121094,54.17499923706055,53.224998474121094,54.07500076293945,16104016,16.256206512451172
2005-11-04,54.5,54.875,53.95000076293945,54.275001525878906,15212856,16.316328048706055
2005-11-07,53.92499923706055,54.224998474121094,53.45000076293945,53.82500076293945,7415508,16.181047439575195
2005-11-08,53.75,53.95000076293945,53.375,53.599998474121094,10482616,16.113407135009766
2005-11-09,53.775001525878906,54.04999923706055,53.5,53.5,6784264,16.083343505859375
2005-11-10,53.67499923706055,53.79999923706055,51.82500076293945,51.95000076293945,15395920,15.617377281188965
2005-11-11,52.375,52.5,51.45000076293945,52.04999923706055,10069496,15.647439956665039
2005-11-14,52.07500076293945,53.32500076293945,51.95000076293945,53.0,11764164,15.933032035827637
2005-11-15,53.150001525878906,53.70000076293945,52.95000076293945,53.67499923706055,8277824,16.135955810546875
2005-11-16,52.95000076293945,53.20000076293945,52.224998474121094,52.974998474121094,11883580,15.925517082214355
2005-11-17,53.17499923706055,53.974998474121094,53.17499923706055,53.5,8592248,16.083343505859375
2005-11-18,53.67499923706055,54.275001525878906,53.349998474121094,53.95000076293945,11826816,16.2186279296875
2005-11-21,54.224998474121094,55.04999923706055,54.17499923706055,54.775001525878906,9224232,16.466636657714844
2005-11-22,55.150001525878906,55.75,54.79999923706055,55.724998474121094,10882284,16.752225875854492
2005-11-23,56.0,56.04999923706055,55.224998474121094,54.650001525878906,9932772,16.429059982299805
2005-11-24,54.875,54.974998474121094,54.150001525878906,54.42499923706055,5760816,16.58909034729004
2005-11-25,54.5,54.650001525878906,54.17499923706055,54.599998474121094,4196708,16.642423629760742
2005-11-28,54.875,54.95000076293945,53.67499923706055,53.67499923706055,12087772,16.360483169555664
2005-11-29,53.07500076293945,53.724998474121094,52.95000076293945,53.400001525878906,11403352,16.27665901184082
2005-11-30,53.125,53.349998474121094,52.79999923706055,53.099998474121094,16796412,16.185218811035156
2005-12-01,53.400001525878906,54.45000076293945,53.349998474121094,54.42499923706055,9619908,16.58909034729004
2005-12-02,54.625,54.92499923706055,54.525001525878906,54.75,6410776,16.688142776489258
2005-12-05,54.974998474121094,55.0,54.625,54.92499923706055,6793620,16.741491317749023
2005-12-06,54.900001525878906,55.099998474121094,54.650001525878906,54.650001525878906,7496528,16.657669067382812
2005-12-07,54.849998474121094,55.099998474121094,54.04999923706055,54.20000076293945,9277300,16.520503997802734
2005-12-08,53.900001525878906,54.79999923706055,53.625,54.79999923706055,8975864,16.703386306762695
2005-12-09,54.79999923706055,54.875,53.875,54.25,8678716,16.535741806030273
2005-12-12,54.349998474121094,54.54999923706055,53.525001525878906,53.57500076293945,9167664,16.330001831054688
2005-12-13,53.70000076293945,54.724998474121094,53.67499923706055,54.54999923706055,9628920,16.6271915435791
2005-12-14,54.20000076293945,54.82500076293945,54.20000076293945,54.599998474121094,8723480,16.642423629760742
2005-12-15,54.67499923706055,54.82500076293945,53.724998474121094,54.099998474121094,11016784,16.490028381347656
2005-12-16,53.92499923706055,54.79999923706055,53.82500076293945,53.82500076293945,16878552,16.406204223632812
2005-12-19,53.525001525878906,53.79999923706055,53.125,53.45000076293945,10261140,16.291898727416992
2005-12-20,53.375,53.775001525878906,53.04999923706055,53.5,12064828,16.307138442993164
2005-12-21,53.849998474121094,54.32500076293945,53.650001525878906,53.849998474121094,8741824,16.413818359375
2005-12-22,53.775001525878906,54.17499923706055,53.54999923706055,53.75,5402420,16.383337020874023
2005-12-23,54.07500076293945,54.25,53.525001525878906,53.650001525878906,3006724,16.352855682373047
2005-12-26,13.412500381469727,13.412500381469727,13.412500381469727,53.650001525878906,0,16.352855682373047
2005-12-27,53.5,53.875,53.474998474121094,53.474998474121094,3489416,16.299518585205078
2005-12-28,53.17499923706055,53.42499923706055,53.0,53.400001525878906,4727868,16.27665901184082
2005-12-29,53.25,53.95000076293945,53.25,53.5,4356828,16.307138442993164
2005-12-30,53.29999923706055,53.400001525878906,52.650001525878906,53.04999923706055,5864556,16.169973373413086
2006-01-02,53.45000076293945,53.599998474121094,53.29999923706055,53.45000076293945,2138488,16.291898727416992
2006-01-03,53.724998474121094,54.224998474121094,53.625,53.875,10182060,16.421445846557617
2006-01-04,54.25,54.25,53.54999923706055,53.70000076293945,10161372,16.36810874938965
2006-01-05,53.849998474121094,54.150001525878906,53.42499923706055,53.57500076293945,9749700,16.330001831054688
2006-01-06,53.54999923706055,54.25,53.54999923706055,54.25,9651116,16.535741806030273
2006-01-09,54.75,55.20000076293945,54.599998474121094,54.70000076293945,13710540,16.67290496826172
2006-01-10,54.650001525878906,54.92499923706055,54.349998474121094,54.70000076293945,7845872,16.67290496826172
2006-01-11,55.0,55.17499923706055,54.25,54.79999923706055,9989572,16.703386306762695
2006-01-12,55.099998474121094,56.025001525878906,54.95000076293945,55.775001525878906,11953880,17.000568389892578
2006-01-13,55.375,55.5,55.0,55.474998474121094,10796656,16.909130096435547
2006-01-16,55.650001525878906,56.25,55.599998474121094,55.875,6851872,17.03106117248535
2006-01-17,55.775001525878906,56.07500076293945,55.375,55.775001525878906,9248328,17.000568389892578
2006-01-18,55.375,55.599998474121094,54.974998474121094,55.0,14000616,16.764347076416016
2006-01-19,55.0,55.25,54.45000076293945,55.25,10882184,16.840551376342773
2006-01-20,55.5,56.20000076293945,55.0,55.0,12540092,16.764347076416016
2006-01-23,54.95000076293945,55.150001525878906,54.45000076293945,54.75,12568036,16.688142776489258
2006-01-24,54.75,55.25,54.349998474121094,54.724998474121094,11612796,16.68052864074707
2006-01-25,54.92499923706055,55.375,54.599998474121094,54.92499923706055,11450144,16.741491317749023
2006-01-26,54.224998474121094,55.17499923706055,54.04999923706055,55.099998474121094,18034976,16.794828414916992
2006-01-27,55.5,56.57500076293945,55.42499923706055,56.5,14079076,17.221561431884766
2006-01-30,56.54999923706055,57.29999923706055,56.525001525878906,56.95000076293945,10686156,17.358720779418945
2006-01-31,57.375,58.150001525878906,56.650001525878906,56.79999923706055,17772356,17.312999725341797
2006-02-01,56.875,57.025001525878906,56.375,57.025001525878906,10005612,17.381574630737305
2006-02-02,56.57500076293945,56.775001525878906,55.42499923706055,55.42499923706055,11364416,16.893888473510742
2006-02-03,55.375,55.849998474121094,55.17499923706055,55.75,9183768,16.99295425415039
2006-02-06,55.92499923706055,56.275001525878906,55.650001525878906,55.95000076293945,7277660,17.053913116455078
2006-02-07,55.875,55.95000076293945,55.0,55.275001525878906,11411852,16.84817123413086
2006-02-08,54.25,54.525001525878906,53.95000076293945,53.974998474121094,16034972,16.45192527770996
2006-02-09,54.400001525878906,55.07500076293945,54.349998474121094,54.79999923706055,11425000,16.703386306762695
2006-02-10,54.400001525878906,54.650001525878906,53.599998474121094,53.599998474121094,12455284,16.337617874145508
2006-02-13,53.75,54.474998474121094,53.625,54.474998474121094,10020356,16.604328155517578
2006-02-14,54.25,54.525001525878906,53.5,53.82500076293945,10345032,16.406204223632812
2006-02-15,53.25,54.25,52.57500076293945,53.599998474121094,17454888,16.337617874145508
2006-02-16,53.375,53.70000076293945,53.17499923706055,53.70000076293945,9538888,16.36810874938965
2006-02-17,53.75,54.224998474121094,53.32500076293945,54.025001525878906,9950984,16.467161178588867
2006-02-20,54.375,54.67499923706055,54.04999923706055,54.29999923706055,5859320,16.550983428955078
2006-02-21,54.625,54.79999923706055,54.025001525878906,54.25,10511664,16.535741806030273
2006-02-22,54.025001525878906,54.20000076293945,53.54999923706055,53.75,11565204,16.383337020874023
2006-02-23,53.57500076293945,53.70000076293945,53.07500076293945,53.625,12921736,16.345245361328125
2006-02-24,53.625,53.95000076293945,53.125,53.775001525878906,9898324,16.390962600708008
2006-02-27,53.95000076293945,54.07500076293945,53.400001525878906,53.70000076293945,7692012,16.36810874938965
2006-02-28,53.79999923706055,53.79999923706055,52.75,52.75,9956252,16.078535079956055
2006-03-01,52.900001525878906,53.349998474121094,52.650001525878906,53.17499923706055,10353520,16.20808219909668
2006-03-02,53.5,53.5,52.42499923706055,52.724998474121094,12462384,16.07090950012207
2006-03-03,53.25,53.625,52.275001525878906,52.525001525878906,13244956,16.00995445251465
2006-03-06,53.025001525878906,53.25,51.95000076293945,52.25,11730744,15.926135063171387
2006-03-07,52.025001525878906,52.42499923706055,51.54999923706055,52.25,14383584,15.926135063171387
2006-03-08,52.04999923706055,52.275001525878906,51.42499923706055,52.224998474121094,15573368,15.9185152053833
2006-03-09,52.5,52.57500076293945,51.849998474121094,52.25,11019336,15.926135063171387
2006-03-10,51.95000076293945,52.724998474121094,51.900001525878906,52.724998474121094,10296688,16.07090950012207
2006-03-13,53.04999923706055,53.275001525878906,52.54999923706055,53.17499923706055,7631204,16.20808219909668
2006-03-14,53.04999923706055,53.5,53.025001525878906,53.349998474121094,6171044,16.26142120361328
2006-03-15,53.75,53.974998474121094,53.57500076293945,53.75,9078328,16.383337020874023
2006-03-16,53.625,53.724998474121094,53.150001525878906,53.224998474121094,7991444,16.22332191467285
2006-03-17,53.525001525878906,54.375,53.275001525878906,53.525001525878906,14394112,16.31475830078125
2006-03-20,53.599998474121094,53.900001525878906,53.20000076293945,53.275001525878906,6966388,16.23855972290039
2006-03-21,53.0,53.0,52.5,52.724998474121094,11048136,16.07090950012207
2006-03-22,52.5,53.17499923706055,52.29999923706055,53.125,11631104,16.192834854125977
2006-03-23,53.125,53.375,52.849998474121094,53.099998474121094,7652012,16.185218811035156
2006-03-24,53.275001525878906,54.20000076293945,53.275001525878906,54.0,12338172,16.459537506103516
2006-03-27,54.0,54.32500076293945,53.70000076293945,53.75,8087152,16.383337020874023
2006-03-28,53.79999923706055,54.17499923706055,53.75,54.07500076293945,10438364,16.482402801513672
2006-03-29,53.974998474121094,54.70000076293945,53.875,54.29999923706055,10431060,16.550983428955078
2006-03-30,54.724998474121094,55.25,54.474998474121094,55.04999923706055,9227340,16.779582977294922
2006-03-31,54.82500076293945,55.349998474121094,54.32500076293945,54.42499923706055,9051140,16.58909034729004
2006-04-03,54.75,55.150001525878906,54.5,55.0,8658372,16.764347076416016
2006-04-04,54.57500076293945,54.82500076293945,54.025001525878906,54.025001525878906,9612740,16.467161178588867
2006-04-05,54.04999923706055,54.599998474121094,53.849998474121094,54.57500076293945,8744980,16.634803771972656
2006-04-06,54.900001525878906,55.150001525878906,54.625,54.75,10578324,16.688142776489258
2006-04-07,54.974998474121094,56.375,54.92499923706055,55.224998474121094,19283860,16.832929611206055
2006-04-10,55.25,56.07500076293945,55.150001525878906,55.92499923706055,8285236,17.04629135131836
2006-04-11,55.92499923706055,56.650001525878906,55.375,55.400001525878906,14218004,16.88626480102539
2006-04-12,55.474998474121094,55.70000076293945,54.900001525878906,55.17499923706055,9964668,16.817697525024414
2006-04-13,55.150001525878906,55.29999923706055,54.57500076293945,55.150001525878906,6690028,16.810070037841797
2006-04-18,55.275001525878906,56.07500076293945,55.275001525878906,55.724998474121094,39469296,16.985332489013672
2006-04-19,56.275001525878906,56.45000076293945,55.375,56.125,38198832,17.107257843017578
2006-04-20,56.375,56.75,55.650001525878906,55.95000076293945,49169872,17.053913116455078
2006-04-21,56.025001525878906,56.70000076293945,56.025001525878906,56.70000076293945,48397888,17.282516479492188
2006-04-24,56.79999923706055,57.42499923706055,56.724998474121094,57.099998474121094,41004704,17.404441833496094
2006-04-25,57.0,57.349998474121094,56.400001525878906,56.5,40335968,17.221561431884766
2006-04-26,56.75,56.75,56.099998474121094,56.224998474121094,35876560,17.137737274169922
2006-04-27,55.875,55.900001525878906,54.75,55.54999923706055,56556528,16.931991577148438
2006-04-28,55.150001525878906,55.42499923706055,54.599998474121094,54.79999923706055,37710448,16.703386306762695
2006-05-02,55.125,55.82500076293945,55.07500076293945,55.400001525878906,33868656,16.88626480102539
2006-05-03,55.724998474121094,55.974998474121094,54.599998474121094,54.67499923706055,44816272,16.665287017822266
2006-05-04,55.04999923706055,55.875,54.625,55.599998474121094,55556000,16.94723892211914
2006-05-05,55.875,56.599998474121094,55.42499923706055,56.474998474121094,42231520,17.213939666748047
2006-05-08,56.67499923706055,57.099998474121094,55.650001525878906,55.875,41647648,17.03106117248535
2006-05-09,56.224998474121094,56.32500076293945,55.849998474121094,56.32500076293945,29155296,17.16822052001953
2006-05-10,56.17499923706055,56.400001525878906,55.525001525878906,55.525001525878906,35844752,16.924375534057617
2006-05-11,55.974998474121094,56.625,55.95000076293945,55.95000076293945,59304416,17.053913116455078
2006-05-12,55.57500076293945,55.875,54.775001525878906,54.775001525878906,150785088,16.69576644897461
2006-05-15,54.75,55.07500076293945,53.70000076293945,53.70000076293945,117683728,16.36810874938965
2006-05-16,53.775001525878906,54.349998474121094,53.349998474121094,54.17499923706055,84902896,16.512880325317383
2006-05-17,54.32500076293945,54.875,52.5,52.5,72490560,16.002334594726562
2006-05-18,51.45000076293945,51.79999923706055,50.0,51.25,14067113,16.730304718017578
2006-05-19,51.349998474121094,51.79999923706055,50.400001525878906,51.099998474121094,14531729,16.68134117126465
2006-05-22,51.0,51.0,49.40999984741211,49.849998474121094,16415291,16.273279190063477
2006-05-23,50.599998474121094,51.400001525878906,50.099998474121094,50.900001525878906,18686892,16.61604881286621
2006-05-24,50.400001525878906,50.75,49.5099983215332,49.75,15997401,16.240644454956055
2006-05-25,49.70000076293945,50.95000076293945,48.650001525878906,50.79999923706055,15255397,16.58340072631836
2006-05-26,51.400001525878906,51.79999923706055,50.95000076293945,51.79999923706055,15722697,16.90985679626465
2006-05-29,51.54999923706055,51.95000076293945,51.150001525878906,51.650001525878906,3320681,16.86087989807129
2006-05-30,51.45000076293945,51.70000076293945,50.20000076293945,50.349998474121094,13126281,16.436508178710938
2006-05-31,49.75,50.95000076293945,49.5099983215332,50.599998474121094,16290263,16.51811408996582
2006-06-01,50.70000076293945,51.20000076293945,49.95000076293945,51.04999923706055,11456737,16.665014266967773
2006-06-02,51.5,51.70000076293945,50.150001525878906,50.70000076293945,10645565,16.550762176513672
2006-06-05,50.75,51.45000076293945,50.29999923706055,50.75,7625789,16.56708335876465
2006-06-06,50.0,50.45000076293945,49.25,49.5,12677985,16.159027099609375
2006-06-07,49.75,49.97999954223633,49.0,49.400001525878906,11622445,16.126386642456055
2006-06-08,48.349998474121094,48.58000183105469,47.52000045776367,47.52000045776367,22190684,15.512660026550293
2006-06-09,48.29999923706055,48.689998626708984,47.900001525878906,48.41999816894531,11604728,15.806465148925781
2006-06-12,48.349998474121094,48.900001525878906,48.119998931884766,48.279998779296875,8799487,15.760767936706543
2006-06-13,47.20000076293945,47.75,46.79999923706055,46.9900016784668,16190647,15.33964729309082
2006-06-14,47.20000076293945,47.599998474121094,46.52000045776367,46.849998474121094,12939307,15.293950080871582
2006-06-15,47.099998474121094,48.54999923706055,47.099998474121094,48.439998626708984,11865636,15.81299877166748
2006-06-16,49.150001525878906,49.349998474121094,47.95000076293945,47.95000076293945,30450866,15.653037071228027
2006-06-19,48.09000015258789,48.72999954223633,47.529998779296875,47.849998474121094,10504136,15.620388984680176
2006-06-20,47.099998474121094,48.45000076293945,46.959999084472656,48.349998474121094,10708724,15.78361701965332
2006-06-21,48.36000061035156,48.45000076293945,47.25,48.40999984741211,12557954,15.803207397460938
2006-06-22,49.0099983215332,49.15999984741211,48.43000030517578,48.779998779296875,9399901,15.923988342285156
2006-06-23,49.0,50.29999923706055,48.83000183105469,49.959999084472656,10862579,16.309188842773438
2006-06-26,50.099998474121094,50.20000076293945,49.099998474121094,49.279998779296875,13199721,16.087215423583984
2006-06-27,49.970001220703125,50.25,49.15999984741211,49.25,8834768,16.077415466308594
2006-06-28,49.15999984741211,49.880001068115234,49.13999938964844,49.47999954223633,7172332,16.152494430541992
2006-06-29,49.970001220703125,50.400001525878906,49.66999816894531,50.150001525878906,10954912,16.371219635009766
2006-06-30,51.0,51.5,50.599998474121094,51.45000076293945,11997909,16.795597076416016
2006-07-03,51.400001525878906,51.900001525878906,51.150001525878906,51.75,12254719,16.893529891967773
2006-07-04,51.79999923706055,51.849998474121094,51.150001525878906,51.849998474121094,3991434,16.926172256469727
2006-07-05,51.599998474121094,51.650001525878906,51.04999923706055,51.04999923706055,7056888,16.665014266967773
2006-07-06,51.400001525878906,51.849998474121094,51.150001525878906,51.349998474121094,15667570,16.76294708251953
2006-07-07,51.29999923706055,52.349998474121094,51.0,51.79999923706055,8424104,16.90985679626465
2006-07-10,51.5,52.29999923706055,51.150001525878906,52.20000076293945,6366229,17.040424346923828
2006-07-11,51.849998474121094,52.599998474121094,51.54999923706055,51.70000076293945,16596555,16.877206802368164
2006-07-12,52.150001525878906,52.650001525878906,51.79999923706055,52.099998474121094,9349417,17.007783889770508
2006-07-13,51.79999923706055,52.0,51.099998474121094,51.599998474121094,11936974,16.84456443786621
2006-07-14,51.25,52.150001525878906,51.20000076293945,51.20000076293945,10669094,16.7139835357666
2006-07-17,51.54999923706055,51.54999923706055,50.099998474121094,50.5,13425831,16.485471725463867
2006-07-18,50.20000076293945,50.54999923706055,49.70000076293945,50.400001525878906,11850002,16.45282554626465
2006-07-19,50.25,51.150001525878906,49.709999084472656,51.04999923706055,12141981,16.665014266967773
2006-07-20,51.099998474121094,51.45000076293945,50.650001525878906,51.0,5861168,16.648696899414062
2006-07-21,50.54999923706055,50.95000076293945,50.150001525878906,50.5,7369355,16.485471725463867
2006-07-24,50.5,51.29999923706055,50.349998474121094,51.29999923706055,6714338,16.746623992919922
2006-07-25,51.5,52.29999923706055,51.25,51.75,7747363,16.893529891967773
2006-07-26,51.95000076293945,52.79999923706055,51.95000076293945,52.54999923706055,10217142,17.15467643737793
2006-07-27,52.95000076293945,53.70000076293945,52.900001525878906,53.45000076293945,14084548,17.448482513427734
2006-07-28,52.95000076293945,53.849998474121094,52.75,53.650001525878906,6863413,17.513769149780273
2006-07-31,53.650001525878906,53.79999923706055,53.25,53.25,5513000,17.383195877075195
2006-08-01,53.45000076293945,53.849998474121094,52.54999923706055,52.650001525878906,6813141,17.18733787536621
2006-08-02,52.95000076293945,53.25,52.150001525878906,52.400001525878906,13421595,17.10572052001953
2006-08-03,51.79999923706055,52.150001525878906,51.099998474121094,52.0,15273575,16.97513771057129
2006-08-04,52.099998474121094,52.5,51.45000076293945,52.400001525878906,9986109,17.10572052001953
2006-08-07,52.0,52.45000076293945,51.650001525878906,51.900001525878906,7548682,16.94249725341797
2006-08-08,52.29999923706055,52.45000076293945,51.5,51.95000076293945,6967607,16.958826065063477
2006-08-09,52.20000076293945,53.150001525878906,51.599998474121094,52.95000076293945,8667577,17.28526496887207
2006-08-10,52.599998474121094,52.849998474121094,52.0,52.599998474121094,8254501,17.171005249023438
2006-08-11,52.849998474121094,53.04999923706055,52.20000076293945,52.70000076293945,5573159,17.203645706176758
2006-08-14,53.0,53.25,52.54999923706055,53.04999923706055,5990929,17.31790542602539
2006-08-15,52.900001525878906,53.849998474121094,52.650001525878906,53.70000076293945,8251537,17.53009605407715
2006-08-16,53.79999923706055,54.0,53.04999923706055,53.650001525878906,9200592,17.513769149780273
2006-08-17,53.400001525878906,53.45000076293945,52.70000076293945,53.20000076293945,8590871,17.366880416870117
2006-08-18,53.04999923706055,53.5,52.849998474121094,52.95000076293945,10912989,17.28526496887207
2006-08-21,53.150001525878906,53.650001525878906,53.099998474121094,53.349998474121094,5651300,17.415836334228516
2006-08-22,53.650001525878906,53.849998474121094,53.04999923706055,53.79999923706055,7868790,17.562740325927734
2006-08-23,53.900001525878906,54.45000076293945,53.599998474121094,53.70000076293945,8821569,17.53009605407715
2006-08-24,53.900001525878906,54.400001525878906,53.5,53.95000076293945,9004730,17.611709594726562
2006-08-25,54.29999923706055,54.5,53.849998474121094,54.099998474121094,6329386,17.660675048828125
2006-08-28,54.04999923706055,54.29999923706055,53.5,54.25,4720788,17.70964241027832
2006-08-29,54.0,54.29999923706055,53.25,53.70000076293945,9842672,17.53009605407715
2006-08-30,53.79999923706055,53.849998474121094,53.20000076293945,53.349998474121094,8987129,17.415836334228516
2006-08-31,53.400001525878906,53.650001525878906,52.54999923706055,52.70000076293945,11870368,17.203645706176758
2006-09-01,52.95000076293945,53.099998474121094,52.45000076293945,52.79999923706055,6780904,17.23629379272461
2006-09-04,52.900001525878906,52.900001525878906,52.45000076293945,52.75,6097435,17.219972610473633
2006-09-05,52.79999923706055,53.099998474121094,52.45000076293945,52.79999923706055,7866395,17.23629379272461
2006-09-06,52.95000076293945,53.099998474121094,51.650001525878906,51.650001525878906,11802702,16.86087989807129
2006-09-07,51.099998474121094,51.25,50.5,50.849998474121094,14438510,16.5997257232666
2006-09-08,51.04999923706055,51.20000076293945,50.45000076293945,51.0,8458319,16.648696899414062
2006-09-11,50.5,50.54999923706055,49.79999923706055,50.150001525878906,12254507,16.371219635009766
2006-09-12,50.150001525878906,50.45000076293945,49.54999923706055,50.349998474121094,15065927,16.436508178710938
2006-09-13,50.25,50.650001525878906,49.88999938964844,50.349998474121094,13910146,16.436508178710938
2006-09-14,50.54999923706055,50.849998474121094,49.7599983215332,49.91999816894531,12635562,16.29612922668457
2006-09-15,49.849998474121094,50.099998474121094,49.61000061035156,49.720001220703125,30327155,16.23084259033203
2006-09-18,49.81999969482422,50.25,49.72999954223633,50.04999923706055,8225550,16.338573455810547
2006-09-19,50.400001525878906,50.79999923706055,50.04999923706055,50.099998474121094,13305087,16.35489273071289
2006-09-20,49.7400016784668,50.849998474121094,49.63999938964844,50.599998474121094,11533297,16.51811408996582
2006-09-21,50.349998474121094,50.900001525878906,50.04999923706055,50.650001525878906,10572832,16.534433364868164
2006-09-22,50.5,51.04999923706055,50.04999923706055,50.20000076293945,9611358,16.387542724609375
2006-09-25,50.25,50.349998474121094,49.45000076293945,49.7400016784668,11572324,16.237375259399414
2006-09-26,50.20000076293945,51.0,50.099998474121094,50.95000076293945,11642323,16.632373809814453
2006-09-27,51.25,51.5,50.70000076293945,51.20000076293945,11725016,16.7139835357666
2006-09-28,51.650001525878906,52.25,51.54999923706055,51.95000076293945,11921349,16.958826065063477
2006-09-29,52.0,52.54999923706055,51.599998474121094,51.75,9217909,16.893529891967773
2006-10-02,52.0,52.349998474121094,51.54999923706055,51.54999923706055,7750220,16.82823944091797
2006-10-03,51.150001525878906,51.29999923706055,50.29999923706055,50.849998474121094,10388070,16.5997257232666
2006-10-04,50.25,50.900001525878906,50.099998474121094,50.54999923706055,13027921,16.501798629760742
2006-10-05,51.20000076293945,51.5,50.95000076293945,51.20000076293945,8856423,16.7139835357666
2006-10-06,51.29999923706055,51.5,50.95000076293945,51.29999923706055,6190418,16.746623992919922
2006-10-09,51.29999923706055,52.099998474121094,51.25,51.900001525878906,5571738,16.94249725341797
2006-10-10,51.79999923706055,52.20000076293945,51.5,51.95000076293945,7399196,16.958826065063477
2006-10-11,52.099998474121094,52.150001525878906,51.349998474121094,51.900001525878906,8074809,16.94249725341797
2006-10-12,51.79999923706055,52.25,51.25,52.25,6790055,17.056751251220703
2006-10-13,52.25,52.650001525878906,52.04999923706055,52.349998474121094,8163966,17.08939552307129
2006-10-16,52.5,52.849998474121094,52.29999923706055,52.75,7347559,17.219972610473633
2006-10-17,52.900001525878906,53.599998474121094,52.849998474121094,53.0,11191535,17.301589965820312
2006-10-18,53.25,53.54999923706055,52.79999923706055,53.20000076293945,12805826,17.366880416870117
2006-10-19,52.75,53.70000076293945,52.650001525878906,53.20000076293945,12132854,17.366880416870117
2006-10-20,53.5,53.849998474121094,53.29999923706055,53.70000076293945,15780329,17.53009605407715
2006-10-23,53.75,53.900001525878906,53.099998474121094,53.79999923706055,7191281,17.562740325927734
2006-10-24,53.75,54.0,53.5,53.900001525878906,6823738,17.59538459777832
2006-10-25,53.95000076293945,54.29999923706055,53.599998474121094,54.099998474121094,8026966,17.660675048828125
2006-10-26,54.5,54.79999923706055,54.0,54.25,10481980,17.70964241027832
2006-10-27,54.20000076293945,54.45000076293945,53.45000076293945,53.650001525878906,6220544,17.513769149780273
2006-10-30,53.099998474121094,53.400001525878906,52.900001525878906,53.349998474121094,6054002,17.415836334228516
2006-10-31,53.150001525878906,53.54999923706055,52.95000076293945,53.04999923706055,7438210,17.31790542602539
2006-11-01,53.25,53.599998474121094,52.95000076293945,53.29999923706055,5503319,17.39952278137207
2006-11-02,53.099998474121094,53.349998474121094,52.29999923706055,52.45000076293945,8714302,17.122039794921875
2006-11-03,52.70000076293945,53.45000076293945,52.349998474121094,53.099998474121094,9341992,17.334228515625
2006-11-06,53.45000076293945,54.25,53.29999923706055,54.20000076293945,7847091,17.693317413330078
2006-11-07,54.29999923706055,54.70000076293945,54.20000076293945,54.400001525878906,8543130,17.758609771728516
2006-11-08,53.95000076293945,55.150001525878906,53.79999923706055,54.79999923706055,8339789,17.889184951782227
2006-11-09,55.099998474121094,55.849998474121094,55.04999923706055,55.650001525878906,9870840,18.166667938232422
2006-11-10,55.54999923706055,56.29999923706055,55.5,55.900001525878906,10962591,18.248275756835938
2006-11-13,55.900001525878906,56.150001525878906,55.599998474121094,55.70000076293945,8399269,18.182992935180664
2006-11-14,55.650001525878906,56.150001525878906,55.599998474121094,55.95000076293945,10441301,18.26460075378418
2006-11-15,56.20000076293945,56.400001525878906,55.95000076293945,56.25,6494274,18.36253547668457
2006-11-16,56.349998474121094,56.95000076293945,56.150001525878906,55.650001525878906,9701461,18.166667938232422
2006-11-17,54.79999923706055,55.04999923706055,54.20000076293945,54.45000076293945,16227990,18.057226181030273
2006-11-20,54.20000076293945,54.900001525878906,53.79999923706055,54.75,7297920,18.156715393066406
2006-11-21,54.70000076293945,55.25,54.599998474121094,54.849998474121094,5739545,18.18988037109375
2006-11-22,55.29999923706055,55.54999923706055,54.29999923706055,54.349998474121094,9175730,18.024059295654297
2006-11-23,54.70000076293945,54.79999923706055,53.79999923706055,54.5,5847935,18.07379722595215
2006-11-24,54.20000076293945,54.5,53.599998474121094,53.95000076293945,7762218,17.891407012939453
2006-11-27,54.0,54.400001525878906,53.45000076293945,53.45000076293945,11328945,17.7255916595459
2006-11-28,53.599998474121094,53.95000076293945,53.099998474121094,53.54999923706055,8960395,17.758758544921875
2006-11-29,53.849998474121094,54.349998474121094,53.25,54.29999923706055,9563480,18.007482528686523
2006-11-30,54.45000076293945,54.79999923706055,53.54999923706055,53.54999923706055,10373185,17.758758544921875
2006-12-01,53.849998474121094,53.95000076293945,52.29999923706055,52.650001525878906,11830425,17.460298538208008
2006-12-04,52.95000076293945,53.20000076293945,52.20000076293945,52.75,9047438,17.493452072143555
2006-12-05,53.099998474121094,54.099998474121094,52.900001525878906,53.79999923706055,14306260,17.841665267944336
2006-12-06,53.95000076293945,54.0,53.150001525878906,53.650001525878906,8111664,17.79191780090332
2006-12-07,53.400001525878906,54.04999923706055,53.349998474121094,53.900001525878906,6829955,17.874828338623047
2006-12-08,53.79999923706055,54.04999923706055,53.349998474121094,53.900001525878906,6424696,17.874828338623047
2006-12-11,54.099998474121094,54.45000076293945,53.75,54.45000076293945,9056826,18.057226181030273
2006-12-12,54.45000076293945,54.45000076293945,53.599998474121094,53.95000076293945,10071493,17.891407012939453
2006-12-13,53.95000076293945,54.54999923706055,53.70000076293945,54.45000076293945,9386227,18.057226181030273
2006-12-14,54.70000076293945,55.29999923706055,54.650001525878906,55.099998474121094,10253106,18.27279281616211
2006-12-15,55.5,55.95000076293945,55.099998474121094,55.70000076293945,23899087,18.471773147583008
2006-12-18,55.79999923706055,56.0,54.79999923706055,55.0,15574059,18.239620208740234
2006-12-19,54.5,54.900001525878906,54.150001525878906,54.5,9656990,18.07379722595215
2006-12-20,55.0,55.0,54.599998474121094,54.599998474121094,8648230,18.106964111328125
2006-12-21,54.400001525878906,54.650001525878906,53.95000076293945,54.5,6498880,18.07379722595215
2006-12-22,54.349998474121094,54.5,53.75,53.75,4127820,17.825090408325195
2006-12-27,54.29999923706055,54.900001525878906,54.0,54.900001525878906,4751814,18.206457138061523
2006-12-28,55.0,55.099998474121094,54.54999923706055,54.70000076293945,3609469,18.140132904052734
2006-12-29,54.54999923706055,55.0,54.20000076293945,54.650001525878906,4385840,18.123550415039062
2007-01-02,54.900001525878906,55.20000076293945,54.849998474121094,55.150001525878906,5359080,18.28936767578125
2007-01-03,55.20000076293945,55.45000076293945,54.5,54.54999923706055,9971936,18.09038734436035
2007-01-04,54.0,54.150001525878906,53.099998474121094,53.45000076293945,14420260,17.7255916595459
2007-01-05,53.04999923706055,53.25,52.5,52.75,10732958,17.493452072143555
2007-01-08,53.20000076293945,53.29999923706055,52.5,52.5,9802522,17.410547256469727
2007-01-09,52.650001525878906,52.70000076293945,51.650001525878906,51.849998474121094,18443899,17.194982528686523
2007-01-10,51.599998474121094,51.95000076293945,51.099998474121094,51.25,14412259,16.996013641357422
2007-01-11,51.400001525878906,52.150001525878906,51.099998474121094,52.150001525878906,14282218,17.294477462768555
2007-01-12,51.849998474121094,52.54999923706055,51.70000076293945,52.20000076293945,12205363,17.311052322387695
2007-01-15,52.79999923706055,53.150001525878906,52.29999923706055,52.400001525878906,9780185,17.37738609313965
2007-01-16,52.599998474121094,52.650001525878906,51.70000076293945,51.70000076293945,8709250,17.14525032043457
2007-01-17,51.79999923706055,52.099998474121094,51.0,51.54999923706055,11721349,17.095502853393555
2007-01-18,52.099998474121094,52.29999923706055,51.20000076293945,51.400001525878906,12921225,17.04575538635254
2007-01-19,51.29999923706055,52.099998474121094,50.79999923706055,51.95000076293945,12753220,17.228147506713867
2007-01-22,52.349998474121094,52.5,51.599998474121094,51.650001525878906,9718236,17.128660202026367
2007-01-23,51.650001525878906,52.150001525878906,51.400001525878906,52.04999923706055,8018472,17.261316299438477
2007-01-24,52.5,52.79999923706055,52.25,52.29999923706055,11191031,17.344221115112305
2007-01-25,52.5,52.599998474121094,51.70000076293945,51.95000076293945,10564629,17.228147506713867
2007-01-26,51.650001525878906,52.29999923706055,51.150001525878906,51.70000076293945,11274096,17.14525032043457
2007-01-29,51.95000076293945,52.0,51.349998474121094,51.650001525878906,6497406,17.128660202026367
2007-01-30,51.5,51.95000076293945,51.400001525878906,51.849998474121094,8523169,17.194982528686523
2007-01-31,52.29999923706055,52.400001525878906,51.75,51.79999923706055,11506772,17.178415298461914
2007-02-01,52.29999923706055,53.0,52.25,52.650001525878906,12413072,17.460298538208008
2007-02-02,52.900001525878906,53.04999923706055,52.5,52.650001525878906,7870919,17.460298538208008
2007-02-05,52.849998474121094,53.25,52.75,53.0,7826438,17.576364517211914
2007-02-06,53.099998474121094,53.150001525878906,52.54999923706055,52.75,7353489,17.493452072143555
2007-02-07,53.099998474121094,53.20000076293945,52.75,52.849998474121094,7954487,17.5266170501709
2007-02-08,52.900001525878906,52.95000076293945,52.25,52.29999923706055,7656350,17.344221115112305
2007-02-09,52.79999923706055,53.04999923706055,52.70000076293945,52.75,8454448,17.493452072143555
2007-02-12,52.45000076293945,52.5,51.900001525878906,52.099998474121094,8379618,17.27789306640625
2007-02-13,52.099998474121094,52.650001525878906,52.0,52.5,7466523,17.410547256469727
2007-02-14,53.25,53.599998474121094,53.099998474121094,53.25,13824457,17.659273147583008
2007-02-15,53.400001525878906,53.849998474121094,53.150001525878906,53.29999923706055,8632415,17.67585563659668
2007-02-16,53.150001525878906,53.5,53.099998474121094,53.349998474121094,8121887,17.692432403564453
2007-02-19,53.439998626708984,53.650001525878906,53.0,53.59000015258789,5446998,17.77202606201172
2007-02-20,53.31999969482422,53.439998626708984,52.5,52.779998779296875,8149630,17.503406524658203
2007-02-21,52.86000061035156,53.08000183105469,52.099998474121094,52.45000076293945,9337222,17.393964767456055
2007-02-22,52.54999923706055,53.0,52.43000030517578,52.4900016784668,7961762,17.407236099243164
2007-02-23,52.599998474121094,53.08000183105469,52.47999954223633,52.869998931884766,9347232,17.533248901367188
2007-02-26,53.06999969482422,53.95000076293945,53.0,53.65999984741211,10890022,17.795244216918945
2007-02-27,53.13999938964844,53.54999923706055,52.060001373291016,52.400001525878906,19096143,17.37738609313965
2007-02-28,51.5,52.38999938964844,51.02000045776367,51.02000045776367,21747026,16.919736862182617
2007-03-01,51.04999923706055,51.61000061035156,49.2599983215332,50.25,28738636,16.664377212524414
2007-03-02,50.59000015258789,50.59000015258789,49.70000076293945,49.900001525878906,15354981,16.548309326171875
2007-03-05,49.08000183105469,49.650001525878906,48.720001220703125,49.290000915527344,16266957,16.34601593017578
2007-03-06,49.529998779296875,49.849998474121094,49.099998474121094,49.41999816894531,13771751,16.38913345336914
2007-03-07,49.599998474121094,50.06999969482422,49.130001068115234,49.900001525878906,12424762,16.548309326171875
2007-03-08,50.349998474121094,50.650001525878906,50.09000015258789,50.349998474121094,12182245,16.697542190551758
2007-03-09,50.18000030517578,50.75,49.689998626708984,50.529998779296875,12267435,16.757238388061523
2007-03-12,50.779998779296875,50.790000915527344,49.79999923706055,50.029998779296875,8453111,16.59142303466797
2007-03-13,50.029998779296875,50.220001220703125,49.38999938964844,49.689998626708984,9693606,16.478666305541992
2007-03-14,49.25,49.4900016784668,48.52000045776367,48.59000015258789,19246960,16.113872528076172
2007-03-15,49.11000061035156,49.31999969482422,48.33000183105469,49.31999969482422,13637410,16.35596466064453
2007-03-16,49.20000076293945,49.66999816894531,48.810001373291016,49.099998474121094,19746021,16.28301429748535
2007-03-19,49.61000061035156,49.83000183105469,49.0,49.790000915527344,9846528,16.511831283569336
2007-03-20,49.599998474121094,49.900001525878906,49.2400016784668,49.849998474121094,10431301,16.531726837158203
2007-03-21,49.900001525878906,50.11000061035156,49.29999923706055,49.880001068115234,8896324,16.54168128967285
2007-03-22,50.439998626708984,51.2400016784668,50.20000076293945,51.0,10628840,16.913108825683594
2007-03-23,50.7400016784668,51.95000076293945,50.7400016784668,51.70000076293945,11867224,17.14525032043457
2007-03-26,51.93000030517578,52.33000183105469,51.060001373291016,51.349998474121094,12151067,17.0291748046875
2007-03-27,51.54999923706055,51.900001525878906,51.33000183105469,51.45000076293945,7312170,17.062339782714844
2007-03-28,51.68000030517578,52.400001525878906,51.63999938964844,51.90999984741211,13509219,17.214885711669922
2007-03-29,52.20000076293945,52.70000076293945,52.04999923706055,52.70000076293945,7693464,17.47687339782715
2007-03-30,52.63999938964844,52.9900016784668,52.310001373291016,52.45000076293945,9637321,17.393964767456055
2007-04-02,52.20000076293945,52.70000076293945,52.04999923706055,52.38999938964844,9276479,17.374069213867188
2007-04-03,52.7400016784668,52.84000015258789,52.20000076293945,52.75,9847059,17.493452072143555
2007-04-04,52.75,52.779998779296875,52.220001220703125,52.70000076293945,10452775,17.47687339782715
2007-04-05,52.650001525878906,52.9900016784668,52.45000076293945,52.689998626708984,5346766,17.473556518554688
2007-04-10,52.5,52.66999816894531,52.209999084472656,52.52000045776367,8094541,17.41718292236328
2007-04-11,52.43000030517578,53.33000183105469,52.43000030517578,52.869998931884766,8300736,17.533248901367188
2007-04-12,52.88999938964844,53.02000045776367,52.47999954223633,52.939998626708984,9907297,17.556455612182617
2007-04-13,53.29999923706055,53.939998626708984,53.18000030517578,53.68000030517578,9008264,17.80186653137207
2007-04-16,53.869998931884766,53.90999984741211,53.290000915527344,53.75,8547261,17.825090408325195
2007-04-17,53.70000076293945,54.5,53.369998931884766,54.29999923706055,10570685,18.007482528686523
2007-04-18,54.09000015258789,54.36000061035156,53.619998931884766,53.84000015258789,11061152,17.854928970336914
2007-04-19,53.220001220703125,53.560001373291016,52.91999816894531,53.34000015258789,13662464,17.689119338989258
2007-04-20,53.54999923706055,54.040000915527344,53.130001068115234,53.869998931884766,14983462,17.864879608154297
2007-04-23,54.11000061035156,54.439998626708984,53.72999954223633,54.29999923706055,11633405,18.007482528686523
2007-04-24,54.29999923706055,54.75,53.7599983215332,53.93000030517578,10275547,17.884777069091797
2007-04-25,53.70000076293945,54.400001525878906,53.70000076293945,54.349998474121094,8773297,18.024059295654297
2007-04-26,54.54999923706055,54.70000076293945,53.959999084472656,54.31999969482422,11527398,18.014110565185547
2007-04-27,54.099998474121094,54.470001220703125,53.790000915527344,54.20000076293945,9270053,17.974319458007812
2007-04-30,54.0,54.83000183105469,54.0,54.459999084472656,7332138,18.06053352355957
2007-05-02,54.56999969482422,55.099998474121094,54.470001220703125,55.0,12089937,18.239620208740234
2007-05-03,55.5,55.86000061035156,55.16999816894531,55.65999984741211,11151504,18.458507537841797
2007-05-04,55.75,55.97999954223633,55.029998779296875,55.75,12253283,18.48833656311035
2007-05-07,55.720001220703125,55.72999954223633,55.04999923706055,55.459999084472656,6030641,18.392169952392578
2007-05-08,55.439998626708984,55.47999954223633,54.59000015258789,54.79999923706055,8201393,18.173295974731445
2007-05-09,55.150001525878906,55.20000076293945,54.56999969482422,55.0,8874855,18.239620208740234
2007-05-10,55.150001525878906,55.540000915527344,54.970001220703125,55.2400016784668,11822830,18.3192081451416
2007-05-11,54.849998474121094,55.36000061035156,54.54999923706055,55.290000915527344,11027398,18.33579444885254
2007-05-14,55.400001525878906,55.470001220703125,54.869998931884766,55.43000030517578,6545361,18.382225036621094
2007-05-15,55.25,55.599998474121094,54.810001373291016,55.43000030517578,9564636,18.382225036621094
2007-05-16,55.25,55.54999923706055,54.619998931884766,54.619998931884766,10228995,18.113605499267578
2007-05-17,54.79999923706055,55.72999954223633,54.689998626708984,54.599998474121094,7985275,18.106964111328125
2007-05-18,54.95000076293945,56.34000015258789,54.79999923706055,56.189998626708984,18908060,18.981922149658203
2007-05-21,56.20000076293945,57.09000015258789,55.970001220703125,56.779998779296875,12280212,19.181224822998047
2007-05-22,56.79999923706055,57.099998474121094,56.310001373291016,56.560001373291016,8944438,19.106914520263672
2007-05-23,56.43000030517578,56.88999938964844,56.310001373291016,56.79999923706055,7884255,19.1879825592041
2007-05-24,56.5,56.91999816894531,56.18000030517578,56.2400016784668,8125807,18.998809814453125
2007-05-25,55.900001525878906,56.4900016784668,55.81999969482422,56.25,7446415,19.00218391418457
2007-05-28,56.29999923706055,56.5,55.83000183105469,56.25,1400720,19.00218391418457
2007-05-29,56.29999923706055,56.400001525878906,55.90999984741211,55.970001220703125,6366609,18.907594680786133
2007-05-30,55.5,55.81999969482422,55.0099983215332,55.52000045776367,7932498,18.755577087402344
2007-05-31,55.95000076293945,56.34000015258789,55.56999969482422,56.0,9572909,18.917726516723633
2007-06-01,56.130001068115234,56.630001068115234,55.79999923706055,56.599998474121094,8181985,19.120418548583984
2007-06-04,56.29999923706055,56.4900016784668,55.84000015258789,56.130001068115234,7237848,18.961647033691406
2007-06-05,56.45000076293945,56.560001373291016,55.790000915527344,56.0,9615288,18.917726516723633
2007-06-06,56.150001525878906,56.54999923706055,55.58000183105469,55.599998474121094,12468533,18.782602310180664
2007-06-07,55.88999938964844,56.2599983215332,55.33000183105469,55.5,13105837,18.748821258544922
2007-06-08,55.2400016784668,55.7599983215332,55.040000915527344,55.25,13725898,18.66436195373535
2007-06-11,55.349998474121094,55.52000045776367,54.849998474121094,55.41999816894531,7935327,18.72178840637207
2007-06-12,55.34000015258789,55.7400016784668,55.04999923706055,55.369998931884766,11288241,18.70490074157715
2007-06-13,55.150001525878906,56.20000076293945,54.939998626708984,55.970001220703125,11841483,18.907594680786133
2007-06-14,56.560001373291016,58.04999923706055,56.2599983215332,58.0,18462144,19.593360900878906
2007-06-15,58.20000076293945,59.11000061035156,58.099998474121094,58.86000061035156,25743489,19.883882522583008
2007-06-18,59.09000015258789,59.25,58.709999084472656,59.09000015258789,9115673,19.96157455444336
2007-06-19,59.09000015258789,59.5,58.79999923706055,58.95000076293945,9680542,19.914297103881836
2007-06-20,59.0099983215332,60.060001373291016,59.0099983215332,59.27000045776367,13949282,20.02239227294922
2007-06-21,58.689998626708984,59.540000915527344,58.45000076293945,59.099998474121094,13100179,19.96495819091797
2007-06-22,59.060001373291016,59.13999938964844,58.40999984741211,58.709999084472656,10239075,19.833208084106445
2007-06-25,58.150001525878906,58.630001068115234,58.0,58.5,9517724,19.76227378845215
2007-06-26,58.15999984741211,58.68000030517578,57.779998779296875,58.0,10874111,19.593360900878906
2007-06-27,57.599998474121094,57.939998626708984,57.25,57.459999084472656,11099388,19.41094398498535
2007-06-28,57.900001525878906,59.33000183105469,57.65999984741211,59.31999969482422,13392240,20.039283752441406
2007-06-29,59.54999923706055,60.310001373291016,59.31999969482422,60.2599983215332,12461589,20.356821060180664
2007-07-02,59.810001373291016,60.599998474121094,59.75,60.349998474121094,8120690,20.387222290039062
2007-07-03,60.75,60.91999816894531,60.25,60.31999969482422,8585457,20.37709617614746
2007-07-04,60.349998474121094,60.75,60.33000183105469,60.5,5243924,20.437896728515625
2007-07-05,60.709999084472656,61.0,59.95000076293945,60.5,7793339,20.437896728515625
2007-07-06,60.36000061035156,61.970001220703125,60.36000061035156,61.86000061035156,10818878,20.89733123779297
2007-07-09,61.849998474121094,62.349998474121094,61.68000030517578,62.2599983215332,7981266,21.032466888427734
2007-07-10,62.33000183105469,62.70000076293945,61.04999923706055,61.13999938964844,11605643,20.654109954833984
2007-07-11,60.54999923706055,61.04999923706055,60.119998931884766,60.54999923706055,9541753,20.454790115356445
2007-07-12,60.83000183105469,62.380001068115234,60.09000015258789,62.380001068115234,12638960,21.072998046875
2007-07-13,62.79999923706055,63.400001525878906,62.459999084472656,63.04999923706055,10076267,21.299345016479492
2007-07-16,63.38999938964844,63.38999938964844,61.86000061035156,62.29999923706055,9414186,21.045978546142578
2007-07-17,61.84000015258789,62.119998931884766,61.0099983215332,61.619998931884766,11112898,20.816251754760742
2007-07-18,60.970001220703125,61.099998474121094,60.25,60.400001525878906,10523286,20.404123306274414
2007-07-19,60.900001525878906,61.369998931884766,60.36000061035156,61.13999938964844,6672044,20.654109954833984
2007-07-20,61.04999923706055,61.720001220703125,59.470001220703125,59.470001220703125,11858719,20.0899600982666
2007-07-23,59.04999923706055,60.599998474121094,59.04999923706055,60.54999923706055,8651711,20.454790115356445
2007-07-24,60.54999923706055,60.72999954223633,59.16999816894531,59.16999816894531,10013161,19.988601684570312
2007-07-25,58.93000030517578,59.29999923706055,57.56999969482422,57.959999084472656,11663587,19.579849243164062
2007-07-26,58.36000061035156,59.27000045776367,57.2400016784668,57.959999084472656,14777290,19.579849243164062
2007-07-27,56.68000030517578,57.900001525878906,56.0,56.66999816894531,12487341,19.144065856933594
2007-07-30,57.040000915527344,57.599998474121094,56.400001525878906,57.20000076293945,10099027,19.32311248779297
2007-07-31,57.77000045776367,58.400001525878906,57.439998626708984,58.279998779296875,10437414,19.68794822692871
2007-08-01,57.0,58.0,56.36000061035156,57.38999938964844,13952902,19.387304306030273
2007-08-02,57.0,57.25,55.59000015258789,56.060001373291016,16622403,18.938005447387695
2007-08-03,56.150001525878906,56.150001525878906,54.59000015258789,54.709999084472656,11945100,18.481948852539062
2007-08-06,54.0,54.400001525878906,53.29999923706055,53.61000061035156,12613214,18.110349655151367
2007-08-07,54.06999969482422,54.45000076293945,53.70000076293945,54.400001525878906,11266717,18.377220153808594
2007-08-08,54.779998779296875,56.20000076293945,54.56999969482422,55.95000076293945,11926891,18.900842666625977
2007-08-09,56.25,56.25,54.09000015258789,54.790000915527344,12561050,18.508975982666016
2007-08-10,53.75,54.41999816894531,52.79999923706055,53.09000015258789,13059690,17.934677124023438
2007-08-13,53.849998474121094,54.630001068115234,53.20000076293945,54.45000076293945,8499190,18.394115447998047
2007-08-14,53.810001373291016,54.83000183105469,53.20000076293945,53.5099983215332,8536093,18.076568603515625
2007-08-15,53.02000045776367,54.0,52.63999938964844,53.720001220703125,8276117,18.14751434326172
2007-08-16,52.61000061035156,52.75,51.439998626708984,51.439998626708984,17023581,17.377290725708008
2007-08-17,51.439998626708984,53.22999954223633,50.52000045776367,52.939998626708984,20460695,17.884010314941406
2007-08-20,53.25,53.54999923706055,52.599998474121094,52.68000030517578,8226160,17.796180725097656
2007-08-21,52.70000076293945,53.119998931884766,51.9900016784668,52.470001220703125,9863424,17.725236892700195
2007-08-22,52.70000076293945,53.5,52.63999938964844,53.290000915527344,9471180,18.002235412597656
2007-08-23,53.900001525878906,53.959999084472656,53.22999954223633,53.400001525878906,9363273,18.039405822753906
2007-08-24,53.04999923706055,54.45000076293945,53.04999923706055,54.13999938964844,7807705,18.289392471313477
2007-08-27,54.279998779296875,54.38999938964844,53.689998626708984,53.880001068115234,3811862,18.201555252075195
2007-08-28,54.0,54.09000015258789,52.40999984741211,52.560001373291016,9708924,17.755640029907227
2007-08-29,52.29999923706055,53.16999816894531,52.0,53.02000045776367,7940557,17.91103744506836
2007-08-30,53.52000045776367,54.75,53.4900016784668,54.279998779296875,11537255,18.336679458618164
2007-08-31,54.900001525878906,55.599998474121094,54.709999084472656,55.25,10602201,18.66436195373535
2007-09-03,55.290000915527344,55.290000915527344,54.41999816894531,54.83000183105469,4699523,18.522485733032227
2007-09-04,54.81999969482422,55.52000045776367,54.45000076293945,55.369998931884766,7533878,18.70490074157715
2007-09-05,55.47999954223633,56.599998474121094,54.619998931884766,54.72999954223633,11522943,18.48870277404785
2007-09-06,55.22999954223633,55.880001068115234,54.72999954223633,55.689998626708984,10964907,18.81301498413086
2007-09-07,55.689998626708984,56.31999969482422,54.16999816894531,54.41999816894531,11045110,18.383983612060547
2007-09-10,54.619998931884766,55.04999923706055,54.040000915527344,54.540000915527344,8481104,18.42451286315918
2007-09-11,55.279998779296875,55.619998931884766,54.9900016784668,55.380001068115234,8271220,18.708276748657227
2007-09-12,55.79999923706055,56.0099983215332,55.15999984741211,55.79999923706055,6540932,18.85016441345215
2007-09-13,55.95000076293945,56.7599983215332,55.720001220703125,56.529998779296875,8579209,19.096776962280273
2007-09-14,56.369998931884766,56.47999954223633,55.79999923706055,56.27000045776367,7269504,19.008935928344727
2007-09-17,56.0099983215332,56.2400016784668,55.5,55.689998626708984,8079929,18.81301498413086
2007-09-18,55.599998474121094,56.7599983215332,55.119998931884766,56.720001220703125,8904680,19.160951614379883
2007-09-19,57.849998474121094,58.77000045776367,57.47999954223633,58.4900016784668,11915192,19.758901596069336
2007-09-20,58.18000030517578,58.5,57.77000045776367,58.2400016784668,6777508,19.674436569213867
2007-09-21,58.279998779296875,58.70000076293945,57.849998474121094,58.099998474121094,13900490,19.62714195251465
2007-09-24,57.689998626708984,58.47999954223633,57.59000015258789,58.09000015258789,8124040,19.623767852783203
2007-09-25,57.650001525878906,57.75,56.849998474121094,57.18000030517578,11123979,19.316349029541016
2007-09-26,57.29999923706055,58.0,57.27000045776367,57.439998626708984,7668120,19.40418243408203
2007-09-27,57.86000061035156,57.95000076293945,57.310001373291016,57.5,8208462,19.424453735351562
2007-09-28,57.689998626708984,57.689998626708984,56.540000915527344,57.02000045776367,9807520,19.262298583984375
2007-10-01,56.459999084472656,56.83000183105469,56.09000015258789,56.56999969482422,11135312,19.110288619995117
2007-10-02,56.9900016784668,56.9900016784668,55.439998626708984,55.66999816894531,14087486,18.80624771118164
2007-10-03,55.7599983215332,55.810001373291016,54.5,54.939998626708984,10831376,18.559640884399414
2007-10-04,54.70000076293945,55.11000061035156,54.349998474121094,54.81999969482422,9685598,18.51910400390625
2007-10-05,55.0,55.439998626708984,54.56999969482422,54.95000076293945,9045672,18.563026428222656
2007-10-08,55.0,55.06999969482422,54.540000915527344,54.68000030517578,4896867,18.471813201904297
2007-10-09,54.709999084472656,55.279998779296875,54.47999954223633,55.150001525878906,7991240,18.630586624145508
2007-10-10,55.060001373291016,55.09000015258789,54.2599983215332,54.849998474121094,8743143,18.529245376586914
2007-10-11,55.06999969482422,55.43000030517578,54.849998474121094,55.29999923706055,14019742,18.681255340576172
2007-10-12,54.939998626708984,55.630001068115234,54.650001525878906,55.59000015258789,12897114,18.779232025146484
2007-10-15,55.75,57.0,55.720001220703125,56.43000030517578,14733659,19.062984466552734
2007-10-16,56.41999816894531,57.400001525878906,56.209999084472656,57.20000076293945,14974937,19.32311248779297
2007-10-17,57.2400016784668,57.2400016784668,56.52000045776367,57.0099983215332,10454938,19.258926391601562
2007-10-18,56.97999954223633,57.150001525878906,56.0,56.22999954223633,10088265,18.99542808532715
2007-10-19,56.119998931884766,56.599998474121094,55.599998474121094,55.86000061035156,10732194,18.870439529418945
2007-10-22,55.16999816894531,55.2400016784668,54.63999938964844,55.0099983215332,9307821,18.583288192749023
2007-10-23,55.25,55.380001068115234,54.40999984741211,54.630001068115234,10329942,18.454923629760742
2007-10-24,54.5099983215332,55.16999816894531,54.119998931884766,54.529998779296875,8141148,18.421138763427734
2007-10-25,55.099998474121094,55.099998474121094,53.77000045776367,54.150001525878906,12625231,18.292768478393555
2007-10-26,54.369998931884766,55.56999969482422,54.369998931884766,55.36000061035156,11559412,18.7015323638916
2007-10-29,56.0,56.65999984741211,55.88999938964844,56.0,10960368,18.917726516723633
2007-10-30,56.0099983215332,56.25,55.4900016784668,55.66999816894531,8470264,18.80624771118164
2007-10-31,55.18000030517578,55.650001525878906,54.81999969482422,55.650001525878906,10710410,18.79949951171875
2007-11-01,55.79999923706055,56.119998931884766,53.91999816894531,54.209999084472656,14748689,18.313039779663086
2007-11-02,54.0,54.630001068115234,53.810001373291016,54.41999816894531,10045834,18.383983612060547
2007-11-05,54.16999816894531,55.11000061035156,54.060001373291016,54.369998931884766,8573926,18.367084503173828
2007-11-06,54.599998474121094,55.0,54.45000076293945,54.61000061035156,9024269,18.448169708251953
2007-11-07,55.75,57.4900016784668,55.650001525878906,57.16999816894531,27176214,19.312978744506836
2007-11-08,57.0,57.97999954223633,56.650001525878906,57.25,16292851,19.340003967285156
2007-11-09,57.220001220703125,57.25,56.04999923706055,56.33000183105469,13344248,19.029207229614258
2007-11-12,55.90999984741211,55.9900016784668,55.04999923706055,55.560001373291016,11845665,18.769094467163086
2007-11-13,55.099998474121094,55.16999816894531,53.81999969482422,54.099998474121094,14986192,18.2758846282959
2007-11-14,54.7599983215332,55.20000076293945,54.02000045776367,54.93000030517578,12077689,18.55626678466797
2007-11-15,54.939998626708984,55.08000183105469,54.2599983215332,54.599998474121094,8858088,18.444786071777344
2007-11-16,53.779998779296875,54.70000076293945,53.650001525878906,54.31999969482422,12591850,18.692556381225586
2007-11-19,54.47999954223633,55.029998779296875,53.93000030517578,54.0099983215332,8875651,18.585878372192383
2007-11-20,54.33000183105469,55.06999969482422,54.099998474121094,54.90999984741211,11490367,18.89558219909668
2007-11-21,54.58000183105469,55.849998474121094,54.459999084472656,54.79999923706055,11986605,18.85773277282715
2007-11-22,54.79999923706055,55.2599983215332,54.470001220703125,54.790000915527344,5711559,18.854293823242188
2007-11-23,54.63999938964844,55.27000045776367,54.25,55.04999923706055,6082732,18.94375991821289
2007-11-26,55.04999923706055,55.72999954223633,54.4900016784668,54.59000015258789,8287385,18.78546905517578
2007-11-27,54.63999938964844,54.900001525878906,53.099998474121094,53.72999954223633,11907550,18.489524841308594
2007-11-28,53.72999954223633,54.5,53.0,54.29999923706055,12543450,18.685670852661133
2007-11-29,54.4900016784668,54.9900016784668,54.04999923706055,54.77000045776367,10385028,18.847400665283203
2007-11-30,54.77000045776367,55.47999954223633,54.4900016784668,55.22999954223633,9927977,19.00570297241211
2007-12-03,54.97999954223633,55.189998626708984,54.66999816894531,54.77000045776367,8986675,18.847400665283203
2007-12-04,54.63999938964844,55.47999954223633,54.61000061035156,54.81999969482422,7536033,18.864612579345703
2007-12-05,55.34000015258789,56.5,54.959999084472656,56.33000183105469,11145004,19.384239196777344
2007-12-06,56.52000045776367,56.79999923706055,55.90999984741211,56.689998626708984,6566273,19.50811767578125
2007-12-07,56.77000045776367,57.150001525878906,56.220001220703125,56.38999938964844,9672216,19.404878616333008
2007-12-10,56.20000076293945,56.5099983215332,55.349998474121094,56.15999984741211,8857352,19.325727462768555
2007-12-11,56.02000045776367,56.40999984741211,55.58000183105469,55.97999954223633,7633735,19.26378631591797
2007-12-12,55.540000915527344,57.0,55.220001220703125,56.4900016784668,10220833,19.439287185668945
2007-12-13,56.5099983215332,56.54999923706055,55.11000061035156,55.11000061035156,12275691,18.96440315246582
2007-12-14,55.439998626708984,55.7599983215332,55.099998474121094,55.470001220703125,7521545,19.088289260864258
2007-12-17,54.91999816894531,55.38999938964844,54.560001373291016,54.779998779296875,10085771,18.850852966308594
2007-12-18,54.66999816894531,54.91999816894531,54.25,54.31999969482422,10117894,18.692556381225586
2007-12-19,54.349998474121094,55.25,54.0,54.54999923706055,9180467,18.771697998046875
2007-12-20,54.90999984741211,55.65999984741211,54.77000045776367,55.25,8886984,19.012584686279297
2007-12-21,55.869998931884766,56.47999954223633,55.5099983215332,55.880001068115234,24850310,19.22937774658203
2007-12-24,56.20000076293945,56.290000915527344,55.36000061035156,55.79999923706055,1266717,19.20185089111328
2007-12-27,56.119998931884766,57.11000061035156,55.84000015258789,56.34000015258789,6494271,19.38767433166504
2007-12-28,56.150001525878906,57.0,55.97999954223633,56.720001220703125,4202166,19.51844024658203
2007-12-31,56.93000030517578,56.959999084472656,56.65999984741211,56.83000183105469,1579723,19.55628776550293
2008-01-02,56.83000183105469,57.61000061035156,56.150001525878906,56.31999969482422,7519723,19.380788803100586
2008-01-03,56.54999923706055,57.91999816894531,56.439998626708984,57.650001525878906,11580177,19.838468551635742
2008-01-04,57.83000183105469,58.58000183105469,56.650001525878906,57.20000076293945,12267398,19.683618545532227
2008-01-07,57.22999954223633,58.5,57.18000030517578,58.400001525878906,14158911,20.09656524658203
2008-01-08,58.36000061035156,59.5,58.290000915527344,58.900001525878906,14571872,20.268613815307617
2008-01-09,58.34000015258789,59.150001525878906,57.939998626708984,58.7400016784668,16608876,20.21355438232422
2008-01-10,58.20000076293945,58.72999954223633,57.529998779296875,57.75,11392770,19.87287712097168
2008-01-11,57.63999938964844,58.15999984741211,56.650001525878906,57.029998779296875,10830599,19.62511444091797
2008-01-14,57.27000045776367,57.97999954223633,57.15999984741211,57.33000183105469,8657204,19.728351593017578
2008-01-15,57.20000076293945,57.220001220703125,55.7400016784668,55.7400016784668,14886392,19.18120574951172
2008-01-16,55.4900016784668,55.779998779296875,54.2599983215332,54.4900016784668,18144429,18.751054763793945
2008-01-17,54.540000915527344,55.15999984741211,53.20000076293945,53.459999084472656,13521755,18.396604537963867
2008-01-18,53.349998474121094,54.40999984741211,52.95000076293945,53.25,15604095,18.324342727661133
2008-01-21,52.560001373291016,52.93000030517578,49.54999923706055,50.0,24069018,17.205957412719727
2008-01-22,48.400001525878906,50.58000183105469,47.75,49.66999816894531,31372424,17.092403411865234
2008-01-23,50.380001068115234,50.470001220703125,46.40999984741211,46.779998779296875,27161980,16.097898483276367
2008-01-24,48.29999923706055,50.0,47.959999084472656,49.95000076293945,22857772,17.188758850097656
2008-01-25,50.650001525878906,51.29999923706055,49.58000183105469,49.970001220703125,12149930,17.195634841918945
2008-01-28,49.20000076293945,49.79999923706055,47.97999954223633,49.2599983215332,13494540,16.951316833496094
2008-01-29,49.630001068115234,50.20000076293945,48.939998626708984,49.83000183105469,10490993,17.147457122802734
2008-01-30,49.83000183105469,50.06999969482422,48.220001220703125,48.65999984741211,11759842,16.744844436645508
2008-01-31,48.720001220703125,49.119998931884766,47.29999923706055,48.709999084472656,13102001,16.762041091918945
2008-02-01,48.900001525878906,49.790000915527344,48.709999084472656,49.439998626708984,11955880,17.01325225830078
2008-02-04,50.18000030517578,50.33000183105469,49.720001220703125,49.7400016784668,9124646,17.11648941040039
2008-02-05,49.79999923706055,50.779998779296875,48.0,48.400001525878906,13341645,16.655366897583008
2008-02-06,47.90999984741211,49.15999984741211,47.88999938964844,48.70000076293945,11443588,16.75859832763672
2008-02-07,48.119998931884766,48.68000030517578,47.380001068115234,47.709999084472656,11446986,16.41792106628418
2008-02-08,47.90999984741211,48.45000076293945,47.720001220703125,48.11000061035156,8075912,16.555572509765625
2008-02-11,47.630001068115234,48.81999969482422,47.5,48.06999969482422,9469864,16.541807174682617
2008-02-12,48.650001525878906,49.68000030517578,48.25,49.5,12600624,17.03389549255371
2008-02-13,49.16999816894531,49.970001220703125,48.86000061035156,49.45000076293945,13048045,17.016687393188477
2008-02-14,49.900001525878906,50.599998474121094,49.619998931884766,49.9900016784668,9948479,17.2025146484375
2008-02-15,50.119998931884766,50.470001220703125,48.75,49.150001525878906,12773054,16.913455963134766
2008-02-18,49.560001373291016,50.47999954223633,49.52000045776367,50.20000076293945,5676851,17.274784088134766
2008-02-19,50.400001525878906,51.400001525878906,50.04999923706055,50.79999923706055,10319867,17.48125457763672
2008-02-20,50.61000061035156,50.93000030517578,49.61000061035156,49.880001068115234,10190342,17.164657592773438
2008-02-21,50.41999816894531,50.7400016784668,49.70000076293945,49.75,7178347,17.119930267333984
2008-02-22,49.439998626708984,50.5,49.0,49.900001525878906,8470605,17.171545028686523
2008-02-25,50.38999938964844,51.150001525878906,50.279998779296875,50.90999984741211,7223255,17.519107818603516
2008-02-26,51.15999984741211,51.25,50.02000045776367,50.97999954223633,9542685,17.54319190979004
2008-02-27,51.16999816894531,51.5,50.16999816894531,50.959999084472656,7477268,17.536312103271484
2008-02-28,50.58000183105469,50.91999816894531,49.86000061035156,50.41999816894531,9325175,17.350488662719727
2008-02-29,50.04999923706055,50.650001525878906,49.61000061035156,49.9900016784668,9562654,17.2025146484375
2008-03-03,49.22999954223633,49.95000076293945,48.849998474121094,49.599998474121094,7314407,17.068307876586914
2008-03-04,49.470001220703125,49.70000076293945,48.650001525878906,48.880001068115234,7784993,16.820545196533203
2008-03-05,49.09000015258789,49.77000045776367,48.709999084472656,49.689998626708984,7379281,17.09927749633789
2008-03-06,49.849998474121094,49.9900016784668,48.31999969482422,48.779998779296875,8523504,16.7861328125
2008-03-07,48.540000915527344,48.900001525878906,47.81999969482422,48.15999984741211,8120388,16.57278060913086
2008-03-10,47.900001525878906,48.59000015258789,47.619998931884766,48.130001068115234,7133611,16.562454223632812
2008-03-11,48.52000045776367,49.459999084472656,48.04999923706055,48.779998779296875,9524730,16.7861328125
2008-03-12,49.29999923706055,49.689998626708984,48.75,48.9900016784668,8486941,16.858396530151367
2008-03-13,48.29999923706055,48.56999969482422,47.66999816894531,48.349998474121094,9778510,16.638164520263672
2008-03-14,48.400001525878906,48.75,47.36000061035156,47.95000076293945,12912688,16.50051498413086
2008-03-17,46.709999084472656,47.54999923706055,46.060001373291016,46.060001373291016,14837741,15.85013198852539
2008-03-18,46.75,47.369998931884766,46.540000915527344,47.310001373291016,10155301,16.28028106689453
2008-03-19,47.66999816894531,47.970001220703125,46.650001525878906,46.86000061035156,10442830,16.125415802001953
2008-03-20,46.45000076293945,46.47999954223633,45.45000076293945,45.83000183105469,16992074,15.770986557006836
2008-03-25,47.400001525878906,47.400001525878906,46.31999969482422,46.869998931884766,9128658,16.128868103027344
2008-03-26,46.869998931884766,47.099998474121094,46.400001525878906,46.959999084472656,8772753,16.159839630126953
2008-03-27,46.970001220703125,47.689998626708984,46.880001068115234,47.189998626708984,7438592,16.23898696899414
2008-03-28,46.97999954223633,47.56999969482422,46.79999923706055,46.90999984741211,5607061,16.142629623413086
2008-03-31,46.25,47.31999969482422,46.11000061035156,47.040000915527344,8544307,16.1873722076416
2008-04-01,46.7599983215332,47.79999923706055,46.349998474121094,47.709999084472656,11428922,16.41792106628418
2008-04-02,48.0,48.68000030517578,47.529998779296875,48.5,9417686,16.689777374267578
2008-04-03,49.0,49.400001525878906,48.720001220703125,48.970001220703125,10028991,16.851518630981445
2008-04-04,49.25,49.33000183105469,48.310001373291016,48.630001068115234,9546056,16.734508514404297
2008-04-07,48.755001068115234,49.08000183105469,48.51499938964844,48.900001525878906,6755315,16.827430725097656
2008-04-08,48.68000030517578,49.380001068115234,48.654998779296875,49.20000076293945,6449616,16.9306640625
2008-04-09,49.27000045776367,50.17499923706055,48.95000076293945,49.849998474121094,8956928,17.154338836669922
2008-04-10,50.0,50.349998474121094,49.275001525878906,49.95500183105469,8123423,17.19047737121582
2008-04-11,49.88999938964844,50.470001220703125,48.78499984741211,49.04999923706055,8003166,16.879047393798828
2008-04-14,48.70000076293945,49.119998931884766,48.5099983215332,48.790000915527344,6282461,16.789575576782227
2008-04-15,49.400001525878906,50.04999923706055,49.13999938964844,49.400001525878906,9320447,16.999488830566406
2008-04-16,50.0,50.64500045776367,49.755001068115234,50.595001220703125,7780410,17.410707473754883
2008-04-17,50.70000076293945,50.939998626708984,49.91999816894531,50.45000076293945,6252111,17.360809326171875
2008-04-18,50.85499954223633,51.314998626708984,50.650001525878906,51.20000076293945,8446771,17.6189022064209
2008-04-21,51.130001068115234,51.81999969482422,50.849998474121094,51.665000915527344,9101981,17.778913497924805
2008-04-22,51.58000183105469,52.39500045776367,51.5,51.75,7781803,17.808156967163086
2008-04-23,52.0,52.869998931884766,51.79999923706055,52.650001525878906,9152172,18.117874145507812
2008-04-24,52.31999969482422,52.64500045776367,51.470001220703125,52.13999938964844,7518415,17.942371368408203
2008-04-25,52.38999938964844,52.630001068115234,51.79499053955078,52.4900016784668,6597967,18.06281280517578
2008-04-28,52.66999816894531,53.0,52.595001220703125,52.71500015258789,5112499,18.14024543762207
2008-04-29,53.45000076293945,54.290000915527344,53.29999923706055,53.75,11728452,18.496408462524414
2008-04-30,53.415000915527344,54.38999938964844,53.415000915527344,53.939998626708984,8441500,18.561784744262695
2008-05-02,54.36000061035156,54.53499984741211,53.29999923706055,54.33000183105469,8987007,18.696002960205078
2008-05-05,54.2599983215332,54.654998779296875,54.005001068115234,54.470001220703125,3844391,18.744173049926758
2008-05-06,54.334999084472656,54.70000076293945,54.0099983215332,54.5099983215332,6472892,18.757938385009766
2008-05-07,54.29999923706055,54.63999938964844,53.630001068115234,54.29999923706055,8442995,18.685670852661133
2008-05-08,54.1150016784668,54.209999084472656,53.435001373291016,53.79499053955078,6794946,18.51188850402832
2008-05-09,53.525001525878906,53.7400016784668,53.119998931884766,53.369998931884766,7443563,18.365638732910156
2008-05-12,53.689998626708984,54.685001373291016,53.584999084472656,54.130001068115234,8659579,18.62716293334961
2008-05-13,54.380001068115234,54.55500030517578,53.584999084472656,54.55500030517578,7988200,18.773426055908203
2008-05-14,54.79999923706055,55.57500076293945,54.709999084472656,55.18000030517578,9028124,18.988496780395508
2008-05-15,55.01499938964844,55.20000076293945,54.68000030517578,55.04999923706055,6634769,18.94375991821289
2008-05-16,55.4900016784668,56.72499084472656,55.290000915527344,56.44499969482422,11033959,19.423805236816406
2008-05-19,56.45000076293945,58.20500183105469,56.43000030517578,57.130001068115234,11239639,19.659523010253906
2008-05-20,56.834999084472656,57.334999084472656,56.470001220703125,56.95000076293945,11719489,19.971647262573242
2008-05-21,57.14500045776367,58.25,57.040000915527344,57.70000076293945,12184476,20.23465919494629
2008-05-22,57.5,58.150001525878906,57.17499923706055,57.45000076293945,9660392,20.14698600769043
2008-05-23,57.2400016784668,57.400001525878906,56.560001373291016,56.560001373291016,9513098,19.834882736206055
2008-05-26,56.27000045776367,56.89500045776367,56.2400016784668,56.25,3305922,19.726163864135742
2008-05-27,56.52000045776367,56.869998931884766,55.29999923706055,55.29999923706055,9739666,19.393007278442383
2008-05-28,55.26499938964844,55.790000915527344,54.599998474121094,55.61000061035156,9783704,19.501720428466797
2008-05-29,55.95000076293945,56.790000915527344,55.665000915527344,56.45000076293945,8719469,19.796295166015625
2008-05-30,55.95000076293945,56.18000030517578,55.310001373291016,56.09000015258789,8515392,19.670047760009766
2008-06-02,56.17499923706055,56.33000183105469,55.40999984741211,55.70500183105469,7097790,19.535032272338867
2008-06-03,55.30500030517578,56.125,55.30500030517578,55.90999984741211,6982748,19.60692596435547
2008-06-04,55.459999084472656,55.599998474121094,53.779998779296875,53.779998779296875,14635665,18.859960556030273
2008-06-05,53.54999923706055,54.349998474121094,53.27000045776367,54.17499923706055,8457203,18.99848175048828
2008-06-06,54.81999969482422,55.209999084472656,53.57500076293945,53.6150016784668,10900157,18.802101135253906
2008-06-09,53.29999923706055,54.900001525878906,53.29999923706055,54.720001220703125,6713672,19.189605712890625
2008-06-10,54.400001525878906,54.82500076293945,53.994998931884766,53.994998931884766,8069393,18.935354232788086
2008-06-11,53.7599983215332,54.65999984741211,53.400001525878906,53.400001525878906,8340381,18.726701736450195
2008-06-12,53.665000915527344,54.349998474121094,52.68000030517578,52.90999984741211,10230867,18.554861068725586
2008-06-13,52.95000076293945,52.95000076293945,52.0,52.29499053955078,9015384,18.339181900024414
2008-06-16,52.0,52.900001525878906,51.83000183105469,52.61000061035156,8169351,18.44965362548828
2008-06-17,52.29999923706055,53.189998626708984,52.29999923706055,52.45000076293945,7765599,18.393545150756836
2008-06-18,52.03499984741211,52.209999084472656,51.45000076293945,51.59000015258789,9069688,18.09195327758789
2008-06-19,52.20000076293945,53.150001525878906,51.654998779296875,51.654998779296875,13141829,18.1147518157959
2008-06-20,51.79999923706055,52.29499053955078,51.150001525878906,51.65999984741211,13969342,18.11650276184082
2008-06-23,51.720001220703125,52.83000183105469,51.42499923706055,52.72499084472656,8343351,18.489980697631836
2008-06-24,52.72499084472656,53.540000915527344,52.20000076293945,52.470001220703125,8788534,18.400562286376953
2008-06-25,52.459999084472656,53.099998474121094,52.06999969482422,52.314998626708984,7004028,18.346208572387695
2008-06-26,51.88499069213867,52.83000183105469,51.86000061035156,51.880001068115234,7923646,18.193655014038086
2008-06-27,51.775001525878906,53.31999969482422,51.7599983215332,52.90999984741211,9243292,18.554861068725586
2008-06-30,52.64500045776367,54.209999084472656,52.625,54.20000076293945,12955978,19.00724983215332
2008-07-01,53.849998474121094,54.2400016784668,52.81999969482422,53.02000045776367,9733754,18.593442916870117
2008-07-02,53.09000015258789,53.34000015258789,52.150001525878906,52.28499984741211,8556531,18.335681915283203
2008-07-03,51.654998779296875,52.08000183105469,50.900001525878906,51.53499984741211,13461754,18.072668075561523
2008-07-04,51.56999969482422,52.13499069213867,51.130001068115234,51.25,5191874,17.97272300720215
2008-07-07,51.61000061035156,52.72999954223633,51.560001373291016,52.54999923706055,6163044,18.42861557006836
2008-07-08,51.54999923706055,52.08000183105469,51.119998931884766,51.4900016784668,12255042,18.056886672973633
2008-07-09,51.7400016784668,51.7599983215332,50.790000915527344,51.279998779296875,8188147,17.983240127563477
2008-07-10,50.5,50.78499984741211,49.72999954223633,49.845001220703125,9591478,17.480009078979492
2008-07-11,50.56999969482422,51.13999938964844,50.02000045776367,50.16999816894531,9984801,17.59398651123047
2008-07-14,50.400001525878906,50.6150016784668,49.540000915527344,49.68000030517578,8452301,17.422136306762695
2008-07-15,49.314998626708984,50.20000076293945,48.63999938964844,48.63999938964844,13124318,17.05742835998535
2008-07-16,48.599998474121094,48.849998474121094,46.915000915527344,47.25,15342163,16.569971084594727
2008-07-17,47.349998474121094,47.880001068115234,46.310001373291016,47.630001068115234,14547449,16.703231811523438
2008-07-18,47.54999923706055,47.915000915527344,46.869998931884766,47.625,11262620,16.70148277282715
2008-07-21,48.400001525878906,49.07500076293945,47.599998474121094,47.650001525878906,8867315,16.71025276184082
2008-07-22,47.38999938964844,49.43000030517578,47.33000183105469,49.01499938964844,10555495,17.188940048217773
2008-07-23,49.130001068115234,49.29999923706055,48.59000015258789,49.040000915527344,7397082,17.19769859313965
2008-07-24,48.505001068115234,48.70000076293945,47.66999816894531,47.66999816894531,9765838,16.717262268066406
2008-07-25,47.95000076293945,48.84000015258789,47.880001068115234,48.375,8576097,16.964502334594727
2008-07-28,48.375,49.1150016784668,48.150001525878906,48.9900016784668,6592259,17.180164337158203
2008-07-29,48.88999938964844,49.79999923706055,48.5,48.53499984741211,8554267,17.020606994628906
2008-07-30,48.915000915527344,49.2400016784668,48.30500030517578,49.189998626708984,8528485,17.250307083129883
2008-07-31,49.95000076293945,50.380001068115234,49.29999923706055,49.400001525878906,9315000,17.323951721191406
2008-08-01,49.005001068115234,49.25,48.40999984741211,48.790000915527344,7041683,17.110027313232422
2008-08-04,48.54999923706055,49.54999923706055,48.04999923706055,48.27000045776367,6123000,16.927669525146484
2008-08-05,47.720001220703125,48.0,47.0099983215332,47.47999954223633,11659600,16.650632858276367
2008-08-06,47.60499954223633,48.060001373291016,46.959999084472656,48.04999923706055,9661697,16.850515365600586
2008-08-07,48.005001068115234,48.900001525878906,47.95000076293945,48.16999816894531,7797343,16.89261245727539
2008-08-08,47.86000061035156,48.095001220703125,47.20000076293945,47.459999084472656,8209857,16.64361000061035
2008-08-11,47.599998474121094,48.380001068115234,47.5,48.21500015258789,5894058,16.90838623046875
2008-08-12,48.005001068115234,48.369998931884766,47.65999984741211,48.369998931884766,6507647,16.96274757385254
2008-08-13,48.150001525878906,48.68000030517578,47.380001068115234,47.595001220703125,8532065,16.690959930419922
2008-08-14,48.189998626708984,48.64500045776367,47.529998779296875,47.94499969482422,7201801,16.81369972229004
2008-08-15,48.095001220703125,48.59000015258789,47.41999816894531,47.59000015258789,5918276,16.689207077026367
2008-08-18,47.584999084472656,49.06999969482422,47.27000045776367,48.45000076293945,7823420,16.99078369140625
2008-08-19,47.849998474121094,48.314998626708984,47.53499984741211,47.81999969482422,7425908,16.769859313964844
2008-08-20,48.459999084472656,49.29499053955078,48.34000015258789,49.04499053955078,10202100,17.19945526123047
2008-08-21,49.20000076293945,49.459999084472656,48.290000915527344,49.13499069213867,10293185,17.231016159057617
2008-08-22,49.30500030517578,49.36000061035156,48.3650016784668,49.17499923706055,6342631,17.24504280090332
2008-08-25,48.849998474121094,48.849998474121094,48.43000030517578,48.494998931884766,3968938,17.006576538085938
2008-08-26,48.380001068115234,48.77000045776367,47.78499984741211,48.51499938964844,5698925,17.01358985900879
2008-08-27,48.79999923706055,49.255001068115234,48.1150016784668,49.02000045776367,6125063,17.190685272216797
2008-08-28,49.02000045776367,49.21500015258789,48.27000045776367,49.08000183105469,7113334,17.21173095703125
2008-08-29,49.029998779296875,49.45000076293945,48.709999084472656,49.04499053955078,6000190,17.19945526123047
2008-09-01,48.834999084472656,49.16999816894531,47.86000061035156,47.935001373291016,5950139,16.81018829345703
2008-09-02,47.459999084472656,47.685001373291016,46.90999984741211,47.36000061035156,10829322,16.608551025390625
2008-09-03,46.79999923706055,47.29999923706055,46.27000045776367,46.27000045776367,9266688,16.226303100585938
2008-09-04,46.435001373291016,47.220001220703125,45.20000076293945,45.279998779296875,10835524,15.879117965698242
2008-09-05,45.11000061035156,45.619998931884766,44.16999816894531,44.310001373291016,11229558,15.538957595825195
2008-09-08,45.29999923706055,45.88999938964844,45.13499069213867,45.28499984741211,9818004,15.88086986541748
2008-09-09,45.46500015258789,45.46500015258789,43.97999954223633,44.18000030517578,10961330,15.49335765838623
2008-09-10,44.15999984741211,44.834999084472656,43.875,44.31999969482422,10131717,15.542455673217773
2008-09-11,44.630001068115234,45.20000076293945,44.275001525878906,44.744998931884766,8773613,15.691503524780273
2008-09-12,45.439998626708984,45.720001220703125,44.94499969482422,45.70500183105469,8309321,16.02815818786621
2008-09-15,44.02000045776367,44.654998779296875,42.44499969482422,43.400001525878906,20615109,15.219831466674805
2008-09-16,42.720001220703125,42.970001220703125,41.584999084472656,42.22499084472656,15863229,14.807769775390625
2008-09-17,42.81999969482422,43.17499923706055,41.505001068115234,42.28499984741211,16665443,14.828807830810547
2008-09-18,42.5099983215332,43.2400016784668,40.529998779296875,41.0,20296570,14.378175735473633
2008-09-19,42.95000076293945,45.0,41.834999084472656,45.0,27531555,15.780929565429688
2008-09-22,45.0,45.75,44.54999923706055,44.650001525878906,12662353,15.658186912536621
2008-09-23,44.689998626708984,44.9900016784668,43.775001525878906,44.17499923706055,10219643,15.491610527038574
2008-09-24,43.994998931884766,44.17499923706055,43.435001373291016,43.66999816894531,7987805,15.314509391784668
2008-09-25,43.349998474121094,44.56999969482422,42.720001220703125,44.439998626708984,10780442,15.584535598754883
2008-09-26,44.060001373291016,44.255001068115234,43.400001525878906,43.709999084472656,6574957,15.32853889465332
2008-09-29,43.849998474121094,43.93000030517578,41.689998626708984,41.689998626708984,12612880,14.62015151977539
2008-09-30,40.85499954223633,42.81999969482422,40.5,42.58000183105469,17612239,14.932258605957031
2008-10-01,42.79999923706055,42.869998931884766,41.709999084472656,42.3650016784668,10632743,14.856871604919434
2008-10-02,42.47499084472656,43.130001068115234,41.11000061035156,41.349998474121094,10489112,14.500909805297852
2008-10-03,41.51499938964844,43.064998626708984,40.310001373291016,42.650001525878906,12151483,14.956812858581543
2008-10-06,40.625,41.099998474121094,37.68000030517578,38.849998474121094,20331506,13.624197959899902
2008-10-07,40.25,41.275001525878906,39.17499923706055,40.01499938964844,18462020,14.03275203704834
2008-10-08,38.29999923706055,40.42499923706055,36.310001373291016,37.150001525878906,30296898,13.028034210205078
2008-10-09,37.88999938964844,38.79999923706055,35.34000015258789,35.94499969482422,16691922,12.605453491210938
2008-10-10,33.09000015258789,34.689998626708984,31.520000457763672,33.18000030517578,37245936,11.635807037353516
2008-10-13,34.415000915527344,36.599998474121094,34.04999923706055,36.599998474121094,22725451,12.835149765014648
2008-10-14,38.099998474121094,40.77000045776367,37.849998474121094,39.2599983215332,21919131,13.767980575561523
2008-10-15,39.0,39.5,35.92499923706055,36.560001373291016,19605208,12.82112979888916
2008-10-16,34.77000045776367,35.869998931884766,32.55500030517578,33.20000076293945,27283684,11.642820358276367
2008-10-17,35.0,36.525001525878906,33.64500045776367,36.435001373291016,22989664,12.77729320526123
2008-10-20,37.25,39.45000076293945,37.25,39.025001525878906,14186377,13.685572624206543
2008-10-21,40.084999084472656,40.4900016784668,38.345001220703125,39.279998779296875,11080910,13.77499008178711
2008-10-22,37.95000076293945,38.5,36.275001525878906,36.86000061035156,14278620,12.9263334274292
2008-10-23,36.630001068115234,37.88499069213867,34.79999923706055,37.400001525878906,17075800,13.115705490112305
2008-10-24,35.68000030517578,36.125,33.0,36.060001373291016,21008079,12.645783424377441
2008-10-27,34.790000915527344,36.439998626708984,33.599998474121094,35.5,16234425,12.449394226074219
2008-10-28,36.595001220703125,38.2400016784668,35.53499984741211,37.685001373291016,20215508,13.215648651123047
2008-10-29,39.54999923706055,42.91999816894531,38.8650016784668,42.82500076293945,25667466,15.018181800842285
2008-10-30,43.900001525878906,43.900001525878906,40.06999969482422,41.099998474121094,20146639,14.413249969482422
2008-10-31,41.435001373291016,42.814998626708984,40.02000045776367,42.814998626708984,16255158,15.014676094055176
2008-11-03,43.20000076293945,43.494998931884766,42.20000076293945,43.0,9998414,15.079547882080078
2008-11-04,43.040000915527344,44.54999923706055,42.63999938964844,44.5,11700234,15.605584144592285
2008-11-05,44.0,44.25,42.599998474121094,42.75,12618214,14.991877555847168
2008-11-06,41.099998474121094,42.42499923706055,40.01499938964844,40.01499938964844,14422432,14.03275203704834
2008-11-07,40.220001220703125,41.9900016784668,39.77000045776367,41.29999923706055,13138345,14.48338508605957
2008-11-10,42.45000076293945,43.900001525878906,41.935001373291016,42.54999923706055,8855097,14.921744346618652
2008-11-11,41.900001525878906,41.90999984741211,40.349998474121094,40.349998474121094,9105751,14.15023136138916
2008-11-12,41.20000076293945,41.875,39.11000061035156,39.28499984741211,12184707,13.776751518249512
2008-11-13,38.75,40.560001373291016,38.5,39.35499954223633,11331227,13.80129623413086
2008-11-14,40.79999923706055,41.744998931884766,39.79999923706055,40.595001220703125,13155601,14.660831451416016
2008-11-17,40.334999084472656,41.25,38.96500015258789,38.96500015258789,10413650,14.072158813476562
2008-11-18,39.14500045776367,41.099998474121094,38.56999969482422,40.7599983215332,10849324,14.720416069030762
2008-11-19,40.369998931884766,40.66999816894531,38.90999984741211,39.05500030517578,10391905,14.104659080505371
2008-11-20,38.20000076293945,38.84000015258789,36.53499984741211,37.334999084472656,14869038,13.483488082885742
2008-11-21,37.314998626708984,38.70000076293945,36.1150016784668,36.72499084472656,13609915,13.263181686401367
2008-11-24,38.20000076293945,41.29999923706055,37.685001373291016,41.29999923706055,19853903,14.915440559387207
2008-11-25,40.88999938964844,43.29499053955078,40.630001068115234,41.76499938964844,15342160,15.08337116241455
2008-11-26,41.11000061035156,42.02000045776367,40.099998474121094,41.22499084472656,15342160,14.888347625732422
2008-11-27,41.994998931884766,42.375,41.529998779296875,42.150001525878906,5877290,15.22241497039795
2008-11-28,41.834999084472656,42.20000076293945,40.400001525878906,41.04999923706055,12228299,14.825150489807129
2008-12-01,41.20500183105469,41.45000076293945,38.04999923706055,38.189998626708984,11469327,13.79227066040039
2008-12-02,37.79999923706055,39.43000030517578,37.34000015258789,39.310001373291016,10918006,14.196755409240723
2008-12-03,39.2599983215332,39.2599983215332,37.150001525878906,38.720001220703125,13757397,13.983674049377441
2008-12-04,38.27000045776367,40.09000015258789,38.119998931884766,39.125,9098571,14.1299467086792
2008-12-05,38.06999969482422,38.25,35.439998626708984,35.654998779296875,15943682,12.876751899719238
2008-12-08,38.70000076293945,39.82500076293945,38.11000061035156,39.68000030517578,13955000,14.330389022827148
2008-12-09,39.22499084472656,41.150001525878906,38.849998474121094,40.279998779296875,12508844,14.54706859588623
2008-12-10,40.5099983215332,40.935001373291016,39.60499954223633,40.470001220703125,7136903,14.615686416625977
2008-12-11,40.48500061035156,41.9900016784668,40.099998474121094,41.39500045776367,9465368,14.949748039245605
2008-12-12,39.77000045776367,40.43000030517578,38.55500030517578,39.79499053955078,10408330,14.371906280517578
2008-12-15,40.630001068115234,41.08000183105469,39.93000030517578,40.220001220703125,7065129,14.525399208068848
2008-12-16,40.369998931884766,41.0,39.41999816894531,41.0,8271438,14.807101249694824
2008-12-17,41.5,41.869998931884766,40.459999084472656,41.5,12020976,14.98766803741455
2008-12-18,41.56999969482422,42.0,39.95500183105469,40.26499938964844,9743538,14.54164981842041
2008-12-19,39.439998626708984,40.1150016784668,38.03499984741211,39.57500076293945,17481744,14.292459487915039
2008-12-22,39.0,39.650001525878906,38.16999816894531,38.599998474121094,7760375,13.940338134765625
2008-12-23,38.720001220703125,39.165000915527344,38.099998474121094,38.099998474121094,5718324,13.759764671325684
2008-12-24,38.0,38.3650016784668,37.470001220703125,38.040000915527344,1682474,13.7380952835083
2008-12-29,38.5099983215332,39.290000915527344,37.709999084472656,38.08000183105469,4105410,13.75253677368164
2008-12-30,38.779998779296875,39.279998779296875,38.400001525878906,39.20000076293945,4959919,14.157027244567871
2008-12-31,39.529998779296875,39.90999984741211,38.90999984741211,38.90999984741211,2244288,14.052297592163086
2009-01-02,38.33000183105469,41.0,38.33000183105469,41.0,4915721,14.807101249694824
2009-01-05,41.68000030517578,41.939998626708984,40.79999923706055,41.70000076293945,7682205,15.059895515441895
2009-01-06,42.0,42.46500015258789,41.349998474121094,41.790000915527344,6895659,15.0924072265625
2009-01-07,41.5,42.099998474121094,39.650001525878906,40.22999954223633,8883686,14.529007911682129
2009-01-08,39.779998779296875,40.88999938964844,39.755001068115234,40.66999816894531,5684233,14.687917709350586
2009-01-09,40.79999923706055,40.849998474121094,39.53499984741211,39.97499084472656,5615271,14.436910629272461
2009-01-12,39.904998779296875,40.14500045776367,39.18000030517578,39.48500061035156,4711310,14.259957313537598
2009-01-13,39.32500076293945,39.6150016784668,38.61000061035156,39.099998474121094,7520241,14.120909690856934
2009-01-14,39.26499938964844,39.77000045776367,37.165000915527344,37.55500030517578,8892965,13.562936782836914
2009-01-15,37.59000015258789,37.96500015258789,36.5,36.60499954223633,8703977,13.219847679138184
2009-01-16,37.5,38.650001525878906,37.005001068115234,37.005001068115234,12513049,13.364307403564453
2009-01-19,37.75,38.130001068115234,36.66999816894531,37.099998474121094,6000120,13.398612976074219
2009-01-20,36.994998931884766,37.80500030517578,36.720001220703125,36.900001525878906,7552971,13.326387405395508
2009-01-21,36.41999816894531,36.849998474121094,35.63499069213867,36.119998931884766,11310933,13.044692039489746
2009-01-22,37.0,37.43000030517578,35.220001220703125,35.3650016784668,9749507,12.77202033996582
2009-01-23,35.44499969482422,36.53499984741211,34.349998474121094,36.06999969482422,10482458,13.026633262634277
2009-01-26,36.5,38.650001525878906,36.25,38.20500183105469,10992004,13.797679901123047
2009-01-27,38.7599983215332,38.93000030517578,37.560001373291016,38.849998474121094,8476228,14.03062629699707
2009-01-28,39.0,40.0,38.70000076293945,39.790000915527344,10626622,14.370110511779785
2009-01-29,39.7599983215332,39.935001373291016,38.79999923706055,39.459999084472656,7519736,14.250931739807129
2009-01-30,39.310001373291016,39.744998931884766,38.529998779296875,39.17499923706055,9105797,14.14799690246582
2009-02-02,38.584999084472656,39.21500015258789,37.869998931884766,39.0,6424936,14.084800720214844
2009-02-03,39.20000076293945,39.63499069213867,38.130001068115234,39.564998626708984,15342160,14.288846015930176
2009-02-04,39.880001068115234,41.25,39.61000061035156,40.96500015258789,9011394,14.794458389282227
2009-02-05,40.29499053955078,40.869998931884766,39.5,40.77000045776367,8177566,14.724035263061523
2009-02-06,41.20000076293945,42.025001525878906,40.29499053955078,41.92499923706055,10390086,15.141160011291504
2009-02-09,41.834999084472656,42.185001373291016,40.89500045776367,41.900001525878906,5948875,15.132126808166504
2009-02-10,41.31999969482422,41.7400016784668,40.33000183105469,40.404998779296875,7491904,14.592212677001953
2009-02-11,39.970001220703125,40.400001525878906,39.625,40.084999084472656,6825435,14.476648330688477
2009-02-12,40.10499954223633,41.0,39.625,40.29999923706055,10141177,14.554292678833008
2009-02-13,40.92499923706055,41.47999954223633,40.79999923706055,40.900001525878906,6753302,14.770978927612305
2009-02-16,40.59000015258789,40.88999938964844,40.35499954223633,40.415000915527344,4220326,14.59582805633545
2009-02-17,40.060001373291016,40.18000030517578,38.90999984741211,39.0099983215332,9511114,14.088410377502441
2009-02-18,39.189998626708984,39.59000015258789,38.220001220703125,39.5,10167110,14.265369415283203
2009-02-19,39.5099983215332,39.970001220703125,39.0099983215332,39.43000030517578,6845782,14.240097045898438
2009-02-20,38.83000183105469,39.02000045776367,37.75,37.75,10978600,13.6333646774292
2009-02-23,38.5,38.75,37.755001068115234,38.060001373291016,7227970,13.745319366455078
2009-02-24,37.494998931884766,38.165000915527344,37.21500015258789,37.810001373291016,8398100,13.65503215789795
2009-02-25,38.470001220703125,38.599998474121094,37.28499984741211,37.97499084472656,5948875,13.714618682861328
2009-02-26,38.68000030517578,38.91999816894531,37.30500030517578,38.13999938964844,9939767,13.774210929870605
2009-02-27,37.85499954223633,37.89500045776367,36.63999938964844,37.47999954223633,10679448,13.535849571228027
2009-03-02,36.60499954223633,36.93000030517578,35.32500076293945,35.32500076293945,9961866,12.757579803466797
2009-03-03,35.380001068115234,35.88499069213867,34.25,34.54999923706055,9939692,12.477686882019043
2009-03-04,35.244998931884766,37.689998626708984,35.150001525878906,37.630001068115234,15640602,13.590021133422852
2009-03-05,37.29999923706055,37.41999816894531,35.560001373291016,35.56999969482422,10881069,12.846056938171387
2009-03-06,35.5,36.80500030517578,35.400001525878906,35.9900016784668,12331469,12.99774169921875
2009-03-09,36.209999084472656,36.244998931884766,34.72499084472656,35.96500015258789,11069805,12.988714218139648
2009-03-10,35.935001373291016,38.029998779296875,35.560001373291016,37.560001373291016,12342914,13.564746856689453
2009-03-11,37.26499938964844,38.5,36.54999923706055,37.67499923706055,10355500,13.606279373168945
2009-03-12,36.810001373291016,37.834999084472656,36.349998474121094,37.72499084472656,7646400,13.624327659606934
2009-03-13,38.220001220703125,39.025001525878906,37.59000015258789,37.880001068115234,7954834,13.680309295654297
2009-03-16,38.40999984741211,38.625,37.630001068115234,38.18000030517578,7645356,13.788655281066895
2009-03-17,37.8650016784668,38.0,37.0,37.83000183105469,6568064,13.662253379821777
2009-03-18,38.55500030517578,38.55500030517578,36.66999816894531,37.220001220703125,7681632,13.441954612731934
2009-03-19,37.400001525878906,38.119998931884766,36.939998626708984,38.0,10698187,13.723650932312012
2009-03-20,37.5,38.185001373291016,37.2400016784668,37.939998626708984,12000234,13.701983451843262
2009-03-23,38.560001373291016,38.560001373291016,37.52000045776367,38.349998474121094,7870892,13.850055694580078
2009-03-24,38.7400016784668,38.81999969482422,37.7400016784668,38.20000076293945,8282646,13.795878410339355
2009-03-25,38.064998626708984,39.41999816894531,38.0099983215332,38.869998931884766,7748237,14.03785514831543
2009-03-26,39.18000030517578,39.25,38.470001220703125,38.915000915527344,5207453,14.054098129272461
2009-03-27,38.67499923706055,39.099998474121094,38.08000183105469,38.45000076293945,5407007,13.886164665222168
2009-03-30,37.869998931884766,37.869998931884766,36.470001220703125,36.470001220703125,5703687,13.171092987060547
2009-03-31,37.064998626708984,37.42499923706055,36.56999969482422,37.42499923706055,6590239,13.515986442565918
2009-04-01,37.18000030517578,37.22999954223633,36.150001525878906,36.939998626708984,7247002,13.34083080291748
2009-04-02,37.939998626708984,38.900001525878906,37.61000061035156,38.900001525878906,11684865,14.048684120178223
2009-04-03,38.79999923706055,39.040000915527344,37.38999938964844,37.685001373291016,8748416,13.60988712310791
2009-04-06,38.06999969482422,38.22999954223633,36.599998474121094,37.0,7901257,13.362500190734863
2009-04-07,37.39500045776367,37.584999084472656,36.20000076293945,36.564998626708984,6807139,13.205398559570312
2009-04-08,36.099998474121094,36.72499084472656,35.88499069213867,36.41999816894531,6932708,13.153032302856445
2009-04-09,36.619998931884766,37.154998779296875,36.41999816894531,37.060001373291016,7398908,13.384170532226562
2009-04-14,37.279998779296875,37.290000915527344,36.01499938964844,36.34000015258789,9240276,13.1241455078125
2009-04-15,36.599998474121094,36.685001373291016,35.810001373291016,35.96500015258789,6595097,12.988714218139648
2009-04-16,36.400001525878906,36.400001525878906,35.61000061035156,35.79999923706055,7814744,12.929121017456055
2009-04-17,36.29999923706055,36.77000045776367,35.84000015258789,36.279998779296875,11498295,13.102472305297852
2009-04-20,36.27000045776367,36.400001525878906,35.0,35.13999938964844,7906173,12.690765380859375
2009-04-21,35.400001525878906,35.68000030517578,34.720001220703125,35.61000061035156,8774409,12.860504150390625
2009-04-22,35.650001525878906,36.0,35.0099983215332,35.80500030517578,7992523,12.93092155456543
2009-04-23,35.98500061035156,37.0099983215332,35.470001220703125,36.595001220703125,9328696,13.21623420715332
2009-04-24,36.959999084472656,38.630001068115234,36.6150016784668,38.345001220703125,10963353,13.848244667053223
2009-04-27,37.70000076293945,38.39500045776367,37.5099983215332,38.25,5884095,13.813931465148926
2009-04-28,37.720001220703125,38.72999954223633,37.5,38.09000015258789,6412768,13.756152153015137
2009-04-29,38.36000061035156,38.650001525878906,37.790000915527344,38.44499969482422,5482144,13.884363174438477
2009-04-30,38.650001525878906,38.900001525878906,38.310001373291016,38.345001220703125,8659659,13.848244667053223
2009-05-04,38.560001373291016,39.36000061035156,38.369998931884766,39.275001525878906,5825786,14.184115409851074
2009-05-05,39.279998779296875,39.959999084472656,38.79999923706055,39.150001525878906,7346606,14.138975143432617
2009-05-06,38.85499954223633,39.98500061035156,38.29999923706055,39.75,8661054,14.355661392211914
2009-05-07,40.0099983215332,41.0,39.779998779296875,40.099998474121094,11806309,14.482060432434082
2009-05-08,40.650001525878906,41.58000183105469,40.36000061035156,41.02000045776367,7158551,14.814316749572754
2009-05-11,41.154998779296875,41.189998626708984,40.20000076293945,40.625,7490480,14.671666145324707
2009-05-12,40.29999923706055,41.22499084472656,40.29499053955078,40.88999938964844,5828265,14.767365455627441
2009-05-13,41.22999954223633,41.869998931884766,40.86000061035156,41.04999923706055,9225887,14.825150489807129
2009-05-14,40.79999923706055,41.095001220703125,40.0,40.36000061035156,7556302,14.575960159301758
2009-05-15,40.400001525878906,40.869998931884766,40.040000915527344,40.470001220703125,6780099,14.615686416625977
2009-05-18,40.165000915527344,41.970001220703125,39.619998931884766,41.95000076293945,7499031,15.150192260742188
2009-05-19,41.20000076293945,41.290000915527344,40.290000915527344,40.869998931884766,8499335,15.172457695007324
2009-05-20,40.540000915527344,41.400001525878906,40.52000045776367,41.20000076293945,5531318,15.29497241973877
2009-05-21,40.72499084472656,40.72499084472656,39.5,39.810001373291016,5640527,14.778951644897461
2009-05-22,39.95000076293945,40.095001220703125,39.21500015258789,39.685001373291016,5219001,14.7325439453125
2009-05-25,39.89500045776367,39.89500045776367,38.68000030517578,39.47999954223633,3715730,14.656439781188965
2009-05-26,39.375,40.029998779296875,38.665000915527344,40.029998779296875,6508894,14.860621452331543
2009-05-27,40.185001373291016,40.349998474121094,39.70000076293945,40.2400016784668,5819402,14.938581466674805
2009-05-28,39.84000015258789,40.35499954223633,39.525001525878906,40.06999969482422,5053894,14.875470161437988
2009-05-29,40.54999923706055,41.34000015258789,40.5099983215332,40.75,9305184,15.127913475036621
2009-06-01,41.599998474121094,42.084999084472656,41.23500061035156,41.91999816894531,5699441,15.562253952026367
2009-06-02,41.41999816894531,42.0,41.02000045776367,41.880001068115234,6288788,15.54741096496582
2009-06-03,41.79999923706055,41.91999816894531,40.36000061035156,40.63999938964844,6309246,15.087072372436523
2009-06-04,40.73500061035156,41.47499084472656,40.70000076293945,41.189998626708984,5844594,15.291258811950684
2009-06-05,41.64500045776367,42.31999969482422,41.27000045776367,41.595001220703125,5587142,15.441609382629395
2009-06-08,41.5,41.54499053955078,40.654998779296875,41.189998626708984,4362271,15.291258811950684
2009-06-09,41.849998474121094,41.880001068115234,41.025001525878906,41.29999923706055,4001483,15.3320894241333
2009-06-10,41.9900016784668,42.45500183105469,41.40999984741211,41.61000061035156,5774377,15.44717025756836
2009-06-11,41.38499069213867,41.685001373291016,41.14500045776367,41.54999923706055,4073552,15.424905776977539
2009-06-12,41.85499954223633,41.85499954223633,40.54999923706055,40.67499923706055,5123960,15.100069046020508
2009-06-15,40.5,40.5,39.150001525878906,39.439998626708984,6772324,14.64159107208252
2009-06-16,39.6150016784668,40.220001220703125,39.369998931884766,39.595001220703125,4978501,14.699134826660156
2009-06-17,39.595001220703125,39.720001220703125,38.439998626708984,38.72999954223633,6928494,14.37801456451416
2009-06-18,39.0,39.275001525878906,38.31999969482422,38.95000076293945,5546744,14.459680557250977
2009-06-19,38.7400016784668,39.650001525878906,38.5,39.18000030517578,13317555,14.54506778717041
2009-06-22,38.970001220703125,39.18000030517578,37.72499084472656,37.880001068115234,6804807,14.062460899353027
2009-06-23,37.5099983215332,38.39500045776367,37.505001068115234,37.79999923706055,5360605,14.032763481140137
2009-06-24,38.04499053955078,38.72999954223633,37.599998474121094,38.5,5194622,14.292630195617676
2009-06-25,38.400001525878906,38.4900016784668,37.20000076293945,38.040000915527344,6780337,14.121861457824707
2009-06-26,38.43000030517578,38.665000915527344,37.65999984741211,38.0099983215332,5284293,14.1107177734375
2009-06-29,37.83000183105469,39.26499938964844,37.65999984741211,38.970001220703125,4962112,14.467111587524414
2009-06-30,39.17499923706055,39.34000015258789,38.10499954223633,38.47999954223633,7691912,14.28520393371582
2009-07-01,38.69499969482422,39.51499938964844,38.599998474121094,39.25,6251267,14.57105541229248
2009-07-02,38.80500030517578,38.88999938964844,37.65999984741211,37.77000045776367,7540779,14.021625518798828
2009-07-03,37.91999816894531,38.01499938964844,37.29999923706055,37.71500015258789,3760859,14.001206398010254
2009-07-06,37.38999938964844,37.46500015258789,36.564998626708984,36.95000076293945,5823374,13.717209815979004
2009-07-07,37.08000183105469,37.2599983215332,36.29999923706055,36.494998931884766,5242145,13.548295974731445
2009-07-08,36.29999923706055,36.900001525878906,36.11000061035156,36.209999084472656,5279824,13.442497253417969
2009-07-09,36.5,36.880001068115234,36.11000061035156,36.599998474121094,4049058,13.587272644042969
2009-07-10,36.40999984741211,36.41999816894531,35.8650016784668,35.98500061035156,4582943,13.358967781066895
2009-07-13,35.88499069213867,36.775001525878906,35.75,36.775001525878906,4080014,13.652243614196777
2009-07-14,36.959999084472656,37.29999923706055,36.540000915527344,37.09000015258789,4203916,13.769187927246094
2009-07-15,37.064998626708984,37.8650016784668,36.9900016784668,37.8650016784668,6833151,14.056896209716797
2009-07-16,37.84000015258789,38.29999923706055,37.33000183105469,38.029998779296875,6282176,14.11815071105957
2009-07-17,38.290000915527344,38.73500061035156,38.20000076293945,38.599998474121094,6945742,14.329752922058105
2009-07-20,38.97499084472656,39.380001068115234,38.54999923706055,39.13999938964844,4681798,14.530221939086914
2009-07-21,39.220001220703125,39.9900016784668,39.029998779296875,39.80500030517578,6176154,14.777098655700684
2009-07-22,39.95000076293945,40.0,39.400001525878906,39.790000915527344,4689758,14.771528244018555
2009-07-23,39.81999969482422,40.38999938964844,39.185001373291016,40.38999938964844,6642684,14.994268417358398
2009-07-24,40.26499938964844,40.88999938964844,39.77000045776367,40.189998626708984,4734263,14.92002010345459
2009-07-27,40.744998931884766,40.85499954223633,39.97999954223633,40.470001220703125,5381712,15.023965835571289
2009-07-28,40.41999816894531,40.720001220703125,39.20000076293945,39.349998474121094,6649955,14.608180046081543
2009-07-29,39.150001525878906,40.38999938964844,39.150001525878906,39.52000045776367,6728573,14.671294212341309
2009-07-30,39.689998626708984,40.2599983215332,39.150001525878906,39.9900016784668,6964779,14.845771789550781
2009-07-31,39.22499084472656,39.44499969482422,38.58000183105469,38.90999984741211,13484237,14.444842338562012
2009-08-03,38.70000076293945,39.189998626708984,38.5,38.88999938964844,7710650,14.43741226196289
2009-08-04,38.720001220703125,38.79999923706055,38.41999816894531,38.6150016784668,8061581,14.335319519042969
2009-08-05,38.5,38.77000045776367,37.91999816894531,38.32500076293945,6172700,14.227665901184082
2009-08-06,38.44499969482422,38.84000015258789,38.07500076293945,38.400001525878906,4857037,14.255508422851562
2009-08-07,38.29999923706055,38.68000030517578,37.900001525878906,38.400001525878906,7303851,14.255508422851562
2009-08-10,38.279998779296875,38.31999969482422,37.80500030517578,38.02000045776367,4643593,14.114431381225586
2009-08-11,38.20000076293945,38.400001525878906,37.5,37.78499984741211,5299758,14.02719497680664
2009-08-12,37.790000915527344,38.69499969482422,37.650001525878906,38.65999984741211,6392035,14.35202693939209
2009-08-13,38.65999984741211,39.06999969482422,37.97499084472656,38.33000183105469,6575205,14.229517936706543
2009-08-14,38.70500183105469,38.959999084472656,37.95000076293945,38.13999938964844,5302102,14.15898323059082
2009-08-17,37.875,37.97999954223633,36.96500015258789,37.30500030517578,6813198,13.848997116088867
2009-08-18,37.54499053955078,37.834999084472656,37.459999084472656,37.83000183105469,4198970,14.043902397155762
2009-08-19,37.63499069213867,38.084999084472656,37.31999969482422,37.79999923706055,4349251,14.032763481140137
2009-08-20,38.35499954223633,38.95000076293945,38.25,38.75,6208934,14.385438919067383
2009-08-21,38.5,40.09000015258789,38.33000183105469,39.7599983215332,9977611,14.760387420654297
2009-08-24,39.869998931884766,40.36000061035156,39.564998626708984,40.09000015258789,4759279,14.882899284362793
2009-08-25,39.625,40.54999923706055,39.61000061035156,40.38999938964844,5097744,14.994268417358398
2009-08-26,40.07500076293945,40.29499053955078,39.81999969482422,40.029998779296875,5362895,14.860621452331543
2009-08-27,39.834999084472656,40.47999954223633,39.81999969482422,40.20000076293945,5808388,14.923730850219727
2009-08-28,40.29999923706055,40.63999938964844,40.029998779296875,40.310001373291016,5794673,14.964573860168457
2009-08-31,40.220001220703125,40.38999938964844,39.75,39.970001220703125,4765537,14.838346481323242
2009-09-01,40.19499969482422,40.404998779296875,39.130001068115234,39.25,7029104,14.57105541229248
2009-09-02,39.25,39.97999954223633,38.90999984741211,39.880001068115234,7616446,14.804939270019531
2009-09-03,39.79999923706055,39.880001068115234,39.09000015258789,39.47499084472656,5488927,14.654581069946289
2009-09-04,39.84000015258789,40.290000915527344,39.53499984741211,40.209999084472656,6801520,14.927448272705078
2009-09-07,40.16999816894531,40.36000061035156,39.95000076293945,40.220001220703125,5175117,14.931158065795898
2009-09-08,40.220001220703125,40.904998779296875,39.92499923706055,40.814998626708984,7672827,15.152037620544434
2009-09-09,40.650001525878906,41.7400016784668,40.54999923706055,41.69499969482422,9043284,15.478728294372559
2009-09-10,41.72499084472656,41.97999954223633,41.3650016784668,41.75,5957949,15.499146461486816
2009-09-11,41.744998931884766,42.0,41.41999816894531,41.78499984741211,4746576,15.512145042419434
2009-09-14,41.15999984741211,41.64500045776367,41.05500030517578,41.64500045776367,4839954,15.460166931152344
2009-09-15,41.52000045776367,41.939998626708984,41.25,41.6150016784668,5193643,15.449030876159668
2009-09-16,41.88999938964844,41.92499923706055,41.209999084472656,41.5,7929395,15.406338691711426
2009-09-17,42.0,42.029998779296875,41.5099983215332,41.654998779296875,8861310,15.463887214660645
2009-09-18,41.29999923706055,41.97999954223633,41.25,41.64500045776367,20652185,15.460166931152344
2009-09-21,41.5,41.814998626708984,41.29999923706055,41.685001373291016,5261376,15.475019454956055
2009-09-22,41.849998474121094,42.45000076293945,41.79999923706055,42.06999969482422,7444065,15.617942810058594
2009-09-23,41.92499923706055,42.25,41.119998931884766,41.494998931884766,6509144,15.404488563537598
2009-09-24,41.29999923706055,41.47499084472656,40.0,40.099998474121094,10319286,14.886608123779297
2009-09-25,39.970001220703125,40.404998779296875,39.845001220703125,39.970001220703125,7761853,14.838346481323242
2009-09-28,39.83000183105469,40.93000030517578,39.5,40.869998931884766,6422640,15.172457695007324
2009-09-29,40.900001525878906,41.029998779296875,40.22499084472656,40.76499938964844,7676677,15.133477210998535
2009-09-30,40.63499069213867,41.1150016784668,40.15999984741211,40.60499954223633,7415975,15.07408332824707
2009-10-01,40.63499069213867,40.869998931884766,39.90999984741211,39.93000030517578,6412061,14.823498725891113
2009-10-02,39.69499969482422,39.779998779296875,39.13999938964844,39.31999969482422,6681914,14.597049713134766
2009-10-05,39.31999969482422,39.564998626708984,39.005001068115234,39.150001525878906,7905813,14.533937454223633
2009-10-06,39.25,40.400001525878906,39.150001525878906,40.28499984741211,9644416,14.955281257629395
2009-10-07,40.16999816894531,40.459999084472656,39.80500030517578,39.959999084472656,5734313,14.834635734558105
2009-10-08,40.404998779296875,40.5,39.834999084472656,40.130001068115234,6497457,14.897746086120605
2009-10-09,40.084999084472656,40.55500030517578,39.959999084472656,40.33000183105469,5442777,14.971990585327148
2009-10-12,40.599998474121094,41.154998779296875,40.39500045776367,40.9900016784668,5757849,15.21701431274414
2009-10-13,41.064998626708984,41.29999923706055,40.599998474121094,40.720001220703125,5142762,15.116775512695312
2009-10-14,41.40999984741211,42.0099983215332,41.22499084472656,41.91999816894531,8473953,15.562253952026367
2009-10-15,41.91999816894531,42.029998779296875,41.599998474121094,41.8650016784668,7729458,15.541838645935059
2009-10-16,42.380001068115234,43.11000061035156,42.05500030517578,42.150001525878906,12429212,15.647643089294434
2009-10-19,42.150001525878906,42.900001525878906,42.150001525878906,42.709999084472656,6996824,15.855541229248047
2009-10-20,43.0,43.0,42.41999816894531,42.595001220703125,6085299,15.812848091125488
2009-10-21,42.70000076293945,42.994998931884766,41.915000915527344,42.81999969482422,7384065,15.896376609802246
2009-10-22,42.459999084472656,42.68000030517578,41.94499969482422,42.494998931884766,6068053,15.775715827941895
2009-10-23,42.790000915527344,43.099998474121094,42.040000915527344,42.33000183105469,7667670,15.71446418762207
2009-10-26,42.525001525878906,42.97499084472656,41.75,41.86000061035156,6669428,15.539984703063965
2009-10-27,42.11000061035156,43.0,41.95000076293945,42.599998474121094,8160777,15.814702987670898
2009-10-28,42.529998779296875,42.560001373291016,41.790000915527344,41.94499969482422,7672034,15.571542739868164
2009-10-29,41.650001525878906,42.13999938964844,40.95000076293945,42.0,7441516,15.591958045959473
2009-10-30,41.72499084472656,41.94499969482422,40.540000915527344,40.63499069213867,8850432,15.085223197937012
2009-11-02,40.650001525878906,41.59000015258789,40.5,41.150001525878906,6429045,15.276405334472656
2009-11-03,40.95000076293945,41.189998626708984,40.5,40.95500183105469,6220750,15.204017639160156
2009-11-04,41.0,41.810001373291016,40.54999923706055,41.63499069213867,7671195,15.45645523071289
2009-11-05,41.11000061035156,42.400001525878906,40.935001373291016,42.13999938964844,6449607,15.643933296203613
2009-11-06,41.90999984741211,42.209999084472656,41.380001068115234,42.01499938964844,5797482,15.597524642944336
2009-11-09,42.35499954223633,43.0,42.26499938964844,42.90999984741211,6947215,15.92978286743164
2009-11-10,43.0,43.125,42.619998931884766,42.92499923706055,5656481,15.935352325439453
2009-11-11,43.22999954223633,43.4900016784668,42.9900016784668,43.189998626708984,6204217,16.033735275268555
2009-11-12,43.03499984741211,43.494998931884766,42.68000030517578,42.994998931884766,5643267,15.96133804321289
2009-11-13,41.79999923706055,42.244998931884766,41.55500030517578,42.165000915527344,6264417,16.079559326171875
2009-11-16,42.3650016784668,42.95500183105469,42.244998931884766,42.84000015258789,5751559,16.336965560913086
2009-11-17,42.25,42.834999084472656,42.20000076293945,42.599998474121094,4851580,16.245441436767578
2009-11-18,42.9900016784668,43.029998779296875,42.47499084472656,42.4900016784668,5016825,16.203493118286133
2009-11-19,42.36000061035156,42.63499069213867,41.915000915527344,42.025001525878906,5553419,16.02617645263672
2009-11-20,42.08000183105469,42.369998931884766,41.27000045776367,41.44499969482422,7658356,15.804983139038086
2009-11-23,41.650001525878906,42.869998931884766,41.60499954223633,42.70000076293945,5237189,16.283580780029297
2009-11-24,42.16999816894531,42.709999084472656,41.95500183105469,42.564998626708984,4744911,16.232097625732422
2009-11-25,42.775001525878906,43.0,42.33000183105469,42.60499954223633,4110719,16.247346878051758
2009-11-26,42.39500045776367,42.39500045776367,41.435001373291016,41.564998626708984,5129647,15.850749969482422
2009-11-27,40.619998931884766,42.31999969482422,40.599998474121094,41.8650016784668,5834804,15.9651517868042
2009-11-30,42.11000061035156,42.13999938964844,41.209999084472656,41.209999084472656,6901913,15.715368270874023
2009-12-01,41.54999923706055,42.33000183105469,41.5,42.220001220703125,4949441,16.100528717041016
2009-12-02,42.11000061035156,42.744998931884766,42.04999923706055,42.38999938964844,4123750,16.165359497070312
2009-12-03,42.75,43.0,42.5099983215332,42.650001525878906,10354982,16.264509201049805
2009-12-04,42.380001068115234,43.564998626708984,42.20500183105469,43.165000915527344,7058486,16.460914611816406
2009-12-07,43.0099983215332,43.34000015258789,42.564998626708984,43.1150016784668,4327141,16.441843032836914
2009-12-08,43.07500076293945,43.17499923706055,42.19499969482422,42.5099983215332,6242680,16.211122512817383
2009-12-09,42.44499969482422,42.720001220703125,42.0,42.33000183105469,5217591,16.14248275756836
2009-12-10,42.18000030517578,42.96500015258789,42.060001373291016,42.779998779296875,5631885,16.314088821411133
2009-12-11,42.70500183105469,43.29999923706055,42.619998931884766,43.025001525878906,6223421,16.40751838684082
2009-12-14,43.33000183105469,43.36000061035156,42.900001525878906,43.27000045776367,4917251,16.500951766967773
2009-12-15,43.099998474121094,43.654998779296875,42.834999084472656,43.48500061035156,5679228,16.58294105529785
2009-12-16,43.415000915527344,43.91999816894531,43.27000045776367,43.91999816894531,5794707,16.748825073242188
2009-12-17,43.5,43.650001525878906,43.05500030517578,43.310001373291016,10124036,16.516206741333008
2009-12-18,43.15999984741211,43.880001068115234,42.52000045776367,42.52000045776367,12737364,16.214935302734375
2009-12-21,42.744998931884766,43.994998931884766,42.63499069213867,43.849998474121094,5859940,16.722131729125977
2009-12-22,43.95000076293945,44.994998931884766,43.935001373291016,44.61000061035156,6367839,17.01195526123047
2009-12-23,44.94499969482422,45.0,44.685001373291016,44.880001068115234,3831207,17.11492347717285
2009-12-24,44.95500183105469,45.29999923706055,44.91999816894531,45.0,1206670,17.160675048828125
2009-12-28,45.28499984741211,45.529998779296875,45.25,45.369998931884766,2569815,17.301780700683594
2009-12-29,45.5,45.78499984741211,45.345001220703125,45.40999984741211,3389138,17.31703758239746
2009-12-30,45.23500061035156,45.400001525878906,44.869998931884766,45.025001525878906,2722047,17.170215606689453
2009-12-31,45.28499984741211,45.400001525878906,45.005001068115234,45.005001068115234,1148425,17.162586212158203
2010-01-04,45.369998931884766,45.880001068115234,45.2599983215332,45.79499053955078,5255369,17.46384620666504
2010-01-05,45.7599983215332,46.0,45.44499969482422,45.849998474121094,9758572,17.484827041625977
2010-01-06,45.67499923706055,46.14500045776367,45.529998779296875,45.880001068115234,4721098,17.49627113342285
2010-01-07,45.76499938964844,46.064998626708984,45.529998779296875,45.959999084472656,4265108,17.526769638061523
2010-01-08,46.0099983215332,46.13999938964844,45.54999923706055,46.0099983215332,4626382,17.545848846435547
2010-01-11,46.189998626708984,46.73500061035156,46.13999938964844,46.2599983215332,5020707,17.641183853149414
2010-01-12,46.130001068115234,46.220001220703125,45.29999923706055,45.650001525878906,6145662,17.408559799194336
2010-01-13,45.63999938964844,45.70000076293945,44.900001525878906,45.154998779296875,6540221,17.219789505004883
2010-01-14,45.54999923706055,45.599998474121094,44.56999969482422,44.869998931884766,6024440,17.11110496520996
2010-01-15,45.0,45.03499984741211,43.80500030517578,43.80500030517578,10393180,16.704967498779297
2010-01-18,44.084999084472656,44.665000915527344,44.03499984741211,44.540000915527344,3403397,16.985261917114258
2010-01-19,44.599998474121094,45.310001373291016,44.27000045776367,45.060001373291016,5606988,17.18355369567871
2010-01-20,44.959999084472656,45.380001068115234,44.189998626708984,44.38999938964844,5858512,16.92805290222168
2010-01-21,44.650001525878906,45.165000915527344,43.81999969482422,43.849998474121094,6328808,16.722131729125977
2010-01-22,43.5,43.834999084472656,42.915000915527344,43.20500183105469,6440082,16.47615623474121
2010-01-25,42.810001373291016,43.33000183105469,42.599998474121094,42.7400016784668,5894241,16.298831939697266
2010-01-26,42.345001220703125,42.96500015258789,42.154998779296875,42.88499069213867,6908671,16.354127883911133
2010-01-27,42.36000061035156,42.81999969482422,42.0099983215332,42.310001373291016,7476841,16.134855270385742
2010-01-28,42.89500045776367,42.915000915527344,41.21500015258789,41.21500015258789,8276835,15.71728515625
2010-01-29,41.70000076293945,42.5099983215332,41.56999969482422,42.04999923706055,7733803,16.03570556640625
2010-02-01,41.689998626708984,42.42499923706055,41.45000076293945,42.19499969482422,5717503,16.090999603271484
2010-02-02,42.19499969482422,42.55500030517578,41.52000045776367,42.45000076293945,8531488,16.18824005126953
2010-02-03,42.5,42.77000045776367,42.2400016784668,42.34000015258789,5711112,16.14630126953125
2010-02-04,42.2599983215332,42.40999984741211,41.54999923706055,41.56999969482422,7310050,15.852653503417969
2010-02-05,41.400001525878906,41.564998626708984,40.130001068115234,40.130001068115234,13653747,15.30351734161377
2010-02-08,40.709999084472656,41.0,40.04999923706055,40.88999938964844,7206580,15.593338966369629
2010-02-09,40.61000061035156,40.73500061035156,40.150001525878906,40.529998779296875,7817618,15.456052780151367
2010-02-10,40.880001068115234,41.380001068115234,40.64500045776367,40.91999816894531,8745859,15.604780197143555
2010-02-11,41.88999938964844,42.2599983215332,41.125,41.54499053955078,10466203,15.843124389648438
2010-02-12,41.98500061035156,42.41999816894531,41.46500015258789,41.625,7125154,15.873626708984375
2010-02-15,41.88999938964844,42.189998626708984,41.625,41.70500183105469,3297264,15.904135704040527
2010-02-16,42.16999816894531,42.5099983215332,41.56999969482422,42.5099983215332,5698486,16.211122512817383
2010-02-17,42.7599983215332,42.96500015258789,42.5,42.630001068115234,6854392,16.256885528564453
2010-02-18,42.599998474121094,43.040000915527344,42.2599983215332,43.0,4839048,16.39798927307129
2010-02-19,42.7599983215332,42.9900016784668,42.334999084472656,42.9900016784668,6160529,16.394168853759766
2010-02-22,42.9900016784668,43.165000915527344,42.560001373291016,42.67499923706055,4277810,16.274045944213867
2010-02-23,43.0,43.150001525878906,41.744998931884766,41.97999954223633,6503190,16.009004592895508
2010-02-24,41.98500061035156,42.189998626708984,41.435001373291016,41.79499053955078,5995260,15.938457489013672
2010-02-25,41.40999984741211,41.59000015258789,40.349998474121094,40.44499969482422,8670741,15.423638343811035
2010-02-26,40.84000015258789,40.97999954223633,40.2599983215332,40.97999954223633,7382331,15.627655982971191
2010-03-01,40.92499923706055,41.5,40.900001525878906,41.36000061035156,5300718,15.772576332092285
2010-03-02,41.540000915527344,41.65999984741211,41.150001525878906,41.61000061035156,4453873,15.867904663085938
2010-03-03,41.68000030517578,42.13999938964844,41.31999969482422,41.7599983215332,4969070,15.925108909606934
2010-03-04,41.40999984741211,41.810001373291016,41.349998474121094,41.54999923706055,5559140,15.845029830932617
2010-03-05,41.61000061035156,42.52000045776367,41.52000045776367,42.40999984741211,6794107,16.172988891601562
2010-03-08,42.69499969482422,42.69499969482422,42.25,42.2599983215332,5023316,16.11578941345215
2010-03-09,42.42499923706055,42.59000015258789,42.220001220703125,42.525001525878906,6091472,16.216842651367188
2010-03-10,42.650001525878906,43.189998626708984,42.599998474121094,42.93000030517578,6378601,16.371288299560547
2010-03-11,42.61000061035156,42.98500061035156,42.54999923706055,42.92499923706055,4261286,16.36937713623047
2010-03-12,42.869998931884766,43.165000915527344,42.59000015258789,42.70000076293945,6457677,16.283580780029297
2010-03-15,42.41999816894531,42.7400016784668,42.20000076293945,42.349998474121094,4605586,16.150110244750977
2010-03-16,42.630001068115234,42.834999084472656,42.45500183105469,42.6150016784668,5083333,16.25116729736328
2010-03-17,42.650001525878906,42.939998626708984,42.435001373291016,42.80500030517578,5185850,16.323617935180664
2010-03-18,42.209999084472656,42.72499084472656,42.04999923706055,42.560001373291016,6692334,16.230188369750977
2010-03-19,42.76499938964844,42.994998931884766,42.02000045776367,42.34000015258789,11389078,16.14630126953125
2010-03-22,42.209999084472656,42.45000076293945,41.80500030517578,42.38499069213867,5502585,16.163454055786133
2010-03-23,42.45000076293945,42.69499969482422,42.255001068115234,42.4900016784668,3850208,16.203493118286133
2010-03-24,42.369998931884766,42.599998474121094,42.0099983215332,42.435001373291016,6065430,16.18252182006836
2010-03-25,42.47499084472656,42.834999084472656,42.47499084472656,42.67499923706055,5216500,16.274045944213867
2010-03-26,42.540000915527344,42.8650016784668,42.5099983215332,42.7599983215332,4901458,16.306461334228516
2010-03-29,42.79999923706055,42.95000076293945,42.17499923706055,42.70500183105469,5107736,16.285486221313477
2010-03-30,42.845001220703125,43.25,42.779998779296875,42.880001068115234,6006671,16.352224349975586
2010-03-31,42.79999923706055,43.19499969482422,42.6150016784668,42.97999954223633,7096240,16.390356063842773
2010-04-01,43.2599983215332,43.775001525878906,43.209999084472656,43.63999938964844,6676940,16.64204978942871
2010-04-06,44.15999984741211,44.595001220703125,44.07500076293945,44.380001068115234,7461436,16.924243927001953
2010-04-07,44.5,44.625,43.900001525878906,43.90999984741211,5823678,16.745006561279297
2010-04-08,43.599998474121094,43.7400016784668,43.369998931884766,43.59000015258789,5650436,16.622982025146484
2010-04-09,44.0,44.38499069213867,43.939998626708984,44.369998931884766,4980276,16.920427322387695
2010-04-12,44.5,44.625,43.599998474121094,43.97999954223633,6265211,16.771697998046875
2010-04-13,43.775001525878906,44.040000915527344,43.30500030517578,43.494998931884766,5801654,16.586753845214844
2010-04-14,43.75,43.915000915527344,43.39500045776367,43.505001068115234,6038217,16.59056854248047
2010-04-15,44.0,44.07500076293945,43.630001068115234,43.72999954223633,6471249,16.676362991333008
2010-04-16,43.45500183105469,44.06999969482422,42.7599983215332,42.98500061035156,10927599,16.39226722717285
2010-04-19,42.900001525878906,43.10499954223633,42.529998779296875,42.875,5788500,16.350318908691406
2010-04-20,43.3650016784668,43.900001525878906,43.220001220703125,43.7400016784668,6725514,16.680187225341797
2010-04-21,44.0099983215332,44.060001373291016,43.04499053955078,43.165000915527344,6101401,16.460914611816406
2010-04-22,43.165000915527344,43.54499053955078,42.31999969482422,42.42499923706055,9069777,16.1787052154541
2010-04-23,42.244998931884766,42.900001525878906,42.20000076293945,42.61000061035156,6531077,16.249256134033203
2010-04-26,43.099998474121094,43.45000076293945,42.61000061035156,42.68000030517578,7440053,16.27595329284668
2010-04-27,42.849998474121094,43.099998474121094,41.55500030517578,41.55500030517578,9426633,15.846936225891113
2010-04-28,41.5099983215332,42.064998626708984,41.040000915527344,41.25,12581513,15.730622291564941
2010-04-29,41.380001068115234,42.36000061035156,40.91999816894531,42.040000915527344,10427795,16.031890869140625
2010-04-30,41.40999984741211,41.85499954223633,40.5,40.970001220703125,17462812,15.623846054077148
2010-05-03,40.88999938964844,41.30500030517578,40.439998626708984,41.15999984741211,6818640,15.696298599243164
2010-05-04,41.02000045776367,41.099998474121094,39.36000061035156,39.52000045776367,15865646,15.070894241333008
2010-05-05,39.56999969482422,40.1150016784668,39.0099983215332,39.470001220703125,13686302,15.05182933807373
2010-05-06,39.099998474121094,39.66999816894531,38.54999923706055,38.69499969482422,14970119,14.756272315979004
2010-05-07,38.0,38.89500045776367,36.5,38.69499969482422,22470001,14.756272315979004
2010-05-10,39.45000076293945,40.22999954223633,38.685001373291016,40.22999954223633,21851308,15.341646194458008
2010-05-11,39.56999969482422,40.07500076293945,39.02000045776367,39.935001373291016,10797563,15.22914981842041
2010-05-12,39.599998474121094,40.2599983215332,39.04999923706055,40.084999084472656,11659014,15.28635025024414
2010-05-13,40.685001373291016,40.685001373291016,39.66999816894531,40.099998474121094,6700840,15.292072296142578
2010-05-14,39.97999954223633,39.97999954223633,38.185001373291016,38.42499923706055,10801845,14.65331745147705
2010-05-17,38.3650016784668,39.005001068115234,38.15999984741211,38.5099983215332,7468955,14.685735702514648
2010-05-18,39.11000061035156,39.595001220703125,38.685001373291016,39.29999923706055,7376525,14.986993789672852
2010-05-19,38.599998474121094,38.98500061035156,37.97499084472656,38.349998474121094,9747951,14.624713897705078
2010-05-20,38.400001525878906,39.06999969482422,36.94499969482422,37.71500015258789,13427090,14.382556915283203
2010-05-21,37.47499084472656,37.939998626708984,36.65999984741211,37.599998474121094,12886574,14.338698387145996
2010-05-24,37.755001068115234,38.064998626708984,37.404998779296875,37.540000915527344,6021385,14.315823554992676
2010-05-25,36.5,37.1150016784668,36.209999084472656,37.04999923706055,12340913,14.1289644241333
2010-05-26,37.790000915527344,38.22999954223633,37.375,37.595001220703125,11704607,14.336793899536133
2010-05-27,37.209999084472656,38.54499053955078,36.91999816894531,38.310001373291016,14407190,15.066314697265625
2010-05-28,38.310001373291016,38.599998474121094,37.90999984741211,38.13499069213867,7292625,14.997489929199219
2010-05-31,38.04499053955078,38.27000045776367,37.654998779296875,37.72999954223633,4212148,14.838217735290527
2010-06-01,37.599998474121094,38.130001068115234,36.869998931884766,37.95500183105469,9137359,14.926706314086914
2010-06-02,37.6150016784668,38.040000915527344,36.970001220703125,37.8650016784668,7998211,14.891312599182129
2010-06-03,38.900001525878906,39.41999816894531,38.755001068115234,39.029998779296875,10357276,15.349472045898438
2010-06-04,39.38999938964844,39.709999084472656,38.005001068115234,38.185001373291016,12305310,15.017159461975098
2010-06-07,37.529998779296875,38.2400016784668,37.5099983215332,37.96500015258789,7189543,14.930644035339355
2010-06-08,38.09000015258789,38.09000015258789,36.91999816894531,37.65999984741211,7541200,14.81069278717041
2010-06-09,38.060001373291016,38.15999984741211,37.150001525878906,38.11000061035156,7290530,14.987666130065918
2010-06-10,37.63999938964844,38.439998626708984,37.41999816894531,38.26499938964844,8531729,15.048620223999023
2010-06-11,38.415000915527344,38.869998931884766,37.94499969482422,38.70000076293945,7889412,15.21969985961914
2010-06-14,38.79999923706055,39.76499938964844,38.79999923706055,39.59000015258789,8310677,15.569710731506348
2010-06-15,39.05500030517578,40.13499069213867,39.04999923706055,39.869998931884766,6396374,15.679827690124512
2010-06-16,40.13499069213867,40.47499084472656,39.915000915527344,40.35499954223633,9255487,15.870558738708496
2010-06-17,40.45500183105469,40.93000030517578,40.209999084472656,40.45500183105469,8533234,15.909889221191406
2010-06-18,40.39500045776367,40.744998931884766,39.83000183105469,40.185001373291016,12209826,15.803706169128418
2010-06-21,40.994998931884766,41.0,40.584999084472656,40.72499084472656,5376366,16.01606559753418
2010-06-22,40.69499969482422,40.89500045776367,39.790000915527344,40.06999969482422,7691616,15.758478164672852
2010-06-23,39.564998626708984,39.93000030517578,39.04499053955078,39.244998931884766,7126781,15.434027671813965
2010-06-24,39.619998931884766,39.619998931884766,38.125,38.435001373291016,6995330,15.115480422973633
2010-06-25,38.150001525878906,38.4900016784668,37.665000915527344,37.880001068115234,7295344,14.897204399108887
2010-06-28,38.005001068115234,38.130001068115234,37.59000015258789,38.130001068115234,5280464,14.995534896850586
2010-06-29,37.505001068115234,37.69499969482422,36.650001525878906,36.7599983215332,9033611,14.456748008728027
2010-06-30,36.86000061035156,37.119998931884766,36.47999954223633,36.96500015258789,8315935,14.537365913391113
2010-07-01,36.5,36.665000915527344,35.654998779296875,35.880001068115234,10393546,14.110664367675781
2010-07-02,36.244998931884766,36.59000015258789,35.880001068115234,36.189998626708984,6534861,14.232575416564941
2010-07-05,36.39500045776367,36.45000076293945,36.0099983215332,36.0099983215332,4146577,14.161789894104004
2010-07-06,36.29499053955078,37.095001220703125,36.21500015258789,36.63999938964844,7647919,14.409553527832031
2010-07-07,36.26499938964844,37.2599983215332,35.915000915527344,37.209999084472656,7561465,14.633715629577637
2010-07-08,37.70000076293945,38.33000183105469,37.435001373291016,38.040000915527344,7934709,14.960135459899902
2010-07-09,38.415000915527344,38.6150016784668,38.20500183105469,38.29499053955078,5159553,15.060412406921387
2010-07-12,38.44499969482422,38.73500061035156,38.06999969482422,38.400001525878906,4318371,15.101712226867676
2010-07-13,38.525001525878906,39.22999954223633,38.400001525878906,39.10499954223633,5721369,15.378969192504883
2010-07-14,39.275001525878906,39.290000915527344,38.665000915527344,39.02000045776367,4796107,15.345540046691895
2010-07-15,39.0099983215332,39.64500045776367,38.52000045776367,38.76499938964844,6865381,15.245259284973145
2010-07-16,38.94499969482422,39.25,37.88999938964844,38.04499053955078,8405882,14.9620943069458
2010-07-19,37.904998779296875,38.29999923706055,37.625,37.77000045776367,5256074,14.853950500488281
2010-07-20,38.125,38.130001068115234,36.86000061035156,37.72999954223633,4706456,14.838217735290527
2010-07-21,38.16999816894531,38.529998779296875,37.279998779296875,37.459999084472656,8806284,14.732034683227539
2010-07-22,37.189998626708984,38.119998931884766,37.11000061035156,38.040000915527344,6787593,14.960135459899902
2010-07-23,38.029998779296875,38.415000915527344,37.73500061035156,38.13999938964844,4945578,14.99946117401123
2010-07-26,38.314998626708984,38.345001220703125,37.71500015258789,38.29999923706055,4270160,15.062385559082031
2010-07-27,38.47499084472656,38.84000015258789,38.185001373291016,38.39500045776367,5199772,15.09974479675293
2010-07-28,38.415000915527344,38.90999984741211,38.255001068115234,38.55500030517578,5009297,15.162666320800781
2010-07-29,38.720001220703125,39.27000045776367,38.349998474121094,38.349998474121094,5989392,15.082048416137695
2010-07-30,39.0,39.21500015258789,38.470001220703125,38.709999084472656,7976299,15.223628997802734
2010-08-02,39.13999938964844,40.084999084472656,38.904998779296875,39.90999984741211,6428871,15.695550918579102
2010-08-03,39.85499954223633,39.95500183105469,39.459999084472656,39.88999938964844,4572487,15.687695503234863
2010-08-04,39.71500015258789,40.55500030517578,39.400001525878906,40.25,5745183,15.82927417755127
2010-08-05,40.43000030517578,41.0,40.29999923706055,40.54499053955078,6332887,15.945281028747559
2010-08-06,40.625,41.0,39.68000030517578,40.0099983215332,6942894,15.734880447387695
2010-08-09,40.54999923706055,40.98500061035156,40.45000076293945,40.810001373291016,4294476,16.049510955810547
2010-08-10,40.79999923706055,40.79999923706055,39.75,40.119998931884766,5465330,15.7781400680542
2010-08-11,39.779998779296875,40.0,38.85499954223633,39.060001373291016,6377805,15.361268997192383
2010-08-12,38.89500045776367,39.400001525878906,38.599998474121094,39.06999969482422,5114762,15.365208625793457
2010-08-13,39.400001525878906,39.564998626708984,38.564998626708984,39.029998779296875,4299320,15.349472045898438
2010-08-16,39.20500183105469,39.22999954223633,38.45000076293945,38.79499053955078,3573186,15.257050514221191
2010-08-17,38.93000030517578,39.369998931884766,38.79999923706055,39.35499954223633,3655762,15.477285385131836
2010-08-18,39.209999084472656,39.209999084472656,38.68000030517578,39.0099983215332,4125571,15.341612815856934
2010-08-19,39.275001525878906,39.38499069213867,38.025001525878906,38.07500076293945,5681443,14.97390079498291
2010-08-20,38.1150016784668,38.47999954223633,37.560001373291016,37.77000045776367,6184838,14.853950500488281
2010-08-23,37.935001373291016,38.39500045776367,37.63999938964844,38.025001525878906,4186776,14.954239845275879
2010-08-24,37.744998931884766,37.875,36.95000076293945,37.400001525878906,5931180,14.708436012268066
2010-08-25,37.400001525878906,37.505001068115234,36.53499984741211,36.97499084472656,5795738,14.54129409790039
2010-08-26,37.165000915527344,37.29999923706055,36.75,36.994998931884766,4760463,14.54915714263916
2010-08-27,36.88999938964844,37.25,36.45000076293945,37.064998626708984,5250792,14.576696395874023
2010-08-30,37.209999084472656,37.34000015258789,36.65999984741211,36.75,5112662,14.452811241149902
2010-08-31,36.275001525878906,36.904998779296875,36.22499084472656,36.869998931884766,6827549,14.500005722045898
2010-09-01,37.0,38.209999084472656,36.77000045776367,38.14500045776367,7452658,15.001424789428711
2010-09-02,38.1150016784668,38.435001373291016,37.75,38.18000030517578,5040897,15.0151948928833
2010-09-03,38.40999984741211,39.20500183105469,38.30500030517578,38.790000915527344,5895632,15.255094528198242
2010-09-06,39.095001220703125,39.185001373291016,38.814998626708984,38.88999938964844,2765993,15.29442024230957
2010-09-07,38.75,38.85499954223633,38.099998474121094,38.29999923706055,5100785,15.062385559082031
2010-09-08,38.314998626708984,38.83000183105469,38.060001373291016,38.654998779296875,5438173,15.201994895935059
2010-09-09,38.58000183105469,39.095001220703125,38.35499954223633,39.09000015258789,5391878,15.37307071685791
2010-09-10,39.0,39.10499954223633,38.60499954223633,39.005001068115234,4256121,15.339639663696289
2010-09-13,39.5,39.564998626708984,39.099998474121094,39.35499954223633,4712533,15.477285385131836
2010-09-14,39.29499053955078,39.650001525878906,39.08000183105469,39.42499923706055,5407755,15.5048246383667
2010-09-15,39.560001373291016,39.66999816894531,38.76499938964844,38.78499984741211,6756761,15.253125190734863
2010-09-16,38.88999938964844,39.040000915527344,38.51499938964844,38.63999938964844,6210320,15.196101188659668
2010-09-17,38.9900016784668,39.20500183105469,37.849998474121094,37.85499954223633,16363604,14.887374877929688
2010-09-20,38.099998474121094,39.060001373291016,38.099998474121094,38.904998779296875,7512088,15.300317764282227
2010-09-21,38.70000076293945,39.13499069213867,38.57500076293945,38.57500076293945,6624141,15.170536994934082
2010-09-22,38.68000030517578,38.709999084472656,37.779998779296875,37.845001220703125,7569941,14.88344955444336
2010-09-23,38.1150016784668,38.13999938964844,37.22999954223633,37.77000045776367,4879972,14.853950500488281
2010-09-24,37.494998931884766,38.099998474121094,37.26499938964844,38.040000915527344,6040554,14.960135459899902
2010-09-27,38.29499053955078,38.349998474121094,37.96500015258789,38.0,3771454,14.944404602050781
2010-09-28,38.0,38.23500061035156,37.47999954223633,38.0,5665700,14.944404602050781
2010-09-29,38.349998474121094,38.4900016784668,37.72999954223633,37.95000076293945,5825034,14.924741744995117
2010-09-30,37.92499923706055,38.529998779296875,37.53499984741211,37.80500030517578,7948729,14.867711067199707
2010-10-01,38.01499938964844,38.7599983215332,37.94499969482422,38.07500076293945,8401878,14.97390079498291
2010-10-04,38.119998931884766,38.2400016784668,37.52000045776367,37.529998779296875,5623176,14.759565353393555
2010-10-05,37.64500045776367,38.564998626708984,37.529998779296875,38.31999969482422,6308876,15.07025146484375
2010-10-06,38.54499053955078,38.98500061035156,38.45000076293945,38.685001373291016,6895790,15.21379566192627
2010-10-07,38.53499984741211,38.97499084472656,38.25,38.5099983215332,5682071,15.144972801208496
2010-10-08,38.525001525878906,38.630001068115234,38.125,38.459999084472656,5559341,15.125301361083984
2010-10-11,38.564998626708984,38.7599983215332,38.29999923706055,38.404998779296875,3731656,15.103675842285156
2010-10-12,38.14500045776367,38.16999816894531,37.54999923706055,37.994998931884766,7077721,14.942436218261719
2010-10-13,38.20000076293945,39.0,38.099998474121094,38.900001525878906,6586566,15.298356056213379
2010-10-14,38.849998474121094,39.23500061035156,38.685001373291016,38.904998779296875,5748081,15.300317764282227
2010-10-15,39.189998626708984,39.5,39.0099983215332,39.189998626708984,8520723,15.412399291992188
2010-10-18,38.97499084472656,39.720001220703125,38.93000030517578,39.529998779296875,4710572,15.546113014221191
2010-10-19,39.45000076293945,39.5,38.689998626708984,38.8650016784668,7059534,15.284584999084473
2010-10-20,38.78499984741211,39.209999084472656,38.650001525878906,39.040000915527344,4726735,15.353413581848145
2010-10-21,38.70500183105469,39.334999084472656,38.70000076293945,39.13499069213867,5289661,15.390767097473145
2010-10-22,39.040000915527344,39.404998779296875,38.93000030517578,39.16999816894531,3702641,15.40452766418457
2010-10-25,39.4900016784668,39.4900016784668,38.81999969482422,39.04999923706055,4447961,15.357335090637207
2010-10-26,38.970001220703125,39.13499069213867,38.709999084472656,39.125,4898022,15.3868408203125
2010-10-27,39.0,39.15999984741211,38.5,38.599998474121094,5565936,15.180364608764648
2010-10-28,38.91999816894531,39.400001525878906,38.79999923706055,39.060001373291016,5599763,15.361268997192383
2010-10-29,38.81999969482422,39.290000915527344,38.564998626708984,39.04499053955078,6130435,15.355372428894043
2010-11-01,39.540000915527344,39.54999923706055,38.82500076293945,39.25,4953884,15.435994148254395
2010-11-02,39.17499923706055,39.994998931884766,39.099998474121094,39.849998474121094,6996917,15.671960830688477
2010-11-03,39.834999084472656,40.36000061035156,39.415000915527344,39.57500076293945,5821671,15.56381893157959
2010-11-04,39.95500183105469,40.79499053955078,39.8650016784668,40.619998931884766,9844390,15.974781036376953
2010-11-05,40.564998626708984,40.880001068115234,40.13999938964844,40.584999084472656,5943337,15.96101188659668
2010-11-08,40.564998626708984,40.66999816894531,40.275001525878906,40.45500183105469,5478914,15.909889221191406
2010-11-09,40.5,41.275001525878906,40.36000061035156,41.125,6561445,16.173385620117188
2010-11-10,40.97499084472656,41.04999923706055,40.529998779296875,40.75,6937592,16.025907516479492
2010-11-11,40.89500045776367,41.0,40.54999923706055,40.834999084472656,6519630,16.05933952331543
2010-11-12,39.29999923706055,39.720001220703125,38.900001525878906,39.470001220703125,8720349,15.968306541442871
2010-11-15,39.290000915527344,39.994998931884766,39.06999969482422,39.77000045776367,5433093,16.089670181274414
2010-11-16,39.5,39.53499984741211,38.35499954223633,38.45000076293945,9190833,15.555644989013672
2010-11-17,38.23500061035156,38.79499053955078,38.150001525878906,38.595001220703125,5939878,15.614310264587402
2010-11-18,38.85499954223633,39.14500045776367,38.78499984741211,39.02000045776367,6342693,15.786246299743652
2010-11-19,39.02000045776367,39.099998474121094,38.33000183105469,38.790000915527344,5958373,15.69320297241211
2010-11-22,39.189998626708984,39.189998626708984,38.30500030517578,38.39500045776367,5228633,15.533403396606445
2010-11-23,38.189998626708984,38.53499984741211,37.76499938964844,37.77000045776367,6733133,15.280539512634277
2010-11-24,38.064998626708984,38.21500015258789,37.540000915527344,37.92499923706055,6565529,15.34325122833252
2010-11-25,37.96500015258789,38.084999084472656,37.599998474121094,37.970001220703125,4255130,15.36146354675293
2010-11-26,37.599998474121094,38.05500030517578,37.26499938964844,37.73500061035156,6665782,15.26638126373291
2010-11-29,37.915000915527344,38.334999084472656,37.099998474121094,37.099998474121094,8036291,15.009481430053711
2010-11-30,37.349998474121094,37.61000061035156,36.90999984741211,37.314998626708984,9695185,15.096456527709961
2010-12-01,37.599998474121094,37.834999084472656,37.29999923706055,37.619998931884766,7597503,15.219853401184082
2010-12-02,37.94499969482422,38.150001525878906,37.19499969482422,38.03499984741211,10728516,15.387755393981934
2010-12-03,37.9900016784668,38.494998931884766,37.91999816894531,38.060001373291016,5837497,15.397866249084473
2010-12-06,38.369998931884766,38.65999984741211,37.9900016784668,38.435001373291016,5850594,15.549572944641113
2010-12-07,38.790000915527344,39.31999969482422,38.44499969482422,39.0099983215332,7655136,15.782201766967773
2010-12-08,38.8650016784668,39.400001525878906,38.720001220703125,39.119998931884766,6049970,15.826708793640137
2010-12-09,39.209999084472656,39.41999816894531,38.900001525878906,39.41999816894531,6000477,15.948077201843262
2010-12-10,39.439998626708984,39.45500183105469,39.099998474121094,39.244998931884766,4145224,15.877278327941895
2010-12-13,39.45500183105469,39.994998931884766,39.334999084472656,39.76499938964844,7424276,16.0876522064209
2010-12-14,39.98500061035156,40.22499084472656,39.79499053955078,40.09000015258789,6456757,16.21914291381836
2010-12-15,40.04999923706055,40.084999084472656,39.77000045776367,39.91999816894531,5801349,16.15035629272461
2010-12-16,39.77000045776367,40.18000030517578,39.689998626708984,39.904998779296875,5564878,16.14429473876953
2010-12-17,40.064998626708984,40.13999938964844,39.77000045776367,39.77000045776367,9938878,16.089670181274414
2010-12-20,39.900001525878906,40.435001373291016,39.79999923706055,39.95500183105469,4531202,16.16452407836914
2010-12-21,40.29999923706055,40.75,40.15999984741211,40.54999923706055,5235592,16.405237197875977
2010-12-22,40.66999816894531,40.78499984741211,40.369998931884766,40.5099983215332,3727692,16.389055252075195
2010-12-23,40.63499069213867,40.70000076293945,40.22999954223633,40.505001068115234,2442370,16.387033462524414
2010-12-27,40.400001525878906,40.5,39.70000076293945,39.994998931884766,2926320,16.180700302124023
2010-12-28,40.150001525878906,40.42499923706055,40.0,40.03499984741211,2046653,16.19688606262207
2010-12-29,40.209999084472656,40.744998931884766,40.209999084472656,40.540000915527344,3227824,16.401195526123047
2010-12-30,40.625,40.790000915527344,39.904998779296875,40.119998931884766,3611093,16.23127555847168
2011-01-03,40.189998626708984,40.63999938964844,40.0099983215332,40.59000015258789,4178458,16.421419143676758
2011-01-04,40.814998626708984,41.70500183105469,40.650001525878906,41.130001068115234,8291464,16.639890670776367
2011-01-05,41.0099983215332,41.290000915527344,40.435001373291016,41.290000915527344,5428379,16.704626083374023
2011-01-06,41.380001068115234,42.0,41.29999923706055,41.54999923706055,6364463,16.809803009033203
2011-01-07,41.04999923706055,41.7400016784668,40.900001525878906,41.220001220703125,6299660,16.676305770874023
2011-01-10,41.0099983215332,41.060001373291016,40.47999954223633,40.689998626708984,6288632,16.461872100830078
2011-01-11,40.63999938964844,41.14500045776367,40.505001068115234,41.040000915527344,6044473,16.60347557067871
2011-01-12,41.0,41.904998779296875,40.91999816894531,41.7400016784668,7169484,16.886680603027344
2011-01-13,41.619998931884766,42.06999969482422,41.400001525878906,42.0,7938297,16.991867065429688
2011-01-14,41.685001373291016,42.46500015258789,41.66999816894531,42.400001525878906,6910541,17.15369415283203
2011-01-17,42.314998626708984,42.47499084472656,42.005001068115234,42.154998779296875,3732795,17.0545654296875
2011-01-18,42.46500015258789,42.54499053955078,42.25,42.5,4913070,17.19414710998535
2011-01-19,42.584999084472656,42.72499084472656,42.130001068115234,42.20000076293945,6248436,17.072776794433594
2011-01-20,42.35499954223633,42.439998626708984,41.83000183105469,41.94499969482422,7440539,16.96961212158203
2011-01-21,42.345001220703125,42.994998931884766,42.25,42.525001525878906,11626592,17.204261779785156
2011-01-24,42.56999969482422,43.02000045776367,42.56999969482422,42.904998779296875,5557043,17.35799789428711
2011-01-25,43.0,43.31999969482422,42.38499069213867,42.619998931884766,6078589,17.24269676208496
2011-01-26,42.79999923706055,43.279998779296875,42.71500015258789,43.0,6120663,17.396438598632812
2011-01-27,42.95000076293945,43.57500076293945,42.849998474121094,43.21500015258789,6184377,17.483421325683594
2011-01-28,43.040000915527344,43.29499053955078,42.32500076293945,42.32500076293945,6086858,17.12335205078125
2011-01-31,42.35499954223633,42.959999084472656,42.2599983215332,42.71500015258789,8246057,17.281131744384766
2011-02-01,43.314998626708984,44.25,43.18000030517578,44.08000183105469,9912401,17.833375930786133
2011-02-02,44.099998474121094,44.13499069213867,43.665000915527344,44.0,6258028,17.801002502441406
2011-02-03,43.5,43.57500076293945,43.185001373291016,43.54999923706055,6060398,17.618940353393555
2011-02-04,43.775001525878906,43.869998931884766,43.35499954223633,43.52000045776367,4440367,17.606813430786133
2011-02-07,43.36000061035156,43.93000030517578,43.310001373291016,43.584999084472656,5955718,17.633108139038086
2011-02-08,43.45000076293945,43.869998931884766,43.349998474121094,43.630001068115234,5242954,17.65131378173828
2011-02-09,43.5,43.70500183105469,43.0,43.0,5326776,17.396438598632812
2011-02-10,42.79999923706055,43.47499084472656,42.51499938964844,43.47499084472656,6117478,17.58860206604004
2011-02-11,43.26499938964844,43.73500061035156,42.88999938964844,43.44499969482422,5198496,17.576461791992188
2011-02-14,43.5,43.65999984741211,43.10499954223633,43.30500030517578,4570590,17.51982879638672
2011-02-15,43.20500183105469,43.599998474121094,43.064998626708984,43.46500015258789,3565831,17.584550857543945
2011-02-16,43.65999984741211,43.75,43.08000183105469,43.40999984741211,6758339,17.56230354309082
2011-02-17,43.564998626708984,43.599998474121094,43.07500076293945,43.5,4974949,17.598716735839844
2011-02-18,43.599998474121094,43.75,43.36000061035156,43.60499954223633,6905159,17.64119529724121
2011-02-21,43.654998779296875,43.7400016784668,42.779998779296875,43.04999923706055,5939489,17.416671752929688
2011-02-22,43.04499053955078,43.40999984741211,42.32500076293945,42.98500061035156,7839054,17.390365600585938
2011-02-23,42.79999923706055,43.20500183105469,42.625,43.0,5396358,17.396438598632812
2011-02-24,42.79999923706055,44.04999923706055,42.70000076293945,43.654998779296875,9629595,17.661426544189453
2011-02-25,43.57500076293945,44.1150016784668,43.38999938964844,43.779998779296875,6661807,17.71200180053711
2011-02-28,43.64500045776367,44.470001220703125,43.599998474121094,44.40999984741211,7537188,17.966867446899414
2011-03-01,44.400001525878906,44.53499984741211,43.41999816894531,43.46500015258789,6667487,17.584550857543945
2011-03-02,43.25,43.529998779296875,42.834999084472656,43.36000061035156,6170389,17.542076110839844
2011-03-03,43.75,44.220001220703125,43.43000030517578,43.84000015258789,5883703,17.73626708984375
2011-03-04,43.95000076293945,44.54999923706055,43.85499954223633,43.959999084472656,6340789,17.784814834594727
2011-03-07,43.900001525878906,44.4900016784668,43.70000076293945,43.70000076293945,5766430,17.679624557495117
2011-03-08,43.810001373291016,43.939998626708984,43.119998931884766,43.650001525878906,5878762,17.65940284729004
2011-03-09,43.595001220703125,43.64500045776367,43.02000045776367,43.099998474121094,5183469,17.436885833740234
2011-03-10,42.79999923706055,42.849998474121094,42.25,42.60499954223633,5975142,17.236631393432617
2011-03-11,42.20500183105469,42.45500183105469,41.96500015258789,42.255001068115234,5872121,17.095027923583984
2011-03-14,42.20000076293945,42.369998931884766,41.32500076293945,41.595001220703125,7695384,16.828014373779297
2011-03-15,40.75,41.349998474121094,40.0,40.619998931884766,12553455,16.433563232421875
2011-03-16,40.70000076293945,40.79999923706055,39.709999084472656,39.81999969482422,11038607,16.109899520874023
2011-03-17,40.084999084472656,40.95500183105469,39.72999954223633,40.790000915527344,10110410,16.502336502075195
2011-03-18,41.040000915527344,41.69499969482422,40.7599983215332,40.7599983215332,13686614,16.490201950073242
2011-03-21,41.39500045776367,41.53499984741211,41.060001373291016,41.51499938964844,5949062,16.795650482177734
2011-03-22,41.51499938964844,41.9900016784668,41.47499084472656,41.630001068115234,5517667,16.84217643737793
2011-03-23,41.44499969482422,42.220001220703125,41.400001525878906,42.084999084472656,5603617,17.02625274658203
2011-03-24,41.935001373291016,42.70000076293945,41.79499053955078,42.505001068115234,5840736,17.196170806884766
2011-03-25,42.72999954223633,42.72999954223633,42.22999954223633,42.57500076293945,3614631,17.2244930267334
2011-03-28,42.67499923706055,42.83000183105469,42.54499053955078,42.60499954223633,3649872,17.236631393432617
2011-03-29,42.51499938964844,42.775001525878906,42.275001525878906,42.755001068115234,4184700,17.297311782836914
2011-03-30,43.09000015258789,43.290000915527344,42.91999816894531,42.91999816894531,4664295,17.364065170288086
2011-03-31,43.13499069213867,43.38999938964844,42.935001373291016,42.95500183105469,5483932,17.37823486328125
2011-04-01,43.27000045776367,43.66999816894531,42.81999969482422,43.595001220703125,6944955,17.637144088745117
2011-04-04,43.505001068115234,43.60499954223633,43.35499954223633,43.375,4739406,17.548139572143555
2011-04-05,43.29999923706055,43.72999954223633,43.20000076293945,43.564998626708984,3855191,17.625015258789062
2011-04-06,43.5099983215332,43.71500015258789,42.959999084472656,43.064998626708984,6847568,17.422733306884766
2011-04-07,43.03499984741211,43.28499984741211,42.72999954223633,42.834999084472656,4080137,17.329681396484375
2011-04-08,43.040000915527344,43.22499084472656,42.91999816894531,43.150001525878906,4164756,17.457117080688477
2011-04-11,43.1150016784668,43.244998931884766,42.7400016784668,43.005001068115234,3237285,17.398452758789062
2011-04-12,42.70000076293945,42.76499938964844,41.77000045776367,41.939998626708984,7334198,16.96759033203125
2011-04-13,42.17499923706055,42.5099983215332,42.02000045776367,42.04999923706055,3768822,17.01209259033203
2011-04-14,41.935001373291016,41.96500015258789,41.2599983215332,41.63999938964844,5010563,16.84622573852539
2011-04-15,41.720001220703125,41.86000061035156,41.26499938964844,41.67499923706055,6472160,16.860376358032227
2011-04-18,41.58000183105469,41.58000183105469,40.34000015258789,40.65999984741211,8417195,16.44974136352539
2011-04-19,40.7400016784668,40.900001525878906,40.5,40.540000915527344,4668362,16.401195526123047
2011-04-20,41.0099983215332,41.880001068115234,41.0,41.875,5597468,16.941295623779297
2011-04-21,42.08000183105469,42.29999923706055,41.79999923706055,42.04999923706055,3735613,17.01209259033203
2011-04-26,41.994998931884766,42.150001525878906,41.73500061035156,42.029998779296875,4905710,17.00400161743164
2011-04-27,42.005001068115234,42.93000030517578,42.005001068115234,42.595001220703125,6462068,17.232582092285156
2011-04-28,42.994998931884766,43.09000015258789,42.79499053955078,43.005001068115234,5291552,17.398452758789062
2011-04-29,43.25,43.25,42.75,43.220001220703125,3155621,17.485435485839844
2011-05-02,43.59000015258789,43.60499954223633,42.97999954223633,43.04499053955078,2899581,17.414634704589844
2011-05-03,43.0,43.09000015258789,42.42499923706055,42.7599983215332,5232304,17.299335479736328
2011-05-04,42.14500045776367,42.72999954223633,41.5,41.76499938964844,7447093,16.896793365478516
2011-05-05,41.91999816894531,42.22999954223633,40.98500061035156,41.17499923706055,6402170,16.658096313476562
2011-05-06,41.154998779296875,41.935001373291016,40.58000183105469,41.61000061035156,7514969,16.834083557128906
2011-05-09,41.349998474121094,41.75,40.86000061035156,41.27000045776367,6050470,16.6965274810791
2011-05-10,41.43000030517578,42.150001525878906,41.2599983215332,41.810001373291016,5694891,16.91499900817871
2011-05-11,42.03499984741211,42.04499053955078,41.459999084472656,41.525001525878906,6110104,16.799699783325195
2011-05-12,41.20000076293945,41.29499053955078,40.56999969482422,40.94499969482422,6830412,16.565046310424805
2011-05-13,41.33000183105469,41.3650016784668,40.525001525878906,40.69499969482422,4901172,16.463897705078125
2011-05-16,40.51499938964844,40.665000915527344,40.150001525878906,40.55500030517578,4923409,16.407264709472656
2011-05-17,40.38499069213867,40.915000915527344,40.165000915527344,40.34000015258789,5653083,16.320281982421875
2011-05-18,40.834999084472656,40.959999084472656,40.5099983215332,40.76499938964844,4335778,16.492218017578125
2011-05-19,41.09000015258789,41.595001220703125,40.959999084472656,41.2599983215332,6433787,16.692481994628906
2011-05-20,41.51499938964844,41.880001068115234,41.03499984741211,41.06999969482422,7204072,16.61562156677246
2011-05-23,40.029998779296875,40.084999084472656,39.4900016784668,39.4900016784668,8029014,16.432523727416992
2011-05-24,39.70000076293945,39.814998626708984,39.32500076293945,39.44499969482422,5744455,16.413803100585938
2011-05-25,39.220001220703125,39.43000030517578,39.04999923706055,39.29999923706055,6638013,16.353456497192383
2011-05-26,39.540000915527344,39.540000915527344,39.08000183105469,39.19499969482422,5599282,16.30976676940918
2011-05-27,39.59000015258789,39.79999923706055,39.404998779296875,39.53499984741211,5074547,16.45124626159668
2011-05-30,39.53499984741211,39.72999954223633,39.314998626708984,39.44499969482422,2014324,16.413803100585938
2011-05-31,39.790000915527344,40.29499053955078,39.7599983215332,40.029998779296875,7012098,16.657224655151367
2011-06-01,40.029998779296875,40.23500061035156,39.33000183105469,39.58000183105469,5564832,16.469974517822266
2011-06-02,39.25,39.38499069213867,38.63999938964844,38.63999938964844,5200713,16.078821182250977
2011-06-03,38.86000061035156,38.88499069213867,38.060001373291016,38.36000061035156,6406647,15.962309837341309
2011-06-06,38.29999923706055,38.46500015258789,38.02000045776367,38.150001525878906,4332853,15.87492561340332
2011-06-07,38.150001525878906,38.5,38.05500030517578,38.28499984741211,4728071,15.931106567382812
2011-06-08,38.14500045776367,38.42499923706055,37.73500061035156,38.209999084472656,5632349,15.899892807006836
2011-06-09,38.209999084472656,38.685001373291016,38.06999969482422,38.65999984741211,4880346,16.087142944335938
2011-06-10,38.564998626708984,38.69499969482422,37.98500061035156,38.0,4909650,15.812500953674316
2011-06-13,38.060001373291016,38.189998626708984,37.875,37.97999954223633,2627048,15.804183006286621
2011-06-14,38.060001373291016,38.560001373291016,37.95000076293945,38.32500076293945,5185339,15.947744369506836
2011-06-15,38.25,38.32500076293945,37.68000030517578,37.7400016784668,5689549,15.704314231872559
2011-06-16,37.595001220703125,38.13499069213867,37.30500030517578,38.09000015258789,8373976,15.849956512451172
2011-06-17,38.0,38.58000183105469,37.59000015258789,38.130001068115234,11882853,15.866600036621094
2011-06-20,37.5,38.150001525878906,37.5,38.05500030517578,3899156,15.835389137268066
2011-06-21,38.400001525878906,38.97499084472656,38.27000045776367,38.875,5307421,16.17660903930664
2011-06-22,38.70500183105469,38.915000915527344,38.5099983215332,38.58000183105469,4748812,16.053857803344727
2011-06-23,38.380001068115234,38.47499084472656,37.654998779296875,37.970001220703125,5863015,15.800027847290039
2011-06-24,38.48500061035156,38.779998779296875,37.904998779296875,37.994998931884766,5674207,15.810423851013184
2011-06-27,37.81999969482422,38.275001525878906,37.755001068115234,38.130001068115234,3921306,15.866600036621094
2011-06-28,38.23500061035156,38.7599983215332,38.1150016784668,38.400001525878906,5032203,15.978958129882812
2011-06-29,38.64500045776367,39.31999969482422,38.619998931884766,39.1150016784668,5847687,16.276479721069336
2011-06-30,39.310001373291016,39.880001068115234,39.20000076293945,39.880001068115234,6130363,16.594810485839844
2011-07-01,39.93000030517578,40.16999816894531,39.619998931884766,39.90999984741211,4712715,16.6072940826416
2011-07-04,39.94499969482422,40.03499984741211,39.810001373291016,39.869998931884766,3579010,16.590648651123047
2011-07-05,39.814998626708984,39.915000915527344,39.6150016784668,39.66999816894531,4016781,16.507423400878906
2011-07-06,39.71500015258789,40.06999969482422,39.40999984741211,39.79999923706055,5298522,16.56151580810547
2011-07-07,39.9900016784668,40.79999923706055,39.9900016784668,40.400001525878906,7324477,16.811189651489258
2011-07-08,40.439998626708984,40.89500045776367,39.970001220703125,39.970001220703125,7292113,16.63225555419922
2011-07-11,39.63499069213867,39.90999984741211,39.119998931884766,39.33000183105469,6419714,16.365943908691406
2011-07-12,38.57500076293945,39.10499954223633,37.939998626708984,38.83000183105469,8674399,16.157886505126953
2011-07-13,38.72999954223633,39.04499053955078,38.45500183105469,38.849998474121094,6744453,16.166202545166016
2011-07-14,38.44499969482422,38.81999969482422,38.345001220703125,38.595001220703125,5095781,16.06009864807129
2011-07-15,38.209999084472656,38.63999938964844,38.099998474121094,38.369998931884766,7807691,15.966465950012207
2011-07-18,37.939998626708984,38.375,37.80500030517578,38.084999084472656,4579858,15.847869873046875
2011-07-19,38.20500183105469,38.525001525878906,38.025001525878906,38.31999969482422,9165753,15.94566535949707
2011-07-20,38.55500030517578,38.81999969482422,38.255001068115234,38.55500030517578,5298608,16.04344940185547
2011-07-21,38.70500183105469,39.22999954223633,38.20500183105469,38.904998779296875,5858081,16.18910026550293
2011-07-22,39.165000915527344,39.564998626708984,38.78499984741211,39.45500183105469,5523798,16.4179630279541
2011-07-25,39.2400016784668,39.72999954223633,39.189998626708984,39.26499938964844,4903650,16.338897705078125
2011-07-26,39.334999084472656,39.5,38.834999084472656,39.060001373291016,3769427,16.253589630126953
2011-07-27,39.23500061035156,39.290000915527344,38.2599983215332,38.68000030517578,4072977,16.095470428466797
2011-07-28,38.7599983215332,38.7599983215332,38.04999923706055,38.3650016784668,4690515,15.964388847351074
2011-07-29,37.97499084472656,38.060001373291016,37.38499069213867,37.779998779296875,5948486,15.720959663391113
2011-08-01,38.07500076293945,38.11000061035156,36.939998626708984,37.07500076293945,6260978,15.42759895324707
2011-08-02,36.915000915527344,37.38999938964844,36.79999923706055,36.79999923706055,6375957,15.313161849975586
2011-08-03,36.26499938964844,36.78499984741211,36.02000045776367,36.150001525878906,9546693,15.042689323425293
2011-08-04,36.47999954223633,36.52000045776367,35.165000915527344,35.310001373291016,10633839,14.69314956665039
2011-08-05,34.29499053955078,35.54999923706055,33.95000076293945,34.23500061035156,16333098,14.245817184448242
2011-08-08,33.93000030517578,34.97499084472656,33.29499053955078,33.29499053955078,13473158,13.85466480255127
2011-08-09,33.29999923706055,33.88999938964844,31.55500030517578,33.11000061035156,16317331,13.777687072753906
2011-08-10,33.45000076293945,33.5,31.635000228881836,31.665000915527344,15838758,13.1763916015625
2011-08-11,32.47999954223633,32.529998779296875,30.334999084472656,32.220001220703125,17458211,13.407341003417969
2011-08-12,32.060001373291016,33.19499969482422,31.540000915527344,33.09000015258789,10858484,13.769365310668945
2011-08-15,33.375,33.68000030517578,33.099998474121094,33.375,4222957,13.887951850891113
2011-08-16,33.064998626708984,33.349998474121094,32.564998626708984,33.349998474121094,5555075,13.877551078796387
2011-08-17,33.150001525878906,34.150001525878906,33.10499954223633,33.849998474121094,7622455,14.085611343383789
2011-08-18,33.439998626708984,33.69499969482422,32.16999816894531,32.625,8283659,13.575871467590332
2011-08-19,32.47499084472656,32.61000061035156,31.329999923706055,31.989999771118164,11150750,13.311635971069336
2011-08-22,31.899999618530273,33.68000030517578,31.799999237060547,32.709999084472656,8632732,13.611233711242676
2011-08-23,33.290000915527344,33.709999084472656,32.744998931884766,33.084999084472656,5824362,13.767288208007812
2011-08-24,33.400001525878906,33.459999084472656,32.665000915527344,33.189998626708984,6563601,13.810977935791016
2011-08-25,33.29999923706055,33.51499938964844,32.505001068115234,32.7400016784668,5651503,13.623725891113281
2011-08-26,32.72999954223633,32.814998626708984,31.524999618530273,32.5,7350170,13.523856163024902
2011-08-29,32.95500183105469,33.435001373291016,32.78499984741211,33.220001220703125,3892626,13.823457717895508
2011-08-30,33.38999938964844,33.51499938964844,32.82500076293945,33.22999954223633,5308802,13.827622413635254
2011-08-31,33.20500183105469,34.154998779296875,33.165000915527344,33.95500183105469,7739915,14.129311561584473
2011-09-01,34.30500030517578,34.81999969482422,33.689998626708984,34.005001068115234,7531593,14.150114059448242
2011-09-02,34.095001220703125,34.29499053955078,33.11000061035156,33.529998779296875,7832974,13.952455520629883
2011-09-05,32.79999923706055,33.04499053955078,31.75,32.334999084472656,11185471,13.455192565917969
2011-09-06,31.979999542236328,32.47499084472656,31.530000686645508,31.71500015258789,8482032,13.1972017288208
2011-09-07,32.57500076293945,32.92499923706055,32.2400016784668,32.625,7424593,13.575871467590332
2011-09-08,32.845001220703125,34.0,32.77000045776367,33.494998931884766,7938488,13.93789005279541
2011-09-09,33.61000061035156,34.15999984741211,32.79999923706055,32.79999923706055,10475562,13.648690223693848
2011-09-12,32.060001373291016,32.470001220703125,31.440000534057617,32.209999084472656,11607299,13.403178215026855
2011-09-13,32.57500076293945,32.58000183105469,31.114999771118164,32.130001068115234,10748520,13.369892120361328
2011-09-14,31.920000076293945,32.994998931884766,31.75,32.63999938964844,8036550,13.582111358642578
2011-09-15,32.689998626708984,33.68000030517578,32.630001068115234,33.625,8927542,13.991985321044922
2011-09-16,33.58000183105469,33.689998626708984,32.92499923706055,32.92499923706055,40071120,13.700703620910645
2011-09-19,32.06999969482422,32.3650016784668,31.889999389648438,32.154998779296875,36392123,13.61601448059082
2011-09-20,31.889999389648438,32.71500015258789,31.825000762939453,32.595001220703125,56082533,13.802328109741211
2011-09-21,32.834999084472656,32.900001525878906,32.11000061035156,32.20500183105469,7041061,13.637184143066406
2011-09-22,31.510000228881836,31.725000381469727,30.375,30.375,13271452,12.862274169921875
2011-09-23,30.799999237060547,30.8799991607666,29.399999618530273,30.850000381469727,12377822,13.063416481018066
2011-09-26,30.25,31.989999771118164,30.25,31.315000534057617,16935514,13.260318756103516
2011-09-27,32.09000015258789,32.84000015258789,31.639999389648438,32.84000015258789,14204386,13.906074523925781
2011-09-28,32.380001068115234,33.17499923706055,32.279998779296875,32.92499923706055,7067339,13.942069053649902
2011-09-29,32.58000183105469,33.209999084472656,32.5,32.96500015258789,10031737,13.959004402160645
2011-09-30,32.82500076293945,33.279998779296875,32.48500061035156,33.23500061035156,11041424,14.073343276977539
2011-10-03,32.665000915527344,32.814998626708984,32.255001068115234,32.54499053955078,5317382,13.781155586242676
2011-10-04,32.23500061035156,32.60499954223633,31.729999542236328,32.279998779296875,7720813,13.6689453125
2011-10-05,32.900001525878906,33.380001068115234,32.59000015258789,33.25,8264652,14.079686164855957
2011-10-06,33.400001525878906,34.345001220703125,33.26499938964844,34.345001220703125,8457436,14.543367385864258
2011-10-07,34.41999816894531,35.400001525878906,34.20000076293945,35.32500076293945,8889158,14.958349227905273
2011-10-10,35.619998931884766,36.150001525878906,35.349998474121094,35.904998779296875,8355946,15.203947067260742
2011-10-11,35.67499923706055,35.95500183105469,35.17499923706055,35.71500015258789,7047941,15.123491287231445
2011-10-12,35.584999084472656,36.70500183105469,35.41999816894531,36.560001373291016,8477276,15.481304168701172
2011-10-13,36.150001525878906,36.47999954223633,35.84000015258789,36.41999816894531,7484519,15.422021865844727
2011-10-14,36.6150016784668,37.439998626708984,36.48500061035156,37.220001220703125,7592899,15.760786056518555
2011-10-17,37.5,37.72499084472656,36.939998626708984,37.05500030517578,7668314,15.690912246704102
2011-10-18,36.595001220703125,37.21500015258789,36.220001220703125,37.064998626708984,5407036,15.695149421691895
2011-10-19,37.27000045776367,37.67499923706055,37.10499954223633,37.5099983215332,5561671,15.88357925415039
2011-10-20,37.0,37.875,36.709999084472656,37.380001068115234,8869046,15.828536033630371
2011-10-21,37.540000915527344,38.060001373291016,37.03499984741211,38.0,9412584,16.09107208251953
2011-10-24,38.11000061035156,38.11000061035156,36.97999954223633,37.935001373291016,5985812,16.06355857849121
2011-10-25,37.70500183105469,38.31999969482422,37.31999969482422,37.73500061035156,5251029,15.978861808776855
2011-10-26,37.540000915527344,38.310001373291016,37.400001525878906,37.79499053955078,5039216,16.0042667388916
2011-10-27,38.599998474121094,39.810001373291016,38.34000015258789,39.119998931884766,11099459,16.565340042114258
2011-10-28,39.0,39.040000915527344,38.15999984741211,38.375,8411378,16.2498722076416
2011-10-31,38.0,38.31999969482422,37.7400016784668,37.814998626708984,6658757,16.01273536682129
2011-11-01,37.279998779296875,37.30500030517578,36.349998474121094,36.66999816894531,9736277,15.52788257598877
2011-11-02,37.20500183105469,37.31999969482422,36.310001373291016,37.08000183105469,6443774,15.701502799987793
2011-11-03,36.48500061035156,38.25,36.290000915527344,37.56999969482422,8015102,15.908987045288086
2011-11-04,37.58000183105469,37.880001068115234,36.98500061035156,37.03499984741211,5782521,15.682446479797363
2011-11-07,36.529998779296875,37.380001068115234,36.22999954223633,36.95000076293945,5316057,15.64645767211914
2011-11-08,36.970001220703125,38.209999084472656,36.875,37.564998626708984,5518148,15.906878471374512
2011-11-09,37.900001525878906,38.08000183105469,36.595001220703125,37.220001220703125,9713411,15.760786056518555
2011-11-10,36.68000030517578,37.79999923706055,36.57500076293945,37.005001068115234,5938302,15.6697416305542
2011-11-11,36.935001373291016,37.86000061035156,36.81999969482422,37.63999938964844,4719933,15.93863296508789
2011-11-14,37.880001068115234,37.96500015258789,37.13999938964844,37.599998474121094,4929024,15.921693801879883
2011-11-15,37.25,37.52000045776367,36.869998931884766,37.16999816894531,5645756,15.739611625671387
2011-11-16,36.95000076293945,37.775001525878906,36.845001220703125,37.70500183105469,5455819,15.966156959533691
2011-11-17,37.505001068115234,37.81999969482422,37.13999938964844,37.43000030517578,5236736,15.849713325500488
2011-11-18,37.03499984741211,37.369998931884766,36.92499923706055,37.11000061035156,5656024,15.714203834533691
2011-11-21,36.84000015258789,36.88999938964844,36.0099983215332,36.02000045776367,5734713,15.252650260925293
2011-11-22,36.54499053955078,36.619998931884766,35.83000183105469,35.83000183105469,4367278,15.172191619873047
2011-11-23,35.51499938964844,35.959999084472656,35.22999954223633,35.31999969482422,5949771,14.956232070922852
2011-11-24,35.5,35.7400016784668,34.56999969482422,34.84000015258789,6837824,14.752974510192871
2011-11-25,34.779998779296875,35.81999969482422,34.65999984741211,35.689998626708984,6691616,15.112911224365234
2011-11-28,36.01499938964844,37.0099983215332,35.849998474121094,37.0099983215332,7173010,15.671859741210938
2011-11-29,36.5,37.40999984741211,36.44499969482422,37.2599983215332,4478810,15.777721405029297
2011-11-30,36.88499069213867,38.70500183105469,36.689998626708984,38.334999084472656,10180438,16.232933044433594
2011-12-01,38.29499053955078,38.73500061035156,38.15999984741211,38.30500030517578,5204001,16.22022819519043
2011-12-02,38.709999084472656,38.97999954223633,38.36000061035156,38.61000061035156,5188318,16.349380493164062
2011-12-05,38.97999954223633,39.095001220703125,38.59000015258789,38.76499938964844,4983129,16.415019989013672
2011-12-06,38.46500015258789,39.15999984741211,38.310001373291016,38.650001525878906,4530664,16.366317749023438
2011-12-07,39.095001220703125,39.38999938964844,38.150001525878906,38.814998626708984,5507037,16.436185836791992
2011-12-08,39.07500076293945,39.19499969482422,37.904998779296875,37.904998779296875,7942056,16.050844192504883
2011-12-09,37.65999984741211,38.959999084472656,37.65999984741211,38.85499954223633,6810240,16.453134536743164
2011-12-12,38.59000015258789,38.68000030517578,38.04999923706055,38.04999923706055,5216716,16.11224937438965
2011-12-13,38.119998931884766,38.86000061035156,38.04499053955078,38.5,6569786,16.302797317504883
2011-12-14,38.279998779296875,38.470001220703125,37.564998626708984,37.564998626708984,6675564,15.906878471374512
2011-12-15,37.78499984741211,37.97499084472656,37.38999938964844,37.584999084472656,5085896,15.9153470993042
2011-12-16,37.47999954223633,37.58000183105469,36.72999954223633,36.85499954223633,12579019,15.606231689453125
2011-12-19,36.095001220703125,36.7400016784668,35.939998626708984,36.525001525878906,7733976,15.709449768066406
2011-12-20,36.380001068115234,37.125,36.150001525878906,37.029998779296875,8647528,15.926651000976562
2011-12-21,37.279998779296875,37.98500061035156,36.86000061035156,37.439998626708984,5003341,16.10299301147461
2011-12-22,37.64500045776367,38.30500030517578,37.564998626708984,37.83000183105469,4420363,16.27073097229004
2011-12-23,38.31999969482422,38.93000030517578,38.244998931884766,38.63499069213867,3841537,16.616962432861328
2011-12-27,38.875,39.09000015258789,38.52000045776367,38.84000015258789,2082367,16.70513343811035
2011-12-28,38.810001373291016,39.084999084472656,38.43000030517578,38.43000030517578,3178680,16.528793334960938
2011-12-29,38.54999923706055,39.255001068115234,38.28499984741211,39.255001068115234,3873077,16.883630752563477
2011-12-30,39.349998474121094,39.60499954223633,39.13499069213867,39.5,4173108,16.989002227783203
2012-01-02,39.51499938964844,40.01499938964844,39.470001220703125,40.0,4088772,17.20405387878418
2012-01-03,40.19499969482422,40.44499969482422,39.779998779296875,40.44499969482422,5327004,17.395448684692383
2012-01-04,40.29999923706055,40.525001525878906,40.01499938964844,40.13499069213867,4408761,17.262113571166992
2012-01-05,40.404998779296875,40.45000076293945,39.744998931884766,39.86000061035156,4330754,17.143835067749023
2012-01-06,39.98500061035156,40.5,39.83000183105469,39.9900016784668,4258973,17.199748992919922
2012-01-09,40.0,40.2400016784668,39.72499084472656,39.959999084472656,3466969,17.186847686767578
2012-01-10,40.26499938964844,40.560001373291016,39.7599983215332,40.439998626708984,6457537,17.393293380737305
2012-01-11,40.095001220703125,40.44499969482422,39.505001068115234,39.875,7689616,17.15029525756836
2012-01-12,39.76499938964844,40.08000183105469,38.939998626708984,39.04999923706055,7741035,16.79545783996582
2012-01-13,39.26499938964844,39.54999923706055,38.56999969482422,39.01499938964844,6972184,16.78040313720703
2012-01-16,39.0099983215332,39.560001373291016,38.810001373291016,39.48500061035156,5380275,16.982555389404297
2012-01-17,40.0,40.334999084472656,39.81999969482422,40.25,6482304,17.31157684326172
2012-01-18,40.2400016784668,40.540000915527344,39.88999938964844,40.08000183105469,6291563,17.238466262817383
2012-01-19,40.25,40.5,39.845001220703125,40.439998626708984,6727012,17.393293380737305
2012-01-20,40.42499923706055,40.439998626708984,39.54499053955078,39.849998474121094,10580756,17.139537811279297
2012-01-23,39.755001068115234,40.20000076293945,39.54999923706055,40.0,5405938,17.20405387878418
2012-01-24,40.0,40.41999816894531,39.79999923706055,40.41999816894531,5561564,17.384693145751953
2012-01-25,40.540000915527344,40.540000915527344,39.939998626708984,40.33000183105469,4528548,17.345983505249023
2012-01-26,40.45000076293945,40.59000015258789,40.1150016784668,40.59000015258789,5574723,17.457809448242188
2012-01-27,40.439998626708984,40.88999938964844,40.084999084472656,40.084999084472656,6545072,17.24061393737793
2012-01-30,39.849998474121094,40.13999938964844,39.63999938964844,39.810001373291016,6854575,17.12234115600586
2012-01-31,40.04499053955078,40.64500045776367,40.04499053955078,40.404998779296875,5539065,17.37824249267578
2012-02-01,40.88499069213867,41.0,40.29999923706055,40.650001525878906,6935216,17.483619689941406
2012-02-02,40.900001525878906,41.03499984741211,40.22499084472656,40.88999938964844,6000742,17.58684539794922
2012-02-03,40.709999084472656,41.0,40.47499084472656,41.0,6091689,17.634157180786133
2012-02-06,41.0,41.07500076293945,40.625,40.904998779296875,4089552,17.593297958374023
2012-02-07,41.025001525878906,41.15999984741211,40.56999969482422,40.935001373291016,3729460,17.606199264526367
2012-02-08,41.060001373291016,41.20000076293945,40.79999923706055,40.8650016784668,3817064,17.576091766357422
2012-02-09,40.94499969482422,41.55500030517578,40.939998626708984,41.14500045776367,5086784,17.696514129638672
2012-02-10,40.75,40.95000076293945,40.5,40.58000183105469,4892934,17.453514099121094
2012-02-13,40.97999954223633,41.209999084472656,40.72499084472656,41.040000915527344,3704925,17.65135955810547
2012-02-14,40.84000015258789,41.25,40.81999969482422,41.099998474121094,3834889,17.677162170410156
2012-02-15,41.150001525878906,41.29999923706055,40.82500076293945,41.025001525878906,4178741,17.644901275634766
2012-02-16,40.86000061035156,41.279998779296875,40.7599983215332,41.279998779296875,4507332,17.75458526611328
2012-02-17,41.595001220703125,41.79999923706055,41.29999923706055,41.68000030517578,4929160,17.92662239074707
2012-02-20,41.849998474121094,42.04999923706055,41.685001373291016,41.98500061035156,3932680,18.05780601501465
2012-02-21,41.79999923706055,41.84000015258789,41.279998779296875,41.79999923706055,5395280,17.978242874145508
2012-02-22,41.79999923706055,41.845001220703125,41.22499084472656,41.845001220703125,4763677,17.997589111328125
2012-02-23,41.720001220703125,41.97499084472656,41.64500045776367,41.810001373291016,4394640,17.982540130615234
2012-02-24,42.04999923706055,42.275001525878906,41.79999923706055,42.064998626708984,4676031,18.092206954956055
2012-02-27,41.915000915527344,42.064998626708984,41.63499069213867,41.970001220703125,3501908,18.051347732543945
2012-02-28,42.11000061035156,42.154998779296875,41.7599983215332,41.935001373291016,4241350,18.036298751831055
2012-02-29,42.14500045776367,42.400001525878906,41.97999954223633,41.9900016784668,5490713,18.059959411621094
2012-03-01,41.97999954223633,42.58000183105469,41.94499969482422,42.58000183105469,4413590,18.3137149810791
2012-03-02,42.525001525878906,42.59000015258789,42.20500183105469,42.459999084472656,3646044,18.262100219726562
2012-03-05,42.2400016784668,42.54499053955078,42.064998626708984,42.349998474121094,5175785,18.214792251586914
2012-03-06,42.29999923706055,42.40999984741211,41.61000061035156,41.61000061035156,6554604,17.896512985229492
2012-03-07,41.54999923706055,41.66999816894531,41.099998474121094,41.4900016784668,5582511,17.844907760620117
2012-03-08,41.51499938964844,42.064998626708984,41.48500061035156,42.064998626708984,4926237,18.092206954956055
2012-03-09,42.084999084472656,42.47499084472656,41.81999969482422,42.21500015258789,4709326,18.15673065185547
2012-03-12,41.994998931884766,42.13999938964844,41.70000076293945,42.060001373291016,5749398,18.090063095092773
2012-03-13,42.20000076293945,42.67499923706055,42.16999816894531,42.654998779296875,4313115,18.34597396850586
2012-03-14,42.744998931884766,42.970001220703125,42.599998474121094,42.70000076293945,5038937,18.365320205688477
2012-03-15,42.5,42.625,42.30500030517578,42.470001220703125,5712592,18.266399383544922
2012-03-16,42.53499984741211,42.58000183105469,42.32500076293945,42.529998779296875,7090244,18.292207717895508
2012-03-19,42.09000015258789,42.38999938964844,41.959999084472656,42.33000183105469,6576457,18.453514099121094
2012-03-20,42.185001373291016,42.32500076293945,41.650001525878906,41.67499923706055,6529739,18.167964935302734
2012-03-21,41.869998931884766,42.06999969482422,41.404998779296875,41.595001220703125,4121651,18.133094787597656
2012-03-22,41.41999816894531,41.584999084472656,40.66999816894531,41.060001373291016,4770793,17.899860382080078
2012-03-23,40.900001525878906,41.0099983215332,40.31999969482422,40.7400016784668,5087353,17.760358810424805
2012-03-26,40.939998626708984,41.005001068115234,40.459999084472656,41.005001068115234,4507938,17.875890731811523
2012-03-27,40.994998931884766,41.13999938964844,38.095001220703125,38.560001373291016,28694616,16.809999465942383
2012-03-28,38.0,38.41999816894531,37.2599983215332,38.02000045776367,21523079,16.5745849609375
2012-03-29,38.099998474121094,38.19499969482422,37.02000045776367,37.83000183105469,15069250,16.49175262451172
2012-03-30,38.18000030517578,38.349998474121094,37.45000076293945,38.2400016784668,9574608,16.670503616333008
2012-04-02,39.0,39.18000030517578,38.36000061035156,39.125,8824023,17.05630111694336
2012-04-03,39.150001525878906,39.400001525878906,38.39500045776367,38.39500045776367,6481937,16.73807144165039
2012-04-04,38.38499069213867,38.58000183105469,37.90999984741211,37.90999984741211,6921818,16.526636123657227
2012-04-05,38.1150016784668,38.369998931884766,37.560001373291016,38.209999084472656,6213547,16.65741539001465
2012-04-10,37.845001220703125,37.95000076293945,37.13499069213867,37.13499069213867,6736540,16.18877410888672
2012-04-11,37.13499069213867,37.53499984741211,36.61000061035156,37.150001525878906,7153295,16.195322036743164
2012-04-12,37.20000076293945,37.26499938964844,36.314998626708984,37.040000915527344,7617237,16.14736557006836
2012-04-13,36.90999984741211,37.099998474121094,36.29999923706055,36.41999816894531,7279259,15.87707805633545
2012-04-16,36.53499984741211,37.369998931884766,36.525001525878906,36.97999954223633,6531619,16.12120819091797
2012-04-17,36.810001373291016,37.540000915527344,36.79999923706055,37.46500015258789,4931286,16.332639694213867
2012-04-18,37.20500183105469,37.54999923706055,36.95500183105469,37.31999969482422,6651701,16.269426345825195
2012-04-19,37.41999816894531,37.599998474121094,36.28499984741211,36.334999084472656,9306943,15.8400297164917
2012-04-20,36.349998474121094,36.45000076293945,35.72999954223633,36.45000076293945,9002783,15.890153884887695
2012-04-23,36.099998474121094,36.185001373291016,35.400001525878906,35.560001373291016,7638127,15.502167701721191
2012-04-24,35.70000076293945,36.029998779296875,35.470001220703125,35.90999984741211,5002176,15.654747009277344
2012-04-25,36.01499938964844,36.6150016784668,35.88999938964844,36.22499084472656,6367235,15.792065620422363
2012-04-26,36.47999954223633,36.7400016784668,35.95500183105469,36.5099983215332,5168244,15.916315078735352
2012-04-27,36.029998779296875,36.654998779296875,35.54999923706055,36.5,7133171,15.911957740783691
2012-04-30,36.35499954223633,36.56999969482422,35.85499954223633,36.06999969482422,5231497,15.724496841430664
2012-05-02,36.80500030517578,36.92499923706055,35.97499084472656,36.14500045776367,6115154,15.757192611694336
2012-05-03,36.46500015258789,36.83000183105469,36.0099983215332,36.15999984741211,4725069,15.763742446899414
2012-05-04,36.099998474121094,36.540000915527344,35.415000915527344,35.51499938964844,6162056,15.482549667358398
2012-05-07,35.220001220703125,36.07500076293945,35.02000045776367,35.95000076293945,4300101,15.672184944152832
2012-05-08,35.63999938964844,35.77000045776367,34.68000030517578,34.904998779296875,8388870,15.216622352600098
2012-05-09,35.029998779296875,35.119998931884766,34.154998779296875,34.48500061035156,8300590,15.033530235290527
2012-05-10,34.93000030517578,35.400001525878906,34.40999984741211,35.150001525878906,7149183,15.323431968688965
2012-05-11,35.099998474121094,35.30500030517578,34.564998626708984,35.13499069213867,5011470,15.316887855529785
2012-05-14,34.75,34.85499954223633,34.165000915527344,34.470001220703125,5522430,15.026988983154297
2012-05-15,34.83000183105469,35.0099983215332,34.154998779296875,34.3650016784668,5827176,14.981216430664062
2012-05-16,34.099998474121094,35.375,33.900001525878906,34.91999816894531,10975246,15.223161697387695
2012-05-17,35.189998626708984,35.22999954223633,34.349998474121094,34.59000015258789,5946827,15.079305648803711
2012-05-18,34.25,34.849998474121094,34.05500030517578,34.650001525878906,8578137,15.105456352233887
2012-05-21,34.54999923706055,35.01499938964844,34.27000045776367,34.584999084472656,4979118,15.07712173461914
2012-05-22,34.904998779296875,35.34000015258789,34.650001525878906,35.150001525878906,6223578,15.323431968688965
2012-05-23,34.77000045776367,34.83000183105469,34.22999954223633,34.494998931884766,6580406,15.037888526916504
2012-05-24,34.779998779296875,35.29499053955078,34.43000030517578,35.0,6538887,15.258037567138672
2012-05-25,35.095001220703125,35.470001220703125,34.845001220703125,35.18000030517578,4960073,15.33651065826416
2012-05-28,35.35499954223633,35.59000015258789,34.95000076293945,35.064998626708984,2476192,15.28637409210205
2012-05-29,35.13499069213867,35.470001220703125,34.7599983215332,35.20000076293945,4197737,15.345229148864746
2012-05-30,34.790000915527344,35.33000183105469,34.400001525878906,34.53499984741211,7199136,15.05532455444336
2012-05-31,34.599998474121094,34.98500061035156,34.255001068115234,34.76499938964844,8889704,15.155597686767578
2012-06-01,34.790000915527344,34.9900016784668,33.41999816894531,34.0,12220421,14.82209300994873
2012-06-04,33.79499053955078,34.47499084472656,33.68000030517578,33.959999084472656,4653003,14.80465030670166
2012-06-05,34.28499984741211,34.584999084472656,34.005001068115234,34.31999969482422,4549287,14.96159839630127
2012-06-06,34.66999816894531,34.95000076293945,34.400001525878906,34.79999923706055,6513608,15.170848846435547
2012-06-07,34.869998931884766,35.25,34.73500061035156,34.77000045776367,6382257,15.157767295837402
2012-06-08,34.70000076293945,34.92499923706055,34.41999816894531,34.595001220703125,5982695,15.081486701965332
2012-06-11,35.16999816894531,35.34000015258789,34.66999816894531,34.69499969482422,6334891,15.125080108642578
2012-06-12,34.70500183105469,35.119998931884766,34.45000076293945,34.82500076293945,5691971,15.181746482849121
2012-06-13,34.72499084472656,35.17499923706055,34.619998931884766,34.814998626708984,5164611,15.177385330200195
2012-06-14,34.779998779296875,35.05500030517578,34.52000045776367,34.875,5139224,15.203546524047852
2012-06-15,35.095001220703125,35.625,35.07500076293945,35.43000030517578,15834514,15.445494651794434
2012-06-18,35.15999984741211,35.29999923706055,34.4900016784668,34.79499053955078,12790547,15.416687965393066
2012-06-19,34.97499084472656,35.375,34.7400016784668,35.29999923706055,8904296,15.6404447555542
2012-06-20,35.38999938964844,35.41999816894531,35.029998779296875,35.20500183105469,3644136,15.598359107971191
2012-06-21,35.099998474121094,35.400001525878906,34.779998779296875,34.834999084472656,6748548,15.43441390991211
2012-06-22,34.52000045776367,34.599998474121094,34.16999816894531,34.40999984741211,7246978,15.246111869812012
2012-06-25,34.35499954223633,34.5,33.63999938964844,33.834999084472656,5937975,14.991345405578613
2012-06-26,33.834999084472656,34.07500076293945,33.52000045776367,33.630001068115234,4776076,14.900514602661133
2012-06-27,33.71500015258789,34.20000076293945,33.459999084472656,34.20000076293945,5110128,15.153069496154785
2012-06-28,34.20000076293945,34.2599983215332,33.61000061035156,34.040000915527344,4812092,15.082175254821777
2012-06-29,34.9900016784668,35.5,34.540000915527344,35.5,12441208,15.7290620803833
2012-07-02,35.470001220703125,36.20500183105469,35.400001525878906,35.98500061035156,7159824,15.943953514099121
2012-07-03,36.02000045776367,37.05500030517578,36.02000045776367,37.05500030517578,7159666,16.41803550720215
2012-07-04,37.0,37.0,36.540000915527344,36.90999984741211,5060900,16.353792190551758
2012-07-05,36.80500030517578,37.150001525878906,36.31999969482422,36.51499938964844,6609754,16.17877960205078
2012-07-06,36.30500030517578,36.59000015258789,36.0099983215332,36.060001373291016,4504594,15.977184295654297
2012-07-09,36.040000915527344,36.150001525878906,35.6150016784668,35.939998626708984,4042828,15.924012184143066
2012-07-10,36.154998779296875,36.29499816894531,35.869998931884766,35.959999084472656,4398440,15.932875633239746
2012-07-11,35.77000045776367,36.14500045776367,35.689998626708984,36.040000915527344,3529625,15.968314170837402
2012-07-12,35.810001373291016,35.88999938964844,35.5,35.630001068115234,5535898,15.786656379699707
2012-07-13,35.7400016784668,36.1349983215332,35.6349983215332,36.03499984741211,4621329,15.966102600097656
2012-07-16,36.06999969482422,36.14500045776367,35.685001373291016,36.0099983215332,4148711,15.955032348632812
2012-07-17,36.290000915527344,36.32500076293945,35.790000915527344,35.8650016784668,5181697,15.89078140258789
2012-07-18,36.189998626708984,36.56999969482422,35.96500015258789,36.540000915527344,5021244,16.189855575561523
2012-07-19,36.689998626708984,36.79999923706055,36.404998779296875,36.665000915527344,4812484,16.245241165161133
2012-07-20,36.595001220703125,36.72999954223633,35.9900016784668,36.05500030517578,8019427,15.974967956542969
2012-07-23,35.85499954223633,35.95500183105469,35.224998474121094,35.38999938964844,6691215,15.68032169342041
2012-07-24,35.654998779296875,35.7400016784668,34.83000183105469,34.83000183105469,5144960,15.432199478149414
2012-07-25,34.71500015258789,35.1150016784668,34.54999923706055,34.83000183105469,4497234,15.432199478149414
2012-07-26,34.779998779296875,36.130001068115234,34.505001068115234,36.119998931884766,9488991,16.003767013549805
2012-07-27,36.599998474121094,37.720001220703125,36.5,37.349998474121094,10520847,16.54874610900879
2012-07-30,37.599998474121094,37.93000030517578,37.185001373291016,37.45000076293945,7439701,16.59305191040039
2012-07-31,37.435001373291016,38.08000183105469,37.334999084472656,37.60499954223633,8890838,16.661727905273438
2012-08-01,37.79499816894531,38.185001373291016,37.53499984741211,37.994998931884766,4416455,16.834531784057617
2012-08-02,37.900001525878906,39.0,37.34000015258789,37.34000015258789,8118325,16.544315338134766
2012-08-03,37.349998474121094,38.939998626708984,37.349998474121094,38.92499923706055,8288066,17.2465763092041
2012-08-06,38.70500183105469,39.07500076293945,38.33000183105469,38.900001525878906,4950537,17.235506057739258
2012-08-07,39.06999969482422,39.880001068115234,38.92499923706055,39.755001068115234,7662361,17.614334106445312
2012-08-08,39.72999954223633,39.9900016784668,39.31999969482422,39.89500045776367,5435829,17.676361083984375
2012-08-09,40.0,40.209999084472656,39.52000045776367,40.0,4202673,17.722883224487305
2012-08-10,39.76499938964844,39.9900016784668,39.42499923706055,39.959999084472656,2826394,17.70516586303711
2012-08-13,39.88999938964844,40.025001525878906,39.654998779296875,39.755001068115234,2554569,17.614334106445312
2012-08-14,39.939998626708984,40.25,39.81999969482422,40.0,2789680,17.722883224487305
2012-08-15,39.959999084472656,40.275001525878906,39.720001220703125,40.029998779296875,2509292,17.736177444458008
2012-08-16,40.19499969482422,40.25,39.810001373291016,40.25,2759567,17.83365249633789
2012-08-17,40.45000076293945,40.494998931884766,40.07500076293945,40.380001068115234,5125968,17.891258239746094
2012-08-20,40.38999938964844,40.5,40.10499954223633,40.45000076293945,2987181,17.922271728515625
2012-08-21,40.529998779296875,40.67499923706055,40.314998626708984,40.45000076293945,3714520,17.922271728515625
2012-08-22,40.13999938964844,40.224998474121094,39.779998779296875,39.80500030517578,3567255,17.63648223876953
2012-08-23,40.209999084472656,40.21500015258789,39.060001373291016,39.380001068115234,5107166,17.448183059692383
2012-08-24,39.30500030517578,39.595001220703125,39.06999969482422,39.3849983215332,3401709,17.450393676757812
2012-08-27,39.15999984741211,39.6150016784668,38.755001068115234,39.599998474121094,3140280,17.5456600189209
2012-08-28,39.29499816894531,39.59000015258789,39.14500045776367,39.2400016784668,2643673,17.386157989501953
2012-08-29,39.560001373291016,39.71500015258789,39.22999954223633,39.42499923706055,2742420,17.46811866760254
2012-08-30,39.375,39.5,39.0099983215332,39.16999816894531,3462376,17.35513687133789
2012-08-31,39.3650016784668,39.849998474121094,39.20000076293945,39.70500183105469,4975329,17.592182159423828
2012-09-03,39.560001373291016,40.130001068115234,39.41999816894531,40.04499816894531,2612238,17.742820739746094
2012-09-04,40.099998474121094,40.130001068115234,39.38999938964844,39.41999816894531,3309793,17.465906143188477
2012-09-05,39.45000076293945,39.57500076293945,38.81999969482422,39.224998474121094,4573797,17.379499435424805
2012-09-06,39.41999816894531,40.5,39.3650016784668,40.5,7820758,17.94441795349121
2012-09-07,40.650001525878906,41.099998474121094,40.415000915527344,40.54499816894531,7537909,17.964365005493164
2012-09-10,40.56999969482422,40.720001220703125,40.34000015258789,40.45000076293945,3421231,17.922271728515625
2012-09-11,40.45000076293945,41.19499969482422,40.35499954223633,41.19499969482422,4821046,18.25235939025879
2012-09-12,41.29999923706055,41.61000061035156,40.72999954223633,41.04999923706055,5574425,18.188106536865234
2012-09-13,41.040000915527344,41.439998626708984,40.88999938964844,40.88999938964844,4158860,18.117218017578125
2012-09-14,41.70000076293945,41.994998931884766,41.40999984741211,41.84000015258789,7917063,18.53813934326172
2012-09-17,41.66999816894531,41.810001373291016,41.3849983215332,41.41999816894531,3248945,18.352041244506836
2012-09-18,41.20000076293945,41.275001525878906,40.71500015258789,41.0,5293665,18.16596221923828
2012-09-19,41.26499938964844,41.66999816894531,41.165000915527344,41.470001220703125,5629915,18.374202728271484
2012-09-20,41.0099983215332,41.130001068115234,40.279998779296875,40.810001373291016,7091176,18.081769943237305
2012-09-21,41.04499816894531,41.165000915527344,40.47999954223633,40.79999923706055,14626198,18.077350616455078
2012-09-24,39.9900016784668,40.939998626708984,39.904998779296875,40.54999923706055,9588881,18.22113609313965
2012-09-25,40.650001525878906,40.79999923706055,40.20000076293945,40.7400016784668,5978539,18.306514739990234
2012-09-26,40.48500061035156,40.540000915527344,39.61000061035156,39.61000061035156,5195053,17.79874610900879
2012-09-27,39.810001373291016,39.939998626708984,39.375,39.68000030517578,3502271,17.8302059173584
2012-09-28,40.02000045776367,40.02000045776367,38.599998474121094,38.599998474121094,6208476,17.34490394592285
2012-10-01,38.400001525878906,39.34000015258789,38.400001525878906,39.279998779296875,4764177,17.650461196899414
2012-10-02,39.185001373291016,39.44499969482422,38.779998779296875,39.060001373291016,3662938,17.551603317260742
2012-10-03,38.880001068115234,39.005001068115234,38.54999923706055,38.73500061035156,4743423,17.40556526184082
2012-10-04,38.7599983215332,38.939998626708984,38.119998931884766,38.33000183105469,4195390,17.223587036132812
2012-10-05,38.45000076293945,38.900001525878906,38.45000076293945,38.72999954223633,4857130,17.4033203125
2012-10-08,38.540000915527344,38.57500076293945,38.095001220703125,38.290000915527344,3496173,17.205604553222656
2012-10-09,38.474998474121094,38.96500015258789,38.11000061035156,38.38999938964844,4945854,17.250545501708984
2012-10-10,38.29499816894531,38.59000015258789,38.119998931884766,38.20000076293945,3659526,17.1651668548584
2012-10-11,38.0099983215332,38.845001220703125,37.970001220703125,38.75,4127286,17.412303924560547
2012-10-12,38.5,38.875,38.1349983215332,38.1349983215332,3949928,17.135953903198242
2012-10-15,38.255001068115234,38.959999084472656,38.255001068115234,38.5,4061368,17.29996681213379
2012-10-16,38.875,39.54999923706055,38.654998779296875,39.54999923706055,6044420,17.77178955078125
2012-10-17,39.72999954223633,40.11000061035156,39.599998474121094,40.0,5636073,17.9739933013916
2012-10-18,39.935001373291016,40.02000045776367,39.525001525878906,39.84000015258789,3767159,17.902103424072266
2012-10-19,39.84000015258789,40.040000915527344,39.525001525878906,39.599998474121094,5979115,17.794254302978516
2012-10-22,39.599998474121094,39.89500045776367,39.279998779296875,39.34000015258789,3175859,17.67742156982422
2012-10-23,39.525001525878906,39.654998779296875,38.17499923706055,38.45500183105469,6248097,17.279752731323242
2012-10-24,38.665000915527344,38.95000076293945,38.45000076293945,38.67499923706055,3921396,17.378599166870117
2012-10-25,38.790000915527344,38.959999084472656,38.38999938964844,38.43000030517578,3105837,17.26851463317871
2012-10-26,38.119998931884766,38.95000076293945,38.05500030517578,38.709999084472656,3714030,17.39432716369629
2012-10-29,38.59000015258789,38.599998474121094,38.17499923706055,38.38999938964844,2344240,17.250545501708984
2012-10-30,38.560001373291016,39.26499938964844,38.55500030517578,38.9900016784668,4099121,17.52015495300293
2012-10-31,39.20000076293945,39.85499954223633,38.81999969482422,38.81999969482422,5790161,17.443758010864258
2012-11-01,38.724998474121094,39.20000076293945,38.38999938964844,39.1150016784668,4266873,17.576318740844727
2012-11-02,39.29999923706055,39.69499969482422,39.084999084472656,39.439998626708984,3365768,17.722360610961914
2012-11-05,39.17499923706055,39.400001525878906,38.84000015258789,38.84000015258789,3786646,17.452747344970703
2012-11-06,39.040000915527344,39.189998626708984,38.720001220703125,39.01499938964844,4311379,17.531381607055664
2012-11-07,39.29999923706055,39.3650016784668,37.779998779296875,37.875,8408360,17.019126892089844
2012-11-08,38.435001373291016,38.439998626708984,37.52000045776367,37.69499969482422,5187867,16.93824005126953
2012-11-09,37.845001220703125,38.16999816894531,37.415000915527344,38.0,4682406,17.075292587280273
2012-11-12,38.04499816894531,38.06999969482422,37.709999084472656,37.82500076293945,2563480,16.99665641784668
2012-11-13,37.5,38.0099983215332,37.209999084472656,37.97999954223633,4348261,17.066301345825195
2012-11-14,37.720001220703125,38.02000045776367,37.505001068115234,37.51499938964844,4438875,16.857358932495117
2012-11-15,37.314998626708984,37.69499969482422,37.2400016784668,37.43000030517578,3549203,16.819168090820312
2012-11-16,37.40999984741211,37.564998626708984,36.92499923706055,36.974998474121094,5927515,16.61470603942871
2012-11-19,37.224998474121094,38.334999084472656,37.154998779296875,38.21500015258789,5394320,17.171899795532227
2012-11-20,37.98500061035156,38.23500061035156,37.60499954223633,38.220001220703125,3418311,17.174148559570312
2012-11-21,38.084999084472656,38.349998474121094,37.84000015258789,38.220001220703125,3013753,17.174148559570312
2012-11-22,38.3650016784668,38.400001525878906,38.01499938964844,38.30500030517578,2107179,17.212345123291016
2012-11-23,38.439998626708984,38.60499954223633,37.970001220703125,38.599998474121094,2801347,17.34490394592285
2012-11-26,38.470001220703125,38.564998626708984,38.154998779296875,38.41999816894531,2867097,17.264020919799805
2012-11-27,38.560001373291016,38.720001220703125,37.845001220703125,37.970001220703125,5000742,17.061813354492188
2012-11-28,37.80500030517578,38.29999923706055,37.599998474121094,38.25,3870471,17.187637329101562
2012-11-29,38.4900016784668,38.630001068115234,38.209999084472656,38.564998626708984,4122676,17.329172134399414
2012-11-30,38.54999923706055,39.0,38.45500183105469,38.474998474121094,5440885,17.288732528686523
2012-12-03,38.755001068115234,39.185001373291016,38.57500076293945,38.57500076293945,4184773,17.333669662475586
2012-12-04,38.63999938964844,38.96500015258789,38.5,38.525001525878906,3399852,17.311203002929688
2012-12-05,38.810001373291016,38.814998626708984,38.28499984741211,38.56999969482422,4036178,17.331417083740234
2012-12-06,38.834999084472656,39.125,38.43000030517578,38.6150016784668,4898770,17.351642608642578
2012-12-07,38.755001068115234,38.900001525878906,38.19499969482422,38.275001525878906,4963217,17.198869705200195
2012-12-10,38.255001068115234,38.775001525878906,38.060001373291016,38.6349983215332,3642647,17.36063575744629
2012-12-11,38.88999938964844,39.30500030517578,38.7599983215332,39.30500030517578,4736839,17.661697387695312
2012-12-12,39.25,39.70000076293945,39.095001220703125,39.65999984741211,4368210,17.821212768554688
2012-12-13,39.68000030517578,39.880001068115234,39.47999954223633,39.720001220703125,4081820,17.848176956176758
2012-12-14,39.54499816894531,39.6349983215332,39.224998474121094,39.459999084472656,4654117,17.731340408325195
2012-12-17,38.88999938964844,39.13999938964844,38.66999816894531,39.13999938964844,4290472,17.854511260986328
2012-12-18,39.2400016784668,39.2599983215332,38.8650016784668,39.05500030517578,4968258,17.81573486328125
2012-12-19,39.244998931884766,39.6349983215332,39.154998779296875,39.20000076293945,4352863,17.881879806518555
2012-12-20,39.099998474121094,39.26499938964844,38.96500015258789,38.96500015258789,5085931,17.774682998657227
2012-12-21,38.89500045776367,39.29499816894531,38.63999938964844,39.20500183105469,9480467,17.884157180786133
2012-12-27,39.599998474121094,39.939998626708984,39.349998474121094,39.51499938964844,3466804,18.02557945251465
2012-12-28,39.630001068115234,39.75,38.85499954223633,38.90999984741211,3015559,17.749595642089844
2013-01-02,39.79499816894531,40.099998474121094,39.45000076293945,39.974998474121094,5127884,18.235408782958984
2013-01-03,39.849998474121094,39.974998474121094,39.470001220703125,39.85499954223633,2898938,18.180665969848633
2013-01-04,39.880001068115234,40.0,39.68000030517578,39.81999969482422,3317539,18.164701461791992
2013-01-07,39.744998931884766,39.775001525878906,39.08000183105469,39.154998779296875,4191402,17.86135482788086
2013-01-08,39.09000015258789,39.43000030517578,39.029998779296875,39.3849983215332,2661710,17.96627426147461
2013-01-09,39.63999938964844,39.720001220703125,39.44499969482422,39.529998779296875,3292952,18.03241539001465
2013-01-10,39.619998931884766,39.775001525878906,39.35499954223633,39.54999923706055,3608802,18.041542053222656
2013-01-11,39.595001220703125,39.72999954223633,39.2400016784668,39.48500061035156,3145847,18.011884689331055
2013-01-14,39.779998779296875,39.84000015258789,39.34000015258789,39.61000061035156,3061695,18.06890869140625
2013-01-15,39.55500030517578,40.0,39.459999084472656,39.72999954223633,4311762,18.123653411865234
2013-01-16,39.82500076293945,39.994998931884766,39.61000061035156,39.89500045776367,3036350,18.19891357421875
2013-01-17,39.869998931884766,39.970001220703125,39.6349983215332,39.709999084472656,3498234,18.114524841308594
2013-01-18,39.96500015258789,39.96500015258789,39.26499938964844,39.310001373291016,4796723,17.93205451965332
2013-01-21,39.474998474121094,39.59000015258789,39.28499984741211,39.41999816894531,1691022,17.98224449157715
2013-01-22,39.345001220703125,39.564998626708984,39.07500076293945,39.4900016784668,2522763,18.014163970947266
2013-01-23,39.650001525878906,39.650001525878906,39.25,39.41999816894531,2612949,17.98224449157715
2013-01-24,39.349998474121094,39.73500061035156,39.15999984741211,39.73500061035156,2654389,18.125932693481445
2013-01-25,39.564998626708984,39.98500061035156,39.525001525878906,39.82500076293945,3420231,18.166982650756836
2013-01-28,39.834999084472656,39.91999816894531,39.494998931884766,39.494998931884766,2989202,18.016448974609375
2013-01-29,39.51499938964844,40.345001220703125,39.5,40.1349983215332,4727889,18.30839729309082
2013-01-30,40.20000076293945,40.81999969482422,40.150001525878906,40.619998931884766,5751960,18.529640197753906
2013-01-31,40.45000076293945,40.7599983215332,39.93000030517578,39.93000030517578,6875297,18.214889526367188
2013-02-01,39.95000076293945,40.47999954223633,39.64500045776367,40.15999984741211,4323932,18.319807052612305
2013-02-04,40.189998626708984,40.33000183105469,39.0,39.0,6073779,17.790645599365234
2013-02-05,39.0099983215332,39.72999954223633,38.959999084472656,39.45000076293945,4379289,17.995922088623047
2013-02-06,39.42499923706055,39.584999084472656,38.665000915527344,38.89500045776367,5048713,17.742748260498047
2013-02-07,39.11000061035156,39.43000030517578,38.369998931884766,38.404998779296875,5377081,17.519224166870117
2013-02-08,38.404998779296875,38.709999084472656,38.209999084472656,38.380001068115234,4851318,17.507823944091797
2013-02-11,38.220001220703125,38.334999084472656,37.97999954223633,38.15999984741211,4141133,17.40745735168457
2013-02-12,38.11000061035156,38.369998931884766,38.029998779296875,38.36000061035156,4485462,17.49869728088379
2013-02-13,38.88999938964844,38.89500045776367,38.119998931884766,38.505001068115234,5527988,17.564844131469727
2013-02-14,38.20500183105469,38.404998779296875,37.625,37.73500061035156,6490137,17.213598251342773
2013-02-15,37.83000183105469,37.904998779296875,37.15999984741211,37.29999923706055,7321322,17.015161514282227
2013-02-18,37.4900016784668,37.630001068115234,37.040000915527344,37.44499969482422,3110931,17.081296920776367
2013-02-19,37.31999969482422,38.470001220703125,37.314998626708984,38.29999923706055,6366987,17.471328735351562
2013-02-20,38.400001525878906,38.44499969482422,37.86000061035156,37.95500183105469,4250584,17.313945770263672
2013-02-21,37.654998779296875,37.70000076293945,37.165000915527344,37.22999954223633,6167478,16.98322296142578
2013-02-22,37.525001525878906,38.2400016784668,37.5,38.060001373291016,5461439,17.361848831176758
2013-02-25,38.18000030517578,39.18000030517578,38.150001525878906,38.40999984741211,6305883,17.521501541137695
2013-02-26,37.724998474121094,37.915000915527344,37.16999816894531,37.19499969482422,8304812,16.967252731323242
2013-02-27,37.529998779296875,38.04999923706055,37.32500076293945,38.005001068115234,5475658,17.336753845214844
2013-02-28,38.150001525878906,38.375,37.724998474121094,38.29499816894531,5121760,17.469039916992188
2013-03-01,38.15999984741211,38.525001525878906,37.82500076293945,38.314998626708984,5060081,17.478168487548828
2013-03-04,38.0099983215332,38.400001525878906,38.0099983215332,38.16999816894531,2818133,17.412023544311523
2013-03-05,38.5,39.1150016784668,38.439998626708984,39.0,5039228,17.790645599365234
2013-03-06,39.130001068115234,39.35499954223633,38.970001220703125,39.07500076293945,3616257,17.824857711791992
2013-03-07,39.2599983215332,39.26499938964844,38.814998626708984,39.15999984741211,3699829,17.863636016845703
2013-03-08,39.30500030517578,39.5,38.959999084472656,39.189998626708984,4120369,17.877315521240234
2013-03-11,39.01499938964844,39.375,39.01499938964844,39.314998626708984,3169736,17.934345245361328
2013-03-12,39.22999954223633,39.474998474121094,39.130001068115234,39.349998474121094,3314248,17.950307846069336
2013-03-13,39.435001373291016,39.47999954223633,38.91999816894531,39.209999084472656,3129485,17.886444091796875
2013-03-14,39.400001525878906,39.595001220703125,39.29999923706055,39.564998626708984,4500077,18.04837989807129
2013-03-15,39.53499984741211,39.54499816894531,38.97999954223633,39.165000915527344,7815901,17.86591911315918
2013-03-18,38.13999938964844,38.86000061035156,37.90999984741211,38.724998474121094,5223660,17.935382843017578
2013-03-19,38.54999923706055,38.724998474121094,38.27000045776367,38.39500045776367,5050343,17.782550811767578
2013-03-20,38.72999954223633,38.935001373291016,38.41999816894531,38.72999954223633,3834080,17.93770408630371
2013-03-21,38.650001525878906,38.80500030517578,38.224998474121094,38.25,5175851,17.715394973754883
2013-03-22,38.33000183105469,38.505001068115234,38.08000183105469,38.099998474121094,4596773,17.645915985107422
2013-03-25,38.584999084472656,38.85499954223633,37.79999923706055,37.79999923706055,5359299,17.506969451904297
2013-03-26,38.03499984741211,38.1349983215332,37.599998474121094,37.70000076293945,5966158,17.460662841796875
2013-03-27,37.95500183105469,38.095001220703125,37.130001068115234,37.439998626708984,6256551,17.34024429321289
2013-03-28,37.525001525878906,37.79499816894531,37.185001373291016,37.35499954223633,6351612,17.30086898803711
2013-04-02,37.564998626708984,38.345001220703125,37.5,38.20000076293945,6008285,17.69223403930664
2013-04-03,38.0,38.10499954223633,37.505001068115234,37.505001068115234,4551117,17.370346069335938
2013-04-04,37.560001373291016,38.119998931884766,37.27000045776367,37.31999969482422,4288695,17.284658432006836
2013-04-05,37.27000045776367,37.59000015258789,36.71500015258789,36.744998931884766,6078230,17.01835060119629
2013-04-08,36.904998779296875,37.21500015258789,36.75,36.75,3427195,17.020671844482422
2013-04-09,37.07500076293945,37.20000076293945,36.81999969482422,37.11000061035156,3350769,17.187400817871094
2013-04-10,37.25,37.66999816894531,37.20000076293945,37.459999084472656,4853079,17.34950828552246
2013-04-11,37.46500015258789,37.65999984741211,37.21500015258789,37.505001068115234,3698572,17.370346069335938
2013-04-12,37.53499984741211,37.744998931884766,37.06999969482422,37.189998626708984,4223265,17.22445297241211
2013-04-15,37.2400016784668,37.32500076293945,36.30500030517578,36.54999923706055,4715286,16.928041458129883
2013-04-16,36.32500076293945,36.72999954223633,36.185001373291016,36.185001373291016,3985258,16.75899314880371
2013-04-17,36.35499954223633,36.400001525878906,35.17499923706055,35.25,7115606,16.32595443725586
2013-04-18,35.68000030517578,35.70000076293945,35.224998474121094,35.279998779296875,4307667,16.33984375
2013-04-19,35.65999984741211,35.75,35.35499954223633,35.540000915527344,6406229,16.46026611328125
2013-04-22,35.88999938964844,35.98500061035156,35.52000045776367,35.790000915527344,3318954,16.5760498046875
2013-04-23,35.82500076293945,36.94499969482422,35.70500183105469,36.94499969482422,6115538,17.110986709594727
2013-04-24,36.994998931884766,37.94499969482422,36.970001220703125,37.76499938964844,6702717,17.490766525268555
2013-04-25,37.779998779296875,38.220001220703125,37.72999954223633,38.099998474121094,4783778,17.645915985107422
2013-04-26,37.51499938964844,37.849998474121094,37.20000076293945,37.54999923706055,5147859,17.391183853149414
2013-04-29,37.775001525878906,38.185001373291016,37.67499923706055,38.125,4071389,17.657501220703125
2013-04-30,38.25,38.33000183105469,37.76499938964844,38.27000045776367,5923009,17.724655151367188
2013-05-02,38.20500183105469,38.44499969482422,37.814998626708984,37.900001525878906,6751185,17.55328941345215
2013-05-03,38.16999816894531,38.5,37.939998626708984,38.435001373291016,6278417,17.801069259643555
2013-05-06,38.474998474121094,38.59000015258789,38.22999954223633,38.459999084472656,1691582,17.812652587890625
2013-05-07,38.69499969482422,38.71500015258789,38.41999816894531,38.525001525878906,3285298,17.84276008605957
2013-05-08,38.599998474121094,38.79999923706055,38.53499984741211,38.724998474121094,2713405,17.935382843017578
2013-05-09,38.70000076293945,38.90999984741211,38.375,38.7599983215332,2087943,17.951597213745117
2013-05-10,38.88999938964844,39.095001220703125,38.58000183105469,38.849998474121094,3797024,17.993274688720703
2013-05-13,38.83000183105469,38.89500045776367,38.619998931884766,38.810001373291016,2901782,17.974754333496094
2013-05-14,39.084999084472656,39.084999084472656,38.345001220703125,38.974998474121094,3587022,18.051179885864258
2013-05-15,39.09000015258789,39.099998474121094,38.599998474121094,38.900001525878906,3108325,18.016435623168945
2013-05-16,38.900001525878906,38.91999816894531,38.185001373291016,38.54999923706055,4607695,17.854333877563477
2013-05-17,38.61000061035156,39.380001068115234,38.595001220703125,39.0,9759872,18.06275177001953
2013-05-20,39.165000915527344,39.334999084472656,38.77000045776367,39.334999084472656,2311567,18.21790313720703
2013-05-21,39.33000183105469,39.67499923706055,39.18000030517578,39.67499923706055,4460609,18.375383377075195
2013-05-22,39.79499816894531,39.880001068115234,39.290000915527344,39.67499923706055,4224770,18.375383377075195
2013-05-23,39.040000915527344,39.459999084472656,38.970001220703125,39.35499954223633,6146446,18.227170944213867
2013-05-24,39.584999084472656,39.755001068115234,39.310001373291016,39.474998474121094,5129778,18.282743453979492
2013-05-27,39.79999923706055,39.88999938964844,39.52000045776367,39.79999923706055,2319553,18.433273315429688
2013-05-28,39.939998626708984,40.400001525878906,39.86000061035156,40.06999969482422,5423399,18.558320999145508
2013-05-29,40.0,40.0,39.08000183105469,39.400001525878906,6156695,18.24801254272461
2013-05-30,39.45000076293945,39.814998626708984,39.29499816894531,39.39500045776367,3744225,18.24569320678711
2013-05-31,39.439998626708984,39.439998626708984,38.584999084472656,38.584999084472656,7205647,17.87055015563965
2013-06-03,38.42499923706055,39.130001068115234,38.220001220703125,38.65999984741211,4752926,17.905277252197266
2013-06-04,38.8849983215332,39.125,38.58000183105469,38.70000076293945,3132096,17.923810958862305
2013-06-05,38.5,38.6150016784668,38.0,38.0,4286283,17.599607467651367
2013-06-06,38.01499938964844,38.154998779296875,37.435001373291016,37.435001373291016,3921103,17.337926864624023
2013-06-07,37.584999084472656,37.994998931884766,37.20500183105469,37.900001525878906,5351486,17.55328941345215
2013-06-10,37.900001525878906,37.96500015258789,37.58000183105469,37.83000183105469,2763720,17.520864486694336
2013-06-11,37.7400016784668,37.939998626708984,37.27000045776367,37.529998779296875,5177726,17.381927490234375
2013-06-12,37.540000915527344,37.810001373291016,37.189998626708984,37.189998626708984,3482237,17.22445297241211
2013-06-13,37.0,37.54999923706055,36.935001373291016,37.310001373291016,4226624,17.2800350189209
2013-06-14,37.525001525878906,37.68000030517578,37.21500015258789,37.44499969482422,3417401,17.34255599975586
2013-06-17,37.69499969482422,38.54999923706055,37.65999984741211,38.29999923706055,5485592,17.738554000854492
2013-06-18,38.25,38.40999984741211,37.93000030517578,38.32500076293945,3156170,17.750125885009766
2013-06-19,38.58000183105469,38.58000183105469,37.73500061035156,38.099998474121094,4453701,17.645915985107422
2013-06-20,37.5099983215332,37.63999938964844,36.89500045776367,36.89500045776367,9055909,17.087831497192383
2013-06-21,37.0,37.20500183105469,36.505001068115234,36.505001068115234,10273588,16.907196044921875
2013-06-24,36.29999923706055,36.56999969482422,35.68000030517578,35.720001220703125,8100174,16.81540298461914
2013-06-25,36.349998474121094,36.40999984741211,35.94499969482422,36.29499816894531,5747156,17.086078643798828
2013-06-26,36.26499938964844,36.70000076293945,35.994998931884766,36.599998474121094,5154268,17.22966766357422
2013-06-27,36.540000915527344,37.290000915527344,36.46500015258789,37.14500045776367,4664298,17.486225128173828
2013-06-28,37.27000045776367,37.58000183105469,37.04499816894531,37.505001068115234,6560980,17.65570068359375
2013-07-01,37.68000030517578,37.810001373291016,37.33000183105469,37.5,3758649,17.653352737426758
2013-07-02,37.619998931884766,37.619998931884766,37.005001068115234,37.14500045776367,3435185,17.486225128173828
2013-07-03,36.8650016784668,37.05500030517578,36.6150016784668,37.025001525878906,4296423,17.429738998413086
2013-07-04,37.3650016784668,37.875,37.20000076293945,37.72999954223633,5217726,17.761625289916992
2013-07-05,37.724998474121094,38.119998931884766,37.185001373291016,37.185001373291016,3664321,17.505056381225586
2013-07-08,37.55500030517578,38.20500183105469,37.4900016784668,38.040000915527344,4125361,17.90755844116211
2013-07-09,38.220001220703125,38.40999984741211,38.04999923706055,38.16999816894531,3359263,17.96875
2013-07-10,38.16999816894531,38.28499984741211,37.8849983215332,38.2400016784668,3038588,18.001712799072266
2013-07-11,38.650001525878906,38.72999954223633,38.3650016784668,38.5,3740976,18.124101638793945
2013-07-12,38.625,38.89500045776367,38.46500015258789,38.599998474121094,2928106,18.17117691040039
2013-07-15,38.60499954223633,39.0,38.599998474121094,38.994998931884766,2417292,18.357131958007812
2013-07-16,39.0,39.0,38.724998474121094,38.849998474121094,3167680,18.28887176513672
2013-07-17,38.95000076293945,39.314998626708984,38.71500015258789,39.04499816894531,3560766,18.380664825439453
2013-07-18,39.04999923706055,39.95000076293945,38.92499923706055,39.869998931884766,5443157,18.769039154052734
2013-07-19,39.72999954223633,39.77000045776367,39.46500015258789,39.77000045776367,5409610,18.721961975097656
2013-07-22,39.79499816894531,40.244998931884766,39.59000015258789,40.18000030517578,3845571,18.91497230529785
2013-07-23,40.154998779296875,40.31999969482422,39.810001373291016,39.869998931884766,3316370,18.769039154052734
2013-07-24,39.79999923706055,40.345001220703125,39.77000045776367,40.20000076293945,3747747,18.924388885498047
2013-07-25,40.084999084472656,40.20000076293945,39.58000183105469,40.005001068115234,3077318,18.83258819580078
2013-07-26,39.875,40.220001220703125,39.68000030517578,40.064998626708984,4027105,18.860836029052734
2013-07-29,40.025001525878906,40.38999938964844,39.81999969482422,39.85499954223633,4370417,18.761974334716797
2013-07-30,39.900001525878906,40.35499954223633,39.849998474121094,40.20500183105469,3645356,18.926746368408203
2013-07-31,39.970001220703125,40.2599983215332,39.810001373291016,40.099998474121094,4994460,18.877315521240234
2013-08-01,40.39500045776367,40.619998931884766,39.900001525878906,40.5,4170047,19.065614700317383
2013-08-02,40.69499969482422,40.790000915527344,40.28499984741211,40.529998779296875,4366484,19.07973861694336
2013-08-05,40.53499984741211,40.70000076293945,40.209999084472656,40.474998474121094,3008242,19.05384063720703
2013-08-06,40.32500076293945,40.39500045776367,39.810001373291016,40.130001068115234,3354000,18.89144515991211
2013-08-07,39.92499923706055,40.150001525878906,39.689998626708984,40.09000015258789,2944828,18.87260627746582
2013-08-08,40.255001068115234,40.38999938964844,39.95500183105469,40.29999923706055,2874261,18.971460342407227
2013-08-09,40.334999084472656,40.47999954223633,39.95500183105469,40.25,2986652,18.94792366027832
2013-08-12,40.28499984741211,40.44499969482422,40.04999923706055,40.369998931884766,2176304,19.00441551208496
2013-08-13,40.400001525878906,40.77000045776367,40.334999084472656,40.650001525878906,2755667,19.1362247467041
2013-08-14,40.70000076293945,41.03499984741211,40.61000061035156,40.790000915527344,3205957,19.202136993408203
2013-08-15,40.709999084472656,41.189998626708984,40.709999084472656,41.189998626708984,3862648,19.390432357788086
2013-08-16,41.14500045776367,41.6150016784668,41.040000915527344,41.55500030517578,4942034,19.5622615814209
2013-08-19,41.599998474121094,41.61000061035156,41.005001068115234,41.064998626708984,3017223,19.331594467163086
2013-08-20,40.90999984741211,41.119998931884766,40.5099983215332,40.67499923706055,4872630,19.147994995117188
2013-08-21,40.845001220703125,40.959999084472656,40.53499984741211,40.689998626708984,2953583,19.155054092407227
2013-08-22,40.70500183105469,41.34000015258789,40.64500045776367,41.2400016784668,3551687,19.413976669311523
2013-08-23,41.165000915527344,42.08000183105469,40.78499984741211,42.0099983215332,5321478,19.77645492553711
2013-08-26,41.994998931884766,42.11000061035156,41.709999084472656,42.0,2233165,19.77174949645996
2013-08-27,41.625,42.16999816894531,41.48500061035156,41.724998474121094,6790927,19.642288208007812
2013-08-28,41.724998474121094,42.900001525878906,41.53499984741211,42.814998626708984,10393777,20.15541648864746
2013-08-29,42.810001373291016,42.82500076293945,42.15999984741211,42.5099983215332,4544010,20.0118350982666
2013-08-30,42.27000045776367,42.32500076293945,41.779998779296875,41.915000915527344,5004358,19.731735229492188
2013-09-02,42.064998626708984,42.38999938964844,41.93000030517578,42.38999938964844,3177784,19.95534324645996
2013-09-03,42.255001068115234,42.255001068115234,41.560001373291016,41.84000015258789,4279377,19.69643211364746
2013-09-04,41.849998474121094,42.0,41.435001373291016,41.96500015258789,4254783,19.755266189575195
2013-09-05,41.849998474121094,42.13999938964844,41.5,42.13999938964844,3779693,19.837657928466797
2013-09-06,41.97999954223633,42.41999816894531,41.63999938964844,42.404998779296875,4067075,19.962400436401367
2013-09-09,42.255001068115234,42.255001068115234,41.91999816894531,42.15999984741211,2630858,19.84707260131836
2013-09-10,42.47999954223633,42.61000061035156,41.8849983215332,42.38999938964844,4491689,19.95534324645996
2013-09-11,42.189998626708984,42.58000183105469,41.88999938964844,42.58000183105469,3800340,20.0447940826416
2013-09-12,42.48500061035156,42.7599983215332,42.22999954223633,42.57500076293945,3060887,20.04243278503418
2013-09-13,42.3849983215332,42.90999984741211,42.22999954223633,42.845001220703125,3468455,20.169538497924805
2013-09-16,42.97999954223633,43.02000045776367,42.665000915527344,42.95000076293945,3416964,20.21896743774414
2013-09-17,42.71500015258789,42.775001525878906,41.974998474121094,42.380001068115234,5205227,19.95063018798828
2013-09-18,42.400001525878906,42.44499969482422,41.95000076293945,42.154998779296875,3738931,19.844711303710938
2013-09-19,42.4900016784668,42.88999938964844,42.21500015258789,42.6150016784668,4921808,20.061262130737305
2013-09-20,42.5,42.7400016784668,42.310001373291016,42.375,9859671,19.948286056518555
2013-09-23,42.5,43.04999923706055,42.47999954223633,42.709999084472656,6771007,20.105987548828125
2013-09-24,42.525001525878906,43.52000045776367,42.525001525878906,43.19499969482422,7148022,20.619138717651367
2013-09-25,43.099998474121094,43.369998931884766,42.880001068115234,43.29999923706055,3907540,20.669254302978516
2013-09-26,43.119998931884766,43.36000061035156,42.869998931884766,43.13999938964844,4063217,20.592884063720703
2013-09-27,43.38999938964844,43.78499984741211,43.20500183105469,43.67499923706055,4317544,20.8482666015625
2013-09-30,43.14500045776367,43.290000915527344,42.56999969482422,42.89500045776367,5704738,20.475936889648438
2013-10-01,42.994998931884766,43.15999984741211,42.61000061035156,43.154998779296875,4182313,20.600046157836914
2013-10-02,42.834999084472656,43.03499984741211,42.560001373291016,42.900001525878906,3564209,20.47831916809082
2013-10-03,42.900001525878906,43.040000915527344,42.41999816894531,42.41999816894531,3054179,20.249189376831055
2013-10-04,42.44499969482422,43.16999816894531,42.435001373291016,42.88999938964844,3189334,20.473539352416992
2013-10-07,42.68000030517578,43.03499984741211,42.04999923706055,42.9900016784668,3087401,20.521284103393555
2013-10-08,42.85499954223633,43.154998779296875,42.790000915527344,42.98500061035156,2968884,20.518896102905273
2013-10-09,42.85499954223633,43.474998474121094,42.6349983215332,43.064998626708984,3910191,20.55707359313965
2013-10-10,43.25,43.65999984741211,43.08000183105469,43.6349983215332,4664340,20.829172134399414
2013-10-11,43.75,43.775001525878906,43.400001525878906,43.6150016784668,2509219,20.819623947143555
2013-10-14,43.45000076293945,43.85499954223633,43.2599983215332,43.630001068115234,2430690,20.826784133911133
2013-10-15,43.53499984741211,44.3650016784668,43.17499923706055,44.290000915527344,4270608,21.141836166381836
2013-10-16,44.29499816894531,44.560001373291016,44.040000915527344,44.380001068115234,3991659,21.184799194335938
2013-10-17,44.09000015258789,44.44499969482422,43.720001220703125,44.41999816894531,3631892,21.20389175415039
2013-10-18,44.28499984741211,44.79499816894531,44.005001068115234,44.79499816894531,6305140,21.382896423339844
2013-10-21,44.64500045776367,44.65999984741211,44.2599983215332,44.39500045776367,2910592,21.191957473754883
2013-10-22,44.189998626708984,44.20000076293945,43.435001373291016,44.20000076293945,5450109,21.098876953125
2013-10-23,43.81999969482422,43.994998931884766,43.595001220703125,43.810001373291016,3576248,20.912702560424805
2013-10-24,44.08000183105469,44.20000076293945,43.790000915527344,43.9900016784668,2720732,20.998632431030273
2013-10-25,44.0,44.900001525878906,43.95000076293945,44.57500076293945,5497801,21.27787971496582
2013-10-28,44.685001373291016,44.845001220703125,44.33000183105469,44.70000076293945,2967220,21.33754539489746
2013-10-29,44.7400016784668,45.22999954223633,44.7400016784668,45.13999938964844,4352870,21.547576904296875
2013-10-30,45.23500061035156,45.66999816894531,45.18000030517578,45.22999954223633,4105392,21.590543746948242
2013-10-31,45.0,45.26499938964844,44.099998474121094,45.26499938964844,6257990,21.607250213623047
2013-11-01,44.970001220703125,45.13999938964844,44.599998474121094,44.755001068115234,3199400,21.363805770874023
2013-11-04,44.755001068115234,44.79999923706055,44.209999084472656,44.5,3992321,21.242080688476562
2013-11-05,44.70500183105469,44.79999923706055,44.10499954223633,44.314998626708984,3137264,21.15377426147461
2013-11-06,44.275001525878906,44.71500015258789,44.275001525878906,44.57500076293945,3093893,21.27787971496582
2013-11-07,44.435001373291016,44.904998779296875,44.0,44.32500076293945,4873203,21.15854263305664
2013-11-08,43.880001068115234,43.95500183105469,43.439998626708984,43.79999923706055,6089988,20.90793800354004
2013-11-11,43.9900016784668,44.20500183105469,43.90999984741211,44.1349983215332,3162557,21.067846298217773
2013-11-12,44.16999816894531,44.16999816894531,43.8849983215332,43.88999938964844,3106883,20.950891494750977
2013-11-13,43.72999954223633,43.97999954223633,43.474998474121094,43.849998474121094,3342039,20.931795120239258
2013-11-14,44.380001068115234,44.400001525878906,43.915000915527344,44.02000045776367,4555822,21.012954711914062
2013-11-15,44.20000076293945,44.439998626708984,44.10499954223633,44.2400016784668,3753160,21.11796760559082
2013-11-18,44.154998779296875,44.810001373291016,44.03499984741211,44.65999984741211,3575324,21.318458557128906
2013-11-19,44.47999954223633,44.4900016784668,44.150001525878906,44.20500183105469,3398327,21.10126495361328
2013-11-20,44.025001525878906,44.6349983215332,43.959999084472656,44.349998474121094,2864883,21.17047882080078
2013-11-21,44.16999816894531,44.56999969482422,44.04499816894531,44.459999084472656,3057021,21.222986221313477
2013-11-22,44.45500183105469,44.900001525878906,44.314998626708984,44.880001068115234,3362152,21.423465728759766
2013-11-25,44.9900016784668,45.0,44.60499954223633,44.779998779296875,3101906,21.37574005126953
2013-11-26,44.84000015258789,44.98500061035156,44.58000183105469,44.58000183105469,3966706,21.280258178710938
2013-11-27,44.599998474121094,44.939998626708984,44.58000183105469,44.68000030517578,4405426,21.3280029296875
2013-11-28,44.744998931884766,44.880001068115234,44.5,44.560001373291016,2387984,21.270719528198242
2013-11-29,44.494998931884766,44.650001525878906,44.31999969482422,44.595001220703125,3051084,21.287429809570312
2013-12-02,44.5,44.6150016784668,44.18000030517578,44.439998626708984,3170643,21.21343994140625
2013-12-03,44.439998626708984,44.525001525878906,43.68000030517578,43.724998474121094,4759563,20.872129440307617
2013-12-04,43.69499969482422,43.744998931884766,42.79999923706055,43.220001220703125,5637525,20.631074905395508
2013-12-05,43.209999084472656,43.244998931884766,42.560001373291016,42.560001373291016,5593124,20.316022872924805
2013-12-06,42.81999969482422,43.13999938964844,42.42499923706055,42.91999816894531,4623171,20.48786735534668
2013-12-09,43.095001220703125,43.099998474121094,42.64500045776367,42.959999084472656,3467473,20.506967544555664
2013-12-10,42.619998931884766,42.7599983215332,42.25,42.25,4971230,20.16803550720215
2013-12-11,42.290000915527344,42.63999938964844,41.939998626708984,41.939998626708984,4773053,20.02005386352539
2013-12-12,41.845001220703125,42.09000015258789,41.755001068115234,41.775001525878906,4812976,19.941301345825195
2013-12-13,41.77000045776367,41.849998474121094,41.5,41.560001373291016,4153270,19.838672637939453
2013-12-16,41.06999969482422,42.21500015258789,41.04999923706055,42.150001525878906,6337048,20.410049438476562
2013-12-17,42.084999084472656,42.18000030517578,41.61000061035156,41.935001373291016,4501474,20.305950164794922
2013-12-18,42.09000015258789,42.4900016784668,41.71500015258789,42.4900016784668,5269632,20.57469367980957
2013-12-19,42.78499984741211,43.244998931884766,42.775001525878906,43.17499923706055,7240881,20.906381607055664
2013-12-20,42.76499938964844,43.75,42.7599983215332,43.75,23623961,21.184814453125
2013-12-23,43.75,44.09000015258789,43.459999084472656,43.9900016784668,3991218,21.301025390625
2013-12-24,43.54999923706055,44.099998474121094,43.529998779296875,44.0,735234,21.305864334106445
2013-12-27,44.20000076293945,44.65999984741211,44.09000015258789,44.5,4468518,21.5479793548584
2013-12-30,44.6349983215332,44.70000076293945,44.310001373291016,44.32500076293945,3112369,21.46324348449707
2013-12-31,44.29999923706055,44.650001525878906,44.220001220703125,44.529998779296875,993294,21.562503814697266
2014-01-02,44.5,44.709999084472656,43.744998931884766,43.75,4721748,21.184814453125
2014-01-03,43.900001525878906,44.099998474121094,43.755001068115234,43.880001068115234,2084652,21.247760772705078
2014-01-06,43.970001220703125,44.099998474121094,43.42499923706055,43.5,2558819,21.063758850097656
2014-01-07,43.55500030517578,44.025001525878906,43.39500045776367,43.970001220703125,2794669,21.291343688964844
2014-01-08,43.92499923706055,43.95000076293945,43.314998626708984,43.54499816894531,4347377,21.085546493530273
2014-01-09,43.599998474121094,43.974998474121094,43.18000030517578,43.345001220703125,3216463,20.98870277404785
2014-01-10,43.0,43.81999969482422,43.0,43.584999084472656,3745864,21.104921340942383
2014-01-13,43.61000061035156,43.665000915527344,42.970001220703125,43.05500030517578,3303305,20.8482723236084
2014-01-14,42.834999084472656,43.72999954223633,42.650001525878906,43.66999816894531,4415035,21.146072387695312
2014-01-15,43.64500045776367,43.97999954223633,43.34000015258789,43.904998779296875,4489833,21.259864807128906
2014-01-16,43.849998474121094,43.85499954223633,43.48500061035156,43.70000076293945,3290740,21.16059684753418
2014-01-17,43.869998931884766,44.400001525878906,43.70500183105469,44.10499954223633,6809977,21.356714248657227
2014-01-20,44.01499938964844,44.4900016784668,43.900001525878906,44.3849983215332,2511873,21.492284774780273
2014-01-21,44.5,44.744998931884766,44.060001373291016,44.154998779296875,3050447,21.38092613220215
2014-01-22,44.36000061035156,44.599998474121094,44.15999984741211,44.29499816894531,2607371,21.448711395263672
2014-01-23,44.349998474121094,44.630001068115234,43.69499969482422,43.91999816894531,3819065,21.267133712768555
2014-01-24,44.07500076293945,44.279998779296875,42.79499816894531,42.880001068115234,6362201,20.763534545898438
2014-01-27,42.9900016784668,43.10499954223633,42.185001373291016,42.375,5364467,20.519004821777344
2014-01-28,42.525001525878906,42.880001068115234,42.26499938964844,42.744998931884766,5088675,20.69816780090332
2014-01-29,42.974998474121094,43.05500030517578,41.790000915527344,42.36000061035156,5891111,20.511737823486328
2014-01-30,42.474998474121094,43.21500015258789,42.45000076293945,42.8849983215332,4689000,20.765953063964844
2014-01-31,42.75,42.75,41.650001525878906,42.34000015258789,6182909,20.502056121826172
2014-02-03,42.255001068115234,42.60499954223633,41.724998474121094,41.76499938964844,4068706,20.223623275756836
2014-02-04,41.720001220703125,41.880001068115234,41.404998779296875,41.6349983215332,5689677,20.16067886352539
2014-02-05,41.47999954223633,42.125,41.310001373291016,41.880001068115234,4590454,20.27930450439453
2014-02-06,42.03499984741211,42.880001068115234,41.6150016784668,42.685001373291016,6065581,20.66911506652832
2014-02-07,42.290000915527344,43.34000015258789,41.91999816894531,43.17499923706055,6649012,20.906381607055664
2014-02-10,43.21500015258789,43.25,42.775001525878906,42.94499969482422,3332127,20.795015335083008
2014-02-11,42.970001220703125,43.584999084472656,42.8849983215332,43.584999084472656,3997637,21.104921340942383
2014-02-12,43.95000076293945,44.42499923706055,43.595001220703125,44.0,5064734,21.305864334106445
2014-02-13,44.220001220703125,44.39500045776367,43.849998474121094,44.0,4753558,21.305864334106445
2014-02-14,44.19499969482422,44.44499969482422,43.97999954223633,44.439998626708984,5294987,21.51892852783203
2014-02-17,44.400001525878906,44.45000076293945,44.2599983215332,44.290000915527344,2260118,21.446290969848633
2014-02-18,44.25,44.494998931884766,44.13999938964844,44.439998626708984,3344743,21.51892852783203
2014-02-19,44.30500030517578,44.60499954223633,44.30500030517578,44.43000030517578,3243799,21.514081954956055
2014-02-20,43.959999084472656,44.91999816894531,43.83000183105469,44.88999938964844,4956657,21.73682975769043
2014-02-21,45.0,45.63999938964844,44.959999084472656,45.599998474121094,6464467,22.080625534057617
2014-02-24,45.70000076293945,46.23500061035156,45.529998779296875,46.23500061035156,4724384,22.388107299804688
2014-02-25,46.04999923706055,46.439998626708984,45.880001068115234,46.404998779296875,3673863,22.470428466796875
2014-02-26,46.400001525878906,46.709999084472656,46.150001525878906,46.55500030517578,4237408,22.543062210083008
2014-02-27,46.40999984741211,46.540000915527344,46.04999923706055,46.34000015258789,4466212,22.438949584960938
2014-02-28,46.70500183105469,47.029998779296875,46.435001373291016,47.029998779296875,6737351,22.773061752319336
2014-03-03,46.5,47.02000045776367,46.220001220703125,46.220001220703125,6156901,22.380849838256836
2014-03-04,46.599998474121094,47.26499938964844,46.505001068115234,47.02000045776367,5519483,22.768226623535156
2014-03-05,46.790000915527344,47.06999969482422,46.540000915527344,46.92499923706055,5128934,22.72222137451172
2014-03-06,46.9900016784668,47.125,46.689998626708984,47.060001373291016,4144080,22.787593841552734
2014-03-07,46.96500015258789,47.26499938964844,46.13999938964844,46.13999938964844,5265907,22.342111587524414
2014-03-10,46.380001068115234,46.994998931884766,46.10499954223633,46.5,4114121,22.516435623168945
2014-03-11,46.71500015258789,46.84000015258789,46.27000045776367,46.3849983215332,3200226,22.460739135742188
2014-03-12,45.9900016784668,46.46500015258789,45.685001373291016,46.2400016784668,4409732,22.390535354614258
2014-03-13,46.23500061035156,46.599998474121094,45.71500015258789,45.71500015258789,4524724,22.136314392089844
2014-03-14,45.6150016784668,46.224998474121094,45.44499969482422,46.0,9342742,22.274324417114258
2014-03-17,46.04999923706055,46.68000030517578,45.92499923706055,46.474998474121094,3932078,22.50432777404785
2014-03-18,46.29999923706055,47.70000076293945,46.150001525878906,47.32500076293945,5851895,22.915910720825195
2014-03-19,47.20000076293945,47.79999923706055,47.17499923706055,47.290000915527344,4428646,22.898969650268555
2014-03-20,46.625,47.2400016784668,46.42499923706055,47.2400016784668,6987373,22.874755859375
2014-03-21,47.02000045776367,47.599998474121094,46.80500030517578,47.564998626708984,10296592,23.03212547302246
2014-03-24,46.70000076293945,47.064998626708984,46.2599983215332,46.33000183105469,6374471,22.715885162353516
2014-03-25,46.34000015258789,46.83000183105469,46.310001373291016,46.79999923706055,4734220,22.946319580078125
2014-03-26,46.94499969482422,47.58000183105469,46.80500030517578,47.5,4968263,23.289533615112305
2014-03-27,47.41999816894531,47.939998626708984,47.34000015258789,47.88999938964844,4438880,23.480758666992188
2014-03-28,47.94499969482422,48.06999969482422,47.71500015258789,48.029998779296875,3760273,23.549400329589844
2014-03-31,48.14500045776367,48.25,47.599998474121094,47.599998474121094,3609570,23.338581085205078
2014-04-01,47.54499816894531,48.025001525878906,47.529998779296875,47.8849983215332,3760473,23.478300094604492
2014-04-02,47.79499816894531,48.03499984741211,47.52000045776367,47.84000015258789,3247878,23.456249237060547
2014-04-03,47.82500076293945,48.22999954223633,47.57500076293945,48.0,3689295,23.53468894958496
2014-04-04,48.224998474121094,48.82500076293945,48.130001068115234,48.685001373291016,4059384,23.87055206298828
2014-04-07,48.25,48.54999923706055,47.90999984741211,47.90999984741211,4404899,23.49056625366211
2014-04-08,47.95000076293945,48.525001525878906,47.76499938964844,48.29999923706055,6527939,23.681787490844727
2014-04-09,48.22999954223633,48.95000076293945,48.18000030517578,48.63999938964844,3741066,23.84848976135254
2014-04-10,48.63999938964844,48.65999984741211,47.85499954223633,47.88999938964844,3887951,23.480758666992188
2014-04-11,47.64500045776367,48.01499938964844,47.310001373291016,47.724998474121094,6053872,23.399860382080078
2014-04-14,47.619998931884766,49.13999938964844,47.52000045776367,49.099998474121094,5696088,24.07402992248535
2014-04-15,48.92499923706055,49.685001373291016,48.834999084472656,48.9900016784668,5817823,24.02009391784668
2014-04-16,49.4900016784668,49.529998779296875,48.80500030517578,49.0,5463235,24.024995803833008
2014-04-17,49.095001220703125,49.279998779296875,48.61000061035156,49.279998779296875,8701326,24.16228485107422
2014-04-22,49.34000015258789,49.744998931884766,49.119998931884766,49.744998931884766,5065445,24.390275955200195
2014-04-23,49.59000015258789,49.775001525878906,49.17499923706055,49.17499923706055,5445870,24.11080551147461
2014-04-24,49.35499954223633,49.9900016784668,49.30500030517578,49.94499969482422,5690007,24.48832893371582
2014-04-25,49.619998931884766,49.790000915527344,49.459999084472656,49.6349983215332,4654126,24.336339950561523
2014-04-28,49.4900016784668,50.33000183105469,49.45000076293945,50.29999923706055,4879965,24.66240119934082
2014-04-29,50.2599983215332,51.4900016784668,50.0,51.4900016784668,6437367,25.245866775512695
2014-04-30,50.650001525878906,51.79999923706055,50.31999969482422,51.47999954223633,6541204,25.24095344543457
2014-05-01,51.47999954223633,51.47999954223633,51.47999954223633,51.47999954223633,0,25.24095344543457
2014-05-02,50.75,51.2599983215332,50.599998474121094,50.849998474121094,5418723,24.932064056396484
2014-05-05,50.79999923706055,51.2400016784668,50.36000061035156,51.13999938964844,3396223,25.07425880432129
2014-05-06,51.29999923706055,51.560001373291016,50.59000015258789,50.720001220703125,4085764,24.86832618713379
2014-05-07,50.75,51.790000915527344,50.720001220703125,51.70000076293945,6301281,25.348827362060547
2014-05-08,51.72999954223633,53.08000183105469,51.5099983215332,53.08000183105469,8104437,26.02544593811035
2014-05-09,52.650001525878906,52.72999954223633,52.0,52.2599983215332,5614472,25.623395919799805
2014-05-12,52.27000045776367,52.380001068115234,52.040000915527344,52.36000061035156,3908210,25.67243003845215
2014-05-13,52.11000061035156,52.20000076293945,51.7400016784668,51.77000045776367,4254314,25.38314437866211
2014-05-14,51.95000076293945,52.040000915527344,51.72999954223633,51.90999984741211,4475115,25.451793670654297
2014-05-15,51.77000045776367,52.040000915527344,51.09000015258789,51.09000015258789,5221242,25.049739837646484
2014-05-16,51.25,52.0099983215332,51.189998626708984,52.0099983215332,5683978,25.500810623168945
2014-05-19,51.83000183105469,52.369998931884766,51.5,52.150001525878906,4694072,25.56946563720703
2014-05-20,52.09000015258789,52.279998779296875,51.349998474121094,51.439998626708984,3673732,25.221338272094727
2014-05-21,51.45000076293945,52.29999923706055,51.41999816894531,52.130001068115234,4037050,25.55965805053711
2014-05-22,52.029998779296875,52.209999084472656,51.779998779296875,52.04999923706055,2689780,25.520427703857422
2014-05-23,52.060001373291016,52.380001068115234,51.970001220703125,52.290000915527344,2838596,25.63809585571289
2014-05-26,52.400001525878906,52.650001525878906,52.220001220703125,52.650001525878906,1973746,25.814607620239258
2014-05-27,52.33000183105469,52.380001068115234,51.90999984741211,52.18000030517578,4318099,25.584169387817383
2014-05-28,52.029998779296875,52.380001068115234,51.540000915527344,51.79999923706055,3875344,25.397857666015625
2014-05-29,51.7400016784668,52.04999923706055,51.61000061035156,51.720001220703125,2423366,25.358625411987305
2014-05-30,51.970001220703125,52.16999816894531,51.47999954223633,51.47999954223633,4599840,25.24095344543457
2014-06-02,51.4900016784668,51.58000183105469,51.150001525878906,51.470001220703125,3562344,25.53866958618164
2014-06-03,51.54999923706055,51.619998931884766,51.099998474121094,51.2599983215332,2355294,25.434471130371094
2014-06-04,51.099998474121094,51.20000076293945,50.43000030517578,50.58000183105469,3902849,25.09706687927246
2014-06-05,50.630001068115234,51.58000183105469,50.349998474121094,51.43000030517578,5739725,25.51881980895996
2014-06-06,51.599998474121094,52.09000015258789,51.33000183105469,51.93000030517578,4672670,25.766918182373047
2014-06-09,51.63999938964844,52.040000915527344,51.630001068115234,52.040000915527344,2308257,25.82149887084961
2014-06-10,52.0,52.04999923706055,51.68000030517578,51.91999816894531,3523387,25.761951446533203
2014-06-11,52.0,52.099998474121094,51.459999084472656,51.720001220703125,3996382,25.662710189819336
2014-06-12,51.720001220703125,52.59000015258789,51.720001220703125,52.38999938964844,5236602,25.995159149169922
2014-06-13,52.560001373291016,53.04999923706055,52.459999084472656,52.86000061035156,5693425,26.228364944458008
2014-06-16,52.5,52.97999954223633,52.41999816894531,52.41999816894531,3994947,26.010042190551758
2014-06-17,52.599998474121094,52.630001068115234,52.0,52.470001220703125,4374393,26.03485679626465
2014-06-18,52.599998474121094,52.939998626708984,52.400001525878906,52.849998474121094,4316452,26.223403930664062
2014-06-19,53.0,53.81999969482422,52.90999984741211,53.68000030517578,7046345,26.635234832763672
2014-06-20,53.43000030517578,54.16999816894531,53.36000061035156,53.95000076293945,10739308,26.769210815429688
2014-06-23,53.65999984741211,54.540000915527344,53.619998931884766,54.22999954223633,4534252,26.908140182495117
2014-06-24,54.43000030517578,54.709999084472656,54.369998931884766,54.52000045776367,4081579,27.052034378051758
2014-06-25,54.0099983215332,54.31999969482422,53.41999816894531,53.470001220703125,4716829,26.531038284301758
2014-06-26,53.470001220703125,53.56999969482422,52.27000045776367,52.93000030517578,4717426,26.263099670410156
2014-06-27,52.91999816894531,53.5,52.66999816894531,52.720001220703125,3060676,26.158905029296875
2014-06-30,52.5,52.97999954223633,52.209999084472656,52.779998779296875,4409035,26.188671112060547
2014-07-01,52.779998779296875,53.470001220703125,52.7400016784668,53.290000915527344,3113822,26.441720962524414
2014-07-02,53.09000015258789,53.650001525878906,52.79999923706055,53.0,3478348,26.297836303710938
2014-07-03,52.93000030517578,53.349998474121094,52.560001373291016,53.060001373291016,4760090,26.327604293823242
2014-07-04,52.880001068115234,53.5,52.79999923706055,53.08000183105469,2504716,26.3375244140625
2014-07-07,52.849998474121094,52.95000076293945,51.970001220703125,52.029998779296875,3636727,25.81654167175293
2014-07-08,52.16999816894531,52.58000183105469,51.41999816894531,51.41999816894531,3910578,25.51386260986328
2014-07-09,51.349998474121094,51.70000076293945,51.220001220703125,51.540000915527344,3505533,25.573406219482422
2014-07-10,51.45000076293945,51.52000045776367,50.34000015258789,50.59000015258789,3771518,25.10202407836914
2014-07-11,50.75,51.02000045776367,50.599998474121094,50.77000045776367,3266547,25.191335678100586
2014-07-14,50.779998779296875,51.18000030517578,50.68000030517578,51.11000061035156,2554107,25.36004638671875
2014-07-15,50.900001525878906,51.060001373291016,50.060001373291016,50.060001373291016,4181463,24.83905601501465
2014-07-16,50.15999984741211,51.220001220703125,50.15999984741211,50.88999938964844,4613753,25.250877380371094
2014-07-17,50.459999084472656,50.61000061035156,49.68000030517578,49.72999954223633,4909854,24.67530059814453
2014-07-18,49.5099983215332,50.2599983215332,49.470001220703125,50.25,4276193,24.933320999145508
2014-07-21,50.34000015258789,50.5099983215332,49.7599983215332,49.790000915527344,3888673,24.705081939697266
2014-07-22,50.279998779296875,51.40999984741211,50.20000076293945,51.349998474121094,4641807,25.479124069213867
2014-07-23,51.31999969482422,51.790000915527344,50.93000030517578,51.40999984741211,3618512,25.50889778137207
2014-07-24,51.619998931884766,51.9900016784668,51.099998474121094,51.91999816894531,3396295,25.761951446533203
2014-07-25,51.869998931884766,51.880001068115234,50.86000061035156,51.099998474121094,4357397,25.355077743530273
2014-07-28,51.290000915527344,51.81999969482422,51.08000183105469,51.779998779296875,3626928,25.69248390197754
2014-07-29,51.75,52.36000061035156,51.439998626708984,52.220001220703125,4758605,25.91080665588379
2014-07-30,50.90999984741211,51.38999938964844,49.42499923706055,49.64500045776367,9383832,24.633136749267578
2014-07-31,49.974998474121094,49.98500061035156,48.09000015258789,48.09000015258789,11143282,23.861562728881836
2014-08-01,48.59000015258789,48.75,47.7400016784668,48.029998779296875,9095390,23.831787109375
2014-08-04,48.029998779296875,48.61000061035156,47.85499954223633,48.470001220703125,6175945,24.05011558532715
2014-08-05,48.84000015258789,48.97999954223633,48.46500015258789,48.560001373291016,5206483,24.094770431518555
2014-08-06,48.119998931884766,48.959999084472656,47.83000183105469,48.69499969482422,6058228,24.16175651550293
2014-08-07,48.845001220703125,49.095001220703125,48.290000915527344,48.290000915527344,6809011,23.960796356201172
2014-08-08,47.82500076293945,48.78499984741211,47.79999923706055,48.33000183105469,6625110,23.980648040771484
2014-08-11,48.755001068115234,49.0099983215332,48.209999084472656,48.88999938964844,4776750,24.258512496948242
2014-08-12,48.65999984741211,48.665000915527344,47.57500076293945,47.79999923706055,5622005,23.717666625976562
2014-08-13,48.0,48.290000915527344,47.7599983215332,48.05500030517578,3942287,23.844192504882812
2014-08-14,47.96500015258789,48.130001068115234,47.400001525878906,47.8849983215332,4506317,23.75984001159668
2014-08-15,48.10499954223633,48.39500045776367,47.14500045776367,47.33000183105469,6940394,23.484464645385742
2014-08-18,47.9900016784668,48.10499954223633,47.45500183105469,47.810001373291016,4632041,23.722625732421875
2014-08-19,48.03499984741211,48.33000183105469,47.86000061035156,48.25,3357966,23.940948486328125
2014-08-20,48.34000015258789,48.5,47.71500015258789,48.349998474121094,3726889,23.990571975708008
2014-08-21,48.400001525878906,48.994998931884766,48.005001068115234,48.970001220703125,4839688,24.29821014404297
2014-08-22,48.915000915527344,48.915000915527344,47.5,47.915000915527344,5945343,23.77472496032715
2014-08-25,48.630001068115234,49.2599983215332,48.29499816894531,49.2599983215332,4315447,24.442096710205078
2014-08-26,49.21500015258789,50.060001373291016,48.93000030517578,50.029998779296875,4624548,24.824169158935547
2014-08-27,50.029998779296875,50.09000015258789,49.435001373291016,49.7400016784668,3634244,24.680267333984375
2014-08-28,49.66999816894531,49.869998931884766,49.29499816894531,49.58000183105469,4979656,24.60087776184082
2014-08-29,49.724998474121094,50.25,49.630001068115234,50.189998626708984,4845122,24.903560638427734
2014-09-01,50.279998779296875,50.619998931884766,50.18000030517578,50.540000915527344,2816187,25.07721710205078
2014-09-02,50.540000915527344,50.709999084472656,49.689998626708984,49.869998931884766,3891874,24.744768142700195
2014-09-03,49.994998931884766,50.68000030517578,49.814998626708984,50.45000076293945,4281965,25.03255844116211
2014-09-04,50.349998474121094,52.09000015258789,49.974998474121094,51.77000045776367,7589657,25.687524795532227
2014-09-05,51.84000015258789,51.84000015258789,51.029998779296875,51.40999984741211,4011045,25.50889778137207
2014-09-08,51.349998474121094,51.43000030517578,50.709999084472656,50.84000015258789,3163216,25.22607421875
2014-09-09,51.0,51.099998474121094,50.38999938964844,50.5,3432644,25.05736541748047
2014-09-10,50.5099983215332,50.790000915527344,50.209999084472656,50.290000915527344,3465445,24.953168869018555
2014-09-11,50.5,50.599998474121094,49.630001068115234,50.16999816894531,4183112,24.893619537353516
2014-09-12,50.2400016784668,50.310001373291016,49.689998626708984,50.029998779296875,2547469,24.824169158935547
2014-09-15,49.40999984741211,49.650001525878906,49.084999084472656,49.44499969482422,4519539,24.53389549255371
2014-09-16,49.54999923706055,49.95500183105469,49.275001525878906,49.8650016784668,4438724,24.742290496826172
2014-09-17,50.2400016784668,50.310001373291016,49.8650016784668,49.94499969482422,3700135,24.781978607177734
2014-09-18,49.959999084472656,50.099998474121094,49.61000061035156,49.994998931884766,4734526,24.806793212890625
2014-09-19,49.974998474121094,50.27000045776367,49.54499816894531,50.040000915527344,9344813,24.829130172729492
2014-09-22,49.8650016784668,50.880001068115234,49.5,50.130001068115234,5083322,24.873783111572266
2014-09-23,49.619998931884766,49.64500045776367,48.470001220703125,48.7599983215332,6386108,24.49203109741211
2014-09-24,48.904998779296875,50.27000045776367,48.81999969482422,50.16999816894531,5280732,25.200275421142578
2014-09-25,50.20000076293945,50.2599983215332,49.25,49.56999969482422,6147179,24.898893356323242
2014-09-26,49.75,50.9900016784668,49.5099983215332,50.72999954223633,5976488,25.4815616607666
2014-09-29,50.77000045776367,50.88999938964844,50.040000915527344,50.310001373291016,3842237,25.27059555053711
2014-09-30,50.779998779296875,51.7400016784668,50.619998931884766,51.45000076293945,7246860,25.84320831298828
2014-10-01,51.0,51.290000915527344,50.349998474121094,50.709999084472656,4811115,25.471508026123047
2014-10-02,50.810001373291016,50.810001373291016,48.185001373291016,48.185001373291016,9415042,24.203205108642578
2014-10-03,49.060001373291016,49.255001068115234,48.20500183105469,48.5099983215332,6032079,24.366458892822266
2014-10-06,49.125,49.13999938964844,47.92499923706055,48.349998474121094,4785709,24.286090850830078
2014-10-07,48.244998931884766,48.32500076293945,47.220001220703125,47.220001220703125,7795101,23.718496322631836
2014-10-08,47.119998931884766,47.415000915527344,46.54999923706055,46.73500061035156,6003951,23.474884033203125
2014-10-09,47.349998474121094,47.400001525878906,45.83000183105469,46.290000915527344,6166552,23.251358032226562
2014-10-10,45.810001373291016,45.97999954223633,44.595001220703125,44.599998474121094,8819260,22.402475357055664
2014-10-13,44.255001068115234,45.48500061035156,44.099998474121094,45.15999984741211,5881835,22.68375587463379
2014-10-14,44.834999084472656,45.06999969482422,43.849998474121094,44.77000045776367,7008186,22.487865447998047
2014-10-15,44.56999969482422,44.56999969482422,42.65999984741211,42.755001068115234,12360434,21.475732803344727
2014-10-16,43.150001525878906,43.474998474121094,40.564998626708984,42.55500030517578,13602693,21.375276565551758
2014-10-17,43.04499816894531,44.505001068115234,42.619998931884766,44.154998779296875,13064638,22.178953170776367
2014-10-20,43.814998626708984,44.0,42.619998931884766,42.939998626708984,8604988,21.568662643432617
2014-10-21,42.0,44.42499923706055,41.970001220703125,44.42499923706055,8533675,22.3145694732666
2014-10-22,44.44499969482422,44.650001525878906,43.80500030517578,44.59000015258789,7685672,22.397451400756836
2014-10-23,44.34000015258789,45.96500015258789,43.689998626708984,45.810001373291016,8145209,23.010255813598633
2014-10-24,45.54499816894531,45.665000915527344,44.584999084472656,44.85499954223633,6716857,22.530567169189453
2014-10-27,45.619998931884766,45.619998931884766,44.19499969482422,44.435001373291016,5041029,22.319595336914062
2014-10-28,45.25,45.68000030517578,44.849998474121094,45.494998931884766,7921672,22.852033615112305
2014-10-29,46.275001525878906,46.939998626708984,45.939998626708984,46.39500045776367,6680364,23.304101943969727
2014-10-30,46.85499954223633,47.19499969482422,45.53499984741211,46.994998931884766,9025002,23.60548210144043
2014-10-31,48.0,48.10499954223633,47.08000183105469,47.41999816894531,10086745,23.81894874572754
2014-11-03,47.29499816894531,47.625,46.54999923706055,46.75,5067587,23.482418060302734
2014-11-04,45.79999923706055,46.13999938964844,44.810001373291016,44.994998931884766,7793443,22.600881576538086
2014-11-05,45.47999954223633,46.28499984741211,45.0,46.28499984741211,7172235,23.248844146728516
2014-11-06,46.5,47.66999816894531,46.0,46.51499938964844,7239393,23.364376068115234
2014-11-07,46.70000076293945,46.915000915527344,46.04999923706055,46.529998779296875,6812064,23.371910095214844
2014-11-10,46.459999084472656,47.224998474121094,46.459999084472656,47.10499954223633,4787908,23.660734176635742
2014-11-11,46.974998474121094,47.029998779296875,46.20000076293945,46.709999084472656,5129602,23.462326049804688
2014-11-12,46.6150016784668,46.79499816894531,45.78499984741211,45.904998779296875,5402947,23.057973861694336
2014-11-13,46.25,46.279998779296875,45.025001525878906,45.5,5394600,22.85453224182129
2014-11-14,45.599998474121094,45.8650016784668,44.78499984741211,45.57500076293945,4961687,22.8922176361084
2014-11-17,45.3849983215332,46.07500076293945,45.15999984741211,46.040000915527344,4878557,23.125789642333984
2014-11-18,46.064998626708984,46.72999954223633,46.0,46.529998779296875,5325207,23.371910095214844
2014-11-19,46.529998779296875,46.77000045776367,46.11000061035156,46.505001068115234,3540461,23.359355926513672
2014-11-20,46.654998779296875,46.904998779296875,45.959999084472656,46.654998779296875,5670863,23.4346923828125
2014-11-21,47.0,49.040000915527344,46.88999938964844,48.53499984741211,11177812,24.379018783569336
2014-11-24,48.720001220703125,49.42499923706055,48.19499969482422,48.45000076293945,7296130,24.336328506469727
2014-11-25,48.19499969482422,48.26499938964844,47.36000061035156,47.685001373291016,6561112,23.952062606811523
2014-11-26,47.69499969482422,47.97999954223633,47.20000076293945,47.834999084472656,4992653,24.02741050720215
2014-11-27,47.790000915527344,47.790000915527344,45.709999084472656,45.900001525878906,8968304,23.055469512939453
2014-11-28,44.540000915527344,44.9900016784668,43.505001068115234,44.9900016784668,12596104,22.598379135131836
2014-12-01,44.27000045776367,45.040000915527344,43.290000915527344,44.6349983215332,8064178,22.420061111450195
2014-12-02,45.060001373291016,46.54499816894531,44.900001525878906,46.154998779296875,10407558,23.18354606628418
2014-12-03,46.29499816894531,46.564998626708984,45.05500030517578,45.92499923706055,7101955,23.068023681640625
2014-12-04,46.099998474121094,46.099998474121094,44.11000061035156,44.505001068115234,9967345,22.35476303100586
2014-12-05,45.15999984741211,45.400001525878906,44.400001525878906,45.185001373291016,8313523,22.69631576538086
2014-12-08,45.084999084472656,45.20000076293945,44.334999084472656,44.334999084472656,5302520,22.269372940063477
2014-12-09,43.77000045776367,43.91999816894531,42.939998626708984,43.22999954223633,11288951,21.714323043823242
2014-12-10,43.38999938964844,43.685001373291016,42.22999954223633,42.54499816894531,7857409,21.370250701904297
2014-12-11,42.57500076293945,43.33000183105469,41.95000076293945,42.56999969482422,8572086,21.3828067779541
2014-12-12,42.084999084472656,42.5,41.1349983215332,41.1349983215332,8676170,20.662012100219727
2014-12-15,40.76499938964844,42.18000030517578,39.255001068115234,39.369998931884766,11804036,20.0731258392334
2014-12-16,39.41999816894531,40.43000030517578,38.25,40.43000030517578,19984005,20.61358070373535
2014-12-17,39.69499969482422,42.18000030517578,39.279998779296875,41.845001220703125,11967934,21.33502960205078
2014-12-18,42.7400016784668,43.369998931884766,41.81999969482422,42.83000183105469,12546526,21.837244033813477
2014-12-19,43.599998474121094,43.599998474121094,42.400001525878906,42.86000061035156,18774080,21.85253143310547
2014-12-22,43.439998626708984,44.41999816894531,42.474998474121094,42.84000015258789,7715224,21.84234046936035
2014-12-23,42.790000915527344,43.814998626708984,42.51499938964844,43.744998931884766,5638668,22.30375862121582
2014-12-24,43.904998779296875,43.9900016784668,43.400001525878906,43.6150016784668,984969,22.23748016357422
2014-12-29,43.70000076293945,43.880001068115234,42.88999938964844,43.744998931884766,4842201,22.30375862121582
2014-12-30,43.25,43.44499969482422,42.52000045776367,42.53499984741211,5006078,21.686830520629883
2014-12-31,42.869998931884766,42.95000076293945,42.41999816894531,42.52000045776367,1357217,21.67918586730957
2015-01-02,42.900001525878906,43.310001373291016,42.07500076293945,42.525001525878906,4456793,21.681730270385742
2015-01-05,42.220001220703125,42.38999938964844,39.849998474121094,39.97999954223633,10754689,20.384151458740234
2015-01-06,40.165000915527344,41.04499816894531,39.345001220703125,39.91999816894531,9773351,20.353546142578125
2015-01-07,40.099998474121094,41.33000183105469,39.724998474121094,40.82500076293945,8174121,20.814971923828125
2015-01-08,41.494998931884766,42.4900016784668,40.95000076293945,42.400001525878906,9051105,21.617996215820312
2015-01-09,42.25,42.45500183105469,40.68000030517578,41.064998626708984,8612117,20.93733787536621
2015-01-12,41.20000076293945,41.494998931884766,40.255001068115234,41.279998779296875,7771896,21.046953201293945
2015-01-13,40.709999084472656,41.790000915527344,40.224998474121094,41.70000076293945,8829947,21.26109504699707
2015-01-14,40.625,41.66999816894531,40.369998931884766,40.814998626708984,10291132,20.80986976623535
2015-01-15,41.650001525878906,42.51499938964844,39.564998626708984,41.95000076293945,13224266,21.38857078552246
2015-01-16,42.0,43.654998779296875,41.849998474121094,43.29999923706055,15057197,22.076873779296875
2015-01-19,43.314998626708984,43.630001068115234,42.790000915527344,43.05500030517578,7453306,21.951961517333984
2015-01-20,43.15999984741211,43.959999084472656,42.86000061035156,43.56999969482422,9552708,22.214527130126953
2015-01-21,43.654998779296875,44.6150016784668,42.95000076293945,44.45000076293945,10691034,22.6632080078125
2015-01-22,44.69499969482422,45.9900016784668,44.46500015258789,45.064998626708984,11240714,22.976770401000977
2015-01-23,46.0,46.35499954223633,44.97999954223633,45.94499969482422,12238647,23.425453186035156
2015-01-26,45.5,46.86000061035156,45.19499969482422,46.685001373291016,8449141,23.802743911743164
2015-01-27,46.599998474121094,46.65999984741211,45.52000045776367,46.38999938964844,7841052,23.6523380279541
2015-01-28,46.779998779296875,46.79999923706055,45.25,45.564998626708984,8047726,23.231687545776367
2015-01-29,44.439998626708984,45.31999969482422,43.97999954223633,44.90999984741211,9321706,22.897741317749023
2015-01-30,45.80500030517578,45.994998931884766,44.720001220703125,45.5,11228168,23.198551177978516
2015-02-02,45.834999084472656,47.189998626708984,45.73500061035156,47.0,10847091,23.963342666625977
2015-02-03,47.78499984741211,48.599998474121094,47.64500045776367,48.279998779296875,12043649,24.615968704223633
2015-02-04,48.21500015258789,48.42499923706055,47.029998779296875,47.75,10298211,24.34574317932129
2015-02-05,46.775001525878906,48.279998779296875,46.15999984741211,48.08000183105469,8210402,24.513999938964844
2015-02-06,48.1349983215332,48.314998626708984,47.41999816894531,47.68000030517578,6062408,24.31005096435547
2015-02-09,47.29999923706055,48.13999938964844,47.029998779296875,47.95000076293945,8108676,24.447711944580078
2015-02-10,48.20000076293945,48.25,46.755001068115234,47.349998474121094,8192996,24.141799926757812
2015-02-11,47.5,47.5,46.45000076293945,46.95000076293945,5168594,23.937856674194336
2015-02-12,46.63999938964844,47.95000076293945,46.349998474121094,47.349998474121094,8904939,24.141799926757812
2015-02-13,47.630001068115234,47.900001525878906,46.95000076293945,47.375,8390994,24.154542922973633
2015-02-16,47.53499984741211,47.61000061035156,46.8650016784668,47.1150016784668,4463613,24.021984100341797
2015-02-17,46.6150016784668,47.67499923706055,46.334999084472656,47.279998779296875,5555785,24.106107711791992
2015-02-18,47.7599983215332,47.834999084472656,47.05500030517578,47.26499938964844,5353346,24.098464965820312
2015-02-19,46.900001525878906,46.900001525878906,45.5,45.97999954223633,10911577,23.443288803100586
2015-02-20,46.04499816894531,46.310001373291016,45.685001373291016,46.03499984741211,10946262,23.471338272094727
2015-02-23,46.95000076293945,46.95000076293945,45.52000045776367,46.290000915527344,6447787,23.601346969604492
2015-02-24,46.29999923706055,47.345001220703125,46.04499816894531,47.185001373291016,6679411,24.057676315307617
2015-02-25,47.15999984741211,47.349998474121094,46.70000076293945,47.349998474121094,5193503,24.141799926757812
2015-02-26,47.48500061035156,47.685001373291016,46.82500076293945,47.25,6517275,24.0908145904541
2015-02-27,47.08000183105469,48.31999969482422,47.060001373291016,48.23500061035156,8536472,24.59302520751953
2015-03-02,48.165000915527344,48.165000915527344,47.084999084472656,47.189998626708984,7258940,24.060216903686523
2015-03-03,47.20000076293945,47.3849983215332,46.73500061035156,47.125,6328748,24.027090072631836
2015-03-04,47.5,47.79999923706055,46.98500061035156,47.435001373291016,6428028,24.185138702392578
2015-03-05,47.810001373291016,48.30500030517578,47.45000076293945,47.470001220703125,6273821,24.202978134155273
2015-03-06,47.26499938964844,47.5,46.900001525878906,47.005001068115234,5904960,23.965896606445312
2015-03-09,46.810001373291016,46.875,46.290000915527344,46.685001373291016,5691952,23.802743911743164
2015-03-10,46.59000015258789,46.59000015258789,45.119998931884766,45.18000030517578,9560545,23.0354061126709
2015-03-11,45.369998931884766,45.77000045776367,45.02000045776367,45.46500015258789,9491414,23.18071746826172
2015-03-12,45.474998474121094,45.98500061035156,45.33000183105469,45.439998626708984,5547248,23.16796875
2015-03-13,45.52000045776367,45.52000045776367,44.224998474121094,44.64500045776367,9363565,22.762632369995117
2015-03-16,44.70500183105469,44.79499816894531,44.18000030517578,44.56999969482422,7105448,22.72439193725586
2015-03-17,44.625,45.31999969482422,44.599998474121094,45.209999084472656,8321856,23.050704956054688
2015-03-18,45.380001068115234,46.0,45.150001525878906,46.0,7094344,23.453493118286133
2015-03-19,46.14500045776367,46.58000183105469,45.94499969482422,46.474998474121094,6671262,23.695674896240234
2015-03-20,46.66999816894531,47.775001525878906,46.255001068115234,47.6349983215332,14032253,24.28710174560547
2015-03-23,47.185001373291016,47.20000076293945,46.720001220703125,46.95000076293945,5856401,24.248371124267578
2015-03-24,46.564998626708984,47.28499984741211,46.369998931884766,46.8849983215332,5720541,24.214797973632812
2015-03-25,46.54499816894531,46.91999816894531,46.41999816894531,46.505001068115234,6156620,24.018545150756836
2015-03-26,46.849998474121094,47.40999984741211,45.974998474121094,46.59000015258789,9107892,24.06243324279785
2015-03-27,46.66999816894531,46.66999816894531,45.939998626708984,46.595001220703125,7335388,24.06502342224121
2015-03-30,46.5099983215332,47.244998931884766,46.30500030517578,47.0,5479616,24.274194717407227
2015-03-31,46.8650016784668,47.130001068115234,46.16999816894531,46.275001525878906,7320039,23.89975929260254
2015-04-01,46.15999984741211,46.970001220703125,46.064998626708984,46.369998931884766,6961016,23.948816299438477
2015-04-02,46.459999084472656,46.7400016784668,45.66999816894531,45.845001220703125,5540328,23.67766571044922
2015-04-07,46.415000915527344,47.900001525878906,46.34000015258789,47.595001220703125,8326358,24.581501007080078
2015-04-08,48.0,48.595001220703125,46.90999984741211,47.04999923706055,7678025,24.300016403198242
2015-04-09,47.1349983215332,47.96500015258789,46.5,47.96500015258789,6463528,24.772594451904297
2015-04-10,48.0,48.595001220703125,47.66999816894531,48.52000045776367,5457985,25.059234619140625
2015-04-13,48.51499938964844,48.970001220703125,48.369998931884766,48.7599983215332,5605582,25.183189392089844
2015-04-14,48.584999084472656,48.95000076293945,48.209999084472656,48.72999954223633,6329422,25.167695999145508
2015-04-15,48.88999938964844,49.96500015258789,48.81999969482422,49.7400016784668,7539581,25.689321517944336
2015-04-16,49.849998474121094,49.95000076293945,49.209999084472656,49.310001373291016,6538199,25.467247009277344
2015-04-17,49.18000030517578,49.6349983215332,48.474998474121094,48.869998931884766,10432739,25.2399959564209
2015-04-20,48.96500015258789,49.400001525878906,48.61000061035156,49.380001068115234,4564840,25.503398895263672
2015-04-21,49.67499923706055,49.7400016784668,48.654998779296875,48.69499969482422,5981980,25.149620056152344
2015-04-22,48.86000061035156,48.904998779296875,47.564998626708984,48.42499923706055,7578511,25.010175704956055
2015-04-23,48.30500030517578,48.599998474121094,47.595001220703125,48.415000915527344,6987811,25.005008697509766
2015-04-24,48.755001068115234,48.9900016784668,47.70000076293945,48.005001068115234,5861637,24.793249130249023
2015-04-27,47.869998931884766,49.36000061035156,47.369998931884766,49.16999816894531,7040530,25.394927978515625
2015-04-28,50.0,50.29999923706055,49.369998931884766,49.68000030517578,9965439,25.65834617614746
2015-04-29,49.9900016784668,50.119998931884766,47.98500061035156,48.435001373291016,9737915,25.015335083007812
2015-04-30,48.52000045776367,48.86000061035156,47.974998474121094,48.48500061035156,9769606,25.041154861450195
2015-05-04,48.0,48.90999984741211,47.79499816894531,48.130001068115234,5567133,24.857807159423828
2015-05-05,47.98500061035156,48.26499938964844,47.625,47.67499923706055,11271341,24.622812271118164
2015-05-06,47.439998626708984,48.04999923706055,47.3650016784668,47.845001220703125,8377954,24.710613250732422
2015-05-07,47.3650016784668,47.3650016784668,46.25,46.76499938964844,10745675,24.1528263092041
2015-05-08,46.779998779296875,48.0,46.345001220703125,48.0,8173525,24.790666580200195
2015-05-11,47.755001068115234,48.095001220703125,47.310001373291016,47.51499938964844,5219119,24.540172576904297
2015-05-12,46.75,47.130001068115234,46.44499969482422,46.97999954223633,6835450,24.263870239257812
2015-05-13,47.025001525878906,47.89500045776367,46.82500076293945,47.029998779296875,6361552,24.289688110351562
2015-05-14,46.52000045776367,47.505001068115234,46.244998931884766,47.334999084472656,4324637,24.447216033935547
2015-05-15,47.095001220703125,47.19499969482422,46.16999816894531,46.470001220703125,7154713,24.000471115112305
2015-05-18,46.43000030517578,46.95000076293945,46.20500183105469,46.66999816894531,5207547,24.103761672973633
2015-05-19,47.0,47.720001220703125,47.0,47.30500030517578,7263212,24.43172836303711
2015-05-20,46.904998779296875,47.45000076293945,46.7599983215332,47.400001525878906,4179174,24.48078727722168
2015-05-21,47.16999816894531,47.9900016784668,47.16999816894531,47.81999969482422,4476933,24.697696685791016
2015-05-22,48.10499954223633,48.44499969482422,47.619998931884766,47.72999954223633,4782745,24.651220321655273
2015-05-25,47.79999923706055,47.849998474121094,47.45000076293945,47.54499816894531,758575,24.5556697845459
2015-05-26,47.29999923706055,47.70000076293945,46.540000915527344,46.82500076293945,5516171,24.183815002441406
2015-05-27,46.900001525878906,47.60499954223633,46.595001220703125,47.400001525878906,6366771,24.48078727722168
2015-05-28,47.005001068115234,47.185001373291016,46.29999923706055,46.92499923706055,5076351,24.235464096069336
2015-05-29,46.94499969482422,47.150001525878906,45.974998474121094,45.974998474121094,7748568,23.744808197021484
2015-06-01,46.439998626708984,46.439998626708984,45.66999816894531,46.0,5105599,23.75773048400879
2015-06-02,46.21500015258789,46.625,45.5,46.154998779296875,6074721,23.83777618408203
2015-06-03,46.32500076293945,46.68000030517578,45.849998474121094,46.375,4944771,23.951398849487305
2015-06-04,45.8849983215332,46.23500061035156,45.130001068115234,45.5,7276047,23.499483108520508
2015-06-05,45.11000061035156,45.849998474121094,44.7599983215332,45.55500030517578,7017072,23.52789878845215
2015-06-08,44.94499969482422,44.95000076293945,44.099998474121094,44.185001373291016,6439588,23.13004493713379
2015-06-09,44.125,44.22999954223633,43.32500076293945,44.08000183105469,7100365,23.07508659362793
2015-06-10,43.904998779296875,45.31999969482422,43.834999084472656,45.025001525878906,7390178,23.569772720336914
2015-06-11,45.084999084472656,45.80500030517578,44.900001525878906,45.400001525878906,6671172,23.766071319580078
2015-06-12,45.78499984741211,45.78499984741211,44.029998779296875,44.560001373291016,6203265,23.32636070251465
2015-06-15,44.08000183105469,44.58000183105469,43.58000183105469,43.8849983215332,6100483,22.97300910949707
2015-06-16,43.6150016784668,44.03499984741211,43.28499984741211,43.904998779296875,6578193,22.983470916748047
2015-06-17,43.904998779296875,44.744998931884766,43.779998779296875,44.38999938964844,8194511,23.237361907958984
2015-06-18,44.20500183105469,44.38999938964844,43.80500030517578,44.29999923706055,6247333,23.19024658203125
2015-06-19,44.19499969482422,44.540000915527344,43.88999938964844,44.125,12974939,23.098636627197266
2015-06-22,45.275001525878906,45.63999938964844,44.67499923706055,45.41999816894531,8973194,23.776552200317383
2015-06-23,45.900001525878906,46.2599983215332,45.60499954223633,46.04499816894531,5888958,24.103729248046875
2015-06-24,46.150001525878906,46.66999816894531,45.915000915527344,46.5099983215332,7838939,24.347145080566406
2015-06-25,46.09000015258789,46.94499969482422,46.005001068115234,46.44499969482422,6488558,24.3131160736084
2015-06-26,46.0,46.880001068115234,45.76499938964844,46.41999816894531,5911788,24.30002212524414
2015-06-29,44.540000915527344,45.404998779296875,44.31999969482422,44.63999938964844,9039518,23.36823081970215
2015-06-30,44.439998626708984,44.529998779296875,43.56999969482422,43.56999969482422,11073688,22.80810546875
2015-07-01,44.22999954223633,44.970001220703125,43.560001373291016,43.88999938964844,8434832,22.97562026977539
2015-07-02,44.0,44.404998779296875,43.69499969482422,43.904998779296875,5163296,22.983470916748047
2015-07-03,44.0,44.01499938964844,42.95000076293945,43.78499984741211,7570934,22.9206600189209
2015-07-06,42.654998779296875,43.369998931884766,42.599998474121094,42.900001525878906,10371728,22.457374572753906
2015-07-07,42.79999923706055,42.974998474121094,41.98500061035156,42.005001068115234,10873832,21.988862991333008
2015-07-08,41.970001220703125,42.564998626708984,41.8849983215332,42.244998931884766,7107898,22.1144962310791
2015-07-09,42.45000076293945,43.595001220703125,42.154998779296875,43.30500030517578,5878357,22.669389724731445
2015-07-10,44.404998779296875,44.98500061035156,43.915000915527344,44.345001220703125,7477091,23.21381378173828
2015-07-13,45.290000915527344,45.42499923706055,44.314998626708984,44.67499923706055,6831224,23.386552810668945
2015-07-14,44.5,45.18000030517578,44.2599983215332,45.099998474121094,5751233,23.609037399291992
2015-07-15,45.14500045776367,45.47999954223633,45.0,45.25,5499974,23.687551498413086
2015-07-16,45.45000076293945,46.18000030517578,45.095001220703125,45.7400016784668,6016539,23.944059371948242
2015-07-17,45.915000915527344,46.10499954223633,45.474998474121094,45.63999938964844,4987654,23.891712188720703
2015-07-20,45.79499816894531,46.290000915527344,45.36000061035156,45.665000915527344,3520778,23.904800415039062
2015-07-21,45.595001220703125,45.814998626708984,45.209999084472656,45.435001373291016,4465442,23.78439712524414
2015-07-22,44.935001373291016,45.154998779296875,44.54999923706055,44.630001068115234,5008139,23.36299705505371
2015-07-23,44.8650016784668,44.939998626708984,44.29999923706055,44.630001068115234,3896696,23.36299705505371
2015-07-24,44.650001525878906,45.064998626708984,44.07500076293945,44.244998931884766,4781496,23.161449432373047
2015-07-27,43.95000076293945,43.9900016784668,42.904998779296875,42.97999954223633,7925234,22.49924659729004
2015-07-28,43.220001220703125,43.25,42.76499938964844,43.21500015258789,5997062,22.622270584106445
2015-07-29,44.08000183105469,44.5,43.29999923706055,44.314998626708984,6489970,23.198104858398438
2015-07-30,44.67499923706055,45.720001220703125,44.53499984741211,44.959999084472656,7191206,23.535749435424805
2015-07-31,44.959999084472656,45.154998779296875,44.53499984741211,45.07500076293945,7461819,23.595945358276367
2015-08-03,44.904998779296875,45.26499938964844,44.619998931884766,44.95000076293945,5890013,23.530513763427734
2015-08-04,44.6150016784668,44.79499816894531,44.224998474121094,44.650001525878906,4990935,23.37346839904785
2015-08-05,44.7400016784668,45.790000915527344,44.64500045776367,45.46500015258789,6061496,23.800106048583984
2015-08-06,45.16999816894531,45.470001220703125,44.939998626708984,45.29499816894531,3808004,23.711116790771484
2015-08-07,45.52000045776367,46.5,45.415000915527344,45.79499816894531,6765535,23.972858428955078
2015-08-10,45.82500076293945,45.9900016784668,45.130001068115234,45.88999938964844,4528452,24.0225830078125
2015-08-11,45.939998626708984,46.3650016784668,45.41999816894531,45.505001068115234,6238375,23.821044921875
2015-08-12,45.27000045776367,45.400001525878906,44.220001220703125,44.53499984741211,9133662,23.313264846801758
2015-08-13,45.470001220703125,45.79999923706055,44.224998474121094,44.380001068115234,5593493,23.232128143310547
2015-08-14,44.25,44.630001068115234,43.904998779296875,44.0,4402284,23.033201217651367
2015-08-17,44.380001068115234,44.65999984741211,43.869998931884766,44.48500061035156,6242135,23.287094116210938
2015-08-18,44.255001068115234,44.47999954223633,43.650001525878906,43.75,4519969,22.90233612060547
2015-08-19,43.415000915527344,43.57500076293945,42.880001068115234,42.96500015258789,5412623,22.49139976501465
2015-08-20,42.75,43.130001068115234,42.349998474121094,42.54999923706055,6752038,22.274150848388672
2015-08-21,42.0,42.584999084472656,41.08000183105469,41.08000183105469,9271859,21.504640579223633
2015-08-24,39.040000915527344,40.150001525878906,36.91999816894531,37.834999084472656,18470182,19.805938720703125
2015-08-25,38.95000076293945,39.69499969482422,38.28499984741211,39.095001220703125,14255740,20.46552085876465
2015-08-26,37.92499923706055,39.04499816894531,37.52000045776367,37.70500183105469,12268192,19.737884521484375
2015-08-27,38.209999084472656,40.400001525878906,38.01499938964844,40.18000030517578,13040623,21.033498764038086
2015-08-28,40.5,41.43000030517578,40.30500030517578,41.18000030517578,8165716,21.556991577148438
2015-08-31,40.595001220703125,40.869998931884766,40.11000061035156,40.80500030517578,5722987,21.360679626464844
2015-09-01,40.904998779296875,41.81999969482422,40.0099983215332,40.40999984741211,10637579,21.153900146484375
2015-09-02,39.974998474121094,40.834999084472656,39.505001068115234,40.060001373291016,6940631,20.970687866210938
2015-09-03,40.5,41.93000030517578,40.5,41.439998626708984,7516024,21.69308853149414
2015-09-04,41.095001220703125,41.1349983215332,39.65999984741211,39.959999084472656,7763521,20.918338775634766
2015-09-07,39.970001220703125,40.47999954223633,39.790000915527344,39.970001220703125,3062490,20.923572540283203
2015-09-08,39.904998779296875,40.869998931884766,39.904998779296875,40.3650016784668,5102767,21.130352020263672
2015-09-09,41.03499984741211,41.494998931884766,40.70500183105469,40.709999084472656,6356461,21.310945510864258
2015-09-10,39.88999938964844,40.685001373291016,39.7599983215332,39.94499969482422,6352223,20.910480499267578
2015-09-11,40.31999969482422,40.650001525878906,39.64500045776367,39.689998626708984,6124633,20.77699851989746
2015-09-14,39.20500183105469,40.150001525878906,39.20000076293945,39.76499938964844,5563785,20.81625747680664
2015-09-15,39.720001220703125,41.15999984741211,39.599998474121094,40.98500061035156,8179165,21.45490837097168
2015-09-16,41.13999938964844,42.29499816894531,41.005001068115234,42.130001068115234,6116598,22.054290771484375
2015-09-17,42.17499923706055,42.65999984741211,41.834999084472656,41.9900016784668,5677026,21.981002807617188
2015-09-18,41.470001220703125,41.60499954223633,40.32500076293945,40.775001525878906,16138379,21.3449764251709
2015-09-21,40.34000015258789,41.3650016784668,40.34000015258789,40.81999969482422,6043223,21.368532180786133
2015-09-22,41.02000045776367,41.02000045776367,39.21500015258789,39.7599983215332,9981941,20.813642501831055
2015-09-23,39.584999084472656,40.974998474121094,39.369998931884766,40.625,8823044,21.26645278930664
2015-09-24,40.529998779296875,40.619998931884766,39.39500045776367,39.60499954223633,10538861,20.732501983642578
2015-09-25,40.10499954223633,41.06999969482422,40.0099983215332,40.3849983215332,8943160,21.140811920166016
2015-09-28,39.849998474121094,40.25,38.22999954223633,38.76499938964844,8222822,20.60399627685547
2015-09-29,38.20000076293945,39.45500183105469,38.19499969482422,39.185001373291016,8187724,20.827228546142578
2015-09-30,39.88999938964844,40.32500076293945,39.654998779296875,40.20000076293945,8586593,21.36670684814453
2015-10-01,40.75,41.64500045776367,40.255001068115234,40.375,8830351,21.45972442626953
2015-10-02,40.744998931884766,41.89500045776367,40.505001068115234,41.25,8129834,21.924795150756836
2015-10-05,42.255001068115234,43.4900016784668,42.04499816894531,42.974998474121094,10302836,22.84164810180664
2015-10-06,43.154998779296875,44.779998779296875,42.39500045776367,44.404998779296875,9263395,23.601707458496094
2015-10-07,44.80500030517578,46.439998626708984,44.70000076293945,45.400001525878906,13138301,24.130556106567383
2015-10-08,45.369998931884766,45.68000030517578,44.849998474121094,45.34000015258789,6359749,24.098663330078125
2015-10-09,45.935001373291016,46.39500045776367,45.084999084472656,45.25,8366803,24.050830841064453
2015-10-12,45.2599983215332,45.619998931884766,44.790000915527344,45.150001525878906,5182095,23.997678756713867
2015-10-13,44.84000015258789,45.150001525878906,43.88999938964844,44.90999984741211,7148401,23.8701171875
2015-10-14,44.400001525878906,45.29999923706055,44.125,44.6349983215332,5615709,23.72395133972168
2015-10-15,45.349998474121094,45.505001068115234,44.935001373291016,45.1150016784668,5773201,23.979080200195312
2015-10-16,45.650001525878906,46.0,45.31999969482422,45.599998474121094,5960179,24.23686408996582
2015-10-19,45.525001525878906,45.78499984741211,44.59000015258789,44.96500015258789,5357074,23.89935302734375
2015-10-20,44.79999923706055,44.880001068115234,43.95000076293945,44.54999923706055,5459651,23.67877197265625
2015-10-21,44.78499984741211,45.28499984741211,44.2599983215332,44.90999984741211,5492185,23.8701171875
2015-10-22,44.65999984741211,45.540000915527344,44.525001525878906,45.3650016784668,8676921,24.111961364746094
2015-10-23,45.900001525878906,46.07500076293945,45.23500061035156,45.5,9834836,24.1837100982666
2015-10-26,45.3849983215332,45.59000015258789,44.279998779296875,44.6150016784668,7946051,23.71331787109375
2015-10-27,44.38999938964844,44.599998474121094,43.209999084472656,43.63999938964844,7644877,23.195098876953125
2015-10-28,43.92499923706055,44.689998626708984,43.435001373291016,44.0099983215332,8010336,23.391759872436523
2015-10-29,45.0,45.18000030517578,43.33000183105469,44.33000183105469,7715439,23.561843872070312
2015-10-30,44.6150016784668,44.744998931884766,43.70000076293945,44.14500045776367,6929149,23.463520050048828
2015-11-02,43.720001220703125,44.755001068115234,43.65999984741211,44.619998931884766,5501571,23.715980529785156
2015-11-03,44.755001068115234,46.2400016784668,44.310001373291016,46.2400016784668,8457023,24.5770320892334
2015-11-04,46.369998931884766,47.15999984741211,46.13999938964844,46.29499816894531,7931373,24.60626220703125
2015-11-05,46.21500015258789,46.474998474121094,45.58000183105469,46.130001068115234,5601707,24.518571853637695
2015-11-06,46.21500015258789,46.619998931884766,45.900001525878906,46.23500061035156,5579548,24.57436180114746
2015-11-09,46.18000030517578,46.91999816894531,45.91999816894531,45.91999816894531,4312616,24.406940460205078
2015-11-10,46.14500045776367,46.400001525878906,45.685001373291016,46.01499938964844,4348632,24.457441329956055
2015-11-11,46.040000915527344,46.525001525878906,45.69499969482422,46.040000915527344,3835105,24.470733642578125
2015-11-12,45.8650016784668,46.17499923706055,44.869998931884766,44.935001373291016,6456896,23.883407592773438
2015-11-13,44.599998474121094,45.29999923706055,43.814998626708984,44.435001373291016,5776604,23.617652893066406
2015-11-16,44.185001373291016,45.45500183105469,44.125,44.775001525878906,5249458,23.798368453979492
2015-11-17,45.599998474121094,46.46500015258789,45.3650016784668,46.45500183105469,7124731,24.691307067871094
2015-11-18,45.959999084472656,46.970001220703125,45.85499954223633,46.65999984741211,5567625,24.800256729125977
2015-11-19,46.9900016784668,47.22999954223633,46.224998474121094,46.599998474121094,5982373,24.76837158203125
2015-11-20,46.439998626708984,46.88999938964844,46.119998931884766,46.255001068115234,7070673,24.584999084472656
2015-11-23,45.79499816894531,46.150001525878906,45.20500183105469,45.76499938964844,6338272,24.324560165405273
2015-11-24,45.3849983215332,46.19499969482422,45.150001525878906,46.084999084472656,6100724,24.49464225769043
2015-11-25,46.130001068115234,46.75,45.959999084472656,46.349998474121094,5699290,24.6354923248291
2015-11-26,46.0,47.25,45.900001525878906,47.029998779296875,5331188,24.996915817260742
2015-11-27,46.525001525878906,47.13999938964844,46.470001220703125,46.619998931884766,5184900,24.779003143310547
2015-11-30,46.0099983215332,47.29499816894531,45.935001373291016,47.0,7587181,24.980976104736328
2015-12-01,46.8849983215332,47.150001525878906,46.6150016784668,46.790000915527344,6446624,24.869359970092773
2015-12-02,46.51499938964844,47.400001525878906,46.51499938964844,46.650001525878906,6642800,24.794946670532227
2015-12-03,46.29999923706055,47.15999984741211,44.46500015258789,44.46500015258789,15093675,23.633602142333984
2015-12-04,44.150001525878906,45.084999084472656,43.125,43.45500183105469,12401186,23.096773147583008
2015-12-07,43.35499954223633,43.55500030517578,42.52000045776367,42.84000015258789,9021818,22.7698974609375
2015-12-08,42.505001068115234,43.0,41.630001068115234,42.43000030517578,10704602,22.55197525024414
2015-12-09,42.599998474121094,43.779998779296875,42.03499984741211,42.82500076293945,8579642,22.76192283630371
2015-12-10,42.720001220703125,43.625,42.60499954223633,43.08000183105469,7648601,22.8974552154541
2015-12-11,42.71500015258789,42.90999984741211,41.56999969482422,41.79999923706055,8523699,22.217126846313477
2015-12-14,41.73500061035156,42.29999923706055,40.564998626708984,40.58000183105469,11536862,21.568679809570312
2015-12-15,41.119998931884766,42.529998779296875,41.084999084472656,42.28499984741211,9987246,22.474903106689453
2015-12-16,42.43000030517578,42.79999923706055,41.935001373291016,42.07500076293945,7557148,22.36329460144043
2015-12-17,43.0,43.025001525878906,41.76499938964844,41.900001525878906,8814261,22.27027702331543
2015-12-18,41.369998931884766,42.349998474121094,41.345001220703125,42.0099983215332,14561017,22.328737258911133
2015-12-21,41.095001220703125,41.90999984741211,40.724998474121094,40.724998474121094,8194145,21.964689254760742
2015-12-22,40.70000076293945,41.04999923706055,40.439998626708984,40.814998626708984,6345515,22.013227462768555
2015-12-23,41.23500061035156,42.20000076293945,41.084999084472656,42.1150016784668,8170537,22.714370727539062
2015-12-24,42.400001525878906,42.45000076293945,41.90999984741211,42.10499954223633,1132089,22.708974838256836
2015-12-28,42.150001525878906,42.19499969482422,41.189998626708984,41.380001068115234,3147657,22.317955017089844
2015-12-29,41.6150016784668,42.290000915527344,41.529998779296875,42.13999938964844,4200753,22.72784996032715
2015-12-30,42.084999084472656,42.255001068115234,41.439998626708984,41.564998626708984,3715497,22.41773796081543
2016-01-04,41.060001373291016,41.33000183105469,40.1349983215332,40.525001525878906,8369499,21.856813430786133
2016-01-05,41.0,41.18000030517578,39.96500015258789,40.154998779296875,7198967,21.657262802124023
2016-01-06,40.150001525878906,40.165000915527344,39.619998931884766,39.77000045776367,9221030,21.449613571166992
2016-01-07,38.349998474121094,39.165000915527344,37.755001068115234,38.80500030517578,11331090,20.92915153503418
2016-01-08,38.8650016784668,38.95000076293945,37.349998474121094,37.349998474121094,9186486,20.144405364990234
2016-01-11,37.45500183105469,38.44499969482422,37.29999923706055,37.349998474121094,7845716,20.144405364990234
2016-01-12,37.400001525878906,38.45000076293945,36.849998474121094,37.25,8704361,20.090478897094727
2016-01-13,37.92499923706055,38.78499984741211,37.43000030517578,37.849998474121094,8230920,20.41407585144043
2016-01-14,37.51499938964844,39.494998931884766,37.02000045776367,38.83000183105469,11959710,20.942630767822266
2016-01-15,38.849998474121094,38.88999938964844,37.310001373291016,37.654998779296875,12602658,20.30891227722168
2016-01-18,37.400001525878906,38.8650016784668,37.19499969482422,38.08000183105469,8048056,20.538129806518555
2016-01-19,38.85499954223633,39.474998474121094,38.28499984741211,38.619998931884766,8137189,20.82937240600586
2016-01-20,37.470001220703125,37.6150016784668,36.279998779296875,36.52000045776367,11617538,19.69675636291504
2016-01-21,36.48500061035156,37.83000183105469,36.154998779296875,37.61000061035156,10349115,20.284635543823242
2016-01-22,39.345001220703125,39.88999938964844,38.70000076293945,39.2599983215332,12644938,21.174543380737305
2016-01-25,39.3849983215332,39.470001220703125,38.099998474121094,38.525001525878906,7116335,20.77813720703125
2016-01-26,37.57500076293945,39.70000076293945,37.32500076293945,39.650001525878906,8040343,21.384897232055664
2016-01-27,39.470001220703125,40.150001525878906,38.82500076293945,40.150001525878906,6606120,21.654565811157227
2016-01-28,40.220001220703125,41.244998931884766,39.599998474121094,40.21500015258789,11333401,21.68962287902832
2016-01-29,41.025001525878906,41.349998474121094,40.165000915527344,40.91999816894531,9861663,22.069854736328125
2016-02-01,41.185001373291016,41.36000061035156,39.57500076293945,40.0,6699838,21.573665618896484
2016-02-02,39.275001525878906,39.5,37.68000030517578,38.20500183105469,9604952,20.605546951293945
2016-02-03,38.16999816894531,38.68000030517578,37.45000076293945,38.41999816894531,8691228,20.72150230407715
2016-02-04,39.189998626708984,39.8650016784668,38.689998626708984,39.23500061035156,10169686,21.161067962646484
2016-02-05,39.290000915527344,39.63999938964844,38.720001220703125,38.904998779296875,8071372,20.983091354370117
2016-02-08,39.165000915527344,39.244998931884766,37.529998779296875,38.16999816894531,10542278,20.586671829223633
2016-02-09,38.224998474121094,38.599998474121094,36.67499923706055,36.80500030517578,11507577,19.850461959838867
2016-02-10,37.064998626708984,37.505001068115234,36.290000915527344,36.52000045776367,10030947,19.69675636291504
2016-02-11,36.52000045776367,36.6150016784668,35.209999084472656,35.32500076293945,10755011,19.052242279052734
2016-02-12,36.349998474121094,38.0,36.20500183105469,38.0,15767768,20.49497413635254
2016-02-15,39.154998779296875,39.65999984741211,38.61000061035156,38.625,11432287,20.83207130432129
2016-02-16,40.02000045776367,40.20000076293945,38.380001068115234,38.775001525878906,12226371,20.91297149658203
2016-02-17,37.755001068115234,39.345001220703125,37.64500045776367,39.345001220703125,13712190,21.220394134521484
2016-02-18,39.5,40.099998474121094,39.209999084472656,39.54999923706055,10305723,21.330957412719727
2016-02-19,39.51499938964844,39.915000915527344,39.20000076293945,39.7400016784668,9990713,21.433425903320312
2016-02-22,40.11000061035156,40.89500045776367,40.11000061035156,40.83000183105469,7145166,22.021318435668945
2016-02-23,40.16999816894531,40.915000915527344,39.654998779296875,39.81999969482422,7442213,21.476581573486328
2016-02-24,39.4900016784668,39.599998474121094,38.39500045776367,39.1349983215332,8791958,21.107131958007812
2016-02-25,39.72999954223633,40.400001525878906,39.415000915527344,39.869998931884766,7678999,21.503543853759766
2016-02-26,40.29999923706055,41.39500045776367,40.27000045776367,40.834999084472656,7737362,22.024009704589844
2016-02-29,40.47999954223633,41.38999938964844,40.2400016784668,41.375,8546865,22.315256118774414
2016-03-01,41.32500076293945,41.814998626708984,41.165000915527344,41.54999923706055,7941184,22.409643173217773
2016-03-02,41.79499816894531,42.209999084472656,41.064998626708984,42.209999084472656,6446017,22.76560401916504
2016-03-03,42.2400016784668,42.45000076293945,41.65999984741211,42.20000076293945,6110392,22.760215759277344
2016-03-04,42.36000061035156,42.790000915527344,41.88999938964844,42.67499923706055,7174640,23.016401290893555
2016-03-07,42.52000045776367,42.90999984741211,41.814998626708984,42.810001373291016,6405580,23.089210510253906
2016-03-08,42.2599983215332,42.75,41.779998779296875,42.040000915527344,7885415,22.67392349243164
2016-03-09,41.92499923706055,42.58000183105469,41.72999954223633,42.10499954223633,7128163,22.708974838256836
2016-03-10,42.099998474121094,43.43000030517578,40.80500030517578,40.80500030517578,12703008,22.007837295532227
2016-03-11,41.79499816894531,42.349998474121094,41.349998474121094,42.349998474121094,10218141,22.841115951538086
2016-03-14,42.025001525878906,42.41999816894531,41.77000045776367,42.08000183105469,6555951,22.695491790771484
2016-03-15,41.65999984741211,41.79999923706055,41.185001373291016,41.494998931884766,6729646,22.379980087280273
2016-03-16,41.564998626708984,42.08000183105469,41.36000061035156,41.875,5752993,22.58493423461914
2016-03-17,42.4900016784668,43.400001525878906,42.040000915527344,42.85499954223633,9403322,23.11348533630371
2016-03-18,43.10499954223633,43.244998931884766,42.54999923706055,42.88999938964844,11702963,23.13235092163086
2016-03-21,42.0,42.20500183105469,41.310001373291016,41.33000183105469,5152032,22.612590789794922
2016-03-22,41.380001068115234,41.584999084472656,40.6349983215332,41.380001068115234,5638823,22.639951705932617
2016-03-23,41.4900016784668,41.654998779296875,40.52000045776367,40.85499954223633,5811494,22.35271453857422
2016-03-24,40.400001525878906,40.4900016784668,39.5099983215332,40.15999984741211,6160784,21.972455978393555
2016-03-29,40.290000915527344,40.619998931884766,39.834999084472656,40.04499816894531,5169313,21.909534454345703
2016-03-30,40.220001220703125,41.4900016784668,40.220001220703125,40.97999954223633,6504610,22.421098709106445
2016-03-31,40.599998474121094,40.619998931884766,39.939998626708984,40.060001373291016,6614564,21.91775131225586
2016-04-01,39.59000015258789,39.59000015258789,38.20000076293945,38.78499984741211,8853049,21.220172882080078
2016-04-04,38.560001373291016,39.47999954223633,38.435001373291016,39.17499923706055,6325792,21.43354034423828
2016-04-05,38.4900016784668,38.67499923706055,38.064998626708984,38.345001220703125,7590228,20.979433059692383
2016-04-06,38.60499954223633,39.119998931884766,38.334999084472656,38.880001068115234,6521514,21.27214241027832
2016-04-07,39.084999084472656,39.4900016784668,38.3849983215332,38.58000183105469,5976885,21.108009338378906
2016-04-08,38.76499938964844,40.165000915527344,38.76499938964844,40.0099983215332,6753221,21.890396118164062
2016-04-11,39.959999084472656,40.415000915527344,39.5,40.189998626708984,4454870,21.988866806030273
2016-04-12,40.494998931884766,41.04999923706055,40.099998474121094,40.93000030517578,5746503,22.39374351501465
2016-04-13,41.439998626708984,42.564998626708984,41.400001525878906,42.564998626708984,8969900,23.288288116455078
2016-04-14,42.29999923706055,42.89500045776367,41.95500183105469,42.814998626708984,6720406,23.425065994262695
2016-04-15,42.68000030517578,42.994998931884766,42.130001068115234,42.54499816894531,6622900,23.277347564697266
2016-04-18,40.95500183105469,42.380001068115234,40.54999923706055,42.244998931884766,7097044,23.11320686340332
2016-04-19,42.52000045776367,43.099998474121094,42.095001220703125,42.8849983215332,6246458,23.463369369506836
2016-04-20,42.6349983215332,43.54499816894531,42.310001373291016,43.345001220703125,5244062,23.715049743652344
2016-04-21,43.61000061035156,43.84000015258789,43.14500045776367,43.650001525878906,5844605,23.881925582885742
2016-04-22,43.66999816894531,43.89500045776367,43.04999923706055,43.82500076293945,4654232,23.9776611328125
2016-04-25,43.79499816894531,43.86000061035156,43.244998931884766,43.619998931884766,5093483,23.86550521850586
2016-04-26,43.95000076293945,44.130001068115234,43.5099983215332,43.73500061035156,4694137,23.928424835205078
2016-04-27,44.220001220703125,45.224998474121094,44.209999084472656,44.96500015258789,8166779,24.601394653320312
2016-04-28,44.525001525878906,45.119998931884766,44.36000061035156,45.119998931884766,6092268,24.686189651489258
2016-04-29,44.650001525878906,44.720001220703125,43.93000030517578,43.93000030517578,7227489,24.03511619567871
2016-05-02,44.13999938964844,44.28499984741211,43.68000030517578,43.93000030517578,2819875,24.03511619567871
2016-05-03,43.939998626708984,43.939998626708984,42.71500015258789,42.724998474121094,5492690,23.375829696655273
2016-05-04,42.5,42.810001373291016,41.935001373291016,42.150001525878906,6062150,23.061235427856445
2016-05-05,42.209999084472656,42.8849983215332,42.099998474121094,42.54499816894531,4052266,23.277347564697266
2016-05-06,42.209999084472656,43.08000183105469,41.720001220703125,42.939998626708984,6416506,23.49346351623535
2016-05-09,42.665000915527344,43.14500045776367,41.900001525878906,42.08000183105469,5631300,23.02294158935547
2016-05-10,42.29999923706055,42.720001220703125,42.03499984741211,42.665000915527344,4936788,23.343002319335938
2016-05-11,42.709999084472656,42.915000915527344,42.06999969482422,42.8849983215332,3968622,23.463369369506836
2016-05-12,42.80500030517578,43.80500030517578,42.540000915527344,42.76499938964844,5180859,23.397720336914062
2016-05-13,42.32500076293945,43.08000183105469,42.150001525878906,42.81999969482422,4576185,23.427806854248047
2016-05-16,42.525001525878906,43.375,42.46500015258789,43.150001525878906,2557342,23.60836410522461
2016-05-17,43.29999923706055,43.904998779296875,42.61000061035156,43.06999969482422,5592682,23.56458854675293
2016-05-18,42.869998931884766,43.45000076293945,42.685001373291016,43.15999984741211,4584306,23.613832473754883
2016-05-19,42.875,42.875,41.845001220703125,42.130001068115234,5964278,23.050291061401367
2016-05-20,42.70000076293945,43.060001373291016,42.59000015258789,43.005001068115234,6867101,23.529024124145508
2016-05-23,42.79499816894531,42.86000061035156,42.244998931884766,42.38999938964844,4669872,23.19254493713379
2016-05-24,42.404998779296875,43.2400016784668,42.28499984741211,43.1150016784668,6153974,23.589208602905273
2016-05-25,43.5,44.18000030517578,43.40999984741211,44.06999969482422,7290862,24.111717224121094
2016-05-26,44.505001068115234,44.720001220703125,43.98500061035156,44.029998779296875,5747864,24.08982276916504
2016-05-27,43.83000183105469,44.01499938964844,43.650001525878906,43.900001525878906,5157306,24.018701553344727
2016-05-30,43.90999984741211,43.90999984741211,43.54499816894531,43.76499938964844,2528108,23.94483757019043
2016-05-31,43.779998779296875,43.97999954223633,43.43000030517578,43.67499923706055,8275245,23.895597457885742
2016-06-01,43.58000183105469,43.61000061035156,42.755001068115234,43.029998779296875,4853209,23.542699813842773
2016-06-02,43.0,43.130001068115234,42.095001220703125,42.34000015258789,6012906,23.16518783569336
2016-06-03,42.79999923706055,43.03499984741211,42.005001068115234,42.29499816894531,5500232,23.140562057495117
2016-06-06,41.724998474121094,42.77000045776367,41.724998474121094,42.46500015258789,4560180,23.57357406616211
2016-06-07,42.73500061035156,43.76499938964844,42.720001220703125,43.76499938964844,6664350,24.29524040222168
2016-06-08,43.560001373291016,43.814998626708984,43.31999969482422,43.369998931884766,5554269,24.075963973999023
2016-06-09,43.13999938964844,43.2599983215332,42.400001525878906,42.845001220703125,4510242,23.784513473510742
2016-06-10,42.70000076293945,42.70000076293945,41.78499984741211,42.04999923706055,6059505,23.34319305419922
2016-06-13,41.39500045776367,42.060001373291016,41.39500045776367,41.47999954223633,6296345,23.026769638061523
2016-06-14,40.88999938964844,40.97999954223633,40.025001525878906,40.05500030517578,9787118,22.235713958740234
2016-06-15,40.57500076293945,40.775001525878906,40.04999923706055,40.415000915527344,7358101,22.43556022644043
2016-06-16,40.19499969482422,40.54999923706055,39.834999084472656,40.47999954223633,7377530,22.47163963317871
2016-06-17,40.89500045776367,41.494998931884766,40.80500030517578,41.2599983215332,10274880,22.904644012451172
2016-06-20,42.13999938964844,42.810001373291016,42.029998779296875,42.720001220703125,5755983,23.71513557434082
2016-06-21,42.685001373291016,43.35499954223633,42.415000915527344,43.02000045776367,5801623,23.88166618347168
2016-06-22,43.16999816894531,43.56999969482422,42.939998626708984,43.029998779296875,5124314,23.8872127532959
2016-06-23,43.279998779296875,44.125,43.095001220703125,43.689998626708984,6442135,24.25360107421875
2016-06-24,39.35499954223633,41.970001220703125,39.025001525878906,40.619998931884766,26767636,22.549354553222656
2016-06-27,40.290000915527344,41.07500076293945,40.08000183105469,40.32500076293945,12179849,22.385595321655273
2016-06-28,41.30500030517578,41.6349983215332,40.654998779296875,41.38999938964844,9343741,22.976806640625
2016-06-29,41.91999816894531,43.095001220703125,41.8849983215332,42.95000076293945,9423411,23.842809677124023
2016-06-30,42.68000030517578,43.56999969482422,42.54499816894531,43.380001068115234,9212998,24.08151626586914
2016-07-01,43.38999938964844,43.869998931884766,43.185001373291016,43.755001068115234,5473843,24.289691925048828
2016-07-04,43.90999984741211,44.08000183105469,43.29499816894531,43.380001068115234,2780402,24.08151626586914
2016-07-05,42.904998779296875,43.1150016784668,42.14500045776367,42.685001373291016,5242669,23.695697784423828
2016-07-06,42.220001220703125,42.540000915527344,41.5099983215332,41.76499938964844,8129914,23.184978485107422
2016-07-07,42.060001373291016,42.540000915527344,41.970001220703125,42.04999923706055,6266323,23.34319305419922
2016-07-08,41.994998931884766,42.68000030517578,41.459999084472656,42.650001525878906,5753086,23.6762752532959
2016-07-11,43.02000045776367,43.40999984741211,42.654998779296875,43.349998474121094,4800097,24.064861297607422
2016-07-12,43.474998474121094,44.279998779296875,43.400001525878906,43.935001373291016,6094213,24.38961410522461
2016-07-13,43.70000076293945,44.19499969482422,43.43000030517578,43.5,4821326,24.14812660217285
2016-07-14,43.9900016784668,44.650001525878906,43.81999969482422,44.20000076293945,5698943,24.536718368530273
2016-07-15,43.81999969482422,44.01499938964844,43.404998779296875,43.93000030517578,5358531,24.386838912963867
2016-07-18,43.98500061035156,44.279998779296875,43.18000030517578,43.48500061035156,3421125,24.139802932739258
2016-07-19,43.3650016784668,43.56999969482422,43.01499938964844,43.540000915527344,3671932,24.170330047607422
2016-07-20,43.78499984741211,43.82500076293945,42.92499923706055,43.57500076293945,3547386,24.189762115478516
2016-07-21,43.5,43.650001525878906,42.76499938964844,43.400001525878906,4095753,24.092615127563477
2016-07-22,43.21500015258789,43.55500030517578,42.85499954223633,43.084999084472656,3172977,23.917747497558594
2016-07-25,43.20000076293945,43.40999984741211,41.97999954223633,42.25,4793536,23.454219818115234
2016-07-26,42.11000061035156,42.529998779296875,41.525001525878906,42.439998626708984,4223167,23.5596866607666
2016-07-27,42.880001068115234,43.334999084472656,42.505001068115234,42.685001373291016,4814999,23.695697784423828
2016-07-28,43.119998931884766,43.56999969482422,42.48500061035156,42.48500061035156,7321845,23.584671020507812
2016-07-29,42.654998779296875,42.7599983215332,42.2400016784668,42.7599983215332,6467729,23.737329483032227
2016-08-01,43.584999084472656,43.599998474121094,42.095001220703125,42.095001220703125,4830329,23.368179321289062
2016-08-02,41.84000015258789,42.05500030517578,41.189998626708984,41.46500015258789,5217211,23.018447875976562
2016-08-03,41.52000045776367,41.849998474121094,40.96500015258789,41.599998474121094,5164316,23.093372344970703
2016-08-04,42.20500183105469,42.41999816894531,41.900001525878906,42.224998474121094,4703707,23.440336227416992
2016-08-05,42.345001220703125,43.1150016784668,42.334999084472656,42.94499969482422,4470734,23.840030670166016
2016-08-08,42.939998626708984,43.130001068115234,42.80500030517578,42.994998931884766,3616124,23.86778450012207
2016-08-09,42.869998931884766,43.5,42.7599983215332,43.39500045776367,3825883,24.08983612060547
2016-08-10,43.0,43.3849983215332,42.79999923706055,43.04999923706055,3075413,23.89832305908203
2016-08-11,43.21500015258789,43.52000045776367,42.61000061035156,43.52000045776367,3586664,24.159231185913086
2016-08-12,43.619998931884766,43.880001068115234,43.0,43.349998474121094,4083415,24.064861297607422
2016-08-15,43.3650016784668,43.78499984741211,43.23500061035156,43.415000915527344,2540748,24.10093879699707
2016-08-16,43.255001068115234,43.90999984741211,43.10499954223633,43.5099983215332,4971511,24.153676986694336
2016-08-17,43.665000915527344,43.79499816894531,43.125,43.345001220703125,3919969,24.062088012695312
2016-08-18,43.54499816894531,43.685001373291016,43.14500045776367,43.650001525878906,3055195,24.231399536132812
2016-08-19,43.69499969482422,43.779998779296875,42.959999084472656,43.064998626708984,4892593,23.906644821166992
2016-08-22,42.95000076293945,43.25,42.375,42.45500183105469,3152699,23.568016052246094
2016-08-23,42.48500061035156,42.88999938964844,42.46500015258789,42.775001525878906,3273446,23.745664596557617
2016-08-24,42.349998474121094,43.029998779296875,42.19499969482422,42.73500061035156,3629564,23.723453521728516
2016-08-25,42.55500030517578,42.720001220703125,42.279998779296875,42.58000183105469,2858828,23.63741111755371
2016-08-26,42.48500061035156,43.650001525878906,42.45000076293945,43.41999816894531,4520799,24.10371208190918
2016-08-29,43.130001068115234,43.28499984741211,42.79499816894531,43.01499938964844,2192811,23.878877639770508
2016-08-30,42.91999816894531,43.709999084472656,42.88999938964844,43.494998931884766,4515817,24.145353317260742
2016-08-31,43.28499984741211,43.654998779296875,42.75,42.75,5810126,23.731782913208008
2016-09-01,42.89500045776367,43.189998626708984,42.28499984741211,42.54999923706055,4757945,23.620750427246094
2016-09-02,42.69499969482422,44.005001068115234,42.415000915527344,43.98500061035156,5633719,24.417367935180664
2016-09-05,43.900001525878906,44.95500183105469,43.834999084472656,44.27000045776367,4968762,24.575580596923828
2016-09-06,44.6349983215332,44.7599983215332,43.90999984741211,44.095001220703125,4101030,24.478425979614258
2016-09-07,43.88999938964844,44.67499923706055,43.8650016784668,44.60499954223633,4378917,24.761545181274414
2016-09-08,44.29499816894531,44.57500076293945,43.55500030517578,44.44499969482422,6135016,24.672725677490234
2016-09-09,44.34000015258789,44.349998474121094,43.70500183105469,43.85499954223633,4358612,24.34519386291504
2016-09-12,42.90999984741211,43.435001373291016,42.630001068115234,43.435001373291016,5156757,24.112043380737305
2016-09-13,43.32500076293945,43.52000045776367,42.0,42.0,6479837,23.315433502197266
2016-09-14,42.150001525878906,42.375,41.44499969482422,41.4900016784668,7291395,23.032325744628906
2016-09-15,41.369998931884766,41.56999969482422,40.904998779296875,41.5099983215332,7689720,23.043420791625977
2016-09-16,41.17499923706055,41.38999938964844,40.55500030517578,40.60499954223633,16574598,22.54102897644043
2016-09-19,41.0,41.79499816894531,40.94499969482422,41.685001373291016,6717333,23.140567779541016
2016-09-20,41.29999923706055,41.67499923706055,41.22999954223633,41.459999084472656,4699406,23.01566505432129
2016-09-21,41.93000030517578,42.04999923706055,41.35499954223633,41.525001525878906,4408983,23.05174446105957
2016-09-22,41.90999984741211,43.28499984741211,41.900001525878906,43.05500030517578,7651893,23.901100158691406
2016-09-23,42.869998931884766,43.0,42.400001525878906,42.53499984741211,5818834,23.612424850463867
2016-09-26,42.10499954223633,42.11000061035156,41.45500183105469,41.72999954223633,6268784,23.165544509887695
2016-09-27,41.470001220703125,41.5099983215332,40.529998779296875,40.77000045776367,6137801,22.968368530273438
2016-09-28,41.0,41.38999938964844,40.84000015258789,40.970001220703125,4402576,23.081052780151367
2016-09-29,42.974998474121094,43.119998931884766,42.459999084472656,42.66999816894531,7934813,24.038766860961914
2016-09-30,42.029998779296875,42.48500061035156,41.53499984741211,42.16999816894531,7665326,23.757080078125
2016-10-03,42.25,42.81999969482422,42.15999984741211,42.32500076293945,4144437,23.84440040588379
2016-10-04,42.400001525878906,43.224998474121094,42.31999969482422,43.11000061035156,5844520,24.286643981933594
2016-10-05,42.584999084472656,43.20000076293945,42.34000015258789,43.06999969482422,5933056,24.26410675048828
2016-10-06,43.25,43.290000915527344,42.76499938964844,43.05500030517578,4823490,24.25566291809082
2016-10-07,43.0099983215332,43.400001525878906,42.560001373291016,42.93000030517578,6209018,24.18524169921875
2016-10-10,42.93000030517578,43.79999923706055,42.654998779296875,43.775001525878906,5504104,24.661285400390625
2016-10-11,43.70500183105469,44.224998474121094,43.34000015258789,43.34000015258789,4962910,24.416210174560547
2016-10-12,43.42499923706055,43.994998931884766,43.19499969482422,43.70000076293945,5519278,24.61903190612793
2016-10-13,43.5,43.505001068115234,42.915000915527344,43.400001525878906,5852523,24.45001792907715
2016-10-14,43.53499984741211,44.55500030517578,43.53499984741211,44.130001068115234,6219144,24.861286163330078
2016-10-17,43.849998474121094,43.900001525878906,43.40999984741211,43.599998474121094,5421393,24.562692642211914
2016-10-18,44.03499984741211,44.275001525878906,43.875,44.029998779296875,5499207,24.804943084716797
2016-10-19,44.095001220703125,44.279998779296875,43.814998626708984,44.154998779296875,4247512,24.8753662109375
2016-10-20,44.32500076293945,44.7400016784668,44.10499954223633,44.459999084472656,5549709,25.04718780517578
2016-10-21,44.459999084472656,44.57500076293945,43.91999816894531,44.31999969482422,5751678,24.968311309814453
2016-10-24,44.5099983215332,44.84000015258789,44.28499984741211,44.349998474121094,4498947,24.985212326049805
2016-10-25,44.3650016784668,44.81999969482422,44.30500030517578,44.459999084472656,3952043,25.04718780517578
2016-10-26,44.20000076293945,44.20000076293945,43.51499938964844,44.01499938964844,4069367,24.79649543762207
2016-10-27,44.0,44.599998474121094,43.7599983215332,44.564998626708984,4328263,25.106346130371094
2016-10-28,43.810001373291016,44.5,43.61000061035156,44.400001525878906,4969384,25.013383865356445
2016-10-31,44.099998474121094,44.2400016784668,43.505001068115234,43.720001220703125,5445194,24.630298614501953
2016-11-01,44.04999923706055,44.150001525878906,43.1349983215332,43.275001525878906,5990089,24.379602432250977
2016-11-02,43.099998474121094,43.224998474121094,42.375,42.400001525878906,5147378,23.88665199279785
2016-11-03,42.099998474121094,42.779998779296875,42.01499938964844,42.31999969482422,5051784,23.84159278869629
2016-11-04,42.17499923706055,42.26499938964844,41.82500076293945,42.125,5269409,23.731731414794922
2016-11-07,42.88999938964844,43.025001525878906,42.53499984741211,42.8849983215332,4256217,24.159879684448242
2016-11-08,42.97999954223633,43.314998626708984,42.71500015258789,43.20500183105469,3490386,24.340166091918945
2016-11-09,41.900001525878906,43.494998931884766,41.8650016784668,43.494998931884766,8183303,24.5035400390625
2016-11-10,43.83000183105469,44.22999954223633,43.20000076293945,43.59000015258789,5793249,24.55706214904785
2016-11-11,43.709999084472656,43.7599983215332,42.19499969482422,42.45000076293945,6822167,23.91482925415039
2016-11-14,42.83000183105469,42.91999816894531,41.85499954223633,42.15999984741211,5132046,23.751447677612305
2016-11-15,42.69499969482422,43.6349983215332,42.689998626708984,43.51499938964844,6239923,24.514806747436523
2016-11-16,43.97999954223633,44.0,43.189998626708984,43.369998931884766,4789433,24.433116912841797
2016-11-17,43.154998779296875,43.8849983215332,42.970001220703125,43.68000030517578,4375395,24.607759475708008
2016-11-18,43.525001525878906,43.68000030517578,42.93000030517578,43.119998931884766,4925359,24.292274475097656
2016-11-21,43.435001373291016,44.220001220703125,43.09000015258789,44.0,5652691,24.788043975830078
2016-11-22,44.33000183105469,44.70500183105469,44.064998626708984,44.15999984741211,5202611,24.878171920776367
2016-11-23,44.27000045776367,44.56999969482422,43.85499954223633,44.05500030517578,4719582,24.81902503967285
2016-11-24,44.0099983215332,44.275001525878906,43.904998779296875,44.095001220703125,2353188,24.8415584564209
2016-11-25,44.06999969482422,44.189998626708984,43.79999923706055,44.099998474121094,3530101,24.844371795654297
2016-11-28,43.69499969482422,44.13999938964844,43.36000061035156,44.03499984741211,5825579,24.807758331298828
2016-11-29,43.630001068115234,44.0099983215332,43.42499923706055,43.91999816894531,5321583,24.74296760559082
2016-11-30,43.5,45.404998779296875,43.5,44.95500183105469,12224423,25.326053619384766
2016-12-01,44.95500183105469,45.400001525878906,44.400001525878906,45.060001373291016,8834936,25.385211944580078
2016-12-02,44.5,45.125,44.20500183105469,44.904998779296875,6328429,25.297882080078125
2016-12-05,44.400001525878906,45.27000045776367,44.400001525878906,44.95000076293945,5422413,25.323232650756836
2016-12-06,44.345001220703125,45.119998931884766,44.11000061035156,45.084999084472656,6494859,25.39928436279297
2016-12-07,45.42499923706055,45.75,45.244998931884766,45.75,7567208,25.773923873901367
2016-12-08,45.70000076293945,46.2599983215332,45.45500183105469,45.915000915527344,7183138,25.866886138916016
2016-12-09,45.93000030517578,46.619998931884766,45.790000915527344,46.42499923706055,6638654,26.154197692871094
2016-12-12,46.8650016784668,47.4900016784668,46.8650016784668,46.9900016784668,7556730,26.472501754760742
2016-12-13,46.775001525878906,47.43000030517578,46.6150016784668,47.43000030517578,6194101,26.720380783081055
2016-12-14,47.119998931884766,47.54999923706055,46.90999984741211,47.11000061035156,7581969,26.540102005004883
2016-12-15,47.09000015258789,47.724998474121094,46.834999084472656,47.494998931884766,8963673,26.75699234008789
2016-12-16,47.625,48.47999954223633,47.540000915527344,48.209999084472656,18703046,27.159805297851562
2016-12-19,48.025001525878906,48.20500183105469,47.779998779296875,47.89500045776367,4520264,26.982349395751953
2016-12-20,47.60499954223633,48.5,47.52000045776367,48.27000045776367,5556473,27.193601608276367
2016-12-21,47.36000061035156,47.79499816894531,47.35499954223633,47.595001220703125,4198008,27.156518936157227
2016-12-22,47.560001373291016,48.189998626708984,47.45500183105469,48.189998626708984,5714264,27.49601173400879
2016-12-23,48.04999923706055,48.470001220703125,48.040000915527344,48.36000061035156,3456354,27.59300422668457
2016-12-27,48.380001068115234,48.5,48.16999816894531,48.375,1971874,27.601564407348633
2016-12-28,48.22999954223633,48.8849983215332,48.22999954223633,48.720001220703125,3447143,27.798419952392578
2016-12-29,48.48500061035156,48.86000061035156,48.349998474121094,48.6349983215332,2881821,27.749916076660156
2016-12-30,48.5,48.775001525878906,48.21500015258789,48.720001220703125,4671122,27.798419952392578
2017-01-02,48.5,48.80500030517578,48.46500015258789,48.79999923706055,2027830,27.84406089782715
2017-01-03,48.9900016784668,49.5,48.70000076293945,48.93000030517578,5238668,27.91823959350586
2017-01-04,49.0,49.119998931884766,48.56999969482422,48.904998779296875,5230702,27.903974533081055
2017-01-05,48.505001068115234,49.040000915527344,48.375,48.93000030517578,4539902,27.91823959350586
2017-01-06,48.77000045776367,48.849998474121094,48.51499938964844,48.77000045776367,3834273,27.826942443847656
2017-01-09,48.75,48.77000045776367,47.880001068115234,48.084999084472656,4256191,27.436107635498047
2017-01-10,48.224998474121094,48.42499923706055,47.994998931884766,48.22999954223633,4064314,27.51883316040039
2017-01-11,48.099998474121094,48.849998474121094,47.79999923706055,48.5,3714688,27.672889709472656
2017-01-12,48.29499816894531,48.84000015258789,48.275001525878906,48.69499969482422,4804025,27.78414535522461
2017-01-13,48.779998779296875,49.005001068115234,48.60499954223633,48.845001220703125,4031423,27.86974334716797
2017-01-16,48.59000015258789,48.66999816894531,48.185001373291016,48.459999084472656,3228039,27.65006446838379
2017-01-17,48.380001068115234,48.630001068115234,48.1349983215332,48.19499969482422,4207938,27.498857498168945
2017-01-18,48.154998779296875,48.41999816894531,47.814998626708984,48.255001068115234,4179201,27.533100128173828
2017-01-19,47.90999984741211,48.279998779296875,47.35499954223633,47.6150016784668,4529381,27.16792869567871
2017-01-20,47.75,48.34000015258789,47.51499938964844,48.1150016784668,8840723,27.453210830688477
2017-01-23,47.71500015258789,47.94499969482422,47.244998931884766,47.48500061035156,4070486,27.0937557220459
2017-01-24,47.599998474121094,47.915000915527344,47.52000045776367,47.63999938964844,3318995,27.18219566345215
2017-01-25,47.92499923706055,48.34000015258789,47.775001525878906,48.01499938964844,5207728,27.396160125732422
2017-01-26,47.994998931884766,48.165000915527344,47.61000061035156,47.79999923706055,4621757,27.273487091064453
2017-01-27,47.64500045776367,47.849998474121094,47.01499938964844,47.224998474121094,4441369,26.945404052734375
2017-01-30,47.01499938964844,47.099998474121094,46.3849983215332,46.70500183105469,4866424,26.648704528808594
2017-01-31,46.63999938964844,47.3650016784668,46.625,46.65999984741211,5725687,26.623035430908203
2017-02-01,47.099998474121094,47.189998626708984,46.540000915527344,46.720001220703125,4173501,26.657268524169922
2017-02-02,46.71500015258789,46.959999084472656,46.415000915527344,46.494998931884766,5013938,26.528886795043945
2017-02-03,46.7599983215332,47.43000030517578,46.67499923706055,47.150001525878906,5078979,26.902612686157227
2017-02-06,47.66999816894531,47.689998626708984,46.93000030517578,47.10499954223633,4321648,26.87693214416504
2017-02-07,47.10499954223633,47.189998626708984,46.564998626708984,46.625,4127214,26.603059768676758
2017-02-08,46.76499938964844,46.88999938964844,46.13999938964844,46.83000183105469,5808496,26.720027923583984
2017-02-09,47.70000076293945,47.7599983215332,46.79999923706055,47.42499923706055,5358645,27.059526443481445
2017-02-10,47.560001373291016,48.29499816894531,47.130001068115234,47.92499923706055,5211328,27.34480094909668
2017-02-13,48.21500015258789,48.529998779296875,47.845001220703125,48.07500076293945,4236376,27.43039321899414
2017-02-14,48.07500076293945,48.30500030517578,47.724998474121094,47.94499969482422,3400626,27.35622215270996
2017-02-15,48.084999084472656,48.29499816894531,47.91999816894531,47.95500183105469,3965147,27.36193084716797
2017-02-16,48.09000015258789,48.21500015258789,47.724998474121094,47.81999969482422,4380816,27.284893035888672
2017-02-17,47.68000030517578,47.77000045776367,46.9900016784668,47.439998626708984,6270097,27.068073272705078
2017-02-20,47.75,47.92499923706055,47.505001068115234,47.57500076293945,3287606,27.145116806030273
2017-02-21,47.75,48.814998626708984,47.60499954223633,48.400001525878906,5859517,27.61583137512207
2017-02-22,48.91999816894531,48.98500061035156,47.9900016784668,48.30500030517578,5448431,27.561626434326172
2017-02-23,48.21500015258789,48.584999084472656,48.099998474121094,48.290000915527344,3904254,27.553071975708008
2017-02-24,48.11000061035156,48.349998474121094,47.119998931884766,47.73500061035156,4937387,27.236398696899414
2017-02-27,47.400001525878906,47.599998474121094,47.19499969482422,47.2400016784668,4592744,26.953964233398438
2017-02-28,47.0,47.29999923706055,46.970001220703125,47.04999923706055,6772050,26.84555435180664
2017-03-01,47.25,47.8849983215332,47.25,47.75,5696676,27.244958877563477
2017-03-02,47.54999923706055,47.95500183105469,47.45000076293945,47.79499816894531,4023715,27.270626068115234
2017-03-03,47.654998779296875,48.220001220703125,47.58000183105469,48.07500076293945,4596460,27.43039321899414
2017-03-06,47.525001525878906,48.084999084472656,47.5099983215332,48.029998779296875,4541783,27.404720306396484
2017-03-07,47.650001525878906,47.880001068115234,47.474998474121094,47.70500183105469,4975946,27.219280242919922
2017-03-08,47.380001068115234,47.60499954223633,47.07500076293945,47.165000915527344,4751017,26.911176681518555
2017-03-09,46.779998779296875,46.790000915527344,45.849998474121094,46.790000915527344,8455345,26.69719886779785
2017-03-10,46.970001220703125,47.82500076293945,46.91999816894531,47.26499938964844,6358792,26.96823501586914
2017-03-13,47.084999084472656,47.42499923706055,46.8849983215332,47.099998474121094,4547846,26.87408447265625
2017-03-14,46.974998474121094,47.130001068115234,46.060001373291016,46.29999923706055,7032065,26.41761589050293
2017-03-15,46.59000015258789,46.98500061035156,46.46500015258789,46.97999954223633,5322576,26.80560874938965
2017-03-16,47.5,47.599998474121094,46.915000915527344,47.130001068115234,6713173,26.89120101928711
2017-03-17,46.91999816894531,47.72999954223633,46.900001525878906,47.36000061035156,13783809,27.02243423461914
2017-03-20,46.51499938964844,46.64500045776367,46.04999923706055,46.04999923706055,5869161,26.617822647094727
2017-03-21,46.2599983215332,46.73500061035156,46.06999969482422,46.31999969482422,5697212,26.77388572692871
2017-03-22,46.209999084472656,46.45000076293945,45.869998931884766,46.2400016784668,5190058,26.727651596069336
2017-03-23,46.209999084472656,46.5,45.88999938964844,46.5,5263462,26.877927780151367
2017-03-24,46.20000076293945,46.32500076293945,45.92499923706055,46.209999084472656,3605979,26.710294723510742
2017-03-27,45.85499954223633,46.29999923706055,45.82500076293945,46.125,5114084,26.661169052124023
2017-03-28,46.099998474121094,46.415000915527344,45.939998626708984,46.415000915527344,4827128,26.828794479370117
2017-03-29,46.5099983215332,46.75,46.029998779296875,46.6150016784668,4511535,26.94440269470215
2017-03-30,46.64500045776367,47.21500015258789,46.64500045776367,47.07500076293945,5431874,27.210296630859375
2017-03-31,47.06999969482422,47.415000915527344,46.814998626708984,47.415000915527344,6786119,27.406816482543945
2017-04-03,47.45000076293945,47.654998779296875,46.96500015258789,46.96500015258789,4938414,27.146696090698242
2017-04-04,47.119998931884766,47.75,47.119998931884766,47.75,5165283,27.600448608398438
2017-04-05,47.95000076293945,48.69499969482422,47.85499954223633,48.0,7045883,27.744962692260742
2017-04-06,47.779998779296875,48.689998626708984,47.6150016784668,48.529998779296875,5862628,28.051301956176758
2017-04-07,48.84000015258789,49.0,48.3849983215332,49.0,6411689,28.322978973388672
2017-04-10,49.0,49.0,48.4900016784668,48.630001068115234,4025918,28.109113693237305
2017-04-11,48.22999954223633,48.849998474121094,48.1349983215332,48.72999954223633,4802317,28.16692352294922
2017-04-12,48.80500030517578,49.07500076293945,48.53499984741211,48.63999938964844,4641557,28.114891052246094
2017-04-13,48.40999984741211,48.51499938964844,47.96500015258789,48.029998779296875,6073831,27.762300491333008
2017-04-18,47.66999816894531,47.8650016784668,47.08000183105469,47.1150016784668,6557281,27.233407974243164
2017-04-19,46.880001068115234,47.17499923706055,46.6349983215332,46.85499954223633,5935992,27.08312225341797
2017-04-20,46.59000015258789,47.30500030517578,46.435001373291016,47.06999969482422,7457833,27.20740509033203
2017-04-21,46.75,47.0,46.32500076293945,46.47999954223633,13081961,26.866363525390625
2017-04-24,48.20000076293945,48.39500045776367,47.625,47.82500076293945,12326186,27.643800735473633
2017-04-25,48.0,48.029998779296875,47.60499954223633,47.82500076293945,5475580,27.643800735473633
2017-04-26,47.54999923706055,48.119998931884766,47.46500015258789,47.845001220703125,5554663,27.655364990234375
2017-04-27,47.70000076293945,47.900001525878906,46.93000030517578,47.28499984741211,5968220,27.331663131713867
2017-04-28,47.474998474121094,47.625,47.16999816894531,47.16999816894531,6777333,27.26520538330078
2017-05-02,47.17499923706055,47.349998474121094,46.845001220703125,46.845001220703125,5511274,27.077348709106445
2017-05-03,46.5,46.849998474121094,46.5,46.76499938964844,4634438,27.031095504760742
2017-05-04,47.0,47.48500061035156,46.76499938964844,47.04499816894531,7703462,27.192951202392578
2017-05-05,46.314998626708984,48.01499938964844,46.28499984741211,48.0,9380467,27.744962692260742
2017-05-08,48.150001525878906,48.3650016784668,47.7400016784668,47.810001373291016,6044605,27.63513946533203
2017-05-09,48.099998474121094,48.209999084472656,47.82500076293945,47.82500076293945,4706208,27.643800735473633
2017-05-10,47.61000061035156,48.2599983215332,47.55500030517578,48.165000915527344,5968256,27.840330123901367
2017-05-11,48.20000076293945,48.30500030517578,47.47999954223633,47.88999938964844,5989628,27.68137550354004
2017-05-12,47.790000915527344,47.97999954223633,47.38999938964844,47.97999954223633,5361934,27.733400344848633
2017-05-15,48.16999816894531,48.775001525878906,48.16999816894531,48.349998474121094,5849556,27.947269439697266
2017-05-16,48.35499954223633,48.75,48.220001220703125,48.70000076293945,5366407,28.149572372436523
2017-05-17,48.4900016784668,48.78499984741211,48.18000030517578,48.45000076293945,6225593,28.005075454711914
2017-05-18,48.20000076293945,48.540000915527344,47.67499923706055,48.25,7019332,27.889463424682617
2017-05-19,48.345001220703125,48.720001220703125,48.185001373291016,48.400001525878906,6510603,27.976171493530273
2017-05-22,48.64500045776367,48.7400016784668,48.36000061035156,48.3849983215332,4378101,27.96749496459961
2017-05-23,48.29999923706055,48.6349983215332,48.154998779296875,48.20000076293945,4722918,27.86056900024414
2017-05-24,48.095001220703125,48.3849983215332,48.0,48.14500045776367,3956923,27.82877540588379
2017-05-25,48.154998779296875,48.400001525878906,47.56999969482422,47.72999954223633,4430086,27.588897705078125
2017-05-26,47.34000015258789,47.435001373291016,46.834999084472656,47.435001373291016,5909202,27.418373107910156
2017-05-29,47.470001220703125,47.650001525878906,47.33000183105469,47.540000915527344,1720642,27.479066848754883
2017-05-30,47.400001525878906,47.6349983215332,47.1349983215332,47.55500030517578,3923478,27.48773765563965
2017-05-31,47.53499984741211,47.724998474121094,47.130001068115234,47.27000045776367,13340539,27.3230037689209
2017-06-01,47.525001525878906,47.7400016784668,47.04999923706055,47.17499923706055,4949335,27.268096923828125
2017-06-02,47.099998474121094,47.33000183105469,46.52000045776367,46.79999923706055,7311919,27.051334381103516
2017-06-05,46.5,46.599998474121094,45.7599983215332,45.814998626708984,4436142,26.8375301361084
2017-06-06,45.73500061035156,45.90999984741211,45.505001068115234,45.744998931884766,5892944,26.796510696411133
2017-06-07,46.13999938964844,46.189998626708984,45.279998779296875,45.32500076293945,6488960,26.550495147705078
2017-06-08,45.40999984741211,45.810001373291016,45.314998626708984,45.53499984741211,5988428,26.673511505126953
2017-06-09,45.560001373291016,45.810001373291016,45.31999969482422,45.69499969482422,5035859,26.76723289489746
2017-06-12,46.10499954223633,46.11000061035156,45.40999984741211,45.48500061035156,6502016,26.64421844482422
2017-06-13,45.89500045776367,45.900001525878906,45.32500076293945,45.470001220703125,5031319,26.635425567626953
2017-06-14,45.79999923706055,45.810001373291016,44.755001068115234,44.755001068115234,9026497,26.216602325439453
2017-06-15,44.70000076293945,44.70000076293945,44.154998779296875,44.4900016784668,9980171,26.061368942260742
2017-06-16,44.599998474121094,44.92499923706055,44.51499938964844,44.810001373291016,13408800,26.24880599975586
2017-06-19,45.18000030517578,45.404998779296875,45.099998474121094,45.150001525878906,3848895,26.447980880737305
2017-06-20,45.10499954223633,45.209999084472656,44.30500030517578,44.55500030517578,5835711,26.099445343017578
2017-06-21,44.404998779296875,44.86000061035156,43.96500015258789,44.400001525878906,6105445,26.00864601135254
2017-06-22,44.099998474121094,44.40999984741211,43.55500030517578,44.349998474121094,7054201,25.979352951049805
2017-06-23,44.22999954223633,44.380001068115234,43.875,44.11000061035156,4268658,25.838762283325195
2017-06-26,44.2599983215332,44.560001373291016,43.939998626708984,44.10499954223633,4156979,25.835844039916992
2017-06-27,44.0,44.5,43.69499969482422,44.400001525878906,5881122,26.00864601135254
2017-06-28,44.20000076293945,44.459999084472656,43.875,44.435001373291016,6002922,26.029150009155273
2017-06-29,44.58000183105469,44.665000915527344,43.70500183105469,43.900001525878906,7529877,25.715755462646484
2017-06-30,43.755001068115234,43.95000076293945,43.14500045776367,43.28499984741211,7014641,25.355504989624023
2017-07-03,43.6349983215332,44.29499816894531,43.595001220703125,44.154998779296875,5162997,25.865135192871094
2017-07-04,44.125,44.27000045776367,43.959999084472656,43.97999954223633,3185643,25.762624740600586
2017-07-05,43.970001220703125,43.970001220703125,43.1349983215332,43.32500076293945,8073782,25.37892723083496
2017-07-06,43.349998474121094,43.400001525878906,42.775001525878906,43.099998474121094,6063988,25.24713134765625
2017-07-07,42.92499923706055,42.92499923706055,42.2599983215332,42.459999084472656,7008938,24.872228622436523
2017-07-10,42.75,42.970001220703125,42.57500076293945,42.76499938964844,4267823,25.05089569091797
2017-07-11,42.69499969482422,42.88999938964844,42.380001068115234,42.66999816894531,4099706,24.995243072509766
2017-07-12,42.94499969482422,43.400001525878906,42.82500076293945,43.07500076293945,6670326,25.23248863220215
2017-07-13,43.099998474121094,43.209999084472656,42.85499954223633,43.11000061035156,5025471,25.25298500061035
2017-07-14,43.27000045776367,43.599998474121094,43.095001220703125,43.334999084472656,5075580,25.384784698486328
2017-07-17,43.36000061035156,43.560001373291016,43.130001068115234,43.27000045776367,3396250,25.346710205078125
2017-07-18,43.150001525878906,43.380001068115234,42.875,42.915000915527344,4811911,25.13875961303711
2017-07-19,43.0,43.5,42.875,43.3849983215332,4074548,25.41408348083496
2017-07-20,43.57500076293945,43.9900016784668,43.13999938964844,43.345001220703125,5390043,25.39065170288086
2017-07-21,43.400001525878906,44.01499938964844,42.3849983215332,42.71500015258789,9239057,25.0216064453125
2017-07-24,42.70000076293945,42.994998931884766,42.224998474121094,42.654998779296875,5157172,24.9864559173584
2017-07-25,42.654998779296875,43.275001525878906,42.560001373291016,42.970001220703125,5433895,25.170982360839844
2017-07-26,43.064998626708984,43.52000045776367,43.0,43.220001220703125,5631824,25.317428588867188
2017-07-27,43.220001220703125,43.900001525878906,42.83000183105469,43.0,5404497,25.18854522705078
2017-07-28,42.880001068115234,43.04999923706055,42.5,42.9900016784668,6375988,25.18269157409668
2017-07-31,43.08000183105469,43.36000061035156,42.8650016784668,42.959999084472656,5562211,25.165119171142578
2017-08-01,43.845001220703125,43.915000915527344,43.0,43.44499969482422,6636034,25.44921875
2017-08-02,43.34000015258789,43.849998474121094,43.119998931884766,43.63999938964844,5904705,25.563446044921875
2017-08-03,43.38999938964844,43.72999954223633,43.18000030517578,43.56999969482422,4615296,25.522445678710938
2017-08-04,43.334999084472656,44.16999816894531,43.26499938964844,43.91999816894531,4642476,25.72747039794922
2017-08-07,43.95000076293945,44.165000915527344,43.689998626708984,43.84000015258789,3072645,25.68060874938965
2017-08-08,43.80500030517578,44.10499954223633,43.709999084472656,43.915000915527344,3936760,25.724536895751953
2017-08-09,43.709999084472656,43.834999084472656,43.224998474121094,43.45000076293945,6160966,25.45215606689453
2017-08-10,43.459999084472656,43.650001525878906,43.130001068115234,43.540000915527344,5719471,25.504873275756836
2017-08-11,43.165000915527344,43.275001525878906,42.67499923706055,42.75,5583010,25.04210662841797
2017-08-14,42.7599983215332,43.06999969482422,42.459999084472656,42.86000061035156,3737186,25.106542587280273
2017-08-15,42.834999084472656,43.1150016784668,42.71500015258789,42.744998931884766,3016840,25.0391845703125
2017-08-16,42.90999984741211,43.47999954223633,42.90999984741211,43.04499816894531,3667499,25.214914321899414
2017-08-17,42.90999984741211,43.064998626708984,42.66999816894531,42.7599983215332,4012066,25.047969818115234
2017-08-18,42.560001373291016,42.7400016784668,42.3849983215332,42.650001525878906,5154751,24.983539581298828
2017-08-21,42.665000915527344,42.95500183105469,42.279998779296875,42.779998779296875,5102548,25.059682846069336
2017-08-22,43.09000015258789,43.650001525878906,43.025001525878906,43.41999816894531,5725830,25.4345760345459
2017-08-23,43.369998931884766,43.79999923706055,43.29499816894531,43.67499923706055,4519627,25.58395004272461
2017-08-24,43.869998931884766,43.875,43.415000915527344,43.44499969482422,3701294,25.44921875
2017-08-25,43.349998474121094,43.599998474121094,43.244998931884766,43.32500076293945,3180188,25.37892723083496
2017-08-28,43.154998779296875,43.47999954223633,43.02000045776367,43.1349983215332,2675731,25.26763153076172
2017-08-29,42.96500015258789,43.21500015258789,42.45500183105469,42.95500183105469,5649776,25.16219711303711
2017-08-30,43.20000076293945,43.36000061035156,42.86000061035156,43.23500061035156,3819842,25.32620620727539
2017-08-31,43.2599983215332,43.650001525878906,43.05500030517578,43.44499969482422,7215009,25.44921875
2017-09-01,43.5,43.95500183105469,43.459999084472656,43.80500030517578,4781396,25.660106658935547
2017-09-04,43.46500015258789,43.994998931884766,43.459999084472656,43.720001220703125,2721666,25.610319137573242
2017-09-05,43.73500061035156,44.1150016784668,43.599998474121094,43.88999938964844,4860103,25.70989418029785
2017-09-06,43.560001373291016,44.209999084472656,43.505001068115234,44.029998779296875,5106841,25.791912078857422
2017-09-07,44.154998779296875,44.58000183105469,44.11000061035156,44.334999084472656,5062629,25.970569610595703
2017-09-08,44.20000076293945,44.30500030517578,43.93000030517578,43.9900016784668,3898562,25.768482208251953
2017-09-11,44.04999923706055,44.39500045776367,44.04999923706055,44.369998931884766,4219950,25.99106788635254
2017-09-12,44.29499816894531,44.55500030517578,44.25,44.5099983215332,3570167,26.073076248168945
2017-09-13,44.334999084472656,44.86000061035156,44.21500015258789,44.7400016784668,5199684,26.207805633544922
2017-09-14,44.6150016784668,45.025001525878906,44.6150016784668,44.959999084472656,5409963,26.33667755126953
2017-09-15,44.900001525878906,45.20000076293945,44.7400016784668,44.92499923706055,14037756,26.316181182861328
2017-09-18,45.064998626708984,45.15999984741211,44.880001068115234,44.94499969482422,3253391,26.327898025512695
2017-09-19,44.875,45.400001525878906,44.80500030517578,45.18000030517578,4631793,26.465560913085938
2017-09-20,45.13999938964844,45.67499923706055,45.119998931884766,45.67499923706055,4502749,26.755521774291992
2017-09-21,45.85499954223633,46.04999923706055,45.665000915527344,45.8849983215332,5084860,26.878528594970703
2017-09-22,45.900001525878906,46.04999923706055,45.665000915527344,45.935001373291016,5282150,26.90782356262207
2017-09-25,45.290000915527344,45.724998474121094,44.88999938964844,45.630001068115234,6587170,27.094863891601562
2017-09-26,45.54999923706055,45.63999938964844,45.189998626708984,45.255001068115234,7075174,26.872190475463867
2017-09-27,45.45500183105469,45.4900016784668,45.08000183105469,45.11000061035156,5136164,26.78609275817871
2017-09-28,45.07500076293945,45.31999969482422,44.80500030517578,45.21500015258789,4312249,26.848438262939453
2017-09-29,45.19499969482422,45.44499969482422,45.084999084472656,45.44499969482422,6393240,26.985010147094727
2017-10-02,45.529998779296875,45.654998779296875,45.09000015258789,45.23500061035156,4670178,26.860321044921875
2017-10-03,45.43000030517578,45.724998474121094,45.334999084472656,45.619998931884766,3244572,27.08892250061035
2017-10-04,45.595001220703125,45.599998474121094,45.06999969482422,45.369998931884766,5854203,26.94047737121582
2017-10-05,45.20500183105469,45.78499984741211,45.20500183105469,45.73500061035156,4511985,27.157209396362305
2017-10-06,45.73500061035156,45.75,45.31999969482422,45.55500030517578,4292482,27.05032730102539
2017-10-09,45.625,45.755001068115234,45.4900016784668,45.54499816894531,2713659,27.044391632080078
2017-10-10,45.45000076293945,45.70000076293945,45.32500076293945,45.54999923706055,2707422,27.047359466552734
2017-10-11,45.5,45.900001525878906,45.35499954223633,45.849998474121094,3892746,27.225496292114258
2017-10-12,46.0,46.0,45.595001220703125,45.665000915527344,3068974,27.11564826965332
2017-10-13,45.80500030517578,45.89500045776367,45.66999816894531,45.779998779296875,3373549,27.183927536010742
2017-10-16,45.900001525878906,46.275001525878906,45.810001373291016,46.095001220703125,3634725,27.37098503112793
2017-10-17,46.14500045776367,46.290000915527344,45.900001525878906,45.900001525878906,3411164,27.255184173583984
2017-10-18,45.97999954223633,46.130001068115234,45.80500030517578,45.80500030517578,3518856,27.19877052307129
2017-10-19,45.810001373291016,45.9900016784668,45.459999084472656,45.845001220703125,4364905,27.222530364990234
2017-10-20,45.849998474121094,46.04499816894531,45.73500061035156,45.959999084472656,7021755,27.290815353393555
2017-10-23,46.0,46.47999954223633,45.959999084472656,46.099998474121094,3551421,27.373947143554688
2017-10-24,46.04499816894531,46.595001220703125,46.040000915527344,46.35499954223633,4171976,27.525362014770508
2017-10-25,46.32500076293945,46.459999084472656,45.875,45.900001525878906,4501746,27.255184173583984
2017-10-26,45.994998931884766,46.57500076293945,45.79999923706055,46.57500076293945,5488319,27.656002044677734
2017-10-27,46.59000015258789,47.625,46.4900016784668,47.27000045776367,8383356,28.068695068359375
2017-10-30,47.31999969482422,47.79999923706055,47.30500030517578,47.77000045776367,4539583,28.36558723449707
2017-10-31,47.94499969482422,48.165000915527344,47.70500183105469,47.869998931884766,4854922,28.424962997436523
2017-11-01,48.19499969482422,48.54499816894531,48.13999938964844,48.279998779296875,4926962,28.668420791625977
2017-11-02,48.34000015258789,48.494998931884766,48.0099983215332,48.459999084472656,4853655,28.775297164916992
2017-11-03,48.64500045776367,48.68000030517578,48.095001220703125,48.474998474121094,4369670,28.784212112426758
2017-11-06,48.47999954223633,48.70500183105469,48.31999969482422,48.6150016784668,4225760,28.86734390258789
2017-11-07,48.900001525878906,49.334999084472656,48.8849983215332,48.88999938964844,7390785,29.030630111694336
2017-11-08,48.8849983215332,49.084999084472656,48.720001220703125,48.92499923706055,4628480,29.051414489746094
2017-11-09,48.849998474121094,49.209999084472656,48.41999816894531,48.564998626708984,5705782,28.837648391723633
2017-11-10,48.599998474121094,48.84000015258789,47.875,48.04999923706055,5468813,28.53184700012207
2017-11-13,48.09000015258789,48.21500015258789,47.165000915527344,47.58000183105469,5619650,28.252761840820312
2017-11-14,47.34000015258789,47.48500061035156,46.665000915527344,46.935001373291016,6877396,27.869775772094727
2017-11-15,46.43000030517578,46.685001373291016,46.06999969482422,46.30500030517578,6523552,27.495677947998047
2017-11-16,46.525001525878906,46.57500076293945,46.06999969482422,46.29999923706055,4764514,27.492712020874023
2017-11-17,46.23500061035156,46.6349983215332,45.95500183105469,46.28499984741211,5571254,27.483797073364258
2017-11-20,46.28499984741211,46.61000061035156,46.15999984741211,46.47999954223633,4064633,27.59958839416504
2017-11-21,46.435001373291016,47.25,46.369998931884766,46.92499923706055,5697374,27.86383056640625
2017-11-22,47.1349983215332,47.595001220703125,47.03499984741211,47.27000045776367,5471192,28.068695068359375
2017-11-23,47.27000045776367,47.57500076293945,47.08000183105469,47.400001525878906,2776211,28.14588165283203
2017-11-24,47.349998474121094,47.7599983215332,47.23500061035156,47.349998474121094,2730546,28.116191864013672
2017-11-27,47.16999816894531,47.64500045776367,47.01499938964844,47.26499938964844,4246340,28.065723419189453
2017-11-28,47.290000915527344,47.810001373291016,47.290000915527344,47.5099983215332,5585631,28.211191177368164
2017-11-29,47.86000061035156,48.029998779296875,47.2400016784668,47.70500183105469,4980951,28.32699203491211
2017-11-30,47.67499923706055,47.92499923706055,47.404998779296875,47.404998779296875,7228468,28.148847579956055
2017-12-01,47.689998626708984,48.025001525878906,47.03499984741211,47.39500045776367,6722533,28.142921447753906
2017-12-04,47.599998474121094,47.81999969482422,47.2599983215332,47.81999969482422,5762259,28.395280838012695
2017-12-05,47.779998779296875,48.01499938964844,47.435001373291016,47.435001373291016,4737308,28.166667938232422
2017-12-06,47.290000915527344,47.59000015258789,47.095001220703125,47.3650016784668,5213358,28.125093460083008
2017-12-07,47.25,47.790000915527344,47.25,47.459999084472656,4280283,28.18151092529297
2017-12-08,47.55500030517578,47.57500076293945,46.875,47.025001525878906,7007107,27.923213958740234
2017-12-11,47.04999923706055,47.15999984741211,46.8650016784668,47.09000015258789,5691756,27.961809158325195
2017-12-12,47.25,47.900001525878906,47.209999084472656,47.775001525878906,7039100,28.368553161621094
2017-12-13,47.84000015258789,47.8650016784668,47.32500076293945,47.369998931884766,7466629,28.128061294555664
2017-12-14,47.5099983215332,47.56999969482422,47.064998626708984,47.20500183105469,4976500,28.030101776123047
2017-12-15,47.16999816894531,47.290000915527344,46.5099983215332,46.5099983215332,16742363,27.617408752441406
2017-12-18,46.880001068115234,47.35499954223633,46.875,47.35499954223633,6286173,28.119157791137695
2017-12-19,46.52000045776367,46.790000915527344,46.119998931884766,46.150001525878906,6349949,27.767187118530273
2017-12-20,46.099998474121094,46.38999938964844,46.025001525878906,46.220001220703125,4929440,27.809297561645508
2017-12-21,46.13999938964844,46.73500061035156,46.099998474121094,46.6150016784668,4680064,28.04696273803711
2017-12-22,46.58000183105469,46.75,46.41999816894531,46.470001220703125,3330287,27.959718704223633
2017-12-27,46.595001220703125,46.814998626708984,46.525001525878906,46.53499984741211,3422576,27.998823165893555
2017-12-28,46.55500030517578,46.61000061035156,46.224998474121094,46.334999084472656,3187546,27.878490447998047
2017-12-29,46.400001525878906,46.60499954223633,46.04499816894531,46.04499816894531,4179386,27.704002380371094
2018-01-02,46.404998779296875,46.404998779296875,45.845001220703125,46.060001373291016,4997867,27.713031768798828
2018-01-03,46.10499954223633,46.61000061035156,46.10499954223633,46.560001373291016,6782657,28.013879776000977
2018-01-04,46.79999923706055,47.57500076293945,46.79999923706055,47.47999954223633,8356524,28.567399978637695
2018-01-05,47.459999084472656,48.16999816894531,47.459999084472656,47.82500076293945,5799220,28.774972915649414
2018-01-08,48.0,48.279998779296875,47.845001220703125,48.03499984741211,3827349,28.901334762573242
2018-01-09,48.09000015258789,48.5,48.04499816894531,48.29999923706055,5049979,29.060775756835938
2018-01-10,48.314998626708984,48.40999984741211,47.900001525878906,48.150001525878906,4889380,28.970529556274414
2018-01-11,48.2400016784668,48.34000015258789,47.91999816894531,48.14500045776367,4662759,28.967514038085938
2018-01-12,48.14500045776367,48.75,47.915000915527344,48.61000061035156,6398070,29.247297286987305
2018-01-15,48.65999984741211,48.744998931884766,48.3849983215332,48.57500076293945,3461491,29.226238250732422
2018-01-16,48.595001220703125,48.650001525878906,48.064998626708984,48.13999938964844,5552216,28.964513778686523
2018-01-17,47.970001220703125,48.125,47.650001525878906,47.880001068115234,4612458,28.808076858520508
2018-01-18,47.9900016784668,48.1349983215332,47.38999938964844,47.584999084472656,5702316,28.630582809448242
2018-01-19,47.41999816894531,47.65999984741211,47.11000061035156,47.290000915527344,7686936,28.45308494567871
2018-01-22,47.4900016784668,47.935001373291016,47.42499923706055,47.904998779296875,4604302,28.823116302490234
2018-01-23,48.0,48.1349983215332,47.45000076293945,47.45000076293945,4769882,28.549360275268555
2018-01-24,47.380001068115234,47.790000915527344,47.30500030517578,47.54999923706055,4362733,28.609519958496094
2018-01-25,47.599998474121094,47.92499923706055,47.290000915527344,47.540000915527344,4618268,28.603511810302734
2018-01-26,47.599998474121094,47.79499816894531,47.43000030517578,47.52000045776367,3505520,28.59147834777832
2018-01-29,47.5099983215332,47.65999984741211,47.125,47.29499816894531,4330813,28.456098556518555
2018-01-30,46.935001373291016,47.06999969482422,46.439998626708984,46.5,6610587,27.977760314941406
2018-01-31,46.625,46.76499938964844,46.404998779296875,46.6349983215332,6117529,28.05900001525879
2018-02-01,47.279998779296875,47.45500183105469,46.775001525878906,47.060001373291016,8244692,28.31470489501953
2018-02-02,47.2400016784668,47.3849983215332,46.06999969482422,46.1349983215332,6826348,27.758150100708008
2018-02-05,45.95000076293945,45.96500015258789,45.32500076293945,45.36000061035156,7534505,27.291860580444336
2018-02-06,43.80500030517578,44.60499954223633,43.09000015258789,43.869998931884766,16069236,26.395370483398438
2018-02-07,44.57500076293945,45.08000183105469,44.01499938964844,44.7599983215332,9654886,26.930858612060547
2018-02-08,45.005001068115234,45.875,44.70500183105469,45.07500076293945,12899019,27.120386123657227
2018-02-09,45.02000045776367,45.36000061035156,44.34000015258789,44.70500183105469,12684742,26.89776039123535
2018-02-12,45.0,45.68000030517578,44.80500030517578,45.244998931884766,7960852,27.222665786743164
2018-02-13,45.58000183105469,45.685001373291016,45.150001525878906,45.34000015258789,6791773,27.279827117919922
2018-02-14,45.3650016784668,45.619998931884766,44.63999938964844,45.33000183105469,7210798,27.27381134033203
2018-02-15,45.720001220703125,45.84000015258789,44.98500061035156,45.165000915527344,6751372,27.174530029296875
2018-02-16,45.560001373291016,46.119998931884766,45.275001525878906,45.900001525878906,7914797,27.616758346557617
2018-02-19,45.904998779296875,46.06999969482422,45.814998626708984,45.88999938964844,3643917,27.610750198364258
2018-02-20,46.04999923706055,46.599998474121094,45.959999084472656,46.599998474121094,7057664,28.037933349609375
2018-02-21,46.209999084472656,46.81999969482422,46.189998626708984,46.81999969482422,5605350,28.17029571533203
2018-02-22,46.41999816894531,47.03499984741211,46.224998474121094,46.875,5731624,28.203393936157227
2018-02-23,46.9900016784668,47.2599983215332,46.85499954223633,47.06999969482422,4115792,28.320716857910156
2018-02-26,47.474998474121094,47.584999084472656,47.15999984741211,47.369998931884766,4130822,28.501216888427734
2018-02-27,47.3650016784668,47.53499984741211,47.06999969482422,47.29999923706055,4347082,28.4591007232666
2018-02-28,47.0,47.470001220703125,46.775001525878906,46.970001220703125,8231213,28.260555267333984
2018-03-01,46.630001068115234,46.83000183105469,46.1150016784668,46.40999984741211,6735051,27.92360496520996
2018-03-02,46.150001525878906,46.275001525878906,45.2599983215332,45.5,7026769,27.37609100341797
2018-03-05,45.44499969482422,46.15999984741211,45.400001525878906,45.95000076293945,5349417,27.646846771240234
2018-03-06,46.27000045776367,46.48500061035156,46.04499816894531,46.04499816894531,4539655,27.704002380371094
2018-03-07,45.810001373291016,46.29999923706055,45.78499984741211,46.11000061035156,4986824,27.743127822875977
2018-03-08,46.005001068115234,46.525001525878906,45.91999816894531,46.42499923706055,4676586,27.932641983032227
2018-03-09,46.279998779296875,46.665000915527344,46.255001068115234,46.459999084472656,4258818,27.95369529724121
2018-03-12,46.689998626708984,46.814998626708984,46.400001525878906,46.59000015258789,4088976,28.031911849975586
2018-03-13,46.900001525878906,47.4900016784668,46.70500183105469,46.880001068115234,7839152,28.206403732299805
2018-03-14,46.880001068115234,47.3650016784668,46.79499816894531,47.029998779296875,6888809,28.296653747558594
2018-03-15,47.06999969482422,47.25,46.900001525878906,46.900001525878906,6640475,28.218433380126953
2018-03-16,46.8650016784668,47.779998779296875,46.84000015258789,47.779998779296875,19712754,28.747915267944336
2018-03-19,46.845001220703125,46.93000030517578,46.1349983215332,46.19499969482422,7092469,28.15966033935547
2018-03-20,46.345001220703125,46.38999938964844,45.755001068115234,46.23500061035156,5726286,28.184043884277344
2018-03-21,46.29999923706055,46.625,46.03499984741211,46.55500030517578,5923941,28.379114151000977
2018-03-22,46.314998626708984,46.6349983215332,45.80500030517578,46.255001068115234,7645861,28.196231842041016
2018-03-23,45.814998626708984,46.19499969482422,45.58000183105469,45.80500030517578,7267624,27.92191505432129
2018-03-26,45.94499969482422,46.19499969482422,45.625,45.900001525878906,6195818,27.979827880859375
2018-03-27,46.400001525878906,46.5,45.83000183105469,46.09000015258789,7235270,28.095657348632812
2018-03-28,45.83000183105469,45.959999084472656,45.595001220703125,45.834999084472656,8654871,27.940210342407227
2018-03-29,45.81999969482422,46.45000076293945,45.685001373291016,46.130001068115234,5098808,28.12003517150879
2018-04-03,46.27000045776367,47.03499984741211,46.23500061035156,46.70500183105469,7557631,28.47054672241211
2018-04-04,47.0099983215332,47.279998779296875,46.66999816894531,47.279998779296875,7706321,28.821060180664062
2018-04-05,47.9900016784668,48.59000015258789,47.57500076293945,48.560001373291016,8867065,29.601329803466797
2018-04-06,48.45000076293945,48.849998474121094,48.25,48.474998474121094,5952589,29.54950523376465
2018-04-09,48.46500015258789,48.560001373291016,48.154998779296875,48.31999969482422,4994629,29.455026626586914
2018-04-10,48.494998931884766,48.849998474121094,48.220001220703125,48.810001373291016,6047662,29.753719329833984
2018-04-11,48.5,49.099998474121094,48.31999969482422,48.86000061035156,5722807,29.78421401977539
2018-04-12,48.83000183105469,49.119998931884766,48.69499969482422,48.89500045776367,5896449,29.805530548095703
2018-04-13,48.79999923706055,48.880001068115234,48.3849983215332,48.599998474121094,5553793,29.62571144104004
2018-04-16,48.494998931884766,48.77000045776367,48.29999923706055,48.64500045776367,3588017,29.653141021728516
2018-04-17,48.70000076293945,49.1349983215332,48.70000076293945,48.915000915527344,4886957,29.817729949951172
2018-04-18,48.86000061035156,49.75,48.86000061035156,49.70000076293945,7873858,30.296253204345703
2018-04-19,49.744998931884766,50.400001525878906,49.724998474121094,50.29999923706055,5966295,30.661998748779297
2018-04-20,50.29999923706055,50.83000183105469,49.85499954223633,50.63999938964844,8539792,30.8692569732666
2018-04-23,50.65999984741211,51.15999984741211,50.5099983215332,51.15999984741211,5072373,31.186248779296875
2018-04-24,51.13999938964844,51.84000015258789,51.06999969482422,51.84000015258789,6734317,31.600757598876953
2018-04-25,51.38999938964844,51.56999969482422,50.81999969482422,51.150001525878906,6535854,31.180139541625977
2018-04-26,51.150001525878906,52.099998474121094,51.0,51.90999984741211,6192656,31.643428802490234
2018-04-27,52.0,52.099998474121094,51.65999984741211,52.099998474121094,3738929,31.759241104125977
2018-04-30,51.779998779296875,52.33000183105469,51.689998626708984,52.33000183105469,5712854,31.89945411682129
2018-05-02,51.97999954223633,52.310001373291016,51.650001525878906,51.650001525878906,7030296,31.48493766784668
2018-05-03,51.58000183105469,51.849998474121094,51.54999923706055,51.779998779296875,4972015,31.564176559448242
2018-05-04,51.81999969482422,52.27000045776367,51.779998779296875,52.27000045776367,5163665,31.862876892089844
2018-05-07,51.84000015258789,52.72999954223633,51.810001373291016,52.709999084472656,4198502,32.1310920715332
2018-05-08,52.189998626708984,52.40999984741211,51.689998626708984,51.810001373291016,7169504,31.582460403442383
2018-05-09,52.060001373291016,52.779998779296875,52.02000045776367,52.779998779296875,5916840,32.17375564575195
2018-05-10,52.849998474121094,52.900001525878906,52.279998779296875,52.709999084472656,3775827,32.1310920715332
2018-05-11,52.7400016784668,53.33000183105469,52.58000183105469,53.33000183105469,4121949,32.509037017822266
2018-05-14,53.220001220703125,53.779998779296875,53.08000183105469,53.70000076293945,4211624,32.73457717895508
2018-05-15,53.61000061035156,54.13999938964844,53.58000183105469,53.900001525878906,5613306,32.85649490356445
2018-05-16,53.58000183105469,53.900001525878906,53.459999084472656,53.540000915527344,4804039,32.637046813964844
2018-05-17,53.47999954223633,54.599998474121094,53.470001220703125,54.5,5938975,33.222232818603516
2018-05-18,54.18000030517578,54.95000076293945,54.16999816894531,54.47999954223633,10371317,33.210052490234375
2018-05-21,54.59000015258789,54.86000061035156,54.43000030517578,54.5,3037025,33.222232818603516
2018-05-22,54.369998931884766,54.689998626708984,53.75,54.119998931884766,6018371,32.99060821533203
2018-05-23,53.5,53.75,52.130001068115234,52.439998626708984,8905934,31.966501235961914
2018-05-24,52.45000076293945,52.84000015258789,51.720001220703125,51.810001373291016,5891801,31.582460403442383
2018-05-25,51.81999969482422,52.15999984741211,50.88999938964844,51.060001373291016,7037082,31.125274658203125
2018-05-28,50.959999084472656,51.38999938964844,50.58000183105469,50.7599983215332,3593822,30.94240379333496
2018-05-29,50.459999084472656,51.47999954223633,49.4900016784668,51.0099983215332,9380928,31.094804763793945
2018-05-30,51.130001068115234,52.0,51.11000061035156,51.900001525878906,7334673,31.6373348236084
2018-05-31,51.97999954223633,52.380001068115234,51.599998474121094,52.04999923706055,8710760,31.728761672973633
2018-06-01,52.2599983215332,52.900001525878906,52.2599983215332,52.72999954223633,6205310,32.143280029296875
2018-06-04,52.9900016784668,53.15999984741211,52.56999969482422,52.63999938964844,4237939,32.08842468261719
2018-06-05,52.560001373291016,53.189998626708984,52.2400016784668,52.29999923706055,5787285,31.881168365478516
2018-06-06,52.709999084472656,52.939998626708984,52.11000061035156,52.720001220703125,7100395,32.137176513671875
2018-06-07,52.81999969482422,53.599998474121094,52.75,53.380001068115234,6403747,32.539512634277344
2018-06-08,53.209999084472656,53.599998474121094,52.959999084472656,53.099998474121094,5326734,32.368831634521484
2018-06-11,52.4900016784668,52.81999969482422,52.380001068115234,52.779998779296875,6979312,32.553863525390625
2018-06-12,52.90999984741211,52.97999954223633,52.16999816894531,52.31999969482422,6804677,32.270137786865234
2018-06-13,51.970001220703125,52.31999969482422,51.79999923706055,52.06999969482422,6370788,32.115936279296875
2018-06-14,51.79999923706055,53.040000915527344,51.75,52.86000061035156,7649649,32.60319900512695
2018-06-15,52.86000061035156,52.970001220703125,52.22999954223633,52.349998474121094,24908700,32.28865051269531
2018-06-18,52.099998474121094,52.4900016784668,51.90999984741211,52.22999954223633,7236594,32.214637756347656
2018-06-19,51.810001373291016,51.9900016784668,51.5,51.790000915527344,7451526,31.94324493408203
2018-06-20,51.97999954223633,52.040000915527344,51.130001068115234,51.25,7378900,31.61018180847168
2018-06-21,51.38999938964844,51.45000076293945,50.61000061035156,50.79999923706055,5574620,31.33262825012207
2018-06-22,50.91999816894531,52.72999954223633,50.630001068115234,52.47999954223633,7615289,32.368831634521484
2018-06-25,51.900001525878906,52.540000915527344,51.52000045776367,51.66999816894531,5006276,31.869226455688477
2018-06-26,51.79999923706055,51.869998931884766,51.33000183105469,51.47999954223633,4654038,31.752042770385742
2018-06-27,51.79999923706055,53.130001068115234,51.599998474121094,52.4900016784668,6691677,32.3749885559082
2018-06-28,52.459999084472656,52.95000076293945,51.970001220703125,52.16999816894531,6136939,32.1776237487793
2018-06-29,52.5,52.81999969482422,52.209999084472656,52.209999084472656,6088517,32.202301025390625
2018-07-02,51.689998626708984,52.540000915527344,51.349998474121094,52.209999084472656,6197475,32.202301025390625
2018-07-03,52.68000030517578,53.209999084472656,52.16999816894531,52.72999954223633,5185423,32.52302551269531
2018-07-04,52.84000015258789,53.349998474121094,52.77000045776367,52.959999084472656,3757692,32.664878845214844
2018-07-05,52.83000183105469,54.25,52.79999923706055,53.720001220703125,6974664,33.13364791870117
2018-07-06,53.7599983215332,53.849998474121094,52.90999984741211,53.310001373291016,4772138,32.88076400756836
2018-07-09,53.709999084472656,54.18000030517578,53.529998779296875,54.0,4422101,33.30633544921875
2018-07-10,54.15999984741211,54.869998931884766,54.150001525878906,54.619998931884766,5234184,33.68873977661133
2018-07-11,54.290000915527344,54.369998931884766,53.15999984741211,53.15999984741211,6073456,32.788238525390625
2018-07-12,52.849998474121094,53.27000045776367,52.66999816894531,53.27000045776367,5179889,32.8560791015625
2018-07-13,53.58000183105469,53.58000183105469,53.08000183105469,53.33000183105469,3841378,32.89310073852539
2018-07-16,53.29999923706055,53.38999938964844,52.54999923706055,52.790000915527344,3641931,32.560035705566406
2018-07-17,52.779998779296875,52.84000015258789,52.310001373291016,52.75,3297635,32.53535842895508
2018-07-18,52.88999938964844,53.18000030517578,52.349998474121094,52.900001525878906,3744964,32.62788009643555
2018-07-19,53.08000183105469,53.29999923706055,52.720001220703125,52.880001068115234,4595461,32.615543365478516
2018-07-20,52.599998474121094,52.84000015258789,51.91999816894531,52.599998474121094,7318636,32.44284439086914
2018-07-23,52.45000076293945,52.779998779296875,52.119998931884766,52.599998474121094,2993307,32.44284439086914
2018-07-24,52.400001525878906,53.08000183105469,52.15999984741211,52.869998931884766,3746105,32.609371185302734
2018-07-25,52.790000915527344,53.06999969482422,52.45000076293945,52.79999923706055,3893685,32.56619644165039
2018-07-26,53.20000076293945,54.0,52.849998474121094,54.0,6871125,33.30633544921875
2018-07-27,54.22999954223633,55.0,54.11000061035156,55.0,6036183,33.92311477661133
2018-07-30,54.95000076293945,55.65999984741211,54.84000015258789,55.150001525878906,4041960,34.01564407348633
2018-07-31,54.61000061035156,56.08000183105469,54.599998474121094,55.86000061035156,6459528,34.45355987548828
2018-08-01,55.38999938964844,55.70000076293945,55.36000061035156,55.47999954223633,4680252,34.21918869018555
2018-08-02,55.0099983215332,55.38999938964844,54.68000030517578,54.95000076293945,5284889,33.89228057861328
2018-08-03,55.099998474121094,55.310001373291016,54.619998931884766,54.779998779296875,4087898,33.78743362426758
2018-08-06,54.7599983215332,55.06999969482422,54.5099983215332,54.95000076293945,2784916,33.89228057861328
2018-08-07,55.0,56.189998626708984,55.0,55.959999084472656,4165539,34.515235900878906
2018-08-08,55.970001220703125,56.27000045776367,55.45000076293945,55.5,3659732,34.23152160644531
2018-08-09,55.310001373291016,55.439998626708984,55.119998931884766,55.2599983215332,3272824,34.0834846496582
2018-08-10,54.720001220703125,54.7599983215332,53.779998779296875,53.95000076293945,6634461,33.27549743652344
2018-08-13,54.0099983215332,54.63999938964844,54.0099983215332,54.09000015258789,3911784,33.361839294433594
2018-08-14,54.02000045776367,54.150001525878906,53.54999923706055,53.54999923706055,4891295,33.02878952026367
2018-08-15,53.56999969482422,53.63999938964844,51.86000061035156,52.06999969482422,7661481,32.115936279296875
2018-08-16,52.20000076293945,52.58000183105469,52.029998779296875,52.36000061035156,5189725,32.2948112487793
2018-08-17,52.52000045776367,52.59000015258789,52.0099983215332,52.400001525878906,3842132,32.31949234008789
2018-08-20,52.709999084472656,53.209999084472656,52.630001068115234,52.900001525878906,3125213,32.62788009643555
2018-08-21,52.900001525878906,53.54999923706055,52.79999923706055,53.209999084472656,3193620,32.81907272338867
2018-08-22,52.97999954223633,53.9900016784668,52.93000030517578,53.72999954223633,4129541,33.139808654785156
2018-08-23,53.279998779296875,54.310001373291016,53.279998779296875,54.16999816894531,3874292,33.41118621826172
2018-08-24,54.209999084472656,54.97999954223633,54.189998626708984,54.869998931884766,3979321,33.84293746948242
2018-08-27,54.959999084472656,55.65999984741211,54.95000076293945,55.41999816894531,3616754,34.18217086791992
2018-08-28,55.380001068115234,55.47999954223633,54.79999923706055,54.79999923706055,3732955,33.79976272583008
2018-08-29,54.5,54.93000030517578,54.310001373291016,54.849998474121094,3288345,33.830596923828125
2018-08-30,54.540000915527344,54.91999816894531,54.369998931884766,54.650001525878906,3306266,33.70724105834961
2018-08-31,54.47999954223633,54.54999923706055,53.869998931884766,53.869998931884766,6062920,33.22616195678711
2018-09-03,53.689998626708984,54.25,53.65999984741211,54.13999938964844,2133688,33.392696380615234
2018-09-04,54.119998931884766,54.310001373291016,53.58000183105469,53.630001068115234,4591347,33.07813262939453
2018-09-05,53.09000015258789,53.349998474121094,52.529998779296875,52.529998779296875,7007681,32.39966583251953
2018-09-06,52.56999969482422,52.779998779296875,52.029998779296875,52.029998779296875,5580162,32.09127426147461
2018-09-07,52.13999938964844,52.27000045776367,51.56999969482422,51.9900016784668,4386829,32.06660461425781
2018-09-10,51.90999984741211,52.279998779296875,51.7599983215332,51.880001068115234,3969608,31.998762130737305
2018-09-11,52.400001525878906,52.97999954223633,51.97999954223633,52.97999954223633,5730992,32.677223205566406
2018-09-12,53.099998474121094,53.9900016784668,53.099998474121094,53.880001068115234,5562533,33.23232650756836
2018-09-13,53.619998931884766,54.06999969482422,53.459999084472656,53.529998779296875,4872368,33.016456604003906
2018-09-14,53.56999969482422,54.029998779296875,53.52000045776367,53.86000061035156,4427316,33.21998596191406
2018-09-17,53.720001220703125,54.0,53.599998474121094,53.709999084472656,3600708,33.12747573852539
2018-09-18,53.5099983215332,54.130001068115234,53.47999954223633,53.97999954223633,5144219,33.294002532958984
2018-09-19,54.0,54.220001220703125,53.75,54.04999923706055,4967889,33.33717346191406
2018-09-20,54.11000061035156,54.93000030517578,54.11000061035156,54.7400016784668,6700771,33.76276397705078
2018-09-21,54.470001220703125,55.16999816894531,54.470001220703125,54.900001525878906,14412539,33.861446380615234
2018-09-24,54.9900016784668,55.7400016784668,54.9900016784668,55.529998779296875,6891452,34.250022888183594
2018-09-25,55.25,55.86000061035156,55.06999969482422,55.59000015258789,8293381,34.686805725097656
2018-09-26,55.560001373291016,55.7400016784668,55.099998474121094,55.43000030517578,7399283,34.586971282958984
2018-09-27,55.38999938964844,56.16999816894531,55.369998931884766,56.02000045776367,6844886,34.95511245727539
2018-09-28,55.779998779296875,56.189998626708984,55.2400016784668,55.84000015258789,6779625,34.842796325683594
2018-10-01,56.11000061035156,56.47999954223633,56.0,56.369998931884766,4797525,35.17350387573242
2018-10-02,56.380001068115234,56.68000030517578,55.970001220703125,56.20000076293945,5208653,35.06742477416992
2018-10-03,56.2599983215332,56.5,56.0,56.29999923706055,4769760,35.129825592041016
2018-10-04,56.189998626708984,56.81999969482422,56.06999969482422,56.06999969482422,5386309,34.98630905151367
2018-10-05,55.86000061035156,56.16999816894531,55.130001068115234,55.130001068115234,5738692,34.3997688293457
2018-10-08,54.91999816894531,55.150001525878906,53.900001525878906,54.04999923706055,5187149,33.72587203979492
2018-10-09,54.45000076293945,54.900001525878906,54.2599983215332,54.83000183105469,5804198,34.212589263916016
2018-10-10,55.209999084472656,56.2599983215332,54.75,55.099998474121094,7088986,34.38105392456055
2018-10-11,53.90999984741211,54.369998931884766,53.209999084472656,53.209999084472656,10086659,33.201725006103516
2018-10-12,53.90999984741211,54.06999969482422,52.93000030517578,52.93000030517578,6362064,33.02703094482422
2018-10-15,53.0,53.90999984741211,52.95000076293945,53.54999923706055,5826673,33.41389846801758
2018-10-16,53.59000015258789,53.959999084472656,52.59000015258789,53.81999969482422,5338538,33.582359313964844
2018-10-17,54.0,54.02000045776367,53.060001373291016,53.459999084472656,5142636,33.357730865478516
2018-10-18,53.5,53.849998474121094,52.79999923706055,52.79999923706055,4844602,32.94590377807617
2018-10-19,53.150001525878906,53.560001373291016,52.779998779296875,52.83000183105469,8060058,32.96463394165039
2018-10-22,53.22999954223633,53.2599983215332,52.02000045776367,52.08000183105469,3910479,32.49665069580078
2018-10-23,51.880001068115234,52.15999984741211,50.81999969482422,51.060001373291016,6267992,31.860191345214844
2018-10-24,50.79999923706055,51.65999984741211,50.54999923706055,50.63999938964844,6266965,31.598127365112305
2018-10-25,50.02000045776367,51.68000030517578,49.209999084472656,51.40999984741211,7606493,32.078582763671875
2018-10-26,51.619998931884766,51.63999938964844,49.1349983215332,50.630001068115234,8592730,31.59188461303711
2018-10-29,51.25,51.72999954223633,50.630001068115234,50.97999954223633,3696770,31.810264587402344
2018-10-30,51.060001373291016,51.5,50.279998779296875,50.7400016784668,5805663,31.660518646240234
2018-10-31,51.209999084472656,52.13999938964844,51.209999084472656,51.959999084472656,9536208,32.42176818847656
2018-11-01,51.5,51.630001068115234,50.33000183105469,50.63999938964844,7819308,31.598127365112305
2018-11-02,51.040000915527344,51.22999954223633,50.189998626708984,50.25,5331289,31.354778289794922
2018-11-05,50.34000015258789,51.75,50.20000076293945,51.400001525878906,5408192,32.07234573364258
2018-11-06,51.41999816894531,51.41999816894531,50.83000183105469,50.880001068115234,5524497,31.747880935668945
2018-11-07,51.08000183105469,52.209999084472656,50.939998626708984,51.72999954223633,6648052,32.27825927734375
2018-11-08,52.0,52.08000183105469,51.27000045776367,51.43000030517578,5068546,32.09105682373047
2018-11-09,50.810001373291016,51.040000915527344,50.119998931884766,50.4900016784668,6672091,31.50453758239746
2018-11-12,51.06999969482422,51.34000015258789,50.220001220703125,50.220001220703125,5840889,31.3360538482666
2018-11-13,50.189998626708984,50.31999969482422,48.875,49.5099983215332,8648199,30.893033981323242
2018-11-14,48.654998779296875,50.18000030517578,48.564998626708984,49.65999984741211,7876258,30.98661994934082
2018-11-15,49.80500030517578,50.220001220703125,49.415000915527344,50.11000061035156,6529172,31.267414093017578
2018-11-16,50.36000061035156,50.779998779296875,49.665000915527344,49.994998931884766,7070600,31.19565773010254
2018-11-19,50.099998474121094,50.29999923706055,49.4900016784668,49.54999923706055,5758425,30.917987823486328
2018-11-20,49.45000076293945,49.89500045776367,48.54499816894531,48.8650016784668,7371832,30.490562438964844
2018-11-21,48.81999969482422,49.40999984741211,48.685001373291016,49.40999984741211,6340992,30.830625534057617
2018-11-22,49.48500061035156,49.5,48.849998474121094,49.060001373291016,4283459,30.612245559692383
2018-11-23,48.709999084472656,49.084999084472656,47.30500030517578,47.584999084472656,7910692,29.691879272460938
2018-11-26,47.7599983215332,48.560001373291016,47.7599983215332,48.29999923706055,8498302,30.138017654418945
2018-11-27,48.165000915527344,48.48500061035156,47.82500076293945,48.029998779296875,6764760,29.969541549682617
2018-11-28,48.185001373291016,48.439998626708984,47.970001220703125,48.244998931884766,6427107,30.103694915771484
2018-11-29,48.404998779296875,48.790000915527344,48.005001068115234,48.439998626708984,8133989,30.225379943847656
2018-11-30,48.779998779296875,49.255001068115234,48.51499938964844,49.165000915527344,8735239,30.677772521972656
2018-12-03,50.9900016784668,50.9900016784668,49.755001068115234,49.814998626708984,7597964,31.083345413208008
2018-12-04,49.88999938964844,50.16999816894531,49.39500045776367,49.494998931884766,6614091,30.883676528930664
2018-12-05,49.09000015258789,49.20500183105469,48.724998474121094,48.80500030517578,5430691,30.453125
2018-12-06,48.435001373291016,48.56999969482422,47.125,47.3849983215332,11426116,29.56708335876465
2018-12-07,47.525001525878906,49.2599983215332,47.525001525878906,48.165000915527344,9268952,30.053787231445312
2018-12-10,47.869998931884766,48.22999954223633,47.11000061035156,47.34000015258789,7871712,29.53899574279785
2018-12-11,47.53499984741211,48.314998626708984,47.40999984741211,47.76499938964844,7313051,29.804195404052734
2018-12-12,47.90999984741211,48.775001525878906,47.84000015258789,48.470001220703125,7733000,30.24410057067871
2018-12-13,48.14500045776367,49.13999938964844,48.099998474121094,48.939998626708984,8408843,30.53736114501953
2018-12-14,48.60499954223633,49.494998931884766,48.60499954223633,49.099998474121094,8072261,30.637195587158203
2018-12-17,48.81999969482422,49.185001373291016,48.505001068115234,48.6150016784668,6245522,30.334577560424805
2018-12-18,47.810001373291016,47.974998474121094,46.755001068115234,46.755001068115234,10947403,29.563167572021484
2018-12-19,46.66999816894531,47.029998779296875,46.5099983215332,46.83000183105469,8106702,29.610593795776367
2018-12-20,46.33000183105469,46.33000183105469,45.57500076293945,45.89500045776367,8366364,29.019393920898438
2018-12-21,45.900001525878906,46.04499816894531,45.084999084472656,46.04499816894531,13466599,29.114234924316406
2018-12-24,45.97999954223633,46.040000915527344,45.22999954223633,45.22999954223633,1570694,28.59890365600586
2018-12-27,46.19499969482422,46.19499969482422,44.779998779296875,45.349998474121094,7100931,28.67478370666504
2018-12-28,45.55500030517578,46.505001068115234,45.529998779296875,46.084999084472656,5778811,29.1395263671875
2018-12-31,46.59000015258789,46.755001068115234,46.15999984741211,46.18000030517578,2060626,29.199596405029297
2019-01-02,45.2599983215332,46.8849983215332,44.775001525878906,46.654998779296875,6652627,29.499935150146484
2019-01-03,46.03499984741211,46.67499923706055,45.90999984741211,46.255001068115234,5651974,29.247018814086914
2019-01-04,46.79999923706055,47.665000915527344,46.79999923706055,47.40999984741211,7098402,29.97732162475586
2019-01-07,47.8650016784668,47.8650016784668,46.66999816894531,47.29999923706055,4898882,29.90776824951172
2019-01-08,47.439998626708984,47.72999954223633,47.18000030517578,47.20000076293945,5474798,29.84453773498535
2019-01-09,47.65999984741211,47.98500061035156,47.314998626708984,47.83000183105469,6755539,30.242887496948242
2019-01-10,47.79999923706055,47.915000915527344,47.099998474121094,47.599998474121094,6105664,30.097461700439453
2019-01-11,47.69499969482422,48.07500076293945,46.66999816894531,46.78499984741211,6319470,29.58213996887207
2019-01-14,46.5,47.290000915527344,46.2599983215332,47.04999923706055,4741251,29.749692916870117
2019-01-15,47.0,47.290000915527344,46.3849983215332,46.98500061035156,5998007,29.70859146118164
2019-01-16,47.29499816894531,47.38999938964844,46.595001220703125,47.04999923706055,5166477,29.749692916870117
2019-01-17,46.849998474121094,47.334999084472656,46.61000061035156,46.915000915527344,4668372,29.66433334350586
2019-01-18,47.44499969482422,48.025001525878906,47.34000015258789,47.78499984741211,7418150,30.21442985534668
2019-01-21,47.77000045776367,47.845001220703125,47.21500015258789,47.3849983215332,3571465,29.961515426635742
2019-01-22,47.20000076293945,47.279998779296875,46.709999084472656,47.0099983215332,4302035,29.724403381347656
2019-01-23,47.05500030517578,47.32500076293945,46.60499954223633,46.60499954223633,4556479,29.468324661254883
2019-01-24,46.720001220703125,47.099998474121094,46.2400016784668,47.0099983215332,4864460,29.724403381347656
2019-01-25,47.20000076293945,47.595001220703125,47.13999938964844,47.45000076293945,4456382,30.00261116027832
2019-01-28,47.26499938964844,47.290000915527344,46.56999969482422,46.685001373291016,4258836,29.518905639648438
2019-01-29,46.97999954223633,47.54999923706055,46.66999816894531,47.2400016784668,4703857,29.869836807250977
2019-01-30,47.02000045776367,47.279998779296875,46.82500076293945,47.02000045776367,5009969,29.73072624206543
2019-01-31,47.68000030517578,48.099998474121094,47.494998931884766,47.97999954223633,8028583,30.337722778320312
2019-02-01,47.775001525878906,48.279998779296875,47.3849983215332,48.209999084472656,6748382,30.483163833618164
2019-02-04,48.2400016784668,48.65999984741211,47.630001068115234,48.09000015258789,5268831,30.407283782958984
2019-02-05,48.42499923706055,48.98500061035156,48.244998931884766,48.900001525878906,6851452,30.919448852539062
2019-02-06,48.875,49.0,48.400001525878906,48.779998779296875,4938521,30.84356689453125
2019-02-07,48.93000030517578,48.93000030517578,48.040000915527344,48.04499816894531,6484582,30.378826141357422
2019-02-08,48.0,48.6150016784668,47.80500030517578,48.43000030517578,7067305,30.622268676757812
2019-02-11,48.66999816894531,49.165000915527344,48.4900016784668,48.720001220703125,5193717,30.80563735961914
2019-02-12,49.380001068115234,49.39500045776367,48.79499816894531,48.79499816894531,5827624,30.853055953979492
2019-02-13,49.30500030517578,49.33000183105469,48.775001525878906,48.90999984741211,5852872,30.925769805908203
2019-02-14,49.25,49.29499816894531,48.7400016784668,48.98500061035156,6344567,30.973196029663086
2019-02-15,48.900001525878906,49.970001220703125,48.85499954223633,49.69499969482422,6794198,31.42213249206543
2019-02-18,49.595001220703125,49.72999954223633,49.36000061035156,49.5099983215332,3302092,31.305156707763672
2019-02-19,49.33000183105469,49.720001220703125,49.32500076293945,49.5099983215332,4182611,31.305156707763672
2019-02-20,49.5099983215332,49.779998779296875,49.32500076293945,49.630001068115234,4342157,31.381032943725586
2019-02-21,49.61000061035156,49.73500061035156,49.43000030517578,49.73500061035156,5454505,31.44742202758789
2019-02-22,49.40999984741211,50.25,49.349998474121094,49.95500183105469,4826550,31.586528778076172
2019-02-25,49.95500183105469,50.25,49.5099983215332,49.5099983215332,4565311,31.305156707763672
2019-02-26,49.415000915527344,49.84000015258789,49.21500015258789,49.70000076293945,4585896,31.425289154052734
2019-02-27,49.70500183105469,50.16999816894531,49.70500183105469,50.02000045776367,4704225,31.627620697021484
2019-02-28,49.720001220703125,49.9900016784668,49.505001068115234,49.9900016784668,8271068,31.60865592956543
2019-03-01,50.27000045776367,50.34000015258789,49.7599983215332,49.875,5527268,31.535938262939453
2019-03-04,50.279998779296875,50.56999969482422,50.040000915527344,50.369998931884766,4480026,31.848928451538086
2019-03-05,50.58000183105469,50.849998474121094,50.41999816894531,50.849998474121094,6483034,32.15242385864258
2019-03-06,50.720001220703125,51.220001220703125,50.720001220703125,51.02000045776367,5519880,32.259925842285156
2019-03-07,50.939998626708984,51.189998626708984,50.709999084472656,51.02000045776367,5028463,32.259925842285156
2019-03-08,50.599998474121094,51.119998931884766,50.189998626708984,50.33000183105469,7452126,31.823638916015625
2019-03-11,50.58000183105469,50.86000061035156,50.52000045776367,50.7599983215332,4666045,32.095523834228516
2019-03-12,51.0099983215332,51.040000915527344,50.2599983215332,50.65999984741211,6764896,32.03229904174805
2019-03-13,50.58000183105469,51.310001373291016,50.56999969482422,51.209999084472656,6392152,32.380062103271484
2019-03-14,51.470001220703125,51.75,51.400001525878906,51.45000076293945,4997647,32.53180694580078
2019-03-15,51.54999923706055,52.13999938964844,51.439998626708984,51.70000076293945,18133770,32.68989181518555
2019-03-18,51.790000915527344,52.27000045776367,51.68000030517578,52.27000045776367,4364533,33.050289154052734
2019-03-19,51.720001220703125,52.02000045776367,51.43000030517578,51.540000915527344,6732566,32.9926872253418
2019-03-20,50.97999954223633,51.040000915527344,50.34000015258789,50.36000061035156,9926478,32.2373161315918
2019-03-21,50.619998931884766,50.849998474121094,50.43000030517578,50.47999954223633,6037624,32.314144134521484
2019-03-22,50.380001068115234,50.439998626708984,49.42499923706055,49.43000030517578,8255664,31.641998291015625
2019-03-25,49.31999969482422,49.73500061035156,49.220001220703125,49.25,6042550,31.526769638061523
2019-03-26,49.40999984741211,49.82500076293945,49.23500061035156,49.584999084472656,5889868,31.7412109375
2019-03-27,49.75,49.775001525878906,49.2599983215332,49.36000061035156,6929124,31.59718894958496
2019-03-28,49.26499938964844,49.47999954223633,49.040000915527344,49.29499816894531,6591211,31.55557632446289
2019-03-29,49.650001525878906,49.8849983215332,49.20500183105469,49.52000045776367,6687938,31.699607849121094
2019-04-01,50.0,50.15999984741211,49.724998474121094,50.0,5111036,32.00686264038086
2019-04-02,49.994998931884766,50.16999816894531,49.85499954223633,49.97999954223633,4239685,31.99407196044922
2019-04-03,50.25,50.52000045776367,50.0,50.0,5289743,32.00686264038086
2019-04-04,49.79499816894531,49.88999938964844,49.255001068115234,49.869998931884766,5939855,31.923662185668945
2019-04-05,50.0,50.529998779296875,49.814998626708984,50.290000915527344,6895522,32.192508697509766
2019-04-08,50.20000076293945,50.619998931884766,50.20000076293945,50.599998474121094,5362901,32.390953063964844
2019-04-09,50.650001525878906,51.20000076293945,50.22999954223633,50.22999954223633,5378693,32.15410614013672
2019-04-10,50.22999954223633,50.47999954223633,50.060001373291016,50.369998931884766,4112608,32.243717193603516
2019-04-11,50.400001525878906,50.5,49.970001220703125,50.08000183105469,4303730,32.058082580566406
2019-04-12,50.20000076293945,50.5,49.8849983215332,49.9900016784668,4122428,32.00047302246094
2019-04-15,49.97999954223633,50.209999084472656,49.900001525878906,50.06999969482422,4424527,32.05167770385742
2019-04-16,49.94499969482422,50.11000061035156,49.435001373291016,49.55500030517578,5274983,31.722015380859375
2019-04-17,49.5099983215332,50.099998474121094,49.39500045776367,50.09000015258789,5168899,32.06448745727539
2019-04-18,50.060001373291016,50.5,49.779998779296875,50.29999923706055,8748985,32.198917388916016
2019-04-23,51.29999923706055,51.439998626708984,51.02000045776367,51.220001220703125,6943792,32.787841796875
2019-04-24,51.09000015258789,51.189998626708984,49.95500183105469,50.040000915527344,6599032,32.032474517822266
2019-04-25,50.08000183105469,50.279998779296875,49.685001373291016,49.904998779296875,5281470,31.94605827331543
2019-04-26,50.099998474121094,50.099998474121094,49.17499923706055,49.345001220703125,7133589,31.58759117126465
2019-04-29,49.5,49.584999084472656,48.474998474121094,48.595001220703125,6378786,31.107494354248047
2019-04-30,48.79999923706055,49.54499816894531,48.334999084472656,49.54499816894531,8768349,31.715612411499023
2019-05-02,49.744998931884766,49.79999923706055,49.16999816894531,49.380001068115234,7623246,31.60999298095703
2019-05-03,49.310001373291016,49.654998779296875,49.16999816894531,49.16999816894531,5340123,31.475561141967773
2019-05-06,48.5,48.54499816894531,47.71500015258789,47.9900016784668,7265522,30.720197677612305
2019-05-07,47.994998931884766,47.994998931884766,46.70500183105469,46.70500183105469,8449338,29.897621154785156
2019-05-08,46.939998626708984,47.119998931884766,46.66999816894531,46.97999954223633,6693872,30.073652267456055
2019-05-09,46.93000030517578,46.994998931884766,46.47999954223633,46.60499954223633,7616486,29.83360481262207
2019-05-10,47.11000061035156,47.189998626708984,46.63999938964844,46.869998931884766,6126865,30.00323486328125
2019-05-13,47.005001068115234,47.33000183105469,46.720001220703125,46.8650016784668,5581236,30.000043869018555
2019-05-14,46.98500061035156,47.43000030517578,46.81999969482422,47.400001525878906,4621271,30.34251594543457
2019-05-15,47.595001220703125,47.97999954223633,47.20500183105469,47.72999954223633,6644141,30.55376434326172
2019-05-16,47.5099983215332,48.60499954223633,47.5,48.60499954223633,5837841,31.113887786865234
2019-05-17,48.435001373291016,49.345001220703125,48.404998779296875,49.16999816894531,9836069,31.475561141967773
2019-05-20,49.415000915527344,49.994998931884766,48.95000076293945,49.224998474121094,6889953,31.51076316833496
2019-05-21,49.474998474121094,49.79999923706055,49.23500061035156,49.76499938964844,5670628,31.856435775756836
2019-05-22,49.5,49.599998474121094,48.79999923706055,49.005001068115234,5875158,31.36993408203125
2019-05-23,48.36000061035156,48.494998931884766,47.29499816894531,47.38999938964844,7811701,30.33611297607422
2019-05-24,47.66999816894531,48.04499816894531,47.32500076293945,47.55500030517578,5717165,30.441734313964844
2019-05-27,48.0,48.08000183105469,47.810001373291016,47.849998474121094,2927814,30.63056755065918
2019-05-28,48.0,48.14500045776367,47.52000045776367,47.52000045776367,8622164,30.419328689575195
2019-05-29,47.16999816894531,47.290000915527344,46.43000030517578,46.834999084472656,6938653,29.980836868286133
2019-05-30,47.34000015258789,47.6150016784668,46.75,46.84000015258789,3600086,29.984031677246094
2019-05-31,46.25,46.63999938964844,46.0099983215332,46.63999938964844,7720273,29.856014251708984
2019-06-03,46.10499954223633,46.935001373291016,45.959999084472656,46.709999084472656,5637607,29.900827407836914
2019-06-04,46.435001373291016,47.27000045776367,46.29499816894531,47.220001220703125,6313093,30.2272891998291
2019-06-05,47.10499954223633,47.2400016784668,46.66999816894531,46.875,5432624,30.006439208984375
2019-06-06,46.89500045776367,47.48500061035156,46.89500045776367,47.2400016784668,5689629,30.24009895324707
2019-06-07,47.45500183105469,48.02000045776367,47.3650016784668,47.79499816894531,5916268,30.59537124633789
2019-06-10,48.0,48.27000045776367,47.95000076293945,48.25,3300164,30.886632919311523
2019-06-11,47.935001373291016,48.55500030517578,47.755001068115234,48.27000045776367,7268737,31.31481170654297
2019-06-12,47.744998931884766,47.98500061035156,46.95000076293945,46.95000076293945,7951966,30.458465576171875
2019-06-13,46.939998626708984,47.45000076293945,46.83000183105469,46.97999954223633,5782706,30.477922439575195
2019-06-14,47.119998931884766,47.334999084472656,46.78499984741211,47.25,5936906,30.653087615966797
2019-06-17,47.310001373291016,47.3650016784668,46.86000061035156,47.150001525878906,5242045,30.58820915222168
2019-06-18,47.18000030517578,48.349998474121094,47.130001068115234,48.189998626708984,8704242,31.262910842895508
2019-06-19,48.334999084472656,48.400001525878906,48.10499954223633,48.314998626708984,6519823,31.343997955322266
2019-06-20,48.900001525878906,49.2400016784668,48.654998779296875,48.689998626708984,8976976,31.58727264404297
2019-06-21,48.6150016784668,49.720001220703125,48.54999923706055,49.1150016784668,15533206,31.862993240356445
2019-06-24,49.07500076293945,49.46500015258789,48.869998931884766,49.0,4530139,31.788379669189453
2019-06-25,48.900001525878906,49.2599983215332,48.81999969482422,48.94499969482422,3867344,31.752702713012695
2019-06-26,49.04999923706055,49.75,49.029998779296875,49.52000045776367,5371571,32.12572479248047
2019-06-27,49.349998474121094,49.59000015258789,49.060001373291016,49.125,3827552,31.86948013305664
2019-06-28,49.02000045776367,49.369998931884766,48.76499938964844,49.275001525878906,5655684,31.9667911529541
2019-07-01,49.959999084472656,49.959999084472656,49.5,49.775001525878906,3973735,32.291160583496094
2019-07-02,49.775001525878906,49.98500061035156,49.54999923706055,49.59000015258789,4113489,32.171146392822266
2019-07-03,49.375,49.66999816894531,48.814998626708984,49.1150016784668,4924022,31.862993240356445
2019-07-04,49.20000076293945,49.61000061035156,49.08000183105469,49.45500183105469,2420813,32.08355712890625
2019-07-05,49.44499969482422,49.59000015258789,49.15999984741211,49.415000915527344,3909241,32.057613372802734
2019-07-08,49.3849983215332,49.78499984741211,49.275001525878906,49.70000076293945,2708969,32.24250793457031
2019-07-09,49.665000915527344,49.7599983215332,49.23500061035156,49.5099983215332,3263901,32.11924362182617
2019-07-10,49.64500045776367,50.130001068115234,49.61000061035156,49.7599983215332,3970043,32.281429290771484
2019-07-11,50.29999923706055,50.66999816894531,49.86000061035156,49.86000061035156,2977040,32.34630584716797
2019-07-12,50.20000076293945,50.20000076293945,49.755001068115234,49.869998931884766,2825479,32.35279083251953
2019-07-15,50.20000076293945,50.29999923706055,49.84000015258789,50.09000015258789,3204404,32.49551773071289
2019-07-16,49.95500183105469,50.130001068115234,49.67499923706055,49.96500015258789,3581400,32.41442108154297
2019-07-17,49.439998626708984,49.439998626708984,48.54999923706055,48.59000015258789,5876465,31.522409439086914
2019-07-18,48.57500076293945,48.58000183105469,47.83000183105469,48.029998779296875,5421143,31.159103393554688
2019-07-19,48.334999084472656,48.665000915527344,47.849998474121094,48.20000076293945,4474246,31.2694034576416
2019-07-22,48.46500015258789,48.654998779296875,48.19499969482422,48.19499969482422,4423753,31.26614761352539
2019-07-23,48.5,49.060001373291016,48.30500030517578,48.86000061035156,4403187,31.697566986083984
2019-07-24,48.619998931884766,48.81999969482422,48.060001373291016,48.45000076293945,4546048,31.43158721923828
2019-07-25,48.790000915527344,48.935001373291016,47.599998474121094,47.91999816894531,6570367,31.087739944458008
2019-07-26,48.119998931884766,48.525001525878906,47.80500030517578,48.029998779296875,3793831,31.159103393554688
2019-07-29,48.0099983215332,48.525001525878906,47.845001220703125,48.060001373291016,3352310,31.17856788635254
2019-07-30,48.279998779296875,48.45500183105469,47.095001220703125,47.23500061035156,5705995,30.643356323242188
2019-07-31,47.22999954223633,47.53499984741211,46.95500183105469,47.03499984741211,5292803,30.513595581054688
2019-08-01,46.72999954223633,46.93000030517578,46.27000045776367,46.54999923706055,5688453,30.198972702026367
2019-08-02,46.0,46.0,44.70000076293945,44.72999954223633,11045649,29.01826286315918
2019-08-05,44.400001525878906,44.45500183105469,43.720001220703125,44.1349983215332,9066799,28.632251739501953
2019-08-06,44.1349983215332,44.32500076293945,43.46500015258789,43.54499816894531,6694060,28.249488830566406
2019-08-07,43.76499938964844,43.880001068115234,42.650001525878906,43.18000030517578,8348785,28.01270866394043
2019-08-08,43.95500183105469,44.040000915527344,43.36000061035156,43.90999984741211,6662828,28.486286163330078
2019-08-09,44.0,44.03499984741211,43.349998474121094,43.4900016784668,4907618,28.213829040527344
2019-08-12,43.61000061035156,43.8849983215332,43.154998779296875,43.22999954223633,4034879,28.045141220092773
2019-08-13,43.380001068115234,44.689998626708984,43.27000045776367,44.220001220703125,8506077,28.687395095825195
2019-08-14,44.21500015258789,44.279998779296875,43.224998474121094,43.63999938964844,7469377,28.311128616333008
2019-08-15,43.73500061035156,43.73500061035156,42.755001068115234,43.29999923706055,7646285,28.090551376342773
2019-08-16,43.42499923706055,43.60499954223633,43.084999084472656,43.23500061035156,6843039,28.048381805419922
2019-08-19,43.78499984741211,44.27000045776367,43.51499938964844,44.150001525878906,4931989,28.64198112487793
2019-08-20,44.20000076293945,44.22999954223633,43.46500015258789,43.665000915527344,4630115,28.327348709106445
2019-08-21,43.86000061035156,44.564998626708984,43.775001525878906,44.3849983215332,4721162,28.79443359375
2019-08-22,44.19499969482422,44.79999923706055,44.0,44.39500045776367,4528988,28.80093002319336
2019-08-23,44.38999938964844,44.38999938964844,43.51499938964844,43.58000183105469,5431169,28.27220344543457
2019-08-26,43.34000015258789,44.11000061035156,43.310001373291016,43.84000015258789,3235176,28.440881729125977
2019-08-27,43.755001068115234,44.314998626708984,43.66999816894531,43.96500015258789,5215532,28.5219669342041
2019-08-28,44.05500030517578,44.470001220703125,43.80500030517578,44.314998626708984,4487357,28.749032974243164
2019-08-29,44.21500015258789,45.154998779296875,44.04499816894531,45.0,4568919,29.193408966064453
2019-08-30,45.0,45.619998931884766,44.834999084472656,45.38999938964844,6369174,29.446430206298828
2019-09-02,45.36000061035156,45.43000030517578,45.14500045776367,45.279998779296875,2109748,29.375062942504883
2019-09-03,45.29499816894531,45.29499816894531,44.439998626708984,44.775001525878906,4448332,29.047443389892578
2019-09-04,45.06999969482422,45.404998779296875,44.75,45.404998779296875,3670507,29.456157684326172
2019-09-05,45.595001220703125,46.23500061035156,45.334999084472656,46.224998474121094,4935940,29.988122940063477
2019-09-06,45.93000030517578,46.08000183105469,45.43000030517578,45.779998779296875,5308370,29.699430465698242
2019-09-09,45.95000076293945,46.32500076293945,45.900001525878906,46.32500076293945,3738291,30.053003311157227
2019-09-10,46.400001525878906,47.540000915527344,46.36000061035156,47.375,7212095,30.73418426513672
2019-09-11,47.220001220703125,47.584999084472656,47.05500030517578,47.14500045776367,5136581,30.584964752197266
2019-09-12,46.744998931884766,46.9900016784668,46.11000061035156,46.58000183105469,6094404,30.21843147277832
2019-09-13,46.6349983215332,47.025001525878906,46.494998931884766,46.650001525878906,4597080,30.263839721679688
2019-09-16,48.040000915527344,48.29499816894531,47.57500076293945,47.814998626708984,8801197,31.019624710083008
2019-09-17,48.5,48.935001373291016,47.5099983215332,47.85499954223633,7725070,31.045570373535156
2019-09-18,47.650001525878906,48.275001525878906,47.52000045776367,48.02000045776367,5558885,31.15261459350586
2019-09-19,47.779998779296875,48.65999984741211,47.42499923706055,48.165000915527344,5512417,31.24668312072754
2019-09-20,48.11000061035156,49.58000183105469,47.96500015258789,49.47999954223633,15879170,32.09978103637695
2019-09-23,49.2400016784668,49.540000915527344,48.54499816894531,48.665000915527344,4798758,31.571048736572266
2019-09-24,49.20000076293945,49.244998931884766,47.55500030517578,47.744998931884766,6678815,30.974212646484375
2019-09-25,47.040000915527344,47.26499938964844,46.654998779296875,47.189998626708984,6821799,30.614166259765625
2019-09-26,46.94499969482422,47.599998474121094,46.900001525878906,47.380001068115234,3982105,30.737424850463867
2019-09-27,47.1150016784668,47.625,46.915000915527344,47.59000015258789,8383407,31.309789657592773
2019-09-30,47.29999923706055,47.94499969482422,47.20000076293945,47.8849983215332,6070562,31.50387954711914
2019-10-01,47.939998626708984,48.119998931884766,47.34000015258789,47.34000015258789,5162622,31.14532470703125
2019-10-02,47.029998779296875,47.125,45.45500183105469,45.45500183105469,6836223,29.905170440673828
2019-10-03,45.42499923706055,45.55500030517578,44.36000061035156,44.90999984741211,6439103,29.54660987854004
2019-10-04,45.04999923706055,45.25,44.55500030517578,45.0,5416587,29.605819702148438
2019-10-07,44.5,45.34000015258789,44.369998931884766,45.21500015258789,4992096,29.747278213500977
2019-10-08,45.060001373291016,45.17499923706055,44.38999938964844,44.470001220703125,4655946,29.25712776184082
2019-10-09,44.474998474121094,45.025001525878906,44.31999969482422,44.880001068115234,4213242,29.526870727539062
2019-10-10,44.584999084472656,45.61000061035156,44.47999954223633,45.29499816894531,4388157,29.79990577697754
2019-10-11,45.66999816894531,46.47999954223633,45.540000915527344,46.415000915527344,6887943,30.536760330200195
2019-10-14,46.349998474121094,46.349998474121094,45.36000061035156,45.84000015258789,3347664,30.158470153808594
2019-10-15,46.29999923706055,46.75,45.91999816894531,46.45500183105469,5357244,30.563064575195312
2019-10-16,46.33000183105469,46.59000015258789,46.04999923706055,46.404998779296875,3748090,30.530170440673828
2019-10-17,46.064998626708984,46.82500076293945,46.025001525878906,46.21500015258789,4919534,30.40517807006836
2019-10-18,46.35499954223633,46.65999984741211,46.154998779296875,46.334999084472656,5220297,30.484128952026367
2019-10-21,46.334999084472656,46.77000045776367,46.099998474121094,46.47999954223633,3199735,30.579513549804688
2019-10-22,46.584999084472656,47.22999954223633,46.53499984741211,47.185001373291016,4210230,31.043344497680664
2019-10-23,47.0099983215332,47.474998474121094,46.94499969482422,47.31999969482422,3683862,31.132169723510742
2019-10-24,47.595001220703125,47.96500015258789,47.314998626708984,47.5,3713444,31.250587463378906
2019-10-25,47.290000915527344,47.73500061035156,47.07500076293945,47.69499969482422,2948072,31.378883361816406
2019-10-28,47.77000045776367,48.025001525878906,47.439998626708984,47.849998474121094,3690744,31.48084831237793
2019-10-29,47.755001068115234,47.96500015258789,47.290000915527344,47.66999816894531,4560718,31.362424850463867
2019-10-30,48.25,48.279998779296875,46.8849983215332,47.665000915527344,4876904,31.359142303466797
2019-10-31,47.345001220703125,47.505001068115234,46.82500076293945,47.1349983215332,7243223,31.010454177856445
2019-11-01,47.45500183105469,47.84000015258789,47.29499816894531,47.75,3656445,31.41506576538086
2019-11-04,47.79999923706055,48.790000915527344,47.779998779296875,48.51499938964844,6169820,31.918367385864258
2019-11-05,48.779998779296875,49.60499954223633,48.70500183105469,49.30500030517578,6228526,32.438114166259766
2019-11-06,49.21500015258789,49.5099983215332,48.880001068115234,49.32500076293945,4646756,32.45126724243164
2019-11-07,49.40999984741211,49.709999084472656,49.334999084472656,49.59000015258789,5235245,32.625606536865234
2019-11-08,49.435001373291016,49.45000076293945,48.90999984741211,49.29499816894531,5355759,32.43153381347656
2019-11-11,49.31999969482422,49.494998931884766,48.8650016784668,49.40999984741211,3040535,32.50719451904297
2019-11-12,49.5,49.654998779296875,49.30500030517578,49.44499969482422,3306197,32.53022003173828
2019-11-13,49.040000915527344,49.40999984741211,48.630001068115234,49.40999984741211,4597655,32.50719451904297
2019-11-14,49.290000915527344,49.474998474121094,49.08000183105469,49.08000183105469,3279856,32.29008865356445
2019-11-15,49.39500045776367,49.44499969482422,48.904998779296875,49.275001525878906,5335494,32.41838073730469
2019-11-18,49.119998931884766,49.3650016784668,48.84000015258789,49.025001525878906,3430975,32.25389862060547
2019-11-19,49.0,49.34000015258789,48.709999084472656,48.86000061035156,4140214,32.14534378051758
2019-11-20,48.435001373291016,48.86000061035156,48.05500030517578,48.7599983215332,4854766,32.07954788208008
2019-11-21,48.290000915527344,49.0,48.209999084472656,48.85499954223633,4606639,32.142059326171875
2019-11-22,49.0,49.650001525878906,48.935001373291016,49.10499954223633,4828223,32.30652618408203
2019-11-25,49.36000061035156,49.525001525878906,48.935001373291016,48.935001373291016,4103723,32.19468307495117
2019-11-26,48.86000061035156,48.959999084472656,48.125,48.125,7840320,31.661771774291992
2019-11-27,48.119998931884766,48.474998474121094,48.03499984741211,48.03499984741211,4454765,31.602563858032227
2019-11-28,48.0,48.29499816894531,47.89500045776367,47.9900016784668,2838436,31.572965621948242
2019-11-29,47.92499923706055,48.17499923706055,47.63999938964844,47.63999938964844,4543665,31.342697143554688
2019-12-02,47.689998626708984,48.279998779296875,47.0099983215332,47.08000183105469,6359812,30.974266052246094
2019-12-03,47.19499969482422,47.42499923706055,46.275001525878906,46.6349983215332,6404913,30.68149757385254
2019-12-04,46.525001525878906,47.244998931884766,46.4900016784668,47.209999084472656,4376307,31.059785842895508
2019-12-05,47.334999084472656,47.65999984741211,47.130001068115234,47.130001068115234,3208789,31.007158279418945
2019-12-06,47.404998779296875,48.095001220703125,47.13999938964844,47.95500183105469,4908403,31.549942016601562
2019-12-09,48.0,48.0,47.584999084472656,47.584999084472656,3152918,31.30651092529297
2019-12-10,47.380001068115234,47.64500045776367,46.93000030517578,47.64500045776367,4082383,31.345983505249023
2019-12-11,47.47999954223633,47.70500183105469,47.279998779296875,47.39500045776367,4099933,31.181501388549805
2019-12-12,47.540000915527344,47.994998931884766,47.29499816894531,47.625,4354361,31.33283233642578
2019-12-13,48.0,48.5099983215332,47.810001373291016,47.81999969482422,5660681,31.461118698120117
2019-12-16,47.79999923706055,48.5,47.75,48.279998779296875,4413533,31.763765335083008
2019-12-17,48.349998474121094,49.0,48.30500030517578,48.78499984741211,5599136,32.096004486083984
2019-12-18,48.755001068115234,49.07500076293945,48.61000061035156,48.61000061035156,5332920,31.980867385864258
2019-12-19,48.71500015258789,49.03499984741211,48.70000076293945,49.0,4838642,32.237449645996094
2019-12-20,49.0,49.31999969482422,48.82500076293945,49.06999969482422,11608763,32.28349304199219
2019-12-23,48.95500183105469,49.43000030517578,48.88999938964844,49.35499954223633,2862183,32.471012115478516
2019-12-24,49.45000076293945,49.630001068115234,49.415000915527344,49.474998474121094,617245,32.54995346069336
2019-12-25,49.474998474121094,49.474998474121094,49.474998474121094,49.474998474121094,0,32.54995346069336
2019-12-27,49.665000915527344,49.88999938964844,49.28499984741211,49.290000915527344,2811750,32.42824935913086
2019-12-30,49.2400016784668,49.685001373291016,49.060001373291016,49.185001373291016,3075084,32.35915756225586
2019-12-31,49.13999938964844,49.21500015258789,49.040000915527344,49.20000076293945,1359317,32.3690299987793
2020-01-02,49.40999984741211,50.09000015258789,49.40999984741211,49.814998626708984,4326276,32.77363586425781
2020-01-03,49.95500183105469,50.560001373291016,49.849998474121094,50.380001068115234,4960724,33.145362854003906
2020-01-06,50.290000915527344,50.93000030517578,50.130001068115234,50.439998626708984,7596924,33.625343322753906
2020-01-07,50.52000045776367,50.66999816894531,50.11000061035156,50.11000061035156,5380020,33.40534591674805
2020-01-08,50.75,50.75,50.0099983215332,50.2400016784668,4922510,33.49201202392578
2020-01-09,50.08000183105469,50.25,49.744998931884766,49.959999084472656,4672439,33.30535125732422
2020-01-10,50.40999984741211,50.41999816894531,49.78499984741211,49.78499984741211,4010141,33.188690185546875
2020-01-13,49.89500045776367,49.96500015258789,49.2400016784668,49.560001373291016,4239465,33.0386962890625
2020-01-14,49.58000183105469,49.58000183105469,49.029998779296875,49.15999984741211,4294712,32.77204895019531
2020-01-15,48.900001525878906,49.150001525878906,48.345001220703125,48.58000183105469,4906773,32.38539123535156
2020-01-16,48.45500183105469,48.90999984741211,48.375,48.790000915527344,3722798,32.525390625
2020-01-17,48.79999923706055,49.060001373291016,48.349998474121094,48.505001068115234,5055368,32.33538818359375
2020-01-20,48.814998626708984,48.95500183105469,48.45000076293945,48.56999969482422,2315053,32.378726959228516
2020-01-21,48.400001525878906,48.400001525878906,47.880001068115234,48.1150016784668,3716193,32.075401306152344
2020-01-22,48.375,48.375,47.54999923706055,47.79999923706055,4828862,31.865407943725586
2020-01-23,47.599998474121094,47.869998931884766,47.040000915527344,47.31999969482422,5108974,31.545425415039062
2020-01-24,47.849998474121094,48.02000045776367,47.20500183105469,47.3849983215332,4131511,31.588747024536133
2020-01-27,47.0,47.025001525878906,46.029998779296875,46.11000061035156,6661225,30.73879623413086
2020-01-28,46.185001373291016,46.5099983215332,45.724998474121094,46.474998474121094,5423321,30.982112884521484
2020-01-29,46.5,46.619998931884766,46.0,46.18000030517578,4524756,30.785446166992188
2020-01-30,45.70000076293945,45.75,44.6349983215332,44.91999816894531,7604963,29.94548988342285
2020-01-31,45.0,45.064998626708984,43.94499969482422,44.14500045776367,7613249,29.428834915161133
2020-02-03,43.95500183105469,44.13999938964844,43.66999816894531,43.7599983215332,6579474,29.17218017578125
2020-02-04,44.29999923706055,44.92499923706055,44.154998779296875,44.79999923706055,7154948,29.865482330322266
2020-02-05,44.5099983215332,45.79499816894531,44.40999984741211,45.435001373291016,7592709,30.288808822631836
2020-02-06,47.0,47.0,45.505001068115234,45.900001525878906,6967286,30.598791122436523
2020-02-07,45.70000076293945,45.779998779296875,45.084999084472656,45.2599983215332,5762786,30.172142028808594
2020-02-10,45.17499923706055,45.38999938964844,44.57500076293945,44.57500076293945,6230114,29.715497970581055
2020-02-11,44.75,45.25,44.7400016784668,44.9900016784668,5567042,29.992158889770508
2020-02-12,45.209999084472656,45.650001525878906,45.064998626708984,45.48500061035156,6114806,30.322145462036133
2020-02-13,45.54999923706055,45.54999923706055,44.71500015258789,45.39500045776367,6159148,30.262136459350586
2020-02-14,45.32500076293945,45.63999938964844,45.16999816894531,45.25,4177910,30.165481567382812
2020-02-17,45.474998474121094,45.61000061035156,45.20000076293945,45.20500183105469,3425814,30.135480880737305
2020-02-18,44.95000076293945,45.060001373291016,44.505001068115234,44.69499969482422,6540203,29.795488357543945
2020-02-19,45.20000076293945,45.22999954223633,44.529998779296875,45.04999923706055,5338322,30.032148361206055
2020-02-20,45.185001373291016,45.220001220703125,44.75,44.75,4565865,29.8321533203125
2020-02-21,44.59000015258789,44.665000915527344,43.880001068115234,44.29499816894531,6766843,29.528827667236328
2020-02-24,43.369998931884766,43.689998626708984,41.98500061035156,42.165000915527344,12143442,28.108890533447266
2020-02-25,42.459999084472656,42.58000183105469,41.01499938964844,41.13999938964844,9849446,27.425586700439453
2020-02-26,40.880001068115234,41.28499984741211,40.435001373291016,41.04499816894531,9179832,27.362255096435547
2020-02-27,40.125,40.67499923706055,39.025001525878906,39.68000030517578,14792562,26.45229148864746
2020-02-28,38.5,39.08000183105469,37.720001220703125,38.380001068115234,18297577,25.585664749145508
2020-03-02,39.915000915527344,39.959999084472656,37.94499969482422,39.099998474121094,12536722,26.065637588500977
2020-03-03,39.900001525878906,40.345001220703125,38.97999954223633,39.31999969482422,11402716,26.212299346923828
2020-03-04,39.619998931884766,40.19499969482422,38.96500015258789,39.94499969482422,9181945,26.628950119018555
2020-03-05,40.095001220703125,40.14500045776367,38.79999923706055,39.04999923706055,9513451,26.032302856445312
2020-03-06,38.5,38.75,36.96500015258789,37.150001525878906,14629953,24.765689849853516
2020-03-09,31.579999923706055,33.45000076293945,30.979999542236328,30.979999542236328,32826361,20.652523040771484
2020-03-10,32.224998474121094,33.96500015258789,30.985000610351562,31.514999389648438,22112318,21.00916862487793
2020-03-11,32.26499938964844,33.15999984741211,30.96500015258789,30.96500015258789,17801253,20.642520904541016
2020-03-12,29.4950008392334,29.809999465942383,26.045000076293945,26.3799991607666,27090214,17.585973739624023
2020-03-13,27.389999389648438,29.229999542236328,25.69499969482422,26.024999618530273,22235596,17.34931755065918
2020-03-16,25.5,25.5,23.450000762939453,24.334999084472656,23911999,16.222688674926758
2020-03-17,26.229999542236328,26.299999237060547,23.665000915527344,25.149999618530273,17666245,16.766006469726562
2020-03-18,24.5,24.524999618530273,21.399999618530273,21.795000076293945,21448374,14.529430389404297
2020-03-19,21.360000610351562,24.399999618530273,21.1200008392334,22.5,19510727,14.999409675598145
2020-03-20,24.5,25.75,23.875,25.0,25488221,16.6660099029541
2020-03-23,24.0,28.59000015258789,23.770000457763672,26.5,24443724,17.665969848632812
2020-03-24,28.0,30.475000381469727,27.389999389648438,30.475000381469727,20173135,20.315866470336914
2020-03-25,31.825000762939453,33.119998931884766,30.100000381469727,32.849998474121094,22567101,21.899137496948242
2020-03-26,31.510000228881836,33.06999969482422,30.59000015258789,33.0,14865273,21.999130249023438
2020-03-27,31.940000534057617,32.33000183105469,31.020000457763672,32.25,15675420,21.499155044555664
2020-03-30,31.200000762939453,33.63999938964844,30.96500015258789,33.56999969482422,13162508,22.86115264892578
2020-03-31,34.0,35.38999938964844,33.64500045776367,35.38999938964844,15715197,24.100570678710938
2020-04-01,33.29999923706055,35.959999084472656,33.1349983215332,35.20000076293945,14558263,23.971181869506836
2020-04-02,35.95500183105469,37.86000061035156,35.69499969482422,36.279998779296875,19013971,24.7066593170166
2020-04-03,35.599998474121094,35.6150016784668,33.25,33.529998779296875,13210362,22.83390998840332
2020-04-06,34.005001068115234,34.93000030517578,33.060001373291016,33.814998626708984,8975746,23.027997970581055
2020-04-07,34.73500061035156,35.125,33.619998931884766,34.26499938964844,9038306,23.334444046020508
2020-04-08,33.58000183105469,33.880001068115234,32.7599983215332,33.880001068115234,7059009,23.072265625
2020-04-09,34.369998931884766,34.70000076293945,32.880001068115234,33.625,9804128,22.89860725402832
2020-04-14,34.29999923706055,34.345001220703125,32.45500183105469,32.65999984741211,8917658,22.24144172668457
2020-04-15,32.0,32.1150016784668,29.985000610351562,30.684999465942383,11172441,20.896469116210938
2020-04-16,30.825000762939453,31.03499984741211,29.665000915527344,30.014999389648438,8038878,20.440200805664062
2020-04-17,30.56999969482422,31.684999465942383,30.420000076293945,31.020000457763672,11114053,21.124601364135742
2020-04-20,30.6299991607666,30.950000762939453,29.729999542236328,30.8700008392334,8124023,21.02244758605957
2020-04-21,29.950000762939453,30.364999771118164,29.190000534057617,29.700000762939453,9637034,20.22568130493164
2020-04-22,29.81999969482422,31.600000381469727,29.350000381469727,31.114999771118164,10022725,21.189298629760742
2020-04-23,31.80500030517578,33.19499969482422,31.604999542236328,32.41999816894531,8062956,22.077999114990234
2020-04-24,31.989999771118164,32.720001220703125,31.325000762939453,31.860000610351562,6164822,21.696645736694336
2020-04-27,32.0,32.34000015258789,31.28499984741211,32.25,5183138,21.962234497070312
2020-04-28,32.20500183105469,33.005001068115234,31.7450008392334,32.79499816894531,5654471,22.333377838134766
2020-04-29,33.91999816894531,34.14500045776367,33.040000915527344,33.81999969482422,7905325,23.031402587890625
2020-04-30,34.154998779296875,34.595001220703125,32.47999954223633,32.849998474121094,10676617,22.370832443237305
2020-05-04,31.0,31.315000534057617,30.19499969482422,30.489999771118164,15718504,20.763675689697266
2020-05-05,32.900001525878906,33.38999938964844,31.899999618530273,32.90999984741211,10638994,22.41168975830078
2020-05-06,32.900001525878906,32.96500015258789,31.56999969482422,32.20000076293945,7796987,21.92818260192871
2020-05-07,32.1349983215332,33.09000015258789,32.04999923706055,32.56999969482422,8133121,22.18015480041504
2020-05-08,32.90999984741211,33.20000076293945,32.525001525878906,32.98500061035156,4399911,22.4627685546875
2020-05-11,33.5,33.54999923706055,32.26499938964844,32.3849983215332,4810933,22.054168701171875
2020-05-12,32.040000915527344,32.8650016784668,31.940000534057617,32.314998626708984,4608202,22.006498336791992
2020-05-13,32.07500076293945,32.11000061035156,31.010000228881836,31.09000015258789,6666925,21.172273635864258
2020-05-14,30.809999465942383,30.9950008392334,29.674999237060547,30.809999465942383,9626237,20.981597900390625
2020-05-15,31.459999084472656,31.795000076293945,30.56999969482422,30.860000610351562,7377008,21.015642166137695
2020-05-18,32.0,33.33000183105469,31.979999542236328,33.14500045776367,11001937,22.571725845336914
2020-05-19,33.29499816894531,33.435001373291016,32.3650016784668,32.95500183105469,9254456,22.44233512878418
2020-05-20,32.65999984741211,33.6150016784668,32.2599983215332,33.369998931884766,7197361,22.724950790405273
2020-05-21,33.005001068115234,33.334999084472656,32.439998626708984,32.77000045776367,5892544,22.316356658935547
2020-05-22,32.20000076293945,33.26499938964844,31.8799991607666,32.66999816894531,6899072,22.248254776000977
2020-05-25,33.1150016784668,33.290000915527344,32.689998626708984,33.26499938964844,3587299,22.6534481048584
2020-05-26,33.65999984741211,33.959999084472656,33.165000915527344,33.375,7216048,22.728355407714844
2020-05-27,33.529998779296875,34.47999954223633,33.5,34.040000915527344,9557588,23.18122100830078
2020-05-28,34.040000915527344,34.59000015258789,33.869998931884766,34.31999969482422,7785204,23.37190055847168
2020-05-29,34.029998779296875,34.165000915527344,33.415000915527344,33.625,13829106,22.89860725402832
2020-06-01,34.46500015258789,34.560001373291016,33.875,34.54499816894531,6340992,23.525123596191406
2020-06-02,34.75,35.95000076293945,34.63999938964844,35.54499816894531,10107212,24.20612144470215
2020-06-03,35.95000076293945,36.654998779296875,35.79999923706055,36.42499923706055,10680499,24.80540657043457
2020-06-04,36.27000045776367,36.89500045776367,35.845001220703125,36.1150016784668,8943433,24.59429931640625
2020-06-05,36.45000076293945,38.540000915527344,36.3849983215332,38.334999084472656,12910779,26.106115341186523
2020-06-08,38.560001373291016,39.2400016784668,38.35499954223633,38.849998474121094,10077308,26.45682716369629
2020-06-09,39.439998626708984,39.439998626708984,37.380001068115234,37.70000076293945,10178280,25.673677444458008
2020-06-10,37.86000061035156,38.28499984741211,36.755001068115234,37.01499938964844,7233925,25.207199096679688
2020-06-11,36.20000076293945,36.220001220703125,34.724998474121094,34.724998474121094,12109359,23.647703170776367
2020-06-12,34.099998474121094,36.0099983215332,33.92499923706055,35.095001220703125,8638989,23.89967918395996
2020-06-15,34.0,34.915000915527344,33.90999984741211,34.689998626708984,8112517,23.623868942260742
2020-06-16,35.724998474121094,36.56999969482422,35.189998626708984,35.83000183105469,9476153,24.400211334228516
2020-06-17,35.755001068115234,36.529998779296875,35.75,35.94499969482422,7921463,24.478527069091797
2020-06-18,35.75,35.97999954223633,35.1150016784668,35.68000030517578,7202416,24.29806137084961
2020-06-19,36.025001525878906,36.57500076293945,35.689998626708984,35.689998626708984,19329928,24.30487060546875
2020-06-22,35.400001525878906,35.77000045776367,34.92499923706055,35.435001373291016,5854997,24.131214141845703
2020-06-23,35.619998931884766,36.41999816894531,35.25,36.185001373291016,6064534,24.641965866088867
2020-06-24,35.959999084472656,36.33000183105469,34.93000030517578,34.93000030517578,6031103,23.787311553955078
2020-06-25,34.51499938964844,35.53499984741211,34.18000030517578,35.209999084472656,6303018,23.977989196777344
2020-06-26,35.560001373291016,36.064998626708984,35.029998779296875,35.14500045776367,7456480,23.93372344970703
2020-06-29,34.439998626708984,34.939998626708984,33.79999923706055,34.54999923706055,7742305,23.99275016784668
2020-06-30,34.40999984741211,34.67499923706055,33.70000076293945,33.974998474121094,7504261,23.59345054626465
2020-07-01,34.29999923706055,34.459999084472656,33.505001068115234,34.15999984741211,6921431,23.7219181060791
2020-07-02,34.2400016784668,35.125,34.15999984741211,34.845001220703125,6924899,24.197612762451172
2020-07-03,34.915000915527344,34.959999084472656,34.2400016784668,34.63999938964844,3421196,24.055253982543945
2020-07-06,35.25,35.584999084472656,34.95000076293945,35.084999084472656,5659023,24.364274978637695
2020-07-07,34.849998474121094,34.90999984741211,34.494998931884766,34.685001373291016,4627913,24.086498260498047
2020-07-08,34.30500030517578,34.744998931884766,34.08000183105469,34.279998779296875,6443080,23.80525779724121
2020-07-09,34.42499923706055,34.46500015258789,33.005001068115234,33.15999984741211,6553942,23.027488708496094
2020-07-10,32.76499938964844,33.474998474121094,32.25,33.31999969482422,6580173,23.138599395751953
2020-07-13,33.834999084472656,33.92499923706055,33.35499954223633,33.709999084472656,6185049,23.409425735473633
2020-07-14,33.400001525878906,34.099998474121094,33.27000045776367,34.04499816894531,6682304,23.642061233520508
2020-07-15,34.27000045776367,34.72999954223633,34.15999984741211,34.33000183105469,6711056,23.839975357055664
2020-07-16,34.3650016784668,34.61000061035156,34.1150016784668,34.42499923706055,4549601,23.905948638916016
2020-07-17,34.04999923706055,34.345001220703125,33.564998626708984,33.82500076293945,6720837,23.48928451538086
2020-07-20,33.369998931884766,33.7400016784668,33.11000061035156,33.20500183105469,6003852,23.058734893798828
2020-07-21,33.15999984741211,33.89500045776367,33.07500076293945,33.755001068115234,6495865,23.440675735473633
2020-07-22,33.560001373291016,33.959999084472656,32.65999984741211,32.69499969482422,6743549,22.70457649230957
2020-07-23,32.8650016784668,33.125,32.33000183105469,32.529998779296875,5411031,22.589988708496094
2020-07-24,32.5,33.005001068115234,32.42499923706055,32.650001525878906,5608687,22.67332649230957
2020-07-27,32.55500030517578,32.935001373291016,32.38999938964844,32.38999938964844,5231311,22.49277114868164
2020-07-28,32.619998931884766,32.935001373291016,32.290000915527344,32.404998779296875,4983500,22.50318717956543
2020-07-29,32.31999969482422,32.6150016784668,31.959999084472656,32.45000076293945,5019339,22.534439086914062
2020-07-30,32.099998474121094,33.209999084472656,31.709999084472656,31.93000030517578,8810163,22.1733341217041
2020-07-31,32.025001525878906,32.60499954223633,31.190000534057617,31.299999237060547,8176289,21.735837936401367
2020-08-03,31.875,32.6349983215332,31.4950008392334,32.400001525878906,7861924,22.49971580505371
2020-08-04,32.83000183105469,33.40999984741211,32.70000076293945,33.20000076293945,6154876,23.05526351928711
2020-08-05,33.5099983215332,33.95500183105469,33.26499938964844,33.84000015258789,4926375,23.49970054626465
2020-08-06,33.51499938964844,33.77000045776367,32.90999984741211,33.04499816894531,4772634,22.94762420654297
2020-08-07,32.91999816894531,33.02000045776367,32.5,32.79499816894531,3713452,22.774019241333008
2020-08-10,33.005001068115234,33.55500030517578,32.875,33.2400016784668,3136855,23.08304786682129
2020-08-11,33.60499954223633,34.654998779296875,33.5,34.189998626708984,6642179,23.742755889892578
2020-08-12,34.08000183105469,34.71500015258789,34.060001373291016,34.41999816894531,4678467,23.9024715423584
2020-08-13,34.25,34.564998626708984,33.96500015258789,33.9900016784668,3390803,23.60386848449707
2020-08-14,33.79999923706055,33.79999923706055,33.099998474121094,33.5,3947327,23.263593673706055
2020-08-17,33.59000015258789,33.86000061035156,33.255001068115234,33.290000915527344,2634942,23.11776351928711
2020-08-18,33.060001373291016,33.529998779296875,32.67499923706055,32.80500030517578,4462337,22.780961990356445
2020-08-19,32.70000076293945,33.08000183105469,32.51499938964844,33.08000183105469,4002291,22.971935272216797
2020-08-20,32.58000183105469,32.900001525878906,32.31999969482422,32.52000045776367,5016519,22.583045959472656
2020-08-21,32.720001220703125,32.810001373291016,32.06999969482422,32.36000061035156,4771676,22.47193717956543
2020-08-24,32.56999969482422,33.67499923706055,32.56999969482422,33.625,4745831,23.35040283203125
2020-08-25,33.849998474121094,34.16999816894531,33.189998626708984,33.2599983215332,4747861,23.0969295501709
2020-08-26,33.01499938964844,33.61000061035156,32.88999938964844,33.3650016784668,3093113,23.169849395751953
2020-08-27,33.20000076293945,33.43000030517578,32.8849983215332,33.279998779296875,4163023,23.11081886291504
2020-08-28,33.54999923706055,33.560001373291016,33.064998626708984,33.29999923706055,3617169,23.124704360961914
2020-08-31,33.68000030517578,34.10499954223633,33.01499938964844,33.099998474121094,5586958,22.985816955566406
2020-09-01,33.314998626708984,33.400001525878906,32.56999969482422,32.95000076293945,5911707,22.881654739379883
2020-09-02,33.040000915527344,33.64500045776367,33.0,33.290000915527344,5281735,23.11776351928711
2020-09-03,33.275001525878906,33.650001525878906,32.94499969482422,33.209999084472656,5380634,23.06220817565918
2020-09-04,32.8650016784668,33.595001220703125,32.63999938964844,32.96500015258789,7289667,22.892066955566406
2020-09-07,32.95000076293945,33.70000076293945,32.869998931884766,33.57500076293945,3433391,23.315677642822266
2020-09-08,33.459999084472656,33.63999938964844,32.02000045776367,32.349998474121094,7134336,22.464990615844727
2020-09-09,32.42499923706055,33.165000915527344,32.41999816894531,32.7400016784668,5976849,22.73582649230957
2020-09-10,32.7400016784668,33.05500030517578,32.41999816894531,32.73500061035156,4386776,22.732351303100586
2020-09-11,32.435001373291016,32.68000030517578,32.15999984741211,32.51499938964844,4627760,22.579574584960938
2020-09-14,32.65999984741211,32.90999984741211,31.770000457763672,32.025001525878906,5676389,22.239303588867188
2020-09-15,32.03499984741211,32.439998626708984,31.71500015258789,32.314998626708984,4944057,22.440692901611328
2020-09-16,32.189998626708984,32.560001373291016,31.575000762939453,32.189998626708984,5784229,22.353885650634766
2020-09-17,31.895000457763672,32.03499984741211,31.44499969482422,31.53499984741211,6271339,21.899032592773438
2020-09-18,31.530000686645508,31.709999084472656,31.010000228881836,31.110000610351562,17657552,21.603893280029297
2020-09-21,30.850000381469727,30.850000381469727,29.625,29.729999542236328,10220861,20.645570755004883
2020-09-22,29.899999618530273,30.530000686645508,29.549999237060547,29.940000534057617,6753991,20.791400909423828
2020-09-23,29.899999618530273,30.299999237060547,29.600000381469727,29.700000762939453,6570768,20.624736785888672
2020-09-24,29.065000534057617,29.645000457763672,28.885000228881836,29.024999618530273,7926735,20.155996322631836
2020-09-25,28.725000381469727,28.875,27.84000015258789,28.059999465942383,8483483,19.93926239013672
2020-09-28,28.270000457763672,28.934999465942383,28.229999542236328,28.799999237060547,7511548,20.465103149414062
2020-09-29,29.014999389648438,29.075000762939453,28.299999237060547,28.329999923706055,5536061,20.131122589111328
2020-09-30,28.204999923706055,29.735000610351562,28.084999084472656,29.200000762939453,12427176,20.749340057373047
2020-10-01,29.584999084472656,29.719999313354492,28.309999465942383,28.489999771118164,8283681,20.24481773376465
2020-10-02,28.200000762939453,28.43000030517578,27.764999389648438,28.209999084472656,7680559,20.045852661132812
2020-10-05,28.764999389648438,29.1200008392334,28.479999542236328,28.854999542236328,6273524,20.504188537597656
2020-10-06,29.19499969482422,29.90999984741211,28.809999465942383,29.520000457763672,6705358,20.976728439331055
2020-10-07,29.34000015258789,29.579999923706055,28.90999984741211,29.170000076293945,5329794,20.72801971435547
2020-10-08,29.44499969482422,29.8799991607666,29.135000228881836,29.4950008392334,6220680,20.95896339416504
2020-10-09,29.764999389648438,30.110000610351562,29.6200008392334,29.950000762939453,5783149,21.282285690307617
2020-10-12,29.809999465942383,30.15999984741211,29.575000762939453,29.68000030517578,5525995,21.090425491333008
2020-10-13,29.700000762939453,29.770000457763672,29.0,29.209999084472656,4653208,20.756444931030273
2020-10-14,29.15999984741211,29.2549991607666,28.885000228881836,29.170000076293945,5475936,20.72801971435547
2020-10-15,28.514999389648438,28.674999237060547,27.975000381469727,28.21500015258789,7180557,20.04940414428711
2020-10-16,28.514999389648438,28.56999969482422,27.90999984741211,28.454999923706055,6567075,20.21994972229004
2020-10-19,28.34000015258789,28.735000610351562,27.75,28.209999084472656,2397961,20.045852661132812
2020-10-20,28.03499984741211,28.434999465942383,27.790000915527344,28.229999542236328,5960051,20.06006622314453
2020-10-21,28.4950008392334,28.5,27.719999313354492,27.774999618530273,5862902,19.736740112304688
2020-10-22,27.645000457763672,27.670000076293945,27.114999771118164,27.6200008392334,7243673,19.626602172851562
2020-10-23,27.665000915527344,28.395000457763672,27.600000381469727,28.079999923706055,6143163,19.95347785949707
2020-10-26,27.40999984741211,27.81999969482422,27.05500030517578,27.05500030517578,7703813,19.225116729736328
2020-10-27,27.114999771118164,27.200000762939453,26.0,26.184999465942383,11379302,18.606897354125977
2020-10-28,25.545000076293945,25.55500030517578,24.665000915527344,25.270000457763672,13742409,17.956708908081055
2020-10-29,25.270000457763672,25.71500015258789,24.510000228881836,25.1299991607666,11040599,17.857219696044922
2020-10-30,25.0,26.139999389648438,24.81999969482422,25.81999969482422,11492174,18.347532272338867
2020-11-02,25.93000030517578,27.190000534057617,25.690000534057617,27.09000015258789,9276079,19.24998664855957
2020-11-03,27.75,28.084999084472656,27.475000381469727,27.7549991607666,9346198,19.722530364990234
2020-11-04,27.0049991607666,27.989999771118164,26.780000686645508,27.899999618530273,8010963,19.825563430786133
2020-11-05,28.010000228881836,28.06999969482422,27.375,27.5049991607666,9267750,19.544879913330078
2020-11-06,27.434999465942383,27.975000381469727,27.1200008392334,27.6299991607666,7810270,19.633708953857422
2020-11-09,28.05500030517578,31.889999389648438,27.71500015258789,31.795000076293945,25020128,22.593332290649414
2020-11-10,32.0,33.165000915527344,31.450000762939453,33.05500030517578,19505706,23.488679885864258
2020-11-11,33.38999938964844,33.619998931884766,32.27000045776367,32.494998931884766,10629689,23.09074592590332
2020-11-12,32.0099983215332,32.54999923706055,31.600000381469727,32.20500183105469,7903490,22.88467788696289
2020-11-13,31.68000030517578,32.7400016784668,31.649999618530273,32.64500045776367,7551635,23.19734001159668
2020-11-16,33.125,34.65999984741211,32.95000076293945,34.23500061035156,15320445,24.327184677124023
2020-11-17,34.22999954223633,34.775001525878906,33.619998931884766,34.6349983215332,8349599,24.611417770385742
2020-11-18,34.58000183105469,35.060001373291016,34.1150016784668,34.77000045776367,9333773,24.707347869873047
2020-11-19,34.06999969482422,34.314998626708984,33.77000045776367,34.11000061035156,7885640,24.23835563659668
2020-11-20,34.30500030517578,34.810001373291016,34.244998931884766,34.5,9033983,24.515483856201172
2020-11-23,35.119998931884766,36.279998779296875,35.119998931884766,36.119998931884766,10783321,25.666654586791992
2020-11-24,36.849998474121094,38.165000915527344,36.849998474121094,38.165000915527344,14624479,27.119815826416016
2020-11-25,38.400001525878906,38.71500015258789,37.025001525878906,37.775001525878906,11088199,26.842689514160156
2020-11-26,37.6150016784668,37.64500045776367,37.16999816894531,37.3650016784668,5410581,26.551340103149414
2020-11-27,37.099998474121094,37.89500045776367,36.36000061035156,37.70000076293945,7522155,26.789390563964844
2020-11-30,37.369998931884766,37.369998931884766,35.82500076293945,35.82500076293945,19439474,25.457027435302734
2020-12-01,35.255001068115234,36.89500045776367,35.209999084472656,36.33000183105469,9636868,25.81587791442871
2020-12-02,35.75,36.790000915527344,35.54999923706055,36.709999084472656,7736394,26.085895538330078
2020-12-03,36.435001373291016,36.5,35.79499816894531,36.46500015258789,8598997,25.911808013916016
2020-12-04,36.65999984741211,37.7400016784668,36.65999984741211,37.689998626708984,7958888,26.78228759765625
2020-12-07,37.599998474121094,37.650001525878906,36.77000045776367,37.15999984741211,5833441,26.405670166015625
2020-12-08,36.755001068115234,37.165000915527344,36.54999923706055,36.95000076293945,5193516,26.25644302368164
2020-12-09,37.15999984741211,37.939998626708984,36.89500045776367,36.89500045776367,6415823,26.21735954284668
2020-12-10,36.98500061035156,37.9900016784668,36.790000915527344,37.665000915527344,7127189,26.764514923095703
2020-12-11,37.560001373291016,37.790000915527344,36.625,37.02000045776367,7010049,26.306184768676758
2020-12-14,37.4900016784668,37.84000015258789,36.375,36.599998474121094,7403812,26.007736206054688
2020-12-15,36.47999954223633,37.060001373291016,36.244998931884766,36.560001373291016,7415344,25.97931480407715
2020-12-16,36.96500015258789,37.14500045776367,36.125,36.48500061035156,6491468,25.92601776123047
2020-12-17,36.47999954223633,36.68000030517578,35.94499969482422,36.3849983215332,7024497,25.854951858520508
2020-12-18,36.1150016784668,36.45000076293945,35.77000045776367,35.9900016784668,17021033,25.574270248413086
2020-12-21,34.73500061035156,34.915000915527344,33.84000015258789,34.650001525878906,11529031,24.62207794189453
2020-12-22,34.744998931884766,35.279998779296875,34.685001373291016,34.88999938964844,5817973,24.792621612548828
2020-12-23,34.83000183105469,35.9900016784668,34.755001068115234,35.8650016784668,4174280,25.485450744628906
2020-12-24,35.935001373291016,36.244998931884766,35.875,35.88999938964844,968184,25.50320816040039
2020-12-28,36.119998931884766,36.23500061035156,35.724998474121094,35.85499954223633,2735839,25.478342056274414
2020-12-29,35.75,36.15999984741211,35.54999923706055,35.77000045776367,3035633,25.417940139770508
2020-12-30,35.744998931884766,35.939998626708984,35.4900016784668,35.59000015258789,3165912,25.2900390625
2020-12-31,35.32500076293945,35.58000183105469,35.16999816894531,35.29999923706055,2123866,25.083959579467773
2021-01-04,34.900001525878906,35.72999954223633,34.30500030517578,34.584999084472656,6860489,25.04413604736328
2021-01-05,34.599998474121094,35.494998931884766,34.334999084472656,35.494998931884766,7310673,25.703096389770508
2021-01-06,36.349998474121094,37.345001220703125,35.755001068115234,37.05500030517578,13184367,26.832748413085938
2021-01-07,37.45500183105469,37.72999954223633,36.84000015258789,37.459999084472656,9961531,27.126014709472656
2021-01-08,37.779998779296875,37.89500045776367,37.16999816894531,37.48500061035156,6404257,27.144121170043945
2021-01-11,37.20000076293945,37.224998474121094,36.4900016784668,36.915000915527344,6020005,26.731367111206055
2021-01-12,37.290000915527344,37.55500030517578,36.95500183105469,37.04999923706055,5779492,26.82912254333496
2021-01-13,37.35499954223633,37.90999984741211,37.185001373291016,37.435001373291016,8019342,27.107912063598633
2021-01-14,37.29499816894531,37.8849983215332,37.22999954223633,37.79999923706055,5812995,27.372228622436523
2021-01-15,37.650001525878906,37.875,36.43000030517578,37.095001220703125,9058388,26.86170768737793
2021-01-18,36.459999084472656,37.08000183105469,36.310001373291016,36.97999954223633,3450376,26.7784366607666
2021-01-19,37.04999923706055,37.375,36.869998931884766,37.150001525878906,4531231,26.901538848876953
2021-01-20,37.1349983215332,37.47999954223633,36.959999084472656,37.345001220703125,5361458,27.04273796081543
2021-01-21,37.599998474121094,37.61000061035156,36.36000061035156,36.474998474121094,7485975,26.412748336791992
2021-01-22,36.064998626708984,36.369998931884766,35.505001068115234,36.220001220703125,6981692,26.228097915649414
2021-01-25,36.415000915527344,36.52000045776367,35.099998474121094,35.349998474121094,7407980,25.59809684753418
2021-01-26,35.334999084472656,36.45000076293945,35.25,35.97999954223633,7282290,26.05430030822754
2021-01-27,35.76499938964844,36.1150016784668,35.0099983215332,35.82500076293945,7779147,25.942062377929688
2021-01-28,35.16999816894531,36.19499969482422,34.98500061035156,35.814998626708984,7588146,25.934818267822266
2021-01-29,35.40999984741211,35.974998474121094,34.89500045776367,34.89500045776367,9125180,25.268613815307617
2021-02-01,35.099998474121094,35.279998779296875,34.45500183105469,34.55500030517578,8174457,25.022409439086914
2021-02-02,35.0,35.150001525878906,34.5,34.869998931884766,9585924,25.250511169433594
2021-02-03,35.220001220703125,35.334999084472656,34.51499938964844,35.13999938964844,8926614,25.446029663085938
2021-02-04,35.29999923706055,35.81999969482422,34.64500045776367,34.935001373291016,8131794,25.297588348388672
2021-02-05,35.029998779296875,35.58000183105469,34.720001220703125,35.06999969482422,8551066,25.395341873168945
2021-02-08,35.380001068115234,35.650001525878906,34.974998474121094,35.18000030517578,9766094,25.475000381469727
2021-02-09,36.0,36.18000030517578,34.290000915527344,34.564998626708984,11114046,25.02964973449707
2021-02-10,34.76499938964844,34.88999938964844,33.90999984741211,34.744998931884766,8035582,25.159996032714844
2021-02-11,34.7599983215332,34.88999938964844,34.20000076293945,34.63999938964844,7695925,25.083959579467773
2021-02-12,34.529998779296875,35.05500030517578,34.1349983215332,34.974998474121094,6657816,25.32654571533203
2021-02-15,35.599998474121094,36.540000915527344,35.18000030517578,36.540000915527344,10171605,26.45981216430664
2021-02-16,36.89500045776367,37.290000915527344,36.029998779296875,36.39500045776367,9086169,26.354816436767578
2021-02-17,36.529998779296875,37.42499923706055,36.48500061035156,36.96500015258789,8746290,26.767574310302734
2021-02-18,37.400001525878906,37.79999923706055,36.57500076293945,36.57500076293945,7942637,26.48516273498535
2021-02-19,36.029998779296875,37.040000915527344,36.0,36.95000076293945,7848775,26.756710052490234
2021-02-22,37.05500030517578,37.9900016784668,36.724998474121094,37.470001220703125,8724065,27.13326072692871
2021-02-23,38.0,38.79999923706055,37.70500183105469,38.310001373291016,11048892,27.741531372070312
2021-02-24,38.54999923706055,39.09000015258789,38.064998626708984,38.974998474121094,7987796,28.223072052001953
2021-02-25,39.16999816894531,39.970001220703125,39.04499816894531,39.45500183105469,10111097,28.570667266845703
2021-02-26,38.904998779296875,38.974998474121094,38.04499816894531,38.375,10736610,27.788606643676758
2021-03-01,38.97999954223633,39.08000183105469,38.540000915527344,38.834999084472656,6866121,28.121694564819336
2021-03-02,38.345001220703125,39.130001068115234,38.17499923706055,38.915000915527344,5794344,28.179636001586914
2021-03-03,39.189998626708984,39.61000061035156,38.880001068115234,39.310001373291016,5886246,28.46566390991211
2021-03-04,39.20000076293945,40.595001220703125,38.9900016784668,40.560001373291016,10044460,29.370834350585938
2021-03-05,40.54999923706055,41.595001220703125,40.349998474121094,40.974998474121094,11439169,29.67135238647461
2021-03-08,41.54499816894531,41.744998931884766,40.35499954223633,40.91999816894531,9723534,29.631515502929688
2021-03-09,41.0,41.400001525878906,40.09000015258789,40.665000915527344,7349666,29.44686508178711
2021-03-10,40.560001373291016,41.435001373291016,40.28499984741211,41.310001373291016,6460112,29.9139347076416
2021-03-11,41.54999923706055,41.744998931884766,40.904998779296875,41.7400016784668,6317586,30.225309371948242
2021-03-12,41.5,42.189998626708984,41.470001220703125,42.189998626708984,5859380,30.551158905029297
2021-03-15,41.994998931884766,42.185001373291016,41.040000915527344,41.290000915527344,6486139,29.899452209472656
2021-03-16,41.22999954223633,41.33000183105469,40.33000183105469,40.76499938964844,7763507,29.51927947998047
2021-03-17,40.06999969482422,40.86000061035156,40.0099983215332,40.61000061035156,7091584,29.40703582763672
2021-03-18,40.77000045776367,40.935001373291016,40.185001373291016,40.435001373291016,7257522,29.280315399169922
2021-03-19,39.95500183105469,40.474998474121094,39.5,40.22999954223633,19589808,29.13186264038086
2021-03-22,40.0,40.099998474121094,39.689998626708984,39.72999954223633,5478764,28.76979637145996
2021-03-23,39.5,39.56999969482422,38.86000061035156,39.439998626708984,6582096,28.559799194335938
2021-03-24,39.04999923706055,40.064998626708984,38.91999816894531,40.064998626708984,5912545,29.012388229370117
2021-03-25,39.375,39.375,38.02000045776367,38.744998931884766,7654953,28.526451110839844
2021-03-26,39.03499984741211,39.40999984741211,38.834999084472656,39.15999984741211,6016964,28.83200454711914
2021-03-29,39.29999923706055,39.744998931884766,39.029998779296875,39.744998931884766,4978205,29.262712478637695
2021-03-30,39.96500015258789,40.45000076293945,39.849998474121094,40.25,7384999,29.63452911376953
2021-03-31,40.029998779296875,40.185001373291016,39.540000915527344,39.775001525878906,7612862,29.28480339050293
2021-04-01,39.775001525878906,39.814998626708984,39.099998474121094,39.099998474121094,7635402,28.787822723388672
2021-04-06,38.869998931884766,39.31999969482422,38.810001373291016,38.81999969482422,6503814,28.581666946411133
2021-04-07,38.81999969482422,39.40999984741211,38.70000076293945,38.915000915527344,4598272,28.6516170501709
2021-04-08,38.98500061035156,39.10499954223633,37.92499923706055,38.2599983215332,6964071,28.16935920715332
2021-04-09,38.2400016784668,38.39500045776367,37.67499923706055,37.845001220703125,6503641,27.863815307617188
2021-04-12,37.79999923706055,37.9900016784668,37.4900016784668,37.66999816894531,5512721,27.73497200012207
2021-04-13,38.01499938964844,38.07500076293945,37.650001525878906,37.875,5965920,27.88590431213379
2021-04-14,38.01499938964844,38.30500030517578,37.71500015258789,38.29499816894531,6024321,28.19513511657715
2021-04-15,38.43000030517578,38.474998474121094,37.88999938964844,38.0,4827479,27.977937698364258
2021-04-16,37.994998931884766,38.17499923706055,37.779998779296875,37.95000076293945,5378963,27.941123962402344
2021-04-19,37.88999938964844,38.255001068115234,37.72999954223633,38.040000915527344,3417176,28.007396697998047
2021-04-20,38.099998474121094,38.20500183105469,36.76499938964844,36.86000061035156,8078750,27.138599395751953
2021-04-21,37.10499954223633,37.70000076293945,36.79999923706055,36.904998779296875,8902901,27.17173194885254
2021-04-22,36.91999816894531,37.0,36.41999816894531,36.89500045776367,5744256,27.164369583129883
2021-04-23,36.720001220703125,36.904998779296875,36.53499984741211,36.775001525878906,4143678,27.07602310180664
2021-04-26,36.72999954223633,37.03499984741211,36.3650016784668,36.86000061035156,4853080,27.138599395751953
2021-04-27,36.974998474121094,37.07500076293945,36.665000915527344,36.790000915527344,5038308,27.087064743041992
2021-04-28,37.064998626708984,37.71500015258789,36.92499923706055,37.44499969482422,5547579,27.569311141967773
2021-04-29,38.279998779296875,38.29999923706055,37.03499984741211,37.099998474121094,6974192,27.315298080444336
2021-04-30,37.255001068115234,37.494998931884766,36.5099983215332,36.82500076293945,7202915,27.112831115722656
2021-05-03,37.099998474121094,37.27000045776367,36.79499816894531,37.2400016784668,4106273,27.418380737304688
2021-05-04,37.470001220703125,38.459999084472656,37.349998474121094,37.665000915527344,8099356,27.731294631958008
2021-05-05,38.005001068115234,39.08000183105469,38.005001068115234,39.01499938964844,7941114,28.725234985351562
2021-05-06,39.09000015258789,39.41999816894531,38.720001220703125,39.13999938964844,6125235,28.81728172302246
2021-05-07,39.51499938964844,39.540000915527344,38.58000183105469,39.04999923706055,5581911,28.751007080078125
2021-05-10,39.540000915527344,39.54999923706055,38.994998931884766,39.34000015258789,4658841,28.964536666870117
2021-05-11,38.92499923706055,39.119998931884766,38.30500030517578,38.41999816894531,5948412,28.28716468811035
2021-05-12,38.314998626708984,39.55500030517578,38.06999969482422,39.29999923706055,5770670,28.935075759887695
2021-05-13,38.6349983215332,39.06999969482422,37.81999969482422,38.810001373291016,5223652,28.574312210083008
2021-05-14,38.91999816894531,39.779998779296875,38.75,39.75,5244515,29.266399383544922
2021-05-17,39.86000061035156,39.88999938964844,39.130001068115234,39.810001373291016,4081153,29.310571670532227
2021-05-18,40.04999923706055,40.23500061035156,39.6349983215332,39.69499969482422,6041487,29.22589874267578
2021-05-19,39.005001068115234,39.15999984741211,38.0,38.3849983215332,7239048,28.261394500732422
2021-05-20,38.44499969482422,38.564998626708984,37.97999954223633,38.54499816894531,5630563,28.37919807434082
2021-05-21,38.64500045776367,39.0099983215332,38.45000076293945,39.0,5191318,28.714200973510742
2021-05-24,39.0,39.04999923706055,38.650001525878906,39.040000915527344,2131708,28.7436466217041
2021-05-25,39.21500015258789,39.25,38.29999923706055,38.33000183105469,4614236,28.220909118652344
2021-05-26,38.32500076293945,38.53499984741211,38.064998626708984,38.470001220703125,3996706,28.3239803314209
2021-05-27,38.209999084472656,38.38999938964844,38.04499816894531,38.04499816894531,10773976,28.011062622070312
2021-05-28,38.30500030517578,38.30500030517578,37.915000915527344,38.14500045776367,3778193,28.084701538085938
2021-05-31,38.189998626708984,38.20000076293945,37.810001373291016,37.904998779296875,3784945,27.90799903869629
2021-06-01,38.189998626708984,39.0099983215332,38.11000061035156,38.81999969482422,5737898,28.581666946411133
2021-06-02,39.154998779296875,39.689998626708984,39.064998626708984,39.689998626708984,6476694,29.22222137451172
2021-06-03,39.689998626708984,39.689998626708984,39.689998626708984,39.689998626708984,0,29.22222137451172
2021-06-04,39.689998626708984,39.689998626708984,39.689998626708984,39.689998626708984,0,29.22222137451172
2021-06-07,39.6150016784668,39.7599983215332,39.060001373291016,39.4900016784668,4477409,29.07497215270996
2021-06-08,39.56999969482422,39.7599983215332,39.04499816894531,39.6349983215332,3500343,29.181716918945312
2021-06-09,39.7400016784668,40.01499938964844,39.334999084472656,40.01499938964844,4908829,29.461505889892578
2021-06-10,39.959999084472656,40.2400016784668,39.5099983215332,39.81999969482422,4004846,29.31793975830078
2021-06-11,39.77000045776367,40.33000183105469,39.650001525878906,40.33000183105469,4677485,29.693424224853516
2021-06-14,40.400001525878906,41.150001525878906,40.29499816894531,40.8849983215332,8826255,30.102052688598633
2021-06-15,40.69499969482422,40.915000915527344,40.349998474121094,40.915000915527344,5767933,30.124141693115234
2021-06-16,41.0,41.224998474121094,40.77000045776367,40.95000076293945,5243878,30.149911880493164
2021-06-17,40.869998931884766,41.459999084472656,40.665000915527344,40.720001220703125,5382637,29.980571746826172
2021-06-18,40.654998779296875,40.68000030517578,39.23500061035156,39.53499984741211,14265235,29.10810089111328
2021-06-21,39.25,40.3650016784668,38.86000061035156,39.959999084472656,5469003,29.42100715637207
2021-06-22,40.310001373291016,40.54999923706055,39.939998626708984,40.20500183105469,4162999,29.60140037536621
2021-06-23,40.314998626708984,40.720001220703125,40.02000045776367,40.040000915527344,4588506,29.479917526245117
2021-06-24,39.55500030517578,40.36000061035156,39.46500015258789,40.255001068115234,7850826,30.13493537902832
2021-06-25,40.220001220703125,40.31999969482422,39.75,39.935001373291016,4578906,29.895389556884766
2021-06-28,39.7599983215332,39.8849983215332,38.724998474121094,38.78499984741211,6645101,29.03449249267578
2021-06-29,38.76499938964844,39.1150016784668,38.540000915527344,38.60499954223633,4976165,28.899749755859375
2021-06-30,38.404998779296875,38.6349983215332,37.935001373291016,38.154998779296875,8577424,28.5628719329834
2021-07-01,38.30500030517578,39.05500030517578,38.30500030517578,38.7599983215332,5199871,29.01578140258789
2021-07-02,38.904998779296875,39.154998779296875,38.439998626708984,38.6150016784668,4086623,28.90723419189453
2021-07-05,38.599998474121094,38.849998474121094,38.33000183105469,38.709999084472656,2679466,28.978342056274414
2021-07-06,38.869998931884766,39.150001525878906,37.73500061035156,37.904998779296875,6256509,28.375732421875
2021-07-07,38.02000045776367,38.29999923706055,37.154998779296875,37.470001220703125,8986114,28.050079345703125
2021-07-08,37.25,37.38999938964844,36.474998474121094,37.099998474121094,8889739,27.773096084594727
2021-07-09,36.834999084472656,37.45000076293945,36.61000061035156,37.45000076293945,6140096,28.03510856628418
2021-07-12,37.38999938964844,37.689998626708984,36.80500030517578,37.470001220703125,4356696,28.050079345703125
2021-07-13,37.47999954223633,37.564998626708984,36.915000915527344,37.189998626708984,5542747,27.84047508239746
2021-07-14,37.064998626708984,37.625,36.970001220703125,37.10499954223633,3785439,27.776844024658203
2021-07-15,36.6349983215332,36.70000076293945,36.03499984741211,36.64500045776367,6735172,27.4324893951416
2021-07-16,36.595001220703125,36.8849983215332,35.8849983215332,36.28499984741211,7249288,27.162994384765625
2021-07-19,35.8650016784668,36.04499816894531,34.61000061035156,34.88999938964844,10678934,26.11869239807129
2021-07-20,35.10499954223633,35.44499969482422,34.26499938964844,34.8650016784668,8737348,26.099979400634766
2021-07-21,35.11000061035156,35.959999084472656,34.814998626708984,35.79499816894531,8255255,26.796173095703125
2021-07-22,36.0,36.150001525878906,35.52000045776367,35.63999938964844,4283311,26.680139541625977
2021-07-23,35.8650016784668,36.11000061035156,35.59000015258789,35.6349983215332,4478444,26.676401138305664
2021-07-26,35.525001525878906,36.685001373291016,35.310001373291016,36.459999084472656,4784517,27.293994903564453
2021-07-27,36.619998931884766,36.689998626708984,36.209999084472656,36.45000076293945,4116038,27.286516189575195
2021-07-28,36.619998931884766,36.84000015258789,36.31999969482422,36.709999084472656,4214433,27.481143951416016
2021-07-29,37.08000183105469,37.94499969482422,37.04999923706055,37.505001068115234,6659171,28.076290130615234
2021-07-30,37.34000015258789,37.55500030517578,36.58000183105469,36.70000076293945,8155157,27.473663330078125
2021-08-02,36.994998931884766,37.349998474121094,36.689998626708984,36.689998626708984,4488857,27.466169357299805
2021-08-03,36.8650016784668,37.845001220703125,36.8650016784668,37.689998626708984,7324353,28.21477699279785
2021-08-04,37.875,37.900001525878906,37.189998626708984,37.59000015258789,4702013,28.13991355895996
2021-08-05,37.17499923706055,37.88999938964844,37.14500045776367,37.67499923706055,4239949,28.20354461669922
2021-08-06,37.45000076293945,38.03499984741211,37.415000915527344,37.935001373291016,4160940,28.39818000793457
2021-08-09,37.80500030517578,37.939998626708984,37.435001373291016,37.814998626708984,3820417,28.308353424072266
2021-08-10,37.744998931884766,37.970001220703125,37.525001525878906,37.630001068115234,4244872,28.16986083984375
2021-08-11,37.689998626708984,38.29499816894531,37.650001525878906,38.15999984741211,3640347,28.56661605834961
2021-08-12,38.15999984741211,38.650001525878906,38.150001525878906,38.32500076293945,3596049,28.690135955810547
2021-08-13,38.244998931884766,38.36000061035156,37.959999084472656,38.220001220703125,4086224,28.611536026000977
2021-08-16,37.834999084472656,37.869998931884766,37.3650016784668,37.75,4006558,28.259689331054688
2021-08-17,37.5,38.04499816894531,37.369998931884766,37.82500076293945,4064003,28.31583595275879
2021-08-18,37.71500015258789,37.78499984741211,37.380001068115234,37.724998474121094,3754908,28.240982055664062
2021-08-19,36.70000076293945,36.81999969482422,36.1349983215332,36.30500030517578,10540641,27.17795753479004
2021-08-20,36.44499969482422,36.470001220703125,36.18000030517578,36.46500015258789,5835436,27.29774284362793
2021-08-23,36.84000015258789,37.19499969482422,36.53499984741211,37.08000183105469,5853018,27.758129119873047
2021-08-24,37.20000076293945,37.36000061035156,37.005001068115234,37.15999984741211,4120930,27.81801414489746
2021-08-25,37.27000045776367,37.36000061035156,37.0099983215332,37.334999084472656,2625755,27.949020385742188
2021-08-26,37.244998931884766,37.54999923706055,37.06999969482422,37.310001373291016,2685683,27.930309295654297
2021-08-27,37.35499954223633,37.75,37.17499923706055,37.75,3126438,28.259689331054688
2021-08-30,37.84000015258789,37.95500183105469,37.61000061035156,37.70500183105469,2212395,28.22601318359375
2021-08-31,37.68000030517578,37.689998626708984,37.060001373291016,37.345001220703125,9453228,27.956504821777344
2021-09-01,37.70500183105469,37.9900016784668,37.06999969482422,37.099998474121094,4650752,27.773096084594727
2021-09-02,37.08000183105469,37.779998779296875,36.97999954223633,37.58000183105469,4043538,28.132421493530273
2021-09-03,37.584999084472656,37.8849983215332,37.17499923706055,37.26499938964844,3745680,27.896621704101562
2021-09-06,37.26499938964844,37.91999816894531,37.150001525878906,37.665000915527344,2980357,28.19606590270996
2021-09-07,37.665000915527344,37.86000061035156,37.369998931884766,37.6150016784668,2713500,28.15863609313965
2021-09-08,37.439998626708984,37.63999938964844,37.005001068115234,37.2599983215332,4265614,27.892871856689453
2021-09-09,36.900001525878906,37.125,36.689998626708984,36.94499969482422,5052232,27.65707015991211
2021-09-10,36.904998779296875,37.16999816894531,36.5099983215332,36.630001068115234,5242783,27.421262741088867
2021-09-13,36.849998474121094,37.78499984741211,36.83000183105469,37.75,6317875,28.259689331054688
2021-09-14,37.77000045776367,38.435001373291016,37.584999084472656,37.845001220703125,5673389,28.330808639526367
2021-09-15,37.845001220703125,38.845001220703125,37.84000015258789,38.689998626708984,9334848,28.963376998901367
2021-09-16,38.900001525878906,39.3849983215332,38.665000915527344,38.720001220703125,7340521,28.98583984375
2021-09-17,39.099998474121094,39.2400016784668,38.165000915527344,38.38999938964844,11808387,28.738800048828125
2021-09-20,37.915000915527344,38.05500030517578,37.334999084472656,37.845001220703125,6943257,28.330808639526367
2021-09-21,37.584999084472656,38.435001373291016,37.53499984741211,38.095001220703125,9358190,29.02412986755371
2021-09-22,38.599998474121094,39.380001068115234,38.53499984741211,39.06999969482422,8707498,29.7669677734375
2021-09-23,39.400001525878906,39.70500183105469,39.1349983215332,39.630001068115234,6660186,30.193632125854492
2021-09-24,39.63999938964844,39.86000061035156,39.310001373291016,39.69499969482422,5267276,30.243146896362305
2021-09-27,39.90999984741211,41.19499969482422,39.78499984741211,41.060001373291016,12904333,31.283123016357422
2021-09-28,41.55500030517578,42.0,41.279998779296875,41.595001220703125,13880191,31.69073486328125
2021-09-29,41.099998474121094,41.5,40.369998931884766,41.03499984741211,8722511,31.26407814025879
2021-09-30,41.209999084472656,41.8650016784668,40.875,41.334999084472656,10163250,31.492637634277344
2021-10-01,40.70000076293945,41.39500045776367,40.51499938964844,41.275001525878906,6843143,31.44693374633789
2021-10-04,41.584999084472656,42.42499923706055,41.185001373291016,42.09000015258789,8850439,32.06787109375
2021-10-05,41.96500015258789,43.42499923706055,41.81999969482422,43.349998474121094,11031582,33.02784729003906
2021-10-06,43.20500183105469,43.20500183105469,42.314998626708984,42.755001068115234,11594677,32.574520111083984
2021-10-07,42.83000183105469,43.029998779296875,41.880001068115234,42.69499969482422,8205608,32.52881622314453
2021-10-08,43.1150016784668,43.61000061035156,42.849998474121094,43.349998474121094,7492965,33.02784729003906
2021-10-11,43.849998474121094,44.290000915527344,43.65999984741211,44.220001220703125,7165322,33.69068908691406
2021-10-12,43.79999923706055,44.119998931884766,43.5,43.70000076293945,5690310,33.29450225830078
2021-10-13,43.5,43.72999954223633,42.75,43.275001525878906,6009732,32.970706939697266
2021-10-14,43.72999954223633,44.03499984741211,43.400001525878906,43.79999923706055,5392985,33.37070083618164
2021-10-15,44.084999084472656,44.61000061035156,43.970001220703125,44.45500183105469,8019827,33.8697395324707
2021-10-18,44.51499938964844,44.95000076293945,44.404998779296875,44.650001525878906,5862350,34.01830291748047
2021-10-19,44.54999923706055,45.099998474121094,44.35499954223633,44.83000183105469,5657379,34.15544128417969
2021-10-20,44.60499954223633,45.154998779296875,44.43000030517578,44.8650016784668,4801321,34.18211364746094
2021-10-21,44.744998931884766,44.845001220703125,44.099998474121094,44.220001220703125,4341551,33.69068908691406
2021-10-22,44.0,44.44499969482422,43.6349983215332,43.80500030517578,5061555,33.3745002746582
2021-10-25,44.0,44.314998626708984,43.80500030517578,43.92499923706055,4097437,33.46593475341797
2021-10-26,44.0099983215332,44.25,43.63999938964844,43.744998931884766,4954047,33.32878875732422
2021-10-27,43.689998626708984,43.834999084472656,43.23500061035156,43.6349983215332,4623519,33.2449836730957
2021-10-28,43.650001525878906,43.79499816894531,42.83000183105469,43.29499816894531,5903395,32.98593521118164
2021-10-29,43.470001220703125,43.915000915527344,43.119998931884766,43.369998931884766,7805387,33.0430908203125
2021-11-01,43.20000076293945,43.91999816894531,43.165000915527344,43.529998779296875,4807172,33.16497802734375
2021-11-02,43.16999816894531,43.68000030517578,42.98500061035156,43.67499923706055,5957680,33.27545928955078
2021-11-03,43.20000076293945,43.45500183105469,42.625,42.90999984741211,6578422,32.6926155090332
2021-11-04,42.7400016784668,43.73500061035156,42.689998626708984,43.25,4889313,32.951663970947266
2021-11-05,42.814998626708984,43.7599983215332,42.79999923706055,43.40999984741211,5733591,33.07355880737305
2021-11-08,43.5,44.029998779296875,43.33000183105469,43.5,5847805,33.142127990722656
2021-11-09,43.36000061035156,44.04999923706055,43.25,43.53499984741211,5497680,33.16879653930664
2021-11-10,43.72999954223633,44.474998474121094,43.71500015258789,43.915000915527344,6752352,33.45832061767578
2021-11-11,43.5,44.130001068115234,43.40999984741211,43.8650016784668,5283755,33.420230865478516
2021-11-12,43.75,43.92499923706055,43.17499923706055,43.17499923706055,5638576,32.89451599121094
2021-11-15,43.25,43.86000061035156,43.16999816894531,43.63999938964844,4850767,33.24879455566406
2021-11-16,43.82500076293945,44.58000183105469,43.72999954223633,43.86000061035156,6712875,33.416412353515625
2021-11-17,43.810001373291016,44.02000045776367,43.41999816894531,43.540000915527344,5446414,33.172611236572266
2021-11-18,43.1150016784668,43.189998626708984,42.779998779296875,43.06999969482422,6178698,32.814517974853516
2021-11-19,43.494998931884766,43.67499923706055,41.724998474121094,41.89500045776367,12727917,31.919300079345703
2021-11-22,41.939998626708984,42.6150016784668,41.814998626708984,42.39500045776367,7472702,32.30024719238281
2021-11-23,42.275001525878906,43.349998474121094,42.130001068115234,42.8849983215332,6764292,32.6735725402832
2021-11-24,43.029998779296875,43.6349983215332,42.845001220703125,43.1150016784668,6418515,32.84880447387695
2021-11-25,43.27000045776367,43.349998474121094,42.810001373291016,43.084999084472656,4557711,32.825950622558594
2021-11-26,41.2599983215332,41.3849983215332,40.099998474121094,40.529998779296875,15479769,30.879318237304688
2021-11-29,41.35499954223633,42.1150016784668,41.0099983215332,41.20000076293945,9637094,31.389795303344727
2021-11-30,40.20000076293945,41.02000045776367,40.084999084472656,40.61000061035156,14105234,30.940269470214844
2021-12-01,41.18000030517578,42.209999084472656,41.1150016784668,41.935001373291016,8058706,31.94978141784668
2021-12-02,41.380001068115234,42.275001525878906,41.2599983215332,42.025001525878906,8494764,32.01835632324219
2021-12-03,42.60499954223633,42.880001068115234,42.17499923706055,42.334999084472656,7821778,32.25453186035156
2021-12-06,42.6150016784668,43.73500061035156,42.6150016784668,43.439998626708984,7791727,33.09641647338867
2021-12-07,43.744998931884766,44.34000015258789,43.709999084472656,44.279998779296875,7929206,33.73640823364258
2021-12-08,44.0,44.48500061035156,43.67499923706055,44.22999954223633,6448620,33.698307037353516
2021-12-09,44.060001373291016,44.255001068115234,43.58000183105469,43.95500183105469,4942452,33.488792419433594
2021-12-10,43.8849983215332,44.314998626708984,43.755001068115234,44.09000015258789,4442611,33.591651916503906
2021-12-13,44.02000045776367,44.45000076293945,43.45500183105469,43.45500183105469,5979628,33.107845306396484
2021-12-14,43.82500076293945,43.91999816894531,43.290000915527344,43.72999954223633,6375347,33.3173713684082
2021-12-15,43.6349983215332,43.84000015258789,43.06999969482422,43.28499984741211,6793530,32.97832107543945
2021-12-16,44.09000015258789,44.845001220703125,43.95000076293945,44.67499923706055,9137943,34.03734588623047
2021-12-17,44.275001525878906,44.57500076293945,43.619998931884766,43.65999984741211,13753862,33.264034271240234
2021-12-20,42.689998626708984,43.435001373291016,42.29999923706055,43.3650016784668,7655859,33.039283752441406
2021-12-21,43.70000076293945,44.4900016784668,43.51499938964844,44.400001525878906,5664033,33.82783126831055
2021-12-22,44.63999938964844,44.75,44.1150016784668,44.709999084472656,5164530,34.06401443481445
2021-12-23,44.7599983215332,45.38999938964844,44.70000076293945,45.119998931884766,5517384,34.37638854980469
2021-12-24,44.94499969482422,45.2599983215332,44.77000045776367,44.775001525878906,1043080,34.11353302001953
2021-12-27,44.599998474121094,45.02000045776367,44.48500061035156,44.95500183105469,3282268,34.25068283081055
2021-12-28,44.97999954223633,45.375,44.900001525878906,45.255001068115234,2916252,34.479244232177734
2021-12-29,45.255001068115234,45.54999923706055,44.665000915527344,44.755001068115234,4141465,34.09830093383789
2021-12-30,44.89500045776367,45.05500030517578,44.665000915527344,44.900001525878906,4099251,34.208778381347656
2021-12-31,44.720001220703125,44.84000015258789,44.59000015258789,44.630001068115234,1711261,34.00305938720703
2022-01-03,44.380001068115234,45.369998931884766,44.32500076293945,44.9900016784668,5436592,34.7918586730957
2022-01-04,45.224998474121094,45.57500076293945,45.0,45.369998931884766,5584211,35.08570861816406
2022-01-05,45.56999969482422,46.290000915527344,45.459999084472656,45.915000915527344,5641479,35.507179260253906
2022-01-06,45.38999938964844,46.43000030517578,45.220001220703125,45.935001373291016,5444172,35.52265167236328
2022-01-07,46.275001525878906,46.70500183105469,46.09000015258789,46.459999084472656,5732405,35.928646087646484
2022-01-10,46.54999923706055,47.09000015258789,46.40999984741211,46.7400016784668,5681747,36.145172119140625
2022-01-11,46.81999969482422,47.63999938964844,46.494998931884766,47.599998474121094,6505491,36.81023406982422
2022-01-12,48.04999923706055,49.099998474121094,48.02000045776367,49.060001373291016,9331583,37.93928909301758
2022-01-13,48.82500076293945,49.05500030517578,48.31999969482422,48.80500030517578,6197728,37.742088317871094
2022-01-14,48.84000015258789,49.72999954223633,48.67499923706055,49.53499984741211,6533053,38.306610107421875
2022-01-17,49.599998474121094,49.95000076293945,49.41999816894531,49.67499923706055,3805535,38.414878845214844
2022-01-18,49.900001525878906,50.83000183105469,49.63999938964844,50.41999816894531,8906341,38.99100875854492
2022-01-19,50.5099983215332,51.38999938964844,50.34000015258789,51.2599983215332,8139395,39.64060592651367
2022-01-20,51.349998474121094,51.470001220703125,50.02000045776367,50.68000030517578,6354172,39.19207763671875
2022-01-21,50.119998931884766,50.470001220703125,49.17499923706055,49.619998931884766,9987592,38.372352600097656
2022-01-24,49.619998931884766,49.974998474121094,47.650001525878906,47.915000915527344,9884998,37.053836822509766
2022-01-25,48.5,49.19499969482422,47.97999954223633,49.10499954223633,8177125,37.974082946777344
2022-01-26,49.89500045776367,51.36000061035156,49.720001220703125,51.06999969482422,10006277,39.49367141723633
2022-01-27,50.29999923706055,52.4900016784668,50.02000045776367,51.7400016784668,8553119,40.01179122924805
2022-01-28,51.86000061035156,51.970001220703125,50.4900016784668,51.2400016784668,9191640,39.62513732910156
2022-01-31,51.54999923706055,51.63999938964844,50.040000915527344,50.220001220703125,7585497,38.83634567260742
2022-02-01,50.58000183105469,51.36000061035156,50.33000183105469,51.29999923706055,5651831,39.67152786254883
2022-02-02,51.20000076293945,51.349998474121094,50.220001220703125,50.25,5459094,38.85954284667969
2022-02-03,50.349998474121094,50.709999084472656,49.30500030517578,49.709999084472656,13793140,38.44194412231445
2022-02-04,50.20000076293945,51.13999938964844,50.099998474121094,50.970001220703125,7789174,39.41633605957031
2022-02-07,51.040000915527344,51.290000915527344,50.4900016784668,51.22999954223633,5365826,39.617393493652344
2022-02-08,51.45000076293945,52.369998931884766,51.220001220703125,51.290000915527344,6931199,39.66379928588867
2022-02-09,51.06999969482422,52.459999084472656,51.0,52.400001525878906,6436455,40.522193908691406
2022-02-10,52.209999084472656,52.43000030517578,51.40999984741211,51.93000030517578,6299551,40.15872573852539
2022-02-11,51.599998474121094,52.5,51.43000030517578,52.25,5570067,40.406185150146484
2022-02-14,52.0,52.27000045776367,50.97999954223633,51.130001068115234,7999873,39.540061950683594
2022-02-15,51.25,51.900001525878906,50.11000061035156,51.0,7559606,39.439537048339844
2022-02-16,50.720001220703125,51.630001068115234,50.54999923706055,51.41999816894531,4714726,39.76432418823242
2022-02-17,50.900001525878906,51.43000030517578,50.220001220703125,50.650001525878906,5859702,39.16886901855469
2022-02-18,50.63999938964844,51.150001525878906,50.18000030517578,50.65999984741211,6486390,39.176605224609375
2022-02-21,50.5,50.91999816894531,49.73500061035156,49.939998626708984,6145128,38.619808197021484
2022-02-22,49.2599983215332,50.5099983215332,49.15999984741211,49.8849983215332,6588023,38.5772819519043
2022-02-23,49.834999084472656,50.439998626708984,49.44499969482422,49.53499984741211,5897010,38.306610107421875
2022-02-24,48.650001525878906,49.17499923706055,47.35499954223633,47.619998931884766,18829075,36.82569885253906
2022-02-25,47.43000030517578,48.54999923706055,47.35499954223633,48.27000045776367,10597115,37.3283576965332
2022-02-28,47.099998474121094,47.130001068115234,44.75,45.59000015258789,17814292,35.255855560302734
2022-03-01,45.86000061035156,46.209999084472656,43.970001220703125,44.349998474121094,14935059,34.29692840576172
2022-03-02,44.36000061035156,48.0,44.275001525878906,47.974998474121094,19496825,37.100223541259766
2022-03-03,48.459999084472656,49.005001068115234,46.17499923706055,46.17499923706055,10922562,35.7082405090332
2022-03-04,45.880001068115234,46.05500030517578,44.279998779296875,44.5,10794060,34.412933349609375
2022-03-07,43.96500015258789,45.4900016784668,43.599998474121094,44.88999938964844,13924706,34.71451187133789
2022-03-08,45.084999084472656,46.52000045776367,44.94499969482422,45.73500061035156,14726942,35.36798095703125
2022-03-09,46.209999084472656,46.77000045776367,45.48500061035156,46.224998474121094,14321264,35.74690628051758
2022-03-10,46.20000076293945,46.81999969482422,45.380001068115234,45.70000076293945,12006495,35.34091567993164
2022-03-11,46.349998474121094,46.564998626708984,45.52000045776367,45.59000015258789,10974577,35.255855560302734
2022-03-14,45.875,46.345001220703125,45.404998779296875,45.75,7542301,35.37958908081055
2022-03-15,45.095001220703125,45.79999923706055,44.334999084472656,45.755001068115234,9011242,35.38344955444336
2022-03-16,46.09000015258789,46.5099983215332,45.30500030517578,45.540000915527344,9554064,35.217185974121094
2022-03-17,45.6150016784668,46.224998474121094,45.415000915527344,46.0099983215332,9187133,35.58064651489258
2022-03-18,45.779998779296875,46.09000015258789,44.959999084472656,45.505001068115234,20405549,35.19012451171875
2022-03-21,45.68000030517578,46.380001068115234,45.6349983215332,45.775001525878906,7544828,35.398921966552734
2022-03-22,46.0,46.25,45.685001373291016,45.97999954223633,9074292,36.07762908935547
2022-03-23,45.599998474121094,46.45000076293945,45.599998474121094,46.334999084472656,6638858,36.35617446899414
2022-03-24,46.400001525878906,47.435001373291016,46.369998931884766,46.685001373291016,7239142,36.630794525146484
2022-03-25,46.5,47.6150016784668,45.8849983215332,47.599998474121094,6296989,37.34873580932617
2022-03-28,47.05500030517578,48.36000061035156,46.689998626708984,46.689998626708984,7343974,36.63471984863281
2022-03-29,46.915000915527344,47.875,45.43000030517578,45.810001373291016,9838729,35.944236755371094
2022-03-30,46.3650016784668,47.209999084472656,46.150001525878906,46.96500015258789,6483258,36.850494384765625
2022-03-31,46.435001373291016,46.810001373291016,45.90999984741211,46.029998779296875,6495026,36.116859436035156
2022-04-01,45.96500015258789,46.974998474121094,45.63999938964844,46.755001068115234,6071152,36.685726165771484
2022-04-04,47.21500015258789,47.275001525878906,46.16999816894531,46.64500045776367,4690279,36.59941482543945
2022-04-05,47.0,47.060001373291016,45.70500183105469,46.29999923706055,5262056,36.328712463378906
2022-04-06,45.7599983215332,46.22999954223633,45.28499984741211,45.650001525878906,6068545,35.818695068359375
2022-04-07,45.15999984741211,45.90999984741211,44.72999954223633,44.90999984741211,6334970,35.23806381225586
2022-04-08,45.279998779296875,45.849998474121094,45.119998931884766,45.65999984741211,5623325,35.82654571533203
2022-04-11,45.63999938964844,47.2599983215332,45.63999938964844,46.625,6022190,36.583717346191406
2022-04-12,46.2599983215332,46.66999816894531,45.810001373291016,46.42499923706055,5575258,36.426795959472656
2022-04-13,46.32500076293945,47.400001525878906,46.29499816894531,46.98500061035156,5133546,36.86619186401367
2022-04-14,46.82500076293945,47.0,46.290000915527344,46.689998626708984,4758738,36.63471984863281
2022-04-19,47.07500076293945,48.3849983215332,46.94499969482422,47.345001220703125,5924175,37.14866256713867
2022-04-20,47.39500045776367,47.474998474121094,46.78499984741211,47.03499984741211,5094582,36.905418395996094
2022-04-21,47.91999816894531,47.974998474121094,46.974998474121094,47.150001525878906,6047792,36.99565505981445
2022-04-22,46.44499969482422,46.53499984741211,45.814998626708984,45.869998931884766,5622015,35.9913215637207
2022-04-25,45.0,45.185001373291016,44.029998779296875,44.029998779296875,7062909,34.54758834838867
2022-04-26,45.209999084472656,45.45000076293945,44.005001068115234,44.755001068115234,7962378,35.116451263427734
2022-04-27,44.755001068115234,45.54999923706055,44.54999923706055,45.130001068115234,6046151,35.41068649291992
2022-04-28,45.314998626708984,47.09000015258789,45.244998931884766,46.779998779296875,7544258,36.70533752441406
2022-04-29,47.45000076293945,47.54999923706055,46.66999816894531,47.224998474121094,6109500,37.054500579833984
2022-05-02,46.85499954223633,47.595001220703125,46.54999923706055,46.97999954223633,5828178,36.86226272583008
2022-05-03,47.349998474121094,48.79999923706055,46.58000183105469,48.79999923706055,7052181,38.290313720703125
2022-05-04,48.7599983215332,49.67499923706055,48.69499969482422,48.82500076293945,6933231,38.30992126464844
2022-05-05,49.619998931884766,50.29999923706055,49.310001373291016,49.51499938964844,8170451,38.851318359375
2022-05-06,49.51499938964844,51.040000915527344,49.439998626708984,50.599998474121094,9701008,39.70265197753906
2022-05-09,50.68000030517578,50.900001525878906,48.040000915527344,48.1349983215332,7183004,37.76851272583008
2022-05-10,48.0,48.970001220703125,47.375,48.14500045776367,5848216,37.7763786315918
2022-05-11,48.39500045776367,50.349998474121094,48.39500045776367,50.349998474121094,8797325,39.50648880004883
2022-05-12,49.625,50.5,49.16999816894531,49.369998931884766,7785862,38.737545013427734
2022-05-13,50.650001525878906,51.33000183105469,50.099998474121094,51.08000183105469,7967412,40.079280853271484
2022-05-16,50.66999816894531,52.0,50.52000045776367,51.709999084472656,6645780,40.573604583740234
2022-05-17,52.0,52.83000183105469,51.81999969482422,52.33000183105469,7078811,41.06008529663086
2022-05-18,51.93000030517578,53.130001068115234,51.90999984741211,52.18000030517578,5409262,40.9423828125
2022-05-19,52.060001373291016,52.4900016784668,51.060001373291016,51.529998779296875,5656368,40.43236541748047
2022-05-20,52.29999923706055,52.58000183105469,51.31999969482422,51.709999084472656,6462269,40.573604583740234
2022-05-23,52.5,53.290000915527344,52.18000030517578,53.290000915527344,7359549,41.813331604003906
2022-05-24,52.5,52.97999954223633,52.220001220703125,52.45000076293945,5431602,41.15424346923828
2022-05-25,52.9900016784668,54.70000076293945,52.790000915527344,53.95000076293945,8414560,42.33119201660156
2022-05-26,54.290000915527344,55.20000076293945,54.279998779296875,55.119998931884766,6201292,43.24921417236328
2022-05-27,55.15999984741211,55.47999954223633,54.34000015258789,54.880001068115234,6085373,43.06089782714844
2022-05-30,54.79999923706055,55.52000045776367,54.599998474121094,55.18000030517578,4780314,43.29629135131836
2022-05-31,55.380001068115234,55.97999954223633,55.09000015258789,55.59000015258789,12431159,43.61798858642578
2022-06-01,55.189998626708984,55.75,54.119998931884766,54.119998931884766,6996945,42.464576721191406
2022-06-02,54.150001525878906,54.27000045776367,53.22999954223633,54.16999816894531,4883491,42.503807067871094
2022-06-03,54.380001068115234,54.630001068115234,53.959999084472656,54.47999954223633,3146284,42.74704360961914
2022-06-06,55.0,55.7400016784668,54.84000015258789,55.4900016784668,4635253,43.539527893066406
2022-06-07,55.54999923706055,55.779998779296875,55.150001525878906,55.709999084472656,4925987,43.7121467590332
2022-06-08,55.9900016784668,56.63999938964844,55.810001373291016,56.52000045776367,6888933,44.34770584106445
2022-06-09,56.77000045776367,57.40999984741211,55.709999084472656,55.709999084472656,6628185,43.7121467590332
2022-06-10,55.7599983215332,55.939998626708984,54.5,54.5,7594810,42.76273727416992
2022-06-13,53.56999969482422,54.45000076293945,52.91999816894531,53.349998474121094,7799410,41.86040115356445
2022-06-14,53.81999969482422,54.959999084472656,53.27000045776367,54.08000183105469,6886090,42.433189392089844
2022-06-15,54.279998779296875,54.400001525878906,53.060001373291016,53.529998779296875,7704110,42.00164031982422
2022-06-16,53.54999923706055,53.7599983215332,51.22999954223633,51.970001220703125,7330449,40.77760314941406
2022-06-17,52.0,52.13999938964844,49.34000015258789,49.34000015258789,16928170,38.71400451660156
2022-06-20,49.41999816894531,50.689998626708984,49.01499938964844,50.25,6026167,39.42803192138672
2022-06-21,50.189998626708984,50.9900016784668,49.880001068115234,50.5,5380452,40.15155792236328
2022-06-22,49.5,49.68000030517578,48.19499969482422,49.04499816894531,6997764,38.99470901489258
2022-06-23,48.8650016784668,49.86000061035156,48.084999084472656,48.095001220703125,6561491,38.23938751220703
2022-06-24,47.55500030517578,49.78499984741211,47.505001068115234,49.55500030517578,6726853,39.40019607543945
2022-06-27,49.3650016784668,50.45000076293945,49.279998779296875,50.0,5031536,39.754005432128906
2022-06-28,50.599998474121094,51.369998931884766,50.5099983215332,50.650001525878906,5344547,40.27081298828125
2022-06-29,51.0,52.0099983215332,50.650001525878906,50.959999084472656,6183440,40.51728820800781
2022-06-30,50.56999969482422,50.9900016784668,49.80500030517578,50.369998931884766,7951972,40.048187255859375
2022-07-01,50.25,51.02000045776367,49.65999984741211,50.150001525878906,6672745,39.8732795715332
2022-07-04,51.27000045776367,52.43000030517578,51.16999816894531,52.43000030517578,5655336,41.68605422973633
2022-07-05,52.38999938964844,52.41999816894531,49.04999923706055,49.064998626708984,6941767,39.01060485839844
2022-07-06,49.650001525878906,50.0,46.94499969482422,47.63999938964844,8692108,37.87762451171875
2022-07-07,48.209999084472656,49.75,48.19499969482422,49.375,6977326,39.25708770751953
2022-07-08,49.209999084472656,50.279998779296875,48.755001068115234,49.27000045776367,4266297,39.17360305786133
2022-07-11,48.869998931884766,49.400001525878906,48.290000915527344,48.91999816894531,3400071,38.89531707763672
2022-07-12,49.1150016784668,49.34000015258789,47.849998474121094,48.26499938964844,5045734,38.37454605102539
2022-07-13,48.029998779296875,48.720001220703125,47.400001525878906,48.345001220703125,4912501,38.43816375732422
2022-07-14,48.470001220703125,48.55500030517578,45.810001373291016,46.09000015258789,6375847,36.64525604248047
2022-07-15,46.5099983215332,47.83000183105469,46.150001525878906,47.53499984741211,5618585,37.79413604736328
2022-07-18,48.20000076293945,49.34000015258789,48.04999923706055,48.64500045776367,3862460,38.676673889160156
2022-07-19,48.47999954223633,49.34000015258789,48.165000915527344,49.099998474121094,4245206,39.03843688964844
2022-07-20,49.80500030517578,49.849998474121094,48.81999969482422,49.20000076293945,3485514,39.117950439453125
2022-07-21,49.32500076293945,49.35499954223633,47.35499954223633,47.8849983215332,5268507,38.07241439819336
2022-07-22,47.81999969482422,48.6349983215332,47.599998474121094,48.540000915527344,4695108,38.59319305419922
2022-07-25,48.54999923706055,49.119998931884766,47.849998474121094,49.099998474121094,4106096,39.03843688964844
2022-07-26,49.39500045776367,49.82500076293945,49.185001373291016,49.20000076293945,3976500,39.117950439453125
2022-07-27,49.29999923706055,49.97999954223633,49.04999923706055,49.744998931884766,3628557,39.55126190185547
2022-07-28,49.39500045776367,49.560001373291016,47.834999084472656,48.09000015258789,6537052,38.235408782958984
2022-07-29,48.16999816894531,49.96500015258789,47.93000030517578,49.7599983215332,7249813,39.563194274902344
2022-08-01,49.630001068115234,50.2400016784668,48.95000076293945,48.95000076293945,4625194,38.9191780090332
2022-08-02,49.0,49.28499984741211,48.2400016784668,48.2400016784668,5363885,38.354671478271484
2022-08-03,48.28499984741211,49.72999954223633,47.86000061035156,48.64500045776367,5484815,38.676673889160156
2022-08-04,48.14500045776367,49.54499816894531,48.0,48.63999938964844,5443280,38.672706604003906
2022-08-05,48.29999923706055,49.095001220703125,47.630001068115234,48.88999938964844,5624000,38.871482849121094
2022-08-08,49.345001220703125,50.209999084472656,48.52000045776367,49.81999969482422,4433097,39.61088562011719
2022-08-09,49.71500015258789,51.22999954223633,49.564998626708984,50.849998474121094,5807127,40.42982864379883
2022-08-10,50.630001068115234,51.279998779296875,50.06999969482422,50.540000915527344,4828451,40.18335723876953
2022-08-11,51.18000030517578,52.0,51.04999923706055,52.0,5853954,41.344173431396484
2022-08-12,52.52000045776367,52.970001220703125,51.66999816894531,51.93000030517578,4923926,41.288516998291016
2022-08-15,52.400001525878906,52.40999984741211,49.970001220703125,50.709999084472656,4366322,40.318519592285156
2022-08-16,50.93000030517578,51.9900016784668,50.84000015258789,51.5,4945532,40.946632385253906
2022-08-17,51.779998779296875,51.970001220703125,50.90999984741211,51.540000915527344,4312278,40.978431701660156
2022-08-18,51.630001068115234,52.88999938964844,51.560001373291016,52.79999923706055,5238130,41.98023986816406
2022-08-19,52.650001525878906,53.400001525878906,52.400001525878906,52.689998626708984,5364002,41.89276885986328
2022-08-22,52.08000183105469,53.27000045776367,51.849998474121094,53.040000915527344,5433708,42.171058654785156
2022-08-23,52.810001373291016,54.84000015258789,52.810001373291016,54.7599983215332,7449542,43.53859329223633
2022-08-24,54.779998779296875,54.79999923706055,53.63999938964844,53.63999938964844,4979158,42.64809799194336
2022-08-25,54.31999969482422,54.77000045776367,54.040000915527344,54.040000915527344,4435613,42.96613311767578
2022-08-26,54.09000015258789,54.63999938964844,53.75,53.959999084472656,5137140,42.902523040771484
2022-08-29,54.0099983215332,54.68000030517578,53.09000015258789,54.400001525878906,4260541,43.25236511230469
2022-08-30,54.65999984741211,54.81999969482422,52.36000061035156,52.43000030517578,5932492,41.68605422973633
2022-08-31,52.150001525878906,52.2599983215332,50.06999969482422,50.689998626708984,8940042,40.3026123046875
2022-09-01,50.66999816894531,50.779998779296875,49.83000183105469,50.209999084472656,5489709,39.92097473144531
2022-09-02,50.29999923706055,52.040000915527344,50.189998626708984,51.560001373291016,5595554,40.99433898925781
2022-09-05,51.400001525878906,53.72999954223633,51.18000030517578,53.18000030517578,6275171,42.28236389160156
2022-09-06,53.150001525878906,53.369998931884766,51.56999969482422,51.709999084472656,5889428,41.11360168457031
2022-09-07,51.0,51.27000045776367,49.459999084472656,49.79499816894531,7397732,39.59102249145508
2022-09-08,49.744998931884766,50.630001068115234,48.97999954223633,49.20000076293945,7900781,39.117950439453125
2022-09-09,49.505001068115234,50.459999084472656,49.505001068115234,49.834999084472656,5006277,39.6228141784668
2022-09-12,50.5099983215332,50.86000061035156,50.04999923706055,50.599998474121094,5252651,40.23106384277344
2022-09-13,50.45000076293945,50.709999084472656,49.599998474121094,50.02000045776367,5381636,39.76991271972656
2022-09-14,49.584999084472656,51.900001525878906,49.584999084472656,51.2599983215332,7432928,40.755802154541016
2022-09-15,51.06999969482422,51.5099983215332,49.8650016784668,50.029998779296875,7419261,39.77785873413086
2022-09-16,49.95500183105469,50.5099983215332,49.47999954223633,49.775001525878906,11658305,39.57512283325195
2022-09-19,49.9900016784668,49.9900016784668,48.334999084472656,49.29999923706055,5198075,39.19745635986328
2022-09-20,49.81999969482422,50.04999923706055,48.75,48.869998931884766,5664763,38.85556411743164
2022-09-21,48.689998626708984,49.630001068115234,48.6349983215332,48.92499923706055,6458138,39.456390380859375
2022-09-22,48.665000915527344,49.58000183105469,48.32500076293945,48.915000915527344,5748727,39.44832229614258
2022-09-23,48.64500045776367,48.78499984741211,46.20500183105469,46.5099983215332,7712933,37.50876998901367
2022-09-26,46.16999816894531,47.459999084472656,46.11000061035156,47.025001525878906,6841654,37.92410659790039
2022-09-27,47.16999816894531,48.42499923706055,47.005001068115234,47.845001220703125,6175010,38.58540344238281
2022-09-28,47.05500030517578,47.98500061035156,46.310001373291016,47.15999984741211,7467853,38.0329704284668
2022-09-29,47.375,47.525001525878906,46.36000061035156,47.30500030517578,6386339,38.14990997314453
2022-09-30,47.814998626708984,48.720001220703125,47.70500183105469,48.275001525878906,6218163,38.932186126708984
2022-10-03,47.96500015258789,50.029998779296875,47.599998474121094,49.7599983215332,5525970,40.12977981567383
2022-10-04,50.540000915527344,51.619998931884766,50.2599983215332,51.310001373291016,6660326,41.37981033325195
2022-10-05,51.220001220703125,52.060001373291016,50.439998626708984,51.869998931884766,5850376,41.83142852783203
2022-10-06,51.75,52.189998626708984,50.83000183105469,51.27000045776367,4458233,41.34754943847656
2022-10-07,51.65999984741211,52.79999923706055,51.58000183105469,52.599998474121094,6182146,42.4201545715332
2022-10-10,51.939998626708984,52.68000030517578,51.20000076293945,51.5,4187958,41.53303909301758
2022-10-11,50.75,50.939998626708984,49.89500045776367,50.439998626708984,4326044,40.678184509277344
2022-10-12,50.65999984741211,50.84000015258789,49.29999923706055,49.755001068115234,4757162,40.125755310058594
2022-10-13,49.775001525878906,51.63999938964844,49.755001068115234,51.29999923706055,5753679,41.37174987792969
2022-10-14,51.880001068115234,52.93000030517578,51.619998931884766,52.20000076293945,6719974,42.09756088256836
2022-10-17,52.5099983215332,53.18000030517578,52.40999984741211,52.9900016784668,5594092,42.734676361083984
2022-10-18,53.099998474121094,53.31999969482422,52.119998931884766,52.119998931884766,4782124,42.03304672241211
2022-10-19,52.40999984741211,53.09000015258789,52.13999938964844,52.61000061035156,3565309,42.4282112121582
2022-10-20,53.400001525878906,53.970001220703125,52.959999084472656,52.959999084472656,4262518,42.710479736328125
2022-10-21,52.619998931884766,53.04999923706055,52.13999938964844,52.970001220703125,5396712,42.71855163574219
2022-10-24,52.689998626708984,53.869998931884766,52.08000183105469,53.5,5017614,43.145973205566406
2022-10-25,53.5,53.63999938964844,53.099998474121094,53.25,3951699,42.94435501098633
2022-10-26,53.0,53.369998931884766,52.40999984741211,52.91999816894531,4574909,42.67822265625
2022-10-27,53.5,54.63999938964844,53.13999938964844,54.47999954223633,7455904,43.936309814453125
2022-10-28,54.08000183105469,55.68000030517578,54.040000915527344,54.59000015258789,7009218,44.025028228759766
2022-10-31,54.599998474121094,55.790000915527344,53.720001220703125,55.099998474121094,6171638,44.43632125854492
2022-11-01,55.95000076293945,56.540000915527344,55.869998931884766,56.5,4966599,45.565372467041016
2022-11-02,56.650001525878906,57.31999969482422,56.11000061035156,56.22999954223633,5767784,45.347625732421875
2022-11-03,55.970001220703125,57.06999969482422,55.63999938964844,56.880001068115234,4767222,45.8718376159668
2022-11-04,57.43000030517578,58.31999969482422,57.209999084472656,57.7599983215332,6813963,46.58152770996094
2022-11-07,57.119998931884766,58.43000030517578,57.02000045776367,58.15999984741211,5007705,46.90411376953125
2022-11-08,57.75,58.08000183105469,57.099998474121094,57.13999938964844,4949391,46.08150863647461
2022-11-09,57.400001525878906,57.52000045776367,56.31999969482422,56.709999084472656,6005000,45.734737396240234
2022-11-10,56.349998474121094,57.41999816894531,56.0099983215332,56.52000045776367,6715663,45.58149337768555
2022-11-11,56.25,57.599998474121094,56.11000061035156,57.029998779296875,6404977,45.9927978515625
2022-11-14,56.91999816894531,57.810001373291016,56.84000015258789,56.91999816894531,5162544,45.90409469604492
2022-11-15,56.4900016784668,57.90999984741211,56.380001068115234,57.779998779296875,5591312,46.597652435302734
2022-11-16,57.93000030517578,59.150001525878906,57.849998474121094,58.2400016784668,6723703,46.9686279296875
2022-11-17,58.0,58.529998779296875,57.279998779296875,57.43000030517578,4773178,46.315391540527344
2022-11-18,58.099998474121094,59.04999923706055,56.939998626708984,57.400001525878906,8763208,46.29119873046875
2022-11-21,57.209999084472656,57.849998474121094,55.5099983215332,55.630001068115234,7131003,44.863746643066406
2022-11-22,56.959999084472656,58.290000915527344,56.880001068115234,58.06999969482422,7090227,46.8315315246582
2022-11-23,58.25,58.9900016784668,57.33000183105469,57.61000061035156,4876026,46.46055603027344
2022-11-24,57.939998626708984,58.34000015258789,57.650001525878906,57.81999969482422,3992229,46.62990951538086
2022-11-25,57.81999969482422,58.75,57.81999969482422,58.439998626708984,3906723,47.12992477416992
2022-11-28,57.5,57.900001525878906,56.880001068115234,57.7400016784668,5425808,46.56539535522461
2022-11-29,58.130001068115234,59.369998931884766,57.97999954223633,58.939998626708984,5275940,47.53315734863281
2022-11-30,59.2599983215332,60.439998626708984,59.08000183105469,60.310001373291016,11137687,48.63801574707031
2022-12-01,59.810001373291016,60.16999816894531,59.2599983215332,59.27000045776367,4539663,47.79928970336914
2022-12-02,58.91999816894531,59.209999084472656,58.060001373291016,58.88999938964844,5694945,47.492828369140625
2022-12-05,58.68000030517578,59.380001068115234,58.52000045776367,58.7599983215332,5299979,47.38799285888672
2022-12-06,57.59000015258789,58.0099983215332,56.900001525878906,57.720001220703125,7256100,47.35517501831055
2022-12-07,57.02000045776367,57.36000061035156,56.43000030517578,56.540000915527344,5709652,46.38706970214844
2022-12-08,57.099998474121094,57.7599983215332,56.790000915527344,56.810001373291016,4901712,46.60858154296875
2022-12-09,56.75,56.810001373291016,55.560001373291016,56.290000915527344,5351717,46.18196105957031
2022-12-12,55.900001525878906,56.7599983215332,55.83000183105469,56.619998931884766,4958521,46.452701568603516
2022-12-13,56.83000183105469,58.52000045776367,56.79999923706055,57.88999938964844,5817155,47.49464416503906
2022-12-14,57.900001525878906,58.619998931884766,57.2400016784668,57.47999954223633,6946106,47.15826416015625
2022-12-15,56.52000045776367,57.939998626708984,56.400001525878906,56.43000030517578,7221555,46.29682159423828
2022-12-16,56.70000076293945,56.970001220703125,55.43000030517578,55.65999984741211,14509793,45.66508865356445
2022-12-19,56.189998626708984,57.540000915527344,56.16999816894531,56.650001525878906,4871006,46.47731399536133
2022-12-20,56.40999984741211,57.7400016784668,56.13999938964844,57.29999923706055,5152750,47.01059341430664
2022-12-21,57.29999923706055,59.150001525878906,57.22999954223633,58.9900016784668,5570095,48.397117614746094
2022-12-22,59.45000076293945,59.959999084472656,58.83000183105469,59.0,4761020,48.40532302856445
2022-12-23,58.720001220703125,59.45000076293945,58.68000030517578,59.209999084472656,2891433,48.577613830566406
2022-12-27,59.779998779296875,60.2400016784668,59.630001068115234,59.630001068115234,2963938,48.92219161987305
2022-12-28,59.7400016784668,60.25,59.040000915527344,59.369998931884766,3315104,48.70888137817383
2022-12-29,58.72999954223633,59.709999084472656,58.70000076293945,59.380001068115234,3328421,48.717079162597656
2022-12-30,59.08000183105469,59.369998931884766,58.650001525878906,58.650001525878906,3979635,48.11817932128906
2023-01-02,58.5,60.13999938964844,58.47999954223633,60.02000045776367,3907873,49.828372955322266
2023-01-03,59.79999923706055,60.93000030517578,58.689998626708984,58.97999954223633,5540506,48.96497344970703
2023-01-04,58.150001525878906,58.54999923706055,57.380001068115234,57.599998474121094,7364586,47.81930160522461
2023-01-05,57.400001525878906,58.189998626708984,57.33000183105469,57.939998626708984,5310799,48.101566314697266
2023-01-06,58.209999084472656,59.040000915527344,58.099998474121094,58.68000030517578,4484094,48.715911865234375
2023-01-09,58.0,58.970001220703125,57.900001525878906,58.31999969482422,5476365,48.41704177856445
2023-01-10,57.93000030517578,58.720001220703125,57.81999969482422,58.40999984741211,4271013,48.49176788330078
2023-01-11,58.66999816894531,59.38999938964844,58.599998474121094,58.790000915527344,5506370,48.80724334716797
2023-01-12,59.369998931884766,59.84000015258789,59.040000915527344,59.45000076293945,5196954,49.355167388916016
2023-01-13,59.599998474121094,60.47999954223633,59.560001373291016,59.72999954223633,4834882,49.587615966796875
2023-01-16,60.0,60.25,59.380001068115234,59.380001068115234,3004776,49.29704666137695
2023-01-17,59.41999816894531,59.849998474121094,58.119998931884766,59.599998474121094,5951772,49.47968673706055
2023-01-18,59.040000915527344,60.130001068115234,59.0,59.599998474121094,4160371,49.47968673706055
2023-01-19,58.689998626708984,59.02000045776367,57.970001220703125,58.34000015258789,5908361,48.43364715576172
2023-01-20,59.470001220703125,59.5099983215332,58.59000015258789,58.849998474121094,4432005,48.85704803466797
2023-01-23,58.75,59.459999084472656,58.4900016784668,59.20000076293945,2854543,49.147621154785156
2023-01-24,59.119998931884766,59.2400016784668,58.529998779296875,58.689998626708984,3256019,48.72421646118164
2023-01-25,58.599998474121094,58.970001220703125,57.650001525878906,58.38999938964844,3975685,48.47515106201172
2023-01-26,58.529998779296875,58.90999984741211,58.06999969482422,58.5099983215332,3853592,48.57477951049805
2023-01-27,58.97999954223633,59.22999954223633,58.29999923706055,58.619998931884766,4442112,48.666099548339844
2023-01-30,57.849998474121094,58.189998626708984,57.43000030517578,57.90999984741211,4237634,48.07666015625
2023-01-31,57.81999969482422,57.939998626708984,56.63999938964844,56.97999954223633,6043711,47.3045768737793
2023-02-01,56.97999954223633,57.369998931884766,55.970001220703125,55.970001220703125,5463460,46.46608352661133
2023-02-02,55.66999816894531,56.11000061035156,54.81999969482422,55.18000030517578,7436226,45.81022644042969
2023-02-03,55.15999984741211,56.90999984741211,55.119998931884766,56.349998474121094,6885333,46.78155517578125
2023-02-06,56.349998474121094,56.61000061035156,55.5099983215332,55.65999984741211,4990200,46.20872116088867
2023-02-07,56.470001220703125,57.540000915527344,56.369998931884766,57.540000915527344,5946952,47.769493103027344
2023-02-08,57.189998626708984,57.709999084472656,55.650001525878906,56.439998626708984,6647138,46.85626983642578
2023-02-09,56.810001373291016,57.86000061035156,56.68000030517578,57.849998474121094,5865632,48.026851654052734
2023-02-10,57.61000061035156,59.90999984741211,57.400001525878906,59.349998474121094,7483955,49.27214813232422
2023-02-13,59.34000015258789,59.720001220703125,58.91999816894531,59.540000915527344,4363617,49.42988586425781
2023-02-14,59.599998474121094,60.38999938964844,59.439998626708984,59.97999954223633,4513712,49.795166015625
2023-02-15,60.0,60.20000076293945,59.619998931884766,60.0,4003007,49.811771392822266
2023-02-16,60.349998474121094,60.540000915527344,59.630001068115234,59.939998626708984,4559961,49.761959075927734
2023-02-17,59.540000915527344,59.709999084472656,58.31999969482422,58.65999984741211,6001310,48.699310302734375
2023-02-20,58.9900016784668,59.119998931884766,58.70000076293945,58.91999816894531,2339163,48.915157318115234
2023-02-21,58.95000076293945,59.18000030517578,58.119998931884766,58.63999938964844,3216732,48.68269729614258
2023-02-22,58.650001525878906,58.72999954223633,57.93000030517578,58.400001525878906,3643782,48.48345947265625
2023-02-23,58.56999969482422,59.63999938964844,58.27000045776367,59.11000061035156,4212988,49.072898864746094
2023-02-24,59.41999816894531,60.04999923706055,58.189998626708984,58.189998626708984,7818721,48.309112548828125
2023-02-27,58.72999954223633,59.45000076293945,58.599998474121094,59.220001220703125,3705232,49.16421890258789
2023-02-28,58.7400016784668,59.36000061035156,58.540000915527344,58.56999969482422,5134204,48.62459182739258
2023-03-01,58.599998474121094,58.86000061035156,57.959999084472656,57.97999954223633,4233092,48.134769439697266
2023-03-02,58.16999816894531,59.15999984741211,58.06999969482422,59.119998931884766,3962438,49.081199645996094
2023-03-03,59.15999984741211,59.29999923706055,57.72999954223633,59.0099983215332,4591569,48.98987579345703
2023-03-06,59.13999938964844,59.4900016784668,59.040000915527344,59.29999923706055,2939160,49.23064041137695
2023-03-07,59.599998474121094,59.720001220703125,58.88999938964844,59.0,3232677,48.98157501220703
2023-03-08,59.0,59.310001373291016,58.790000915527344,58.900001525878906,3066612,48.89855194091797
2023-03-09,58.880001068115234,58.880001068115234,58.040000915527344,58.47999954223633,3364708,48.54987335205078
2023-03-10,57.4900016784668,58.11000061035156,57.099998474121094,58.040000915527344,4766081,48.1845817565918
2023-03-13,57.86000061035156,57.86000061035156,54.75,55.13999938964844,8949682,45.77701950073242
2023-03-14,55.04999923706055,56.560001373291016,54.27000045776367,56.45000076293945,6586419,46.86457824707031
2023-03-15,56.060001373291016,56.11000061035156,52.90999984741211,53.27000045776367,12938098,44.224552154541016
2023-03-16,54.279998779296875,54.630001068115234,51.91999816894531,53.310001373291016,10421882,44.25775909423828
2023-03-17,54.04999923706055,55.060001373291016,52.630001068115234,53.13999938964844,17071713,44.11662292480469
2023-03-20,52.08000183105469,54.27000045776367,51.790000915527344,53.86000061035156,6375094,44.71437072753906
2023-03-21,54.86000061035156,55.91999816894531,54.630001068115234,55.209999084472656,6002122,45.835140228271484
2023-03-22,54.63999938964844,54.86000061035156,54.189998626708984,54.43000030517578,4699698,45.75946807861328
2023-03-23,54.099998474121094,54.27000045776367,53.400001525878906,53.43000030517578,4673803,44.91876983642578
2023-03-24,53.099998474121094,53.189998626708984,50.849998474121094,51.810001373291016,7869472,43.556827545166016
2023-03-27,52.52000045776367,52.79999923706055,51.349998474121094,52.130001068115234,5149680,43.82584762573242
2023-03-28,53.2400016784668,53.7599983215332,52.869998931884766,53.5099983215332,4556532,44.986019134521484
2023-03-29,53.97999954223633,54.0,53.2400016784668,53.84000015258789,3823711,45.263450622558594
2023-03-30,53.68000030517578,54.7599983215332,53.56999969482422,54.40999984741211,4041982,45.74265670776367
2023-03-31,54.29999923706055,54.59000015258789,53.90999984741211,54.36000061035156,4107237,45.70061492919922
2023-04-03,56.72999954223633,57.77000045776367,56.369998931884766,57.560001373291016,6909528,48.390865325927734
2023-04-04,57.66999816894531,57.959999084472656,56.72999954223633,56.72999954223633,4951522,47.69308853149414
2023-04-05,56.849998474121094,57.650001525878906,56.720001220703125,57.13999938964844,4394531,48.03777313232422
2023-04-06,57.38999938964844,58.310001373291016,57.31999969482422,57.5,4724688,48.340423583984375
2023-04-11,58.45000076293945,58.65999984741211,57.81999969482422,58.45000076293945,5937113,49.139095306396484
2023-04-12,58.4900016784668,59.150001525878906,58.2599983215332,58.459999084472656,4181958,49.147499084472656
2023-04-13,58.33000183105469,58.84000015258789,58.130001068115234,58.22999954223633,4042541,48.954139709472656
2023-04-14,58.20000076293945,59.0,57.959999084472656,58.720001220703125,3749179,49.3660888671875
2023-04-17,59.0,59.560001373291016,58.72999954223633,58.72999954223633,4233906,49.37449264526367
2023-04-18,58.79999923706055,58.959999084472656,58.060001373291016,58.650001525878906,3879152,49.3072395324707
2023-04-19,58.43000030517578,58.54999923706055,57.61000061035156,58.06999969482422,3813440,48.81962585449219
2023-04-20,57.970001220703125,58.13999938964844,57.369998931884766,57.58000183105469,3803974,48.40768814086914
2023-04-21,57.66999816894531,58.060001373291016,57.220001220703125,57.70000076293945,4733765,48.50856399536133
2023-04-24,57.41999816894531,58.33000183105469,57.099998474121094,58.209999084472656,2989471,48.93732452392578
2023-04-25,58.310001373291016,58.31999969482422,57.34000015258789,57.650001525878906,3437018,48.466529846191406
2023-04-26,57.849998474121094,58.599998474121094,57.650001525878906,58.400001525878906,5519770,49.0970573425293
2023-04-27,57.369998931884766,58.27000045776367,56.7599983215332,56.869998931884766,4578032,47.8107795715332
2023-04-28,57.13999938964844,58.060001373291016,55.900001525878906,57.939998626708984,5601590,48.71033477783203
2023-05-02,57.58000183105469,57.93000030517578,55.0,55.0,6736518,46.238670349121094
2023-05-03,55.29999923706055,55.83000183105469,54.279998779296875,54.630001068115234,5737923,45.927608489990234
2023-05-04,54.939998626708984,55.7400016784668,54.16999816894531,54.65999984741211,5681202,45.95283126831055
2023-05-05,55.150001525878906,56.31999969482422,54.970001220703125,56.130001068115234,5654428,47.188663482666016
2023-05-08,56.279998779296875,56.86000061035156,55.97999954223633,56.20000076293945,2789782,47.247520446777344
2023-05-09,55.83000183105469,56.09000015258789,55.16999816894531,55.45000076293945,4808038,46.616981506347656
2023-05-10,55.63999938964844,56.36000061035156,55.27000045776367,55.59000015258789,4400114,46.734683990478516
2023-05-11,55.59000015258789,56.099998474121094,54.38999938964844,54.869998931884766,3480678,46.129371643066406
2023-05-12,54.79999923706055,55.91999816894531,54.72999954223633,55.7599983215332,5045585,46.87759780883789
2023-05-15,55.619998931884766,56.040000915527344,55.369998931884766,55.880001068115234,3081718,46.97848892211914
2023-05-16,55.70000076293945,55.95000076293945,55.040000915527344,55.13999938964844,3482245,46.35636901855469
2023-05-17,54.86000061035156,55.5,54.720001220703125,55.189998626708984,3626153,46.398399353027344
2023-05-18,55.61000061035156,56.220001220703125,55.56999969482422,55.689998626708984,3570231,46.818756103515625
2023-05-19,55.91999816894531,56.560001373291016,55.900001525878906,56.119998931884766,4284593,47.18025207519531
2023-05-22,55.68000030517578,56.16999816894531,55.560001373291016,55.91999816894531,2776246,47.012115478515625
2023-05-23,56.029998779296875,57.20000076293945,55.68000030517578,57.02000045776367,4171976,47.9368896484375
2023-05-24,57.0,57.369998931884766,56.220001220703125,56.86000061035156,4733500,47.80237579345703
2023-05-25,56.72999954223633,56.77000045776367,54.970001220703125,55.0,4285361,46.238670349121094
2023-05-26,55.599998474121094,55.810001373291016,54.75,55.7599983215332,3582070,46.87759780883789
2023-05-29,56.150001525878906,56.34000015258789,55.65999984741211,55.72999954223633,1854258,46.85237503051758
2023-05-30,55.720001220703125,55.72999954223633,53.81999969482422,53.81999969482422,5005853,45.24663543701172
2023-05-31,53.5099983215332,54.0,52.2599983215332,53.08000183105469,20748665,44.624515533447266
2023-06-01,53.0099983215332,54.08000183105469,52.86000061035156,53.790000915527344,3734990,45.2214241027832
2023-06-02,54.099998474121094,55.34000015258789,54.04999923706055,55.18000030517578,4788534,46.38999557495117
2023-06-05,55.939998626708984,56.060001373291016,54.70000076293945,54.849998474121094,3599391,46.11255645751953
2023-06-06,54.310001373291016,54.70000076293945,53.66999816894531,54.34000015258789,4122580,45.68380355834961
2023-06-07,54.400001525878906,55.0099983215332,53.810001373291016,54.790000915527344,3877214,46.06211471557617
2023-06-08,55.630001068115234,55.720001220703125,54.849998474121094,55.029998779296875,2721136,46.26388931274414
2023-06-09,55.099998474121094,55.2599983215332,54.459999084472656,54.95000076293945,3414257,46.19663619995117
2023-06-12,54.81999969482422,54.81999969482422,53.810001373291016,53.95000076293945,4603542,45.35593032836914
2023-06-13,53.900001525878906,54.720001220703125,53.720001220703125,54.15999984741211,4599884,45.5324821472168
2023-06-14,53.86000061035156,54.93000030517578,53.709999084472656,53.90999984741211,5283995,45.32229995727539
2023-06-15,53.880001068115234,54.119998931884766,53.41999816894531,53.75,4712235,45.18778610229492
2023-06-16,53.91999816894531,54.380001068115234,53.689998626708984,53.79999923706055,14221553,45.229820251464844
2023-06-19,53.66999816894531,54.47999954223633,53.63999938964844,53.810001373291016,3198357,45.23822784423828
2023-06-20,53.75,53.77000045776367,52.93000030517578,53.15999984741211,4843986,44.691776275634766
2023-06-21,52.7599983215332,53.900001525878906,52.709999084472656,53.849998474121094,5015479,45.91095733642578
2023-06-22,53.31999969482422,53.470001220703125,52.40999984741211,52.5099983215332,4549703,44.76850891113281
2023-06-23,52.369998931884766,52.88999938964844,51.91999816894531,52.04999923706055,4056035,44.37632369995117
2023-06-26,52.59000015258789,52.959999084472656,51.29999923706055,52.56999969482422,3915562,44.819664001464844
2023-06-27,53.220001220703125,53.2400016784668,51.56999969482422,52.0,3869258,44.33369064331055
2023-06-28,51.90999984741211,52.45000076293945,51.279998779296875,52.02000045776367,3652335,44.35074996948242
2023-06-29,52.040000915527344,52.47999954223633,51.90999984741211,51.93000030517578,2850371,44.27402114868164
2023-06-30,52.77000045776367,53.189998626708984,52.459999084472656,52.54999923706055,5980961,44.802608489990234
2023-07-03,52.95000076293945,54.0099983215332,52.86000061035156,53.5,3778611,45.61255645751953
2023-07-04,53.599998474121094,54.0099983215332,53.5099983215332,53.630001068115234,2222930,45.723384857177734
2023-07-05,53.4900016784668,53.720001220703125,52.63999938964844,52.70000076293945,4168681,44.93049621582031
2023-07-06,52.40999984741211,52.41999816894531,50.58000183105469,50.58000183105469,6645342,43.123050689697266
2023-07-07,50.93000030517578,51.380001068115234,50.56999969482422,51.099998474121094,3854940,43.56637954711914
2023-07-10,51.040000915527344,51.869998931884766,51.0,51.22999954223633,2929335,43.67721176147461
2023-07-11,51.20000076293945,52.060001373291016,51.150001525878906,51.9900016784668,2993897,44.325172424316406
2023-07-12,52.209999084472656,52.83000183105469,52.130001068115234,52.56999969482422,4116589,44.819664001464844
2023-07-13,52.65999984741211,53.209999084472656,52.560001373291016,52.63999938964844,4720779,44.87934112548828
2023-07-14,52.040000915527344,52.619998931884766,51.13999938964844,51.279998779296875,4619487,43.7198371887207
2023-07-17,51.04999923706055,51.90999984741211,50.90999984741211,50.959999084472656,3420502,43.447017669677734
2023-07-18,50.599998474121094,51.689998626708984,50.54999923706055,51.560001373291016,3194379,43.958560943603516
2023-07-19,51.54999923706055,52.540000915527344,51.279998779296875,52.31999969482422,3482010,44.60652160644531
2023-07-20,52.45000076293945,53.599998474121094,52.41999816894531,53.29999923706055,3966156,45.442039489746094
2023-07-21,53.88999938964844,54.08000183105469,53.56999969482422,53.9900016784668,3640287,46.03031539916992
2023-07-24,53.95000076293945,54.939998626708984,53.709999084472656,54.790000915527344,3507786,46.71237564086914
2023-07-25,55.0,55.220001220703125,54.119998931884766,54.34000015258789,2798807,46.32871627807617
2023-07-26,54.36000061035156,54.52000045776367,53.38999938964844,53.86000061035156,3848339,45.91947555541992
2023-07-27,53.79999923706055,54.59000015258789,53.5,54.31999969482422,4434934,46.3116569519043
2023-07-28,54.16999816894531,54.63999938964844,53.869998931884766,54.439998626708984,3948350,46.41396713256836
2023-07-31,54.5099983215332,55.470001220703125,54.33000183105469,55.2599983215332,4870605,47.11307907104492
2023-08-01,55.349998474121094,55.84000015258789,54.58000183105469,54.61000061035156,3157910,46.55891036987305
2023-08-02,54.47999954223633,54.86000061035156,53.060001373291016,53.11000061035156,4830711,45.280052185058594
2023-08-03,53.029998779296875,54.209999084472656,52.81999969482422,54.099998474121094,3961077,46.12409210205078
2023-08-04,54.38999938964844,55.650001525878906,54.20000076293945,55.56999969482422,4819429,47.377376556396484
2023-08-07,55.25,55.709999084472656,54.97999954223633,55.43000030517578,2908682,47.25801086425781
2023-08-08,55.099998474121094,55.31999969482422,53.869998931884766,55.15999984741211,4129912,47.02781677246094
2023-08-09,55.720001220703125,57.290000915527344,55.70000076293945,57.040000915527344,5811493,48.630653381347656
2023-08-10,57.58000183105469,58.11000061035156,57.529998779296875,57.81999969482422,5740615,49.295654296875
2023-08-11,57.38999938964844,57.459999084472656,56.540000915527344,57.16999816894531,3998433,48.74148941040039
2023-08-14,56.849998474121094,57.22999954223633,56.310001373291016,56.58000183105469,3282687,48.23847198486328
2023-08-15,56.77000045776367,56.880001068115234,55.939998626708984,56.099998474121094,2927307,47.82923126220703
2023-08-16,55.86000061035156,56.58000183105469,55.81999969482422,56.31999969482422,2958850,48.01679992675781
2023-08-17,56.060001373291016,56.90999984741211,55.9900016784668,56.7599983215332,3692613,48.391929626464844
2023-08-18,56.5,57.0099983215332,56.189998626708984,57.0099983215332,4022524,48.60506820678711
2023-08-21,57.400001525878906,58.310001373291016,57.349998474121094,57.59000015258789,4032124,49.099571228027344
2023-08-22,57.43000030517578,58.310001373291016,57.369998931884766,57.97999954223633,3192068,49.43206787109375
2023-08-23,58.0,58.0,56.459999084472656,56.970001220703125,4565278,48.57097625732422
2023-08-24,57.029998779296875,57.54999923706055,56.849998474121094,57.16999816894531,3675723,48.74148941040039
2023-08-25,57.349998474121094,57.88999938964844,57.290000915527344,57.31999969482422,3193362,48.8693733215332
2023-08-28,57.810001373291016,58.18000030517578,57.41999816894531,57.88999938964844,3013652,49.3553352355957
2023-08-29,57.86000061035156,58.2400016784668,57.810001373291016,57.86000061035156,3942878,49.32975387573242
2023-08-30,58.11000061035156,58.33000183105469,57.68000030517578,57.939998626708984,3306813,49.397972106933594
2023-08-31,58.099998474121094,58.5,57.849998474121094,58.06999969482422,15495463,49.50879669189453
2023-09-01,58.33000183105469,59.33000183105469,58.33000183105469,58.88999938964844,5079157,50.207908630371094
2023-09-04,59.09000015258789,59.33000183105469,58.52000045776367,58.720001220703125,2625890,50.06298065185547
2023-09-05,58.5,60.130001068115234,58.279998779296875,59.900001525878906,5901408,51.069007873535156
2023-09-06,59.619998931884766,59.9900016784668,59.25,59.5099983215332,3922557,50.73649978637695
2023-09-07,59.54999923706055,60.13999938964844,59.400001525878906,59.880001068115234,3647909,51.05195999145508
2023-09-08,59.900001525878906,60.470001220703125,59.5099983215332,60.380001068115234,3946074,51.478240966796875
2023-09-11,60.47999954223633,61.20000076293945,60.459999084472656,60.7400016784668,3958740,51.7851676940918
2023-09-12,60.470001220703125,61.369998931884766,60.36000061035156,61.290000915527344,4172597,52.25408172607422
2023-09-13,61.29999923706055,61.83000183105469,60.970001220703125,61.22999954223633,4838628,52.20292663574219
2023-09-14,61.439998626708984,62.380001068115234,61.22999954223633,62.279998779296875,6027529,53.098121643066406
2023-09-15,62.5,63.040000915527344,62.04999923706055,62.369998931884766,11416102,53.17485427856445
2023-09-18,62.279998779296875,62.56999969482422,61.790000915527344,61.9900016784668,2920791,52.85088348388672
2023-09-19,62.31999969482422,63.25,62.27000045776367,63.040000915527344,5182126,53.7460823059082
2023-09-20,62.16999816894531,62.70000076293945,61.470001220703125,62.290000915527344,5849513,53.737457275390625
2023-09-21,61.81999969482422,62.689998626708984,61.36000061035156,61.880001068115234,4339849,53.383750915527344
2023-09-22,61.70000076293945,62.11000061035156,61.209999084472656,61.90999984741211,3664079,53.40962600708008
2023-09-25,61.84000015258789,62.56999969482422,61.619998931884766,62.130001068115234,3846288,53.599422454833984
2023-09-26,62.0,62.040000915527344,61.13999938964844,61.90999984741211,3829260,53.40962600708008
2023-09-27,62.0,62.95000076293945,61.86000061035156,62.93000030517578,4817734,54.289581298828125
2023-09-28,63.459999084472656,64.55000305175781,63.41999816894531,63.619998931884766,5291582,54.88484191894531
2023-09-29,63.290000915527344,63.470001220703125,62.04999923706055,62.310001373291016,5302832,53.75470733642578
2023-10-02,62.31999969482422,63.08000183105469,61.31999969482422,61.54999923706055,3757875,53.099056243896484
2023-10-03,61.5,62.0099983215332,60.93000030517578,61.279998779296875,4937929,52.866127014160156
2023-10-04,61.36000061035156,61.470001220703125,59.59000015258789,60.09000015258789,4791244,51.83951950073242
2023-10-05,59.720001220703125,60.119998931884766,59.06999969482422,59.77000045776367,4347964,51.563453674316406
2023-10-06,60.060001373291016,60.65999984741211,59.43000030517578,60.34000015258789,4534468,52.05519485473633
2023-10-09,61.2400016784668,62.20000076293945,60.72999954223633,61.38999938964844,5031105,52.961021423339844
2023-10-10,61.59000015258789,61.88999938964844,60.650001525878906,61.88999938964844,4160122,53.39237976074219
2023-10-11,62.0,62.88999938964844,61.650001525878906,61.689998626708984,4900536,53.2198371887207
2023-10-12,61.9900016784668,62.619998931884766,61.90999984741211,62.16999816894531,3502737,53.633934020996094
2023-10-13,62.439998626708984,63.61000061035156,62.439998626708984,63.16999816894531,4813149,54.49662780761719
2023-10-16,63.5099983215332,63.88999938964844,62.939998626708984,63.060001373291016,3263358,54.401737213134766
2023-10-17,62.869998931884766,63.560001373291016,62.709999084472656,63.18000030517578,3025021,54.505252838134766
2023-10-18,63.61000061035156,64.16999816894531,63.400001525878906,63.779998779296875,3976524,55.02287292480469
2023-10-19,63.59000015258789,63.97999954223633,62.33000183105469,63.33000183105469,4004637,54.63466262817383
2023-10-20,63.68000030517578,63.970001220703125,62.52000045776367,62.56999969482422,5307933,53.97901153564453
2023-10-23,62.099998474121094,62.7400016784668,61.95000076293945,62.29999923706055,3450318,53.7460823059082
2023-10-24,61.810001373291016,62.90999984741211,61.79999923706055,62.029998779296875,3034036,53.51315689086914
2023-10-25,61.470001220703125,62.310001373291016,61.380001068115234,62.20000076293945,3233178,53.659812927246094
2023-10-26,61.33000183105469,62.75,61.33000183105469,62.47999954223633,4339376,53.9013671875
2023-10-27,63.599998474121094,64.2699966430664,62.83000183105469,63.0,5486583,54.349971771240234
2023-10-30,63.0,63.790000915527344,62.66999816894531,62.9900016784668,3524500,54.34135055541992
2023-10-31,62.970001220703125,63.45000076293945,62.380001068115234,63.20000076293945,4603192,54.522518157958984
2023-11-01,63.15999984741211,64.23999786376953,63.0099983215332,63.630001068115234,3545953,54.893470764160156
2023-11-02,63.97999954223633,64.63999938964844,63.029998779296875,64.58999633789062,4449462,55.721649169921875
2023-11-03,64.72000122070312,64.80000305175781,61.689998626708984,62.33000183105469,5702375,53.77196502685547
2023-11-06,62.060001373291016,62.97999954223633,62.060001373291016,62.65999984741211,2997232,54.0566520690918
2023-11-07,62.11000061035156,62.29999923706055,61.2400016784668,61.2400016784668,3820985,52.83161926269531
2023-11-08,61.060001373291016,61.61000061035156,60.72999954223633,60.779998779296875,4155905,52.434783935546875
2023-11-09,60.5,61.36000061035156,60.27000045776367,61.36000061035156,4280731,52.93514633178711
2023-11-10,61.52000045776367,62.58000183105469,61.47999954223633,62.040000915527344,4340517,53.52178192138672
2023-11-13,62.09000015258789,62.90999984741211,62.060001373291016,62.790000915527344,3205876,54.16880416870117
2023-11-14,63.0,63.279998779296875,62.13999938964844,62.540000915527344,4106459,53.953128814697266
2023-11-15,62.380001068115234,62.75,62.04999923706055,62.61000061035156,3698059,54.01351547241211
2023-11-16,62.58000183105469,62.689998626708984,60.849998474121094,60.959999084472656,4534470,52.59006881713867
2023-11-17,61.45000076293945,62.13999938964844,61.13999938964844,61.810001373291016,4899574,53.32335662841797
2023-11-20,62.09000015258789,63.119998931884766,61.9900016784668,63.0,3995526,54.349971771240234
2023-11-21,62.689998626708984,63.31999969482422,62.5099983215332,62.95000076293945,2942580,54.30683898925781
2023-11-22,63.290000915527344,63.5,61.11000061035156,61.849998474121094,4483162,53.35786437988281
2023-11-23,62.41999816894531,62.97999954223633,62.33000183105469,62.810001373291016,2706809,54.186058044433594
2023-11-24,62.709999084472656,63.56999969482422,62.709999084472656,63.13999938964844,3073543,54.47074890136719
2023-11-27,62.619998931884766,63.470001220703125,62.47999954223633,62.86000061035156,3354541,54.229190826416016
2023-11-28,62.7400016784668,63.470001220703125,62.70000076293945,63.189998626708984,3167871,54.51388168334961
2023-11-29,62.209999084472656,62.7599983215332,61.560001373291016,61.68000030517578,3898942,53.211212158203125
2023-11-30,61.86000061035156,63.54999923706055,61.86000061035156,62.2599983215332,12263058,53.71157455444336
2023-12-01,62.709999084472656,62.79999923706055,62.04999923706055,62.36000061035156,2970446,53.79784393310547
2023-12-04,61.45000076293945,61.79999923706055,60.790000915527344,61.38999938964844,4802465,52.961021423339844
2023-12-05,61.13999938964844,62.029998779296875,61.099998474121094,61.369998931884766,4240825,52.94377517700195
2023-12-06,61.209999084472656,61.70000076293945,60.630001068115234,60.650001525878906,4298435,52.3226318359375
2023-12-07,60.59000015258789,60.970001220703125,60.40999984741211,60.66999816894531,3742989,52.339881896972656
2023-12-08,60.869998931884766,61.97999954223633,60.869998931884766,61.900001525878906,3668041,53.4010009765625
2023-12-11,62.0,62.34000015258789,61.47999954223633,61.970001220703125,3493872,53.461395263671875
2023-12-12,61.900001525878906,62.59000015258789,61.27000045776367,61.310001373291016,4042135,52.89200973510742
2023-12-13,61.400001525878906,61.720001220703125,61.029998779296875,61.36000061035156,5328497,52.93514633178711
2023-12-14,61.43000030517578,61.70000076293945,60.90999984741211,61.40999984741211,5278495,52.97827911376953
2023-12-15,61.900001525878906,62.9900016784668,61.439998626708984,61.630001068115234,11877782,53.16807556152344
2023-12-18,61.599998474121094,62.790000915527344,61.599998474121094,62.349998474121094,3931620,53.78921890258789
2023-12-19,61.83000183105469,62.220001220703125,61.63999938964844,61.9900016784668,3651206,53.47864532470703
2023-12-20,62.11000061035156,62.93000030517578,62.0,62.150001525878906,3566464,53.61668014526367
2023-12-21,62.0,62.43000030517578,61.34000015258789,62.0,2710158,53.487281799316406
2023-12-22,62.25,62.849998474121094,62.22999954223633,62.29999923706055,2558139,53.7460823059082
2023-12-27,62.58000183105469,62.86000061035156,62.349998474121094,62.470001220703125,2788341,53.89273452758789
2023-12-28,62.27000045776367,62.5,61.310001373291016,61.40999984741211,3359184,52.97827911376953
2023-12-29,61.25,61.93000030517578,61.15999984741211,61.599998474121094,2199645,53.14219665527344
2024-01-02,61.849998474121094,62.310001373291016,61.63999938964844,61.9900016784668,4444831,54.1288948059082
2024-01-03,61.90999984741211,62.06999969482422,61.27000045776367,61.7400016784668,3492054,53.91059494018555
2024-01-04,62.18000030517578,63.0,62.04999923706055,62.47999954223633,3956219,54.556758880615234
2024-01-05,62.220001220703125,62.70000076293945,61.91999816894531,62.5,2376845,54.574222564697266
2024-01-08,62.0,62.04999923706055,60.54999923706055,60.54999923706055,3900649,52.87150573730469
2024-01-09,60.849998474121094,61.16999816894531,60.119998931884766,60.119998931884766,3053098,52.496036529541016
2024-01-10,60.0,60.29999923706055,59.70000076293945,59.77000045776367,2757095,52.1904182434082
2024-01-11,59.709999084472656,60.18000030517578,59.36000061035156,59.47999954223633,4264632,51.93719482421875
2024-01-12,60.25,60.84000015258789,60.09000015258789,60.13999938964844,3034026,52.51350021362305
2024-01-15,60.130001068115234,60.27000045776367,59.65999984741211,59.939998626708984,2068080,52.3388557434082
2024-01-16,59.5,60.09000015258789,59.220001220703125,59.58000183105469,3483825,52.024513244628906
2024-01-17,58.72999954223633,58.75,57.77000045776367,58.2599983215332,4637885,50.871910095214844
2024-01-18,58.06999969482422,58.56999969482422,57.91999816894531,58.5099983215332,3715641,51.0901985168457
2024-01-19,58.95000076293945,59.220001220703125,58.27000045776367,58.279998779296875,3426875,50.889366149902344
2024-01-22,58.380001068115234,58.7599983215332,57.45000076293945,57.75,4019036,50.426578521728516
2024-01-23,58.310001373291016,58.470001220703125,57.7599983215332,58.119998931884766,3795632,50.749656677246094
2024-01-24,58.13999938964844,59.0099983215332,57.90999984741211,58.86000061035156,4325754,51.395816802978516
2024-01-25,59.189998626708984,59.65999984741211,58.709999084472656,58.939998626708984,3108343,51.465667724609375
2024-01-26,59.77000045776367,60.279998779296875,59.52000045776367,59.619998931884766,3519412,52.05944061279297
2024-01-29,60.65999984741211,61.130001068115234,59.939998626708984,60.209999084472656,3413933,52.57461929321289
2024-01-30,60.099998474121094,60.59000015258789,59.97999954223633,60.43000030517578,2824518,52.766719818115234
2024-01-31,61.0,61.060001373291016,60.099998474121094,60.099998474121094,5020356,52.47856903076172
2024-02-01,60.810001373291016,61.0,60.130001068115234,60.58000183105469,3477664,52.897701263427734
2024-02-02,60.31999969482422,60.43000030517578,59.54999923706055,59.79999923706055,3260710,52.216609954833984
2024-02-05,59.599998474121094,59.779998779296875,58.880001068115234,59.220001220703125,3591602,51.71015930175781
2024-02-06,60.06999969482422,60.70000076293945,59.970001220703125,60.29999923706055,4251414,52.6531982421875
2024-02-07,58.5,59.970001220703125,58.16999816894531,58.38999938964844,5782026,50.985416412353516
2024-02-08,58.29999923706055,59.29999923706055,57.59000015258789,59.18000030517578,3394759,51.675235748291016
2024-02-09,59.41999816894531,59.900001525878906,59.27000045776367,59.720001220703125,3136947,52.14676284790039
2024-02-12,59.75,60.09000015258789,59.459999084472656,59.81999969482422,3055670,52.234073638916016
2024-02-13,59.970001220703125,60.90999984741211,59.56999969482422,60.29999923706055,3140127,52.6531982421875
2024-02-14,60.43000030517578,60.689998626708984,60.060001373291016,60.41999816894531,2957326,52.757991790771484
2024-02-15,59.75,60.2400016784668,58.66999816894531,59.75,5495770,52.172950744628906
2024-02-16,60.310001373291016,60.41999816894531,59.560001373291016,59.88999938964844,4848959,52.295196533203125
2024-02-19,60.08000183105469,60.2400016784668,59.47999954223633,59.689998626708984,2312753,52.12055587768555
2024-02-20,59.459999084472656,59.65999984741211,58.58000183105469,58.599998474121094,3442884,51.168785095214844
2024-02-21,58.5,59.130001068115234,58.31999969482422,58.91999816894531,3222466,51.448204040527344
2024-02-22,59.220001220703125,59.7599983215332,58.779998779296875,59.130001068115234,3543583,51.63157653808594
2024-02-23,59.11000061035156,59.720001220703125,58.93000030517578,59.65999984741211,3264682,52.0943603515625
2024-02-26,59.18000030517578,59.27000045776367,58.56999969482422,59.189998626708984,2855778,51.6839714050293
2024-02-27,59.08000183105469,59.88999938964844,59.04999923706055,59.5,2365829,51.954654693603516
2024-02-28,59.439998626708984,59.66999816894531,59.08000183105469,59.400001525878906,2786832,51.867340087890625
2024-02-29,59.13999938964844,59.61000061035156,58.9900016784668,58.9900016784668,14240651,51.50932693481445
2024-03-01,59.220001220703125,59.84000015258789,59.13999938964844,59.79999923706055,3010134,52.216609954833984
2024-03-04,59.4900016784668,60.040000915527344,59.22999954223633,59.38999938964844,2741093,51.858604431152344
2024-03-05,59.04999923706055,59.290000915527344,58.709999084472656,59.15999984741211,3098188,51.657772064208984
2024-03-06,59.2599983215332,60.25,59.18000030517578,59.97999954223633,3491791,52.37378692626953
2024-03-07,59.68000030517578,60.209999084472656,59.529998779296875,59.91999816894531,3151539,52.32139587402344
2024-03-08,60.209999084472656,60.72999954223633,60.040000915527344,60.04999923706055,3278520,52.434906005859375
2024-03-11,59.869998931884766,60.290000915527344,59.77000045776367,60.130001068115234,2712053,52.504764556884766
2024-03-12,60.619998931884766,60.900001525878906,60.310001373291016,60.66999816894531,3505196,52.976287841796875
2024-03-13,60.689998626708984,61.869998931884766,60.529998779296875,61.7400016784668,4217299,53.91059494018555
2024-03-14,61.90999984741211,62.75,61.7599983215332,62.709999084472656,6905212,54.75758743286133
2024-03-15,62.72999954223633,63.41999816894531,62.47999954223633,62.47999954223633,14595607,54.556758880615234
2024-03-18,62.47999954223633,63.0,62.369998931884766,62.630001068115234,3014932,54.687740325927734
2024-03-19,62.9900016784668,64.41999816894531,62.810001373291016,64.30000305175781,4728370,56.145957946777344
2024-03-20,63.349998474121094,63.56999969482422,62.959999084472656,63.20000076293945,4243839,55.82795333862305
2024-03-21,63.5,63.77000045776367,62.77000045776367,62.91999816894531,3750719,55.58060836791992
2024-03-22,62.70000076293945,63.2400016784668,62.5099983215332,62.849998474121094,2400377,55.518775939941406
2024-03-25,62.75,63.380001068115234,62.720001220703125,63.22999954223633,2815602,55.85445022583008
2024-03-26,63.0,63.47999954223633,62.7599983215332,62.97999954223633,2681684,55.63361358642578
2024-03-27,62.599998474121094,63.459999084472656,62.290000915527344,63.040000915527344,2687714,55.686614990234375
2024-03-28,63.38999938964844,63.65999984741211,63.18000030517578,63.470001220703125,3452878,56.06645584106445
2024-04-02,64.19999694824219,66.05999755859375,64.19999694824219,65.95999908447266,6167933,58.26599884033203
2024-04-03,66.29000091552734,66.76000213623047,65.9800033569336,66.66000366210938,3604306,58.88434982299805
2024-04-04,66.56999969482422,67.19000244140625,66.5,67.05000305175781,3487338,59.228858947753906
2024-04-05,67.19000244140625,67.37999725341797,66.73999786376953,66.80000305175781,3537494,59.008018493652344
2024-04-08,66.7300033569336,68.11000061035156,66.68000030517578,67.93000030517578,3533695,60.006202697753906
2024-04-09,67.7300033569336,68.08999633789062,67.18000030517578,67.4000015258789,3013797,59.538028717041016
2024-04-10,67.86000061035156,68.30000305175781,67.30000305175781,68.08000183105469,3069874,60.13870620727539
2024-04-11,68.4000015258789,69.0999984741211,67.51000213623047,67.69999694824219,3406929,59.80303192138672
2024-04-12,68.55000305175781,69.31999969482422,68.4800033569336,69.08999633789062,3391229,61.03089904785156
2024-04-15,68.9000015258789,69.1500015258789,68.16000366210938,68.29000091552734,3609707,60.32421875
2024-04-16,67.41999816894531,67.7300033569336,65.4000015258789,67.25,3252933,59.40552520751953
2024-04-17,67.22000122070312,68.01000213623047,67.20999908447266,67.66000366210938,2967935,59.7677001953125
2024-04-18,67.2699966430664,67.6500015258789,66.75,67.41999816894531,3721241,59.555694580078125
2024-04-19,66.9800033569336,67.54000091552734,66.18000030517578,67.27999877929688,4151819,59.43203353881836
2024-04-22,67.55000305175781,68.05000305175781,67.25,67.9000015258789,2603386,59.97971725463867
2024-04-23,68.0,68.48999786376953,67.62000274658203,67.91000366210938,2651398,59.988548278808594
2024-04-24,68.48999786376953,68.69999694824219,67.63999938964844,67.91000366210938,2559602,59.988548278808594
2024-04-25,67.80999755859375,68.18000030517578,67.44000244140625,68.05999755859375,2708031,60.12105178833008
2024-04-26,67.87999725341797,70.11000061035156,67.79000091552734,69.4800033569336,4902657,61.37541580200195
2024-04-29,69.06999969482422,69.75,68.87999725341797,69.25,3282811,61.1722412109375
2024-04-30,69.68000030517578,69.8499984741211,68.58000183105469,68.58999633789062,3628541,60.5892219543457
2024-05-02,67.73999786376953,67.93000030517578,66.26000213623047,66.8499984741211,4081964,59.05218505859375
2024-05-03,66.8499984741211,67.16000366210938,65.98999786376953,66.36000061035156,2803917,58.61933517456055
2024-05-06,66.93000030517578,67.48999786376953,66.72000122070312,67.26000213623047,1730316,59.414363861083984
2024-05-07,67.19000244140625,67.48999786376953,66.91999816894531,67.06999969482422,2163667,59.246517181396484
2024-05-08,66.9800033569336,67.30999755859375,66.62000274658203,67.2300033569336,2516216,59.38786315917969
2024-05-09,67.41000366210938,68.43000030517578,67.41000366210938,68.3499984741211,2421906,60.37721252441406
2024-05-10,68.66999816894531,69.19999694824219,68.56999969482422,68.68000030517578,3111904,60.66872787475586
2024-05-13,68.61000061035156,68.91999816894531,68.33000183105469,68.75,1627993,60.730560302734375
2024-05-14,68.75,69.02999877929688,68.23999786376953,68.31999969482422,1723131,60.3507194519043
2024-05-15,68.75,68.91999816894531,67.0999984741211,67.47000122070312,2714425,59.59987258911133
2024-05-16,67.55999755859375,67.7300033569336,66.12999725341797,66.45999908447266,3434553,58.70768356323242
2024-05-17,66.61000061035156,67.36000061035156,66.55000305175781,66.94999694824219,3520169,59.140525817871094
2024-05-20,67.38999938964844,67.94999694824219,67.0,67.0,2152355,59.184688568115234
2024-05-21,66.80000305175781,66.97000122070312,66.08000183105469,66.4000015258789,2660592,58.6546745300293
2024-05-22,65.9000015258789,65.93000030517578,65.12999725341797,65.16999816894531,3025648,57.56814956665039
2024-05-23,65.20999908447266,66.04000091552734,65.16000366210938,65.69999694824219,2051948,58.03633117675781
2024-05-24,65.4800033569336,66.08999633789062,65.12999725341797,65.98999786376953,2351491,58.292503356933594
2024-05-27,66.0199966430664,66.51000213623047,65.87999725341797,66.4000015258789,1545713,58.6546745300293
2024-05-28,66.72000122070312,66.94999694824219,66.02999877929688,66.13999938964844,1878177,58.42500305175781
2024-05-29,66.3499984741211,66.94000244140625,65.56999969482422,65.62999725341797,3239603,57.974491119384766
2024-05-30,65.43000030517578,65.58000183105469,64.87000274658203,65.30999755859375,3499796,57.69181823730469
2024-05-31,65.62000274658203,67.01000213623047,65.5999984741211,67.01000213623047,9410554,59.193519592285156
2024-06-03,67.4000015258789,67.76000213623047,65.83999633789062,65.91999816894531,2959073,58.23066711425781
2024-06-04,64.87000274658203,65.11000061035156,63.88999938964844,64.33000183105469,4535748,56.826141357421875
2024-06-05,64.69999694824219,65.47000122070312,64.29000091552734,64.72000122070312,2946877,57.170650482177734
2024-06-06,64.88999938964844,64.97000122070312,64.31999969482422,64.97000122070312,2705044,57.39148712158203
2024-06-07,64.93000030517578,65.3499984741211,64.62999725341797,64.94000244140625,3178823,57.36498260498047
2024-06-10,64.3499984741211,65.20999908447266,63.880001068115234,65.20999908447266,3702340,57.603485107421875
2024-06-11,65.29000091552734,65.76000213623047,63.959999084472656,64.0999984741211,3744259,56.62295913696289
2024-06-12,64.0999984741211,64.5999984741211,63.70000076293945,63.939998626708984,3028206,56.481624603271484
2024-06-13,63.849998474121094,64.05000305175781,62.22999954223633,62.310001373291016,4992598,55.04176712036133
2024-06-14,62.38999938964844,62.630001068115234,60.849998474121094,61.41999816894531,6707644,54.255577087402344
2024-06-17,61.22999954223633,62.290000915527344,61.209999084472656,62.0,3550252,54.76792907714844
2024-06-18,62.040000915527344,63.040000915527344,61.689998626708984,62.86000061035156,3657541,55.52760696411133
2024-06-19,62.27000045776367,62.63999938964844,61.7400016784668,61.779998779296875,3879374,55.26817321777344
2024-06-20,61.86000061035156,62.689998626708984,61.540000915527344,62.310001373291016,4946318,55.7423095703125
2024-06-21,62.0,62.290000915527344,61.40999984741211,61.77000045776367,7655355,55.25923156738281
2024-06-24,61.43000030517578,62.630001068115234,61.38999938964844,62.5099983215332,2740180,55.921226501464844
2024-06-25,62.91999816894531,63.369998931884766,62.630001068115234,62.880001068115234,2926768,56.252235412597656
2024-06-26,63.220001220703125,63.369998931884766,61.880001068115234,62.040000915527344,3708769,55.50077438354492
2024-06-27,62.119998931884766,62.36000061035156,61.880001068115234,62.040000915527344,2275177,55.50077438354492
2024-06-28,62.75,62.91999816894531,61.959999084472656,62.33000183105469,3842392,55.76020431518555
2024-07-01,63.400001525878906,64.4000015258789,63.189998626708984,63.61000061035156,3968464,56.9052848815918
2024-07-02,64.0,64.43000030517578,63.2400016784668,64.01000213623047,3568058,57.26312255859375
2024-07-03,64.05999755859375,64.93000030517578,64.04000091552734,64.83000183105469,3733317,57.99669647216797
2024-07-04,64.91999816894531,65.79000091552734,64.80999755859375,65.79000091552734,2692925,58.85551071166992
2024-07-05,65.6500015258789,65.87999725341797,64.95999908447266,65.36000061035156,3001682,58.4708366394043
2024-07-08,64.81999969482422,65.41999816894531,64.63999938964844,64.68000030517578,2731401,57.86250686645508
2024-07-09,64.16000366210938,64.20999908447266,62.91999816894531,63.220001220703125,3564862,56.556396484375
2024-07-10,63.0,63.45000076293945,62.79999923706055,63.040000915527344,3029126,56.39537048339844
2024-07-11,63.060001373291016,63.349998474121094,62.470001220703125,62.81999969482422,3134492,56.19855499267578
2024-07-12,63.529998779296875,63.939998626708984,63.220001220703125,63.5,3135787,56.806880950927734
2024-07-15,63.470001220703125,63.70000076293945,62.939998626708984,63.279998779296875,3073244,56.61007308959961
2024-07-16,63.20000076293945,63.20000076293945,62.06999969482422,62.29999923706055,2557447,55.73336410522461
2024-07-17,62.29999923706055,63.279998779296875,62.27000045776367,62.83000183105469,2858921,56.2075080871582
2024-07-18,63.09000015258789,63.97999954223633,63.060001373291016,63.79999923706055,3422747,57.075252532958984
2024-07-19,63.5,63.65999984741211,62.560001373291016,62.72999954223633,4161797,56.11803436279297
2024-07-22,62.939998626708984,63.310001373291016,62.540000915527344,63.13999938964844,2462653,56.484825134277344
2024-07-23,62.83000183105469,63.130001068115234,62.060001373291016,62.130001068115234,2672344,55.5812873840332
2024-07-24,61.88999938964844,62.540000915527344,61.470001220703125,62.459999084472656,2478368,55.876495361328125
2024-07-25,61.41999816894531,62.11000061035156,60.52000045776367,61.970001220703125,2587208,55.43815231323242
2024-07-26,62.689998626708984,62.939998626708984,61.97999954223633,62.130001068115234,2587272,55.5812873840332
2024-07-29,62.790000915527344,63.08000183105469,61.52000045776367,61.7400016784668,1951085,55.23239517211914
2024-07-30,62.189998626708984,62.45000076293945,61.7599983215332,62.08000183105469,2382486,55.536556243896484
2024-07-31,62.59000015258789,63.20000076293945,62.33000183105469,62.47999954223633,4072989,55.8943977355957
2024-08-01,62.31999969482422,62.88999938964844,61.65999984741211,61.90999984741211,3223324,55.38447189331055
2024-08-02,61.29999923706055,62.209999084472656,61.060001373291016,61.13999938964844,4188934,54.69563293457031
2024-08-05,59.52000045776367,59.7400016784668,57.9900016784668,59.5,5144823,53.22848892211914
2024-08-06,59.93000030517578,59.959999084472656,58.31999969482422,59.22999954223633,3930534,52.9869499206543
2024-08-07,59.349998474121094,61.31999969482422,59.33000183105469,60.91999816894531,4208443,54.49882125854492
2024-08-08,60.75,61.119998931884766,60.290000915527344,60.90999984741211,2571282,54.48987579345703
2024-08-09,61.290000915527344,61.599998474121094,60.880001068115234,61.349998474121094,1895672,54.88349914550781
2024-08-12,61.65999984741211,61.9900016784668,61.380001068115234,61.720001220703125,2429529,55.21450424194336
2024-08-13,61.939998626708984,62.040000915527344,61.029998779296875,61.34000015258789,2281396,54.87455749511719
2024-08-14,61.58000183105469,61.79999923706055,61.0099983215332,61.459999084472656,2127767,54.98190689086914
2024-08-15,61.880001068115234,62.59000015258789,61.61000061035156,62.47999954223633,2235687,55.8943977355957
2024-08-16,62.43000030517578,62.66999816894531,61.93000030517578,62.33000183105469,3093759,55.76020431518555
2024-08-19,62.290000915527344,63.11000061035156,62.13999938964844,62.91999816894531,2036242,56.28801727294922
2024-08-20,62.5,62.68000030517578,61.970001220703125,61.970001220703125,2187536,55.43815231323242
2024-08-21,61.9900016784668,62.25,61.720001220703125,62.130001068115234,1811404,55.5812873840332
2024-08-22,61.5099983215332,61.9900016784668,61.47999954223633,61.619998931884766,2050324,55.12504577636719
2024-08-23,61.9900016784668,62.2400016784668,61.91999816894531,62.15999984741211,2355294,55.608123779296875
2024-08-26,62.36000061035156,63.130001068115234,62.150001525878906,62.86000061035156,2112563,56.234336853027344
2024-08-27,63.279998779296875,63.439998626708984,62.709999084472656,62.720001220703125,1876471,56.109092712402344
2024-08-28,62.77000045776367,62.90999984741211,62.279998779296875,62.40999984741211,2202823,55.8317756652832
2024-08-29,62.150001525878906,62.7400016784668,61.869998931884766,62.709999084472656,2226817,56.10015106201172
2024-08-30,62.86000061035156,63.40999984741211,62.06999969482422,62.189998626708984,4432349,55.634952545166016
2024-09-02,62.15999984741211,62.59000015258789,61.970001220703125,62.47999954223633,1391271,55.8943977355957
2024-09-03,62.40999984741211,62.650001525878906,60.459999084472656,60.5099983215332,3566724,54.13203811645508
2024-09-04,60.38999938964844,61.02000045776367,59.90999984741211,60.16999816894531,3561212,53.8278694152832
2024-09-05,60.16999816894531,60.9900016784668,60.13999938964844,60.560001373291016,3766255,54.1767692565918
2024-09-06,60.099998474121094,60.650001525878906,59.720001220703125,59.86000061035156,4014800,53.55055236816406
2024-09-09,60.290000915527344,61.06999969482422,60.220001220703125,60.959999084472656,3953410,54.534610748291016
2024-09-10,60.79999923706055,61.209999084472656,59.47999954223633,59.869998931884766,3670909,53.55949401855469
2024-09-11,59.90999984741211,60.459999084472656,59.63999938964844,60.189998626708984,3497158,53.845767974853516
2024-09-12,60.72999954223633,61.150001525878906,60.29999923706055,60.90999984741211,3350991,54.48987579345703
2024-09-13,60.970001220703125,61.400001525878906,60.88999938964844,61.06999969482422,2596972,54.63301467895508
2024-09-16,60.709999084472656,61.290000915527344,60.68000030517578,61.220001220703125,2240585,54.76720428466797
2024-09-17,61.380001068115234,61.7400016784668,61.2599983215332,61.400001525878906,3261846,54.92823028564453
2024-09-18,61.58000183105469,61.650001525878906,61.040000915527344,61.22999954223633,2815423,54.776145935058594
2024-09-19,62.0099983215332,62.7599983215332,61.91999816894531,62.650001525878906,3887980,56.04647445678711
2024-09-20,62.130001068115234,62.58000183105469,61.7400016784668,61.9900016784668,7466641,55.4560432434082
2024-09-23,62.58000183105469,62.810001373291016,61.849998474121094,62.119998931884766,3232740,55.57234191894531
2024-09-24,62.4900016784668,63.16999816894531,62.439998626708984,62.70000076293945,3726537,56.09120559692383
2024-09-25,61.13999938964844,61.560001373291016,60.36000061035156,60.709999084472656,5128839,55.003990173339844
2024-09-26,59.310001373291016,59.56999969482422,58.25,59.29999923706055,7503258,53.72651672363281
2024-09-27,58.83000183105469,59.619998931884766,58.83000183105469,59.150001525878906,4691916,53.59061050415039
2024-09-30,59.61000061035156,59.63999938964844,58.209999084472656,58.5,5762846,53.001705169677734
2024-10-01,58.09000015258789,59.52000045776367,57.83000183105469,59.310001373291016,4963687,53.73557662963867
2024-10-02,60.18000030517578,61.470001220703125,60.16999816894531,60.63999938964844,5178446,54.94056701660156
2024-10-03,61.20000076293945,61.77000045776367,60.97999954223633,61.52000045776367,3953389,55.737857818603516
2024-10-04,61.970001220703125,63.040000915527344,61.599998474121094,62.650001525878906,4538190,56.761653900146484
2024-10-07,62.79999923706055,63.47999954223633,62.369998931884766,63.279998779296875,3710863,57.33244323730469
2024-10-08,63.02000045776367,63.2400016784668,61.91999816894531,62.08000183105469,3138382,56.2452278137207
2024-10-09,61.630001068115234,62.119998931884766,61.540000915527344,61.97999954223633,2584475,56.154624938964844
2024-10-10,62.22999954223633,62.689998626708984,62.0099983215332,62.40999984741211,3050825,56.54421615600586
2024-10-11,62.439998626708984,62.630001068115234,62.060001373291016,62.369998931884766,2518382,56.50796890258789
2024-10-14,62.220001220703125,62.77000045776367,62.15999984741211,62.4900016784668,2279185,56.616695404052734
2024-10-15,60.560001373291016,60.560001373291016,59.25,59.4900016784668,7458044,53.89866256713867
2024-10-16,59.810001373291016,60.459999084472656,59.40999984741211,59.40999984741211,4297202,53.82617950439453
2024-10-17,59.459999084472656,60.31999969482422,59.43000030517578,59.779998779296875,3102289,54.16139602661133
2024-10-18,59.810001373291016,60.4900016784668,59.540000915527344,59.65999984741211,3161920,54.052677154541016
2024-10-21,59.5,60.38999938964844,59.5,59.939998626708984,2818310,54.306358337402344
2024-10-22,59.95000076293945,60.380001068115234,59.68000030517578,60.25,2594467,54.587223052978516
2024-10-23,59.97999954223633,60.439998626708984,59.810001373291016,60.0099983215332,2983862,54.369781494140625
2024-10-24,60.31999969482422,60.9900016784668,59.880001068115234,60.08000183105469,2676298,54.43320846557617
2024-10-25,59.86000061035156,60.459999084472656,59.75,60.27000045776367,2461132,54.605350494384766
2024-10-28,59.68000030517578,59.72999954223633,58.7400016784668,59.72999954223633,3820320,54.1161003112793
2024-10-29,60.0,60.41999816894531,59.36000061035156,59.400001525878906,3257456,53.81711959838867
2024-10-30,59.0,59.56999969482422,58.93000030517578,59.13999938964844,3561327,53.58155059814453
2024-10-31,58.099998474121094,58.380001068115234,57.16999816894531,57.400001525878906,6129258,52.005088806152344
2024-11-01,57.529998779296875,58.70000076293945,57.529998779296875,57.900001525878906,3746239,52.458099365234375
2024-11-04,58.0,58.439998626708984,57.90999984741211,58.08000183105469,2756060,52.62118148803711
2024-11-05,58.0,58.369998931884766,57.7599983215332,58.290000915527344,2835429,52.811439514160156
2024-11-06,58.11000061035156,58.86000061035156,56.93000030517578,57.56999969482422,5487030,52.15911102294922
2024-11-07,57.790000915527344,58.18000030517578,57.7400016784668,57.7400016784668,3786884,52.31313705444336
2024-11-08,57.869998931884766,57.959999084472656,56.77000045776367,56.84000015258789,3327420,51.49772262573242
2024-11-11,57.150001525878906,57.459999084472656,57.040000915527344,57.15999984741211,3669304,51.78765106201172
2024-11-12,57.029998779296875,57.04999923706055,55.439998626708984,55.720001220703125,5104044,50.48299026489258
2024-11-13,55.90999984741211,56.27000045776367,55.189998626708984,55.84000015258789,4171178,50.591712951660156
2024-11-14,56.75,57.45000076293945,56.4900016784668,57.150001525878906,4959955,51.77859115600586
2024-11-15,56.88999938964844,58.09000015258789,56.689998626708984,57.5099983215332,3875740,52.1047477722168
2024-11-18,57.630001068115234,58.22999954223633,57.43000030517578,58.099998474121094,2868832,52.63929748535156
2024-11-19,57.709999084472656,58.31999969482422,56.93000030517578,57.470001220703125,3912361,52.06851577758789
2024-11-20,57.47999954223633,57.77000045776367,57.2599983215332,57.369998931884766,3083203,51.977909088134766
2024-11-21,57.09000015258789,57.52000045776367,56.81999969482422,57.18000030517578,3143357,51.80576705932617
2024-11-22,57.27000045776367,57.63999938964844,56.5099983215332,57.09000015258789,4700961,51.72422790527344
2024-11-25,57.04999923706055,57.38999938964844,55.880001068115234,55.880001068115234,7524531,50.627952575683594
2024-11-26,55.209999084472656,55.7400016784668,54.93000030517578,54.93000030517578,4757200,49.767242431640625
2024-11-27,54.70000076293945,54.720001220703125,53.68000030517578,54.099998474121094,5264130,49.0152473449707
2024-11-28,53.95000076293945,54.369998931884766,53.95000076293945,54.220001220703125,3278989,49.12397003173828
2024-11-29,53.97999954223633,54.97999954223633,53.900001525878906,54.970001220703125,4550048,49.80348587036133
2024-12-02,54.209999084472656,54.79999923706055,53.68000030517578,53.79999923706055,6001028,48.74345397949219
2024-12-03,54.029998779296875,54.70000076293945,53.880001068115234,54.13999938964844,5489271,49.051490783691406
2024-12-04,54.279998779296875,54.38999938964844,53.66999816894531,53.939998626708984,5472383,48.87029266357422
2024-12-05,54.150001525878906,54.959999084472656,54.02000045776367,54.060001373291016,5524197,48.97901153564453
2024-12-06,54.2400016784668,54.849998474121094,53.93000030517578,54.22999954223633,4636178,49.133033752441406
2024-12-09,54.27000045776367,55.31999969482422,54.2599983215332,54.959999084472656,4923269,49.79441833496094
2024-12-10,54.5,54.939998626708984,54.29999923706055,54.349998474121094,5329581,49.241756439208984
2024-12-11,53.7400016784668,54.34000015258789,53.290000915527344,53.47999954223633,5966852,48.453521728515625
2024-12-12,53.970001220703125,54.06999969482422,53.310001373291016,53.369998931884766,4771486,48.35386276245117
2024-12-13,53.40999984741211,53.90999984741211,53.11000061035156,53.36000061035156,4275545,48.34480285644531
2024-12-16,53.150001525878906,53.2599983215332,52.16999816894531,52.290000915527344,4393180,47.37537384033203
2024-12-17,51.099998474121094,51.959999084472656,50.79999923706055,51.68000030517578,5796575,46.822696685791016
2024-12-18,51.66999816894531,52.209999084472656,51.58000183105469,52.20000076293945,3934904,47.293827056884766
2024-12-19,52.0,52.220001220703125,51.77000045776367,51.93000030517578,4861317,47.0492057800293
2024-12-20,51.439998626708984,51.90999984741211,51.15999984741211,51.88999938964844,10645228,47.012962341308594
2024-12-23,51.91999816894531,52.029998779296875,51.599998474121094,51.849998474121094,2821732,46.976722717285156
2024-12-24,52.0,52.33000183105469,51.93000030517578,52.0099983215332,1155606,47.12168884277344
2024-12-27,52.11000061035156,52.75,52.08000183105469,52.75,3494132,47.79213333129883
2024-12-30,52.310001373291016,52.779998779296875,52.279998779296875,52.599998474121094,3167621,47.656227111816406
2024-12-31,52.619998931884766,53.369998931884766,52.56999969482422,53.369998931884766,1503880,48.35386276245117
2025-01-02,52.709999084472656,53.790000915527344,52.63999938964844,53.72999954223633,6288594,49.411434173583984
2025-01-03,53.790000915527344,54.380001068115234,53.59000015258789,54.0,4877132,49.65972900390625
2025-01-06,54.25,54.7400016784668,53.75,54.709999084472656,4552062,50.31266403198242
2025-01-07,54.4900016784668,55.220001220703125,54.22999954223633,54.97999954223633,4406295,50.56096267700195
2025-01-08,55.22999954223633,55.43000030517578,54.52000045776367,55.15999984741211,4796977,50.72649002075195
2025-01-09,54.939998626708984,55.45000076293945,54.79999923706055,55.29999923706055,3575310,50.85523986816406
2025-01-10,55.22999954223633,56.45000076293945,55.099998474121094,55.25,4931665,50.80926513671875
2025-01-13,55.720001220703125,56.11000061035156,55.529998779296875,55.91999816894531,4471330,51.4254035949707
2025-01-14,55.11000061035156,55.939998626708984,55.04999923706055,55.599998474121094,5038034,51.131126403808594
2025-01-15,56.33000183105469,56.369998931884766,55.52000045776367,55.93000030517578,4714753,51.434608459472656
2025-01-16,57.04999923706055,57.470001220703125,56.77000045776367,57.380001068115234,6022095,52.76806640625
2025-01-17,57.939998626708984,58.08000183105469,57.459999084472656,57.470001220703125,4681747,52.850830078125
2025-01-20,57.540000915527344,57.81999969482422,57.029998779296875,57.16999816894531,4421125,52.5749397277832
2025-01-21,57.02000045776367,57.18000030517578,56.470001220703125,56.63999938964844,4499639,52.08753967285156
2025-01-22,56.31999969482422,56.849998474121094,56.08000183105469,56.380001068115234,4169038,51.84843826293945
2025-01-23,56.22999954223633,56.790000915527344,56.119998931884766,56.13999938964844,4851048,51.627723693847656
2025-01-24,56.13999938964844,56.439998626708984,55.66999816894531,55.84000015258789,4072554,51.35184097290039
2025-01-27,56.0,56.130001068115234,55.689998626708984,55.689998626708984,3811864,51.21389389038086
2025-01-28,56.220001220703125,56.36000061035156,55.58000183105469,55.75,3775780,51.269073486328125
2025-01-29,55.72999954223633,55.93000030517578,55.20000076293945,55.79999923706055,2946664,51.31505584716797
2025-01-30,55.939998626708984,56.41999816894531,55.58000183105469,56.15999984741211,4054355,51.646121978759766
2025-01-31,56.47999954223633,56.7400016784668,56.060001373291016,56.38999938964844,4448469,51.85763168334961
2025-02-03,55.540000915527344,56.13999938964844,55.5,55.970001220703125,4565308,51.47139358520508
2025-02-04,55.77000045776367,57.20000076293945,55.459999084472656,57.02000045776367,4545553,52.4370002746582
2025-02-05,57.029998779296875,58.11000061035156,57.029998779296875,58.0099983215332,5145777,53.34741973876953
2025-02-06,58.16999816894531,59.310001373291016,58.15999984741211,58.61000061035156,4750864,53.89920425415039
2025-02-07,58.70000076293945,59.029998779296875,58.529998779296875,58.880001068115234,4803937,54.147499084472656
2025-02-10,59.060001373291016,59.54999923706055,58.619998931884766,58.619998931884766,4168493,53.90839767456055
2025-02-11,58.52000045776367,59.064998626708984,58.470001220703125,58.86000061035156,3804296,54.12910842895508
2025-02-12,58.79999923706055,59.13999938964844,58.279998779296875,59.0099983215332,3782038,54.26704788208008
2025-02-13,58.220001220703125,58.810001373291016,58.220001220703125,58.70000076293945,4142505,53.98196792602539
2025-02-14,58.459999084472656,59.380001068115234,58.34000015258789,58.880001068115234,3926350,54.147499084472656
2025-02-17,58.720001220703125,59.11000061035156,58.560001373291016,58.900001525878906,2662355,54.1658935546875
2025-02-18,58.91999816894531,59.2599983215332,58.66999816894531,59.09000015258789,3061602,54.34062194824219
2025-02-19,59.349998474121094,59.65999984741211,58.59000015258789,58.709999084472656,3466323,53.99115753173828
2025-02-20,58.5,58.900001525878906,58.36000061035156,58.81999969482422,2993205,54.092323303222656
2025-02-21,58.61000061035156,58.72999954223633,57.869998931884766,58.119998931884766,4480408,53.44858169555664
2025-02-24,58.369998931884766,58.459999084472656,57.779998779296875,58.060001373291016,2904700,53.393409729003906
2025-02-25,58.16999816894531,58.56999969482422,57.470001220703125,57.470001220703125,3473175,52.850830078125
2025-02-26,57.529998779296875,57.79999923706055,57.16999816894531,57.7599983215332,3469035,53.117515563964844
2025-02-27,57.66999816894531,58.02000045776367,57.40999984741211,57.81999969482422,3844717,53.172698974609375
2025-02-28,57.7400016784668,57.95000076293945,57.31999969482422,57.779998779296875,6472552,53.13591003417969
2025-03-03,58.150001525878906,59.099998474121094,57.95000076293945,58.16999816894531,3206565,53.49456024169922
2025-03-04,56.61000061035156,57.0,56.06999969482422,56.61000061035156,7332156,52.05995559692383
2025-03-05,57.16999816894531,57.720001220703125,55.880001068115234,55.97999954223633,5831588,51.480587005615234
2025-03-06,56.7400016784668,56.849998474121094,55.91999816894531,56.31999969482422,5408114,51.79326248168945
2025-03-07,56.619998931884766,57.09000015258789,56.0,56.540000915527344,6832954,51.99557876586914
2025-03-10,56.810001373291016,57.2599983215332,56.279998779296875,56.400001525878906,5361468,51.86682891845703
2025-03-11,56.63999938964844,57.18000030517578,55.959999084472656,56.13999938964844,4724772,51.627723693847656
2025-03-12,56.38999938964844,56.68000030517578,56.029998779296875,56.630001068115234,5648629,52.078346252441406
2025-03-13,56.45000076293945,57.41999816894531,56.41999816894531,57.18000030517578,5562103,52.584136962890625
2025-03-14,57.209999084472656,57.720001220703125,57.0099983215332,57.4900016784668,3788100,52.86921691894531
2025-03-17,57.43000030517578,57.810001373291016,57.33000183105469,57.54999923706055,4137397,52.924400329589844
2025-03-18,57.54999923706055,58.459999084472656,57.52000045776367,57.970001220703125,4678640,53.310646057128906
2025-03-19,57.79999923706055,58.83000183105469,57.79999923706055,58.810001373291016,4159915,54.083126068115234
2025-03-20,59.0099983215332,59.470001220703125,58.36000061035156,58.869998931884766,3319135,54.138301849365234
2025-03-21,58.720001220703125,58.900001525878906,58.29999923706055,58.400001525878906,10312983,53.70608139038086
2025-03-24,58.61000061035156,58.810001373291016,57.900001525878906,57.959999084472656,3577038,53.30144500732422
2025-03-25,58.47999954223633,59.939998626708984,58.41999816894531,59.349998474121094,5166166,54.579715728759766
2025-03-26,59.459999084472656,60.79999923706055,59.43000030517578,60.40999984741211,7882062,56.30398178100586
2025-03-27,60.13999938964844,60.91999816894531,60.040000915527344,60.5099983215332,4286074,56.39718246459961
2025-03-28,60.0,60.36000061035156,59.099998474121094,59.209999084472656,4696673,55.18553924560547
2025-03-31,58.97999954223633,59.79999923706055,58.560001373291016,59.65999984741211,4734263,55.60495376586914
2025-04-01,59.810001373291016,59.959999084472656,58.9900016784668,59.4900016784668,3320588,55.44651412963867
2025-04-02,59.5,59.72999954223633,58.9900016784668,59.40999984741211,3964508,55.3719482421875
2025-04-03,58.279998779296875,59.0099983215332,56.290000915527344,56.599998474121094,6885046,52.75294494628906
2025-04-04,56.0,56.060001373291016,52.959999084472656,53.06999969482422,9359935,49.46287155151367
2025-04-07,49.564998626708984,52.70000076293945,48.599998474121094,50.290000915527344,13422270,46.871829986572266
2025-04-08,51.560001373291016,51.599998474121094,49.91999816894531,50.45000076293945,6945912,47.02095413208008
2025-04-09,48.65999984741211,49.54499816894531,47.64500045776367,48.255001068115234,7591739,44.97514343261719
2025-04-10,52.13999938964844,52.43000030517578,49.51499938964844,49.51499938964844,8806140,46.14950180053711
2025-04-11,49.18000030517578,49.560001373291016,48.43000030517578,48.665000915527344,6233814,45.357276916503906
2025-04-14,49.64500045776367,50.540000915527344,49.5,50.220001220703125,3896286,46.80658721923828
2025-04-15,50.2599983215332,51.04999923706055,50.13999938964844,50.61000061035156,4388121,47.17007827758789
2025-04-16,49.959999084472656,51.70000076293945,49.849998474121094,51.68000030517578,4245563,48.1673469543457
2025-04-17,51.540000915527344,51.9900016784668,51.040000915527344,51.650001525878906,4393408,48.13938522338867
2025-04-22,51.66999816894531,52.02000045776367,51.279998779296875,51.869998931884766,3370008,48.34444046020508
2025-04-23,52.599998474121094,53.31999969482422,51.7400016784668,51.9900016784668,5575627,48.45628356933594
2025-04-24,52.11000061035156,52.5099983215332,51.869998931884766,52.150001525878906,4292524,48.60540771484375
2025-04-25,52.560001373291016,52.959999084472656,52.310001373291016,52.7599983215332,3833980,49.1739387512207
2025-04-28,53.0,53.099998474121094,52.709999084472656,52.91999816894531,3514494,49.32306671142578
2025-04-29,52.869998931884766,52.959999084472656,52.060001373291016,52.349998474121094,4380916,48.791805267333984
2025-04-30,51.189998626708984,51.2400016784668,50.08000183105469,51.15999984741211,8343588,47.68269729614258
2025-05-02,51.54999923706055,51.88999938964844,50.099998474121094,50.86000061035156,6583901,47.40308380126953
2025-05-05,50.40999984741211,51.029998779296875,50.119998931884766,50.5099983215332,4154663,47.076873779296875
2025-05-06,51.189998626708984,51.33000183105469,50.630001068115234,51.060001373291016,4755325,47.58949279785156
2025-05-07,50.77000045776367,51.2400016784668,50.47999954223633,50.75,4937583,47.300559997558594
2025-05-08,50.63999938964844,51.150001525878906,50.54999923706055,51.04999923706055,4386078,47.580169677734375
2025-05-09,51.34000015258789,52.130001068115234,51.290000915527344,51.88999938964844,4726746,48.363075256347656
2025-05-12,52.86000061035156,53.65999984741211,52.86000061035156,53.06999969482422,5383409,49.46287155151367
2025-05-13,52.810001373291016,53.40999984741211,52.650001525878906,53.40999984741211,3365576,49.779762268066406
2025-05-14,53.63999938964844,53.720001220703125,52.68000030517578,53.11000061035156,3576861,49.500152587890625
2025-05-15,52.40999984741211,52.86000061035156,52.09000015258789,52.86000061035156,4318680,49.26715087890625
2025-05-16,53.09000015258789,53.459999084472656,52.97999954223633,53.22999954223633,4087450,49.61199951171875
2025-05-19,53.27000045776367,53.43000030517578,52.59000015258789,52.880001068115234,2938432,49.28578567504883
2025-05-20,52.79999923706055,53.150001525878906,52.380001068115234,53.0099983215332,3317478,49.40694808959961
2025-05-21,53.0,53.130001068115234,52.25,52.31999969482422,3883869,48.76384735107422
2025-05-22,51.939998626708984,52.04999923706055,51.29999923706055,51.5,4031046,47.99958419799805
2025-05-23,51.58000183105469,51.83000183105469,50.43000030517578,50.970001220703125,4329478,47.5056037902832
2025-05-26,51.540000915527344,51.79999923706055,51.349998474121094,51.779998779296875,3231032,48.260555267333984
2025-05-27,51.54999923706055,52.150001525878906,51.5099983215332,51.540000915527344,3545596,48.036861419677734
2025-05-28,51.630001068115234,51.9900016784668,51.56999969482422,51.63999938964844,3519018,48.13006591796875
2025-05-29,52.0,52.22999954223633,51.380001068115234,51.40999984741211,2314490,47.91569900512695
2025-05-30,51.869998931884766,52.18000030517578,51.5,51.65999984741211,17461578,48.148712158203125
2025-06-02,51.720001220703125,53.029998779296875,51.689998626708984,52.68000030517578,4504120,49.0993766784668
2025-06-03,52.709999084472656,53.119998931884766,52.34000015258789,53.029998779296875,3476848,49.42559051513672
2025-06-04,53.029998779296875,53.290000915527344,52.20000076293945,52.27000045776367,3574716,48.71724319458008
2025-06-05,51.720001220703125,52.52000045776367,51.689998626708984,51.869998931884766,3172308,48.34444046020508
2025-06-06,52.11000061035156,52.29999923706055,51.86000061035156,52.29999923706055,2356812,48.74521255493164
2025-06-09,52.11000061035156,52.439998626708984,51.959999084472656,52.33000183105469,2556650,48.773170471191406
2025-06-10,52.56999969482422,53.59000015258789,52.540000915527344,53.59000015258789,5402233,49.94752883911133
2025-06-11,53.06999969482422,53.88999938964844,53.06999969482422,53.54999923706055,4730057,49.91024398803711
2025-06-12,54.119998931884766,54.849998474121094,54.0099983215332,54.7400016784668,6791951,51.01936721801758
2025-06-13,56.2400016784668,56.54999923706055,54.43000030517578,54.79999923706055,10239492,51.07528305053711
2025-06-16,55.349998474121094,55.40999984741211,54.25,54.52000045776367,6090167,50.81431579589844
2025-06-17,54.63999938964844,55.599998474121094,54.59000015258789,55.5099983215332,5775155,51.737022399902344
2025-06-18,55.810001373291016,55.810001373291016,54.5,54.599998474121094,6146912,50.88888168334961
2025-06-19,54.4900016784668,55.130001068115234,54.29999923706055,54.900001525878906,6466886,51.977664947509766
2025-06-20,54.650001525878906,54.939998626708984,54.220001220703125,54.65999984741211,14571926,51.75043869018555
2025-06-23,55.09000015258789,55.16999816894531,54.279998779296875,54.279998779296875,4563167,51.39066696166992
2025-06-24,51.29999923706055,53.06999969482422,51.27000045776367,52.5,8458818,49.70541763305664
2025-06-25,52.369998931884766,52.709999084472656,52.209999084472656,52.279998779296875,3754776,49.49713134765625
2025-06-26,52.56999969482422,52.689998626708984,51.939998626708984,52.5099983215332,3882582,49.71488571166992
2025-06-27,52.56999969482422,52.81999969482422,52.349998474121094,52.52000045776367,3582802,49.7243537902832
2025-06-30,52.61000061035156,52.689998626708984,52.099998474121094,52.099998474121094,4457375,49.32670593261719
2025-07-01,52.310001373291016,52.439998626708984,51.95000076293945,52.349998474121094,2969537,49.56340408325195
2025-07-02,52.810001373291016,53.79999923706055,52.689998626708984,53.380001068115234,3997576,50.538578033447266
2025-07-03,53.959999084472656,53.97999954223633,53.209999084472656,53.369998931884766,3065613,50.529109954833984
2025-07-04,53.0099983215332,53.25,52.90999984741211,52.970001220703125,2363900,50.1504020690918
2025-07-07,52.70000076293945,52.720001220703125,51.790000915527344,51.790000915527344,4406998,49.03321075439453
2025-07-08,51.72999954223633,52.900001525878906,51.65999984741211,52.84000015258789,3873274,50.027320861816406
2025-07-09,53.31999969482422,53.650001525878906,53.2599983215332,53.279998779296875,4035056,50.44389343261719
2025-07-10,53.52000045776367,53.72999954223633,52.880001068115234,53.5,3360898,50.65218734741211
2025-07-11,53.54999923706055,54.02000045776367,53.43000030517578,53.869998931884766,3334788,51.00249099731445
2025-07-14,53.83000183105469,54.31999969482422,53.310001373291016,53.34000015258789,2467590,50.50070571899414
2025-07-15,53.06999969482422,53.779998779296875,53.040000915527344,53.47999954223633,2302808,50.63325500488281
2025-07-16,53.529998779296875,54.0,53.09000015258789,53.09000015258789,2878525,50.26401138305664
2025-07-17,52.90999984741211,53.20000076293945,52.68000030517578,52.970001220703125,3621272,50.1504020690918
2025-07-18,53.61000061035156,53.650001525878906,53.099998474121094,53.150001525878906,3594761,50.32081604003906
2025-07-21,53.18000030517578,53.2400016784668,52.630001068115234,52.86000061035156,2781588,50.046260833740234
2025-07-22,52.650001525878906,53.06999969482422,52.61000061035156,52.79999923706055,2441474,49.98944854736328
2025-07-23,53.16999816894531,53.810001373291016,53.130001068115234,53.34000015258789,4434714,50.50070571899414
2025-07-24,52.959999084472656,52.970001220703125,50.97999954223633,51.459999084472656,5701735,48.72077941894531
2025-07-25,51.27000045776367,51.59000015258789,50.66999816894531,51.33000183105469,4116009,48.59770202636719
2025-07-28,51.869998931884766,52.560001373291016,51.75,52.400001525878906,4044560,49.610740661621094
2025-07-29,52.47999954223633,53.06999969482422,52.349998474121094,52.529998779296875,3576245,49.73381805419922
2025-07-30,52.939998626708984,53.13999938964844,52.290000915527344,52.290000915527344,3258071,49.506595611572266
2025-07-31,52.130001068115234,52.540000915527344,51.83000183105469,52.02000045776367,4546124,49.25096893310547
2025-08-01,52.150001525878906,52.189998626708984,50.9900016784668,51.06999969482422,4359603,48.35153579711914
2025-08-04,51.349998474121094,51.70000076293945,51.150001525878906,51.58000183105469,2993060,48.83439254760742
2025-08-05,51.61000061035156,52.290000915527344,51.4900016784668,51.900001525878906,2507962,49.137359619140625
2025-08-06,52.279998779296875,53.130001068115234,52.22999954223633,52.5,3229791,49.70541763305664
2025-08-07,51.83000183105469,52.849998474121094,51.79999923706055,52.380001068115234,2810586,49.5918083190918
2025-08-08,52.18000030517578,52.86000061035156,52.130001068115234,52.709999084472656,2301326,49.904239654541016
2025-08-11,52.689998626708984,52.95000076293945,52.36000061035156,52.52000045776367,1885987,49.7243537902832
2025-08-12,52.849998474121094,53.185001373291016,52.77000045776367,53.16999816894531,2524508,50.339752197265625
2025-08-13,52.849998474121094,52.9900016784668,52.119998931884766,52.5099983215332,3252771,49.71488571166992
2025-08-14,52.540000915527344,52.61000061035156,52.13999938964844,52.56999969482422,2162935,49.77169418334961
2025-08-15,53.0,53.58000183105469,53.0,53.470001220703125,3709596,50.623783111572266
2025-08-18,53.22999954223633,53.31999969482422,52.72999954223633,53.02000045776367,2030534,50.19773864746094
2025-08-19,52.86000061035156,53.79999923706055,52.779998779296875,53.70000076293945,2946760,50.8415412902832
2025-08-20,53.59000015258789,54.189998626708984,53.38999938964844,54.0099983215332,2432351,51.13503646850586
2025-08-21,54.279998779296875,54.33000183105469,54.06999969482422,54.290000915527344,2104724,51.40013885498047
2025-08-22,54.65999984741211,54.939998626708984,54.4900016784668,54.630001068115234,2617485,51.72203826904297
2025-08-25,54.45000076293945,54.58000183105469,54.029998779296875,54.099998474121094,2264731,51.220245361328125
2025-08-26,53.68000030517578,53.77000045776367,52.88999938964844,52.90999984741211,6262843,50.09359359741211
2025-08-27,53.09000015258789,53.66999816894531,52.970001220703125,53.209999084472656,2355276,50.377628326416016
2025-08-28,53.43000030517578,53.5,52.81999969482422,53.099998474121094,2193808,50.27347946166992
2025-08-29,53.13999938964844,53.810001373291016,53.06999969482422,53.5,3263097,50.65218734741211
2025-09-01,53.79999923706055,53.86000061035156,53.31999969482422,53.45000076293945,1618937,50.6048469543457
2025-09-02,53.5,54.52000045776367,53.369998931884766,53.529998779296875,3551326,50.68058776855469
2025-09-03,53.779998779296875,53.9900016784668,52.7599983215332,52.779998779296875,3063798,49.97051239013672
2025-09-04,52.630001068115234,53.20000076293945,52.59000015258789,52.7599983215332,2533682,49.951576232910156
2025-09-05,52.689998626708984,52.97999954223633,51.58000183105469,51.81999969482422,3882794,49.06161117553711
2025-09-08,52.369998931884766,52.63999938964844,51.709999084472656,51.900001525878906,2910961,49.137359619140625
2025-09-09,52.060001373291016,52.95000076293945,52.060001373291016,52.7400016784668,2798826,49.932640075683594
2025-09-10,52.68000030517578,52.91999816894531,52.290000915527344,52.7599983215332,2560324,49.951576232910156
2025-09-11,53.060001373291016,53.22999954223633,52.029998779296875,52.189998626708984,3667638,49.41191482543945
2025-09-12,51.81999969482422,52.470001220703125,51.619998931884766,52.119998931884766,3996517,49.34564208984375
2025-09-15,52.310001373291016,53.0,52.310001373291016,52.58000183105469,2842816,49.78116226196289
2025-09-16,52.599998474121094,52.779998779296875,52.0099983215332,52.43000030517578,2904306,49.63914489746094
2025-09-17,52.400001525878906,52.619998931884766,51.619998931884766,51.72999954223633,3757838,48.97640609741211
2025-09-18,51.630001068115234,52.27000045776367,51.4900016784668,52.029998779296875,4429620,49.26043701171875
2025-09-19,52.119998931884766,52.38999938964844,51.56999969482422,51.56999969482422,17761511,48.82492446899414
2025-09-22,51.560001373291016,52.029998779296875,51.47999954223633,51.72999954223633,3332215,48.97640609741211
2025-09-23,51.56999969482422,52.7599983215332,51.54999923706055,52.38999938964844,4933219,49.60127258300781
2025-09-24,52.34000015258789,53.689998626708984,52.25,53.5,5735122,50.65218734741211
2025-09-25,53.04999923706055,53.540000915527344,52.70000076293945,53.380001068115234,3700019,50.538578033447266
2025-09-26,53.689998626708984,54.349998474121094,53.58000183105469,54.25,4245988,51.362266540527344
2025-09-29,53.90999984741211,54.20000076293945,52.95000076293945,53.04999923706055,4418379,50.22614288330078
2025-09-30,52.529998779296875,52.58000183105469,51.15999984741211,51.72999954223633,8795075,48.97640609741211
2025-10-01,51.04999923706055,51.66999816894531,51.0,51.59000015258789,5920830,49.65984344482422
2025-10-02,51.540000915527344,51.81999969482422,50.97999954223633,50.97999954223633,4242828,49.07266616821289
2025-10-03,50.97999954223633,51.29999923706055,50.849998474121094,51.060001373291016,3853876,49.1496696472168
2025-10-06,51.2400016784668,51.470001220703125,50.4900016784668,51.310001373291016,4282715,49.39031982421875
2025-10-07,51.70000076293945,51.75,50.5099983215332,50.869998931884766,3259107,48.96677780151367
2025-10-08,51.040000915527344,51.27000045776367,50.75,51.119998931884766,3066054,49.20742416381836
2025-10-09,51.18000030517578,51.66999816894531,51.09000015258789,51.13999938964844,2379680,49.22667694091797
2025-10-10,50.72999954223633,51.0099983215332,49.834999084472656,50.0,5389547,48.12932586669922
2025-10-13,50.2400016784668,50.29999923706055,49.71500015258789,49.845001220703125,3208451,47.98012924194336
2025-10-14,49.64500045776367,50.36000061035156,49.2400016784668,50.25,5385939,48.36997604370117
2025-10-15,50.849998474121094,52.279998779296875,50.83000183105469,52.11000061035156,7152342,50.16038513183594
2025-10-16,52.29999923706055,52.689998626708984,52.20000076293945,52.56999969482422,4124330,50.60317611694336
2025-10-17,51.5,52.720001220703125,51.4900016784668,52.709999084472656,3278618,50.737937927246094
2025-10-20,52.61000061035156,52.83000183105469,52.2400016784668,52.5,2777249,50.535797119140625
2025-10-21,52.47999954223633,52.849998474121094,52.43000030517578,52.650001525878906,2611141,50.68018341064453
2025-10-22,53.380001068115234,53.59000015258789,52.61000061035156,53.029998779296875,4183059,51.045963287353516
2025-10-23,54.54999923706055,54.68000030517578,53.7599983215332,54.099998474121094,4518429,52.075927734375
2025-10-24,53.599998474121094,53.9900016784668,53.54999923706055,53.90999984741211,2599111,51.893043518066406
2025-10-27,53.79999923706055,53.86000061035156,53.290000915527344,53.77000045776367,2337239,51.758277893066406
2025-10-28,53.15999984741211,53.84000015258789,53.150001525878906,53.47999954223633,2705823,51.479129791259766
2025-10-29,53.599998474121094,54.31999969482422,53.33000183105469,54.13999938964844,3320304,52.11443328857422
2025-10-30,53.349998474121094,53.709999084472656,52.400001525878906,53.63999938964844,4472925,51.63314437866211
2025-10-31,53.91999816894531,54.290000915527344,53.66999816894531,53.95000076293945,3199896,51.93154525756836
2025-11-03,54.25,54.400001525878906,53.45000076293945,53.790000915527344,2656832,51.77753448486328
2025-11-04,53.36000061035156,53.599998474121094,52.474998474121094,53.599998474121094,3153172,51.59463882446289
2025-11-05,53.380001068115234,53.88999938964844,53.34000015258789,53.68000030517578,2177639,51.67164611816406
2025-11-06,53.029998779296875,53.47999954223633,52.93000030517578,53.2400016784668,3364968,51.24810791015625
2025-11-07,53.349998474121094,53.84000015258789,52.93000030517578,53.58000183105469,2738302,51.57538986206055
2025-11-10,54.119998931884766,54.15999984741211,53.59000015258789,54.040000915527344,2783208,52.0181770324707
2025-11-11,54.349998474121094,55.349998474121094,54.279998779296875,55.34000015258789,4113692,53.26953887939453
2025-11-12,55.5,55.880001068115234,55.27000045776367,55.29999923706055,3829106,53.23103713989258
2025-11-13,55.400001525878906,56.25,55.349998474121094,56.189998626708984,3641626,54.087738037109375
2025-11-14,56.099998474121094,56.59000015258789,55.63999938964844,56.22999954223633,3110005,54.12623977661133
2025-11-17,56.029998779296875,56.75,55.84000015258789,56.529998779296875,2660776,54.415016174316406
2025-11-18,55.869998931884766,55.9900016784668,55.06999969482422,55.470001220703125,4508769,53.394676208496094
2025-11-19,56.099998474121094,56.15999984741211,54.93000030517578,55.400001525878906,3525280,53.327293395996094
2025-11-20,55.95000076293945,56.13999938964844,55.52000045776367,55.66999816894531,3031513,53.58719253540039
2025-11-21,54.75,56.040000915527344,54.34000015258789,55.970001220703125,4848056,53.875972747802734
2025-11-24,55.79999923706055,56.2400016784668,55.31999969482422,55.88999938964844,10538741,53.7989616394043
2025-11-25,56.0,56.310001373291016,55.54999923706055,56.16999816894531,3513354,54.0684814453125
2025-11-26,56.349998474121094,56.7599983215332,56.04999923706055,56.65999984741211,3913265,54.54015350341797
2025-11-27,56.5099983215332,56.689998626708984,56.18000030517578,56.45000076293945,1647962,54.3380126953125
2025-11-28,56.72999954223633,56.93000030517578,56.45000076293945,56.79999923706055,2599849,54.6749153137207
2025-12-01,56.5,56.869998931884766,56.38999938964844,56.709999084472656,3186062,54.58828353881836
2025-12-02,56.77000045776367,57.119998931884766,56.5099983215332,56.52000045776367,2772257,54.4053955078125
2025-12-03,56.5099983215332,57.189998626708984,56.5,57.040000915527344,2853097,54.90593719482422
2025-12-04,57.290000915527344,57.40999984741211,56.93000030517578,57.18000030517578,2557628,55.04069900512695
2025-12-05,56.689998626708984,57.04999923706055,56.15999984741211,56.400001525878906,4175466,54.289886474609375
2025-12-08,56.0,56.41999816894531,55.63999938964844,56.31999969482422,2753136,54.21287536621094
2025-12-09,56.40999984741211,56.790000915527344,56.130001068115234,56.5099983215332,2959715,54.39576721191406
2025-12-10,56.5,56.75,55.81999969482422,55.81999969482422,2778257,53.73158264160156
2025-12-11,55.650001525878906,56.06999969482422,55.4900016784668,55.84000015258789,3562616,53.750831604003906
2025-12-12,55.70000076293945,56.09000015258789,55.59000015258789,55.59000015258789,2342352,53.510189056396484
2025-12-15,56.119998931884766,56.31999969482422,55.5,55.5,3304275,53.423553466796875
2025-12-16,55.47999954223633,55.630001068115234,54.22999954223633,54.5,5775006,52.460968017578125
2025-12-17,54.709999084472656,55.560001373291016,54.70000076293945,55.130001068115234,3781046,53.06739807128906
2025-12-18,55.59000015258789,55.75,55.2400016784668,55.43000030517578,3789712,53.35617446899414
2025-12-19,55.70000076293945,56.029998779296875,55.290000915527344,55.810001373291016,10669572,53.72195816040039
2025-12-22,56.02000045776367,56.150001525878906,55.689998626708984,55.939998626708984,1933400,53.84709167480469
2025-12-23,55.86000061035156,56.040000915527344,55.709999084472656,55.849998474121094,1998720,53.76045608520508
2025-12-24,56.099998474121094,56.439998626708984,55.61000061035156,55.61000061035156,684693,53.52943801879883
2025-12-29,55.810001373291016,56.16999816894531,55.7599983215332,55.95000076293945,2645466,53.856719970703125
2025-12-30,56.029998779296875,56.59000015258789,56.029998779296875,56.400001525878906,2688377,54.289886474609375
2025-12-31,55.59000015258789,55.630001068115234,55.38999938964844,55.59000015258789,1609862,54.32897186279297
2026-01-02,55.650001525878906,56.380001068115234,55.650001525878906,56.099998474121094,3898374,54.8274040222168
2026-01-05,56.52000045776367,56.58000183105469,55.13999938964844,55.790000915527344,4648179,54.524436950683594
2026-01-06,56.29999923706055,56.5,55.040000915527344,55.040000915527344,4097070,53.79145050048828
2026-01-07,53.97999954223633,54.220001220703125,53.29999923706055,53.5099983215332,5619263,52.2961540222168
2026-01-08,54.58000183105469,54.599998474121094,53.290000915527344,53.380001068115234,3634212,52.169105529785156
2026-01-09,54.04999923706055,55.20000076293945,54.0099983215332,55.119998931884766,3983293,53.86963653564453
2026-01-12,54.91999816894531,55.36000061035156,54.41999816894531,55.310001373291016,2777068,54.055328369140625
2026-01-13,55.52000045776367,56.68000030517578,55.380001068115234,56.529998779296875,4177915,55.247650146484375
2026-01-14,56.5,57.2400016784668,56.220001220703125,57.060001373291016,4375522,55.765628814697266
2026-01-15,56.79999923706055,56.81999969482422,56.06999969482422,56.7400016784668,3472942,55.45288848876953
2026-01-16,56.52000045776367,57.029998779296875,56.14500045776367,56.79999923706055,3614175,55.51152420043945
2026-01-19,56.2599983215332,56.5,55.88999938964844,56.11000061035156,2222450,54.837181091308594
2026-01-20,55.66999816894531,57.310001373291016,55.560001373291016,56.900001525878906,4304578,55.60926055908203
2026-01-21,57.25,57.84000015258789,57.04999923706055,57.75,3770129,56.43997573852539
2026-01-22,58.0099983215332,58.290000915527344,57.099998474121094,57.2400016784668,3269297,55.94154357910156
2026-01-23,57.22999954223633,58.369998931884766,57.0099983215332,57.97999954223633,3080049,56.664756774902344
2026-01-26,58.470001220703125,59.290000915527344,58.380001068115234,58.900001525878906,3710635,57.56388854980469
2026-01-27,58.619998931884766,59.59000015258789,58.33000183105469,59.34000015258789,4431852,57.9939079284668
2026-01-28,59.72999954223633,60.459999084472656,59.439998626708984,60.0,4015183,58.63893508911133
2026-01-29,60.84000015258789,61.630001068115234,60.349998474121094,60.81999969482422,5886408,59.44033432006836
2026-01-30,60.349998474121094,61.279998779296875,60.2599983215332,61.150001525878906,4589400,59.762847900390625
2026-02-02,59.79999923706055,60.88999938964844,58.790000915527344,60.630001068115234,3333629,59.25464630126953
2026-02-03,61.0,61.63999938964844,60.4900016784668,61.47999954223633,3270242,60.08536148071289
2026-02-04,62.61000061035156,63.060001373291016,61.90999984741211,62.560001373291016,5264970,61.140865325927734
2026-02-05,62.310001373291016,62.79999923706055,61.630001068115234,61.95000076293945,3374718,60.544700622558594
2026-02-06,62.619998931884766,63.0,61.88999938964844,62.58000183105469,3694490,61.1604118347168
2026-02-09,61.959999084472656,62.70000076293945,61.939998626708984,62.630001068115234,2884467,61.20927429199219
2026-02-10,62.599998474121094,63.0,62.029998779296875,62.5099983215332,2708110,61.09199523925781
2026-02-11,62.70000076293945,64.45999908447266,62.630001068115234,64.22000122070312,5081804,62.763206481933594
2026-02-12,65.19999694824219,65.79000091552734,63.93000030517578,64.30000305175781,5220132,62.84139633178711
2026-02-13,64.48999786376953,64.52999877929688,63.70000076293945,64.37999725341797,3692769,62.919578552246094
2026-02-16,64.2699966430664,64.55999755859375,64.12999725341797,64.16000366210938,2085731,62.70457077026367
2026-02-17,64.16000366210938,65.38999938964844,63.93000030517578,64.56999969482422,3887778,63.10527038574219
2026-02-18,64.86000061035156,65.69000244140625,64.77999877929688,65.33999633789062,3324299,63.8577995300293
2026-02-19,65.69999694824219,66.54000091552734,65.48999786376953,66.52999877929688,5296915,65.02080535888672
2026-02-20,66.22000122070312,66.45999908447266,65.31999969482422,65.44000244140625,4140875,63.95553207397461
2026-02-23,65.54000091552734,66.6500015258789,65.37999725341797,66.13999938964844,3439823,64.63965606689453
2026-02-24,66.19000244140625,67.01000213623047,66.13999938964844,66.72000122070312,4159982,65.20649719238281
2026-02-25,67.0199966430664,67.81999969482422,66.8499984741211,67.37000274658203,4331073,65.84175109863281
2026-02-26,67.30999755859375,67.83000183105469,66.55000305175781,67.55000305175781,4749578,66.01766967773438
2026-02-27,67.2300033569336,67.91999816894531,67.0999984741211,67.27999877929688,6084855,65.75379180908203
2026-03-02,72.5,73.0,68.95999908447266,69.36000061035156,12541126,67.78661346435547
2026-03-03,69.94999694824219,70.30999755859375,68.05000305175781,68.0999984741211,9808295,66.55519104003906
2026-03-04,68.0,68.37999725341797,66.77999877929688,66.86000061035156,7294722,65.34332275390625
2026-03-05,66.87000274658203,67.26000213623047,66.22000122070312,66.7699966430664,6142022,65.25535583496094
2026-03-06,66.62000274658203,68.0,66.41999816894531,68.0,7583671,66.45746612548828
2026-03-09,69.0,69.41000366210938,67.16999816894531,68.88999938964844,7774810,67.3272705078125
2026-03-10,67.02999877929688,69.11000061035156,66.68000030517578,68.73999786376953,5760201,67.18067169189453
2026-03-11,68.47000122070312,70.0,68.2699966430664,70.0,5924145,68.4120864868164
2026-03-12,70.01000213623047,70.45999908447266,69.41999816894531,70.4000015258789,5597164,68.80301666259766
2026-03-13,70.83000183105469,72.33000183105469,70.5,72.33000183105469,8177606,70.68923950195312
2026-03-16,72.44000244140625,72.87999725341797,72.08999633789062,72.4000015258789,4920657,70.75765228271484
2026-03-17,72.23999786376953,74.58000183105469,72.19000244140625,74.4800033569336,7068081,72.79046630859375
2026-03-18,74.4800033569336,75.97000122070312,74.25,75.41999816894531,9705378,73.70913696289062
2026-03-19,75.9000015258789,79.44000244140625,75.45999908447266,78.58999633789062,13162837,76.8072280883789
2026-03-20,77.9800033569336,78.6500015258789,76.48999786376953,76.95999908447266,13084381,75.2142105102539
2026-03-23,76.16999816894531,77.1500015258789,72.33000183105469,76.0,11500814,74.2759780883789
2026-03-24,76.0,77.41000366210938,75.91000366210938,77.20999908447266,5744664,75.45853424072266
2026-03-25,76.30999755859375,77.30999755859375,76.0,76.87000274658203,6414426,75.12625122070312
2026-03-26,76.91999816894531,79.08999633789062,76.91999816894531,79.08999633789062,7479382,77.29589080810547
2026-03-27,78.5,78.76000213623047,77.4000015258789,78.48999786376953,4130361,76.70950317382812
2026-03-30,78.9000015258789,81.33999633789062,78.87000274658203,81.0199966430664,8380482,79.1821060180664
2026-03-31,79.69999694824219,81.01000213623047,79.30000305175781,80.91000366210938,8782886,79.91299438476562
2026-04-01,80.0,80.08000183105469,76.93000030517578,77.55999755859375,8131064,76.6042709350586
2026-04-02,78.94000244140625,80.2699966430664,78.6500015258789,79.41999816894531,5456012,78.44135284423828
2026-04-07,78.9000015258789,80.3499984741211,78.77999877929688,79.26000213623047,5785366,78.2833251953125
2026-04-08,74.0,76.80999755859375,72.4000015258789,76.80999755859375,11120793,75.86351013183594
2026-04-09,77.5,79.13999938964844,76.80000305175781,78.87000274658203,7084654,77.89813232421875
2026-04-10,77.33999633789062,78.75,77.1500015258789,78.61000061035156,5739021,77.6413345336914
2026-04-13,79.45999908447266,79.95999908447266,79.0999984741211,79.66000366210938,7280164,78.67839813232422
2026-04-14,79.2300033569336,79.73999786376953,77.11000061035156,77.38999938964844,6207175,76.43636322021484
2026-04-15,77.38999938964844,77.8499984741211,76.63999938964844,76.68000030517578,3429992,75.73511505126953
2026-04-16,75.0,77.5199966430664,74.25,77.12000274658203,4359808,76.1697006225586
2026-04-17,77.02999877929688,77.79000091552734,71.55000305175781,73.06999969482422,10522794,72.16960144042969
2026-04-20,75.1500015258789,75.44000244140625,73.99500274658203,74.41000366210938,4355966,73.49309539794922
2026-04-21,74.19999694824219,75.16999816894531,74.0999984741211,75.02999877929688,3477087,74.1054458618164
2026-04-22,75.16999816894531,76.58999633789062,75.05000305175781,76.0199966430664,3503959,75.08324432373047
2026-04-23,76.7300033569336,77.31999969482422,76.5,76.5999984741211,3546798,75.65609741210938
2026-04-24,77.20999908447266,78.20999908447266,76.69999694824219,77.0,3510188,76.0511703491211
2026-04-27,77.0999984741211,77.66000366210938,76.55000305175781,76.80999755859375,2119618,75.86351013183594
2026-04-28,77.05000305175781,79.11000061035156,77.05000305175781,78.2699966430664,4556351,77.3055191040039
2026-04-29,78.19999694824219,79.29000091552734,78.02999877929688,78.2300033569336,4114439,77.26602172851562
2026-04-30,79.0999984741211,79.44999694824219,76.95999908447266,79.29000091552734,6401781,78.31295776367188
2026-05-04,78.5,79.5,77.9800033569336,78.6500015258789,4832842,77.68083953857422
2026-05-05,79.19999694824219,79.38999938964844,78.58000183105469,79.30000305175781,3453462,78.32283782958984
2026-05-06,78.55999755859375,78.71499633789062,74.37000274658203,76.75,6877723,75.80425262451172
2026-05-07,76.11000061035156,76.38999938964844,74.5199966430664,75.2699966430664,4760661,74.34249114990234
2026-05-08,75.5,75.94999694824219,74.8499984741211,75.80000305175781,3581072,74.865966796875
2026-05-11,76.5,77.04000091552734,76.0999984741211,76.91000366210938,3033852,75.96228790283203
2026-05-12,77.19999694824219,78.30999755859375,76.97000122070312,78.30000305175781,3916523,77.33515930175781
2026-05-13,78.19999694824219,78.88999938964844,77.69999694824219,77.80999755859375,2745196,76.85118865966797
2026-05-14,78.02999877929688,78.33000183105469,77.6500015258789,78.27999877929688,2214426,77.31539916992188
2026-05-15,78.5999984741211,79.04000091552734,77.87000274658203,78.68000030517578,3910530,77.7104721069336
2026-05-18,79.19999694824219,80.2699966430664,78.77999877929688,80.2699966430664,4227989,79.28087615966797
2026-05-19,80.0199966430664,80.62999725341797,79.79000091552734,79.79000091552734,4188397,78.80679321289062
2026-05-20,79.87000274658203,81.25,79.30999755859375,79.61000061035156,4245004,78.62901306152344
2026-05-21,79.6500015258789,81.05999755859375,79.55000305175781,80.26000213623047,3662479,79.27100372314453
2026-05-22,79.41999816894531,79.8499984741211,78.12000274658203,78.6500015258789,3937825,77.68083953857422
2026-05-25,77.1500015258789,77.79000091552734,76.76000213623047,77.66999816894531,2529390,76.7129135131836
2026-05-26,77.91999816894531,78.81999969482422,77.16999816894531,78.22000122070312,3114821,77.25614166259766
2026-05-27,77.05000305175781,77.27999877929688,74.62999725341797,75.41999816894531,6076086,74.49063873291016
2026-05-28,75.62000274658203,76.16000366210938,74.77999877929688,75.41999816894531,4119881,74.49063873291016
2026-05-29,74.91999816894531,75.66999816894531,74.70999908447266,75.18000030517578,10658194,74.25360107421875
2026-06-01,75.37000274658203,76.94000244140625,75.30999755859375,76.37999725341797,4516364,75.43881225585938
2026-06-02,75.63999938964844,76.7699966430664,75.58999633789062,76.6500015258789,2949025,75.70549011230469
2026-06-03,76.76000213623047,77.87999725341797,76.66999816894531,77.58000183105469,3563084,76.62403106689453
2026-06-04,76.76000213623047,77.58000183105469,76.73999786376953,77.37999725341797,2602618,76.4264907836914
2026-06-05,77.5199966430664,77.86000061035156,76.82499694824219,77.37000274658203,2341948,76.41661834716797
2026-06-08,78.0,78.86000061035156,77.19999694824219,77.33999633789062,3198799,76.38697814941406
2026-06-09,76.86000061035156,77.4800033569336,76.05999755859375,76.47000122070312,3334348,75.52770233154297
2026-06-10,76.58999633789062,77.54000091552734,76.5199966430664,77.23999786376953,4532634,76.28821563720703
2026-06-11,77.33000183105469,78.88999938964844,77.33000183105469,78.0,4025834,77.03884887695312
2026-06-12,75.79000091552734,76.51000213623047,74.4800033569336,76.37999725341797,5078966,75.43881225585938
2026-06-15,73.1500015258789,73.4000015258789,71.62999725341797,73.0,7437948,72.1004638671875
2026-06-16,73.0,73.5199966430664,72.5999984741211,73.05000305175781,4172430,72.14984893798828
2026-06-17,72.5,72.91999816894531,71.87999725341797,72.20999908447266,4335496,71.32019805908203
2026-06-18,71.8499984741211,72.16000366210938,70.16999816894531,70.33999633789062,7855068,69.47323608398438
2026-06-19,71.19000244140625,71.66999816894531,70.73999786376953,71.06999969482422,15197539,70.19424438476562
2026-06-22,71.37999725341797,71.5999984741211,70.25,70.91999816894531,4981316,70.04608917236328
2026-06-23,71.4000015258789,71.5199966430664,70.37000274658203,70.80999755859375,4444825,69.93744659423828
2026-06-24,70.9000015258789,70.95999908447266,69.01000213623047,69.51000213623047,3719873,68.65347290039062
2026-06-25,68.9000015258789,69.30000305175781,68.38999938964844,69.2699966430664,3978965,68.41641998291016
2026-06-26,69.0,69.12999725341797,68.19999694824219,68.36000061035156,3251368,67.51763916015625
2026-06-29,68.4000015258789,69.16999816894531,67.95999908447266,68.9800033569336,3713107,68.1300048828125
2026-06-30,67.45999908447266,68.13999938964844,67.44999694824219,68.02999877929688,4519393,68.02999877929688
2026-07-01,67.73999786376953,67.83999633789062,65.77999877929688,65.91999816894531,4276020,65.91999816894531
2026-07-02,65.80000305175781,67.05999755859375,65.75,66.87999725341797,3983648,66.87999725341797
2026-07-03,67.1500015258789,67.2300033569336,66.52999877929688,66.94000244140625,2065342,66.94000244140625
2026-07-06,67.12999725341797,67.23999786376953,66.38999938964844,67.1500015258789,2519578,67.1500015258789
2026-07-07,67.19999694824219,68.33000183105469,67.19000244140625,67.77999877929688,2899362,67.77999877929688
2026-07-08,68.87000274658203,70.08999633789062,68.25,69.3499984741211,6185160,69.3499984741211
2026-07-09,68.88999938964844,69.25,68.37999725341797,68.81999969482422,2774546,68.81999969482422
2026-07-10,68.5999984741211,68.94000244140625,68.13999938964844,68.37999725341797,2213998,68.37999725341797
2026-07-13,69.81999969482422,70.45999908447266,69.41000366210938,70.41999816894531,2410906,70.41999816894531
2026-07-14,71.5999984741211,72.04000091552734,70.76000213623047,71.19999694824219,3187988,71.19999694824219
2026-07-15,71.05999755859375,71.48999786376953,70.5,70.63999938964844,3592007,70.63999938964844
2026-07-16,69.69999694824219,69.72000122070312,68.56999969482422,69.58999633789062,3793921,69.58999633789062
2026-07-17,69.4000015258789,70.72000122070312,69.37999725341797,70.51000213623047,3832443,70.51000213623047
2026-07-20,71.45999908447266,71.9000015258789,70.25,71.13999938964844,3812462,71.13999938964844
2026-07-21,71.9000015258789,72.80999755859375,71.83000183105469,72.80999755859375,3925821,72.80999755859375
2026-07-22,73.55999755859375,74.83999633789062,73.36000061035156,74.29000091552734,4805659,74.29000091552734
2026-07-23,74.91999816894531,76.68000030517578,74.52999877929688,76.18000030517578,5177504,76.18000030517578
2026-07-24,76.4800033569336,76.62000274658203,75.38999938964844,75.9000015258789,3383133,75.9000015258789
